record_id,task_id,run_id,record_type,player,canonical_player_id,team,game,edition,source_player_name,source_team,source_position,source_rank,source_card_type,attribute_name,attribute_value,source_url,source_table_index,source_row_number,source_row_fingerprint,collected_at_utc,http_status,acquisition_status,acceptance_status,exclusion_or_decision_reason,error_type,error_message,attempted_routes,parser_version
SP-055-RUN2-2025S2-51255138-2bce830b21e2775f,SP-055,speed-prospi-gamex-run2-20260813,MATCHED_CARD,中川 圭太,51255138,オリックス・バファローズ,Pro Yakyuu Spirits A,2025 Series 2,中川圭太,オリックス,一塁,S,レギュラー,走力,74,https://gamex.jp/prospi-top/prospi-players/prospi-players-2025-s2,0,10,2bce830b21e2775f,2026-08-13T11:08:01.977764Z,200,RETRIEVED,ACCEPTED_FOR_EXTERNAL_GAME_LANE,Exact player-name (or documented source alias) and mapped-team match in gamex hitter table; published 走力 captured without conversion.,,,https://gamex.jp/prospi-top/prospi-players/prospi-players-2025-s2,1.0.0
SP-055-RUN2-2025S2-51255138-c4a7f439899b06cb,SP-055,speed-prospi-gamex-run2-20260813,MATCHED_CARD,中川 圭太,51255138,オリックス・バファローズ,Pro Yakyuu Spirits A,2025 Series 2,中川圭太,オリックス,一塁,S,スペシャルセレクション,走力,75,https://gamex.jp/prospi-top/prospi-players/prospi-players-2025-s2,0,128,c4a7f439899b06cb,2026-08-13T11:08:01.977764Z,200,RETRIEVED,ACCEPTED_FOR_EXTERNAL_GAME_LANE,Exact player-name (or documented source alias) and mapped-team match in gamex hitter table; published 走力 captured without conversion.,,,https://gamex.jp/prospi-top/prospi-players/prospi-players-2025-s2,1.0.0
SP-055-RUN2-2025S2-91395138-NOTFOUND,SP-055,speed-prospi-gamex-run2-20260813,PLAYER_OUTCOME,太田 椋,91395138,オリックス・バファローズ,Pro Yakyuu Spirits A,2025 Series 2,,,,,,走力,,https://gamex.jp/prospi-top/prospi-players/prospi-players-2025-s2,,,,2026-08-13T11:08:01.977764Z,200,NOT_FOUND,NOT_ACCEPTED_NO_VALUE,"Edition page was reached and parsed, but no exact player-name (or documented source alias) plus mapped-team match was present in its hitter table; no value inferred.",,,https://gamex.jp/prospi-top/prospi-players/prospi-players-2025-s2,1.0.0
SP-055-RUN2-2025S2-11815130-1eaae146fdc9ebde,SP-055,speed-prospi-gamex-run2-20260813,MATCHED_CARD,宗 佑磨,11815130,オリックス・バファローズ,Pro Yakyuu Spirits A,2025 Series 2,宗佑磨,オリックス,三塁,S,レギュラー,走力,79,https://gamex.jp/prospi-top/prospi-players/prospi-players-2025-s2,0,12,1eaae146fdc9ebde,2026-08-13T11:08:01.977764Z,200,RETRIEVED,ACCEPTED_FOR_EXTERNAL_GAME_LANE,Exact player-name (or documented source alias) and mapped-team match in gamex hitter table; published 走力 captured without conversion.,,,https://gamex.jp/prospi-top/prospi-players/prospi-players-2025-s2,1.0.0
SP-055-RUN2-2025S2-51955153-NOTFOUND,SP-055,speed-prospi-gamex-run2-20260813,PLAYER_OUTCOME,来田 涼斗,51955153,オリックス・バファローズ,Pro Yakyuu Spirits A,2025 Series 2,,,,,,走力,,https://gamex.jp/prospi-top/prospi-players/prospi-players-2025-s2,,,,2026-08-13T11:08:01.977764Z,200,NOT_FOUND,NOT_ACCEPTED_NO_VALUE,"Edition page was reached and parsed, but no exact player-name (or documented source alias) plus mapped-team match was present in its hitter table; no value inferred.",,,https://gamex.jp/prospi-top/prospi-players/prospi-players-2025-s2,1.0.0
SP-055-RUN2-2025S2-91495139-e8e6579f066ce6c7,SP-055,speed-prospi-gamex-run2-20260813,MATCHED_CARD,森 友哉,91495139,オリックス・バファローズ,Pro Yakyuu Spirits A,2025 Series 2,森友哉,オリックス,捕手,S,レギュラー,走力,76,https://gamex.jp/prospi-top/prospi-players/prospi-players-2025-s2,0,14,e8e6579f066ce6c7,2026-08-13T11:08:01.977764Z,200,RETRIEVED,ACCEPTED_FOR_EXTERNAL_GAME_LANE,Exact player-name (or documented source alias) and mapped-team match in gamex hitter table; published 走力 captured without conversion.,,,https://gamex.jp/prospi-top/prospi-players/prospi-players-2025-s2,1.0.0
SP-055-RUN2-2025S2-91495139-eb06a1df4620961f,SP-055,speed-prospi-gamex-run2-20260813,MATCHED_CARD,森 友哉,91495139,オリックス・バファローズ,Pro Yakyuu Spirits A,2025 Series 2,森友哉,オリックス,捕手,S,アニバーサリーセレクション,走力,77,https://gamex.jp/prospi-top/prospi-players/prospi-players-2025-s2,0,106,eb06a1df4620961f,2026-08-13T11:08:01.977764Z,200,RETRIEVED,ACCEPTED_FOR_EXTERNAL_GAME_LANE,Exact player-name (or documented source alias) and mapped-team match in gamex hitter table; published 走力 captured without conversion.,,,https://gamex.jp/prospi-top/prospi-players/prospi-players-2025-s2,1.0.0
SP-055-RUN2-2025S2-91995151-4c5d854bef1a0092,SP-055,speed-prospi-gamex-run2-20260813,MATCHED_CARD,紅林 弘太郎,91995151,オリックス・バファローズ,Pro Yakyuu Spirits A,2025 Series 2,紅林弘太郎,オリックス,三塁,S,レギュラー,走力,69,https://gamex.jp/prospi-top/prospi-players/prospi-players-2025-s2,0,16,4c5d854bef1a0092,2026-08-13T11:08:01.977764Z,200,RETRIEVED,ACCEPTED_FOR_EXTERNAL_GAME_LANE,Exact player-name (or documented source alias) and mapped-team match in gamex hitter table; published 走力 captured without conversion.,,,https://gamex.jp/prospi-top/prospi-players/prospi-players-2025-s2,1.0.0
SP-055-RUN2-2025S2-91995151-0be830d0bf239c15,SP-055,speed-prospi-gamex-run2-20260813,MATCHED_CARD,紅林 弘太郎,91995151,オリックス・バファローズ,Pro Yakyuu Spirits A,2025 Series 2,紅林弘太郎,オリックス,三塁,S,スペシャルセレクション,走力,70,https://gamex.jp/prospi-top/prospi-players/prospi-players-2025-s2,0,129,0be830d0bf239c15,2026-08-13T11:08:01.977764Z,200,RETRIEVED,ACCEPTED_FOR_EXTERNAL_GAME_LANE,Exact player-name (or documented source alias) and mapped-team match in gamex hitter table; published 走力 captured without conversion.,,,https://gamex.jp/prospi-top/prospi-players/prospi-players-2025-s2,1.0.0
SP-055-RUN2-2025S2-41645139-99c9fbaf9ac9f623,SP-055,speed-prospi-gamex-run2-20260813,MATCHED_CARD,若月 健矢,41645139,オリックス・バファローズ,Pro Yakyuu Spirits A,2025 Series 2,若月健矢,オリックス,捕手,S,スペシャルセレクション,走力,62,https://gamex.jp/prospi-top/prospi-players/prospi-players-2025-s2,0,130,99c9fbaf9ac9f623,2026-08-13T11:08:01.977764Z,200,RETRIEVED,ACCEPTED_FOR_EXTERNAL_GAME_LANE,Exact player-name (or documented source alias) and mapped-team match in gamex hitter table; published 走力 captured without conversion.,,,https://gamex.jp/prospi-top/prospi-players/prospi-players-2025-s2,1.0.0
SP-055-RUN2-2025S2-41645139-ef5f22b3e49496b2,SP-055,speed-prospi-gamex-run2-20260813,MATCHED_CARD,若月 健矢,41645139,オリックス・バファローズ,Pro Yakyuu Spirits A,2025 Series 2,若月健矢,オリックス,野手,S,侍ジャパンセレクション,走力,71,https://gamex.jp/prospi-top/prospi-players/prospi-players-2025-s2,0,212,ef5f22b3e49496b2,2026-08-13T11:08:01.977764Z,200,RETRIEVED,ACCEPTED_FOR_EXTERNAL_GAME_LANE,Exact player-name (or documented source alias) and mapped-team match in gamex hitter table; published 走力 captured without conversion.,,,https://gamex.jp/prospi-top/prospi-players/prospi-players-2025-s2,1.0.0
SP-055-RUN2-2025S2-71475132-01932d7a28efdcff,SP-055,speed-prospi-gamex-run2-20260813,MATCHED_CARD,西川 龍馬,71475132,オリックス・バファローズ,Pro Yakyuu Spirits A,2025 Series 2,西川龍馬,オリックス,外野,S,レギュラー,走力,76,https://gamex.jp/prospi-top/prospi-players/prospi-players-2025-s2,0,17,01932d7a28efdcff,2026-08-13T11:08:01.977764Z,200,RETRIEVED,ACCEPTED_FOR_EXTERNAL_GAME_LANE,Exact player-name (or documented source alias) and mapped-team match in gamex hitter table; published 走力 captured without conversion.,,,https://gamex.jp/prospi-top/prospi-players/prospi-players-2025-s2,1.0.0
SP-055-RUN2-2025S2-91495130-0e67f6ee9fb50ea5,SP-055,speed-prospi-gamex-run2-20260813,MATCHED_CARD,西野 真弘,91495130,オリックス・バファローズ,Pro Yakyuu Spirits A,2025 Series 2,西野真弘,オリックス,二塁,S,レギュラー,走力,76,https://gamex.jp/prospi-top/prospi-players/prospi-players-2025-s2,0,18,0e67f6ee9fb50ea5,2026-08-13T11:08:01.977764Z,200,RETRIEVED,ACCEPTED_FOR_EXTERNAL_GAME_LANE,Exact player-name (or documented source alias) and mapped-team match in gamex hitter table; published 走力 captured without conversion.,,,https://gamex.jp/prospi-top/prospi-players/prospi-players-2025-s2,1.0.0
SP-055-RUN2-2025S2-93795157-NOTFOUND,SP-055,speed-prospi-gamex-run2-20260813,PLAYER_OUTCOME,カリステ,93795157,中日ドラゴンズ,Pro Yakyuu Spirits A,2025 Series 2,,,,,,走力,,https://gamex.jp/prospi-top/prospi-players/prospi-players-2025-s2,,,,2026-08-13T11:08:01.977764Z,200,NOT_FOUND,NOT_ACCEPTED_NO_VALUE,"Edition page was reached and parsed, but no exact player-name (or documented source alias) plus mapped-team match was present in its hitter table; no value inferred.",,,https://gamex.jp/prospi-top/prospi-players/prospi-players-2025-s2,1.0.0
SP-055-RUN2-2025S2-51455153-NOTFOUND,SP-055,speed-prospi-gamex-run2-20260813,PLAYER_OUTCOME,土田 龍空,51455153,中日ドラゴンズ,Pro Yakyuu Spirits A,2025 Series 2,,,,,,走力,,https://gamex.jp/prospi-top/prospi-players/prospi-players-2025-s2,,,,2026-08-13T11:08:01.977764Z,200,NOT_FOUND,NOT_ACCEPTED_NO_VALUE,"Edition page was reached and parsed, but no exact player-name (or documented source alias) plus mapped-team match was present in its hitter table; no value inferred.",,,https://gamex.jp/prospi-top/prospi-players/prospi-players-2025-s2,1.0.0
SP-055-RUN2-2025S2-01305131-NOTFOUND,SP-055,speed-prospi-gamex-run2-20260813,PLAYER_OUTCOME,大島 洋平,01305131,中日ドラゴンズ,Pro Yakyuu Spirits A,2025 Series 2,,,,,,走力,,https://gamex.jp/prospi-top/prospi-players/prospi-players-2025-s2,,,,2026-08-13T11:08:01.977764Z,200,NOT_FOUND,NOT_ACCEPTED_NO_VALUE,"Edition page was reached and parsed, but no exact player-name (or documented source alias) plus mapped-team match was present in its hitter table; no value inferred.",,,https://gamex.jp/prospi-top/prospi-players/prospi-players-2025-s2,1.0.0
SP-055-RUN2-2025S2-81585151-a902d3d82d52dab7,SP-055,speed-prospi-gamex-run2-20260813,MATCHED_CARD,岡林 勇希,81585151,中日ドラゴンズ,Pro Yakyuu Spirits A,2025 Series 2,岡林勇希,中日,外野,S,レギュラー,走力,80,https://gamex.jp/prospi-top/prospi-players/prospi-players-2025-s2,0,49,a902d3d82d52dab7,2026-08-13T11:08:01.977764Z,200,RETRIEVED,ACCEPTED_FOR_EXTERNAL_GAME_LANE,Exact player-name (or documented source alias) and mapped-team match in gamex hitter table; published 走力 captured without conversion.,,,https://gamex.jp/prospi-top/prospi-players/prospi-players-2025-s2,1.0.0
SP-055-RUN2-2025S2-81585151-ee7f311878a0140f,SP-055,speed-prospi-gamex-run2-20260813,MATCHED_CARD,岡林 勇希,81585151,中日ドラゴンズ,Pro Yakyuu Spirits A,2025 Series 2,岡林勇希,中日,外野,S,スペシャルセレクション,走力,81,https://gamex.jp/prospi-top/prospi-players/prospi-players-2025-s2,0,141,ee7f311878a0140f,2026-08-13T11:08:01.977764Z,200,RETRIEVED,ACCEPTED_FOR_EXTERNAL_GAME_LANE,Exact player-name (or documented source alias) and mapped-team match in gamex hitter table; published 走力 captured without conversion.,,,https://gamex.jp/prospi-top/prospi-players/prospi-players-2025-s2,1.0.0
SP-055-RUN2-2025S2-31735132-NOTFOUND,SP-055,speed-prospi-gamex-run2-20260813,PLAYER_OUTCOME,木下 拓哉,31735132,中日ドラゴンズ,Pro Yakyuu Spirits A,2025 Series 2,,,,,,走力,,https://gamex.jp/prospi-top/prospi-players/prospi-players-2025-s2,,,,2026-08-13T11:08:01.977764Z,200,NOT_FOUND,NOT_ACCEPTED_NO_VALUE,"Edition page was reached and parsed, but no exact player-name (or documented source alias) plus mapped-team match was present in its hitter table; no value inferred.",,,https://gamex.jp/prospi-top/prospi-players/prospi-players-2025-s2,1.0.0
SP-055-RUN2-2025S2-03105157-c2ddfcc312320345,SP-055,speed-prospi-gamex-run2-20260813,MATCHED_CARD,村松 開人,03105157,中日ドラゴンズ,Pro Yakyuu Spirits A,2025 Series 2,村松開人,中日,二塁,S,レギュラー,走力,78,https://gamex.jp/prospi-top/prospi-players/prospi-players-2025-s2,0,50,c2ddfcc312320345,2026-08-13T11:08:01.977764Z,200,RETRIEVED,ACCEPTED_FOR_EXTERNAL_GAME_LANE,Exact player-name (or documented source alias) and mapped-team match in gamex hitter table; published 走力 captured without conversion.,,,https://gamex.jp/prospi-top/prospi-players/prospi-players-2025-s2,1.0.0
SP-055-RUN2-2025S2-91395132-NOTFOUND,SP-055,speed-prospi-gamex-run2-20260813,PLAYER_OUTCOME,板山 祐太郎,91395132,中日ドラゴンズ,Pro Yakyuu Spirits A,2025 Series 2,,,,,,走力,,https://gamex.jp/prospi-top/prospi-players/prospi-players-2025-s2,,,,2026-08-13T11:08:01.977764Z,200,NOT_FOUND,NOT_ACCEPTED_NO_VALUE,"Edition page was reached and parsed, but no exact player-name (or documented source alias) plus mapped-team match was present in its hitter table; no value inferred.",,,https://gamex.jp/prospi-top/prospi-players/prospi-players-2025-s2,1.0.0
SP-055-RUN2-2025S2-21025157-NOTFOUND,SP-055,speed-prospi-gamex-run2-20260813,PLAYER_OUTCOME,田中 幹也,21025157,中日ドラゴンズ,Pro Yakyuu Spirits A,2025 Series 2,,,,,,走力,,https://gamex.jp/prospi-top/prospi-players/prospi-players-2025-s2,,,,2026-08-13T11:08:01.977764Z,200,NOT_FOUND,NOT_ACCEPTED_NO_VALUE,"Edition page was reached and parsed, but no exact player-name (or documented source alias) plus mapped-team match was present in its hitter table; no value inferred.",,,https://gamex.jp/prospi-top/prospi-players/prospi-players-2025-s2,1.0.0
SP-055-RUN2-2025S2-91195151-5d9293eeb10ac4ec,SP-055,speed-prospi-gamex-run2-20260813,MATCHED_CARD,石川 昂弥,91195151,中日ドラゴンズ,Pro Yakyuu Spirits A,2025 Series 2,石川昂弥,中日,三塁,S,ジュニアスカウト,走力,66,https://gamex.jp/prospi-top/prospi-players/prospi-players-2025-s2,0,230,5d9293eeb10ac4ec,2026-08-13T11:08:01.977764Z,200,RETRIEVED,ACCEPTED_FOR_EXTERNAL_GAME_LANE,Exact player-name (or documented source alias) and mapped-team match in gamex hitter table; published 走力 captured without conversion.,,,https://gamex.jp/prospi-top/prospi-players/prospi-players-2025-s2,1.0.0
SP-055-RUN2-2025S2-81685157-NOTFOUND,SP-055,speed-prospi-gamex-run2-20260813,PLAYER_OUTCOME,福永 裕基,81685157,中日ドラゴンズ,Pro Yakyuu Spirits A,2025 Series 2,,,,,,走力,,https://gamex.jp/prospi-top/prospi-players/prospi-players-2025-s2,,,,2026-08-13T11:08:01.977764Z,200,NOT_FOUND,NOT_ACCEPTED_NO_VALUE,"Edition page was reached and parsed, but no exact player-name (or documented source alias) plus mapped-team match was present in its hitter table; no value inferred.",,,https://gamex.jp/prospi-top/prospi-players/prospi-players-2025-s2,1.0.0
SP-055-RUN2-2025S2-31835134-NOTFOUND,SP-055,speed-prospi-gamex-run2-20260813,PLAYER_OUTCOME,細川 成也,31835134,中日ドラゴンズ,Pro Yakyuu Spirits A,2025 Series 2,,,,,,走力,,https://gamex.jp/prospi-top/prospi-players/prospi-players-2025-s2,,,,2026-08-13T11:08:01.977764Z,200,NOT_FOUND,NOT_ACCEPTED_NO_VALUE,"Edition page was reached and parsed, but no exact player-name (or documented source alias) plus mapped-team match was present in its hitter table; no value inferred.",,,https://gamex.jp/prospi-top/prospi-players/prospi-players-2025-s2,1.0.0
SP-055-RUN2-2025S2-91095135-a991467f3aada548,SP-055,speed-prospi-gamex-run2-20260813,MATCHED_CARD,高橋 周平,91095135,中日ドラゴンズ,Pro Yakyuu Spirits A,2025 Series 2,高橋周平,中日,二塁,S,レギュラー,走力,64,https://gamex.jp/prospi-top/prospi-players/prospi-players-2025-s2,0,52,a991467f3aada548,2026-08-13T11:08:01.977764Z,200,RETRIEVED,ACCEPTED_FOR_EXTERNAL_GAME_LANE,Exact player-name (or documented source alias) and mapped-team match in gamex hitter table; published 走力 captured without conversion.,,,https://gamex.jp/prospi-top/prospi-players/prospi-players-2025-s2,1.0.0
SP-055-RUN2-2025S2-31435157-NOTFOUND,SP-055,speed-prospi-gamex-run2-20260813,PLAYER_OUTCOME,奈良間 大己,31435157,北海道日本ハムファイターズ,Pro Yakyuu Spirits A,2025 Series 2,,,,,,走力,,https://gamex.jp/prospi-top/prospi-players/prospi-players-2025-s2,,,,2026-08-13T11:08:01.977764Z,200,NOT_FOUND,NOT_ACCEPTED_NO_VALUE,"Edition page was reached and parsed, but no exact player-name (or documented source alias) plus mapped-team match was present in its hitter table; no value inferred.",,,https://gamex.jp/prospi-top/prospi-players/prospi-players-2025-s2,1.0.0
SP-055-RUN2-2025S2-63165155-4c4338c87c4d87e5,SP-055,speed-prospi-gamex-run2-20260813,MATCHED_CARD,水野 達稀,63165155,北海道日本ハムファイターズ,Pro Yakyuu Spirits A,2025 Series 2,水野達稀,日本ハム,二塁,S,レギュラー,走力,74,https://gamex.jp/prospi-top/prospi-players/prospi-players-2025-s2,0,77,4c4338c87c4d87e5,2026-08-13T11:08:01.977764Z,200,RETRIEVED,ACCEPTED_FOR_EXTERNAL_GAME_LANE,Exact player-name (or documented source alias) and mapped-team match in gamex hitter table; published 走力 captured without conversion.,,,https://gamex.jp/prospi-top/prospi-players/prospi-players-2025-s2,1.0.0
SP-055-RUN2-2025S2-41545136-040dc67a43992276,SP-055,speed-prospi-gamex-run2-20260813,MATCHED_CARD,清宮 幸太郎,41545136,北海道日本ハムファイターズ,Pro Yakyuu Spirits A,2025 Series 2,清宮幸太郎,日本ハム,一塁,S,レギュラー,走力,63,https://gamex.jp/prospi-top/prospi-players/prospi-players-2025-s2,0,78,040dc67a43992276,2026-08-13T11:08:01.977764Z,200,RETRIEVED,ACCEPTED_FOR_EXTERNAL_GAME_LANE,Exact player-name (or documented source alias) and mapped-team match in gamex hitter table; published 走力 captured without conversion.,,,https://gamex.jp/prospi-top/prospi-players/prospi-players-2025-s2,1.0.0
SP-055-RUN2-2025S2-41545136-997a03a8da32a00c,SP-055,speed-prospi-gamex-run2-20260813,MATCHED_CARD,清宮 幸太郎,41545136,北海道日本ハムファイターズ,Pro Yakyuu Spirits A,2025 Series 2,清宮幸太郎,日本ハム,一塁,S,アニバーサリーセレクション,走力,64,https://gamex.jp/prospi-top/prospi-players/prospi-players-2025-s2,0,119,997a03a8da32a00c,2026-08-13T11:08:01.977764Z,200,RETRIEVED,ACCEPTED_FOR_EXTERNAL_GAME_LANE,Exact player-name (or documented source alias) and mapped-team match in gamex hitter table; published 走力 captured without conversion.,,,https://gamex.jp/prospi-top/prospi-players/prospi-players-2025-s2,1.0.0
SP-055-RUN2-2025S2-41545136-73ce448ca2c209d5,SP-055,speed-prospi-gamex-run2-20260813,MATCHED_CARD,清宮 幸太郎,41545136,北海道日本ハムファイターズ,Pro Yakyuu Spirits A,2025 Series 2,清宮幸太郎,日本ハム,一塁,S,スペシャルセレクション,走力,64,https://gamex.jp/prospi-top/prospi-players/prospi-players-2025-s2,0,148,73ce448ca2c209d5,2026-08-13T11:08:01.977764Z,200,RETRIEVED,ACCEPTED_FOR_EXTERNAL_GAME_LANE,Exact player-name (or documented source alias) and mapped-team match in gamex hitter table; published 走力 captured without conversion.,,,https://gamex.jp/prospi-top/prospi-players/prospi-players-2025-s2,1.0.0
SP-055-RUN2-2025S2-51055138-071aa93e6c54aabb,SP-055,speed-prospi-gamex-run2-20260813,MATCHED_CARD,田宮 裕涼,51055138,北海道日本ハムファイターズ,Pro Yakyuu Spirits A,2025 Series 2,田宮裕涼,日本ハム,外野,S,レギュラー,走力,73,https://gamex.jp/prospi-top/prospi-players/prospi-players-2025-s2,0,79,071aa93e6c54aabb,2026-08-13T11:08:01.977764Z,200,RETRIEVED,ACCEPTED_FOR_EXTERNAL_GAME_LANE,Exact player-name (or documented source alias) and mapped-team match in gamex hitter table; published 走力 captured without conversion.,,,https://gamex.jp/prospi-top/prospi-players/prospi-players-2025-s2,1.0.0
SP-055-RUN2-2025S2-21925151-5882e05d66a484a5,SP-055,speed-prospi-gamex-run2-20260813,MATCHED_CARD,郡司 裕也,21925151,北海道日本ハムファイターズ,Pro Yakyuu Spirits A,2025 Series 2,郡司裕也,日本ハム,捕手,S,レギュラー,走力,69,https://gamex.jp/prospi-top/prospi-players/prospi-players-2025-s2,0,80,5882e05d66a484a5,2026-08-13T11:08:01.977764Z,200,RETRIEVED,ACCEPTED_FOR_EXTERNAL_GAME_LANE,Exact player-name (or documented source alias) and mapped-team match in gamex hitter table; published 走力 captured without conversion.,,,https://gamex.jp/prospi-top/prospi-players/prospi-players-2025-s2,1.0.0
SP-055-RUN2-2025S2-31435138-546aadaab0665cc2,SP-055,speed-prospi-gamex-run2-20260813,MATCHED_CARD,野村 佑希,31435138,北海道日本ハムファイターズ,Pro Yakyuu Spirits A,2025 Series 2,野村佑希,日本ハム,三塁,S,レギュラー,走力,65,https://gamex.jp/prospi-top/prospi-players/prospi-players-2025-s2,0,81,546aadaab0665cc2,2026-08-13T11:08:01.977764Z,200,RETRIEVED,ACCEPTED_FOR_EXTERNAL_GAME_LANE,Exact player-name (or documented source alias) and mapped-team match in gamex hitter table; published 走力 captured without conversion.,,,https://gamex.jp/prospi-top/prospi-players/prospi-players-2025-s2,1.0.0
SP-055-RUN2-2025S2-03505133-NOTFOUND,SP-055,speed-prospi-gamex-run2-20260813,PLAYER_OUTCOME,ソト,03505133,千葉ロッテマリーンズ,Pro Yakyuu Spirits A,2025 Series 2,,,,,,走力,,https://gamex.jp/prospi-top/prospi-players/prospi-players-2025-s2,,,,2026-08-13T11:08:01.977764Z,200,NOT_FOUND,NOT_ACCEPTED_NO_VALUE,"Edition page was reached and parsed, but no exact player-name (or documented source alias) plus mapped-team match was present in its hitter table; no value inferred.",,,https://gamex.jp/prospi-top/prospi-players/prospi-players-2025-s2,1.0.0
SP-055-RUN2-2025S2-63065155-NOTFOUND,SP-055,speed-prospi-gamex-run2-20260813,PLAYER_OUTCOME,ポランコ,63065155,千葉ロッテマリーンズ,Pro Yakyuu Spirits A,2025 Series 2,,,,,,走力,,https://gamex.jp/prospi-top/prospi-players/prospi-players-2025-s2,,,,2026-08-13T11:08:01.977764Z,200,NOT_FOUND,NOT_ACCEPTED_NO_VALUE,"Edition page was reached and parsed, but no exact player-name (or documented source alias) plus mapped-team match was present in its hitter table; no value inferred.",,,https://gamex.jp/prospi-top/prospi-players/prospi-players-2025-s2,1.0.0
SP-055-RUN2-2025S2-71075151-3dff5c7fd5b723de,SP-055,speed-prospi-gamex-run2-20260813,MATCHED_CARD,佐藤 都志也,71075151,千葉ロッテマリーンズ,Pro Yakyuu Spirits A,2025 Series 2,佐藤都志也,ロッテ,一塁,S,レギュラー,走力,75,https://gamex.jp/prospi-top/prospi-players/prospi-players-2025-s2,0,42,3dff5c7fd5b723de,2026-08-13T11:08:01.977764Z,200,RETRIEVED,ACCEPTED_FOR_EXTERNAL_GAME_LANE,Exact player-name (or documented source alias) and mapped-team match in gamex hitter table; published 走力 captured without conversion.,,,https://gamex.jp/prospi-top/prospi-players/prospi-players-2025-s2,1.0.0
SP-055-RUN2-2025S2-71275157-0b3085c2fa47cbee,SP-055,speed-prospi-gamex-run2-20260813,MATCHED_CARD,友杉 篤輝,71275157,千葉ロッテマリーンズ,Pro Yakyuu Spirits A,2025 Series 2,友杉篤輝,ロッテ,遊撃,S,レギュラー,走力,80,https://gamex.jp/prospi-top/prospi-players/prospi-players-2025-s2,0,43,0b3085c2fa47cbee,2026-08-13T11:08:01.977764Z,200,RETRIEVED,ACCEPTED_FOR_EXTERNAL_GAME_LANE,Exact player-name (or documented source alias) and mapped-team match in gamex hitter table; published 走力 captured without conversion.,,,https://gamex.jp/prospi-top/prospi-players/prospi-players-2025-s2,1.0.0
SP-055-RUN2-2025S2-81885136-635b65b573e0b19c,SP-055,speed-prospi-gamex-run2-20260813,MATCHED_CARD,安田 尚憲,81885136,千葉ロッテマリーンズ,Pro Yakyuu Spirits A,2025 Series 2,安田尚憲,ロッテ,一塁,S,レギュラー,走力,63,https://gamex.jp/prospi-top/prospi-players/prospi-players-2025-s2,0,44,635b65b573e0b19c,2026-08-13T11:08:01.977764Z,200,RETRIEVED,ACCEPTED_FOR_EXTERNAL_GAME_LANE,Exact player-name (or documented source alias) and mapped-team match in gamex hitter table; published 走力 captured without conversion.,,,https://gamex.jp/prospi-top/prospi-players/prospi-players-2025-s2,1.0.0
SP-055-RUN2-2025S2-11715153-NOTFOUND,SP-055,speed-prospi-gamex-run2-20260813,PLAYER_OUTCOME,小川 龍成,11715153,千葉ロッテマリーンズ,Pro Yakyuu Spirits A,2025 Series 2,,,,,,走力,,https://gamex.jp/prospi-top/prospi-players/prospi-players-2025-s2,,,,2026-08-13T11:08:01.977764Z,200,NOT_FOUND,NOT_ACCEPTED_NO_VALUE,"Edition page was reached and parsed, but no exact player-name (or documented source alias) plus mapped-team match was present in its hitter table; no value inferred.",,,https://gamex.jp/prospi-top/prospi-players/prospi-players-2025-s2,1.0.0
SP-055-RUN2-2025S2-91895138-NOTFOUND,SP-055,speed-prospi-gamex-run2-20260813,PLAYER_OUTCOME,山口 航輝,91895138,千葉ロッテマリーンズ,Pro Yakyuu Spirits A,2025 Series 2,,,,,,走力,,https://gamex.jp/prospi-top/prospi-players/prospi-players-2025-s2,,,,2026-08-13T11:08:01.977764Z,200,NOT_FOUND,NOT_ACCEPTED_NO_VALUE,"Edition page was reached and parsed, but no exact player-name (or documented source alias) plus mapped-team match was present in its hitter table; no value inferred.",,,https://gamex.jp/prospi-top/prospi-players/prospi-players-2025-s2,1.0.0
SP-055-RUN2-2025S2-11515139-NOTFOUND,SP-055,speed-prospi-gamex-run2-20260813,PLAYER_OUTCOME,岡 大海,11515139,千葉ロッテマリーンズ,Pro Yakyuu Spirits A,2025 Series 2,,,,,,走力,,https://gamex.jp/prospi-top/prospi-players/prospi-players-2025-s2,,,,2026-08-13T11:08:01.977764Z,200,NOT_FOUND,NOT_ACCEPTED_NO_VALUE,"Edition page was reached and parsed, but no exact player-name (or documented source alias) plus mapped-team match was present in its hitter table; no value inferred.",,,https://gamex.jp/prospi-top/prospi-players/prospi-players-2025-s2,1.0.0
SP-055-RUN2-2025S2-31635138-25061827d2764262,SP-055,speed-prospi-gamex-run2-20260813,MATCHED_CARD,藤原 恭大,31635138,千葉ロッテマリーンズ,Pro Yakyuu Spirits A,2025 Series 2,藤原恭大,ロッテ,外野,S,スペシャルセレクション,走力,81,https://gamex.jp/prospi-top/prospi-players/prospi-players-2025-s2,0,137,25061827d2764262,2026-08-13T11:08:01.977764Z,200,RETRIEVED,ACCEPTED_FOR_EXTERNAL_GAME_LANE,Exact player-name (or documented source alias) and mapped-team match in gamex hitter table; published 走力 captured without conversion.,,,https://gamex.jp/prospi-top/prospi-players/prospi-players-2025-s2,1.0.0
SP-055-RUN2-2025S2-41645136-NOTFOUND,SP-055,speed-prospi-gamex-run2-20260813,PLAYER_OUTCOME,藤岡 裕大,41645136,千葉ロッテマリーンズ,Pro Yakyuu Spirits A,2025 Series 2,,,,,,走力,,https://gamex.jp/prospi-top/prospi-players/prospi-players-2025-s2,,,,2026-08-13T11:08:01.977764Z,200,NOT_FOUND,NOT_ACCEPTED_NO_VALUE,"Edition page was reached and parsed, but no exact player-name (or documented source alias) plus mapped-team match was present in its hitter table; no value inferred.",,,https://gamex.jp/prospi-top/prospi-players/prospi-players-2025-s2,1.0.0
SP-055-RUN2-2025S2-11215151-92bb3fa2f205792d,SP-055,speed-prospi-gamex-run2-20260813,MATCHED_CARD,髙部 瑛斗,11215151,千葉ロッテマリーンズ,Pro Yakyuu Spirits A,2025 Series 2,髙部瑛斗,ロッテ,外野,S,レギュラー,走力,84,https://gamex.jp/prospi-top/prospi-players/prospi-players-2025-s2,0,47,92bb3fa2f205792d,2026-08-13T11:08:01.977764Z,200,RETRIEVED,ACCEPTED_FOR_EXTERNAL_GAME_LANE,Exact player-name (or documented source alias) and mapped-team match in gamex hitter table; published 走力 captured without conversion.,,,https://gamex.jp/prospi-top/prospi-players/prospi-players-2025-s2,1.0.0
SP-055-RUN2-2025S2-81785155-NOTFOUND,SP-055,speed-prospi-gamex-run2-20260813,PLAYER_OUTCOME,古賀 悠斗,81785155,埼玉西武ライオンズ,Pro Yakyuu Spirits A,2025 Series 2,,,,,,走力,,https://gamex.jp/prospi-top/prospi-players/prospi-players-2025-s2,,,,2026-08-13T11:08:01.977764Z,200,NOT_FOUND,NOT_ACCEPTED_NO_VALUE,"Edition page was reached and parsed, but no exact player-name (or documented source alias) plus mapped-team match was present in its hitter table; no value inferred.",,,https://gamex.jp/prospi-top/prospi-players/prospi-players-2025-s2,1.0.0
SP-055-RUN2-2025S2-41245130-7be88b17bab770e0,SP-055,speed-prospi-gamex-run2-20260813,MATCHED_CARD,外崎 修汰,41245130,埼玉西武ライオンズ,Pro Yakyuu Spirits A,2025 Series 2,外崎修汰,西武,二塁,S,レギュラー,走力,79,https://gamex.jp/prospi-top/prospi-players/prospi-players-2025-s2,0,93,7be88b17bab770e0,2026-08-13T11:08:01.977764Z,200,RETRIEVED,ACCEPTED_FOR_EXTERNAL_GAME_LANE,Exact player-name (or documented source alias) and mapped-team match in gamex hitter table; published 走力 captured without conversion.,,,https://gamex.jp/prospi-top/prospi-players/prospi-players-2025-s2,1.0.0
SP-055-RUN2-2025S2-71775134-385f237e5b641a5d,SP-055,speed-prospi-gamex-run2-20260813,MATCHED_CARD,源田 壮亮,71775134,埼玉西武ライオンズ,Pro Yakyuu Spirits A,2025 Series 2,源田壮亮,西武,遊撃,S,レギュラー,走力,81,https://gamex.jp/prospi-top/prospi-players/prospi-players-2025-s2,0,97,385f237e5b641a5d,2026-08-13T11:08:01.977764Z,200,RETRIEVED,ACCEPTED_FOR_EXTERNAL_GAME_LANE,Exact player-name (or documented source alias) and mapped-team match in gamex hitter table; published 走力 captured without conversion.,,,https://gamex.jp/prospi-top/prospi-players/prospi-players-2025-s2,1.0.0
SP-055-RUN2-2025S2-51255155-NOTFOUND,SP-055,speed-prospi-gamex-run2-20260813,PLAYER_OUTCOME,滝澤 夏央,51255155,埼玉西武ライオンズ,Pro Yakyuu Spirits A,2025 Series 2,,,,,,走力,,https://gamex.jp/prospi-top/prospi-players/prospi-players-2025-s2,,,,2026-08-13T11:08:01.977764Z,200,NOT_FOUND,NOT_ACCEPTED_NO_VALUE,"Edition page was reached and parsed, but no exact player-name (or documented source alias) plus mapped-team match was present in its hitter table; no value inferred.",,,https://gamex.jp/prospi-top/prospi-players/prospi-players-2025-s2,1.0.0
SP-055-RUN2-2025S2-21125134-NOTFOUND,SP-055,speed-prospi-gamex-run2-20260813,PLAYER_OUTCOME,石井 一成,21125134,埼玉西武ライオンズ,Pro Yakyuu Spirits A,2025 Series 2,,,,,,走力,,https://gamex.jp/prospi-top/prospi-players/prospi-players-2025-s2,,,,2026-08-13T11:08:01.977764Z,200,NOT_FOUND,NOT_ACCEPTED_NO_VALUE,"Edition page was reached and parsed, but no exact player-name (or documented source alias) plus mapped-team match was present in its hitter table; no value inferred.",,,https://gamex.jp/prospi-top/prospi-players/prospi-players-2025-s2,1.0.0
SP-055-RUN2-2025S2-43745150-383b036dd997bebc,SP-055,speed-prospi-gamex-run2-20260813,MATCHED_CARD,ファビアン,43745150,広島東洋カープ,Pro Yakyuu Spirits A,2025 Series 2,ファビアン,広島,外野,S,レギュラー,走力,69,https://gamex.jp/prospi-top/prospi-players/prospi-players-2025-s2,0,66,383b036dd997bebc,2026-08-13T11:08:01.977764Z,200,RETRIEVED,ACCEPTED_FOR_EXTERNAL_GAME_LANE,Exact player-name (or documented source alias) and mapped-team match in gamex hitter table; published 走力 captured without conversion.,,,https://gamex.jp/prospi-top/prospi-players/prospi-players-2025-s2,1.0.0
SP-055-RUN2-2025S2-53955150-08549ba9538b8b61,SP-055,speed-prospi-gamex-run2-20260813,MATCHED_CARD,モンテロ,53955150,広島東洋カープ,Pro Yakyuu Spirits A,2025 Series 2,モンテロ,広島,一塁,S,レギュラー,走力,62,https://gamex.jp/prospi-top/prospi-players/prospi-players-2025-s2,0,67,08549ba9538b8b61,2026-08-13T11:08:01.977764Z,200,RETRIEVED,ACCEPTED_FOR_EXTERNAL_GAME_LANE,Exact player-name (or documented source alias) and mapped-team match in gamex hitter table; published 走力 captured without conversion.,,,https://gamex.jp/prospi-top/prospi-players/prospi-players-2025-s2,1.0.0
SP-055-RUN2-2025S2--NOTFOUND,SP-055,speed-prospi-gamex-run2-20260813,PLAYER_OUTCOME,名原 典彦,,広島東洋カープ,Pro Yakyuu Spirits A,2025 Series 2,,,,,,走力,,https://gamex.jp/prospi-top/prospi-players/prospi-players-2025-s2,,,,2026-08-13T11:08:01.977764Z,200,NOT_FOUND,NOT_ACCEPTED_NO_VALUE,"Edition page was reached and parsed, but no exact player-name (or documented source alias) plus mapped-team match was present in its hitter table; no value inferred.",,,https://gamex.jp/prospi-top/prospi-players/prospi-players-2025-s2,1.0.0
SP-055-RUN2-2025S2-11915134-88ccb36090821653,SP-055,speed-prospi-gamex-run2-20260813,MATCHED_CARD,坂倉 将吾,11915134,広島東洋カープ,Pro Yakyuu Spirits A,2025 Series 2,坂倉将吾,広島,一塁,S,アニバーサリーセレクション,走力,76,https://gamex.jp/prospi-top/prospi-players/prospi-players-2025-s2,0,118,88ccb36090821653,2026-08-13T11:08:01.977764Z,200,RETRIEVED,ACCEPTED_FOR_EXTERNAL_GAME_LANE,Exact player-name (or documented source alias) and mapped-team match in gamex hitter table; published 走力 captured without conversion.,,,https://gamex.jp/prospi-top/prospi-players/prospi-players-2025-s2,1.0.0
SP-055-RUN2-2025S2-01705138-5f20c0cfdf1975dc,SP-055,speed-prospi-gamex-run2-20260813,MATCHED_CARD,小園 海斗,01705138,広島東洋カープ,Pro Yakyuu Spirits A,2025 Series 2,小園海斗,広島,遊撃,S,レギュラー,走力,78,https://gamex.jp/prospi-top/prospi-players/prospi-players-2025-s2,0,69,5f20c0cfdf1975dc,2026-08-13T11:08:01.977764Z,200,RETRIEVED,ACCEPTED_FOR_EXTERNAL_GAME_LANE,Exact player-name (or documented source alias) and mapped-team match in gamex hitter table; published 走力 captured without conversion.,,,https://gamex.jp/prospi-top/prospi-players/prospi-players-2025-s2,1.0.0
SP-055-RUN2-2025S2-01705138-6497cec9aba53548,SP-055,speed-prospi-gamex-run2-20260813,MATCHED_CARD,小園 海斗,01705138,広島東洋カープ,Pro Yakyuu Spirits A,2025 Series 2,小園海斗,広島,遊撃,S,スペシャルセレクション,走力,79,https://gamex.jp/prospi-top/prospi-players/prospi-players-2025-s2,0,145,6497cec9aba53548,2026-08-13T11:08:01.977764Z,200,RETRIEVED,ACCEPTED_FOR_EXTERNAL_GAME_LANE,Exact player-name (or documented source alias) and mapped-team match in gamex hitter table; published 走力 captured without conversion.,,,https://gamex.jp/prospi-top/prospi-players/prospi-players-2025-s2,1.0.0
SP-055-RUN2-2025S2-01705138-5ff8c2a89e508b24,SP-055,speed-prospi-gamex-run2-20260813,MATCHED_CARD,小園 海斗,01705138,広島東洋カープ,Pro Yakyuu Spirits A,2025 Series 2,小園海斗,広島,野手,S,侍ジャパンセレクション,走力,71,https://gamex.jp/prospi-top/prospi-players/prospi-players-2025-s2,0,218,5ff8c2a89e508b24,2026-08-13T11:08:01.977764Z,200,RETRIEVED,ACCEPTED_FOR_EXTERNAL_GAME_LANE,Exact player-name (or documented source alias) and mapped-team match in gamex hitter table; published 走力 captured without conversion.,,,https://gamex.jp/prospi-top/prospi-players/prospi-players-2025-s2,1.0.0
SP-055-RUN2-2025S2-93395153-1d4bd6b83ef4f3b2,SP-055,speed-prospi-gamex-run2-20260813,MATCHED_CARD,矢野 雅哉,93395153,広島東洋カープ,Pro Yakyuu Spirits A,2025 Series 2,矢野雅哉,広島,野手,S,レギュラー,走力,77,https://gamex.jp/prospi-top/prospi-players/prospi-players-2025-s2,0,70,1d4bd6b83ef4f3b2,2026-08-13T11:08:01.977764Z,200,RETRIEVED,ACCEPTED_FOR_EXTERNAL_GAME_LANE,Exact player-name (or documented source alias) and mapped-team match in gamex hitter table; published 走力 captured without conversion.,,,https://gamex.jp/prospi-top/prospi-players/prospi-players-2025-s2,1.0.0
SP-055-RUN2-2025S2-31135133-NOTFOUND,SP-055,speed-prospi-gamex-run2-20260813,PLAYER_OUTCOME,秋山 翔吾,31135133,広島東洋カープ,Pro Yakyuu Spirits A,2025 Series 2,,,,,,走力,,https://gamex.jp/prospi-top/prospi-players/prospi-players-2025-s2,,,,2026-08-13T11:08:01.977764Z,200,NOT_FOUND,NOT_ACCEPTED_NO_VALUE,"Edition page was reached and parsed, but no exact player-name (or documented source alias) plus mapped-team match was present in its hitter table; no value inferred.",,,https://gamex.jp/prospi-top/prospi-players/prospi-players-2025-s2,1.0.0
SP-055-RUN2-2025S2-61565135-NOTFOUND,SP-055,speed-prospi-gamex-run2-20260813,PLAYER_OUTCOME,菊池 涼介,61565135,広島東洋カープ,Pro Yakyuu Spirits A,2025 Series 2,,,,,,走力,,https://gamex.jp/prospi-top/prospi-players/prospi-players-2025-s2,,,,2026-08-13T11:08:01.977764Z,200,NOT_FOUND,NOT_ACCEPTED_NO_VALUE,"Edition page was reached and parsed, but no exact player-name (or documented source alias) plus mapped-team match was present in its hitter table; no value inferred.",,,https://gamex.jp/prospi-top/prospi-players/prospi-players-2025-s2,1.0.0
SP-055-RUN2-2025S2-01405130-3ad0a25d6861ff56,SP-055,speed-prospi-gamex-run2-20260813,MATCHED_CARD,野間 峻祥,01405130,広島東洋カープ,Pro Yakyuu Spirits A,2025 Series 2,野間峻祥,広島,外野,S,レギュラー,走力,81,https://gamex.jp/prospi-top/prospi-players/prospi-players-2025-s2,0,72,3ad0a25d6861ff56,2026-08-13T11:08:01.977764Z,200,RETRIEVED,ACCEPTED_FOR_EXTERNAL_GAME_LANE,Exact player-name (or documented source alias) and mapped-team match in gamex hitter table; published 走力 captured without conversion.,,,https://gamex.jp/prospi-top/prospi-players/prospi-players-2025-s2,1.0.0
SP-055-RUN2-2025S2-53755153-909d1c7e2f4619da,SP-055,speed-prospi-gamex-run2-20260813,MATCHED_CARD,サンタナ,53755153,東京ヤクルトスワローズ,Pro Yakyuu Spirits A,2025 Series 2,サンタナ,ヤクルト,外野,S,レギュラー,走力,63,https://gamex.jp/prospi-top/prospi-players/prospi-players-2025-s2,0,33,909d1c7e2f4619da,2026-08-13T11:08:01.977764Z,200,RETRIEVED,ACCEPTED_FOR_EXTERNAL_GAME_LANE,Exact player-name (or documented source alias) and mapped-team match in gamex hitter table; published 走力 captured without conversion.,,,https://gamex.jp/prospi-top/prospi-players/prospi-players-2025-s2,1.0.0
SP-055-RUN2-2025S2-91695153-NOTFOUND,SP-055,speed-prospi-gamex-run2-20260813,PLAYER_OUTCOME,並木 秀尊,91695153,東京ヤクルトスワローズ,Pro Yakyuu Spirits A,2025 Series 2,,,,,,走力,,https://gamex.jp/prospi-top/prospi-players/prospi-players-2025-s2,,,,2026-08-13T11:08:01.977764Z,200,NOT_FOUND,NOT_ACCEPTED_NO_VALUE,"Edition page was reached and parsed, but no exact player-name (or documented source alias) plus mapped-team match was present in its hitter table; no value inferred.",,,https://gamex.jp/prospi-top/prospi-players/prospi-players-2025-s2,1.0.0
SP-055-RUN2-2025S2-51255118-f1a5a480b200144d,SP-055,speed-prospi-gamex-run2-20260813,MATCHED_CARD,中村 悠平,51255118,東京ヤクルトスワローズ,Pro Yakyuu Spirits A,2025 Series 2,中村悠平,ヤクルト,野手,S,侍ジャパンセレクション,走力,67,https://gamex.jp/prospi-top/prospi-players/prospi-players-2025-s2,0,215,f1a5a480b200144d,2026-08-13T11:08:01.977764Z,200,RETRIEVED,ACCEPTED_FOR_EXTERNAL_GAME_LANE,Exact player-name (or documented source alias) and mapped-team match in gamex hitter table; published 走力 captured without conversion.,,,https://gamex.jp/prospi-top/prospi-players/prospi-players-2025-s2,1.0.0
SP-055-RUN2-2025S2-93195155-NOTFOUND,SP-055,speed-prospi-gamex-run2-20260813,PLAYER_OUTCOME,丸山 和郁,93195155,東京ヤクルトスワローズ,Pro Yakyuu Spirits A,2025 Series 2,,,,,,走力,,https://gamex.jp/prospi-top/prospi-players/prospi-players-2025-s2,,,,2026-08-13T11:08:01.977764Z,200,NOT_FOUND,NOT_ACCEPTED_NO_VALUE,"Edition page was reached and parsed, but no exact player-name (or documented source alias) plus mapped-team match was present in its hitter table; no value inferred.",,,https://gamex.jp/prospi-top/prospi-players/prospi-players-2025-s2,1.0.0
SP-055-RUN2-2025S2-01705134-3f900a686cf4426f,SP-055,speed-prospi-gamex-run2-20260813,MATCHED_CARD,古賀 優大,01705134,東京ヤクルトスワローズ,Pro Yakyuu Spirits A,2025 Series 2,古賀優大,ヤクルト,捕手,S,レギュラー,走力,61,https://gamex.jp/prospi-top/prospi-players/prospi-players-2025-s2,0,36,3f900a686cf4426f,2026-08-13T11:08:01.977764Z,200,RETRIEVED,ACCEPTED_FOR_EXTERNAL_GAME_LANE,Exact player-name (or documented source alias) and mapped-team match in gamex hitter table; published 走力 captured without conversion.,,,https://gamex.jp/prospi-top/prospi-players/prospi-players-2025-s2,1.0.0
SP-055-RUN2-2025S2-71975136-NOTFOUND,SP-055,speed-prospi-gamex-run2-20260813,PLAYER_OUTCOME,塩見 泰隆,71975136,東京ヤクルトスワローズ,Pro Yakyuu Spirits A,2025 Series 2,,,,,,走力,,https://gamex.jp/prospi-top/prospi-players/prospi-players-2025-s2,,,,2026-08-13T11:08:01.977764Z,200,NOT_FOUND,NOT_ACCEPTED_NO_VALUE,"Edition page was reached and parsed, but no exact player-name (or documented source alias) plus mapped-team match was present in its hitter table; no value inferred.",,,https://gamex.jp/prospi-top/prospi-players/prospi-players-2025-s2,1.0.0
SP-055-RUN2-2025S2-51355155-f0c33138c587da04,SP-055,speed-prospi-gamex-run2-20260813,MATCHED_CARD,岩田 幸宏,51355155,東京ヤクルトスワローズ,Pro Yakyuu Spirits A,2025 Series 2,岩田幸宏,ヤクルト,外野,S,レギュラー,走力,81,https://gamex.jp/prospi-top/prospi-players/prospi-players-2025-s2,0,37,f0c33138c587da04,2026-08-13T11:08:01.977764Z,200,RETRIEVED,ACCEPTED_FOR_EXTERNAL_GAME_LANE,Exact player-name (or documented source alias) and mapped-team match in gamex hitter table; published 走力 captured without conversion.,,,https://gamex.jp/prospi-top/prospi-players/prospi-players-2025-s2,1.0.0
SP-055-RUN2-2025S2-51455151-f60d92650240b3ac,SP-055,speed-prospi-gamex-run2-20260813,MATCHED_CARD,長岡 秀樹,51455151,東京ヤクルトスワローズ,Pro Yakyuu Spirits A,2025 Series 2,長岡秀樹,ヤクルト,野手,S,レギュラー,走力,73,https://gamex.jp/prospi-top/prospi-players/prospi-players-2025-s2,0,40,f60d92650240b3ac,2026-08-13T11:08:01.977764Z,200,RETRIEVED,ACCEPTED_FOR_EXTERNAL_GAME_LANE,Exact player-name (or documented source alias) and mapped-team match in gamex hitter table; published 走力 captured without conversion.,,,https://gamex.jp/prospi-top/prospi-players/prospi-players-2025-s2,1.0.0
SP-055-RUN2-2025S2-71375138-895a2535a4a1256d,SP-055,speed-prospi-gamex-run2-20260813,MATCHED_CARD,太田 光,71375138,東北楽天ゴールデンイーグルス,Pro Yakyuu Spirits A,2025 Series 2,太田光,楽天,捕手,S,レギュラー,走力,66,https://gamex.jp/prospi-top/prospi-players/prospi-players-2025-s2,0,84,895a2535a4a1256d,2026-08-13T11:08:01.977764Z,200,RETRIEVED,ACCEPTED_FOR_EXTERNAL_GAME_LANE,Exact player-name (or documented source alias) and mapped-team match in gamex hitter table; published 走力 captured without conversion.,,,https://gamex.jp/prospi-top/prospi-players/prospi-players-2025-s2,1.0.0
SP-055-RUN2-2025S2-41845132-072655e34e968759,SP-055,speed-prospi-gamex-run2-20260813,MATCHED_CARD,村林 一輝,41845132,東北楽天ゴールデンイーグルス,Pro Yakyuu Spirits A,2025 Series 2,村林一輝,楽天,野手,S,レギュラー,走力,77,https://gamex.jp/prospi-top/prospi-players/prospi-players-2025-s2,0,86,072655e34e968759,2026-08-13T11:08:01.977764Z,200,RETRIEVED,ACCEPTED_FOR_EXTERNAL_GAME_LANE,Exact player-name (or documented source alias) and mapped-team match in gamex hitter table; published 走力 captured without conversion.,,,https://gamex.jp/prospi-top/prospi-players/prospi-players-2025-s2,1.0.0
SP-055-RUN2-2025S2-41845132-9eb4d4b979b91f64,SP-055,speed-prospi-gamex-run2-20260813,MATCHED_CARD,村林 一輝,41845132,東北楽天ゴールデンイーグルス,Pro Yakyuu Spirits A,2025 Series 2,村林一輝,楽天,野手,S,スペシャルセレクション,走力,78,https://gamex.jp/prospi-top/prospi-players/prospi-players-2025-s2,0,151,9eb4d4b979b91f64,2026-08-13T11:08:01.977764Z,200,RETRIEVED,ACCEPTED_FOR_EXTERNAL_GAME_LANE,Exact player-name (or documented source alias) and mapped-team match in gamex hitter table; published 走力 captured without conversion.,,,https://gamex.jp/prospi-top/prospi-players/prospi-players-2025-s2,1.0.0
SP-055-RUN2-2025S2-51155118-23c61bdeb187b5ca,SP-055,speed-prospi-gamex-run2-20260813,MATCHED_CARD,浅村 栄斗,51155118,東北楽天ゴールデンイーグルス,Pro Yakyuu Spirits A,2025 Series 2,浅村栄斗,楽天,一塁,S,レギュラー,走力,70,https://gamex.jp/prospi-top/prospi-players/prospi-players-2025-s2,0,87,23c61bdeb187b5ca,2026-08-13T11:08:01.977764Z,200,RETRIEVED,ACCEPTED_FOR_EXTERNAL_GAME_LANE,Exact player-name (or documented source alias) and mapped-team match in gamex hitter table; published 走力 captured without conversion.,,,https://gamex.jp/prospi-top/prospi-players/prospi-players-2025-s2,1.0.0
SP-055-RUN2-2025S2-73175138-NOTFOUND,SP-055,speed-prospi-gamex-run2-20260813,PLAYER_OUTCOME,渡邊 佳明,73175138,東北楽天ゴールデンイーグルス,Pro Yakyuu Spirits A,2025 Series 2,,,,,,走力,,https://gamex.jp/prospi-top/prospi-players/prospi-players-2025-s2,,,,2026-08-13T11:08:01.977764Z,200,NOT_FOUND,NOT_ACCEPTED_NO_VALUE,"Edition page was reached and parsed, but no exact player-name (or documented source alias) plus mapped-team match was present in its hitter table; no value inferred.",,,https://gamex.jp/prospi-top/prospi-players/prospi-players-2025-s2,1.0.0
SP-055-RUN2-2025S2-81985135-NOTFOUND,SP-055,speed-prospi-gamex-run2-20260813,PLAYER_OUTCOME,鈴木 大地,81985135,東北楽天ゴールデンイーグルス,Pro Yakyuu Spirits A,2025 Series 2,,,,,,走力,,https://gamex.jp/prospi-top/prospi-players/prospi-players-2025-s2,,,,2026-08-13T11:08:01.977764Z,200,NOT_FOUND,NOT_ACCEPTED_NO_VALUE,"Edition page was reached and parsed, but no exact player-name (or documented source alias) plus mapped-team match was present in its hitter table; no value inferred.",,,https://gamex.jp/prospi-top/prospi-players/prospi-players-2025-s2,1.0.0
SP-055-RUN2-2025S2-81585134-NOTFOUND,SP-055,speed-prospi-gamex-run2-20260813,PLAYER_OUTCOME,京田 陽太,81585134,横浜DeNAベイスターズ,Pro Yakyuu Spirits A,2025 Series 2,,,,,,走力,,https://gamex.jp/prospi-top/prospi-players/prospi-players-2025-s2,,,,2026-08-13T11:08:01.977764Z,200,NOT_FOUND,NOT_ACCEPTED_NO_VALUE,"Edition page was reached and parsed, but no exact player-name (or documented source alias) plus mapped-team match was present in its hitter table; no value inferred.",,,https://gamex.jp/prospi-top/prospi-players/prospi-players-2025-s2,1.0.0
SP-055-RUN2-2025S2-91995134-6d5f6cbe50171005,SP-055,speed-prospi-gamex-run2-20260813,MATCHED_CARD,佐野 恵太,91995134,横浜DeNAベイスターズ,Pro Yakyuu Spirits A,2025 Series 2,佐野恵太,DeNA,一塁,S,レギュラー,走力,64,https://gamex.jp/prospi-top/prospi-players/prospi-players-2025-s2,0,3,6d5f6cbe50171005,2026-08-13T11:08:01.977764Z,200,RETRIEVED,ACCEPTED_FOR_EXTERNAL_GAME_LANE,Exact player-name (or documented source alias) and mapped-team match in gamex hitter table; published 走力 captured without conversion.,,,https://gamex.jp/prospi-top/prospi-players/prospi-players-2025-s2,1.0.0
SP-055-RUN2-2025S2-51455137-40577255bf02d0a8,SP-055,speed-prospi-gamex-run2-20260813,MATCHED_CARD,宮﨑 敏郎,51455137,横浜DeNAベイスターズ,Pro Yakyuu Spirits A,2025 Series 2,宮﨑敏郎,DeNA,一塁,S,レギュラー,走力,59,https://gamex.jp/prospi-top/prospi-players/prospi-players-2025-s2,0,4,40577255bf02d0a8,2026-08-13T11:08:01.977764Z,200,RETRIEVED,ACCEPTED_FOR_EXTERNAL_GAME_LANE,Exact player-name (or documented source alias) and mapped-team match in gamex hitter table; published 走力 captured without conversion.,,,https://gamex.jp/prospi-top/prospi-players/prospi-players-2025-s2,1.0.0
SP-055-RUN2-2025S2-23125136-NOTFOUND,SP-055,speed-prospi-gamex-run2-20260813,PLAYER_OUTCOME,山本 祐大,23125136,横浜DeNAベイスターズ,Pro Yakyuu Spirits A,2025 Series 2,,,,,,走力,,https://gamex.jp/prospi-top/prospi-players/prospi-players-2025-s2,,,,2026-08-13T11:08:01.977764Z,200,NOT_FOUND,NOT_ACCEPTED_NO_VALUE,"Edition page was reached and parsed, but no exact player-name (or documented source alias) plus mapped-team match was present in its hitter table; no value inferred.",,,https://gamex.jp/prospi-top/prospi-players/prospi-players-2025-s2,1.0.0
SP-055-RUN2-2025S2-33535159-NOTFOUND,SP-055,speed-prospi-gamex-run2-20260813,PLAYER_OUTCOME,度会 隆輝,33535159,横浜DeNAベイスターズ,Pro Yakyuu Spirits A,2025 Series 2,,,,,,走力,,https://gamex.jp/prospi-top/prospi-players/prospi-players-2025-s2,,,,2026-08-13T11:08:01.977764Z,200,NOT_FOUND,NOT_ACCEPTED_NO_VALUE,"Edition page was reached and parsed, but no exact player-name (or documented source alias) plus mapped-team match was present in its hitter table; no value inferred.",,,https://gamex.jp/prospi-top/prospi-players/prospi-players-2025-s2,1.0.0
SP-055-RUN2-2025S2-91695157-NOTFOUND,SP-055,speed-prospi-gamex-run2-20260813,PLAYER_OUTCOME,林 琢真,91695157,横浜DeNAベイスターズ,Pro Yakyuu Spirits A,2025 Series 2,,,,,,走力,,https://gamex.jp/prospi-top/prospi-players/prospi-players-2025-s2,,,,2026-08-13T11:08:01.977764Z,200,NOT_FOUND,NOT_ACCEPTED_NO_VALUE,"Edition page was reached and parsed, but no exact player-name (or documented source alias) plus mapped-team match was present in its hitter table; no value inferred.",,,https://gamex.jp/prospi-top/prospi-players/prospi-players-2025-s2,1.0.0
SP-055-RUN2-2025S2-51555155-1af211a9b28ad436,SP-055,speed-prospi-gamex-run2-20260813,MATCHED_CARD,梶原 昂希,51555155,横浜DeNAベイスターズ,Pro Yakyuu Spirits A,2025 Series 2,梶原昂希,DeNA,外野,S,スペシャルセレクション,走力,81,https://gamex.jp/prospi-top/prospi-players/prospi-players-2025-s2,0,126,1af211a9b28ad436,2026-08-13T11:08:01.977764Z,200,RETRIEVED,ACCEPTED_FOR_EXTERNAL_GAME_LANE,Exact player-name (or documented source alias) and mapped-team match in gamex hitter table; published 走力 captured without conversion.,,,https://gamex.jp/prospi-top/prospi-players/prospi-players-2025-s2,1.0.0
SP-055-RUN2-2025S2-13115153-6c5920f71afa59fa,SP-055,speed-prospi-gamex-run2-20260813,MATCHED_CARD,牧 秀悟,13115153,横浜DeNAベイスターズ,Pro Yakyuu Spirits A,2025 Series 2,牧秀悟,DeNA,野手,S,侍ジャパンセレクション,走力,82,https://gamex.jp/prospi-top/prospi-players/prospi-players-2025-s2,0,211,6c5920f71afa59fa,2026-08-13T11:08:01.977764Z,200,RETRIEVED,ACCEPTED_FOR_EXTERNAL_GAME_LANE,Exact player-name (or documented source alias) and mapped-team match in gamex hitter table; published 走力 captured without conversion.,,,https://gamex.jp/prospi-top/prospi-players/prospi-players-2025-s2,1.0.0
SP-055-RUN2-2025S2-41945131-18b89c7c202cdc2c,SP-055,speed-prospi-gamex-run2-20260813,MATCHED_CARD,筒香 嘉智,41945131,横浜DeNAベイスターズ,Pro Yakyuu Spirits A,2025 Series 2,筒香嘉智,DeNA,一塁,S,レギュラー,走力,64,https://gamex.jp/prospi-top/prospi-players/prospi-players-2025-s2,0,8,18b89c7c202cdc2c,2026-08-13T11:08:01.977764Z,200,RETRIEVED,ACCEPTED_FOR_EXTERNAL_GAME_LANE,Exact player-name (or documented source alias) and mapped-team match in gamex hitter table; published 走力 captured without conversion.,,,https://gamex.jp/prospi-top/prospi-players/prospi-players-2025-s2,1.0.0
SP-055-RUN2-2025S2-41945131-07d58f2cb71d0896,SP-055,speed-prospi-gamex-run2-20260813,MATCHED_CARD,筒香 嘉智,41945131,横浜DeNAベイスターズ,Pro Yakyuu Spirits A,2025 Series 2,筒香嘉智,DeNA,野手,S,スペシャルセレクション,走力,84,https://gamex.jp/prospi-top/prospi-players/prospi-players-2025-s2,0,127,07d58f2cb71d0896,2026-08-13T11:08:01.977764Z,200,RETRIEVED,ACCEPTED_FOR_EXTERNAL_GAME_LANE,Exact player-name (or documented source alias) and mapped-team match in gamex hitter table; published 走力 captured without conversion.,,,https://gamex.jp/prospi-top/prospi-players/prospi-players-2025-s2,1.0.0
SP-055-RUN2-2025S2-51555151-32f2847256100520,SP-055,speed-prospi-gamex-run2-20260813,MATCHED_CARD,蝦名 達夫,51555151,横浜DeNAベイスターズ,Pro Yakyuu Spirits A,2025 Series 2,蝦名達夫,DeNA,外野,S,レギュラー,走力,74,https://gamex.jp/prospi-top/prospi-players/prospi-players-2025-s2,0,9,32f2847256100520,2026-08-13T11:08:01.977764Z,200,RETRIEVED,ACCEPTED_FOR_EXTERNAL_GAME_LANE,Exact player-name (or documented source alias) and mapped-team match in gamex hitter table; published 走力 captured without conversion.,,,https://gamex.jp/prospi-top/prospi-players/prospi-players-2025-s2,1.0.0
SP-055-RUN2-2025S2-31335131-b9c3c5b712c47713,SP-055,speed-prospi-gamex-run2-20260813,MATCHED_CARD,今宮 健太,31335131,福岡ソフトバンクホークス,Pro Yakyuu Spirits A,2025 Series 2,今宮健太,ソフトバンク,遊撃,S,レギュラー,走力,74,https://gamex.jp/prospi-top/prospi-players/prospi-players-2025-s2,0,24,b9c3c5b712c47713,2026-08-13T11:08:01.977764Z,200,RETRIEVED,ACCEPTED_FOR_EXTERNAL_GAME_LANE,Exact player-name (or documented source alias) and mapped-team match in gamex hitter table; published 走力 captured without conversion.,,,https://gamex.jp/prospi-top/prospi-players/prospi-players-2025-s2,1.0.0
SP-055-RUN2-2025S2-21925136-ed22dd270ac9ca7f,SP-055,speed-prospi-gamex-run2-20260813,MATCHED_CARD,周東 佑京,21925136,福岡ソフトバンクホークス,Pro Yakyuu Spirits A,2025 Series 2,周東佑京,ソフトバンク,二塁,S,レギュラー,走力,87,https://gamex.jp/prospi-top/prospi-players/prospi-players-2025-s2,0,26,ed22dd270ac9ca7f,2026-08-13T11:08:01.977764Z,200,RETRIEVED,ACCEPTED_FOR_EXTERNAL_GAME_LANE,Exact player-name (or documented source alias) and mapped-team match in gamex hitter table; published 走力 captured without conversion.,,,https://gamex.jp/prospi-top/prospi-players/prospi-players-2025-s2,1.0.0
SP-055-RUN2-2025S2-21925136-31af0f58a3134ea4,SP-055,speed-prospi-gamex-run2-20260813,MATCHED_CARD,周東 佑京,21925136,福岡ソフトバンクホークス,Pro Yakyuu Spirits A,2025 Series 2,周東佑京,ソフトバンク,二塁,S,スペシャルセレクション,走力,88,https://gamex.jp/prospi-top/prospi-players/prospi-players-2025-s2,0,131,31af0f58a3134ea4,2026-08-13T11:08:01.977764Z,200,RETRIEVED,ACCEPTED_FOR_EXTERNAL_GAME_LANE,Exact player-name (or documented source alias) and mapped-team match in gamex hitter table; published 走力 captured without conversion.,,,https://gamex.jp/prospi-top/prospi-players/prospi-players-2025-s2,1.0.0
SP-055-RUN2-2025S2-21925136-4b4685aa28648f86,SP-055,speed-prospi-gamex-run2-20260813,MATCHED_CARD,周東 佑京,21925136,福岡ソフトバンクホークス,Pro Yakyuu Spirits A,2025 Series 2,周東佑京,ソフトバンク,野手,S,侍ジャパンセレクション,走力,80,https://gamex.jp/prospi-top/prospi-players/prospi-players-2025-s2,0,213,4b4685aa28648f86,2026-08-13T11:08:01.977764Z,200,RETRIEVED,ACCEPTED_FOR_EXTERNAL_GAME_LANE,Exact player-name (or documented source alias) and mapped-team match in gamex hitter table; published 走力 captured without conversion.,,,https://gamex.jp/prospi-top/prospi-players/prospi-players-2025-s2,1.0.0
SP-055-RUN2-2025S2-21425139-NOTFOUND,SP-055,speed-prospi-gamex-run2-20260813,PLAYER_OUTCOME,山川 穂高,21425139,福岡ソフトバンクホークス,Pro Yakyuu Spirits A,2025 Series 2,,,,,,走力,,https://gamex.jp/prospi-top/prospi-players/prospi-players-2025-s2,,,,2026-08-13T11:08:01.977764Z,200,NOT_FOUND,NOT_ACCEPTED_NO_VALUE,"Edition page was reached and parsed, but no exact player-name (or documented source alias) plus mapped-team match was present in its hitter table; no value inferred.",,,https://gamex.jp/prospi-top/prospi-players/prospi-players-2025-s2,1.0.0
SP-055-RUN2-2025S2-31835133-24b3890c43273239,SP-055,speed-prospi-gamex-run2-20260813,MATCHED_CARD,柳田 悠岐,31835133,福岡ソフトバンクホークス,Pro Yakyuu Spirits A,2025 Series 2,柳田悠岐,ソフトバンク,外野,S,レギュラー,走力,78,https://gamex.jp/prospi-top/prospi-players/prospi-players-2025-s2,0,28,24b3890c43273239,2026-08-13T11:08:01.977764Z,200,RETRIEVED,ACCEPTED_FOR_EXTERNAL_GAME_LANE,Exact player-name (or documented source alias) and mapped-team match in gamex hitter table; published 走力 captured without conversion.,,,https://gamex.jp/prospi-top/prospi-players/prospi-players-2025-s2,1.0.0
SP-055-RUN2-2025S2-31835133-a7b93983a58b2146,SP-055,speed-prospi-gamex-run2-20260813,MATCHED_CARD,柳田 悠岐,31835133,福岡ソフトバンクホークス,Pro Yakyuu Spirits A,2025 Series 2,柳田悠岐,ソフトバンク,外野,S,アニバーサリーセレクション,走力,79,https://gamex.jp/prospi-top/prospi-players/prospi-players-2025-s2,0,108,a7b93983a58b2146,2026-08-13T11:08:01.977764Z,200,RETRIEVED,ACCEPTED_FOR_EXTERNAL_GAME_LANE,Exact player-name (or documented source alias) and mapped-team match in gamex hitter table; published 走力 captured without conversion.,,,https://gamex.jp/prospi-top/prospi-players/prospi-players-2025-s2,1.0.0
SP-055-RUN2-2025S2-73175151-6f25b2a72bfcc117,SP-055,speed-prospi-gamex-run2-20260813,MATCHED_CARD,柳町 達,73175151,福岡ソフトバンクホークス,Pro Yakyuu Spirits A,2025 Series 2,柳町達,ソフトバンク,外野,S,レギュラー,走力,72,https://gamex.jp/prospi-top/prospi-players/prospi-players-2025-s2,0,29,6f25b2a72bfcc117,2026-08-13T11:08:01.977764Z,200,RETRIEVED,ACCEPTED_FOR_EXTERNAL_GAME_LANE,Exact player-name (or documented source alias) and mapped-team match in gamex hitter table; published 走力 captured without conversion.,,,https://gamex.jp/prospi-top/prospi-players/prospi-players-2025-s2,1.0.0
SP-055-RUN2-2025S2-73175151-dffb62dbf7944d9d,SP-055,speed-prospi-gamex-run2-20260813,MATCHED_CARD,柳町 達,73175151,福岡ソフトバンクホークス,Pro Yakyuu Spirits A,2025 Series 2,柳町達,ソフトバンク,外野,S,スペシャルセレクション,走力,73,https://gamex.jp/prospi-top/prospi-players/prospi-players-2025-s2,0,133,dffb62dbf7944d9d,2026-08-13T11:08:01.977764Z,200,RETRIEVED,ACCEPTED_FOR_EXTERNAL_GAME_LANE,Exact player-name (or documented source alias) and mapped-team match in gamex hitter table; published 走力 captured without conversion.,,,https://gamex.jp/prospi-top/prospi-players/prospi-players-2025-s2,1.0.0
SP-055-RUN2-2025S2-01705130-8381b803f9518235,SP-055,speed-prospi-gamex-run2-20260813,MATCHED_CARD,栗原 陵矢,01705130,福岡ソフトバンクホークス,Pro Yakyuu Spirits A,2025 Series 2,栗原陵矢,ソフトバンク,一塁,S,レギュラー,走力,69,https://gamex.jp/prospi-top/prospi-players/prospi-players-2025-s2,0,30,8381b803f9518235,2026-08-13T11:08:01.977764Z,200,RETRIEVED,ACCEPTED_FOR_EXTERNAL_GAME_LANE,Exact player-name (or documented source alias) and mapped-team match in gamex hitter table; published 走力 captured without conversion.,,,https://gamex.jp/prospi-top/prospi-players/prospi-players-2025-s2,1.0.0
SP-055-RUN2-2025S2-81885155-NOTFOUND,SP-055,speed-prospi-gamex-run2-20260813,PLAYER_OUTCOME,正木 智也,81885155,福岡ソフトバンクホークス,Pro Yakyuu Spirits A,2025 Series 2,,,,,,走力,,https://gamex.jp/prospi-top/prospi-players/prospi-players-2025-s2,,,,2026-08-13T11:08:01.977764Z,200,NOT_FOUND,NOT_ACCEPTED_NO_VALUE,"Edition page was reached and parsed, but no exact player-name (or documented source alias) plus mapped-team match was present in its hitter table; no value inferred.",,,https://gamex.jp/prospi-top/prospi-players/prospi-players-2025-s2,1.0.0
SP-055-RUN2-2025S2-81385151-NOTFOUND,SP-055,speed-prospi-gamex-run2-20260813,PLAYER_OUTCOME,海野 隆司,81385151,福岡ソフトバンクホークス,Pro Yakyuu Spirits A,2025 Series 2,,,,,,走力,,https://gamex.jp/prospi-top/prospi-players/prospi-players-2025-s2,,,,2026-08-13T11:08:01.977764Z,200,NOT_FOUND,NOT_ACCEPTED_NO_VALUE,"Edition page was reached and parsed, but no exact player-name (or documented source alias) plus mapped-team match was present in its hitter table; no value inferred.",,,https://gamex.jp/prospi-top/prospi-players/prospi-players-2025-s2,1.0.0
SP-055-RUN2-2025S2-61465133-fc8a569224bf6a4e,SP-055,speed-prospi-gamex-run2-20260813,MATCHED_CARD,牧原 大成,61465133,福岡ソフトバンクホークス,Pro Yakyuu Spirits A,2025 Series 2,牧原大成,ソフトバンク,外野,S,スペシャルセレクション,走力,81,https://gamex.jp/prospi-top/prospi-players/prospi-players-2025-s2,0,134,fc8a569224bf6a4e,2026-08-13T11:08:01.977764Z,200,RETRIEVED,ACCEPTED_FOR_EXTERNAL_GAME_LANE,Exact player-name (or documented source alias) and mapped-team match in gamex hitter table; published 走力 captured without conversion.,,,https://gamex.jp/prospi-top/prospi-players/prospi-players-2025-s2,1.0.0
SP-055-RUN2-2025S2-61465133-ed42b5d3cbb56152,SP-055,speed-prospi-gamex-run2-20260813,MATCHED_CARD,牧原 大成,61465133,福岡ソフトバンクホークス,Pro Yakyuu Spirits A,2025 Series 2,牧原大成,ソフトバンク,野手,S,侍ジャパンセレクション,走力,81,https://gamex.jp/prospi-top/prospi-players/prospi-players-2025-s2,0,214,ed42b5d3cbb56152,2026-08-13T11:08:01.977764Z,200,RETRIEVED,ACCEPTED_FOR_EXTERNAL_GAME_LANE,Exact player-name (or documented source alias) and mapped-team match in gamex hitter table; published 走力 captured without conversion.,,,https://gamex.jp/prospi-top/prospi-players/prospi-players-2025-s2,1.0.0
SP-055-RUN2-2025S2-41745135-NOTFOUND,SP-055,speed-prospi-gamex-run2-20260813,PLAYER_OUTCOME,近藤 健介,41745135,福岡ソフトバンクホークス,Pro Yakyuu Spirits A,2025 Series 2,,,,,,走力,,https://gamex.jp/prospi-top/prospi-players/prospi-players-2025-s2,,,,2026-08-13T11:08:01.977764Z,200,NOT_FOUND,NOT_ACCEPTED_NO_VALUE,"Edition page was reached and parsed, but no exact player-name (or documented source alias) plus mapped-team match was present in its hitter table; no value inferred.",,,https://gamex.jp/prospi-top/prospi-players/prospi-players-2025-s2,1.0.0
SP-055-RUN2-2025S2-21425116-NOTFOUND,SP-055,speed-prospi-gamex-run2-20260813,PLAYER_OUTCOME,丸 佳浩,21425116,読売ジャイアンツ,Pro Yakyuu Spirits A,2025 Series 2,,,,,,走力,,https://gamex.jp/prospi-top/prospi-players/prospi-players-2025-s2,,,,2026-08-13T11:08:01.977764Z,200,NOT_FOUND,NOT_ACCEPTED_NO_VALUE,"Edition page was reached and parsed, but no exact player-name (or documented source alias) plus mapped-team match was present in its hitter table; no value inferred.",,,https://gamex.jp/prospi-top/prospi-players/prospi-players-2025-s2,1.0.0
SP-055-RUN2-2025S2-51955159-NOTFOUND,SP-055,speed-prospi-gamex-run2-20260813,PLAYER_OUTCOME,佐々木 俊輔,51955159,読売ジャイアンツ,Pro Yakyuu Spirits A,2025 Series 2,,,,,,走力,,https://gamex.jp/prospi-top/prospi-players/prospi-players-2025-s2,,,,2026-08-13T11:08:01.977764Z,200,NOT_FOUND,NOT_ACCEPTED_NO_VALUE,"Edition page was reached and parsed, but no exact player-name (or documented source alias) plus mapped-team match was present in its hitter table; no value inferred.",,,https://gamex.jp/prospi-top/prospi-players/prospi-players-2025-s2,1.0.0
SP-055-RUN2-2025S2-73375134-NOTFOUND,SP-055,speed-prospi-gamex-run2-20260813,PLAYER_OUTCOME,吉川 尚輝,73375134,読売ジャイアンツ,Pro Yakyuu Spirits A,2025 Series 2,,,,,,走力,,https://gamex.jp/prospi-top/prospi-players/prospi-players-2025-s2,,,,2026-08-13T11:08:01.977764Z,200,NOT_FOUND,NOT_ACCEPTED_NO_VALUE,"Edition page was reached and parsed, but no exact player-name (or documented source alias) plus mapped-team match was present in its hitter table; no value inferred.",,,https://gamex.jp/prospi-top/prospi-players/prospi-players-2025-s2,1.0.0
SP-055-RUN2-2025S2-21325136-NOTFOUND,SP-055,speed-prospi-gamex-run2-20260813,PLAYER_OUTCOME,大城 卓三,21325136,読売ジャイアンツ,Pro Yakyuu Spirits A,2025 Series 2,,,,,,走力,,https://gamex.jp/prospi-top/prospi-players/prospi-players-2025-s2,,,,2026-08-13T11:08:01.977764Z,200,NOT_FOUND,NOT_ACCEPTED_NO_VALUE,"Edition page was reached and parsed, but no exact player-name (or documented source alias) plus mapped-team match was present in its hitter table; no value inferred.",,,https://gamex.jp/prospi-top/prospi-players/prospi-players-2025-s2,1.0.0
SP-055-RUN2-2025S2-91595136-60520d46ab4b8747,SP-055,speed-prospi-gamex-run2-20260813,MATCHED_CARD,岸田 行倫,91595136,読売ジャイアンツ,Pro Yakyuu Spirits A,2025 Series 2,岸田行倫,巨人,捕手,S,レギュラー,走力,66,https://gamex.jp/prospi-top/prospi-players/prospi-players-2025-s2,0,63,60520d46ab4b8747,2026-08-13T11:08:01.977764Z,200,RETRIEVED,ACCEPTED_FOR_EXTERNAL_GAME_LANE,Exact player-name (or documented source alias) and mapped-team match in gamex hitter table; published 走力 captured without conversion.,,,https://gamex.jp/prospi-top/prospi-players/prospi-players-2025-s2,1.0.0
SP-055-RUN2-2025S2-21625135-NOTFOUND,SP-055,speed-prospi-gamex-run2-20260813,PLAYER_OUTCOME,松本 剛,21625135,読売ジャイアンツ,Pro Yakyuu Spirits A,2025 Series 2,,,,,,走力,,https://gamex.jp/prospi-top/prospi-players/prospi-players-2025-s2,,,,2026-08-13T11:08:01.977764Z,200,NOT_FOUND,NOT_ACCEPTED_NO_VALUE,"Edition page was reached and parsed, but no exact player-name (or documented source alias) plus mapped-team match was present in its hitter table; no value inferred.",,,https://gamex.jp/prospi-top/prospi-players/prospi-players-2025-s2,1.0.0
SP-055-RUN2-2025S2-41445153-90d5b1c2c8ba0092,SP-055,speed-prospi-gamex-run2-20260813,MATCHED_CARD,中野 拓夢,41445153,阪神タイガース,Pro Yakyuu Spirits A,2025 Series 2,中野拓夢,阪神,二塁,S,スペシャルセレクション,走力,80,https://gamex.jp/prospi-top/prospi-players/prospi-players-2025-s2,0,155,90d5b1c2c8ba0092,2026-08-13T11:08:01.977764Z,200,RETRIEVED,ACCEPTED_FOR_EXTERNAL_GAME_LANE,Exact player-name (or documented source alias) and mapped-team match in gamex hitter table; published 走力 captured without conversion.,,,https://gamex.jp/prospi-top/prospi-players/prospi-players-2025-s2,1.0.0
SP-055-RUN2-2025S2-61065137-NOTFOUND,SP-055,speed-prospi-gamex-run2-20260813,PLAYER_OUTCOME,伏見 寅威,61065137,阪神タイガース,Pro Yakyuu Spirits A,2025 Series 2,,,,,,走力,,https://gamex.jp/prospi-top/prospi-players/prospi-players-2025-s2,,,,2026-08-13T11:08:01.977764Z,200,NOT_FOUND,NOT_ACCEPTED_NO_VALUE,"Edition page was reached and parsed, but no exact player-name (or documented source alias) plus mapped-team match was present in its hitter table; no value inferred.",,,https://gamex.jp/prospi-top/prospi-players/prospi-players-2025-s2,1.0.0
SP-055-RUN2-2025S2-41045153-18eb365a3b4abf95,SP-055,speed-prospi-gamex-run2-20260813,MATCHED_CARD,佐藤 輝明,41045153,阪神タイガース,Pro Yakyuu Spirits A,2025 Series 2,佐藤輝明,阪神,三塁,S,レギュラー,走力,72,https://gamex.jp/prospi-top/prospi-players/prospi-players-2025-s2,0,100,18eb365a3b4abf95,2026-08-13T11:08:01.977764Z,200,RETRIEVED,ACCEPTED_FOR_EXTERNAL_GAME_LANE,Exact player-name (or documented source alias) and mapped-team match in gamex hitter table; published 走力 captured without conversion.,,,https://gamex.jp/prospi-top/prospi-players/prospi-players-2025-s2,1.0.0
SP-055-RUN2-2025S2-41045153-0f1b5754b968a1aa,SP-055,speed-prospi-gamex-run2-20260813,MATCHED_CARD,佐藤 輝明,41045153,阪神タイガース,Pro Yakyuu Spirits A,2025 Series 2,佐藤輝明,阪神,三塁,S,スペシャルセレクション,走力,73,https://gamex.jp/prospi-top/prospi-players/prospi-players-2025-s2,0,156,0f1b5754b968a1aa,2026-08-13T11:08:01.977764Z,200,RETRIEVED,ACCEPTED_FOR_EXTERNAL_GAME_LANE,Exact player-name (or documented source alias) and mapped-team match in gamex hitter table; published 走力 captured without conversion.,,,https://gamex.jp/prospi-top/prospi-players/prospi-players-2025-s2,1.0.0
SP-055-RUN2-2025S2-41045153-4a6d938c4de6dd83,SP-055,speed-prospi-gamex-run2-20260813,MATCHED_CARD,佐藤 輝明,41045153,阪神タイガース,Pro Yakyuu Spirits A,2025 Series 2,佐藤輝明,阪神,野手,S,侍ジャパンセレクション,走力,80,https://gamex.jp/prospi-top/prospi-players/prospi-players-2025-s2,0,221,4a6d938c4de6dd83,2026-08-13T11:08:01.977764Z,200,RETRIEVED,ACCEPTED_FOR_EXTERNAL_GAME_LANE,Exact player-name (or documented source alias) and mapped-team match in gamex hitter table; published 走力 captured without conversion.,,,https://gamex.jp/prospi-top/prospi-players/prospi-players-2025-s2,1.0.0
SP-055-RUN2-2025S2-11915132-8515c0495a903483,SP-055,speed-prospi-gamex-run2-20260813,MATCHED_CARD,坂本 誠志郎,11915132,阪神タイガース,Pro Yakyuu Spirits A,2025 Series 2,坂本誠志郎,阪神,捕手,S,スペシャルセレクション,走力,67,https://gamex.jp/prospi-top/prospi-players/prospi-players-2025-s2,0,157,8515c0495a903483,2026-08-13T11:08:01.977764Z,200,RETRIEVED,ACCEPTED_FOR_EXTERNAL_GAME_LANE,Exact player-name (or documented source alias) and mapped-team match in gamex hitter table; published 走力 captured without conversion.,,,https://gamex.jp/prospi-top/prospi-players/prospi-players-2025-s2,1.0.0
SP-055-RUN2-2025S2-11915132-b87f74e34d79c74b,SP-055,speed-prospi-gamex-run2-20260813,MATCHED_CARD,坂本 誠志郎,11915132,阪神タイガース,Pro Yakyuu Spirits A,2025 Series 2,坂本誠志郎,阪神,野手,S,侍ジャパンセレクション,走力,70,https://gamex.jp/prospi-top/prospi-players/prospi-players-2025-s2,0,222,b87f74e34d79c74b,2026-08-13T11:08:01.977764Z,200,RETRIEVED,ACCEPTED_FOR_EXTERNAL_GAME_LANE,Exact player-name (or documented source alias) and mapped-team match in gamex hitter table; published 走力 captured without conversion.,,,https://gamex.jp/prospi-top/prospi-players/prospi-players-2025-s2,1.0.0
SP-055-RUN2-2025S2-21325134-e12bf13f4a6d5965,SP-055,speed-prospi-gamex-run2-20260813,MATCHED_CARD,大山 悠輔,21325134,阪神タイガース,Pro Yakyuu Spirits A,2025 Series 2,大山悠輔,阪神,一塁,S,レギュラー,走力,66,https://gamex.jp/prospi-top/prospi-players/prospi-players-2025-s2,0,101,e12bf13f4a6d5965,2026-08-13T11:08:01.977764Z,200,RETRIEVED,ACCEPTED_FOR_EXTERNAL_GAME_LANE,Exact player-name (or documented source alias) and mapped-team match in gamex hitter table; published 走力 captured without conversion.,,,https://gamex.jp/prospi-top/prospi-players/prospi-players-2025-s2,1.0.0
SP-055-RUN2-2025S2-21325134-f79011e142d8cf98,SP-055,speed-prospi-gamex-run2-20260813,MATCHED_CARD,大山 悠輔,21325134,阪神タイガース,Pro Yakyuu Spirits A,2025 Series 2,大山悠輔,阪神,一塁,S,スペシャルセレクション,走力,67,https://gamex.jp/prospi-top/prospi-players/prospi-players-2025-s2,0,158,f79011e142d8cf98,2026-08-13T11:08:01.977764Z,200,RETRIEVED,ACCEPTED_FOR_EXTERNAL_GAME_LANE,Exact player-name (or documented source alias) and mapped-team match in gamex hitter table; published 走力 captured without conversion.,,,https://gamex.jp/prospi-top/prospi-players/prospi-players-2025-s2,1.0.0
SP-055-RUN2-2025S2-31535138-642338a85ba2c9d0,SP-055,speed-prospi-gamex-run2-20260813,MATCHED_CARD,小幡 竜平,31535138,阪神タイガース,Pro Yakyuu Spirits A,2025 Series 2,小幡竜平,阪神,二塁,S,OBセレクション,走力,79,https://gamex.jp/prospi-top/prospi-players/prospi-players-2025-s2,0,202,642338a85ba2c9d0,2026-08-13T11:08:01.977764Z,200,RETRIEVED,ACCEPTED_FOR_EXTERNAL_GAME_LANE,Exact player-name (or documented source alias) and mapped-team match in gamex hitter table; published 走力 captured without conversion.,,,https://gamex.jp/prospi-top/prospi-players/prospi-players-2025-s2,1.0.0
SP-055-RUN2-2025S2-31735138-NOTFOUND,SP-055,speed-prospi-gamex-run2-20260813,PLAYER_OUTCOME,木浪 聖也,31735138,阪神タイガース,Pro Yakyuu Spirits A,2025 Series 2,,,,,,走力,,https://gamex.jp/prospi-top/prospi-players/prospi-players-2025-s2,,,,2026-08-13T11:08:01.977764Z,200,NOT_FOUND,NOT_ACCEPTED_NO_VALUE,"Edition page was reached and parsed, but no exact player-name (or documented source alias) plus mapped-team match was present in its hitter table; no value inferred.",,,https://gamex.jp/prospi-top/prospi-players/prospi-players-2025-s2,1.0.0
SP-055-RUN2-2025S2-21325139-bab4c53a4f8c2b31,SP-055,speed-prospi-gamex-run2-20260813,MATCHED_CARD,梅野 隆太郎,21325139,阪神タイガース,Pro Yakyuu Spirits A,2025 Series 2,梅野隆太郎,阪神,捕手,S,レギュラー,走力,73,https://gamex.jp/prospi-top/prospi-players/prospi-players-2025-s2,0,102,bab4c53a4f8c2b31,2026-08-13T11:08:01.977764Z,200,RETRIEVED,ACCEPTED_FOR_EXTERNAL_GAME_LANE,Exact player-name (or documented source alias) and mapped-team match in gamex hitter table; published 走力 captured without conversion.,,,https://gamex.jp/prospi-top/prospi-players/prospi-players-2025-s2,1.0.0
SP-055-RUN2-2025S2-43145157-6e77661b2ae7818f,SP-055,speed-prospi-gamex-run2-20260813,MATCHED_CARD,森下 翔太,43145157,阪神タイガース,Pro Yakyuu Spirits A,2025 Series 2,森下翔太,阪神,外野,S,アニバーサリーセレクション,走力,69,https://gamex.jp/prospi-top/prospi-players/prospi-players-2025-s2,0,124,6e77661b2ae7818f,2026-08-13T11:08:01.977764Z,200,RETRIEVED,ACCEPTED_FOR_EXTERNAL_GAME_LANE,Exact player-name (or documented source alias) and mapped-team match in gamex hitter table; published 走力 captured without conversion.,,,https://gamex.jp/prospi-top/prospi-players/prospi-players-2025-s2,1.0.0
SP-055-RUN2-2025S2-43145157-97c0fee72370fe07,SP-055,speed-prospi-gamex-run2-20260813,MATCHED_CARD,森下 翔太,43145157,阪神タイガース,Pro Yakyuu Spirits A,2025 Series 2,森下翔太,阪神,外野,S,スペシャルセレクション,走力,69,https://gamex.jp/prospi-top/prospi-players/prospi-players-2025-s2,0,160,97c0fee72370fe07,2026-08-13T11:08:01.977764Z,200,RETRIEVED,ACCEPTED_FOR_EXTERNAL_GAME_LANE,Exact player-name (or documented source alias) and mapped-team match in gamex hitter table; published 走力 captured without conversion.,,,https://gamex.jp/prospi-top/prospi-players/prospi-players-2025-s2,1.0.0
SP-055-RUN2-2025S2-43145157-08abbe990ad63008,SP-055,speed-prospi-gamex-run2-20260813,MATCHED_CARD,森下 翔太,43145157,阪神タイガース,Pro Yakyuu Spirits A,2025 Series 2,森下翔太,阪神,野手,S,侍ジャパンセレクション,走力,80,https://gamex.jp/prospi-top/prospi-players/prospi-players-2025-s2,0,223,08abbe990ad63008,2026-08-13T11:08:01.977764Z,200,RETRIEVED,ACCEPTED_FOR_EXTERNAL_GAME_LANE,Exact player-name (or documented source alias) and mapped-team match in gamex hitter table; published 走力 captured without conversion.,,,https://gamex.jp/prospi-top/prospi-players/prospi-players-2025-s2,1.0.0
SP-055-RUN2-2025S1-51255138-NOTFOUND,SP-055,speed-prospi-gamex-run2-20260813,PLAYER_OUTCOME,中川 圭太,51255138,オリックス・バファローズ,Pro Yakyuu Spirits A,2025 Series 1,,,,,,走力,,https://gamex.jp/prospi-top/prospi-players/prospi-players-2025-s1,,,,2026-08-13T11:08:02.525819Z,200,NOT_FOUND,NOT_ACCEPTED_NO_VALUE,"Edition page was reached and parsed, but no exact player-name (or documented source alias) plus mapped-team match was present in its hitter table; no value inferred.",,,https://gamex.jp/prospi-top/prospi-players/prospi-players-2025-s1,1.0.0
SP-055-RUN2-2025S1-91395138-9a0fbf2d01a5653b,SP-055,speed-prospi-gamex-run2-20260813,MATCHED_CARD,太田 椋,91395138,オリックス・バファローズ,Pro Yakyuu Spirits A,2025 Series 1,太田椋,オリックス,野手,S,レギュラー,走力,72,https://gamex.jp/prospi-top/prospi-players/prospi-players-2025-s1,0,8,9a0fbf2d01a5653b,2026-08-13T11:08:02.525819Z,200,RETRIEVED,ACCEPTED_FOR_EXTERNAL_GAME_LANE,Exact player-name (or documented source alias) and mapped-team match in gamex hitter table; published 走力 captured without conversion.,,,https://gamex.jp/prospi-top/prospi-players/prospi-players-2025-s1,1.0.0
SP-055-RUN2-2025S1-11815130-NOTFOUND,SP-055,speed-prospi-gamex-run2-20260813,PLAYER_OUTCOME,宗 佑磨,11815130,オリックス・バファローズ,Pro Yakyuu Spirits A,2025 Series 1,,,,,,走力,,https://gamex.jp/prospi-top/prospi-players/prospi-players-2025-s1,,,,2026-08-13T11:08:02.525819Z,200,NOT_FOUND,NOT_ACCEPTED_NO_VALUE,"Edition page was reached and parsed, but no exact player-name (or documented source alias) plus mapped-team match was present in its hitter table; no value inferred.",,,https://gamex.jp/prospi-top/prospi-players/prospi-players-2025-s1,1.0.0
SP-055-RUN2-2025S1-51955153-NOTFOUND,SP-055,speed-prospi-gamex-run2-20260813,PLAYER_OUTCOME,来田 涼斗,51955153,オリックス・バファローズ,Pro Yakyuu Spirits A,2025 Series 1,,,,,,走力,,https://gamex.jp/prospi-top/prospi-players/prospi-players-2025-s1,,,,2026-08-13T11:08:02.525819Z,200,NOT_FOUND,NOT_ACCEPTED_NO_VALUE,"Edition page was reached and parsed, but no exact player-name (or documented source alias) plus mapped-team match was present in its hitter table; no value inferred.",,,https://gamex.jp/prospi-top/prospi-players/prospi-players-2025-s1,1.0.0
SP-055-RUN2-2025S1-91495139-6920923b6e2754d3,SP-055,speed-prospi-gamex-run2-20260813,MATCHED_CARD,森 友哉,91495139,オリックス・バファローズ,Pro Yakyuu Spirits A,2025 Series 1,森友哉,オリックス,捕手,S,レギュラー,走力,76,https://gamex.jp/prospi-top/prospi-players/prospi-players-2025-s1,0,10,6920923b6e2754d3,2026-08-13T11:08:02.525819Z,200,RETRIEVED,ACCEPTED_FOR_EXTERNAL_GAME_LANE,Exact player-name (or documented source alias) and mapped-team match in gamex hitter table; published 走力 captured without conversion.,,,https://gamex.jp/prospi-top/prospi-players/prospi-players-2025-s1,1.0.0
SP-055-RUN2-2025S1-91995151-69cd6fdfd2e9dcf2,SP-055,speed-prospi-gamex-run2-20260813,MATCHED_CARD,紅林 弘太郎,91995151,オリックス・バファローズ,Pro Yakyuu Spirits A,2025 Series 1,紅林弘太郎,オリックス,三塁,S,レギュラー,走力,69,https://gamex.jp/prospi-top/prospi-players/prospi-players-2025-s1,0,11,69cd6fdfd2e9dcf2,2026-08-13T11:08:02.525819Z,200,RETRIEVED,ACCEPTED_FOR_EXTERNAL_GAME_LANE,Exact player-name (or documented source alias) and mapped-team match in gamex hitter table; published 走力 captured without conversion.,,,https://gamex.jp/prospi-top/prospi-players/prospi-players-2025-s1,1.0.0
SP-055-RUN2-2025S1-41645139-NOTFOUND,SP-055,speed-prospi-gamex-run2-20260813,PLAYER_OUTCOME,若月 健矢,41645139,オリックス・バファローズ,Pro Yakyuu Spirits A,2025 Series 1,,,,,,走力,,https://gamex.jp/prospi-top/prospi-players/prospi-players-2025-s1,,,,2026-08-13T11:08:02.525819Z,200,NOT_FOUND,NOT_ACCEPTED_NO_VALUE,"Edition page was reached and parsed, but no exact player-name (or documented source alias) plus mapped-team match was present in its hitter table; no value inferred.",,,https://gamex.jp/prospi-top/prospi-players/prospi-players-2025-s1,1.0.0
SP-055-RUN2-2025S1-71475132-689ebdfdc4ab8f55,SP-055,speed-prospi-gamex-run2-20260813,MATCHED_CARD,西川 龍馬,71475132,オリックス・バファローズ,Pro Yakyuu Spirits A,2025 Series 1,西川龍馬,オリックス,外野,S,TSセレクション 第1弾,走力,75,https://gamex.jp/prospi-top/prospi-players/prospi-players-2025-s1,0,61,689ebdfdc4ab8f55,2026-08-13T11:08:02.525819Z,200,RETRIEVED,ACCEPTED_FOR_EXTERNAL_GAME_LANE,Exact player-name (or documented source alias) and mapped-team match in gamex hitter table; published 走力 captured without conversion.,,,https://gamex.jp/prospi-top/prospi-players/prospi-players-2025-s1,1.0.0
SP-055-RUN2-2025S1-91495130-NOTFOUND,SP-055,speed-prospi-gamex-run2-20260813,PLAYER_OUTCOME,西野 真弘,91495130,オリックス・バファローズ,Pro Yakyuu Spirits A,2025 Series 1,,,,,,走力,,https://gamex.jp/prospi-top/prospi-players/prospi-players-2025-s1,,,,2026-08-13T11:08:02.525819Z,200,NOT_FOUND,NOT_ACCEPTED_NO_VALUE,"Edition page was reached and parsed, but no exact player-name (or documented source alias) plus mapped-team match was present in its hitter table; no value inferred.",,,https://gamex.jp/prospi-top/prospi-players/prospi-players-2025-s1,1.0.0
SP-055-RUN2-2025S1-93795157-NOTFOUND,SP-055,speed-prospi-gamex-run2-20260813,PLAYER_OUTCOME,カリステ,93795157,中日ドラゴンズ,Pro Yakyuu Spirits A,2025 Series 1,,,,,,走力,,https://gamex.jp/prospi-top/prospi-players/prospi-players-2025-s1,,,,2026-08-13T11:08:02.525819Z,200,NOT_FOUND,NOT_ACCEPTED_NO_VALUE,"Edition page was reached and parsed, but no exact player-name (or documented source alias) plus mapped-team match was present in its hitter table; no value inferred.",,,https://gamex.jp/prospi-top/prospi-players/prospi-players-2025-s1,1.0.0
SP-055-RUN2-2025S1-51455153-NOTFOUND,SP-055,speed-prospi-gamex-run2-20260813,PLAYER_OUTCOME,土田 龍空,51455153,中日ドラゴンズ,Pro Yakyuu Spirits A,2025 Series 1,,,,,,走力,,https://gamex.jp/prospi-top/prospi-players/prospi-players-2025-s1,,,,2026-08-13T11:08:02.525819Z,200,NOT_FOUND,NOT_ACCEPTED_NO_VALUE,"Edition page was reached and parsed, but no exact player-name (or documented source alias) plus mapped-team match was present in its hitter table; no value inferred.",,,https://gamex.jp/prospi-top/prospi-players/prospi-players-2025-s1,1.0.0
SP-055-RUN2-2025S1-01305131-NOTFOUND,SP-055,speed-prospi-gamex-run2-20260813,PLAYER_OUTCOME,大島 洋平,01305131,中日ドラゴンズ,Pro Yakyuu Spirits A,2025 Series 1,,,,,,走力,,https://gamex.jp/prospi-top/prospi-players/prospi-players-2025-s1,,,,2026-08-13T11:08:02.525819Z,200,NOT_FOUND,NOT_ACCEPTED_NO_VALUE,"Edition page was reached and parsed, but no exact player-name (or documented source alias) plus mapped-team match was present in its hitter table; no value inferred.",,,https://gamex.jp/prospi-top/prospi-players/prospi-players-2025-s1,1.0.0
SP-055-RUN2-2025S1-81585151-NOTFOUND,SP-055,speed-prospi-gamex-run2-20260813,PLAYER_OUTCOME,岡林 勇希,81585151,中日ドラゴンズ,Pro Yakyuu Spirits A,2025 Series 1,,,,,,走力,,https://gamex.jp/prospi-top/prospi-players/prospi-players-2025-s1,,,,2026-08-13T11:08:02.525819Z,200,NOT_FOUND,NOT_ACCEPTED_NO_VALUE,"Edition page was reached and parsed, but no exact player-name (or documented source alias) plus mapped-team match was present in its hitter table; no value inferred.",,,https://gamex.jp/prospi-top/prospi-players/prospi-players-2025-s1,1.0.0
SP-055-RUN2-2025S1-31735132-640a476d74bb8768,SP-055,speed-prospi-gamex-run2-20260813,MATCHED_CARD,木下 拓哉,31735132,中日ドラゴンズ,Pro Yakyuu Spirits A,2025 Series 1,木下拓哉,中日,捕手,S,レギュラー,走力,60,https://gamex.jp/prospi-top/prospi-players/prospi-players-2025-s1,0,26,640a476d74bb8768,2026-08-13T11:08:02.525819Z,200,RETRIEVED,ACCEPTED_FOR_EXTERNAL_GAME_LANE,Exact player-name (or documented source alias) and mapped-team match in gamex hitter table; published 走力 captured without conversion.,,,https://gamex.jp/prospi-top/prospi-players/prospi-players-2025-s1,1.0.0
SP-055-RUN2-2025S1-03105157-8995dd91e3eae577,SP-055,speed-prospi-gamex-run2-20260813,MATCHED_CARD,村松 開人,03105157,中日ドラゴンズ,Pro Yakyuu Spirits A,2025 Series 1,村松開人,中日,二塁,S,レギュラー,走力,77,https://gamex.jp/prospi-top/prospi-players/prospi-players-2025-s1,0,27,8995dd91e3eae577,2026-08-13T11:08:02.525819Z,200,RETRIEVED,ACCEPTED_FOR_EXTERNAL_GAME_LANE,Exact player-name (or documented source alias) and mapped-team match in gamex hitter table; published 走力 captured without conversion.,,,https://gamex.jp/prospi-top/prospi-players/prospi-players-2025-s1,1.0.0
SP-055-RUN2-2025S1-91395132-NOTFOUND,SP-055,speed-prospi-gamex-run2-20260813,PLAYER_OUTCOME,板山 祐太郎,91395132,中日ドラゴンズ,Pro Yakyuu Spirits A,2025 Series 1,,,,,,走力,,https://gamex.jp/prospi-top/prospi-players/prospi-players-2025-s1,,,,2026-08-13T11:08:02.525819Z,200,NOT_FOUND,NOT_ACCEPTED_NO_VALUE,"Edition page was reached and parsed, but no exact player-name (or documented source alias) plus mapped-team match was present in its hitter table; no value inferred.",,,https://gamex.jp/prospi-top/prospi-players/prospi-players-2025-s1,1.0.0
SP-055-RUN2-2025S1-21025157-c5db30d660e0308a,SP-055,speed-prospi-gamex-run2-20260813,MATCHED_CARD,田中 幹也,21025157,中日ドラゴンズ,Pro Yakyuu Spirits A,2025 Series 1,田中幹也,中日,二塁,S,レギュラー,走力,81,https://gamex.jp/prospi-top/prospi-players/prospi-players-2025-s1,0,28,c5db30d660e0308a,2026-08-13T11:08:02.525819Z,200,RETRIEVED,ACCEPTED_FOR_EXTERNAL_GAME_LANE,Exact player-name (or documented source alias) and mapped-team match in gamex hitter table; published 走力 captured without conversion.,,,https://gamex.jp/prospi-top/prospi-players/prospi-players-2025-s1,1.0.0
SP-055-RUN2-2025S1-91195151-NOTFOUND,SP-055,speed-prospi-gamex-run2-20260813,PLAYER_OUTCOME,石川 昂弥,91195151,中日ドラゴンズ,Pro Yakyuu Spirits A,2025 Series 1,,,,,,走力,,https://gamex.jp/prospi-top/prospi-players/prospi-players-2025-s1,,,,2026-08-13T11:08:02.525819Z,200,NOT_FOUND,NOT_ACCEPTED_NO_VALUE,"Edition page was reached and parsed, but no exact player-name (or documented source alias) plus mapped-team match was present in its hitter table; no value inferred.",,,https://gamex.jp/prospi-top/prospi-players/prospi-players-2025-s1,1.0.0
SP-055-RUN2-2025S1-81685157-NOTFOUND,SP-055,speed-prospi-gamex-run2-20260813,PLAYER_OUTCOME,福永 裕基,81685157,中日ドラゴンズ,Pro Yakyuu Spirits A,2025 Series 1,,,,,,走力,,https://gamex.jp/prospi-top/prospi-players/prospi-players-2025-s1,,,,2026-08-13T11:08:02.525819Z,200,NOT_FOUND,NOT_ACCEPTED_NO_VALUE,"Edition page was reached and parsed, but no exact player-name (or documented source alias) plus mapped-team match was present in its hitter table; no value inferred.",,,https://gamex.jp/prospi-top/prospi-players/prospi-players-2025-s1,1.0.0
SP-055-RUN2-2025S1-31835134-NOTFOUND,SP-055,speed-prospi-gamex-run2-20260813,PLAYER_OUTCOME,細川 成也,31835134,中日ドラゴンズ,Pro Yakyuu Spirits A,2025 Series 1,,,,,,走力,,https://gamex.jp/prospi-top/prospi-players/prospi-players-2025-s1,,,,2026-08-13T11:08:02.525819Z,200,NOT_FOUND,NOT_ACCEPTED_NO_VALUE,"Edition page was reached and parsed, but no exact player-name (or documented source alias) plus mapped-team match was present in its hitter table; no value inferred.",,,https://gamex.jp/prospi-top/prospi-players/prospi-players-2025-s1,1.0.0
SP-055-RUN2-2025S1-91095135-NOTFOUND,SP-055,speed-prospi-gamex-run2-20260813,PLAYER_OUTCOME,高橋 周平,91095135,中日ドラゴンズ,Pro Yakyuu Spirits A,2025 Series 1,,,,,,走力,,https://gamex.jp/prospi-top/prospi-players/prospi-players-2025-s1,,,,2026-08-13T11:08:02.525819Z,200,NOT_FOUND,NOT_ACCEPTED_NO_VALUE,"Edition page was reached and parsed, but no exact player-name (or documented source alias) plus mapped-team match was present in its hitter table; no value inferred.",,,https://gamex.jp/prospi-top/prospi-players/prospi-players-2025-s1,1.0.0
SP-055-RUN2-2025S1-31435157-NOTFOUND,SP-055,speed-prospi-gamex-run2-20260813,PLAYER_OUTCOME,奈良間 大己,31435157,北海道日本ハムファイターズ,Pro Yakyuu Spirits A,2025 Series 1,,,,,,走力,,https://gamex.jp/prospi-top/prospi-players/prospi-players-2025-s1,,,,2026-08-13T11:08:02.525819Z,200,NOT_FOUND,NOT_ACCEPTED_NO_VALUE,"Edition page was reached and parsed, but no exact player-name (or documented source alias) plus mapped-team match was present in its hitter table; no value inferred.",,,https://gamex.jp/prospi-top/prospi-players/prospi-players-2025-s1,1.0.0
SP-055-RUN2-2025S1-63165155-88c11e794d026cc7,SP-055,speed-prospi-gamex-run2-20260813,MATCHED_CARD,水野 達稀,63165155,北海道日本ハムファイターズ,Pro Yakyuu Spirits A,2025 Series 1,水野達稀,日本ハム,二塁,S,レギュラー,走力,74,https://gamex.jp/prospi-top/prospi-players/prospi-players-2025-s1,0,41,88c11e794d026cc7,2026-08-13T11:08:02.525819Z,200,RETRIEVED,ACCEPTED_FOR_EXTERNAL_GAME_LANE,Exact player-name (or documented source alias) and mapped-team match in gamex hitter table; published 走力 captured without conversion.,,,https://gamex.jp/prospi-top/prospi-players/prospi-players-2025-s1,1.0.0
SP-055-RUN2-2025S1-41545136-925ce4b924ae9df9,SP-055,speed-prospi-gamex-run2-20260813,MATCHED_CARD,清宮 幸太郎,41545136,北海道日本ハムファイターズ,Pro Yakyuu Spirits A,2025 Series 1,清宮幸太郎,日本ハム,一塁,S,レギュラー,走力,63,https://gamex.jp/prospi-top/prospi-players/prospi-players-2025-s1,0,42,925ce4b924ae9df9,2026-08-13T11:08:02.525819Z,200,RETRIEVED,ACCEPTED_FOR_EXTERNAL_GAME_LANE,Exact player-name (or documented source alias) and mapped-team match in gamex hitter table; published 走力 captured without conversion.,,,https://gamex.jp/prospi-top/prospi-players/prospi-players-2025-s1,1.0.0
SP-055-RUN2-2025S1-51055138-cdbbfce6d8701d9a,SP-055,speed-prospi-gamex-run2-20260813,MATCHED_CARD,田宮 裕涼,51055138,北海道日本ハムファイターズ,Pro Yakyuu Spirits A,2025 Series 1,田宮裕涼,日本ハム,外野,S,レギュラー,走力,73,https://gamex.jp/prospi-top/prospi-players/prospi-players-2025-s1,0,43,cdbbfce6d8701d9a,2026-08-13T11:08:02.525819Z,200,RETRIEVED,ACCEPTED_FOR_EXTERNAL_GAME_LANE,Exact player-name (or documented source alias) and mapped-team match in gamex hitter table; published 走力 captured without conversion.,,,https://gamex.jp/prospi-top/prospi-players/prospi-players-2025-s1,1.0.0
SP-055-RUN2-2025S1-21925151-NOTFOUND,SP-055,speed-prospi-gamex-run2-20260813,PLAYER_OUTCOME,郡司 裕也,21925151,北海道日本ハムファイターズ,Pro Yakyuu Spirits A,2025 Series 1,,,,,,走力,,https://gamex.jp/prospi-top/prospi-players/prospi-players-2025-s1,,,,2026-08-13T11:08:02.525819Z,200,NOT_FOUND,NOT_ACCEPTED_NO_VALUE,"Edition page was reached and parsed, but no exact player-name (or documented source alias) plus mapped-team match was present in its hitter table; no value inferred.",,,https://gamex.jp/prospi-top/prospi-players/prospi-players-2025-s1,1.0.0
SP-055-RUN2-2025S1-31435138-NOTFOUND,SP-055,speed-prospi-gamex-run2-20260813,PLAYER_OUTCOME,野村 佑希,31435138,北海道日本ハムファイターズ,Pro Yakyuu Spirits A,2025 Series 1,,,,,,走力,,https://gamex.jp/prospi-top/prospi-players/prospi-players-2025-s1,,,,2026-08-13T11:08:02.525819Z,200,NOT_FOUND,NOT_ACCEPTED_NO_VALUE,"Edition page was reached and parsed, but no exact player-name (or documented source alias) plus mapped-team match was present in its hitter table; no value inferred.",,,https://gamex.jp/prospi-top/prospi-players/prospi-players-2025-s1,1.0.0
SP-055-RUN2-2025S1-03505133-NOTFOUND,SP-055,speed-prospi-gamex-run2-20260813,PLAYER_OUTCOME,ソト,03505133,千葉ロッテマリーンズ,Pro Yakyuu Spirits A,2025 Series 1,,,,,,走力,,https://gamex.jp/prospi-top/prospi-players/prospi-players-2025-s1,,,,2026-08-13T11:08:02.525819Z,200,NOT_FOUND,NOT_ACCEPTED_NO_VALUE,"Edition page was reached and parsed, but no exact player-name (or documented source alias) plus mapped-team match was present in its hitter table; no value inferred.",,,https://gamex.jp/prospi-top/prospi-players/prospi-players-2025-s1,1.0.0
SP-055-RUN2-2025S1-63065155-NOTFOUND,SP-055,speed-prospi-gamex-run2-20260813,PLAYER_OUTCOME,ポランコ,63065155,千葉ロッテマリーンズ,Pro Yakyuu Spirits A,2025 Series 1,,,,,,走力,,https://gamex.jp/prospi-top/prospi-players/prospi-players-2025-s1,,,,2026-08-13T11:08:02.525819Z,200,NOT_FOUND,NOT_ACCEPTED_NO_VALUE,"Edition page was reached and parsed, but no exact player-name (or documented source alias) plus mapped-team match was present in its hitter table; no value inferred.",,,https://gamex.jp/prospi-top/prospi-players/prospi-players-2025-s1,1.0.0
SP-055-RUN2-2025S1-71075151-f6f3ff8fe8c62482,SP-055,speed-prospi-gamex-run2-20260813,MATCHED_CARD,佐藤 都志也,71075151,千葉ロッテマリーンズ,Pro Yakyuu Spirits A,2025 Series 1,佐藤都志也,ロッテ,一塁,S,レギュラー,走力,75,https://gamex.jp/prospi-top/prospi-players/prospi-players-2025-s1,0,22,f6f3ff8fe8c62482,2026-08-13T11:08:02.525819Z,200,RETRIEVED,ACCEPTED_FOR_EXTERNAL_GAME_LANE,Exact player-name (or documented source alias) and mapped-team match in gamex hitter table; published 走力 captured without conversion.,,,https://gamex.jp/prospi-top/prospi-players/prospi-players-2025-s1,1.0.0
SP-055-RUN2-2025S1-71275157-b9fc0b812e28c89d,SP-055,speed-prospi-gamex-run2-20260813,MATCHED_CARD,友杉 篤輝,71275157,千葉ロッテマリーンズ,Pro Yakyuu Spirits A,2025 Series 1,友杉篤輝,ロッテ,遊撃,S,レギュラー,走力,80,https://gamex.jp/prospi-top/prospi-players/prospi-players-2025-s1,0,23,b9fc0b812e28c89d,2026-08-13T11:08:02.525819Z,200,RETRIEVED,ACCEPTED_FOR_EXTERNAL_GAME_LANE,Exact player-name (or documented source alias) and mapped-team match in gamex hitter table; published 走力 captured without conversion.,,,https://gamex.jp/prospi-top/prospi-players/prospi-players-2025-s1,1.0.0
SP-055-RUN2-2025S1-81885136-NOTFOUND,SP-055,speed-prospi-gamex-run2-20260813,PLAYER_OUTCOME,安田 尚憲,81885136,千葉ロッテマリーンズ,Pro Yakyuu Spirits A,2025 Series 1,,,,,,走力,,https://gamex.jp/prospi-top/prospi-players/prospi-players-2025-s1,,,,2026-08-13T11:08:02.525819Z,200,NOT_FOUND,NOT_ACCEPTED_NO_VALUE,"Edition page was reached and parsed, but no exact player-name (or documented source alias) plus mapped-team match was present in its hitter table; no value inferred.",,,https://gamex.jp/prospi-top/prospi-players/prospi-players-2025-s1,1.0.0
SP-055-RUN2-2025S1-11715153-NOTFOUND,SP-055,speed-prospi-gamex-run2-20260813,PLAYER_OUTCOME,小川 龍成,11715153,千葉ロッテマリーンズ,Pro Yakyuu Spirits A,2025 Series 1,,,,,,走力,,https://gamex.jp/prospi-top/prospi-players/prospi-players-2025-s1,,,,2026-08-13T11:08:02.525819Z,200,NOT_FOUND,NOT_ACCEPTED_NO_VALUE,"Edition page was reached and parsed, but no exact player-name (or documented source alias) plus mapped-team match was present in its hitter table; no value inferred.",,,https://gamex.jp/prospi-top/prospi-players/prospi-players-2025-s1,1.0.0
SP-055-RUN2-2025S1-91895138-NOTFOUND,SP-055,speed-prospi-gamex-run2-20260813,PLAYER_OUTCOME,山口 航輝,91895138,千葉ロッテマリーンズ,Pro Yakyuu Spirits A,2025 Series 1,,,,,,走力,,https://gamex.jp/prospi-top/prospi-players/prospi-players-2025-s1,,,,2026-08-13T11:08:02.525819Z,200,NOT_FOUND,NOT_ACCEPTED_NO_VALUE,"Edition page was reached and parsed, but no exact player-name (or documented source alias) plus mapped-team match was present in its hitter table; no value inferred.",,,https://gamex.jp/prospi-top/prospi-players/prospi-players-2025-s1,1.0.0
SP-055-RUN2-2025S1-11515139-NOTFOUND,SP-055,speed-prospi-gamex-run2-20260813,PLAYER_OUTCOME,岡 大海,11515139,千葉ロッテマリーンズ,Pro Yakyuu Spirits A,2025 Series 1,,,,,,走力,,https://gamex.jp/prospi-top/prospi-players/prospi-players-2025-s1,,,,2026-08-13T11:08:02.525819Z,200,NOT_FOUND,NOT_ACCEPTED_NO_VALUE,"Edition page was reached and parsed, but no exact player-name (or documented source alias) plus mapped-team match was present in its hitter table; no value inferred.",,,https://gamex.jp/prospi-top/prospi-players/prospi-players-2025-s1,1.0.0
SP-055-RUN2-2025S1-31635138-c4677528c5e71760,SP-055,speed-prospi-gamex-run2-20260813,MATCHED_CARD,藤原 恭大,31635138,千葉ロッテマリーンズ,Pro Yakyuu Spirits A,2025 Series 1,藤原恭大,ロッテ,外野,S,レギュラー,走力,80,https://gamex.jp/prospi-top/prospi-players/prospi-players-2025-s1,0,24,c4677528c5e71760,2026-08-13T11:08:02.525819Z,200,RETRIEVED,ACCEPTED_FOR_EXTERNAL_GAME_LANE,Exact player-name (or documented source alias) and mapped-team match in gamex hitter table; published 走力 captured without conversion.,,,https://gamex.jp/prospi-top/prospi-players/prospi-players-2025-s1,1.0.0
SP-055-RUN2-2025S1-41645136-cee7fe4ebbc8de4e,SP-055,speed-prospi-gamex-run2-20260813,MATCHED_CARD,藤岡 裕大,41645136,千葉ロッテマリーンズ,Pro Yakyuu Spirits A,2025 Series 1,藤岡裕大,ロッテ,三塁,S,レギュラー,走力,76,https://gamex.jp/prospi-top/prospi-players/prospi-players-2025-s1,0,25,cee7fe4ebbc8de4e,2026-08-13T11:08:02.525819Z,200,RETRIEVED,ACCEPTED_FOR_EXTERNAL_GAME_LANE,Exact player-name (or documented source alias) and mapped-team match in gamex hitter table; published 走力 captured without conversion.,,,https://gamex.jp/prospi-top/prospi-players/prospi-players-2025-s1,1.0.0
SP-055-RUN2-2025S1-11215151-NOTFOUND,SP-055,speed-prospi-gamex-run2-20260813,PLAYER_OUTCOME,髙部 瑛斗,11215151,千葉ロッテマリーンズ,Pro Yakyuu Spirits A,2025 Series 1,,,,,,走力,,https://gamex.jp/prospi-top/prospi-players/prospi-players-2025-s1,,,,2026-08-13T11:08:02.525819Z,200,NOT_FOUND,NOT_ACCEPTED_NO_VALUE,"Edition page was reached and parsed, but no exact player-name (or documented source alias) plus mapped-team match was present in its hitter table; no value inferred.",,,https://gamex.jp/prospi-top/prospi-players/prospi-players-2025-s1,1.0.0
SP-055-RUN2-2025S1-81785155-7d819ee27224a1d0,SP-055,speed-prospi-gamex-run2-20260813,MATCHED_CARD,古賀 悠斗,81785155,埼玉西武ライオンズ,Pro Yakyuu Spirits A,2025 Series 1,古賀悠斗,西武,捕手,S,レギュラー,走力,60,https://gamex.jp/prospi-top/prospi-players/prospi-players-2025-s1,0,50,7d819ee27224a1d0,2026-08-13T11:08:02.525819Z,200,RETRIEVED,ACCEPTED_FOR_EXTERNAL_GAME_LANE,Exact player-name (or documented source alias) and mapped-team match in gamex hitter table; published 走力 captured without conversion.,,,https://gamex.jp/prospi-top/prospi-players/prospi-players-2025-s1,1.0.0
SP-055-RUN2-2025S1-41245130-NOTFOUND,SP-055,speed-prospi-gamex-run2-20260813,PLAYER_OUTCOME,外崎 修汰,41245130,埼玉西武ライオンズ,Pro Yakyuu Spirits A,2025 Series 1,,,,,,走力,,https://gamex.jp/prospi-top/prospi-players/prospi-players-2025-s1,,,,2026-08-13T11:08:02.525819Z,200,NOT_FOUND,NOT_ACCEPTED_NO_VALUE,"Edition page was reached and parsed, but no exact player-name (or documented source alias) plus mapped-team match was present in its hitter table; no value inferred.",,,https://gamex.jp/prospi-top/prospi-players/prospi-players-2025-s1,1.0.0
SP-055-RUN2-2025S1-71775134-5f5cce7d5f1a822c,SP-055,speed-prospi-gamex-run2-20260813,MATCHED_CARD,源田 壮亮,71775134,埼玉西武ライオンズ,Pro Yakyuu Spirits A,2025 Series 1,源田壮亮,西武,遊撃,S,レギュラー,走力,82,https://gamex.jp/prospi-top/prospi-players/prospi-players-2025-s1,0,52,5f5cce7d5f1a822c,2026-08-13T11:08:02.525819Z,200,RETRIEVED,ACCEPTED_FOR_EXTERNAL_GAME_LANE,Exact player-name (or documented source alias) and mapped-team match in gamex hitter table; published 走力 captured without conversion.,,,https://gamex.jp/prospi-top/prospi-players/prospi-players-2025-s1,1.0.0
SP-055-RUN2-2025S1-51255155-NOTFOUND,SP-055,speed-prospi-gamex-run2-20260813,PLAYER_OUTCOME,滝澤 夏央,51255155,埼玉西武ライオンズ,Pro Yakyuu Spirits A,2025 Series 1,,,,,,走力,,https://gamex.jp/prospi-top/prospi-players/prospi-players-2025-s1,,,,2026-08-13T11:08:02.525819Z,200,NOT_FOUND,NOT_ACCEPTED_NO_VALUE,"Edition page was reached and parsed, but no exact player-name (or documented source alias) plus mapped-team match was present in its hitter table; no value inferred.",,,https://gamex.jp/prospi-top/prospi-players/prospi-players-2025-s1,1.0.0
SP-055-RUN2-2025S1-21125134-NOTFOUND,SP-055,speed-prospi-gamex-run2-20260813,PLAYER_OUTCOME,石井 一成,21125134,埼玉西武ライオンズ,Pro Yakyuu Spirits A,2025 Series 1,,,,,,走力,,https://gamex.jp/prospi-top/prospi-players/prospi-players-2025-s1,,,,2026-08-13T11:08:02.525819Z,200,NOT_FOUND,NOT_ACCEPTED_NO_VALUE,"Edition page was reached and parsed, but no exact player-name (or documented source alias) plus mapped-team match was present in its hitter table; no value inferred.",,,https://gamex.jp/prospi-top/prospi-players/prospi-players-2025-s1,1.0.0
SP-055-RUN2-2025S1-43745150-NOTFOUND,SP-055,speed-prospi-gamex-run2-20260813,PLAYER_OUTCOME,ファビアン,43745150,広島東洋カープ,Pro Yakyuu Spirits A,2025 Series 1,,,,,,走力,,https://gamex.jp/prospi-top/prospi-players/prospi-players-2025-s1,,,,2026-08-13T11:08:02.525819Z,200,NOT_FOUND,NOT_ACCEPTED_NO_VALUE,"Edition page was reached and parsed, but no exact player-name (or documented source alias) plus mapped-team match was present in its hitter table; no value inferred.",,,https://gamex.jp/prospi-top/prospi-players/prospi-players-2025-s1,1.0.0
SP-055-RUN2-2025S1-53955150-de13fc83a4a958fb,SP-055,speed-prospi-gamex-run2-20260813,MATCHED_CARD,モンテロ,53955150,広島東洋カープ,Pro Yakyuu Spirits A,2025 Series 1,モンテロ,広島,一塁,S,レギュラー,走力,62,https://gamex.jp/prospi-top/prospi-players/prospi-players-2025-s1,0,34,de13fc83a4a958fb,2026-08-13T11:08:02.525819Z,200,RETRIEVED,ACCEPTED_FOR_EXTERNAL_GAME_LANE,Exact player-name (or documented source alias) and mapped-team match in gamex hitter table; published 走力 captured without conversion.,,,https://gamex.jp/prospi-top/prospi-players/prospi-players-2025-s1,1.0.0
SP-055-RUN2-2025S1--NOTFOUND,SP-055,speed-prospi-gamex-run2-20260813,PLAYER_OUTCOME,名原 典彦,,広島東洋カープ,Pro Yakyuu Spirits A,2025 Series 1,,,,,,走力,,https://gamex.jp/prospi-top/prospi-players/prospi-players-2025-s1,,,,2026-08-13T11:08:02.525819Z,200,NOT_FOUND,NOT_ACCEPTED_NO_VALUE,"Edition page was reached and parsed, but no exact player-name (or documented source alias) plus mapped-team match was present in its hitter table; no value inferred.",,,https://gamex.jp/prospi-top/prospi-players/prospi-players-2025-s1,1.0.0
SP-055-RUN2-2025S1-11915134-2edc7152809e046b,SP-055,speed-prospi-gamex-run2-20260813,MATCHED_CARD,坂倉 将吾,11915134,広島東洋カープ,Pro Yakyuu Spirits A,2025 Series 1,坂倉将吾,広島,一塁,S,レギュラー,走力,76,https://gamex.jp/prospi-top/prospi-players/prospi-players-2025-s1,0,35,2edc7152809e046b,2026-08-13T11:08:02.525819Z,200,RETRIEVED,ACCEPTED_FOR_EXTERNAL_GAME_LANE,Exact player-name (or documented source alias) and mapped-team match in gamex hitter table; published 走力 captured without conversion.,,,https://gamex.jp/prospi-top/prospi-players/prospi-players-2025-s1,1.0.0
SP-055-RUN2-2025S1-01705138-NOTFOUND,SP-055,speed-prospi-gamex-run2-20260813,PLAYER_OUTCOME,小園 海斗,01705138,広島東洋カープ,Pro Yakyuu Spirits A,2025 Series 1,,,,,,走力,,https://gamex.jp/prospi-top/prospi-players/prospi-players-2025-s1,,,,2026-08-13T11:08:02.525819Z,200,NOT_FOUND,NOT_ACCEPTED_NO_VALUE,"Edition page was reached and parsed, but no exact player-name (or documented source alias) plus mapped-team match was present in its hitter table; no value inferred.",,,https://gamex.jp/prospi-top/prospi-players/prospi-players-2025-s1,1.0.0
SP-055-RUN2-2025S1-93395153-16964ba434650d5f,SP-055,speed-prospi-gamex-run2-20260813,MATCHED_CARD,矢野 雅哉,93395153,広島東洋カープ,Pro Yakyuu Spirits A,2025 Series 1,矢野雅哉,広島,野手,S,レギュラー,走力,76,https://gamex.jp/prospi-top/prospi-players/prospi-players-2025-s1,0,36,16964ba434650d5f,2026-08-13T11:08:02.525819Z,200,RETRIEVED,ACCEPTED_FOR_EXTERNAL_GAME_LANE,Exact player-name (or documented source alias) and mapped-team match in gamex hitter table; published 走力 captured without conversion.,,,https://gamex.jp/prospi-top/prospi-players/prospi-players-2025-s1,1.0.0
SP-055-RUN2-2025S1-31135133-NOTFOUND,SP-055,speed-prospi-gamex-run2-20260813,PLAYER_OUTCOME,秋山 翔吾,31135133,広島東洋カープ,Pro Yakyuu Spirits A,2025 Series 1,,,,,,走力,,https://gamex.jp/prospi-top/prospi-players/prospi-players-2025-s1,,,,2026-08-13T11:08:02.525819Z,200,NOT_FOUND,NOT_ACCEPTED_NO_VALUE,"Edition page was reached and parsed, but no exact player-name (or documented source alias) plus mapped-team match was present in its hitter table; no value inferred.",,,https://gamex.jp/prospi-top/prospi-players/prospi-players-2025-s1,1.0.0
SP-055-RUN2-2025S1-61565135-NOTFOUND,SP-055,speed-prospi-gamex-run2-20260813,PLAYER_OUTCOME,菊池 涼介,61565135,広島東洋カープ,Pro Yakyuu Spirits A,2025 Series 1,,,,,,走力,,https://gamex.jp/prospi-top/prospi-players/prospi-players-2025-s1,,,,2026-08-13T11:08:02.525819Z,200,NOT_FOUND,NOT_ACCEPTED_NO_VALUE,"Edition page was reached and parsed, but no exact player-name (or documented source alias) plus mapped-team match was present in its hitter table; no value inferred.",,,https://gamex.jp/prospi-top/prospi-players/prospi-players-2025-s1,1.0.0
SP-055-RUN2-2025S1-01405130-e8254956c59cdc97,SP-055,speed-prospi-gamex-run2-20260813,MATCHED_CARD,野間 峻祥,01405130,広島東洋カープ,Pro Yakyuu Spirits A,2025 Series 1,野間峻祥,広島,外野,S,レギュラー,走力,81,https://gamex.jp/prospi-top/prospi-players/prospi-players-2025-s1,0,37,e8254956c59cdc97,2026-08-13T11:08:02.525819Z,200,RETRIEVED,ACCEPTED_FOR_EXTERNAL_GAME_LANE,Exact player-name (or documented source alias) and mapped-team match in gamex hitter table; published 走力 captured without conversion.,,,https://gamex.jp/prospi-top/prospi-players/prospi-players-2025-s1,1.0.0
SP-055-RUN2-2025S1-53755153-NOTFOUND,SP-055,speed-prospi-gamex-run2-20260813,PLAYER_OUTCOME,サンタナ,53755153,東京ヤクルトスワローズ,Pro Yakyuu Spirits A,2025 Series 1,,,,,,走力,,https://gamex.jp/prospi-top/prospi-players/prospi-players-2025-s1,,,,2026-08-13T11:08:02.525819Z,200,NOT_FOUND,NOT_ACCEPTED_NO_VALUE,"Edition page was reached and parsed, but no exact player-name (or documented source alias) plus mapped-team match was present in its hitter table; no value inferred.",,,https://gamex.jp/prospi-top/prospi-players/prospi-players-2025-s1,1.0.0
SP-055-RUN2-2025S1-91695153-NOTFOUND,SP-055,speed-prospi-gamex-run2-20260813,PLAYER_OUTCOME,並木 秀尊,91695153,東京ヤクルトスワローズ,Pro Yakyuu Spirits A,2025 Series 1,,,,,,走力,,https://gamex.jp/prospi-top/prospi-players/prospi-players-2025-s1,,,,2026-08-13T11:08:02.525819Z,200,NOT_FOUND,NOT_ACCEPTED_NO_VALUE,"Edition page was reached and parsed, but no exact player-name (or documented source alias) plus mapped-team match was present in its hitter table; no value inferred.",,,https://gamex.jp/prospi-top/prospi-players/prospi-players-2025-s1,1.0.0
SP-055-RUN2-2025S1-51255118-f8b03ccce4df3ebc,SP-055,speed-prospi-gamex-run2-20260813,MATCHED_CARD,中村 悠平,51255118,東京ヤクルトスワローズ,Pro Yakyuu Spirits A,2025 Series 1,中村悠平,ヤクルト,捕手,S,レギュラー,走力,66,https://gamex.jp/prospi-top/prospi-players/prospi-players-2025-s1,0,19,f8b03ccce4df3ebc,2026-08-13T11:08:02.525819Z,200,RETRIEVED,ACCEPTED_FOR_EXTERNAL_GAME_LANE,Exact player-name (or documented source alias) and mapped-team match in gamex hitter table; published 走力 captured without conversion.,,,https://gamex.jp/prospi-top/prospi-players/prospi-players-2025-s1,1.0.0
SP-055-RUN2-2025S1-93195155-b2a645c3bc8c959a,SP-055,speed-prospi-gamex-run2-20260813,MATCHED_CARD,丸山 和郁,93195155,東京ヤクルトスワローズ,Pro Yakyuu Spirits A,2025 Series 1,丸山和郁,ヤクルト,外野,S,レギュラー,走力,83,https://gamex.jp/prospi-top/prospi-players/prospi-players-2025-s1,0,20,b2a645c3bc8c959a,2026-08-13T11:08:02.525819Z,200,RETRIEVED,ACCEPTED_FOR_EXTERNAL_GAME_LANE,Exact player-name (or documented source alias) and mapped-team match in gamex hitter table; published 走力 captured without conversion.,,,https://gamex.jp/prospi-top/prospi-players/prospi-players-2025-s1,1.0.0
SP-055-RUN2-2025S1-01705134-NOTFOUND,SP-055,speed-prospi-gamex-run2-20260813,PLAYER_OUTCOME,古賀 優大,01705134,東京ヤクルトスワローズ,Pro Yakyuu Spirits A,2025 Series 1,,,,,,走力,,https://gamex.jp/prospi-top/prospi-players/prospi-players-2025-s1,,,,2026-08-13T11:08:02.525819Z,200,NOT_FOUND,NOT_ACCEPTED_NO_VALUE,"Edition page was reached and parsed, but no exact player-name (or documented source alias) plus mapped-team match was present in its hitter table; no value inferred.",,,https://gamex.jp/prospi-top/prospi-players/prospi-players-2025-s1,1.0.0
SP-055-RUN2-2025S1-71975136-NOTFOUND,SP-055,speed-prospi-gamex-run2-20260813,PLAYER_OUTCOME,塩見 泰隆,71975136,東京ヤクルトスワローズ,Pro Yakyuu Spirits A,2025 Series 1,,,,,,走力,,https://gamex.jp/prospi-top/prospi-players/prospi-players-2025-s1,,,,2026-08-13T11:08:02.525819Z,200,NOT_FOUND,NOT_ACCEPTED_NO_VALUE,"Edition page was reached and parsed, but no exact player-name (or documented source alias) plus mapped-team match was present in its hitter table; no value inferred.",,,https://gamex.jp/prospi-top/prospi-players/prospi-players-2025-s1,1.0.0
SP-055-RUN2-2025S1-51355155-NOTFOUND,SP-055,speed-prospi-gamex-run2-20260813,PLAYER_OUTCOME,岩田 幸宏,51355155,東京ヤクルトスワローズ,Pro Yakyuu Spirits A,2025 Series 1,,,,,,走力,,https://gamex.jp/prospi-top/prospi-players/prospi-players-2025-s1,,,,2026-08-13T11:08:02.525819Z,200,NOT_FOUND,NOT_ACCEPTED_NO_VALUE,"Edition page was reached and parsed, but no exact player-name (or documented source alias) plus mapped-team match was present in its hitter table; no value inferred.",,,https://gamex.jp/prospi-top/prospi-players/prospi-players-2025-s1,1.0.0
SP-055-RUN2-2025S1-51455151-0cdc4ab597f2e4ca,SP-055,speed-prospi-gamex-run2-20260813,MATCHED_CARD,長岡 秀樹,51455151,東京ヤクルトスワローズ,Pro Yakyuu Spirits A,2025 Series 1,長岡秀樹,ヤクルト,野手,S,レギュラー,走力,73,https://gamex.jp/prospi-top/prospi-players/prospi-players-2025-s1,0,21,0cdc4ab597f2e4ca,2026-08-13T11:08:02.525819Z,200,RETRIEVED,ACCEPTED_FOR_EXTERNAL_GAME_LANE,Exact player-name (or documented source alias) and mapped-team match in gamex hitter table; published 走力 captured without conversion.,,,https://gamex.jp/prospi-top/prospi-players/prospi-players-2025-s1,1.0.0
SP-055-RUN2-2025S1-71375138-3298df0429e0ef5e,SP-055,speed-prospi-gamex-run2-20260813,MATCHED_CARD,太田 光,71375138,東北楽天ゴールデンイーグルス,Pro Yakyuu Spirits A,2025 Series 1,太田光,楽天,捕手,S,レギュラー,走力,66,https://gamex.jp/prospi-top/prospi-players/prospi-players-2025-s1,0,45,3298df0429e0ef5e,2026-08-13T11:08:02.525819Z,200,RETRIEVED,ACCEPTED_FOR_EXTERNAL_GAME_LANE,Exact player-name (or documented source alias) and mapped-team match in gamex hitter table; published 走力 captured without conversion.,,,https://gamex.jp/prospi-top/prospi-players/prospi-players-2025-s1,1.0.0
SP-055-RUN2-2025S1-41845132-7ae20cc28f3b13cb,SP-055,speed-prospi-gamex-run2-20260813,MATCHED_CARD,村林 一輝,41845132,東北楽天ゴールデンイーグルス,Pro Yakyuu Spirits A,2025 Series 1,村林一輝,楽天,野手,S,レギュラー,走力,77,https://gamex.jp/prospi-top/prospi-players/prospi-players-2025-s1,0,48,7ae20cc28f3b13cb,2026-08-13T11:08:02.525819Z,200,RETRIEVED,ACCEPTED_FOR_EXTERNAL_GAME_LANE,Exact player-name (or documented source alias) and mapped-team match in gamex hitter table; published 走力 captured without conversion.,,,https://gamex.jp/prospi-top/prospi-players/prospi-players-2025-s1,1.0.0
SP-055-RUN2-2025S1-51155118-c53ade860a13a9de,SP-055,speed-prospi-gamex-run2-20260813,MATCHED_CARD,浅村 栄斗,51155118,東北楽天ゴールデンイーグルス,Pro Yakyuu Spirits A,2025 Series 1,浅村栄斗,楽天,一塁,S,レギュラー,走力,71,https://gamex.jp/prospi-top/prospi-players/prospi-players-2025-s1,0,49,c53ade860a13a9de,2026-08-13T11:08:02.525819Z,200,RETRIEVED,ACCEPTED_FOR_EXTERNAL_GAME_LANE,Exact player-name (or documented source alias) and mapped-team match in gamex hitter table; published 走力 captured without conversion.,,,https://gamex.jp/prospi-top/prospi-players/prospi-players-2025-s1,1.0.0
SP-055-RUN2-2025S1-73175138-NOTFOUND,SP-055,speed-prospi-gamex-run2-20260813,PLAYER_OUTCOME,渡邊 佳明,73175138,東北楽天ゴールデンイーグルス,Pro Yakyuu Spirits A,2025 Series 1,,,,,,走力,,https://gamex.jp/prospi-top/prospi-players/prospi-players-2025-s1,,,,2026-08-13T11:08:02.525819Z,200,NOT_FOUND,NOT_ACCEPTED_NO_VALUE,"Edition page was reached and parsed, but no exact player-name (or documented source alias) plus mapped-team match was present in its hitter table; no value inferred.",,,https://gamex.jp/prospi-top/prospi-players/prospi-players-2025-s1,1.0.0
SP-055-RUN2-2025S1-81985135-NOTFOUND,SP-055,speed-prospi-gamex-run2-20260813,PLAYER_OUTCOME,鈴木 大地,81985135,東北楽天ゴールデンイーグルス,Pro Yakyuu Spirits A,2025 Series 1,,,,,,走力,,https://gamex.jp/prospi-top/prospi-players/prospi-players-2025-s1,,,,2026-08-13T11:08:02.525819Z,200,NOT_FOUND,NOT_ACCEPTED_NO_VALUE,"Edition page was reached and parsed, but no exact player-name (or documented source alias) plus mapped-team match was present in its hitter table; no value inferred.",,,https://gamex.jp/prospi-top/prospi-players/prospi-players-2025-s1,1.0.0
SP-055-RUN2-2025S1-81585134-NOTFOUND,SP-055,speed-prospi-gamex-run2-20260813,PLAYER_OUTCOME,京田 陽太,81585134,横浜DeNAベイスターズ,Pro Yakyuu Spirits A,2025 Series 1,,,,,,走力,,https://gamex.jp/prospi-top/prospi-players/prospi-players-2025-s1,,,,2026-08-13T11:08:02.525819Z,200,NOT_FOUND,NOT_ACCEPTED_NO_VALUE,"Edition page was reached and parsed, but no exact player-name (or documented source alias) plus mapped-team match was present in its hitter table; no value inferred.",,,https://gamex.jp/prospi-top/prospi-players/prospi-players-2025-s1,1.0.0
SP-055-RUN2-2025S1-91995134-NOTFOUND,SP-055,speed-prospi-gamex-run2-20260813,PLAYER_OUTCOME,佐野 恵太,91995134,横浜DeNAベイスターズ,Pro Yakyuu Spirits A,2025 Series 1,,,,,,走力,,https://gamex.jp/prospi-top/prospi-players/prospi-players-2025-s1,,,,2026-08-13T11:08:02.525819Z,200,NOT_FOUND,NOT_ACCEPTED_NO_VALUE,"Edition page was reached and parsed, but no exact player-name (or documented source alias) plus mapped-team match was present in its hitter table; no value inferred.",,,https://gamex.jp/prospi-top/prospi-players/prospi-players-2025-s1,1.0.0
SP-055-RUN2-2025S1-51455137-NOTFOUND,SP-055,speed-prospi-gamex-run2-20260813,PLAYER_OUTCOME,宮﨑 敏郎,51455137,横浜DeNAベイスターズ,Pro Yakyuu Spirits A,2025 Series 1,,,,,,走力,,https://gamex.jp/prospi-top/prospi-players/prospi-players-2025-s1,,,,2026-08-13T11:08:02.525819Z,200,NOT_FOUND,NOT_ACCEPTED_NO_VALUE,"Edition page was reached and parsed, but no exact player-name (or documented source alias) plus mapped-team match was present in its hitter table; no value inferred.",,,https://gamex.jp/prospi-top/prospi-players/prospi-players-2025-s1,1.0.0
SP-055-RUN2-2025S1-23125136-b1bfea48aae779c7,SP-055,speed-prospi-gamex-run2-20260813,MATCHED_CARD,山本 祐大,23125136,横浜DeNAベイスターズ,Pro Yakyuu Spirits A,2025 Series 1,山本祐大,DeNA,捕手,S,レギュラー,走力,69,https://gamex.jp/prospi-top/prospi-players/prospi-players-2025-s1,0,2,b1bfea48aae779c7,2026-08-13T11:08:02.525819Z,200,RETRIEVED,ACCEPTED_FOR_EXTERNAL_GAME_LANE,Exact player-name (or documented source alias) and mapped-team match in gamex hitter table; published 走力 captured without conversion.,,,https://gamex.jp/prospi-top/prospi-players/prospi-players-2025-s1,1.0.0
SP-055-RUN2-2025S1-33535159-NOTFOUND,SP-055,speed-prospi-gamex-run2-20260813,PLAYER_OUTCOME,度会 隆輝,33535159,横浜DeNAベイスターズ,Pro Yakyuu Spirits A,2025 Series 1,,,,,,走力,,https://gamex.jp/prospi-top/prospi-players/prospi-players-2025-s1,,,,2026-08-13T11:08:02.525819Z,200,NOT_FOUND,NOT_ACCEPTED_NO_VALUE,"Edition page was reached and parsed, but no exact player-name (or documented source alias) plus mapped-team match was present in its hitter table; no value inferred.",,,https://gamex.jp/prospi-top/prospi-players/prospi-players-2025-s1,1.0.0
SP-055-RUN2-2025S1-91695157-NOTFOUND,SP-055,speed-prospi-gamex-run2-20260813,PLAYER_OUTCOME,林 琢真,91695157,横浜DeNAベイスターズ,Pro Yakyuu Spirits A,2025 Series 1,,,,,,走力,,https://gamex.jp/prospi-top/prospi-players/prospi-players-2025-s1,,,,2026-08-13T11:08:02.525819Z,200,NOT_FOUND,NOT_ACCEPTED_NO_VALUE,"Edition page was reached and parsed, but no exact player-name (or documented source alias) plus mapped-team match was present in its hitter table; no value inferred.",,,https://gamex.jp/prospi-top/prospi-players/prospi-players-2025-s1,1.0.0
SP-055-RUN2-2025S1-51555155-7c5843b3401066d3,SP-055,speed-prospi-gamex-run2-20260813,MATCHED_CARD,梶原 昂希,51555155,横浜DeNAベイスターズ,Pro Yakyuu Spirits A,2025 Series 1,梶原昂希,DeNA,外野,S,レギュラー,走力,81,https://gamex.jp/prospi-top/prospi-players/prospi-players-2025-s1,0,3,7c5843b3401066d3,2026-08-13T11:08:02.525819Z,200,RETRIEVED,ACCEPTED_FOR_EXTERNAL_GAME_LANE,Exact player-name (or documented source alias) and mapped-team match in gamex hitter table; published 走力 captured without conversion.,,,https://gamex.jp/prospi-top/prospi-players/prospi-players-2025-s1,1.0.0
SP-055-RUN2-2025S1-13115153-da509b0508e0f697,SP-055,speed-prospi-gamex-run2-20260813,MATCHED_CARD,牧 秀悟,13115153,横浜DeNAベイスターズ,Pro Yakyuu Spirits A,2025 Series 1,牧秀悟,DeNA,一塁,S,レギュラー,走力,70,https://gamex.jp/prospi-top/prospi-players/prospi-players-2025-s1,0,5,da509b0508e0f697,2026-08-13T11:08:02.525819Z,200,RETRIEVED,ACCEPTED_FOR_EXTERNAL_GAME_LANE,Exact player-name (or documented source alias) and mapped-team match in gamex hitter table; published 走力 captured without conversion.,,,https://gamex.jp/prospi-top/prospi-players/prospi-players-2025-s1,1.0.0
SP-055-RUN2-2025S1-41945131-NOTFOUND,SP-055,speed-prospi-gamex-run2-20260813,PLAYER_OUTCOME,筒香 嘉智,41945131,横浜DeNAベイスターズ,Pro Yakyuu Spirits A,2025 Series 1,,,,,,走力,,https://gamex.jp/prospi-top/prospi-players/prospi-players-2025-s1,,,,2026-08-13T11:08:02.525819Z,200,NOT_FOUND,NOT_ACCEPTED_NO_VALUE,"Edition page was reached and parsed, but no exact player-name (or documented source alias) plus mapped-team match was present in its hitter table; no value inferred.",,,https://gamex.jp/prospi-top/prospi-players/prospi-players-2025-s1,1.0.0
SP-055-RUN2-2025S1-51555151-NOTFOUND,SP-055,speed-prospi-gamex-run2-20260813,PLAYER_OUTCOME,蝦名 達夫,51555151,横浜DeNAベイスターズ,Pro Yakyuu Spirits A,2025 Series 1,,,,,,走力,,https://gamex.jp/prospi-top/prospi-players/prospi-players-2025-s1,,,,2026-08-13T11:08:02.525819Z,200,NOT_FOUND,NOT_ACCEPTED_NO_VALUE,"Edition page was reached and parsed, but no exact player-name (or documented source alias) plus mapped-team match was present in its hitter table; no value inferred.",,,https://gamex.jp/prospi-top/prospi-players/prospi-players-2025-s1,1.0.0
SP-055-RUN2-2025S1-31335131-cc2b3ea001c510bf,SP-055,speed-prospi-gamex-run2-20260813,MATCHED_CARD,今宮 健太,31335131,福岡ソフトバンクホークス,Pro Yakyuu Spirits A,2025 Series 1,今宮健太,ソフトバンク,遊撃,S,レギュラー,走力,74,https://gamex.jp/prospi-top/prospi-players/prospi-players-2025-s1,0,13,cc2b3ea001c510bf,2026-08-13T11:08:02.525819Z,200,RETRIEVED,ACCEPTED_FOR_EXTERNAL_GAME_LANE,Exact player-name (or documented source alias) and mapped-team match in gamex hitter table; published 走力 captured without conversion.,,,https://gamex.jp/prospi-top/prospi-players/prospi-players-2025-s1,1.0.0
SP-055-RUN2-2025S1-21925136-NOTFOUND,SP-055,speed-prospi-gamex-run2-20260813,PLAYER_OUTCOME,周東 佑京,21925136,福岡ソフトバンクホークス,Pro Yakyuu Spirits A,2025 Series 1,,,,,,走力,,https://gamex.jp/prospi-top/prospi-players/prospi-players-2025-s1,,,,2026-08-13T11:08:02.525819Z,200,NOT_FOUND,NOT_ACCEPTED_NO_VALUE,"Edition page was reached and parsed, but no exact player-name (or documented source alias) plus mapped-team match was present in its hitter table; no value inferred.",,,https://gamex.jp/prospi-top/prospi-players/prospi-players-2025-s1,1.0.0
SP-055-RUN2-2025S1-21425139-NOTFOUND,SP-055,speed-prospi-gamex-run2-20260813,PLAYER_OUTCOME,山川 穂高,21425139,福岡ソフトバンクホークス,Pro Yakyuu Spirits A,2025 Series 1,,,,,,走力,,https://gamex.jp/prospi-top/prospi-players/prospi-players-2025-s1,,,,2026-08-13T11:08:02.525819Z,200,NOT_FOUND,NOT_ACCEPTED_NO_VALUE,"Edition page was reached and parsed, but no exact player-name (or documented source alias) plus mapped-team match was present in its hitter table; no value inferred.",,,https://gamex.jp/prospi-top/prospi-players/prospi-players-2025-s1,1.0.0
SP-055-RUN2-2025S1-31835133-NOTFOUND,SP-055,speed-prospi-gamex-run2-20260813,PLAYER_OUTCOME,柳田 悠岐,31835133,福岡ソフトバンクホークス,Pro Yakyuu Spirits A,2025 Series 1,,,,,,走力,,https://gamex.jp/prospi-top/prospi-players/prospi-players-2025-s1,,,,2026-08-13T11:08:02.525819Z,200,NOT_FOUND,NOT_ACCEPTED_NO_VALUE,"Edition page was reached and parsed, but no exact player-name (or documented source alias) plus mapped-team match was present in its hitter table; no value inferred.",,,https://gamex.jp/prospi-top/prospi-players/prospi-players-2025-s1,1.0.0
SP-055-RUN2-2025S1-73175151-NOTFOUND,SP-055,speed-prospi-gamex-run2-20260813,PLAYER_OUTCOME,柳町 達,73175151,福岡ソフトバンクホークス,Pro Yakyuu Spirits A,2025 Series 1,,,,,,走力,,https://gamex.jp/prospi-top/prospi-players/prospi-players-2025-s1,,,,2026-08-13T11:08:02.525819Z,200,NOT_FOUND,NOT_ACCEPTED_NO_VALUE,"Edition page was reached and parsed, but no exact player-name (or documented source alias) plus mapped-team match was present in its hitter table; no value inferred.",,,https://gamex.jp/prospi-top/prospi-players/prospi-players-2025-s1,1.0.0
SP-055-RUN2-2025S1-01705130-NOTFOUND,SP-055,speed-prospi-gamex-run2-20260813,PLAYER_OUTCOME,栗原 陵矢,01705130,福岡ソフトバンクホークス,Pro Yakyuu Spirits A,2025 Series 1,,,,,,走力,,https://gamex.jp/prospi-top/prospi-players/prospi-players-2025-s1,,,,2026-08-13T11:08:02.525819Z,200,NOT_FOUND,NOT_ACCEPTED_NO_VALUE,"Edition page was reached and parsed, but no exact player-name (or documented source alias) plus mapped-team match was present in its hitter table; no value inferred.",,,https://gamex.jp/prospi-top/prospi-players/prospi-players-2025-s1,1.0.0
SP-055-RUN2-2025S1-81885155-NOTFOUND,SP-055,speed-prospi-gamex-run2-20260813,PLAYER_OUTCOME,正木 智也,81885155,福岡ソフトバンクホークス,Pro Yakyuu Spirits A,2025 Series 1,,,,,,走力,,https://gamex.jp/prospi-top/prospi-players/prospi-players-2025-s1,,,,2026-08-13T11:08:02.525819Z,200,NOT_FOUND,NOT_ACCEPTED_NO_VALUE,"Edition page was reached and parsed, but no exact player-name (or documented source alias) plus mapped-team match was present in its hitter table; no value inferred.",,,https://gamex.jp/prospi-top/prospi-players/prospi-players-2025-s1,1.0.0
SP-055-RUN2-2025S1-81385151-233f9b8d5429493c,SP-055,speed-prospi-gamex-run2-20260813,MATCHED_CARD,海野 隆司,81385151,福岡ソフトバンクホークス,Pro Yakyuu Spirits A,2025 Series 1,海野隆司,ソフトバンク,捕手,S,レギュラー,走力,65,https://gamex.jp/prospi-top/prospi-players/prospi-players-2025-s1,0,14,233f9b8d5429493c,2026-08-13T11:08:02.525819Z,200,RETRIEVED,ACCEPTED_FOR_EXTERNAL_GAME_LANE,Exact player-name (or documented source alias) and mapped-team match in gamex hitter table; published 走力 captured without conversion.,,,https://gamex.jp/prospi-top/prospi-players/prospi-players-2025-s1,1.0.0
SP-055-RUN2-2025S1-61465133-a3a86222c1b304b8,SP-055,speed-prospi-gamex-run2-20260813,MATCHED_CARD,牧原 大成,61465133,福岡ソフトバンクホークス,Pro Yakyuu Spirits A,2025 Series 1,牧原大成,ソフトバンク,外野,S,レギュラー,走力,80,https://gamex.jp/prospi-top/prospi-players/prospi-players-2025-s1,0,15,a3a86222c1b304b8,2026-08-13T11:08:02.525819Z,200,RETRIEVED,ACCEPTED_FOR_EXTERNAL_GAME_LANE,Exact player-name (or documented source alias) and mapped-team match in gamex hitter table; published 走力 captured without conversion.,,,https://gamex.jp/prospi-top/prospi-players/prospi-players-2025-s1,1.0.0
SP-055-RUN2-2025S1-41745135-NOTFOUND,SP-055,speed-prospi-gamex-run2-20260813,PLAYER_OUTCOME,近藤 健介,41745135,福岡ソフトバンクホークス,Pro Yakyuu Spirits A,2025 Series 1,,,,,,走力,,https://gamex.jp/prospi-top/prospi-players/prospi-players-2025-s1,,,,2026-08-13T11:08:02.525819Z,200,NOT_FOUND,NOT_ACCEPTED_NO_VALUE,"Edition page was reached and parsed, but no exact player-name (or documented source alias) plus mapped-team match was present in its hitter table; no value inferred.",,,https://gamex.jp/prospi-top/prospi-players/prospi-players-2025-s1,1.0.0
SP-055-RUN2-2025S1-21425116-cd79eed676b21590,SP-055,speed-prospi-gamex-run2-20260813,MATCHED_CARD,丸 佳浩,21425116,読売ジャイアンツ,Pro Yakyuu Spirits A,2025 Series 1,丸佳浩,巨人,外野,S,レギュラー,走力,74,https://gamex.jp/prospi-top/prospi-players/prospi-players-2025-s1,0,30,cd79eed676b21590,2026-08-13T11:08:02.525819Z,200,RETRIEVED,ACCEPTED_FOR_EXTERNAL_GAME_LANE,Exact player-name (or documented source alias) and mapped-team match in gamex hitter table; published 走力 captured without conversion.,,,https://gamex.jp/prospi-top/prospi-players/prospi-players-2025-s1,1.0.0
SP-055-RUN2-2025S1-51955159-NOTFOUND,SP-055,speed-prospi-gamex-run2-20260813,PLAYER_OUTCOME,佐々木 俊輔,51955159,読売ジャイアンツ,Pro Yakyuu Spirits A,2025 Series 1,,,,,,走力,,https://gamex.jp/prospi-top/prospi-players/prospi-players-2025-s1,,,,2026-08-13T11:08:02.525819Z,200,NOT_FOUND,NOT_ACCEPTED_NO_VALUE,"Edition page was reached and parsed, but no exact player-name (or documented source alias) plus mapped-team match was present in its hitter table; no value inferred.",,,https://gamex.jp/prospi-top/prospi-players/prospi-players-2025-s1,1.0.0
SP-055-RUN2-2025S1-73375134-46adabecca64da63,SP-055,speed-prospi-gamex-run2-20260813,MATCHED_CARD,吉川 尚輝,73375134,読売ジャイアンツ,Pro Yakyuu Spirits A,2025 Series 1,吉川尚輝,巨人,二塁,S,レギュラー,走力,80,https://gamex.jp/prospi-top/prospi-players/prospi-players-2025-s1,0,31,46adabecca64da63,2026-08-13T11:08:02.525819Z,200,RETRIEVED,ACCEPTED_FOR_EXTERNAL_GAME_LANE,Exact player-name (or documented source alias) and mapped-team match in gamex hitter table; published 走力 captured without conversion.,,,https://gamex.jp/prospi-top/prospi-players/prospi-players-2025-s1,1.0.0
SP-055-RUN2-2025S1-21325136-NOTFOUND,SP-055,speed-prospi-gamex-run2-20260813,PLAYER_OUTCOME,大城 卓三,21325136,読売ジャイアンツ,Pro Yakyuu Spirits A,2025 Series 1,,,,,,走力,,https://gamex.jp/prospi-top/prospi-players/prospi-players-2025-s1,,,,2026-08-13T11:08:02.525819Z,200,NOT_FOUND,NOT_ACCEPTED_NO_VALUE,"Edition page was reached and parsed, but no exact player-name (or documented source alias) plus mapped-team match was present in its hitter table; no value inferred.",,,https://gamex.jp/prospi-top/prospi-players/prospi-players-2025-s1,1.0.0
SP-055-RUN2-2025S1-91595136-NOTFOUND,SP-055,speed-prospi-gamex-run2-20260813,PLAYER_OUTCOME,岸田 行倫,91595136,読売ジャイアンツ,Pro Yakyuu Spirits A,2025 Series 1,,,,,,走力,,https://gamex.jp/prospi-top/prospi-players/prospi-players-2025-s1,,,,2026-08-13T11:08:02.525819Z,200,NOT_FOUND,NOT_ACCEPTED_NO_VALUE,"Edition page was reached and parsed, but no exact player-name (or documented source alias) plus mapped-team match was present in its hitter table; no value inferred.",,,https://gamex.jp/prospi-top/prospi-players/prospi-players-2025-s1,1.0.0
SP-055-RUN2-2025S1-21625135-NOTFOUND,SP-055,speed-prospi-gamex-run2-20260813,PLAYER_OUTCOME,松本 剛,21625135,読売ジャイアンツ,Pro Yakyuu Spirits A,2025 Series 1,,,,,,走力,,https://gamex.jp/prospi-top/prospi-players/prospi-players-2025-s1,,,,2026-08-13T11:08:02.525819Z,200,NOT_FOUND,NOT_ACCEPTED_NO_VALUE,"Edition page was reached and parsed, but no exact player-name (or documented source alias) plus mapped-team match was present in its hitter table; no value inferred.",,,https://gamex.jp/prospi-top/prospi-players/prospi-players-2025-s1,1.0.0
SP-055-RUN2-2025S1-41445153-68e4dafe69d3120c,SP-055,speed-prospi-gamex-run2-20260813,MATCHED_CARD,中野 拓夢,41445153,阪神タイガース,Pro Yakyuu Spirits A,2025 Series 1,中野拓夢,阪神,二塁,S,レギュラー,走力,79,https://gamex.jp/prospi-top/prospi-players/prospi-players-2025-s1,0,54,68e4dafe69d3120c,2026-08-13T11:08:02.525819Z,200,RETRIEVED,ACCEPTED_FOR_EXTERNAL_GAME_LANE,Exact player-name (or documented source alias) and mapped-team match in gamex hitter table; published 走力 captured without conversion.,,,https://gamex.jp/prospi-top/prospi-players/prospi-players-2025-s1,1.0.0
SP-055-RUN2-2025S1-61065137-NOTFOUND,SP-055,speed-prospi-gamex-run2-20260813,PLAYER_OUTCOME,伏見 寅威,61065137,阪神タイガース,Pro Yakyuu Spirits A,2025 Series 1,,,,,,走力,,https://gamex.jp/prospi-top/prospi-players/prospi-players-2025-s1,,,,2026-08-13T11:08:02.525819Z,200,NOT_FOUND,NOT_ACCEPTED_NO_VALUE,"Edition page was reached and parsed, but no exact player-name (or documented source alias) plus mapped-team match was present in its hitter table; no value inferred.",,,https://gamex.jp/prospi-top/prospi-players/prospi-players-2025-s1,1.0.0
SP-055-RUN2-2025S1-41045153-NOTFOUND,SP-055,speed-prospi-gamex-run2-20260813,PLAYER_OUTCOME,佐藤 輝明,41045153,阪神タイガース,Pro Yakyuu Spirits A,2025 Series 1,,,,,,走力,,https://gamex.jp/prospi-top/prospi-players/prospi-players-2025-s1,,,,2026-08-13T11:08:02.525819Z,200,NOT_FOUND,NOT_ACCEPTED_NO_VALUE,"Edition page was reached and parsed, but no exact player-name (or documented source alias) plus mapped-team match was present in its hitter table; no value inferred.",,,https://gamex.jp/prospi-top/prospi-players/prospi-players-2025-s1,1.0.0
SP-055-RUN2-2025S1-11915132-NOTFOUND,SP-055,speed-prospi-gamex-run2-20260813,PLAYER_OUTCOME,坂本 誠志郎,11915132,阪神タイガース,Pro Yakyuu Spirits A,2025 Series 1,,,,,,走力,,https://gamex.jp/prospi-top/prospi-players/prospi-players-2025-s1,,,,2026-08-13T11:08:02.525819Z,200,NOT_FOUND,NOT_ACCEPTED_NO_VALUE,"Edition page was reached and parsed, but no exact player-name (or documented source alias) plus mapped-team match was present in its hitter table; no value inferred.",,,https://gamex.jp/prospi-top/prospi-players/prospi-players-2025-s1,1.0.0
SP-055-RUN2-2025S1-21325134-ec93dd2426c47021,SP-055,speed-prospi-gamex-run2-20260813,MATCHED_CARD,大山 悠輔,21325134,阪神タイガース,Pro Yakyuu Spirits A,2025 Series 1,大山悠輔,阪神,一塁,S,レギュラー,走力,66,https://gamex.jp/prospi-top/prospi-players/prospi-players-2025-s1,0,55,ec93dd2426c47021,2026-08-13T11:08:02.525819Z,200,RETRIEVED,ACCEPTED_FOR_EXTERNAL_GAME_LANE,Exact player-name (or documented source alias) and mapped-team match in gamex hitter table; published 走力 captured without conversion.,,,https://gamex.jp/prospi-top/prospi-players/prospi-players-2025-s1,1.0.0
SP-055-RUN2-2025S1-31535138-NOTFOUND,SP-055,speed-prospi-gamex-run2-20260813,PLAYER_OUTCOME,小幡 竜平,31535138,阪神タイガース,Pro Yakyuu Spirits A,2025 Series 1,,,,,,走力,,https://gamex.jp/prospi-top/prospi-players/prospi-players-2025-s1,,,,2026-08-13T11:08:02.525819Z,200,NOT_FOUND,NOT_ACCEPTED_NO_VALUE,"Edition page was reached and parsed, but no exact player-name (or documented source alias) plus mapped-team match was present in its hitter table; no value inferred.",,,https://gamex.jp/prospi-top/prospi-players/prospi-players-2025-s1,1.0.0
SP-055-RUN2-2025S1-31735138-874507364cd881b8,SP-055,speed-prospi-gamex-run2-20260813,MATCHED_CARD,木浪 聖也,31735138,阪神タイガース,Pro Yakyuu Spirits A,2025 Series 1,木浪聖也,阪神,野手,S,レギュラー,走力,72,https://gamex.jp/prospi-top/prospi-players/prospi-players-2025-s1,0,56,874507364cd881b8,2026-08-13T11:08:02.525819Z,200,RETRIEVED,ACCEPTED_FOR_EXTERNAL_GAME_LANE,Exact player-name (or documented source alias) and mapped-team match in gamex hitter table; published 走力 captured without conversion.,,,https://gamex.jp/prospi-top/prospi-players/prospi-players-2025-s1,1.0.0
SP-055-RUN2-2025S1-21325139-334864b0d495a631,SP-055,speed-prospi-gamex-run2-20260813,MATCHED_CARD,梅野 隆太郎,21325139,阪神タイガース,Pro Yakyuu Spirits A,2025 Series 1,梅野隆太郎,阪神,捕手,S,レギュラー,走力,73,https://gamex.jp/prospi-top/prospi-players/prospi-players-2025-s1,0,57,334864b0d495a631,2026-08-13T11:08:02.525819Z,200,RETRIEVED,ACCEPTED_FOR_EXTERNAL_GAME_LANE,Exact player-name (or documented source alias) and mapped-team match in gamex hitter table; published 走力 captured without conversion.,,,https://gamex.jp/prospi-top/prospi-players/prospi-players-2025-s1,1.0.0
SP-055-RUN2-2025S1-43145157-9878326ad9239569,SP-055,speed-prospi-gamex-run2-20260813,MATCHED_CARD,森下 翔太,43145157,阪神タイガース,Pro Yakyuu Spirits A,2025 Series 1,森下翔太,阪神,外野,S,レギュラー,走力,68,https://gamex.jp/prospi-top/prospi-players/prospi-players-2025-s1,0,58,9878326ad9239569,2026-08-13T11:08:02.525819Z,200,RETRIEVED,ACCEPTED_FOR_EXTERNAL_GAME_LANE,Exact player-name (or documented source alias) and mapped-team match in gamex hitter table; published 走力 captured without conversion.,,,https://gamex.jp/prospi-top/prospi-players/prospi-players-2025-s1,1.0.0
SP-055-RUN2-2024S2_PROBE-SOURCE-NOT_FOUND,SP-055,speed-prospi-gamex-run2-20260813,SOURCE_OUTCOME,,,,Pro Yakyuu Spirits A,2024 Series 2 (gamex route probe),,,,,,走力,,https://gamex.jp/prospi-top/prospi-players/prospi-players-2024-s2,,,,2026-08-13T11:08:02.845351Z,404,NOT_FOUND,NOT_ACCEPTED_NO_VALUE,The requested gamex route returned a non-success HTTP response; no player value was inferred.,HTTP_404,HTTP 404 Not Found,https://gamex.jp/prospi-top/prospi-players/prospi-players-2024-s2,1.0.0
SP-055-RUN2-2025S2-01705138-6497cec9aba53548-DUP02,SP-055,speed-prospi-gamex-run2-20260813,MATCHED_CARD,小園 海斗,01705138,広島東洋カープ,Pro Yakyuu Spirits A,2025 Series 2,小園海斗,広島,遊撃,S,スペシャルセレクション,走力,79,https://gamex.jp/prospi-top/prospi-players/prospi-players-2025-s2,0,146,6497cec9aba53548,2026-08-13T11:10:15.214916Z,200,RETRIEVED,ACCEPTED_FOR_EXTERNAL_GAME_LANE,Exact player-name (or documented source alias) and mapped-team match in gamex hitter table; published 走力 captured without conversion.,,,https://gamex.jp/prospi-top/prospi-players/prospi-players-2025-s2,1.0.0
