record_id,player,canonical_player_id,game,edition,update_date,platform,source_type,source_url,video_id,video_id_or_post_id,parent_event_id,author_id_or_name,timestamp,text,likes,reply_count,classification,strength,independence_group,physical_or_rating_lane,target_rating_if_explicit,comparison_player_if_any,source_quality,notes,acceptance_status,acceptance_reason,collected_at,attempted_routes,error,title,published_at,target_player_mapping,update_mapping,missingness,required_user_input,official_verification,comments_retrieved,comment_count_reported,api_state
SP034-RUN2-VIDEO-sX8nl6eCua0,,,Pro Yakyuu Spirits A,2026/most-recent official channel inventory,2026-07-16,YouTube,official_youtube_video_inventory,https://www.youtube.com/watch?v=sX8nl6eCua0,sX8nl6eCua0,sX8nl6eCua0,youtube:sX8nl6eCua0,,2026-07-16T10:00:01Z,,,,"[""UNCLASSIFIED_CONTEXT""]",CONTEXT,youtube:sX8nl6eCua0,rating,,,OFFICIAL_YOUTUBE_CHANNEL,Prospi title match in latest-300 official channel inventory; comment_candidate=True.,INSUFFICIENT,Comments were retrieved and screened below; video-level inventory is not an independent speed-rating observation.,2026-08-13T11:05:43Z,yt-dlp direct official-channel collection; --ignore-config; --no-update; no --proxy argument,,福留孝介・糸井嘉男の新能力公開！ 福留×糸井 ホンネ！俺の実力話しますSP 後編【プロスピA】,2026-07-16T10:00:01Z,NO_CURRENT_100_PLAYER_FULL_NAME_MATCH,ability_or_update_title_marker,COMMENTS_BOUNDED_TO_YTDLP_MAX_300; full API pagination unavailable,"For exhaustive/reproducible comment coverage, provide YouTube Data API commentThreads/replies JSON or CSV with videoId, comment ID, parent ID, authorChannelId/displayName, publishedAt, text, likeCount, replyCount.",channel_id=UCWzEh28vj3mQKpe0fzVTOUw; channel_name=パワプロ・プロスピ公式チャンネル,300,NOT_PUBLICLY_RETURNED_BY_YTDLP,NOT_CONFIGURED_ENV; no YouTube Data API key was supplied
SP034-RUN2-COMMENT-sX8nl6eCua0-UgwhXI8h9X6kfZEGenx4AaABAg.AZJto5kLmjVAZK4GZ6JrU6,,,Pro Yakyuu Spirits A,2026/most-recent official channel inventory,2026-07-16,YouTube,official_youtube_comment,https://www.youtube.com/watch?v=sX8nl6eCua0&lc=UgwhXI8h9X6kfZEGenx4AaABAg.AZJto5kLmjVAZK4GZ6JrU6,sX8nl6eCua0,UgwhXI8h9X6kfZEGenx4AaABAg.AZJto5kLmjVAZK4GZ6JrU6,youtube:sX8nl6eCua0:UgwhXI8h9X6kfZEGenx4AaABAg,@sppsmath|UCNyX-KScPIBFs8WK26yrcAQ,2026-07-23T00:00:00Z,弾道と特能の強さはプロスピやってないと分からんし、ミートや走力、守備適性や裏ステの数値はめっちゃ高いから妥当と感じる気がする,12,NOT_PUBLICLY_RETURNED_BY_YTDLP,"[""UNCLASSIFIED_CONTEXT""]",CONTEXT,youtube:sX8nl6eCua0,rating,,,OFFICIAL_YOUTUBE_PUBLIC_COMMENT,Retained because it contains a broad speed-related term; classification does not make it a physical-speed teacher.,INSUFFICIENT,Retained without inference: missing a safe current-100-player identity and/or explicit speed-rating direction.,2026-08-13T11:06:00Z,yt-dlp direct official-channel collection; --ignore-config; --no-update; no --proxy argument,,福留孝介・糸井嘉男の新能力公開！ 福留×糸井 ホンネ！俺の実力話しますSP 後編【プロスピA】,2026-07-16T10:00:01Z,NO_CURRENT_100_PLAYER_FULL_NAME_MATCH,ability_or_update_title_marker,YTDLP_BOUNDED_PUBLIC_COMMENT_SAMPLE; replies/total comment count may be incomplete,"For exhaustive/reproducible comment coverage, provide YouTube Data API commentThreads/replies JSON or CSV with videoId, comment ID, parent ID, authorChannelId/displayName, publishedAt, text, likeCount, replyCount.",channel_id=UCWzEh28vj3mQKpe0fzVTOUw; channel_name=パワプロ・プロスピ公式チャンネル,300,NOT_PUBLICLY_RETURNED_BY_YTDLP,NOT_CONFIGURED_ENV; no YouTube Data API key was supplied
SP034-RUN2-COMMENT-sX8nl6eCua0-UgyZEz1u2PbhX-vH7ah4AaABAg.AZJu3EQBLNxAZJx1As7Zdm,,,Pro Yakyuu Spirits A,2026/most-recent official channel inventory,2026-07-16,YouTube,official_youtube_comment,https://www.youtube.com/watch?v=sX8nl6eCua0&lc=UgyZEz1u2PbhX-vH7ah4AaABAg.AZJu3EQBLNxAZJx1As7Zdm,sX8nl6eCua0,UgyZEz1u2PbhX-vH7ah4AaABAg.AZJu3EQBLNxAZJx1As7Zdm,youtube:sX8nl6eCua0:UgyZEz1u2PbhX-vH7ah4AaABAg,@コナンロシュフォールIII世の隣人|UCcE3U-7VN8DYLaoMvWkSyuQ,2026-07-16T00:00:00Z,ミート足肩スローイング捕球ライト守備適正Sで弾道イチローとかにしよう,55,NOT_PUBLICLY_RETURNED_BY_YTDLP,"[""UNCLASSIFIED_CONTEXT""]",CONTEXT,youtube:sX8nl6eCua0,rating,,,OFFICIAL_YOUTUBE_PUBLIC_COMMENT,Retained because it contains a broad speed-related term; classification does not make it a physical-speed teacher.,INSUFFICIENT,Retained without inference: missing a safe current-100-player identity and/or explicit speed-rating direction.,2026-08-13T11:06:00Z,yt-dlp direct official-channel collection; --ignore-config; --no-update; no --proxy argument,,福留孝介・糸井嘉男の新能力公開！ 福留×糸井 ホンネ！俺の実力話しますSP 後編【プロスピA】,2026-07-16T10:00:01Z,NO_CURRENT_100_PLAYER_FULL_NAME_MATCH,ability_or_update_title_marker,YTDLP_BOUNDED_PUBLIC_COMMENT_SAMPLE; replies/total comment count may be incomplete,"For exhaustive/reproducible comment coverage, provide YouTube Data API commentThreads/replies JSON or CSV with videoId, comment ID, parent ID, authorChannelId/displayName, publishedAt, text, likeCount, replyCount.",channel_id=UCWzEh28vj3mQKpe0fzVTOUw; channel_name=パワプロ・プロスピ公式チャンネル,300,NOT_PUBLICLY_RETURNED_BY_YTDLP,NOT_CONFIGURED_ENV; no YouTube Data API key was supplied
SP034-RUN2-COMMENT-sX8nl6eCua0-UgyZEz1u2PbhX-vH7ah4AaABAg.AZJu3EQBLNxAZJxVz6oIg5,,,Pro Yakyuu Spirits A,2026/most-recent official channel inventory,2026-07-16,YouTube,official_youtube_comment,https://www.youtube.com/watch?v=sX8nl6eCua0&lc=UgyZEz1u2PbhX-vH7ah4AaABAg.AZJu3EQBLNxAZJxVz6oIg5,sX8nl6eCua0,UgyZEz1u2PbhX-vH7ah4AaABAg.AZJu3EQBLNxAZJxVz6oIg5,youtube:sX8nl6eCua0:UgyZEz1u2PbhX-vH7ah4AaABAg,@kagome4028|UCSR8i75AFNMfYt8L5TLTmZg,2026-07-16T00:00:00Z,"ライドラにできないにしても、
「打球速度が上がる」「打球にスピンがかかりやすくなる」
この一文を特殊能力に加えるだけでいいのに",10,NOT_PUBLICLY_RETURNED_BY_YTDLP,"[""UNCLASSIFIED_CONTEXT""]",CONTEXT,youtube:sX8nl6eCua0,rating,,,OFFICIAL_YOUTUBE_PUBLIC_COMMENT,Retained because it contains a broad speed-related term; classification does not make it a physical-speed teacher.,INSUFFICIENT,Retained without inference: missing a safe current-100-player identity and/or explicit speed-rating direction.,2026-08-13T11:06:00Z,yt-dlp direct official-channel collection; --ignore-config; --no-update; no --proxy argument,,福留孝介・糸井嘉男の新能力公開！ 福留×糸井 ホンネ！俺の実力話しますSP 後編【プロスピA】,2026-07-16T10:00:01Z,NO_CURRENT_100_PLAYER_FULL_NAME_MATCH,ability_or_update_title_marker,YTDLP_BOUNDED_PUBLIC_COMMENT_SAMPLE; replies/total comment count may be incomplete,"For exhaustive/reproducible comment coverage, provide YouTube Data API commentThreads/replies JSON or CSV with videoId, comment ID, parent ID, authorChannelId/displayName, publishedAt, text, likeCount, replyCount.",channel_id=UCWzEh28vj3mQKpe0fzVTOUw; channel_name=パワプロ・プロスピ公式チャンネル,300,NOT_PUBLICLY_RETURNED_BY_YTDLP,NOT_CONFIGURED_ENV; no YouTube Data API key was supplied
SP034-RUN2-COMMENT-sX8nl6eCua0-UgzrfVVStXs2-_cSm4Z4AaABAg,,,Pro Yakyuu Spirits A,2026/most-recent official channel inventory,2026-07-16,YouTube,official_youtube_comment,https://www.youtube.com/watch?v=sX8nl6eCua0&lc=UgzrfVVStXs2-_cSm4Z4AaABAg,sX8nl6eCua0,UgzrfVVStXs2-_cSm4Z4AaABAg,youtube:sX8nl6eCua0:root,@letstry6218|UCmsBh4fT_NW2Ktr4uEn_wAw,2026-07-23T00:00:00Z,イチローを使えるようにするには弾道もそうだけど、新しい特殊能力で発動時、半個分くらいボール玉打っても打球が失速しないとかミートが下がらないとかつけるくらいしないと使用率上がんないよね,1,NOT_PUBLICLY_RETURNED_BY_YTDLP,"[""UNCLASSIFIED_CONTEXT""]",CONTEXT,youtube:sX8nl6eCua0,rating,,,OFFICIAL_YOUTUBE_PUBLIC_COMMENT,Retained because it contains a broad speed-related term; classification does not make it a physical-speed teacher.,INSUFFICIENT,Retained without inference: missing a safe current-100-player identity and/or explicit speed-rating direction.,2026-08-13T11:06:00Z,yt-dlp direct official-channel collection; --ignore-config; --no-update; no --proxy argument,,福留孝介・糸井嘉男の新能力公開！ 福留×糸井 ホンネ！俺の実力話しますSP 後編【プロスピA】,2026-07-16T10:00:01Z,NO_CURRENT_100_PLAYER_FULL_NAME_MATCH,ability_or_update_title_marker,YTDLP_BOUNDED_PUBLIC_COMMENT_SAMPLE; replies/total comment count may be incomplete,"For exhaustive/reproducible comment coverage, provide YouTube Data API commentThreads/replies JSON or CSV with videoId, comment ID, parent ID, authorChannelId/displayName, publishedAt, text, likeCount, replyCount.",channel_id=UCWzEh28vj3mQKpe0fzVTOUw; channel_name=パワプロ・プロスピ公式チャンネル,300,NOT_PUBLICLY_RETURNED_BY_YTDLP,NOT_CONFIGURED_ENV; no YouTube Data API key was supplied
SP034-RUN2-VIDEO-Cigl41WJeaU,,,Pro Yakyuu Spirits A,2026/most-recent official channel inventory,2026-05-25,YouTube,official_youtube_video_inventory,https://www.youtube.com/watch?v=Cigl41WJeaU,Cigl41WJeaU,Cigl41WJeaU,youtube:Cigl41WJeaU,,2026-05-25T03:00:07Z,,,,"[""UNCLASSIFIED_CONTEXT""]",CONTEXT,youtube:Cigl41WJeaU,rating,,,OFFICIAL_YOUTUBE_CHANNEL,Prospi title match in latest-300 official channel inventory; comment_candidate=True.,INSUFFICIENT,Comments were retrieved and screened below; video-level inventory is not an independent speed-rating observation.,2026-08-13T11:06:04Z,yt-dlp direct official-channel collection; --ignore-config; --no-update; no --proxy argument,,千葉ロッテ 種市篤暉 投手 VS 西川史礁 選手 プロスピAで対決！【エキサイティングプレイヤースペシャルマッチ】,2026-05-25T03:00:07Z,NO_CURRENT_100_PLAYER_FULL_NAME_MATCH,ability_or_update_title_marker,COMMENTS_BOUNDED_TO_YTDLP_MAX_300; full API pagination unavailable,"For exhaustive/reproducible comment coverage, provide YouTube Data API commentThreads/replies JSON or CSV with videoId, comment ID, parent ID, authorChannelId/displayName, publishedAt, text, likeCount, replyCount.",channel_id=UCWzEh28vj3mQKpe0fzVTOUw; channel_name=パワプロ・プロスピ公式チャンネル,300,NOT_PUBLICLY_RETURNED_BY_YTDLP,NOT_CONFIGURED_ENV; no YouTube Data API key was supplied
SP034-RUN2-COMMENT-Cigl41WJeaU-Ugy5aZf_rp5WEJMVpIx4AaABAg.AXDWMwHV0EyAXGNSP9LFKW,,,Pro Yakyuu Spirits A,2026/most-recent official channel inventory,2026-05-25,YouTube,official_youtube_comment,https://www.youtube.com/watch?v=Cigl41WJeaU&lc=Ugy5aZf_rp5WEJMVpIx4AaABAg.AXDWMwHV0EyAXGNSP9LFKW,Cigl41WJeaU,Ugy5aZf_rp5WEJMVpIx4AaABAg.AXDWMwHV0EyAXGNSP9LFKW,youtube:Cigl41WJeaU:Ugy5aZf_rp5WEJMVpIx4AaABAg,@misa1352|UCZQTGsukFoRIWgRYpzvozQw,2026-06-13T00:00:00Z,言葉足らずやったなプロスピのルールを野球のルール知ってますかって言ってるんだろな,2,NOT_PUBLICLY_RETURNED_BY_YTDLP,"[""UNCLASSIFIED_CONTEXT""]",CONTEXT,youtube:Cigl41WJeaU,rating,,,OFFICIAL_YOUTUBE_PUBLIC_COMMENT,Retained because it contains a broad speed-related term; classification does not make it a physical-speed teacher.,INSUFFICIENT,Retained without inference: missing a safe current-100-player identity and/or explicit speed-rating direction.,2026-08-13T11:06:21Z,yt-dlp direct official-channel collection; --ignore-config; --no-update; no --proxy argument,,千葉ロッテ 種市篤暉 投手 VS 西川史礁 選手 プロスピAで対決！【エキサイティングプレイヤースペシャルマッチ】,2026-05-25T03:00:07Z,NO_CURRENT_100_PLAYER_FULL_NAME_MATCH,ability_or_update_title_marker,YTDLP_BOUNDED_PUBLIC_COMMENT_SAMPLE; replies/total comment count may be incomplete,"For exhaustive/reproducible comment coverage, provide YouTube Data API commentThreads/replies JSON or CSV with videoId, comment ID, parent ID, authorChannelId/displayName, publishedAt, text, likeCount, replyCount.",channel_id=UCWzEh28vj3mQKpe0fzVTOUw; channel_name=パワプロ・プロスピ公式チャンネル,300,NOT_PUBLICLY_RETURNED_BY_YTDLP,NOT_CONFIGURED_ENV; no YouTube Data API key was supplied
SP034-RUN2-COMMENT-Cigl41WJeaU-Ugxy_vw6Wu4Yzfx8dVN4AaABAg,,,Pro Yakyuu Spirits A,2026/most-recent official channel inventory,2026-05-25,YouTube,official_youtube_comment,https://www.youtube.com/watch?v=Cigl41WJeaU&lc=Ugxy_vw6Wu4Yzfx8dVN4AaABAg,Cigl41WJeaU,Ugxy_vw6Wu4Yzfx8dVN4AaABAg,youtube:Cigl41WJeaU:root,@なそ-nandetab2|UCH6LD2SnrajBqT4fP3fDcKw,2026-06-13T00:00:00Z,15:16 爆速でスタンプ打ってて草,15,NOT_PUBLICLY_RETURNED_BY_YTDLP,"[""UNCLASSIFIED_CONTEXT""]",CONTEXT,youtube:Cigl41WJeaU,rating,,,OFFICIAL_YOUTUBE_PUBLIC_COMMENT,Retained because it contains a broad speed-related term; classification does not make it a physical-speed teacher.,INSUFFICIENT,Retained without inference: missing a safe current-100-player identity and/or explicit speed-rating direction.,2026-08-13T11:06:21Z,yt-dlp direct official-channel collection; --ignore-config; --no-update; no --proxy argument,,千葉ロッテ 種市篤暉 投手 VS 西川史礁 選手 プロスピAで対決！【エキサイティングプレイヤースペシャルマッチ】,2026-05-25T03:00:07Z,NO_CURRENT_100_PLAYER_FULL_NAME_MATCH,ability_or_update_title_marker,YTDLP_BOUNDED_PUBLIC_COMMENT_SAMPLE; replies/total comment count may be incomplete,"For exhaustive/reproducible comment coverage, provide YouTube Data API commentThreads/replies JSON or CSV with videoId, comment ID, parent ID, authorChannelId/displayName, publishedAt, text, likeCount, replyCount.",channel_id=UCWzEh28vj3mQKpe0fzVTOUw; channel_name=パワプロ・プロスピ公式チャンネル,300,NOT_PUBLICLY_RETURNED_BY_YTDLP,NOT_CONFIGURED_ENV; no YouTube Data API key was supplied
SP034-RUN2-COMMENT-Cigl41WJeaU-UgxBMmZgukjST-LJxit4AaABAg.AXDFdYkQ6aQAXDGZeIBGI0,,,Pro Yakyuu Spirits A,2026/most-recent official channel inventory,2026-05-25,YouTube,official_youtube_comment,https://www.youtube.com/watch?v=Cigl41WJeaU&lc=UgxBMmZgukjST-LJxit4AaABAg.AXDFdYkQ6aQAXDGZeIBGI0,Cigl41WJeaU,UgxBMmZgukjST-LJxit4AaABAg.AXDFdYkQ6aQAXDGZeIBGI0,youtube:Cigl41WJeaU:UgxBMmZgukjST-LJxit4AaABAg,@halo_san-h|UCzKJY2c5yj6xBcaoVdrikTA,2026-06-13T00:00:00Z,倍速で観てるの確定してておもろい,7,NOT_PUBLICLY_RETURNED_BY_YTDLP,"[""UNCLASSIFIED_CONTEXT""]",CONTEXT,youtube:Cigl41WJeaU,rating,,,OFFICIAL_YOUTUBE_PUBLIC_COMMENT,Retained because it contains a broad speed-related term; classification does not make it a physical-speed teacher.,INSUFFICIENT,Retained without inference: missing a safe current-100-player identity and/or explicit speed-rating direction.,2026-08-13T11:06:21Z,yt-dlp direct official-channel collection; --ignore-config; --no-update; no --proxy argument,,千葉ロッテ 種市篤暉 投手 VS 西川史礁 選手 プロスピAで対決！【エキサイティングプレイヤースペシャルマッチ】,2026-05-25T03:00:07Z,NO_CURRENT_100_PLAYER_FULL_NAME_MATCH,ability_or_update_title_marker,YTDLP_BOUNDED_PUBLIC_COMMENT_SAMPLE; replies/total comment count may be incomplete,"For exhaustive/reproducible comment coverage, provide YouTube Data API commentThreads/replies JSON or CSV with videoId, comment ID, parent ID, authorChannelId/displayName, publishedAt, text, likeCount, replyCount.",channel_id=UCWzEh28vj3mQKpe0fzVTOUw; channel_name=パワプロ・プロスピ公式チャンネル,300,NOT_PUBLICLY_RETURNED_BY_YTDLP,NOT_CONFIGURED_ENV; no YouTube Data API key was supplied
SP034-RUN2-COMMENT-Cigl41WJeaU-UgxfFD9QOxFOxgVlsr14AaABAg,,,Pro Yakyuu Spirits A,2026/most-recent official channel inventory,2026-05-25,YouTube,official_youtube_comment,https://www.youtube.com/watch?v=Cigl41WJeaU&lc=UgxfFD9QOxFOxgVlsr14AaABAg,Cigl41WJeaU,UgxfFD9QOxFOxgVlsr14AaABAg,youtube:Cigl41WJeaU:root,@東北楽天ゴールデンイーグルス-d5r|UCkCuRhVjxa2UemV8O6KIQtQ,2026-06-13T00:00:00Z,覚醒育成して経験値不足やったから普通に感謝🙏ゴールド契約書より断然嬉しい笑,1,NOT_PUBLICLY_RETURNED_BY_YTDLP,"[""UNCLASSIFIED_CONTEXT""]",CONTEXT,youtube:Cigl41WJeaU,rating,,,OFFICIAL_YOUTUBE_PUBLIC_COMMENT,Retained because it contains a broad speed-related term; classification does not make it a physical-speed teacher.,INSUFFICIENT,Retained without inference: missing a safe current-100-player identity and/or explicit speed-rating direction.,2026-08-13T11:06:21Z,yt-dlp direct official-channel collection; --ignore-config; --no-update; no --proxy argument,,千葉ロッテ 種市篤暉 投手 VS 西川史礁 選手 プロスピAで対決！【エキサイティングプレイヤースペシャルマッチ】,2026-05-25T03:00:07Z,NO_CURRENT_100_PLAYER_FULL_NAME_MATCH,ability_or_update_title_marker,YTDLP_BOUNDED_PUBLIC_COMMENT_SAMPLE; replies/total comment count may be incomplete,"For exhaustive/reproducible comment coverage, provide YouTube Data API commentThreads/replies JSON or CSV with videoId, comment ID, parent ID, authorChannelId/displayName, publishedAt, text, likeCount, replyCount.",channel_id=UCWzEh28vj3mQKpe0fzVTOUw; channel_name=パワプロ・プロスピ公式チャンネル,300,NOT_PUBLICLY_RETURNED_BY_YTDLP,NOT_CONFIGURED_ENV; no YouTube Data API key was supplied
SP034-RUN2-VIDEO-lug1RWbPMwI,,,Pro Yakyuu Spirits A,2026/most-recent official channel inventory,2026-05-24,YouTube,official_youtube_video_inventory,https://www.youtube.com/watch?v=lug1RWbPMwI,lug1RWbPMwI,lug1RWbPMwI,youtube:lug1RWbPMwI,,2026-05-24T03:00:26Z,,,,"[""UNCLASSIFIED_CONTEXT""]",CONTEXT,youtube:lug1RWbPMwI,rating,,,OFFICIAL_YOUTUBE_CHANNEL,Prospi title match in latest-300 official channel inventory; comment_candidate=True.,INSUFFICIENT,Comments were retrieved and screened below; video-level inventory is not an independent speed-rating observation.,2026-08-13T11:06:35Z,yt-dlp direct official-channel collection; --ignore-config; --no-update; no --proxy argument,,広島東洋カープ ファビアン 選手 VS モンテロ 選手 プロスピAで対決！【エキサイティングプレイヤースペシャルマッチ】,2026-05-24T03:00:26Z,ファビアン (player_id=43745150); モンテロ (player_id=53955150),ability_or_update_title_marker,COMMENTS_BOUNDED_TO_YTDLP_MAX_300; full API pagination unavailable,"For exhaustive/reproducible comment coverage, provide YouTube Data API commentThreads/replies JSON or CSV with videoId, comment ID, parent ID, authorChannelId/displayName, publishedAt, text, likeCount, replyCount.",channel_id=UCWzEh28vj3mQKpe0fzVTOUw; channel_name=パワプロ・プロスピ公式チャンネル,300,NOT_PUBLICLY_RETURNED_BY_YTDLP,NOT_CONFIGURED_ENV; no YouTube Data API key was supplied
SP034-RUN2-COMMENT-lug1RWbPMwI-UgyAKBa20o5_ZE2mC2F4AaABAg,,,Pro Yakyuu Spirits A,2026/most-recent official channel inventory,2026-05-24,YouTube,official_youtube_comment,https://www.youtube.com/watch?v=lug1RWbPMwI&lc=UgyAKBa20o5_ZE2mC2F4AaABAg,lug1RWbPMwI,UgyAKBa20o5_ZE2mC2F4AaABAg,youtube:lug1RWbPMwI:root,@Poteto_poteto_a|UC0vm39yNOkgu_oqPUajRqOA,2026-06-13T00:00:00Z,モンファビが楽しそうにゲームやってんの見るだけで満足度高すぎるありがとう！！！！！！,19,NOT_PUBLICLY_RETURNED_BY_YTDLP,"[""RATING_TOO_HIGH""]",RATING_COMMUNITY,youtube:lug1RWbPMwI,rating,,,OFFICIAL_YOUTUBE_PUBLIC_COMMENT,Retained because it contains a broad speed-related term; classification does not make it a physical-speed teacher.,INSUFFICIENT,Retained without inference: missing a safe current-100-player identity and/or explicit speed-rating direction.,2026-08-13T11:06:59Z,yt-dlp direct official-channel collection; --ignore-config; --no-update; no --proxy argument,,広島東洋カープ ファビアン 選手 VS モンテロ 選手 プロスピAで対決！【エキサイティングプレイヤースペシャルマッチ】,2026-05-24T03:00:26Z,NO_CURRENT_100_PLAYER_FULL_NAME_MATCH,ability_or_update_title_marker,YTDLP_BOUNDED_PUBLIC_COMMENT_SAMPLE; replies/total comment count may be incomplete,"For exhaustive/reproducible comment coverage, provide YouTube Data API commentThreads/replies JSON or CSV with videoId, comment ID, parent ID, authorChannelId/displayName, publishedAt, text, likeCount, replyCount.",channel_id=UCWzEh28vj3mQKpe0fzVTOUw; channel_name=パワプロ・プロスピ公式チャンネル,300,NOT_PUBLICLY_RETURNED_BY_YTDLP,NOT_CONFIGURED_ENV; no YouTube Data API key was supplied
SP034-RUN2-VIDEO-D5Fg3e-E_QY,,,Pro Yakyuu Spirits A,2026/most-recent official channel inventory,2026-05-20,YouTube,official_youtube_video_inventory,https://www.youtube.com/watch?v=D5Fg3e-E_QY,D5Fg3e-E_QY,D5Fg3e-E_QY,youtube:D5Fg3e-E_QY,,2026-05-20T03:00:21Z,,,,"[""UNCLASSIFIED_CONTEXT""]",CONTEXT,youtube:D5Fg3e-E_QY,rating,,,OFFICIAL_YOUTUBE_CHANNEL,Prospi title match in latest-300 official channel inventory; comment_candidate=True.,INSUFFICIENT,Comments were retrieved and screened below; video-level inventory is not an independent speed-rating observation.,2026-08-13T11:07:04Z,yt-dlp direct official-channel collection; --ignore-config; --no-update; no --proxy argument,,東京ヤクルト 星知弥 投手 VS 長岡秀樹 選手 プロスピAで対決！【エキサイティングプレイヤースペシャルマッチ】,2026-05-20T03:00:21Z,長岡 秀樹 (player_id=51455151),ability_or_update_title_marker,COMMENTS_BOUNDED_TO_YTDLP_MAX_300; full API pagination unavailable,"For exhaustive/reproducible comment coverage, provide YouTube Data API commentThreads/replies JSON or CSV with videoId, comment ID, parent ID, authorChannelId/displayName, publishedAt, text, likeCount, replyCount.",channel_id=UCWzEh28vj3mQKpe0fzVTOUw; channel_name=パワプロ・プロスピ公式チャンネル,236,NOT_PUBLICLY_RETURNED_BY_YTDLP,NOT_CONFIGURED_ENV; no YouTube Data API key was supplied
SP034-RUN2-COMMENT-D5Fg3e-E_QY-UgzlTQLpBxjsARz2WMB4AaABAg,,,Pro Yakyuu Spirits A,2026/most-recent official channel inventory,2026-05-20,YouTube,official_youtube_comment,https://www.youtube.com/watch?v=D5Fg3e-E_QY&lc=UgzlTQLpBxjsARz2WMB4AaABAg,D5Fg3e-E_QY,UgzlTQLpBxjsARz2WMB4AaABAg,youtube:D5Fg3e-E_QY:root,@んけ-g5d|UCcG8K5FWjDrvkJnetnvf5AA,2026-06-13T00:00:00Z,やっぱプロの選手ともなるとそんなにやったことなくても速球対応できちゃうんか,3,NOT_PUBLICLY_RETURNED_BY_YTDLP,"[""UNCLASSIFIED_CONTEXT""]",CONTEXT,youtube:D5Fg3e-E_QY,rating,,,OFFICIAL_YOUTUBE_PUBLIC_COMMENT,Retained because it contains a broad speed-related term; classification does not make it a physical-speed teacher.,INSUFFICIENT,Retained without inference: missing a safe current-100-player identity and/or explicit speed-rating direction.,2026-08-13T11:07:15Z,yt-dlp direct official-channel collection; --ignore-config; --no-update; no --proxy argument,,東京ヤクルト 星知弥 投手 VS 長岡秀樹 選手 プロスピAで対決！【エキサイティングプレイヤースペシャルマッチ】,2026-05-20T03:00:21Z,NO_CURRENT_100_PLAYER_FULL_NAME_MATCH,ability_or_update_title_marker,YTDLP_BOUNDED_PUBLIC_COMMENT_SAMPLE; replies/total comment count may be incomplete,"For exhaustive/reproducible comment coverage, provide YouTube Data API commentThreads/replies JSON or CSV with videoId, comment ID, parent ID, authorChannelId/displayName, publishedAt, text, likeCount, replyCount.",channel_id=UCWzEh28vj3mQKpe0fzVTOUw; channel_name=パワプロ・プロスピ公式チャンネル,236,NOT_PUBLICLY_RETURNED_BY_YTDLP,NOT_CONFIGURED_ENV; no YouTube Data API key was supplied
SP034-RUN2-COMMENT-D5Fg3e-E_QY-Ugxo-QpJKMAtYEw0Tt94AaABAg,,,Pro Yakyuu Spirits A,2026/most-recent official channel inventory,2026-05-20,YouTube,official_youtube_comment,https://www.youtube.com/watch?v=D5Fg3e-E_QY&lc=Ugxo-QpJKMAtYEw0Tt94AaABAg,D5Fg3e-E_QY,Ugxo-QpJKMAtYEw0Tt94AaABAg,youtube:D5Fg3e-E_QY:root,@みつおみつお-s1x|UCVBgu9Z7O2NE6zNH2z5NKrQ,2026-06-13T00:00:00Z,さすがに西武の動画の後じゃ物足りないピロピロ,1,NOT_PUBLICLY_RETURNED_BY_YTDLP,"[""UNCLASSIFIED_CONTEXT""]",CONTEXT,youtube:D5Fg3e-E_QY,rating,,,OFFICIAL_YOUTUBE_PUBLIC_COMMENT,Retained because it contains a broad speed-related term; classification does not make it a physical-speed teacher.,INSUFFICIENT,Retained without inference: missing a safe current-100-player identity and/or explicit speed-rating direction.,2026-08-13T11:07:15Z,yt-dlp direct official-channel collection; --ignore-config; --no-update; no --proxy argument,,東京ヤクルト 星知弥 投手 VS 長岡秀樹 選手 プロスピAで対決！【エキサイティングプレイヤースペシャルマッチ】,2026-05-20T03:00:21Z,NO_CURRENT_100_PLAYER_FULL_NAME_MATCH,ability_or_update_title_marker,YTDLP_BOUNDED_PUBLIC_COMMENT_SAMPLE; replies/total comment count may be incomplete,"For exhaustive/reproducible comment coverage, provide YouTube Data API commentThreads/replies JSON or CSV with videoId, comment ID, parent ID, authorChannelId/displayName, publishedAt, text, likeCount, replyCount.",channel_id=UCWzEh28vj3mQKpe0fzVTOUw; channel_name=パワプロ・プロスピ公式チャンネル,236,NOT_PUBLICLY_RETURNED_BY_YTDLP,NOT_CONFIGURED_ENV; no YouTube Data API key was supplied
SP034-RUN2-COMMENT-D5Fg3e-E_QY-UgzWEaDs8rEnqAywdDJ4AaABAg.AX0XK8EKdNoAX0jXbYW5lt,,,Pro Yakyuu Spirits A,2026/most-recent official channel inventory,2026-05-20,YouTube,official_youtube_comment,https://www.youtube.com/watch?v=D5Fg3e-E_QY&lc=UgzWEaDs8rEnqAywdDJ4AaABAg.AX0XK8EKdNoAX0jXbYW5lt,D5Fg3e-E_QY,UgzWEaDs8rEnqAywdDJ4AaABAg.AX0XK8EKdNoAX0jXbYW5lt,youtube:D5Fg3e-E_QY:UgzWEaDs8rEnqAywdDJ4AaABAg,@ちなヤク-p8d|UCzQhJb4DOzHEXGKSSavnDtA,2026-06-13T00:00:00Z,"せめて出すんやったら最低限
ストレートs、スラープ、斜めチェンジアップ
得能は豪速球、ノビ、奪三振ショー、コントロールの中から
ぐらいの能力で来てほしいな",0,NOT_PUBLICLY_RETURNED_BY_YTDLP,"[""UNCLASSIFIED_CONTEXT""]",CONTEXT,youtube:D5Fg3e-E_QY,rating,,,OFFICIAL_YOUTUBE_PUBLIC_COMMENT,Retained because it contains a broad speed-related term; classification does not make it a physical-speed teacher.,INSUFFICIENT,Retained without inference: missing a safe current-100-player identity and/or explicit speed-rating direction.,2026-08-13T11:07:15Z,yt-dlp direct official-channel collection; --ignore-config; --no-update; no --proxy argument,,東京ヤクルト 星知弥 投手 VS 長岡秀樹 選手 プロスピAで対決！【エキサイティングプレイヤースペシャルマッチ】,2026-05-20T03:00:21Z,NO_CURRENT_100_PLAYER_FULL_NAME_MATCH,ability_or_update_title_marker,YTDLP_BOUNDED_PUBLIC_COMMENT_SAMPLE; replies/total comment count may be incomplete,"For exhaustive/reproducible comment coverage, provide YouTube Data API commentThreads/replies JSON or CSV with videoId, comment ID, parent ID, authorChannelId/displayName, publishedAt, text, likeCount, replyCount.",channel_id=UCWzEh28vj3mQKpe0fzVTOUw; channel_name=パワプロ・プロスピ公式チャンネル,236,NOT_PUBLICLY_RETURNED_BY_YTDLP,NOT_CONFIGURED_ENV; no YouTube Data API key was supplied
SP034-RUN2-VIDEO-zGF4VfGcAwk,,,Pro Yakyuu Spirits A,2026/most-recent official channel inventory,2026-05-19,YouTube,official_youtube_video_inventory,https://www.youtube.com/watch?v=zGF4VfGcAwk,zGF4VfGcAwk,zGF4VfGcAwk,youtube:zGF4VfGcAwk,,2026-05-19T03:00:47Z,,,,"[""UNCLASSIFIED_CONTEXT""]",CONTEXT,youtube:zGF4VfGcAwk,rating,,,OFFICIAL_YOUTUBE_CHANNEL,Prospi title match in latest-300 official channel inventory; comment_candidate=True.,INSUFFICIENT,Comments were retrieved and screened below; video-level inventory is not an independent speed-rating observation.,2026-08-13T11:07:20Z,yt-dlp direct official-channel collection; --ignore-config; --no-update; no --proxy argument,,埼玉西武ライオンズ 甲斐野央 投手 VS 山田陽翔 投手 プロスピAで対決！【エキサイティングプレイヤースペシャルマッチ】,2026-05-19T03:00:47Z,NO_CURRENT_100_PLAYER_FULL_NAME_MATCH,ability_or_update_title_marker,COMMENTS_BOUNDED_TO_YTDLP_MAX_300; full API pagination unavailable,"For exhaustive/reproducible comment coverage, provide YouTube Data API commentThreads/replies JSON or CSV with videoId, comment ID, parent ID, authorChannelId/displayName, publishedAt, text, likeCount, replyCount.",channel_id=UCWzEh28vj3mQKpe0fzVTOUw; channel_name=パワプロ・プロスピ公式チャンネル,300,NOT_PUBLICLY_RETURNED_BY_YTDLP,NOT_CONFIGURED_ENV; no YouTube Data API key was supplied
SP034-RUN2-COMMENT-zGF4VfGcAwk-Ugw2Azu9nmLQEGpbVSd4AaABAg,,,Pro Yakyuu Spirits A,2026/most-recent official channel inventory,2026-05-19,YouTube,official_youtube_comment,https://www.youtube.com/watch?v=zGF4VfGcAwk&lc=Ugw2Azu9nmLQEGpbVSd4AaABAg,zGF4VfGcAwk,Ugw2Azu9nmLQEGpbVSd4AaABAg,youtube:zGF4VfGcAwk:root,@子どもの頃の貴乃花|UCSEDPdgHbwL0xskZafvVT4A,2026-06-13T00:00:00Z,古賀の足と銀の肩勝負ほんまに草,410,NOT_PUBLICLY_RETURNED_BY_YTDLP,"[""UNCLASSIFIED_CONTEXT""]",CONTEXT,youtube:zGF4VfGcAwk,rating,,,OFFICIAL_YOUTUBE_PUBLIC_COMMENT,Retained because it contains a broad speed-related term; classification does not make it a physical-speed teacher.,INSUFFICIENT,Retained without inference: missing a safe current-100-player identity and/or explicit speed-rating direction.,2026-08-13T11:07:36Z,yt-dlp direct official-channel collection; --ignore-config; --no-update; no --proxy argument,,埼玉西武ライオンズ 甲斐野央 投手 VS 山田陽翔 投手 プロスピAで対決！【エキサイティングプレイヤースペシャルマッチ】,2026-05-19T03:00:47Z,NO_CURRENT_100_PLAYER_FULL_NAME_MATCH,ability_or_update_title_marker,YTDLP_BOUNDED_PUBLIC_COMMENT_SAMPLE; replies/total comment count may be incomplete,"For exhaustive/reproducible comment coverage, provide YouTube Data API commentThreads/replies JSON or CSV with videoId, comment ID, parent ID, authorChannelId/displayName, publishedAt, text, likeCount, replyCount.",channel_id=UCWzEh28vj3mQKpe0fzVTOUw; channel_name=パワプロ・プロスピ公式チャンネル,300,NOT_PUBLICLY_RETURNED_BY_YTDLP,NOT_CONFIGURED_ENV; no YouTube Data API key was supplied
SP034-RUN2-COMMENT-zGF4VfGcAwk-UgwMuCl1A6VheOtQTHd4AaABAg,,,Pro Yakyuu Spirits A,2026/most-recent official channel inventory,2026-05-19,YouTube,official_youtube_comment,https://www.youtube.com/watch?v=zGF4VfGcAwk&lc=UgwMuCl1A6VheOtQTHd4AaABAg,zGF4VfGcAwk,UgwMuCl1A6VheOtQTHd4AaABAg,youtube:zGF4VfGcAwk:root,@KIRBYFAN_38|UCG9jvcgVtGUSJgm6K7xYegg,2026-06-13T00:00:00Z,"うるさすぎて草
甲斐野さん一挙手一投足最高です！
他ファンですが山田さんもこんな面白い人なんですね…！",16,NOT_PUBLICLY_RETURNED_BY_YTDLP,"[""UNCLASSIFIED_CONTEXT""]",CONTEXT,youtube:zGF4VfGcAwk,rating,,,OFFICIAL_YOUTUBE_PUBLIC_COMMENT,Retained because it contains a broad speed-related term; classification does not make it a physical-speed teacher.,INSUFFICIENT,Retained without inference: missing a safe current-100-player identity and/or explicit speed-rating direction.,2026-08-13T11:07:36Z,yt-dlp direct official-channel collection; --ignore-config; --no-update; no --proxy argument,,埼玉西武ライオンズ 甲斐野央 投手 VS 山田陽翔 投手 プロスピAで対決！【エキサイティングプレイヤースペシャルマッチ】,2026-05-19T03:00:47Z,NO_CURRENT_100_PLAYER_FULL_NAME_MATCH,ability_or_update_title_marker,YTDLP_BOUNDED_PUBLIC_COMMENT_SAMPLE; replies/total comment count may be incomplete,"For exhaustive/reproducible comment coverage, provide YouTube Data API commentThreads/replies JSON or CSV with videoId, comment ID, parent ID, authorChannelId/displayName, publishedAt, text, likeCount, replyCount.",channel_id=UCWzEh28vj3mQKpe0fzVTOUw; channel_name=パワプロ・プロスピ公式チャンネル,300,NOT_PUBLICLY_RETURNED_BY_YTDLP,NOT_CONFIGURED_ENV; no YouTube Data API key was supplied
SP034-RUN2-COMMENT-zGF4VfGcAwk-UgxQwHdfxsNqPfTsbbZ4AaABAg,,,Pro Yakyuu Spirits A,2026/most-recent official channel inventory,2026-05-19,YouTube,official_youtube_comment,https://www.youtube.com/watch?v=zGF4VfGcAwk&lc=UgxQwHdfxsNqPfTsbbZ4AaABAg,zGF4VfGcAwk,UgxQwHdfxsNqPfTsbbZ4AaABAg,youtube:zGF4VfGcAwk:root,@たかちゃん-c4e|UCMOUH_qGE1mIE37iEVYritQ,2026-06-13T00:00:00Z,古賀！ごっつ遅いやないかいは草,2,NOT_PUBLICLY_RETURNED_BY_YTDLP,"[""UNCLASSIFIED_CONTEXT""]",CONTEXT,youtube:zGF4VfGcAwk,rating,,,OFFICIAL_YOUTUBE_PUBLIC_COMMENT,Retained because it contains a broad speed-related term; classification does not make it a physical-speed teacher.,INSUFFICIENT,Retained without inference: missing a safe current-100-player identity and/or explicit speed-rating direction.,2026-08-13T11:07:36Z,yt-dlp direct official-channel collection; --ignore-config; --no-update; no --proxy argument,,埼玉西武ライオンズ 甲斐野央 投手 VS 山田陽翔 投手 プロスピAで対決！【エキサイティングプレイヤースペシャルマッチ】,2026-05-19T03:00:47Z,NO_CURRENT_100_PLAYER_FULL_NAME_MATCH,ability_or_update_title_marker,YTDLP_BOUNDED_PUBLIC_COMMENT_SAMPLE; replies/total comment count may be incomplete,"For exhaustive/reproducible comment coverage, provide YouTube Data API commentThreads/replies JSON or CSV with videoId, comment ID, parent ID, authorChannelId/displayName, publishedAt, text, likeCount, replyCount.",channel_id=UCWzEh28vj3mQKpe0fzVTOUw; channel_name=パワプロ・プロスピ公式チャンネル,300,NOT_PUBLICLY_RETURNED_BY_YTDLP,NOT_CONFIGURED_ENV; no YouTube Data API key was supplied
SP034-RUN2-VIDEO-gn972-2UigM,,,Pro Yakyuu Spirits A,2026/most-recent official channel inventory,2025-05-15,YouTube,official_youtube_video_inventory,https://www.youtube.com/watch?v=gn972-2UigM,gn972-2UigM,gn972-2UigM,youtube:gn972-2UigM,,2025-05-15T03:00:41Z,,,,"[""UNCLASSIFIED_CONTEXT""]",CONTEXT,youtube:gn972-2UigM,rating,,,OFFICIAL_YOUTUBE_CHANNEL,Prospi title match in latest-300 official channel inventory; comment_candidate=True.,INSUFFICIENT,Comments were retrieved and screened below; video-level inventory is not an independent speed-rating observation.,2026-08-13T11:07:44Z,yt-dlp direct official-channel collection; --ignore-config; --no-update; no --proxy argument,,イチローが新特殊能力でプロスピAに登場！ 松井秀喜は当時イチローをどう思っていた？特別対談 vol.2 【プロ野球スピリッツA】,2025-05-15T03:00:41Z,NO_CURRENT_100_PLAYER_FULL_NAME_MATCH,ability_or_update_title_marker,COMMENTS_BOUNDED_TO_YTDLP_MAX_300; full API pagination unavailable,"For exhaustive/reproducible comment coverage, provide YouTube Data API commentThreads/replies JSON or CSV with videoId, comment ID, parent ID, authorChannelId/displayName, publishedAt, text, likeCount, replyCount.",channel_id=UCWzEh28vj3mQKpe0fzVTOUw; channel_name=パワプロ・プロスピ公式チャンネル,300,NOT_PUBLICLY_RETURNED_BY_YTDLP,NOT_CONFIGURED_ENV; no YouTube Data API key was supplied
SP034-RUN2-COMMENT-gn972-2UigM-UgwsvFcPtvv4SvfoO0F4AaABAg,,,Pro Yakyuu Spirits A,2026/most-recent official channel inventory,2025-05-15,YouTube,official_youtube_comment,https://www.youtube.com/watch?v=gn972-2UigM&lc=UgwsvFcPtvv4SvfoO0F4AaABAg,gn972-2UigM,UgwsvFcPtvv4SvfoO0F4AaABAg,youtube:gn972-2UigM:root,@ゆうゆうや|UCnUkn1NFBekYkrWfCRcJRhA,2025-08-13T00:00:00Z,"ミート89とか生ぬるい
95ぐらいあって全然いいんだけど

それに特殊能力3枠じゃ足りんよね",22,NOT_PUBLICLY_RETURNED_BY_YTDLP,"[""UNCLASSIFIED_CONTEXT""]",CONTEXT,youtube:gn972-2UigM,rating,,,OFFICIAL_YOUTUBE_PUBLIC_COMMENT,Retained because it contains a broad speed-related term; classification does not make it a physical-speed teacher.,INSUFFICIENT,Retained without inference: missing a safe current-100-player identity and/or explicit speed-rating direction.,2026-08-13T11:08:07Z,yt-dlp direct official-channel collection; --ignore-config; --no-update; no --proxy argument,,イチローが新特殊能力でプロスピAに登場！ 松井秀喜は当時イチローをどう思っていた？特別対談 vol.2 【プロ野球スピリッツA】,2025-05-15T03:00:41Z,NO_CURRENT_100_PLAYER_FULL_NAME_MATCH,ability_or_update_title_marker,YTDLP_BOUNDED_PUBLIC_COMMENT_SAMPLE; replies/total comment count may be incomplete,"For exhaustive/reproducible comment coverage, provide YouTube Data API commentThreads/replies JSON or CSV with videoId, comment ID, parent ID, authorChannelId/displayName, publishedAt, text, likeCount, replyCount.",channel_id=UCWzEh28vj3mQKpe0fzVTOUw; channel_name=パワプロ・プロスピ公式チャンネル,300,NOT_PUBLICLY_RETURNED_BY_YTDLP,NOT_CONFIGURED_ENV; no YouTube Data API key was supplied
SP034-RUN2-COMMENT-gn972-2UigM-UgxMi8aiWM3Nx1ylOYJ4AaABAg,,,Pro Yakyuu Spirits A,2026/most-recent official channel inventory,2025-05-15,YouTube,official_youtube_comment,https://www.youtube.com/watch?v=gn972-2UigM&lc=UgxMi8aiWM3Nx1ylOYJ4AaABAg,gn972-2UigM,UgxMi8aiWM3Nx1ylOYJ4AaABAg,youtube:gn972-2UigM:root,@coffeekun_23|UCW5J0urHRA7-V4fqsNtVU8g,2025-08-13T00:00:00Z,イチローは謙遜してるけどランディジョンソンへのピッチャーゴロで一塁セーフは尋常じゃないスピードだよ,9,NOT_PUBLICLY_RETURNED_BY_YTDLP,"[""UNCLASSIFIED_CONTEXT""]",CONTEXT,youtube:gn972-2UigM,rating,,,OFFICIAL_YOUTUBE_PUBLIC_COMMENT,Retained because it contains a broad speed-related term; classification does not make it a physical-speed teacher.,INSUFFICIENT,Retained without inference: missing a safe current-100-player identity and/or explicit speed-rating direction.,2026-08-13T11:08:07Z,yt-dlp direct official-channel collection; --ignore-config; --no-update; no --proxy argument,,イチローが新特殊能力でプロスピAに登場！ 松井秀喜は当時イチローをどう思っていた？特別対談 vol.2 【プロ野球スピリッツA】,2025-05-15T03:00:41Z,NO_CURRENT_100_PLAYER_FULL_NAME_MATCH,ability_or_update_title_marker,YTDLP_BOUNDED_PUBLIC_COMMENT_SAMPLE; replies/total comment count may be incomplete,"For exhaustive/reproducible comment coverage, provide YouTube Data API commentThreads/replies JSON or CSV with videoId, comment ID, parent ID, authorChannelId/displayName, publishedAt, text, likeCount, replyCount.",channel_id=UCWzEh28vj3mQKpe0fzVTOUw; channel_name=パワプロ・プロスピ公式チャンネル,300,NOT_PUBLICLY_RETURNED_BY_YTDLP,NOT_CONFIGURED_ENV; no YouTube Data API key was supplied
SP034-RUN2-COMMENT-gn972-2UigM-UgwerQN3RqQ4NhYqAnV4AaABAg,,,Pro Yakyuu Spirits A,2026/most-recent official channel inventory,2025-05-15,YouTube,official_youtube_comment,https://www.youtube.com/watch?v=gn972-2UigM&lc=UgwerQN3RqQ4NhYqAnV4AaABAg,gn972-2UigM,UgwerQN3RqQ4NhYqAnV4AaABAg,youtube:gn972-2UigM:root,@shady2447|UCkpVS0UxmmfX3yMLcvFdPyg,2025-08-13T00:00:00Z,謙遜してるけどイチローさんより速い人なかなかいないだろ笑,7,NOT_PUBLICLY_RETURNED_BY_YTDLP,"[""UNCLASSIFIED_CONTEXT""]",CONTEXT,youtube:gn972-2UigM,rating,,,OFFICIAL_YOUTUBE_PUBLIC_COMMENT,Retained because it contains a broad speed-related term; classification does not make it a physical-speed teacher.,INSUFFICIENT,Retained without inference: missing a safe current-100-player identity and/or explicit speed-rating direction.,2026-08-13T11:08:07Z,yt-dlp direct official-channel collection; --ignore-config; --no-update; no --proxy argument,,イチローが新特殊能力でプロスピAに登場！ 松井秀喜は当時イチローをどう思っていた？特別対談 vol.2 【プロ野球スピリッツA】,2025-05-15T03:00:41Z,NO_CURRENT_100_PLAYER_FULL_NAME_MATCH,ability_or_update_title_marker,YTDLP_BOUNDED_PUBLIC_COMMENT_SAMPLE; replies/total comment count may be incomplete,"For exhaustive/reproducible comment coverage, provide YouTube Data API commentThreads/replies JSON or CSV with videoId, comment ID, parent ID, authorChannelId/displayName, publishedAt, text, likeCount, replyCount.",channel_id=UCWzEh28vj3mQKpe0fzVTOUw; channel_name=パワプロ・プロスピ公式チャンネル,300,NOT_PUBLICLY_RETURNED_BY_YTDLP,NOT_CONFIGURED_ENV; no YouTube Data API key was supplied
SP034-RUN2-COMMENT-gn972-2UigM-UgwRQ9nNqH7OgEoaqDx4AaABAg,,,Pro Yakyuu Spirits A,2026/most-recent official channel inventory,2025-05-15,YouTube,official_youtube_comment,https://www.youtube.com/watch?v=gn972-2UigM&lc=UgwRQ9nNqH7OgEoaqDx4AaABAg,gn972-2UigM,UgwRQ9nNqH7OgEoaqDx4AaABAg,youtube:gn972-2UigM:root,@九州男-o4r|UCWOKclNlMcbE10MJZqyTIRA,2025-08-13T00:00:00Z,一歩目が特殊なんで〜ってかっこよ,1,NOT_PUBLICLY_RETURNED_BY_YTDLP,"[""ACCELERATION_NOT_REFLECTED""]",RATING_COMMUNITY,youtube:gn972-2UigM,rating,,,OFFICIAL_YOUTUBE_PUBLIC_COMMENT,Retained because it contains a broad speed-related term; classification does not make it a physical-speed teacher.,INSUFFICIENT,Retained without inference: missing a safe current-100-player identity and/or explicit speed-rating direction.,2026-08-13T11:08:07Z,yt-dlp direct official-channel collection; --ignore-config; --no-update; no --proxy argument,,イチローが新特殊能力でプロスピAに登場！ 松井秀喜は当時イチローをどう思っていた？特別対談 vol.2 【プロ野球スピリッツA】,2025-05-15T03:00:41Z,NO_CURRENT_100_PLAYER_FULL_NAME_MATCH,ability_or_update_title_marker,YTDLP_BOUNDED_PUBLIC_COMMENT_SAMPLE; replies/total comment count may be incomplete,"For exhaustive/reproducible comment coverage, provide YouTube Data API commentThreads/replies JSON or CSV with videoId, comment ID, parent ID, authorChannelId/displayName, publishedAt, text, likeCount, replyCount.",channel_id=UCWzEh28vj3mQKpe0fzVTOUw; channel_name=パワプロ・プロスピ公式チャンネル,300,NOT_PUBLICLY_RETURNED_BY_YTDLP,NOT_CONFIGURED_ENV; no YouTube Data API key was supplied
SP034-RUN2-COMMENT-gn972-2UigM-UgyomjulWWCVFesOgPB4AaABAg,,,Pro Yakyuu Spirits A,2026/most-recent official channel inventory,2025-05-15,YouTube,official_youtube_comment,https://www.youtube.com/watch?v=gn972-2UigM&lc=UgyomjulWWCVFesOgPB4AaABAg,gn972-2UigM,UgyomjulWWCVFesOgPB4AaABAg,youtube:gn972-2UigM:root,@キャンタマEX|UCwH4VwaKAmzF7Zs-gRu5x8g,2026-06-13T00:00:00Z,2人とも天才でしかも秀才で森って言うのかな🎉しかも素人から見てもイチローさんはめちゃくちゃ足速いからねw,1,NOT_PUBLICLY_RETURNED_BY_YTDLP,"[""UNCLASSIFIED_CONTEXT""]",CONTEXT,youtube:gn972-2UigM,rating,,,OFFICIAL_YOUTUBE_PUBLIC_COMMENT,Retained because it contains a broad speed-related term; classification does not make it a physical-speed teacher.,INSUFFICIENT,Retained without inference: missing a safe current-100-player identity and/or explicit speed-rating direction.,2026-08-13T11:08:07Z,yt-dlp direct official-channel collection; --ignore-config; --no-update; no --proxy argument,,イチローが新特殊能力でプロスピAに登場！ 松井秀喜は当時イチローをどう思っていた？特別対談 vol.2 【プロ野球スピリッツA】,2025-05-15T03:00:41Z,NO_CURRENT_100_PLAYER_FULL_NAME_MATCH,ability_or_update_title_marker,YTDLP_BOUNDED_PUBLIC_COMMENT_SAMPLE; replies/total comment count may be incomplete,"For exhaustive/reproducible comment coverage, provide YouTube Data API commentThreads/replies JSON or CSV with videoId, comment ID, parent ID, authorChannelId/displayName, publishedAt, text, likeCount, replyCount.",channel_id=UCWzEh28vj3mQKpe0fzVTOUw; channel_name=パワプロ・プロスピ公式チャンネル,300,NOT_PUBLICLY_RETURNED_BY_YTDLP,NOT_CONFIGURED_ENV; no YouTube Data API key was supplied
SP034-RUN2-COMMENT-gn972-2UigM-UgyTeBfrYP1R3K5riA14AaABAg,,,Pro Yakyuu Spirits A,2026/most-recent official channel inventory,2025-05-15,YouTube,official_youtube_comment,https://www.youtube.com/watch?v=gn972-2UigM&lc=UgyTeBfrYP1R3K5riA14AaABAg,gn972-2UigM,UgyTeBfrYP1R3K5riA14AaABAg,youtube:gn972-2UigM:root,@細マッチョ-j1g|UCaQ_LHOR702oP3HV9j6Nftw,2025-08-13T00:00:00Z,走力が高い人も使える環境にして欲しい！,4,NOT_PUBLICLY_RETURNED_BY_YTDLP,"[""UNCLASSIFIED_CONTEXT""]",CONTEXT,youtube:gn972-2UigM,rating,,,OFFICIAL_YOUTUBE_PUBLIC_COMMENT,Retained because it contains a broad speed-related term; classification does not make it a physical-speed teacher.,INSUFFICIENT,Retained without inference: missing a safe current-100-player identity and/or explicit speed-rating direction.,2026-08-13T11:08:07Z,yt-dlp direct official-channel collection; --ignore-config; --no-update; no --proxy argument,,イチローが新特殊能力でプロスピAに登場！ 松井秀喜は当時イチローをどう思っていた？特別対談 vol.2 【プロ野球スピリッツA】,2025-05-15T03:00:41Z,NO_CURRENT_100_PLAYER_FULL_NAME_MATCH,ability_or_update_title_marker,YTDLP_BOUNDED_PUBLIC_COMMENT_SAMPLE; replies/total comment count may be incomplete,"For exhaustive/reproducible comment coverage, provide YouTube Data API commentThreads/replies JSON or CSV with videoId, comment ID, parent ID, authorChannelId/displayName, publishedAt, text, likeCount, replyCount.",channel_id=UCWzEh28vj3mQKpe0fzVTOUw; channel_name=パワプロ・プロスピ公式チャンネル,300,NOT_PUBLICLY_RETURNED_BY_YTDLP,NOT_CONFIGURED_ENV; no YouTube Data API key was supplied
SP034-RUN2-COMMENT-gn972-2UigM-UgwIeQvY51oZwAkot394AaABAg,,,Pro Yakyuu Spirits A,2026/most-recent official channel inventory,2025-05-15,YouTube,official_youtube_comment,https://www.youtube.com/watch?v=gn972-2UigM&lc=UgwIeQvY51oZwAkot394AaABAg,gn972-2UigM,UgwIeQvY51oZwAkot394AaABAg,youtube:gn972-2UigM:root,@toratoratorao1|UCAC6A3cHfbexgxfPdGVgSXw,2025-08-13T00:00:00Z,イチローは特別に速いでしょ笑,2,NOT_PUBLICLY_RETURNED_BY_YTDLP,"[""UNCLASSIFIED_CONTEXT""]",CONTEXT,youtube:gn972-2UigM,rating,,,OFFICIAL_YOUTUBE_PUBLIC_COMMENT,Retained because it contains a broad speed-related term; classification does not make it a physical-speed teacher.,INSUFFICIENT,Retained without inference: missing a safe current-100-player identity and/or explicit speed-rating direction.,2026-08-13T11:08:07Z,yt-dlp direct official-channel collection; --ignore-config; --no-update; no --proxy argument,,イチローが新特殊能力でプロスピAに登場！ 松井秀喜は当時イチローをどう思っていた？特別対談 vol.2 【プロ野球スピリッツA】,2025-05-15T03:00:41Z,NO_CURRENT_100_PLAYER_FULL_NAME_MATCH,ability_or_update_title_marker,YTDLP_BOUNDED_PUBLIC_COMMENT_SAMPLE; replies/total comment count may be incomplete,"For exhaustive/reproducible comment coverage, provide YouTube Data API commentThreads/replies JSON or CSV with videoId, comment ID, parent ID, authorChannelId/displayName, publishedAt, text, likeCount, replyCount.",channel_id=UCWzEh28vj3mQKpe0fzVTOUw; channel_name=パワプロ・プロスピ公式チャンネル,300,NOT_PUBLICLY_RETURNED_BY_YTDLP,NOT_CONFIGURED_ENV; no YouTube Data API key was supplied
SP034-RUN2-COMMENT-gn972-2UigM-Ugxarl5kHU8REJkiEat4AaABAg.AI7jRKcG0GZAI87zG8Zz7i,,,Pro Yakyuu Spirits A,2026/most-recent official channel inventory,2025-05-15,YouTube,official_youtube_comment,https://www.youtube.com/watch?v=gn972-2UigM&lc=Ugxarl5kHU8REJkiEat4AaABAg.AI7jRKcG0GZAI87zG8Zz7i,gn972-2UigM,Ugxarl5kHU8REJkiEat4AaABAg.AI7jRKcG0GZAI87zG8Zz7i,youtube:gn972-2UigM:Ugxarl5kHU8REJkiEat4AaABAg,@ハル-c3d|UChVEFabLdsEl2o96kfG_OOw,2025-08-13T00:00:00Z,イチローさんが変化球待ちでストレート打ってた言うてたからノビの反対で体感速度downくらいしていい気がする。リアタイとかも変化球待ちで直球はめちゃくちゃ早くて難易度高いし実際直球遅くなれば打率は相当上がるし世界一の安打製造機ってこと考えると妥当だと思う。,3,NOT_PUBLICLY_RETURNED_BY_YTDLP,"[""UNCLASSIFIED_CONTEXT""]",CONTEXT,youtube:gn972-2UigM,rating,,,OFFICIAL_YOUTUBE_PUBLIC_COMMENT,Retained because it contains a broad speed-related term; classification does not make it a physical-speed teacher.,INSUFFICIENT,Retained without inference: missing a safe current-100-player identity and/or explicit speed-rating direction.,2026-08-13T11:08:07Z,yt-dlp direct official-channel collection; --ignore-config; --no-update; no --proxy argument,,イチローが新特殊能力でプロスピAに登場！ 松井秀喜は当時イチローをどう思っていた？特別対談 vol.2 【プロ野球スピリッツA】,2025-05-15T03:00:41Z,NO_CURRENT_100_PLAYER_FULL_NAME_MATCH,ability_or_update_title_marker,YTDLP_BOUNDED_PUBLIC_COMMENT_SAMPLE; replies/total comment count may be incomplete,"For exhaustive/reproducible comment coverage, provide YouTube Data API commentThreads/replies JSON or CSV with videoId, comment ID, parent ID, authorChannelId/displayName, publishedAt, text, likeCount, replyCount.",channel_id=UCWzEh28vj3mQKpe0fzVTOUw; channel_name=パワプロ・プロスピ公式チャンネル,300,NOT_PUBLICLY_RETURNED_BY_YTDLP,NOT_CONFIGURED_ENV; no YouTube Data API key was supplied
SP034-RUN2-COMMENT-gn972-2UigM-UgzAtovyWAhK_NOF6hZ4AaABAg,,,Pro Yakyuu Spirits A,2026/most-recent official channel inventory,2025-05-15,YouTube,official_youtube_comment,https://www.youtube.com/watch?v=gn972-2UigM&lc=UgzAtovyWAhK_NOF6hZ4AaABAg,gn972-2UigM,UgzAtovyWAhK_NOF6hZ4AaABAg,youtube:gn972-2UigM:root,@くさたけ-h3o|UCmp5H1qCeE3P_N3mqB3sTfA,2025-08-13T00:00:00Z,松井さんの本に載ってた100m走のタイムかなり速かった気がしますよ😂,2,NOT_PUBLICLY_RETURNED_BY_YTDLP,"[""UNCLASSIFIED_CONTEXT""]",CONTEXT,youtube:gn972-2UigM,rating,,,OFFICIAL_YOUTUBE_PUBLIC_COMMENT,Retained because it contains a broad speed-related term; classification does not make it a physical-speed teacher.,INSUFFICIENT,Retained without inference: missing a safe current-100-player identity and/or explicit speed-rating direction.,2026-08-13T11:08:07Z,yt-dlp direct official-channel collection; --ignore-config; --no-update; no --proxy argument,,イチローが新特殊能力でプロスピAに登場！ 松井秀喜は当時イチローをどう思っていた？特別対談 vol.2 【プロ野球スピリッツA】,2025-05-15T03:00:41Z,NO_CURRENT_100_PLAYER_FULL_NAME_MATCH,ability_or_update_title_marker,YTDLP_BOUNDED_PUBLIC_COMMENT_SAMPLE; replies/total comment count may be incomplete,"For exhaustive/reproducible comment coverage, provide YouTube Data API commentThreads/replies JSON or CSV with videoId, comment ID, parent ID, authorChannelId/displayName, publishedAt, text, likeCount, replyCount.",channel_id=UCWzEh28vj3mQKpe0fzVTOUw; channel_name=パワプロ・プロスピ公式チャンネル,300,NOT_PUBLICLY_RETURNED_BY_YTDLP,NOT_CONFIGURED_ENV; no YouTube Data API key was supplied
SP034-RUN2-COMMENT-gn972-2UigM-UgzSnumkwrb0dKdmxX94AaABAg,,,Pro Yakyuu Spirits A,2026/most-recent official channel inventory,2025-05-15,YouTube,official_youtube_comment,https://www.youtube.com/watch?v=gn972-2UigM&lc=UgzSnumkwrb0dKdmxX94AaABAg,gn972-2UigM,UgzSnumkwrb0dKdmxX94AaABAg,youtube:gn972-2UigM:root,@坊っちゃん-f4t|UCqk1qYR27aSt8ieIT25EnDA,2025-08-13T00:00:00Z,"天才型のバッターでもストレートを待っての変化球なら
遅くなるから捉えられるけど
変化球待ちのストレート対応は凄い😊",3,NOT_PUBLICLY_RETURNED_BY_YTDLP,"[""UNCLASSIFIED_CONTEXT""]",CONTEXT,youtube:gn972-2UigM,rating,,,OFFICIAL_YOUTUBE_PUBLIC_COMMENT,Retained because it contains a broad speed-related term; classification does not make it a physical-speed teacher.,INSUFFICIENT,Retained without inference: missing a safe current-100-player identity and/or explicit speed-rating direction.,2026-08-13T11:08:07Z,yt-dlp direct official-channel collection; --ignore-config; --no-update; no --proxy argument,,イチローが新特殊能力でプロスピAに登場！ 松井秀喜は当時イチローをどう思っていた？特別対談 vol.2 【プロ野球スピリッツA】,2025-05-15T03:00:41Z,NO_CURRENT_100_PLAYER_FULL_NAME_MATCH,ability_or_update_title_marker,YTDLP_BOUNDED_PUBLIC_COMMENT_SAMPLE; replies/total comment count may be incomplete,"For exhaustive/reproducible comment coverage, provide YouTube Data API commentThreads/replies JSON or CSV with videoId, comment ID, parent ID, authorChannelId/displayName, publishedAt, text, likeCount, replyCount.",channel_id=UCWzEh28vj3mQKpe0fzVTOUw; channel_name=パワプロ・プロスピ公式チャンネル,300,NOT_PUBLICLY_RETURNED_BY_YTDLP,NOT_CONFIGURED_ENV; no YouTube Data API key was supplied
SP034-RUN2-COMMENT-gn972-2UigM-UgyhcHRqyBFFPxoK0LR4AaABAg,,,Pro Yakyuu Spirits A,2026/most-recent official channel inventory,2025-05-15,YouTube,official_youtube_comment,https://www.youtube.com/watch?v=gn972-2UigM&lc=UgyhcHRqyBFFPxoK0LR4AaABAg,gn972-2UigM,UgyhcHRqyBFFPxoK0LR4AaABAg,youtube:gn972-2UigM:root,@karinchan4340|UCloaqhpgRG7_qCzk0NoTUPg,2025-08-13T00:00:00Z,"まだ中弾道から高弾道でいくんやな。
走力上げても一つも内野安打ならんねんから不必要なのよ。わかってないなぁ",3,NOT_PUBLICLY_RETURNED_BY_YTDLP,"[""UNCLASSIFIED_CONTEXT""]",CONTEXT,youtube:gn972-2UigM,rating,,,OFFICIAL_YOUTUBE_PUBLIC_COMMENT,Retained because it contains a broad speed-related term; classification does not make it a physical-speed teacher.,INSUFFICIENT,Retained without inference: missing a safe current-100-player identity and/or explicit speed-rating direction.,2026-08-13T11:08:07Z,yt-dlp direct official-channel collection; --ignore-config; --no-update; no --proxy argument,,イチローが新特殊能力でプロスピAに登場！ 松井秀喜は当時イチローをどう思っていた？特別対談 vol.2 【プロ野球スピリッツA】,2025-05-15T03:00:41Z,NO_CURRENT_100_PLAYER_FULL_NAME_MATCH,ability_or_update_title_marker,YTDLP_BOUNDED_PUBLIC_COMMENT_SAMPLE; replies/total comment count may be incomplete,"For exhaustive/reproducible comment coverage, provide YouTube Data API commentThreads/replies JSON or CSV with videoId, comment ID, parent ID, authorChannelId/displayName, publishedAt, text, likeCount, replyCount.",channel_id=UCWzEh28vj3mQKpe0fzVTOUw; channel_name=パワプロ・プロスピ公式チャンネル,300,NOT_PUBLICLY_RETURNED_BY_YTDLP,NOT_CONFIGURED_ENV; no YouTube Data API key was supplied
SP034-RUN2-COMMENT-gn972-2UigM-UgxiS7-W-OeAjqXI_O94AaABAg.AI7hmFWQkxGAI91ix7Ui7y,,,Pro Yakyuu Spirits A,2026/most-recent official channel inventory,2025-05-15,YouTube,official_youtube_comment,https://www.youtube.com/watch?v=gn972-2UigM&lc=UgxiS7-W-OeAjqXI_O94AaABAg.AI7hmFWQkxGAI91ix7Ui7y,gn972-2UigM,UgxiS7-W-OeAjqXI_O94AaABAg.AI7hmFWQkxGAI91ix7Ui7y,youtube:gn972-2UigM:UgxiS7-W-OeAjqXI_O94AaABAg,@ゆっくりセット-z2s|UC3oUk_gKsVVx589BuC-EzuQ,2025-08-13T00:00:00Z,"普通に考えりゃそうだろうよ
単純に考えて、イチローは特殊能力３つじゃ絶対足りないから",0,NOT_PUBLICLY_RETURNED_BY_YTDLP,"[""UNCLASSIFIED_CONTEXT""]",CONTEXT,youtube:gn972-2UigM,rating,,,OFFICIAL_YOUTUBE_PUBLIC_COMMENT,Retained because it contains a broad speed-related term; classification does not make it a physical-speed teacher.,INSUFFICIENT,Retained without inference: missing a safe current-100-player identity and/or explicit speed-rating direction.,2026-08-13T11:08:07Z,yt-dlp direct official-channel collection; --ignore-config; --no-update; no --proxy argument,,イチローが新特殊能力でプロスピAに登場！ 松井秀喜は当時イチローをどう思っていた？特別対談 vol.2 【プロ野球スピリッツA】,2025-05-15T03:00:41Z,NO_CURRENT_100_PLAYER_FULL_NAME_MATCH,ability_or_update_title_marker,YTDLP_BOUNDED_PUBLIC_COMMENT_SAMPLE; replies/total comment count may be incomplete,"For exhaustive/reproducible comment coverage, provide YouTube Data API commentThreads/replies JSON or CSV with videoId, comment ID, parent ID, authorChannelId/displayName, publishedAt, text, likeCount, replyCount.",channel_id=UCWzEh28vj3mQKpe0fzVTOUw; channel_name=パワプロ・プロスピ公式チャンネル,300,NOT_PUBLICLY_RETURNED_BY_YTDLP,NOT_CONFIGURED_ENV; no YouTube Data API key was supplied
SP034-RUN2-VIDEO-18tbwwPM91A,,,Pro Yakyuu Spirits A,2026/most-recent official channel inventory,2025-03-28,YouTube,official_youtube_video_inventory,https://www.youtube.com/watch?v=18tbwwPM91A,18tbwwPM91A,18tbwwPM91A,youtube:18tbwwPM91A,,2025-03-28T03:00:02Z,,,,"[""UNCLASSIFIED_CONTEXT""]",CONTEXT,youtube:18tbwwPM91A,rating,,,OFFICIAL_YOUTUBE_CHANNEL,Prospi title match in latest-300 official channel inventory; comment_candidate=False.,INSUFFICIENT,Inventory record only; title/metadata alone is not a speed-rating claim.,2026-08-13T11:08:20Z,yt-dlp direct official-channel collection; --ignore-config; --no-update; no --proxy argument,,新・松井秀喜登場記念！ 松井秀喜×イチロー特別対談【プロ野球スピリッツA】,2025-03-28T03:00:02Z,NO_CURRENT_100_PLAYER_FULL_NAME_MATCH,current/player-event title without explicit ability marker,COMMENTS_NOT_ATTEMPTED_NOT_AN_ABILITY_OR_CURRENT_100_PLAYER_CANDIDATE,"For exhaustive/reproducible comment coverage, provide YouTube Data API commentThreads/replies JSON or CSV with videoId, comment ID, parent ID, authorChannelId/displayName, publishedAt, text, likeCount, replyCount.",channel_id=UCWzEh28vj3mQKpe0fzVTOUw; channel_name=パワプロ・プロスピ公式チャンネル,,NOT_PUBLICLY_RETURNED_BY_YTDLP,NOT_CONFIGURED_ENV; no YouTube Data API key was supplied
SP034-RUN2-VIDEO-av7vqGoVtcY,,,Pro Yakyuu Spirits A,2026/most-recent official channel inventory,2025-03-25,YouTube,official_youtube_video_inventory,https://www.youtube.com/watch?v=av7vqGoVtcY,av7vqGoVtcY,av7vqGoVtcY,youtube:av7vqGoVtcY,,2025-03-25T08:01:24Z,,,,"[""UNCLASSIFIED_CONTEXT""]",CONTEXT,youtube:av7vqGoVtcY,rating,,,OFFICIAL_YOUTUBE_CHANNEL,Prospi title match in latest-300 official channel inventory; comment_candidate=False.,INSUFFICIENT,Inventory record only; title/metadata alone is not a speed-rating claim.,2026-08-13T11:08:27Z,yt-dlp direct official-channel collection; --ignore-config; --no-update; no --proxy argument,,プロ野球スピリッツA PV 2025年度版,2025-03-25T08:01:24Z,NO_CURRENT_100_PLAYER_FULL_NAME_MATCH,current/player-event title without explicit ability marker,COMMENTS_NOT_ATTEMPTED_NOT_AN_ABILITY_OR_CURRENT_100_PLAYER_CANDIDATE,"For exhaustive/reproducible comment coverage, provide YouTube Data API commentThreads/replies JSON or CSV with videoId, comment ID, parent ID, authorChannelId/displayName, publishedAt, text, likeCount, replyCount.",channel_id=UCWzEh28vj3mQKpe0fzVTOUw; channel_name=パワプロ・プロスピ公式チャンネル,,NOT_PUBLICLY_RETURNED_BY_YTDLP,NOT_CONFIGURED_ENV; no YouTube Data API key was supplied
SP034-RUN2-VIDEO-t-0dgSQckqQ,,,Pro Yakyuu Spirits A,2026/most-recent official channel inventory,2024-12-25,YouTube,official_youtube_video_inventory,https://www.youtube.com/watch?v=t-0dgSQckqQ,t-0dgSQckqQ,t-0dgSQckqQ,youtube:t-0dgSQckqQ,,2024-12-25T10:00:37Z,,,,"[""UNCLASSIFIED_CONTEXT""]",CONTEXT,youtube:t-0dgSQckqQ,rating,,,OFFICIAL_YOUTUBE_CHANNEL,Prospi title match in latest-300 official channel inventory; comment_candidate=True.,INSUFFICIENT,Comments were retrieved and screened below; video-level inventory is not an independent speed-rating observation.,2026-08-13T11:08:33Z,yt-dlp direct official-channel collection; --ignore-config; --no-update; no --proxy argument,,【プロ野球スピリッツA】古田・里崎セレクション 登場選手発表 パ・リーグ編,2024-12-25T10:00:37Z,NO_CURRENT_100_PLAYER_FULL_NAME_MATCH,ability_or_update_title_marker,COMMENTS_BOUNDED_TO_YTDLP_MAX_300; full API pagination unavailable,"For exhaustive/reproducible comment coverage, provide YouTube Data API commentThreads/replies JSON or CSV with videoId, comment ID, parent ID, authorChannelId/displayName, publishedAt, text, likeCount, replyCount.",channel_id=UCWzEh28vj3mQKpe0fzVTOUw; channel_name=パワプロ・プロスピ公式チャンネル,300,NOT_PUBLICLY_RETURNED_BY_YTDLP,NOT_CONFIGURED_ENV; no YouTube Data API key was supplied
SP034-RUN2-COMMENT-t-0dgSQckqQ-UgwOSmA5q-DtbnFcHFN4AaABAg.ACTKt03C_cFACTkUzw2oPO,,,Pro Yakyuu Spirits A,2026/most-recent official channel inventory,2024-12-25,YouTube,official_youtube_comment,https://www.youtube.com/watch?v=t-0dgSQckqQ&lc=UgwOSmA5q-DtbnFcHFN4AaABAg.ACTKt03C_cFACTkUzw2oPO,t-0dgSQckqQ,UgwOSmA5q-DtbnFcHFN4AaABAg.ACTKt03C_cFACTkUzw2oPO,youtube:t-0dgSQckqQ:UgwOSmA5q-DtbnFcHFN4AaABAg,@Son_0302|UCwe4g-g_uUDypAjyfUBqu7w,2025-08-13T00:00:00Z,"個人的な能力予想
弾道アーチスト　ミートB78 パワーA82  走力C68
特能は、超広角打法•アーチスト•改•対エース
っていうとこかな。異論は認める",21,NOT_PUBLICLY_RETURNED_BY_YTDLP,"[""UNCLASSIFIED_CONTEXT""]",CONTEXT,youtube:t-0dgSQckqQ,rating,,,OFFICIAL_YOUTUBE_PUBLIC_COMMENT,Retained because it contains a broad speed-related term; classification does not make it a physical-speed teacher.,INSUFFICIENT,Retained without inference: missing a safe current-100-player identity and/or explicit speed-rating direction.,2026-08-13T11:08:45Z,yt-dlp direct official-channel collection; --ignore-config; --no-update; no --proxy argument,,【プロ野球スピリッツA】古田・里崎セレクション 登場選手発表 パ・リーグ編,2024-12-25T10:00:37Z,NO_CURRENT_100_PLAYER_FULL_NAME_MATCH,ability_or_update_title_marker,YTDLP_BOUNDED_PUBLIC_COMMENT_SAMPLE; replies/total comment count may be incomplete,"For exhaustive/reproducible comment coverage, provide YouTube Data API commentThreads/replies JSON or CSV with videoId, comment ID, parent ID, authorChannelId/displayName, publishedAt, text, likeCount, replyCount.",channel_id=UCWzEh28vj3mQKpe0fzVTOUw; channel_name=パワプロ・プロスピ公式チャンネル,300,NOT_PUBLICLY_RETURNED_BY_YTDLP,NOT_CONFIGURED_ENV; no YouTube Data API key was supplied
SP034-RUN2-COMMENT-t-0dgSQckqQ-Ugzd1eu2Y60ZtLAUKoh4AaABAg,,,Pro Yakyuu Spirits A,2026/most-recent official channel inventory,2024-12-25,YouTube,official_youtube_comment,https://www.youtube.com/watch?v=t-0dgSQckqQ&lc=Ugzd1eu2Y60ZtLAUKoh4AaABAg,t-0dgSQckqQ,Ugzd1eu2Y60ZtLAUKoh4AaABAg,youtube:t-0dgSQckqQ:root,@kentakakura582|UCeUZ6kRKFctQdjA2YLFblXQ,2025-08-13T00:00:00Z,"日本球界の捕手の頂点にいるのは
古田敦也。打撃天才守備頭脳明晰強肩。
現代のキャッチャーは古田敦也、阿部慎之介、城島健司、里崎智也、谷繁元信の足下にも及ばないでしょう。",3,NOT_PUBLICLY_RETURNED_BY_YTDLP,"[""UNCLASSIFIED_CONTEXT""]",CONTEXT,youtube:t-0dgSQckqQ,rating,,,OFFICIAL_YOUTUBE_PUBLIC_COMMENT,Retained because it contains a broad speed-related term; classification does not make it a physical-speed teacher.,INSUFFICIENT,Retained without inference: missing a safe current-100-player identity and/or explicit speed-rating direction.,2026-08-13T11:08:45Z,yt-dlp direct official-channel collection; --ignore-config; --no-update; no --proxy argument,,【プロ野球スピリッツA】古田・里崎セレクション 登場選手発表 パ・リーグ編,2024-12-25T10:00:37Z,NO_CURRENT_100_PLAYER_FULL_NAME_MATCH,ability_or_update_title_marker,YTDLP_BOUNDED_PUBLIC_COMMENT_SAMPLE; replies/total comment count may be incomplete,"For exhaustive/reproducible comment coverage, provide YouTube Data API commentThreads/replies JSON or CSV with videoId, comment ID, parent ID, authorChannelId/displayName, publishedAt, text, likeCount, replyCount.",channel_id=UCWzEh28vj3mQKpe0fzVTOUw; channel_name=パワプロ・プロスピ公式チャンネル,300,NOT_PUBLICLY_RETURNED_BY_YTDLP,NOT_CONFIGURED_ENV; no YouTube Data API key was supplied
SP034-RUN2-COMMENT-t-0dgSQckqQ-UgwqN63b_dAjoTGN0Ep4AaABAg,,,Pro Yakyuu Spirits A,2026/most-recent official channel inventory,2024-12-25,YouTube,official_youtube_comment,https://www.youtube.com/watch?v=t-0dgSQckqQ&lc=UgwqN63b_dAjoTGN0Ep4AaABAg,t-0dgSQckqQ,UgwqN63b_dAjoTGN0Ep4AaABAg,youtube:t-0dgSQckqQ:root,@sukemaru5587|UCMhfLryATUOjaEDIYNSPUHw,2025-08-13T00:00:00Z,"清原
弾道アーチスト　守備一塁B71 三塁D53
ミートB79 パワー82走力B74
超広角打法or超アーチスト
アーチスト改or広角打法改
存在感orチャンス
マジでこれくらいはやってくれよ？
これでパワヒで守備Dとかだったら終わってるぞ",122,NOT_PUBLICLY_RETURNED_BY_YTDLP,"[""UNCLASSIFIED_CONTEXT""]",CONTEXT,youtube:t-0dgSQckqQ,rating,,,OFFICIAL_YOUTUBE_PUBLIC_COMMENT,Retained because it contains a broad speed-related term; classification does not make it a physical-speed teacher.,INSUFFICIENT,Retained without inference: missing a safe current-100-player identity and/or explicit speed-rating direction.,2026-08-13T11:08:45Z,yt-dlp direct official-channel collection; --ignore-config; --no-update; no --proxy argument,,【プロ野球スピリッツA】古田・里崎セレクション 登場選手発表 パ・リーグ編,2024-12-25T10:00:37Z,NO_CURRENT_100_PLAYER_FULL_NAME_MATCH,ability_or_update_title_marker,YTDLP_BOUNDED_PUBLIC_COMMENT_SAMPLE; replies/total comment count may be incomplete,"For exhaustive/reproducible comment coverage, provide YouTube Data API commentThreads/replies JSON or CSV with videoId, comment ID, parent ID, authorChannelId/displayName, publishedAt, text, likeCount, replyCount.",channel_id=UCWzEh28vj3mQKpe0fzVTOUw; channel_name=パワプロ・プロスピ公式チャンネル,300,NOT_PUBLICLY_RETURNED_BY_YTDLP,NOT_CONFIGURED_ENV; no YouTube Data API key was supplied
SP034-RUN2-VIDEO-ZlhjLHzUt0A,,,Pro Yakyuu Spirits A,2026/most-recent official channel inventory,2024-10-21,YouTube,official_youtube_video_inventory,https://www.youtube.com/watch?v=ZlhjLHzUt0A,ZlhjLHzUt0A,ZlhjLHzUt0A,youtube:ZlhjLHzUt0A,,2024-10-21T18:55:49Z,,,,"[""UNCLASSIFIED_CONTEXT""]",CONTEXT,youtube:ZlhjLHzUt0A,rating,,,OFFICIAL_YOUTUBE_CHANNEL,Prospi title match in latest-300 official channel inventory; comment_candidate=False.,INSUFFICIENT,Inventory record only; title/metadata alone is not a speed-rating claim.,2026-08-13T11:08:48Z,yt-dlp direct official-channel collection; --ignore-config; --no-update; no --proxy argument,,大谷翔平選手 登場記念『プロ野球スピリッツA』CMメイキング＆インタビュー,2024-10-21T18:55:49Z,NO_CURRENT_100_PLAYER_FULL_NAME_MATCH,current/player-event title without explicit ability marker,COMMENTS_NOT_ATTEMPTED_NOT_AN_ABILITY_OR_CURRENT_100_PLAYER_CANDIDATE,"For exhaustive/reproducible comment coverage, provide YouTube Data API commentThreads/replies JSON or CSV with videoId, comment ID, parent ID, authorChannelId/displayName, publishedAt, text, likeCount, replyCount.",channel_id=UCWzEh28vj3mQKpe0fzVTOUw; channel_name=パワプロ・プロスピ公式チャンネル,,NOT_PUBLICLY_RETURNED_BY_YTDLP,NOT_CONFIGURED_ENV; no YouTube Data API key was supplied
SP034-RUN2-VIDEO-qVl61GKQNhE,,,Pro Yakyuu Spirits A,2026/most-recent official channel inventory,2024-10-21,YouTube,official_youtube_video_inventory,https://www.youtube.com/watch?v=qVl61GKQNhE,qVl61GKQNhE,qVl61GKQNhE,youtube:qVl61GKQNhE,,2024-10-21T12:00:06Z,,,,"[""UNCLASSIFIED_CONTEXT""]",CONTEXT,youtube:qVl61GKQNhE,rating,,,OFFICIAL_YOUTUBE_CHANNEL,Prospi title match in latest-300 official channel inventory; comment_candidate=True.,INSUFFICIENT,Comments were retrieved and screened below; video-level inventory is not an independent speed-rating observation.,2026-08-13T11:08:55Z,yt-dlp direct official-channel collection; --ignore-config; --no-update; no --proxy argument,,プロスピAで規格外の二刀流を体感しよう！【2023WORLD BASEBALL CLASSIC 大谷翔平登場記念特別企画】,2024-10-21T12:00:06Z,源田 壮亮 (player_id=71775134),current/player-event title without explicit ability marker,COMMENTS_BOUNDED_TO_YTDLP_MAX_300; full API pagination unavailable,"For exhaustive/reproducible comment coverage, provide YouTube Data API commentThreads/replies JSON or CSV with videoId, comment ID, parent ID, authorChannelId/displayName, publishedAt, text, likeCount, replyCount.",channel_id=UCWzEh28vj3mQKpe0fzVTOUw; channel_name=パワプロ・プロスピ公式チャンネル,300,NOT_PUBLICLY_RETURNED_BY_YTDLP,NOT_CONFIGURED_ENV; no YouTube Data API key was supplied
SP034-RUN2-COMMENT-qVl61GKQNhE-UgziwKPu1jG3hO15b8R4AaABAg,,,Pro Yakyuu Spirits A,2026/most-recent official channel inventory,2024-10-21,YouTube,official_youtube_comment,https://www.youtube.com/watch?v=qVl61GKQNhE&lc=UgziwKPu1jG3hO15b8R4AaABAg,qVl61GKQNhE,UgziwKPu1jG3hO15b8R4AaABAg,youtube:qVl61GKQNhE:root,@banirapino|UCeg0iGzaUNv84ik5rJFcDjA,2025-08-13T00:00:00Z,"予想
ミート82パワー90走力84",2,NOT_PUBLICLY_RETURNED_BY_YTDLP,"[""UNCLASSIFIED_CONTEXT""]",CONTEXT,youtube:qVl61GKQNhE,rating,84,,OFFICIAL_YOUTUBE_PUBLIC_COMMENT,Retained because it contains a broad speed-related term; classification does not make it a physical-speed teacher.,INSUFFICIENT,Retained without inference: missing a safe current-100-player identity and/or explicit speed-rating direction.,2026-08-13T11:09:06Z,yt-dlp direct official-channel collection; --ignore-config; --no-update; no --proxy argument,,プロスピAで規格外の二刀流を体感しよう！【2023WORLD BASEBALL CLASSIC 大谷翔平登場記念特別企画】,2024-10-21T12:00:06Z,NO_CURRENT_100_PLAYER_FULL_NAME_MATCH,current/player-event title without explicit ability marker,YTDLP_BOUNDED_PUBLIC_COMMENT_SAMPLE; replies/total comment count may be incomplete,"For exhaustive/reproducible comment coverage, provide YouTube Data API commentThreads/replies JSON or CSV with videoId, comment ID, parent ID, authorChannelId/displayName, publishedAt, text, likeCount, replyCount.",channel_id=UCWzEh28vj3mQKpe0fzVTOUw; channel_name=パワプロ・プロスピ公式チャンネル,300,NOT_PUBLICLY_RETURNED_BY_YTDLP,NOT_CONFIGURED_ENV; no YouTube Data API key was supplied
SP034-RUN2-COMMENT-qVl61GKQNhE-Ugxugp5GHunpC9R7e614AaABAg,,,Pro Yakyuu Spirits A,2026/most-recent official channel inventory,2024-10-21,YouTube,official_youtube_comment,https://www.youtube.com/watch?v=qVl61GKQNhE&lc=Ugxugp5GHunpC9R7e614AaABAg,qVl61GKQNhE,Ugxugp5GHunpC9R7e614AaABAg,youtube:qVl61GKQNhE:root,@あは-m2j|UCf_hCPCLl0QsHLpJUhbwyqA,2025-08-13T00:00:00Z,"ミート83パワー90走力86
超アーチスト
広角打法
二刀流",5,NOT_PUBLICLY_RETURNED_BY_YTDLP,"[""UNCLASSIFIED_CONTEXT""]",CONTEXT,youtube:qVl61GKQNhE,rating,86,,OFFICIAL_YOUTUBE_PUBLIC_COMMENT,Retained because it contains a broad speed-related term; classification does not make it a physical-speed teacher.,INSUFFICIENT,Retained without inference: missing a safe current-100-player identity and/or explicit speed-rating direction.,2026-08-13T11:09:06Z,yt-dlp direct official-channel collection; --ignore-config; --no-update; no --proxy argument,,プロスピAで規格外の二刀流を体感しよう！【2023WORLD BASEBALL CLASSIC 大谷翔平登場記念特別企画】,2024-10-21T12:00:06Z,NO_CURRENT_100_PLAYER_FULL_NAME_MATCH,current/player-event title without explicit ability marker,YTDLP_BOUNDED_PUBLIC_COMMENT_SAMPLE; replies/total comment count may be incomplete,"For exhaustive/reproducible comment coverage, provide YouTube Data API commentThreads/replies JSON or CSV with videoId, comment ID, parent ID, authorChannelId/displayName, publishedAt, text, likeCount, replyCount.",channel_id=UCWzEh28vj3mQKpe0fzVTOUw; channel_name=パワプロ・プロスピ公式チャンネル,300,NOT_PUBLICLY_RETURNED_BY_YTDLP,NOT_CONFIGURED_ENV; no YouTube Data API key was supplied
SP034-RUN2-COMMENT-qVl61GKQNhE-UgzFhcB3X4GTFf-6bXl4AaABAg.A9rGzzeJOHuA9rKHLYD4Gn,,,Pro Yakyuu Spirits A,2026/most-recent official channel inventory,2024-10-21,YouTube,official_youtube_comment,https://www.youtube.com/watch?v=qVl61GKQNhE&lc=UgzFhcB3X4GTFf-6bXl4AaABAg.A9rGzzeJOHuA9rKHLYD4Gn,qVl61GKQNhE,UgzFhcB3X4GTFf-6bXl4AaABAg.A9rGzzeJOHuA9rKHLYD4Gn,youtube:qVl61GKQNhE:UgzFhcB3X4GTFf-6bXl4AaABAg,@usahooooo|UCCU-ePAcdYjkNHfcYzaSv6Q,2025-08-13T00:00:00Z,スイーパーはスラーブをめっちゃ球速早くして変化量MAX球威sで実装したら近づきそう,0,NOT_PUBLICLY_RETURNED_BY_YTDLP,"[""UNCLASSIFIED_CONTEXT""]",CONTEXT,youtube:qVl61GKQNhE,rating,,,OFFICIAL_YOUTUBE_PUBLIC_COMMENT,Retained because it contains a broad speed-related term; classification does not make it a physical-speed teacher.,INSUFFICIENT,Retained without inference: missing a safe current-100-player identity and/or explicit speed-rating direction.,2026-08-13T11:09:06Z,yt-dlp direct official-channel collection; --ignore-config; --no-update; no --proxy argument,,プロスピAで規格外の二刀流を体感しよう！【2023WORLD BASEBALL CLASSIC 大谷翔平登場記念特別企画】,2024-10-21T12:00:06Z,NO_CURRENT_100_PLAYER_FULL_NAME_MATCH,current/player-event title without explicit ability marker,YTDLP_BOUNDED_PUBLIC_COMMENT_SAMPLE; replies/total comment count may be incomplete,"For exhaustive/reproducible comment coverage, provide YouTube Data API commentThreads/replies JSON or CSV with videoId, comment ID, parent ID, authorChannelId/displayName, publishedAt, text, likeCount, replyCount.",channel_id=UCWzEh28vj3mQKpe0fzVTOUw; channel_name=パワプロ・プロスピ公式チャンネル,300,NOT_PUBLICLY_RETURNED_BY_YTDLP,NOT_CONFIGURED_ENV; no YouTube Data API key was supplied
SP034-RUN2-COMMENT-qVl61GKQNhE-UgwUKeliEajnW1NNbo54AaABAg,,,Pro Yakyuu Spirits A,2026/most-recent official channel inventory,2024-10-21,YouTube,official_youtube_comment,https://www.youtube.com/watch?v=qVl61GKQNhE&lc=UgwUKeliEajnW1NNbo54AaABAg,qVl61GKQNhE,UgwUKeliEajnW1NNbo54AaABAg,youtube:qVl61GKQNhE:root,@メルヘンとグレーデル|UCTkKtfHl5CqTp09LvxQDFgw,2025-08-13T00:00:00Z,"予想 ミート80 パワー90 走力 79
超アーチスト
広角打法
別次元？笑",12,NOT_PUBLICLY_RETURNED_BY_YTDLP,"[""UNCLASSIFIED_CONTEXT""]",CONTEXT,youtube:qVl61GKQNhE,rating,79,,OFFICIAL_YOUTUBE_PUBLIC_COMMENT,Retained because it contains a broad speed-related term; classification does not make it a physical-speed teacher.,INSUFFICIENT,Retained without inference: missing a safe current-100-player identity and/or explicit speed-rating direction.,2026-08-13T11:09:06Z,yt-dlp direct official-channel collection; --ignore-config; --no-update; no --proxy argument,,プロスピAで規格外の二刀流を体感しよう！【2023WORLD BASEBALL CLASSIC 大谷翔平登場記念特別企画】,2024-10-21T12:00:06Z,NO_CURRENT_100_PLAYER_FULL_NAME_MATCH,current/player-event title without explicit ability marker,YTDLP_BOUNDED_PUBLIC_COMMENT_SAMPLE; replies/total comment count may be incomplete,"For exhaustive/reproducible comment coverage, provide YouTube Data API commentThreads/replies JSON or CSV with videoId, comment ID, parent ID, authorChannelId/displayName, publishedAt, text, likeCount, replyCount.",channel_id=UCWzEh28vj3mQKpe0fzVTOUw; channel_name=パワプロ・プロスピ公式チャンネル,300,NOT_PUBLICLY_RETURNED_BY_YTDLP,NOT_CONFIGURED_ENV; no YouTube Data API key was supplied
SP034-RUN2-COMMENT-qVl61GKQNhE-UgzF-wHciUVa-2VIXj14AaABAg,,,Pro Yakyuu Spirits A,2026/most-recent official channel inventory,2024-10-21,YouTube,official_youtube_comment,https://www.youtube.com/watch?v=qVl61GKQNhE&lc=UgzF-wHciUVa-2VIXj14AaABAg,qVl61GKQNhE,UgzF-wHciUVa-2VIXj14AaABAg,youtube:qVl61GKQNhE:root,@世界のAOKI|UCX4MbtqgdJU-iTwuOa45Q8A,2025-08-13T00:00:00Z,34:02  豪速球って脅威➕あったっけ？,8,NOT_PUBLICLY_RETURNED_BY_YTDLP,"[""UNCLASSIFIED_CONTEXT""]",CONTEXT,youtube:qVl61GKQNhE,rating,,,OFFICIAL_YOUTUBE_PUBLIC_COMMENT,Retained because it contains a broad speed-related term; classification does not make it a physical-speed teacher.,INSUFFICIENT,Retained without inference: missing a safe current-100-player identity and/or explicit speed-rating direction.,2026-08-13T11:09:06Z,yt-dlp direct official-channel collection; --ignore-config; --no-update; no --proxy argument,,プロスピAで規格外の二刀流を体感しよう！【2023WORLD BASEBALL CLASSIC 大谷翔平登場記念特別企画】,2024-10-21T12:00:06Z,NO_CURRENT_100_PLAYER_FULL_NAME_MATCH,current/player-event title without explicit ability marker,YTDLP_BOUNDED_PUBLIC_COMMENT_SAMPLE; replies/total comment count may be incomplete,"For exhaustive/reproducible comment coverage, provide YouTube Data API commentThreads/replies JSON or CSV with videoId, comment ID, parent ID, authorChannelId/displayName, publishedAt, text, likeCount, replyCount.",channel_id=UCWzEh28vj3mQKpe0fzVTOUw; channel_name=パワプロ・プロスピ公式チャンネル,300,NOT_PUBLICLY_RETURNED_BY_YTDLP,NOT_CONFIGURED_ENV; no YouTube Data API key was supplied
SP034-RUN2-COMMENT-qVl61GKQNhE-Ugy4DnrAM4_gYxLtKf14AaABAg.A9rG5wxHHpNA9rZ9MoQ9jP,,,Pro Yakyuu Spirits A,2026/most-recent official channel inventory,2024-10-21,YouTube,official_youtube_comment,https://www.youtube.com/watch?v=qVl61GKQNhE&lc=Ugy4DnrAM4_gYxLtKf14AaABAg.A9rG5wxHHpNA9rZ9MoQ9jP,qVl61GKQNhE,Ugy4DnrAM4_gYxLtKf14AaABAg.A9rG5wxHHpNA9rZ9MoQ9jP,youtube:qVl61GKQNhE:Ugy4DnrAM4_gYxLtKf14AaABAg,@鈴金魚|UCbqx36Xkj908a4oAcrjYgXA,2025-08-13T00:00:00Z,足が速い山川,4,NOT_PUBLICLY_RETURNED_BY_YTDLP,"[""UNCLASSIFIED_CONTEXT""]",CONTEXT,youtube:qVl61GKQNhE,rating,,,OFFICIAL_YOUTUBE_PUBLIC_COMMENT,Retained because it contains a broad speed-related term; classification does not make it a physical-speed teacher.,INSUFFICIENT,Retained without inference: missing a safe current-100-player identity and/or explicit speed-rating direction.,2026-08-13T11:09:06Z,yt-dlp direct official-channel collection; --ignore-config; --no-update; no --proxy argument,,プロスピAで規格外の二刀流を体感しよう！【2023WORLD BASEBALL CLASSIC 大谷翔平登場記念特別企画】,2024-10-21T12:00:06Z,NO_CURRENT_100_PLAYER_FULL_NAME_MATCH,current/player-event title without explicit ability marker,YTDLP_BOUNDED_PUBLIC_COMMENT_SAMPLE; replies/total comment count may be incomplete,"For exhaustive/reproducible comment coverage, provide YouTube Data API commentThreads/replies JSON or CSV with videoId, comment ID, parent ID, authorChannelId/displayName, publishedAt, text, likeCount, replyCount.",channel_id=UCWzEh28vj3mQKpe0fzVTOUw; channel_name=パワプロ・プロスピ公式チャンネル,300,NOT_PUBLICLY_RETURNED_BY_YTDLP,NOT_CONFIGURED_ENV; no YouTube Data API key was supplied
SP034-RUN2-COMMENT-qVl61GKQNhE-Ugxph3spkB0tL2aStqF4AaABAg,,,Pro Yakyuu Spirits A,2026/most-recent official channel inventory,2024-10-21,YouTube,official_youtube_comment,https://www.youtube.com/watch?v=qVl61GKQNhE&lc=Ugxph3spkB0tL2aStqF4AaABAg,qVl61GKQNhE,Ugxph3spkB0tL2aStqF4AaABAg,youtube:qVl61GKQNhE:root,@shotata0116|UCFw86ZMfbJjg_dsqrDq6YYw,2025-08-13T00:00:00Z,プロ野球スピリッツ2024発売記念で10連目もワールドチャレンジャーSランク確定の10.30.60.90連目確定+ミキサーのガチャ形式と投手大谷真っスラAにC表記のB曲がりツーシームにスイーパー(スライダー)、カット、ナックルカーブ、カーブ、SFF、縦スラで超豪速球、ノビ・改、エースの風格打者大谷　83.90.83、超アーチスト、広角打法・改、フルスイングと予想します,12,NOT_PUBLICLY_RETURNED_BY_YTDLP,"[""UNCLASSIFIED_CONTEXT""]",CONTEXT,youtube:qVl61GKQNhE,rating,,,OFFICIAL_YOUTUBE_PUBLIC_COMMENT,Retained because it contains a broad speed-related term; classification does not make it a physical-speed teacher.,INSUFFICIENT,Retained without inference: missing a safe current-100-player identity and/or explicit speed-rating direction.,2026-08-13T11:09:06Z,yt-dlp direct official-channel collection; --ignore-config; --no-update; no --proxy argument,,プロスピAで規格外の二刀流を体感しよう！【2023WORLD BASEBALL CLASSIC 大谷翔平登場記念特別企画】,2024-10-21T12:00:06Z,NO_CURRENT_100_PLAYER_FULL_NAME_MATCH,current/player-event title without explicit ability marker,YTDLP_BOUNDED_PUBLIC_COMMENT_SAMPLE; replies/total comment count may be incomplete,"For exhaustive/reproducible comment coverage, provide YouTube Data API commentThreads/replies JSON or CSV with videoId, comment ID, parent ID, authorChannelId/displayName, publishedAt, text, likeCount, replyCount.",channel_id=UCWzEh28vj3mQKpe0fzVTOUw; channel_name=パワプロ・プロスピ公式チャンネル,300,NOT_PUBLICLY_RETURNED_BY_YTDLP,NOT_CONFIGURED_ENV; no YouTube Data API key was supplied
SP034-RUN2-COMMENT-qVl61GKQNhE-Ugyrh4Wz9tF9s4cc0ZB4AaABAg.A9qkOxTLOO8A9rCbe1uQh0,,,Pro Yakyuu Spirits A,2026/most-recent official channel inventory,2024-10-21,YouTube,official_youtube_comment,https://www.youtube.com/watch?v=qVl61GKQNhE&lc=Ugyrh4Wz9tF9s4cc0ZB4AaABAg.A9qkOxTLOO8A9rCbe1uQh0,qVl61GKQNhE,Ugyrh4Wz9tF9s4cc0ZB4AaABAg.A9qkOxTLOO8A9rCbe1uQh0,youtube:qVl61GKQNhE:Ugyrh4Wz9tF9s4cc0ZB4AaABAg,@100kin-s6v|UCMfnrAUem1u8pPzYdfKyVRg,2025-08-13T00:00:00Z,"ミート:85
パワー:90
走力:88
特能
超アーチスト
広角打法
50-50(ランナーがいる状態でパワ
　　　ー大アップ、出塁すると走
　　　力大アップ)",5,NOT_PUBLICLY_RETURNED_BY_YTDLP,"[""UNCLASSIFIED_CONTEXT""]",CONTEXT,youtube:qVl61GKQNhE,rating,,,OFFICIAL_YOUTUBE_PUBLIC_COMMENT,Retained because it contains a broad speed-related term; classification does not make it a physical-speed teacher.,INSUFFICIENT,Retained without inference: missing a safe current-100-player identity and/or explicit speed-rating direction.,2026-08-13T11:09:06Z,yt-dlp direct official-channel collection; --ignore-config; --no-update; no --proxy argument,,プロスピAで規格外の二刀流を体感しよう！【2023WORLD BASEBALL CLASSIC 大谷翔平登場記念特別企画】,2024-10-21T12:00:06Z,NO_CURRENT_100_PLAYER_FULL_NAME_MATCH,current/player-event title without explicit ability marker,YTDLP_BOUNDED_PUBLIC_COMMENT_SAMPLE; replies/total comment count may be incomplete,"For exhaustive/reproducible comment coverage, provide YouTube Data API commentThreads/replies JSON or CSV with videoId, comment ID, parent ID, authorChannelId/displayName, publishedAt, text, likeCount, replyCount.",channel_id=UCWzEh28vj3mQKpe0fzVTOUw; channel_name=パワプロ・プロスピ公式チャンネル,300,NOT_PUBLICLY_RETURNED_BY_YTDLP,NOT_CONFIGURED_ENV; no YouTube Data API key was supplied
SP034-RUN2-COMMENT-qVl61GKQNhE-Ugyrh4Wz9tF9s4cc0ZB4AaABAg.A9qkOxTLOO8A9rCA2iIaEv,,,Pro Yakyuu Spirits A,2026/most-recent official channel inventory,2024-10-21,YouTube,official_youtube_comment,https://www.youtube.com/watch?v=qVl61GKQNhE&lc=Ugyrh4Wz9tF9s4cc0ZB4AaABAg.A9qkOxTLOO8A9rCA2iIaEv,qVl61GKQNhE,Ugyrh4Wz9tF9s4cc0ZB4AaABAg.A9qkOxTLOO8A9rCA2iIaEv,youtube:qVl61GKQNhE:Ugyrh4Wz9tF9s4cc0ZB4AaABAg,@孫悟空-t6y|UCQefB_Qhb3vU8EnysYpN3Mg,2025-08-13T00:00:00Z,"ミート87パワー90走力87
特殊能力
超showtime
アーチスト改
広角打法",4,NOT_PUBLICLY_RETURNED_BY_YTDLP,"[""UNCLASSIFIED_CONTEXT""]",CONTEXT,youtube:qVl61GKQNhE,rating,87,,OFFICIAL_YOUTUBE_PUBLIC_COMMENT,Retained because it contains a broad speed-related term; classification does not make it a physical-speed teacher.,INSUFFICIENT,Retained without inference: missing a safe current-100-player identity and/or explicit speed-rating direction.,2026-08-13T11:09:06Z,yt-dlp direct official-channel collection; --ignore-config; --no-update; no --proxy argument,,プロスピAで規格外の二刀流を体感しよう！【2023WORLD BASEBALL CLASSIC 大谷翔平登場記念特別企画】,2024-10-21T12:00:06Z,NO_CURRENT_100_PLAYER_FULL_NAME_MATCH,current/player-event title without explicit ability marker,YTDLP_BOUNDED_PUBLIC_COMMENT_SAMPLE; replies/total comment count may be incomplete,"For exhaustive/reproducible comment coverage, provide YouTube Data API commentThreads/replies JSON or CSV with videoId, comment ID, parent ID, authorChannelId/displayName, publishedAt, text, likeCount, replyCount.",channel_id=UCWzEh28vj3mQKpe0fzVTOUw; channel_name=パワプロ・プロスピ公式チャンネル,300,NOT_PUBLICLY_RETURNED_BY_YTDLP,NOT_CONFIGURED_ENV; no YouTube Data API key was supplied
SP034-RUN2-COMMENT-qVl61GKQNhE-Ugyrh4Wz9tF9s4cc0ZB4AaABAg.A9qkOxTLOO8A9rCDrGhLvR,,,Pro Yakyuu Spirits A,2026/most-recent official channel inventory,2024-10-21,YouTube,official_youtube_comment,https://www.youtube.com/watch?v=qVl61GKQNhE&lc=Ugyrh4Wz9tF9s4cc0ZB4AaABAg.A9qkOxTLOO8A9rCDrGhLvR,qVl61GKQNhE,Ugyrh4Wz9tF9s4cc0ZB4AaABAg.A9qkOxTLOO8A9rCDrGhLvR,youtube:qVl61GKQNhE:Ugyrh4Wz9tF9s4cc0ZB4AaABAg,@SATOTERU-mx9vb|UCz1UwjhB36mfATmx4QRZI0A,2025-08-13T00:00:00Z,"ミート:86
パワー:91
走力:84

超アーチスト
広角打法・改
盗塁",2,NOT_PUBLICLY_RETURNED_BY_YTDLP,"[""UNCLASSIFIED_CONTEXT""]",CONTEXT,youtube:qVl61GKQNhE,rating,,,OFFICIAL_YOUTUBE_PUBLIC_COMMENT,Retained because it contains a broad speed-related term; classification does not make it a physical-speed teacher.,INSUFFICIENT,Retained without inference: missing a safe current-100-player identity and/or explicit speed-rating direction.,2026-08-13T11:09:06Z,yt-dlp direct official-channel collection; --ignore-config; --no-update; no --proxy argument,,プロスピAで規格外の二刀流を体感しよう！【2023WORLD BASEBALL CLASSIC 大谷翔平登場記念特別企画】,2024-10-21T12:00:06Z,NO_CURRENT_100_PLAYER_FULL_NAME_MATCH,current/player-event title without explicit ability marker,YTDLP_BOUNDED_PUBLIC_COMMENT_SAMPLE; replies/total comment count may be incomplete,"For exhaustive/reproducible comment coverage, provide YouTube Data API commentThreads/replies JSON or CSV with videoId, comment ID, parent ID, authorChannelId/displayName, publishedAt, text, likeCount, replyCount.",channel_id=UCWzEh28vj3mQKpe0fzVTOUw; channel_name=パワプロ・プロスピ公式チャンネル,300,NOT_PUBLICLY_RETURNED_BY_YTDLP,NOT_CONFIGURED_ENV; no YouTube Data API key was supplied
SP034-RUN2-COMMENT-qVl61GKQNhE-UgwmS0PhJ9oUNItYgeR4AaABAg,,,Pro Yakyuu Spirits A,2026/most-recent official channel inventory,2024-10-21,YouTube,official_youtube_comment,https://www.youtube.com/watch?v=qVl61GKQNhE&lc=UgwmS0PhJ9oUNItYgeR4AaABAg,qVl61GKQNhE,UgwmS0PhJ9oUNItYgeR4AaABAg,youtube:qVl61GKQNhE:root,@JeffSmith-x3z|UCnxgje7FsaEj7VkcY10g3fQ,2025-08-13T00:00:00Z,"規格外(打者)
効果:規格外のプレーで周囲を圧倒する。
•パワー中UP
•ベストピッチによる打球速度の減衰を受けづらくなる
•味方に村上(ヤ)がいる場合は脳みそを破壊して同選手のミート、パワー大DOWN
•岡本(巨)を♀に変える

規格外(投手)
効果:規格外のプレーで周囲を圧倒する
•球威小UP
•打者のパワー中DOWN
※3点差以内のリリーフ登板回のみ有効
•変化球の曲がり始めが遅くなる
•奪三振で試合を終えると帽子を投げる",12,NOT_PUBLICLY_RETURNED_BY_YTDLP,"[""UNCLASSIFIED_CONTEXT""]",CONTEXT,youtube:qVl61GKQNhE,rating,,,OFFICIAL_YOUTUBE_PUBLIC_COMMENT,Retained because it contains a broad speed-related term; classification does not make it a physical-speed teacher.,INSUFFICIENT,Retained without inference: missing a safe current-100-player identity and/or explicit speed-rating direction.,2026-08-13T11:09:06Z,yt-dlp direct official-channel collection; --ignore-config; --no-update; no --proxy argument,,プロスピAで規格外の二刀流を体感しよう！【2023WORLD BASEBALL CLASSIC 大谷翔平登場記念特別企画】,2024-10-21T12:00:06Z,NO_CURRENT_100_PLAYER_FULL_NAME_MATCH,current/player-event title without explicit ability marker,YTDLP_BOUNDED_PUBLIC_COMMENT_SAMPLE; replies/total comment count may be incomplete,"For exhaustive/reproducible comment coverage, provide YouTube Data API commentThreads/replies JSON or CSV with videoId, comment ID, parent ID, authorChannelId/displayName, publishedAt, text, likeCount, replyCount.",channel_id=UCWzEh28vj3mQKpe0fzVTOUw; channel_name=パワプロ・プロスピ公式チャンネル,300,NOT_PUBLICLY_RETURNED_BY_YTDLP,NOT_CONFIGURED_ENV; no YouTube Data API key was supplied
SP034-RUN2-COMMENT-qVl61GKQNhE-Ugz29NbGKFLxDLkLNTp4AaABAg.A9rHbtEQkJYA9tTViLDMuC,,,Pro Yakyuu Spirits A,2026/most-recent official channel inventory,2024-10-21,YouTube,official_youtube_comment,https://www.youtube.com/watch?v=qVl61GKQNhE&lc=Ugz29NbGKFLxDLkLNTp4AaABAg.A9rHbtEQkJYA9tTViLDMuC,qVl61GKQNhE,Ugz29NbGKFLxDLkLNTp4AaABAg.A9rHbtEQkJYA9tTViLDMuC,youtube:qVl61GKQNhE:Ugz29NbGKFLxDLkLNTp4AaABAg,@crazyboy-hd1wz|UCufnbeIaOjlljxW8hJ9zaOQ,2025-08-13T00:00:00Z,"ストレートの球威アップ
パワー中ダウン2個持ち
スイーパーの変化量はスロースライダーで回転は高速スラカット
侍より余裕で強い",1,NOT_PUBLICLY_RETURNED_BY_YTDLP,"[""UNCLASSIFIED_CONTEXT""]",CONTEXT,youtube:qVl61GKQNhE,rating,,,OFFICIAL_YOUTUBE_PUBLIC_COMMENT,Retained because it contains a broad speed-related term; classification does not make it a physical-speed teacher.,INSUFFICIENT,Retained without inference: missing a safe current-100-player identity and/or explicit speed-rating direction.,2026-08-13T11:09:06Z,yt-dlp direct official-channel collection; --ignore-config; --no-update; no --proxy argument,,プロスピAで規格外の二刀流を体感しよう！【2023WORLD BASEBALL CLASSIC 大谷翔平登場記念特別企画】,2024-10-21T12:00:06Z,NO_CURRENT_100_PLAYER_FULL_NAME_MATCH,current/player-event title without explicit ability marker,YTDLP_BOUNDED_PUBLIC_COMMENT_SAMPLE; replies/total comment count may be incomplete,"For exhaustive/reproducible comment coverage, provide YouTube Data API commentThreads/replies JSON or CSV with videoId, comment ID, parent ID, authorChannelId/displayName, publishedAt, text, likeCount, replyCount.",channel_id=UCWzEh28vj3mQKpe0fzVTOUw; channel_name=パワプロ・プロスピ公式チャンネル,300,NOT_PUBLICLY_RETURNED_BY_YTDLP,NOT_CONFIGURED_ENV; no YouTube Data API key was supplied
SP034-RUN2-COMMENT-qVl61GKQNhE-UgzXRgwQBy1InAF_zYx4AaABAg,,,Pro Yakyuu Spirits A,2026/most-recent official channel inventory,2024-10-21,YouTube,official_youtube_comment,https://www.youtube.com/watch?v=qVl61GKQNhE&lc=UgzXRgwQBy1InAF_zYx4AaABAg,qVl61GKQNhE,UgzXRgwQBy1InAF_zYx4AaABAg,youtube:qVl61GKQNhE:root,@黄金裔箱推し委員会|UCofXPK6ZD2oBhnYXhvaBUVw,2025-08-13T00:00:00Z,柳田が走力AだったんだからAのせてほしかったな,3,NOT_PUBLICLY_RETURNED_BY_YTDLP,"[""UNCLASSIFIED_CONTEXT""]",CONTEXT,youtube:qVl61GKQNhE,rating,,,OFFICIAL_YOUTUBE_PUBLIC_COMMENT,Retained because it contains a broad speed-related term; classification does not make it a physical-speed teacher.,INSUFFICIENT,Retained without inference: missing a safe current-100-player identity and/or explicit speed-rating direction.,2026-08-13T11:09:06Z,yt-dlp direct official-channel collection; --ignore-config; --no-update; no --proxy argument,,プロスピAで規格外の二刀流を体感しよう！【2023WORLD BASEBALL CLASSIC 大谷翔平登場記念特別企画】,2024-10-21T12:00:06Z,NO_CURRENT_100_PLAYER_FULL_NAME_MATCH,current/player-event title without explicit ability marker,YTDLP_BOUNDED_PUBLIC_COMMENT_SAMPLE; replies/total comment count may be incomplete,"For exhaustive/reproducible comment coverage, provide YouTube Data API commentThreads/replies JSON or CSV with videoId, comment ID, parent ID, authorChannelId/displayName, publishedAt, text, likeCount, replyCount.",channel_id=UCWzEh28vj3mQKpe0fzVTOUw; channel_name=パワプロ・プロスピ公式チャンネル,300,NOT_PUBLICLY_RETURNED_BY_YTDLP,NOT_CONFIGURED_ENV; no YouTube Data API key was supplied
SP034-RUN2-COMMENT-qVl61GKQNhE-UgzXRgwQBy1InAF_zYx4AaABAg.A9rH9crbLCAA9rJE_kbGDm,,,Pro Yakyuu Spirits A,2026/most-recent official channel inventory,2024-10-21,YouTube,official_youtube_comment,https://www.youtube.com/watch?v=qVl61GKQNhE&lc=UgzXRgwQBy1InAF_zYx4AaABAg.A9rH9crbLCAA9rJE_kbGDm,qVl61GKQNhE,UgzXRgwQBy1InAF_zYx4AaABAg.A9rH9crbLCAA9rJE_kbGDm,youtube:qVl61GKQNhE:UgzXRgwQBy1InAF_zYx4AaABAg,@どすこ-o9i|UCfM0SfZL1LrKPrw9Zon8v9g,2025-08-13T00:00:00Z,全盛期柳田が走力80だから大谷がA乗るのはなさそう,0,NOT_PUBLICLY_RETURNED_BY_YTDLP,"[""STALE_RATING""]",RATING_COMMUNITY,youtube:qVl61GKQNhE,rating,80,,OFFICIAL_YOUTUBE_PUBLIC_COMMENT,Retained because it contains a broad speed-related term; classification does not make it a physical-speed teacher.,INSUFFICIENT,Retained without inference: missing a safe current-100-player identity and/or explicit speed-rating direction.,2026-08-13T11:09:06Z,yt-dlp direct official-channel collection; --ignore-config; --no-update; no --proxy argument,,プロスピAで規格外の二刀流を体感しよう！【2023WORLD BASEBALL CLASSIC 大谷翔平登場記念特別企画】,2024-10-21T12:00:06Z,NO_CURRENT_100_PLAYER_FULL_NAME_MATCH,current/player-event title without explicit ability marker,YTDLP_BOUNDED_PUBLIC_COMMENT_SAMPLE; replies/total comment count may be incomplete,"For exhaustive/reproducible comment coverage, provide YouTube Data API commentThreads/replies JSON or CSV with videoId, comment ID, parent ID, authorChannelId/displayName, publishedAt, text, likeCount, replyCount.",channel_id=UCWzEh28vj3mQKpe0fzVTOUw; channel_name=パワプロ・プロスピ公式チャンネル,300,NOT_PUBLICLY_RETURNED_BY_YTDLP,NOT_CONFIGURED_ENV; no YouTube Data API key was supplied
SP034-RUN2-COMMENT-qVl61GKQNhE-UgxnQu-cGjmDdj0-arZ4AaABAg,,,Pro Yakyuu Spirits A,2026/most-recent official channel inventory,2024-10-21,YouTube,official_youtube_comment,https://www.youtube.com/watch?v=qVl61GKQNhE&lc=UgxnQu-cGjmDdj0-arZ4AaABAg,qVl61GKQNhE,UgxnQu-cGjmDdj0-arZ4AaABAg,youtube:qVl61GKQNhE:root,@appleaiueo9836|UC1coR5i7hyekCAnNOdYiydg,2025-08-13T00:00:00Z,"ミート82パワー90走力85
特能超アーチスト、二刀流改、広角打法",36,NOT_PUBLICLY_RETURNED_BY_YTDLP,"[""UNCLASSIFIED_CONTEXT""]",CONTEXT,youtube:qVl61GKQNhE,rating,85,,OFFICIAL_YOUTUBE_PUBLIC_COMMENT,Retained because it contains a broad speed-related term; classification does not make it a physical-speed teacher.,INSUFFICIENT,Retained without inference: missing a safe current-100-player identity and/or explicit speed-rating direction.,2026-08-13T11:09:06Z,yt-dlp direct official-channel collection; --ignore-config; --no-update; no --proxy argument,,プロスピAで規格外の二刀流を体感しよう！【2023WORLD BASEBALL CLASSIC 大谷翔平登場記念特別企画】,2024-10-21T12:00:06Z,NO_CURRENT_100_PLAYER_FULL_NAME_MATCH,current/player-event title without explicit ability marker,YTDLP_BOUNDED_PUBLIC_COMMENT_SAMPLE; replies/total comment count may be incomplete,"For exhaustive/reproducible comment coverage, provide YouTube Data API commentThreads/replies JSON or CSV with videoId, comment ID, parent ID, authorChannelId/displayName, publishedAt, text, likeCount, replyCount.",channel_id=UCWzEh28vj3mQKpe0fzVTOUw; channel_name=パワプロ・プロスピ公式チャンネル,300,NOT_PUBLICLY_RETURNED_BY_YTDLP,NOT_CONFIGURED_ENV; no YouTube Data API key was supplied
SP034-RUN2-COMMENT-qVl61GKQNhE-Ugxe-zG83_PXEsk1IhV4AaABAg.A9qmR8TC9_pA9rGhYL2g78,,,Pro Yakyuu Spirits A,2026/most-recent official channel inventory,2024-10-21,YouTube,official_youtube_comment,https://www.youtube.com/watch?v=qVl61GKQNhE&lc=Ugxe-zG83_PXEsk1IhV4AaABAg.A9qmR8TC9_pA9rGhYL2g78,qVl61GKQNhE,Ugxe-zG83_PXEsk1IhV4AaABAg.A9qmR8TC9_pA9rGhYL2g78,youtube:qVl61GKQNhE:Ugxe-zG83_PXEsk1IhV4AaABAg,@today_aa|UCvEcCQjy1kzhmTgPkYg31zg,2025-08-13T00:00:00Z,2023の能力だから走力はあれで妥当,1,NOT_PUBLICLY_RETURNED_BY_YTDLP,"[""UNCLASSIFIED_CONTEXT""]",CONTEXT,youtube:qVl61GKQNhE,rating,,,OFFICIAL_YOUTUBE_PUBLIC_COMMENT,Retained because it contains a broad speed-related term; classification does not make it a physical-speed teacher.,INSUFFICIENT,Retained without inference: missing a safe current-100-player identity and/or explicit speed-rating direction.,2026-08-13T11:09:06Z,yt-dlp direct official-channel collection; --ignore-config; --no-update; no --proxy argument,,プロスピAで規格外の二刀流を体感しよう！【2023WORLD BASEBALL CLASSIC 大谷翔平登場記念特別企画】,2024-10-21T12:00:06Z,NO_CURRENT_100_PLAYER_FULL_NAME_MATCH,current/player-event title without explicit ability marker,YTDLP_BOUNDED_PUBLIC_COMMENT_SAMPLE; replies/total comment count may be incomplete,"For exhaustive/reproducible comment coverage, provide YouTube Data API commentThreads/replies JSON or CSV with videoId, comment ID, parent ID, authorChannelId/displayName, publishedAt, text, likeCount, replyCount.",channel_id=UCWzEh28vj3mQKpe0fzVTOUw; channel_name=パワプロ・プロスピ公式チャンネル,300,NOT_PUBLICLY_RETURNED_BY_YTDLP,NOT_CONFIGURED_ENV; no YouTube Data API key was supplied
SP034-RUN2-COMMENT-qVl61GKQNhE-Ugxe-zG83_PXEsk1IhV4AaABAg.A9qmR8TC9_pA9rOa9f80J6,,,Pro Yakyuu Spirits A,2026/most-recent official channel inventory,2024-10-21,YouTube,official_youtube_comment,https://www.youtube.com/watch?v=qVl61GKQNhE&lc=Ugxe-zG83_PXEsk1IhV4AaABAg.A9qmR8TC9_pA9rOa9f80J6,qVl61GKQNhE,Ugxe-zG83_PXEsk1IhV4AaABAg.A9qmR8TC9_pA9rOa9f80J6,youtube:qVl61GKQNhE:Ugxe-zG83_PXEsk1IhV4AaABAg,@Cztmj1556|UCbANzJnwC6ZWA6xxF09AF4A,2025-08-13T00:00:00Z,走力に文句言ってる人多いけど正直妥当だと思う。仮に今年の査定でもギリAくらいやろ。メジャーだからあんだけ盗塁できてるだけでNPBだと30も出来んやろ。,1,NOT_PUBLICLY_RETURNED_BY_YTDLP,"[""UNCLASSIFIED_CONTEXT""]",CONTEXT,youtube:qVl61GKQNhE,rating,,,OFFICIAL_YOUTUBE_PUBLIC_COMMENT,Retained because it contains a broad speed-related term; classification does not make it a physical-speed teacher.,INSUFFICIENT,Retained without inference: missing a safe current-100-player identity and/or explicit speed-rating direction.,2026-08-13T11:09:06Z,yt-dlp direct official-channel collection; --ignore-config; --no-update; no --proxy argument,,プロスピAで規格外の二刀流を体感しよう！【2023WORLD BASEBALL CLASSIC 大谷翔平登場記念特別企画】,2024-10-21T12:00:06Z,NO_CURRENT_100_PLAYER_FULL_NAME_MATCH,current/player-event title without explicit ability marker,YTDLP_BOUNDED_PUBLIC_COMMENT_SAMPLE; replies/total comment count may be incomplete,"For exhaustive/reproducible comment coverage, provide YouTube Data API commentThreads/replies JSON or CSV with videoId, comment ID, parent ID, authorChannelId/displayName, publishedAt, text, likeCount, replyCount.",channel_id=UCWzEh28vj3mQKpe0fzVTOUw; channel_name=パワプロ・プロスピ公式チャンネル,300,NOT_PUBLICLY_RETURNED_BY_YTDLP,NOT_CONFIGURED_ENV; no YouTube Data API key was supplied
SP034-RUN2-COMMENT-qVl61GKQNhE-Ugxe-zG83_PXEsk1IhV4AaABAg.A9qmR8TC9_pA9rGFspXEqk,,,Pro Yakyuu Spirits A,2026/most-recent official channel inventory,2024-10-21,YouTube,official_youtube_comment,https://www.youtube.com/watch?v=qVl61GKQNhE&lc=Ugxe-zG83_PXEsk1IhV4AaABAg.A9qmR8TC9_pA9rGFspXEqk,qVl61GKQNhE,Ugxe-zG83_PXEsk1IhV4AaABAg.A9qmR8TC9_pA9rGFspXEqk,youtube:qVl61GKQNhE:Ugxe-zG83_PXEsk1IhV4AaABAg,@シャチ-b7t|UC53hRzjrmjoc4zPbW446gtA,2025-08-13T00:00:00Z,先に作ったから走力は来年上がるかもね,0,NOT_PUBLICLY_RETURNED_BY_YTDLP,"[""UNCLASSIFIED_CONTEXT""]",CONTEXT,youtube:qVl61GKQNhE,rating,,,OFFICIAL_YOUTUBE_PUBLIC_COMMENT,Retained because it contains a broad speed-related term; classification does not make it a physical-speed teacher.,INSUFFICIENT,Retained without inference: missing a safe current-100-player identity and/or explicit speed-rating direction.,2026-08-13T11:09:06Z,yt-dlp direct official-channel collection; --ignore-config; --no-update; no --proxy argument,,プロスピAで規格外の二刀流を体感しよう！【2023WORLD BASEBALL CLASSIC 大谷翔平登場記念特別企画】,2024-10-21T12:00:06Z,NO_CURRENT_100_PLAYER_FULL_NAME_MATCH,current/player-event title without explicit ability marker,YTDLP_BOUNDED_PUBLIC_COMMENT_SAMPLE; replies/total comment count may be incomplete,"For exhaustive/reproducible comment coverage, provide YouTube Data API commentThreads/replies JSON or CSV with videoId, comment ID, parent ID, authorChannelId/displayName, publishedAt, text, likeCount, replyCount.",channel_id=UCWzEh28vj3mQKpe0fzVTOUw; channel_name=パワプロ・プロスピ公式チャンネル,300,NOT_PUBLICLY_RETURNED_BY_YTDLP,NOT_CONFIGURED_ENV; no YouTube Data API key was supplied
SP034-RUN2-VIDEO-nXfOipyoX6k,,,Pro Yakyuu Spirits A,2026/most-recent official channel inventory,2024-10-11,YouTube,official_youtube_video_inventory,https://www.youtube.com/watch?v=nXfOipyoX6k,nXfOipyoX6k,nXfOipyoX6k,youtube:nXfOipyoX6k,,2024-10-11T03:11:07Z,,,,"[""UNCLASSIFIED_CONTEXT""]",CONTEXT,youtube:nXfOipyoX6k,rating,,,OFFICIAL_YOUTUBE_CHANNEL,Prospi title match in latest-300 official channel inventory; comment_candidate=False.,INSUFFICIENT,Inventory record only; title/metadata alone is not a speed-rating claim.,2026-08-13T11:09:08Z,yt-dlp direct official-channel collection; --ignore-config; --no-update; no --proxy argument,,『プロ野球スピリッツ2024-2025』大谷翔平ができるまで,2024-10-11T03:11:07Z,NO_CURRENT_100_PLAYER_FULL_NAME_MATCH,current/player-event title without explicit ability marker,COMMENTS_NOT_ATTEMPTED_NOT_AN_ABILITY_OR_CURRENT_100_PLAYER_CANDIDATE,"For exhaustive/reproducible comment coverage, provide YouTube Data API commentThreads/replies JSON or CSV with videoId, comment ID, parent ID, authorChannelId/displayName, publishedAt, text, likeCount, replyCount.",channel_id=UCWzEh28vj3mQKpe0fzVTOUw; channel_name=パワプロ・プロスピ公式チャンネル,,NOT_PUBLICLY_RETURNED_BY_YTDLP,NOT_CONFIGURED_ENV; no YouTube Data API key was supplied
SP034-RUN2-VIDEO-opjfeVgrOs4,,,Pro Yakyuu Spirits A,2026/most-recent official channel inventory,2024-09-20,YouTube,official_youtube_video_inventory,https://www.youtube.com/watch?v=opjfeVgrOs4,opjfeVgrOs4,opjfeVgrOs4,youtube:opjfeVgrOs4,,2024-09-20T09:02:33Z,,,,"[""UNCLASSIFIED_CONTEXT""]",CONTEXT,youtube:opjfeVgrOs4,rating,,,OFFICIAL_YOUTUBE_CHANNEL,Prospi title match in latest-300 official channel inventory; comment_candidate=True.,INSUFFICIENT,Comments were retrieved and screened below; video-level inventory is not an independent speed-rating observation.,2026-08-13T11:09:11Z,yt-dlp direct official-channel collection; --ignore-config; --no-update; no --proxy argument,,イチローがプロスピ2024をプレイ！ KOBE CHIBEN VS オリックス・バファローズ 後編 『プロ野球スピリッツ2024-2025』,2024-09-20T09:02:33Z,NO_CURRENT_100_PLAYER_FULL_NAME_MATCH,ability_or_update_title_marker,COMMENTS_BOUNDED_TO_YTDLP_MAX_300; full API pagination unavailable,"For exhaustive/reproducible comment coverage, provide YouTube Data API commentThreads/replies JSON or CSV with videoId, comment ID, parent ID, authorChannelId/displayName, publishedAt, text, likeCount, replyCount.",channel_id=UCWzEh28vj3mQKpe0fzVTOUw; channel_name=パワプロ・プロスピ公式チャンネル,300,NOT_PUBLICLY_RETURNED_BY_YTDLP,NOT_CONFIGURED_ENV; no YouTube Data API key was supplied
SP034-RUN2-COMMENT-opjfeVgrOs4-Ugyk1h0lpSv1f5vVs_B4AaABAg,,,Pro Yakyuu Spirits A,2026/most-recent official channel inventory,2024-09-20,YouTube,official_youtube_comment,https://www.youtube.com/watch?v=opjfeVgrOs4&lc=Ugyk1h0lpSv1f5vVs_B4AaABAg,opjfeVgrOs4,Ugyk1h0lpSv1f5vVs_B4AaABAg,youtube:opjfeVgrOs4:root,@hikotaka4256|UCHkDH-Q0j2_DHA7CTSPEb-A,2025-08-13T00:00:00Z,"ゲームに対して無邪気にリアクションするイチローさん、たまんない笑
イチローさんがこれだけ褒めてくださってる以上、発売の遅れを取り戻すような高クオリティで我々がプレーできるようにしてくれよ、マジで",1,NOT_PUBLICLY_RETURNED_BY_YTDLP,"[""UNCLASSIFIED_CONTEXT""]",CONTEXT,youtube:opjfeVgrOs4,rating,,,OFFICIAL_YOUTUBE_PUBLIC_COMMENT,Retained because it contains a broad speed-related term; classification does not make it a physical-speed teacher.,INSUFFICIENT,Retained without inference: missing a safe current-100-player identity and/or explicit speed-rating direction.,2026-08-13T11:09:24Z,yt-dlp direct official-channel collection; --ignore-config; --no-update; no --proxy argument,,イチローがプロスピ2024をプレイ！ KOBE CHIBEN VS オリックス・バファローズ 後編 『プロ野球スピリッツ2024-2025』,2024-09-20T09:02:33Z,NO_CURRENT_100_PLAYER_FULL_NAME_MATCH,ability_or_update_title_marker,YTDLP_BOUNDED_PUBLIC_COMMENT_SAMPLE; replies/total comment count may be incomplete,"For exhaustive/reproducible comment coverage, provide YouTube Data API commentThreads/replies JSON or CSV with videoId, comment ID, parent ID, authorChannelId/displayName, publishedAt, text, likeCount, replyCount.",channel_id=UCWzEh28vj3mQKpe0fzVTOUw; channel_name=パワプロ・プロスピ公式チャンネル,300,NOT_PUBLICLY_RETURNED_BY_YTDLP,NOT_CONFIGURED_ENV; no YouTube Data API key was supplied
SP034-RUN2-COMMENT-opjfeVgrOs4-UgwiH31xRrvh_iP7SUh4AaABAg.A8b4cDv61fqA8rsxxIW0ha,,,Pro Yakyuu Spirits A,2026/most-recent official channel inventory,2024-09-20,YouTube,official_youtube_comment,https://www.youtube.com/watch?v=opjfeVgrOs4&lc=UgwiH31xRrvh_iP7SUh4AaABAg.A8b4cDv61fqA8rsxxIW0ha,opjfeVgrOs4,UgwiH31xRrvh_iP7SUh4AaABAg.A8b4cDv61fqA8rsxxIW0ha,youtube:opjfeVgrOs4:UgwiH31xRrvh_iP7SUh4AaABAg,@baseballfuns79|UCm8np9zdxxoc0zYfCCq_9ww,2025-08-13T00:00:00Z,合同練習中にイチローからスイングが速いって褒められたんだよね,3,NOT_PUBLICLY_RETURNED_BY_YTDLP,"[""UNCLASSIFIED_CONTEXT""]",CONTEXT,youtube:opjfeVgrOs4,rating,,,OFFICIAL_YOUTUBE_PUBLIC_COMMENT,Retained because it contains a broad speed-related term; classification does not make it a physical-speed teacher.,INSUFFICIENT,Retained without inference: missing a safe current-100-player identity and/or explicit speed-rating direction.,2026-08-13T11:09:24Z,yt-dlp direct official-channel collection; --ignore-config; --no-update; no --proxy argument,,イチローがプロスピ2024をプレイ！ KOBE CHIBEN VS オリックス・バファローズ 後編 『プロ野球スピリッツ2024-2025』,2024-09-20T09:02:33Z,NO_CURRENT_100_PLAYER_FULL_NAME_MATCH,ability_or_update_title_marker,YTDLP_BOUNDED_PUBLIC_COMMENT_SAMPLE; replies/total comment count may be incomplete,"For exhaustive/reproducible comment coverage, provide YouTube Data API commentThreads/replies JSON or CSV with videoId, comment ID, parent ID, authorChannelId/displayName, publishedAt, text, likeCount, replyCount.",channel_id=UCWzEh28vj3mQKpe0fzVTOUw; channel_name=パワプロ・プロスピ公式チャンネル,300,NOT_PUBLICLY_RETURNED_BY_YTDLP,NOT_CONFIGURED_ENV; no YouTube Data API key was supplied
SP034-RUN2-COMMENT-opjfeVgrOs4-UgzPN-rFKYSBVdhIXx54AaABAg,,,Pro Yakyuu Spirits A,2026/most-recent official channel inventory,2024-09-20,YouTube,official_youtube_comment,https://www.youtube.com/watch?v=opjfeVgrOs4&lc=UgzPN-rFKYSBVdhIXx54AaABAg,opjfeVgrOs4,UgzPN-rFKYSBVdhIXx54AaABAg,youtube:opjfeVgrOs4:root,@RapidSemiExpressCH|UCPTNG2qLkJhcyQvdxyyhLXA,2025-08-13T00:00:00Z,"外野手の捕球からの送球はかなり自然な動きの連なりになっていた。
捕手の動きは、甲斐のモーションを入れてくれたのはうれしいが、1パターンじゃいくら何でも満足できない。監修に入ってくれた谷繁さんにも実際にやってほしかったし、古田さんや阿部監督、ほかにもいろんな人がいるわけで、せめて10パターンぐらい取り揃えてもらわないと画変わりがない。
打者の見逃し・空振りモーションや汎用のフォロースルーが、この時の収録時点からどれぐらい増えてくれているか。「ずっとあるモーション」が悪いのではなく、「新しくても違和感のあるモーション」は廃止してほしいし、「残すべきモーション」は残してていい。それが新しく収録されるものといかに違和感なく、そしてかっこいいものや、スマートなものや、なんなら泥臭く当てに行くものだってほしいし。
「PLAYからFEELへ」と銘打つぐらいなら、それぐらい「未来を感じさせる野球ゲーム」を全力で表現してほしい。",12,NOT_PUBLICLY_RETURNED_BY_YTDLP,"[""UNCLASSIFIED_CONTEXT""]",CONTEXT,youtube:opjfeVgrOs4,rating,,,OFFICIAL_YOUTUBE_PUBLIC_COMMENT,Retained because it contains a broad speed-related term; classification does not make it a physical-speed teacher.,INSUFFICIENT,Retained without inference: missing a safe current-100-player identity and/or explicit speed-rating direction.,2026-08-13T11:09:24Z,yt-dlp direct official-channel collection; --ignore-config; --no-update; no --proxy argument,,イチローがプロスピ2024をプレイ！ KOBE CHIBEN VS オリックス・バファローズ 後編 『プロ野球スピリッツ2024-2025』,2024-09-20T09:02:33Z,NO_CURRENT_100_PLAYER_FULL_NAME_MATCH,ability_or_update_title_marker,YTDLP_BOUNDED_PUBLIC_COMMENT_SAMPLE; replies/total comment count may be incomplete,"For exhaustive/reproducible comment coverage, provide YouTube Data API commentThreads/replies JSON or CSV with videoId, comment ID, parent ID, authorChannelId/displayName, publishedAt, text, likeCount, replyCount.",channel_id=UCWzEh28vj3mQKpe0fzVTOUw; channel_name=パワプロ・プロスピ公式チャンネル,300,NOT_PUBLICLY_RETURNED_BY_YTDLP,NOT_CONFIGURED_ENV; no YouTube Data API key was supplied
SP034-RUN2-VIDEO-q4AsOr1aNCk,,,Pro Yakyuu Spirits A,2026/most-recent official channel inventory,2024-09-20,YouTube,official_youtube_video_inventory,https://www.youtube.com/watch?v=q4AsOr1aNCk,q4AsOr1aNCk,q4AsOr1aNCk,youtube:q4AsOr1aNCk,,2024-09-20T09:02:26Z,,,,"[""UNCLASSIFIED_CONTEXT""]",CONTEXT,youtube:q4AsOr1aNCk,rating,,,OFFICIAL_YOUTUBE_CHANNEL,Prospi title match in latest-300 official channel inventory; comment_candidate=False.,INSUFFICIENT,Inventory record only; title/metadata alone is not a speed-rating claim.,2026-08-13T11:09:27Z,yt-dlp direct official-channel collection; --ignore-config; --no-update; no --proxy argument,,イチローができるまで：MOTION CAPTURE MAKING #3 守備・投球編 『プロ野球スピリッツ2024-2025』,2024-09-20T09:02:26Z,NO_CURRENT_100_PLAYER_FULL_NAME_MATCH,current/player-event title without explicit ability marker,COMMENTS_NOT_ATTEMPTED_NOT_AN_ABILITY_OR_CURRENT_100_PLAYER_CANDIDATE,"For exhaustive/reproducible comment coverage, provide YouTube Data API commentThreads/replies JSON or CSV with videoId, comment ID, parent ID, authorChannelId/displayName, publishedAt, text, likeCount, replyCount.",channel_id=UCWzEh28vj3mQKpe0fzVTOUw; channel_name=パワプロ・プロスピ公式チャンネル,,NOT_PUBLICLY_RETURNED_BY_YTDLP,NOT_CONFIGURED_ENV; no YouTube Data API key was supplied
SP034-RUN2-VIDEO-77ysFGiQ5IM,,,Pro Yakyuu Spirits A,2026/most-recent official channel inventory,2024-09-20,YouTube,official_youtube_video_inventory,https://www.youtube.com/watch?v=77ysFGiQ5IM,77ysFGiQ5IM,77ysFGiQ5IM,youtube:77ysFGiQ5IM,,2024-09-20T09:02:07Z,,,,"[""UNCLASSIFIED_CONTEXT""]",CONTEXT,youtube:77ysFGiQ5IM,rating,,,OFFICIAL_YOUTUBE_CHANNEL,Prospi title match in latest-300 official channel inventory; comment_candidate=False.,INSUFFICIENT,Inventory record only; title/metadata alone is not a speed-rating claim.,2026-08-13T11:09:43Z,yt-dlp direct official-channel collection; --ignore-config; --no-update; no --proxy argument,,イチローができるまで：MOTION CAPTURE MAKING #1 準備編 『プロ野球スピリッツ2024-2025』,2024-09-20T09:02:07Z,NO_CURRENT_100_PLAYER_FULL_NAME_MATCH,current/player-event title without explicit ability marker,COMMENTS_NOT_ATTEMPTED_NOT_AN_ABILITY_OR_CURRENT_100_PLAYER_CANDIDATE,"For exhaustive/reproducible comment coverage, provide YouTube Data API commentThreads/replies JSON or CSV with videoId, comment ID, parent ID, authorChannelId/displayName, publishedAt, text, likeCount, replyCount.",channel_id=UCWzEh28vj3mQKpe0fzVTOUw; channel_name=パワプロ・プロスピ公式チャンネル,,NOT_PUBLICLY_RETURNED_BY_YTDLP,NOT_CONFIGURED_ENV; no YouTube Data API key was supplied
SP034-RUN2-VIDEO-jdfUYFjoQV0,,,Pro Yakyuu Spirits A,2026/most-recent official channel inventory,2024-08-07,YouTube,official_youtube_video_inventory,https://www.youtube.com/watch?v=jdfUYFjoQV0,jdfUYFjoQV0,jdfUYFjoQV0,youtube:jdfUYFjoQV0,,2024-08-07T09:00:43Z,,,,"[""UNCLASSIFIED_CONTEXT""]",CONTEXT,youtube:jdfUYFjoQV0,rating,,,OFFICIAL_YOUTUBE_CHANNEL,Prospi title match in latest-300 official channel inventory; comment_candidate=True.,INSUFFICIENT,Comments were retrieved and screened below; video-level inventory is not an independent speed-rating observation.,2026-08-13T11:09:50Z,yt-dlp direct official-channel collection; --ignore-config; --no-update; no --proxy argument,,セレクション登場選手 先行公開　レジェンドOB選手と語る【プロスピセレクション 20th SPIRITS】,2024-08-07T09:00:43Z,NO_CURRENT_100_PLAYER_FULL_NAME_MATCH,ability_or_update_title_marker,COMMENTS_BOUNDED_TO_YTDLP_MAX_300; full API pagination unavailable,"For exhaustive/reproducible comment coverage, provide YouTube Data API commentThreads/replies JSON or CSV with videoId, comment ID, parent ID, authorChannelId/displayName, publishedAt, text, likeCount, replyCount.",channel_id=UCWzEh28vj3mQKpe0fzVTOUw; channel_name=パワプロ・プロスピ公式チャンネル,300,NOT_PUBLICLY_RETURNED_BY_YTDLP,NOT_CONFIGURED_ENV; no YouTube Data API key was supplied
SP034-RUN2-COMMENT-jdfUYFjoQV0-UgwVAc1VAzYre6jQGaZ4AaABAg.A6po9SMX0EjA6ra0OtUeg0,,,Pro Yakyuu Spirits A,2026/most-recent official channel inventory,2024-08-07,YouTube,official_youtube_comment,https://www.youtube.com/watch?v=jdfUYFjoQV0&lc=UgwVAc1VAzYre6jQGaZ4AaABAg.A6po9SMX0EjA6ra0OtUeg0,jdfUYFjoQV0,UgwVAc1VAzYre6jQGaZ4AaABAg.A6po9SMX0EjA6ra0OtUeg0,youtube:jdfUYFjoQV0:UgwVAc1VAzYre6jQGaZ4AaABAg,@ミニイニ|UC-tmpIWmbz9omYNo8gV52jA,2024-08-13T00:00:00Z,パワーヒッター(打者の性質)を弾道に組み込むから矛盾が生まれるんだよな。打球失速しまくるホームランバッターてなんやそれ。,0,NOT_PUBLICLY_RETURNED_BY_YTDLP,"[""UNCLASSIFIED_CONTEXT""]",CONTEXT,youtube:jdfUYFjoQV0,rating,,,OFFICIAL_YOUTUBE_PUBLIC_COMMENT,Retained because it contains a broad speed-related term; classification does not make it a physical-speed teacher.,INSUFFICIENT,Retained without inference: missing a safe current-100-player identity and/or explicit speed-rating direction.,2026-08-13T11:10:11Z,yt-dlp direct official-channel collection; --ignore-config; --no-update; no --proxy argument,,セレクション登場選手 先行公開　レジェンドOB選手と語る【プロスピセレクション 20th SPIRITS】,2024-08-07T09:00:43Z,NO_CURRENT_100_PLAYER_FULL_NAME_MATCH,ability_or_update_title_marker,YTDLP_BOUNDED_PUBLIC_COMMENT_SAMPLE; replies/total comment count may be incomplete,"For exhaustive/reproducible comment coverage, provide YouTube Data API commentThreads/replies JSON or CSV with videoId, comment ID, parent ID, authorChannelId/displayName, publishedAt, text, likeCount, replyCount.",channel_id=UCWzEh28vj3mQKpe0fzVTOUw; channel_name=パワプロ・プロスピ公式チャンネル,300,NOT_PUBLICLY_RETURNED_BY_YTDLP,NOT_CONFIGURED_ENV; no YouTube Data API key was supplied
SP034-RUN2-COMMENT-jdfUYFjoQV0-UgwVAc1VAzYre6jQGaZ4AaABAg.A6po9SMX0EjA6sL3CTWutr,,,Pro Yakyuu Spirits A,2026/most-recent official channel inventory,2024-08-07,YouTube,official_youtube_comment,https://www.youtube.com/watch?v=jdfUYFjoQV0&lc=UgwVAc1VAzYre6jQGaZ4AaABAg.A6po9SMX0EjA6sL3CTWutr,jdfUYFjoQV0,UgwVAc1VAzYre6jQGaZ4AaABAg.A6po9SMX0EjA6sL3CTWutr,youtube:jdfUYFjoQV0:UgwVAc1VAzYre6jQGaZ4AaABAg,@山田-r9g7k|UCIPNBrFADJCAS-1tv39W4VA,2024-08-13T00:00:00Z,打球は失速するのは当たり前じゃないの？,0,NOT_PUBLICLY_RETURNED_BY_YTDLP,"[""UNCLASSIFIED_CONTEXT""]",CONTEXT,youtube:jdfUYFjoQV0,rating,,,OFFICIAL_YOUTUBE_PUBLIC_COMMENT,Retained because it contains a broad speed-related term; classification does not make it a physical-speed teacher.,INSUFFICIENT,Retained without inference: missing a safe current-100-player identity and/or explicit speed-rating direction.,2026-08-13T11:10:11Z,yt-dlp direct official-channel collection; --ignore-config; --no-update; no --proxy argument,,セレクション登場選手 先行公開　レジェンドOB選手と語る【プロスピセレクション 20th SPIRITS】,2024-08-07T09:00:43Z,NO_CURRENT_100_PLAYER_FULL_NAME_MATCH,ability_or_update_title_marker,YTDLP_BOUNDED_PUBLIC_COMMENT_SAMPLE; replies/total comment count may be incomplete,"For exhaustive/reproducible comment coverage, provide YouTube Data API commentThreads/replies JSON or CSV with videoId, comment ID, parent ID, authorChannelId/displayName, publishedAt, text, likeCount, replyCount.",channel_id=UCWzEh28vj3mQKpe0fzVTOUw; channel_name=パワプロ・プロスピ公式チャンネル,300,NOT_PUBLICLY_RETURNED_BY_YTDLP,NOT_CONFIGURED_ENV; no YouTube Data API key was supplied
SP034-RUN2-COMMENT-jdfUYFjoQV0-UgxWgos43rV-Vm2LfsR4AaABAg.A6ptJ_OhIU8A6qQ-YzMmve,,,Pro Yakyuu Spirits A,2026/most-recent official channel inventory,2024-08-07,YouTube,official_youtube_comment,https://www.youtube.com/watch?v=jdfUYFjoQV0&lc=UgxWgos43rV-Vm2LfsR4AaABAg.A6ptJ_OhIU8A6qQ-YzMmve,jdfUYFjoQV0,UgxWgos43rV-Vm2LfsR4AaABAg.A6ptJ_OhIU8A6qQ-YzMmve,youtube:jdfUYFjoQV0:UgxWgos43rV-Vm2LfsR4AaABAg,@monamonaka1|UCrXciudh0KHFAPxfo4Qzqow,2024-08-13T00:00:00Z,"まあミート走力87の同値、パワー78のバケモンがいたからセーフセーフ
特能もアベレージヒッターでミート97！
そんなキャラがいたセレクションだからいいに決まってるでしょ！",1,NOT_PUBLICLY_RETURNED_BY_YTDLP,"[""UNCLASSIFIED_CONTEXT""]",CONTEXT,youtube:jdfUYFjoQV0,rating,87,,OFFICIAL_YOUTUBE_PUBLIC_COMMENT,Retained because it contains a broad speed-related term; classification does not make it a physical-speed teacher.,INSUFFICIENT,Retained without inference: missing a safe current-100-player identity and/or explicit speed-rating direction.,2026-08-13T11:10:11Z,yt-dlp direct official-channel collection; --ignore-config; --no-update; no --proxy argument,,セレクション登場選手 先行公開　レジェンドOB選手と語る【プロスピセレクション 20th SPIRITS】,2024-08-07T09:00:43Z,NO_CURRENT_100_PLAYER_FULL_NAME_MATCH,ability_or_update_title_marker,YTDLP_BOUNDED_PUBLIC_COMMENT_SAMPLE; replies/total comment count may be incomplete,"For exhaustive/reproducible comment coverage, provide YouTube Data API commentThreads/replies JSON or CSV with videoId, comment ID, parent ID, authorChannelId/displayName, publishedAt, text, likeCount, replyCount.",channel_id=UCWzEh28vj3mQKpe0fzVTOUw; channel_name=パワプロ・プロスピ公式チャンネル,300,NOT_PUBLICLY_RETURNED_BY_YTDLP,NOT_CONFIGURED_ENV; no YouTube Data API key was supplied
SP034-RUN2-VIDEO-eaWfO7kRCwU,,,Pro Yakyuu Spirits A,2026/most-recent official channel inventory,2024-01-15,YouTube,official_youtube_video_inventory,https://www.youtube.com/watch?v=eaWfO7kRCwU,eaWfO7kRCwU,eaWfO7kRCwU,youtube:eaWfO7kRCwU,,2024-01-15T19:00:30Z,,,,"[""UNCLASSIFIED_CONTEXT""]",CONTEXT,youtube:eaWfO7kRCwU,rating,,,OFFICIAL_YOUTUBE_CHANNEL,Prospi title match in latest-300 official channel inventory; comment_candidate=False.,INSUFFICIENT,Inventory record only; title/metadata alone is not a speed-rating claim.,2026-08-13T11:10:14Z,yt-dlp direct official-channel collection; --ignore-config; --no-update; no --proxy argument,,大谷翔平選手がパワプロ30周年×プロスピ20周年アンバサダーに！【メイキング+特別インタビュー】,2024-01-15T19:00:30Z,NO_CURRENT_100_PLAYER_FULL_NAME_MATCH,current/player-event title without explicit ability marker,COMMENTS_NOT_ATTEMPTED_NOT_AN_ABILITY_OR_CURRENT_100_PLAYER_CANDIDATE,"For exhaustive/reproducible comment coverage, provide YouTube Data API commentThreads/replies JSON or CSV with videoId, comment ID, parent ID, authorChannelId/displayName, publishedAt, text, likeCount, replyCount.",channel_id=UCWzEh28vj3mQKpe0fzVTOUw; channel_name=パワプロ・プロスピ公式チャンネル,,NOT_PUBLICLY_RETURNED_BY_YTDLP,NOT_CONFIGURED_ENV; no YouTube Data API key was supplied
SP034-RUN2-VIDEO-0yNZ0wCRHs0,,,Pro Yakyuu Spirits A,2026/most-recent official channel inventory,2024-01-06,YouTube,official_youtube_video_inventory,https://www.youtube.com/watch?v=0yNZ0wCRHs0,0yNZ0wCRHs0,0yNZ0wCRHs0,youtube:0yNZ0wCRHs0,,2024-01-06T09:00:07Z,,,,"[""UNCLASSIFIED_CONTEXT""]",CONTEXT,youtube:0yNZ0wCRHs0,rating,,,OFFICIAL_YOUTUBE_CHANNEL,Prospi title match in latest-300 official channel inventory; comment_candidate=False.,INSUFFICIENT,Inventory record only; title/metadata alone is not a speed-rating claim.,2026-08-13T11:10:17Z,yt-dlp direct official-channel collection; --ignore-config; --no-update; no --proxy argument,,ニューイヤー特番！プロスピA お正月王決定戦【プロ野球スピリッツA】,2024-01-06T09:00:07Z,NO_CURRENT_100_PLAYER_FULL_NAME_MATCH,current/player-event title without explicit ability marker,COMMENTS_NOT_ATTEMPTED_NOT_AN_ABILITY_OR_CURRENT_100_PLAYER_CANDIDATE,"For exhaustive/reproducible comment coverage, provide YouTube Data API commentThreads/replies JSON or CSV with videoId, comment ID, parent ID, authorChannelId/displayName, publishedAt, text, likeCount, replyCount.",channel_id=UCWzEh28vj3mQKpe0fzVTOUw; channel_name=パワプロ・プロスピ公式チャンネル,,NOT_PUBLICLY_RETURNED_BY_YTDLP,NOT_CONFIGURED_ENV; no YouTube Data API key was supplied
SP034-RUN2-VIDEO-ZSHCu-8QhQA,,,Pro Yakyuu Spirits A,2026/most-recent official channel inventory,2023-10-24,YouTube,official_youtube_video_inventory,https://www.youtube.com/watch?v=ZSHCu-8QhQA,ZSHCu-8QhQA,ZSHCu-8QhQA,youtube:ZSHCu-8QhQA,,2023-10-24T09:00:07Z,,,,"[""UNCLASSIFIED_CONTEXT""]",CONTEXT,youtube:ZSHCu-8QhQA,rating,,,OFFICIAL_YOUTUBE_CHANNEL,Prospi title match in latest-300 official channel inventory; comment_candidate=False.,INSUFFICIENT,Inventory record only; title/metadata alone is not a speed-rating claim.,2026-08-13T11:10:20Z,yt-dlp direct official-channel collection; --ignore-config; --no-update; no --proxy argument,,プロスピAは今年で8周年！～プロスピA8周年記念特番～,2023-10-24T09:00:07Z,NO_CURRENT_100_PLAYER_FULL_NAME_MATCH,current/player-event title without explicit ability marker,COMMENTS_NOT_ATTEMPTED_NOT_AN_ABILITY_OR_CURRENT_100_PLAYER_CANDIDATE,"For exhaustive/reproducible comment coverage, provide YouTube Data API commentThreads/replies JSON or CSV with videoId, comment ID, parent ID, authorChannelId/displayName, publishedAt, text, likeCount, replyCount.",channel_id=UCWzEh28vj3mQKpe0fzVTOUw; channel_name=パワプロ・プロスピ公式チャンネル,,NOT_PUBLICLY_RETURNED_BY_YTDLP,NOT_CONFIGURED_ENV; no YouTube Data API key was supplied
SP034-RUN2-VIDEO-SLdb3uO_H9E,,,Pro Yakyuu Spirits A,2026/most-recent official channel inventory,2023-08-04,YouTube,official_youtube_video_inventory,https://www.youtube.com/watch?v=SLdb3uO_H9E,SLdb3uO_H9E,SLdb3uO_H9E,youtube:SLdb3uO_H9E,,2023-08-04T06:00:10Z,,,,"[""UNCLASSIFIED_CONTEXT""]",CONTEXT,youtube:SLdb3uO_H9E,rating,,,OFFICIAL_YOUTUBE_CHANNEL,Prospi title match in latest-300 official channel inventory; comment_candidate=False.,INSUFFICIENT,Inventory record only; title/metadata alone is not a speed-rating claim.,2026-08-13T11:10:22Z,yt-dlp direct official-channel collection; --ignore-config; --no-update; no --proxy argument,,杉谷拳士vs糸井嘉男！？　まさかのリアルタイム対戦に大注目！？杉谷のプロスピA成長記！第3弾,2023-08-04T06:00:10Z,NO_CURRENT_100_PLAYER_FULL_NAME_MATCH,current/player-event title without explicit ability marker,COMMENTS_NOT_ATTEMPTED_NOT_AN_ABILITY_OR_CURRENT_100_PLAYER_CANDIDATE,"For exhaustive/reproducible comment coverage, provide YouTube Data API commentThreads/replies JSON or CSV with videoId, comment ID, parent ID, authorChannelId/displayName, publishedAt, text, likeCount, replyCount.",channel_id=UCWzEh28vj3mQKpe0fzVTOUw; channel_name=パワプロ・プロスピ公式チャンネル,,NOT_PUBLICLY_RETURNED_BY_YTDLP,NOT_CONFIGURED_ENV; no YouTube Data API key was supplied
SP034-RUN2-VIDEO-s6I10vOFLkU,,,Pro Yakyuu Spirits A,2026/most-recent official channel inventory,2023-07-28,YouTube,official_youtube_video_inventory,https://www.youtube.com/watch?v=s6I10vOFLkU,s6I10vOFLkU,s6I10vOFLkU,youtube:s6I10vOFLkU,,2023-07-28T09:00:46Z,,,,"[""UNCLASSIFIED_CONTEXT""]",CONTEXT,youtube:s6I10vOFLkU,rating,,,OFFICIAL_YOUTUBE_CHANNEL,Prospi title match in latest-300 official channel inventory; comment_candidate=False.,INSUFFICIENT,Inventory record only; title/metadata alone is not a speed-rating claim.,2026-08-13T11:10:25Z,yt-dlp direct official-channel collection; --ignore-config; --no-update; no --proxy argument,,杉谷拳士がプロスピAに初挑戦！杉谷のプロスピA成長記！第2弾,2023-07-28T09:00:46Z,NO_CURRENT_100_PLAYER_FULL_NAME_MATCH,current/player-event title without explicit ability marker,COMMENTS_NOT_ATTEMPTED_NOT_AN_ABILITY_OR_CURRENT_100_PLAYER_CANDIDATE,"For exhaustive/reproducible comment coverage, provide YouTube Data API commentThreads/replies JSON or CSV with videoId, comment ID, parent ID, authorChannelId/displayName, publishedAt, text, likeCount, replyCount.",channel_id=UCWzEh28vj3mQKpe0fzVTOUw; channel_name=パワプロ・プロスピ公式チャンネル,,NOT_PUBLICLY_RETURNED_BY_YTDLP,NOT_CONFIGURED_ENV; no YouTube Data API key was supplied
SP034-RUN2-VIDEO-ROFYinod-J8,,,Pro Yakyuu Spirits A,2026/most-recent official channel inventory,2023-07-10,YouTube,official_youtube_video_inventory,https://www.youtube.com/watch?v=ROFYinod-J8,ROFYinod-J8,ROFYinod-J8,youtube:ROFYinod-J8,,2023-07-10T06:01:42Z,,,,"[""UNCLASSIFIED_CONTEXT""]",CONTEXT,youtube:ROFYinod-J8,rating,,,OFFICIAL_YOUTUBE_CHANNEL,Prospi title match in latest-300 official channel inventory; comment_candidate=False.,INSUFFICIENT,Inventory record only; title/metadata alone is not a speed-rating claim.,2026-08-13T11:10:27Z,yt-dlp direct official-channel collection; --ignore-config; --no-update; no --proxy argument,,『プロ野球スピリッツA』にあのさん、雪平莉左さん、流那さんが秘書役として登場！,2023-07-10T06:01:42Z,NO_CURRENT_100_PLAYER_FULL_NAME_MATCH,current/player-event title without explicit ability marker,COMMENTS_NOT_ATTEMPTED_NOT_AN_ABILITY_OR_CURRENT_100_PLAYER_CANDIDATE,"For exhaustive/reproducible comment coverage, provide YouTube Data API commentThreads/replies JSON or CSV with videoId, comment ID, parent ID, authorChannelId/displayName, publishedAt, text, likeCount, replyCount.",channel_id=UCWzEh28vj3mQKpe0fzVTOUw; channel_name=パワプロ・プロスピ公式チャンネル,,NOT_PUBLICLY_RETURNED_BY_YTDLP,NOT_CONFIGURED_ENV; no YouTube Data API key was supplied
SP034-RUN2-VIDEO-rxvlUJpzR_A,,,Pro Yakyuu Spirits A,2026/most-recent official channel inventory,2023-03-07,YouTube,official_youtube_video_inventory,https://www.youtube.com/watch?v=rxvlUJpzR_A,rxvlUJpzR_A,rxvlUJpzR_A,youtube:rxvlUJpzR_A,,2023-03-07T09:00:12Z,,,,"[""UNCLASSIFIED_CONTEXT""]",CONTEXT,youtube:rxvlUJpzR_A,rating,,,OFFICIAL_YOUTUBE_CHANNEL,Prospi title match in latest-300 official channel inventory; comment_candidate=False.,INSUFFICIENT,Inventory record only; title/metadata alone is not a speed-rating claim.,2026-08-13T11:10:29Z,yt-dlp direct official-channel collection; --ignore-config; --no-update; no --proxy argument,,イチローVS平成の怪物 再び！イチローがプロスピAを初プレイ【WORLD BASEBALL CLASSIC™】,2023-03-07T09:00:12Z,NO_CURRENT_100_PLAYER_FULL_NAME_MATCH,current/player-event title without explicit ability marker,COMMENTS_NOT_ATTEMPTED_NOT_AN_ABILITY_OR_CURRENT_100_PLAYER_CANDIDATE,"For exhaustive/reproducible comment coverage, provide YouTube Data API commentThreads/replies JSON or CSV with videoId, comment ID, parent ID, authorChannelId/displayName, publishedAt, text, likeCount, replyCount.",channel_id=UCWzEh28vj3mQKpe0fzVTOUw; channel_name=パワプロ・プロスピ公式チャンネル,,NOT_PUBLICLY_RETURNED_BY_YTDLP,NOT_CONFIGURED_ENV; no YouTube Data API key was supplied
SP034-RUN2-VIDEO-HL0KfuD0dVM,,,Pro Yakyuu Spirits A,2026/most-recent official channel inventory,2023-02-28,YouTube,official_youtube_video_inventory,https://www.youtube.com/watch?v=HL0KfuD0dVM,HL0KfuD0dVM,HL0KfuD0dVM,youtube:HL0KfuD0dVM,,2023-02-28T08:45:00Z,,,,"[""UNCLASSIFIED_CONTEXT""]",CONTEXT,youtube:HL0KfuD0dVM,rating,,,OFFICIAL_YOUTUBE_CHANNEL,Prospi title match in latest-300 official channel inventory; comment_candidate=False.,INSUFFICIENT,Inventory record only; title/metadata alone is not a speed-rating claim.,2026-08-13T11:10:38Z,yt-dlp direct official-channel collection; --ignore-config; --no-update; no --proxy argument,,【あの感動が蘇る】日本代表版イチローが登場！？プロスピAに2006/2009 WORLD BASEBALL CLASSIC™日本代表選手が登場！？,2023-02-28T08:45:00Z,NO_CURRENT_100_PLAYER_FULL_NAME_MATCH,current/player-event title without explicit ability marker,COMMENTS_NOT_ATTEMPTED_NOT_AN_ABILITY_OR_CURRENT_100_PLAYER_CANDIDATE,"For exhaustive/reproducible comment coverage, provide YouTube Data API commentThreads/replies JSON or CSV with videoId, comment ID, parent ID, authorChannelId/displayName, publishedAt, text, likeCount, replyCount.",channel_id=UCWzEh28vj3mQKpe0fzVTOUw; channel_name=パワプロ・プロスピ公式チャンネル,,NOT_PUBLICLY_RETURNED_BY_YTDLP,NOT_CONFIGURED_ENV; no YouTube Data API key was supplied
SP034-RUN2-VIDEO-ZOnBP3S1w2E,,,Pro Yakyuu Spirits A,2026/most-recent official channel inventory,2022-03-30,YouTube,official_youtube_video_inventory,https://www.youtube.com/watch?v=ZOnBP3S1w2E,ZOnBP3S1w2E,ZOnBP3S1w2E,youtube:ZOnBP3S1w2E,,2022-03-30T09:00:17Z,,,,"[""UNCLASSIFIED_CONTEXT""]",CONTEXT,youtube:ZOnBP3S1w2E,rating,,,OFFICIAL_YOUTUBE_CHANNEL,Prospi title match in latest-300 official channel inventory; comment_candidate=False.,INSUFFICIENT,Inventory record only; title/metadata alone is not a speed-rating claim.,2026-08-13T11:10:40Z,yt-dlp direct official-channel collection; --ignore-config; --no-update; no --proxy argument,,プロ野球スピリッツA PV 2022年度版,2022-03-30T09:00:17Z,NO_CURRENT_100_PLAYER_FULL_NAME_MATCH,current/player-event title without explicit ability marker,COMMENTS_NOT_ATTEMPTED_NOT_AN_ABILITY_OR_CURRENT_100_PLAYER_CANDIDATE,"For exhaustive/reproducible comment coverage, provide YouTube Data API commentThreads/replies JSON or CSV with videoId, comment ID, parent ID, authorChannelId/displayName, publishedAt, text, likeCount, replyCount.",channel_id=UCWzEh28vj3mQKpe0fzVTOUw; channel_name=パワプロ・プロスピ公式チャンネル,,NOT_PUBLICLY_RETURNED_BY_YTDLP,NOT_CONFIGURED_ENV; no YouTube Data API key was supplied
SP034-RUN2-VIDEO-utqwa_zifbw,,,Pro Yakyuu Spirits A,2026/most-recent official channel inventory,2021-11-05,YouTube,official_youtube_video_inventory,https://www.youtube.com/watch?v=utqwa_zifbw,utqwa_zifbw,utqwa_zifbw,youtube:utqwa_zifbw,,2021-11-05T11:00:14Z,,,,"[""UNCLASSIFIED_CONTEXT""]",CONTEXT,youtube:utqwa_zifbw,rating,,,OFFICIAL_YOUTUBE_CHANNEL,Prospi title match in latest-300 official channel inventory; comment_candidate=False.,INSUFFICIENT,Inventory record only; title/metadata alone is not a speed-rating claim.,2026-08-13T11:10:43Z,yt-dlp direct official-channel collection; --ignore-config; --no-update; no --proxy argument,,eBASEBALLプロスピＡリーグ　東京ヤクルトスワローズ・横浜DeNAベイスターズ・ 読売ジャイアンツ 球団代表決定戦,2021-11-05T11:00:14Z,NO_CURRENT_100_PLAYER_FULL_NAME_MATCH,current/player-event title without explicit ability marker,COMMENTS_NOT_ATTEMPTED_NOT_AN_ABILITY_OR_CURRENT_100_PLAYER_CANDIDATE,"For exhaustive/reproducible comment coverage, provide YouTube Data API commentThreads/replies JSON or CSV with videoId, comment ID, parent ID, authorChannelId/displayName, publishedAt, text, likeCount, replyCount.",channel_id=UCWzEh28vj3mQKpe0fzVTOUw; channel_name=パワプロ・プロスピ公式チャンネル,,NOT_PUBLICLY_RETURNED_BY_YTDLP,NOT_CONFIGURED_ENV; no YouTube Data API key was supplied
SP034-RUN2-VIDEO-pTok2ScCw6U,,,Pro Yakyuu Spirits A,2026/most-recent official channel inventory,2021-11-05,YouTube,official_youtube_video_inventory,https://www.youtube.com/watch?v=pTok2ScCw6U,pTok2ScCw6U,pTok2ScCw6U,youtube:pTok2ScCw6U,,2021-11-05T09:00:10Z,,,,"[""UNCLASSIFIED_CONTEXT""]",CONTEXT,youtube:pTok2ScCw6U,rating,,,OFFICIAL_YOUTUBE_CHANNEL,Prospi title match in latest-300 official channel inventory; comment_candidate=False.,INSUFFICIENT,Inventory record only; title/metadata alone is not a speed-rating claim.,2026-08-13T11:10:46Z,yt-dlp direct official-channel collection; --ignore-config; --no-update; no --proxy argument,,eBASEBALLプロスピＡリーグ　千葉ロッテマリーンズ・埼玉西武ライオンズ 球団代表決定戦,2021-11-05T09:00:10Z,NO_CURRENT_100_PLAYER_FULL_NAME_MATCH,current/player-event title without explicit ability marker,COMMENTS_NOT_ATTEMPTED_NOT_AN_ABILITY_OR_CURRENT_100_PLAYER_CANDIDATE,"For exhaustive/reproducible comment coverage, provide YouTube Data API commentThreads/replies JSON or CSV with videoId, comment ID, parent ID, authorChannelId/displayName, publishedAt, text, likeCount, replyCount.",channel_id=UCWzEh28vj3mQKpe0fzVTOUw; channel_name=パワプロ・プロスピ公式チャンネル,,NOT_PUBLICLY_RETURNED_BY_YTDLP,NOT_CONFIGURED_ENV; no YouTube Data API key was supplied
SP034-RUN2-VIDEO-NxnO197zeJU,,,Pro Yakyuu Spirits A,2026/most-recent official channel inventory,2021-07-07,YouTube,official_youtube_video_inventory,https://www.youtube.com/watch?v=NxnO197zeJU,NxnO197zeJU,NxnO197zeJU,youtube:NxnO197zeJU,,2021-07-07T03:00:39Z,,,,"[""UNCLASSIFIED_CONTEXT""]",CONTEXT,youtube:NxnO197zeJU,rating,,,OFFICIAL_YOUTUBE_CHANNEL,Prospi title match in latest-300 official channel inventory; comment_candidate=False.,INSUFFICIENT,Inventory record only; title/metadata alone is not a speed-rating claim.,2026-08-13T11:10:52Z,yt-dlp direct official-channel collection; --ignore-config; --no-update; no --proxy argument,,【プロスピ2021】 体験プレイ動画 甲子園スピリッツ1年チャレンジ編 斉藤和巳さんが甲子園優勝を目指す！,2021-07-07T03:00:39Z,NO_CURRENT_100_PLAYER_FULL_NAME_MATCH,current/player-event title without explicit ability marker,COMMENTS_NOT_ATTEMPTED_NOT_AN_ABILITY_OR_CURRENT_100_PLAYER_CANDIDATE,"For exhaustive/reproducible comment coverage, provide YouTube Data API commentThreads/replies JSON or CSV with videoId, comment ID, parent ID, authorChannelId/displayName, publishedAt, text, likeCount, replyCount.",channel_id=UCWzEh28vj3mQKpe0fzVTOUw; channel_name=パワプロ・プロスピ公式チャンネル,,NOT_PUBLICLY_RETURNED_BY_YTDLP,NOT_CONFIGURED_ENV; no YouTube Data API key was supplied
SP034-RUN2-VIDEO-8D2DutCg2g8,,,Pro Yakyuu Spirits A,2026/most-recent official channel inventory,2021-07-06,YouTube,official_youtube_video_inventory,https://www.youtube.com/watch?v=8D2DutCg2g8,8D2DutCg2g8,8D2DutCg2g8,youtube:8D2DutCg2g8,,2021-07-06T12:00:08Z,,,,"[""UNCLASSIFIED_CONTEXT""]",CONTEXT,youtube:8D2DutCg2g8,rating,,,OFFICIAL_YOUTUBE_CHANNEL,Prospi title match in latest-300 official channel inventory; comment_candidate=False.,INSUFFICIENT,Inventory record only; title/metadata alone is not a speed-rating claim.,2026-08-13T11:10:54Z,yt-dlp direct official-channel collection; --ignore-config; --no-update; no --proxy argument,,【プロスピ2021】 体験プレイ動画 グランプリ編 里崎智也さんが監督となって格上チームに挑む！,2021-07-06T12:00:08Z,NO_CURRENT_100_PLAYER_FULL_NAME_MATCH,current/player-event title without explicit ability marker,COMMENTS_NOT_ATTEMPTED_NOT_AN_ABILITY_OR_CURRENT_100_PLAYER_CANDIDATE,"For exhaustive/reproducible comment coverage, provide YouTube Data API commentThreads/replies JSON or CSV with videoId, comment ID, parent ID, authorChannelId/displayName, publishedAt, text, likeCount, replyCount.",channel_id=UCWzEh28vj3mQKpe0fzVTOUw; channel_name=パワプロ・プロスピ公式チャンネル,,NOT_PUBLICLY_RETURNED_BY_YTDLP,NOT_CONFIGURED_ENV; no YouTube Data API key was supplied
SP034-RUN2-VIDEO-bDBPbb-Ngls,,,Pro Yakyuu Spirits A,2026/most-recent official channel inventory,2021-07-05,YouTube,official_youtube_video_inventory,https://www.youtube.com/watch?v=bDBPbb-Ngls,bDBPbb-Ngls,bDBPbb-Ngls,youtube:bDBPbb-Ngls,,2021-07-05T09:02:22Z,,,,"[""UNCLASSIFIED_CONTEXT""]",CONTEXT,youtube:bDBPbb-Ngls,rating,,,OFFICIAL_YOUTUBE_CHANNEL,Prospi title match in latest-300 official channel inventory; comment_candidate=False.,INSUFFICIENT,Inventory record only; title/metadata alone is not a speed-rating claim.,2026-08-13T11:10:57Z,yt-dlp direct official-channel collection; --ignore-config; --no-update; no --proxy argument,,【プロスピ2021】 体験プレイ動画 ペナントレース編 藤川球児さんが若手選手を率いて日本一を目指す！,2021-07-05T09:02:22Z,NO_CURRENT_100_PLAYER_FULL_NAME_MATCH,current/player-event title without explicit ability marker,COMMENTS_NOT_ATTEMPTED_NOT_AN_ABILITY_OR_CURRENT_100_PLAYER_CANDIDATE,"For exhaustive/reproducible comment coverage, provide YouTube Data API commentThreads/replies JSON or CSV with videoId, comment ID, parent ID, authorChannelId/displayName, publishedAt, text, likeCount, replyCount.",channel_id=UCWzEh28vj3mQKpe0fzVTOUw; channel_name=パワプロ・プロスピ公式チャンネル,,NOT_PUBLICLY_RETURNED_BY_YTDLP,NOT_CONFIGURED_ENV; no YouTube Data API key was supplied
SP034-RUN2-VIDEO-VvL9V0hzWyE,,,Pro Yakyuu Spirits A,2026/most-recent official channel inventory,2021-07-01,YouTube,official_youtube_video_inventory,https://www.youtube.com/watch?v=VvL9V0hzWyE,VvL9V0hzWyE,VvL9V0hzWyE,youtube:VvL9V0hzWyE,,2021-07-01T23:29:01Z,,,,"[""UNCLASSIFIED_CONTEXT""]",CONTEXT,youtube:VvL9V0hzWyE,rating,,,OFFICIAL_YOUTUBE_CHANNEL,Prospi title match in latest-300 official channel inventory; comment_candidate=True.,INSUFFICIENT,Comments were retrieved and screened below; video-level inventory is not an independent speed-rating observation.,2026-08-13T11:11:01Z,yt-dlp direct official-channel collection; --ignore-config; --no-update; no --proxy argument,,「eBASEBALLプロ野球スピリッツ2021 グランドスラム」音楽ダウンロードコンテンツ プロモーションムービー,2021-07-01T23:29:01Z,柳田 悠岐 (player_id=31835133),current/player-event title without explicit ability marker,COMMENTS_BOUNDED_TO_YTDLP_MAX_300; full API pagination unavailable,"For exhaustive/reproducible comment coverage, provide YouTube Data API commentThreads/replies JSON or CSV with videoId, comment ID, parent ID, authorChannelId/displayName, publishedAt, text, likeCount, replyCount.",channel_id=UCWzEh28vj3mQKpe0fzVTOUw; channel_name=パワプロ・プロスピ公式チャンネル,300,NOT_PUBLICLY_RETURNED_BY_YTDLP,NOT_CONFIGURED_ENV; no YouTube Data API key was supplied
SP034-RUN2-COMMENT-VvL9V0hzWyE-UgwayoehHzbzjMMDKIB4AaABAg,,,Pro Yakyuu Spirits A,2026/most-recent official channel inventory,2021-07-01,YouTube,official_youtube_comment,https://www.youtube.com/watch?v=VvL9V0hzWyE&lc=UgwayoehHzbzjMMDKIB4AaABAg,VvL9V0hzWyE,UgwayoehHzbzjMMDKIB4AaABAg,youtube:VvL9V0hzWyE:root,@家政婦のミタゾノ-b4p|UCeI9CSmxvc2cvdvH6zfR_og,2021-08-13T00:00:00Z,"なんで同じKONAMIなのにウイイレとプロスピでグラフィックこんなに差あるん？？

ライセンスとか規模の違いとかあるのかもしれないけど、どっちもやる身からするとちょっと物足りないのよね〜",5,NOT_PUBLICLY_RETURNED_BY_YTDLP,"[""UNCLASSIFIED_CONTEXT""]",CONTEXT,youtube:VvL9V0hzWyE,rating,,,OFFICIAL_YOUTUBE_PUBLIC_COMMENT,Retained because it contains a broad speed-related term; classification does not make it a physical-speed teacher.,INSUFFICIENT,Retained without inference: missing a safe current-100-player identity and/or explicit speed-rating direction.,2026-08-13T11:11:14Z,yt-dlp direct official-channel collection; --ignore-config; --no-update; no --proxy argument,,「eBASEBALLプロ野球スピリッツ2021 グランドスラム」音楽ダウンロードコンテンツ プロモーションムービー,2021-07-01T23:29:01Z,NO_CURRENT_100_PLAYER_FULL_NAME_MATCH,current/player-event title without explicit ability marker,YTDLP_BOUNDED_PUBLIC_COMMENT_SAMPLE; replies/total comment count may be incomplete,"For exhaustive/reproducible comment coverage, provide YouTube Data API commentThreads/replies JSON or CSV with videoId, comment ID, parent ID, authorChannelId/displayName, publishedAt, text, likeCount, replyCount.",channel_id=UCWzEh28vj3mQKpe0fzVTOUw; channel_name=パワプロ・プロスピ公式チャンネル,300,NOT_PUBLICLY_RETURNED_BY_YTDLP,NOT_CONFIGURED_ENV; no YouTube Data API key was supplied
SP034-RUN2-COMMENT-VvL9V0hzWyE-UgwiPKt8HMEg0H8p5VN4AaABAg.9PNBiXQ_O9_9PSXLiCYfQ8,,,Pro Yakyuu Spirits A,2026/most-recent official channel inventory,2021-07-01,YouTube,official_youtube_comment,https://www.youtube.com/watch?v=VvL9V0hzWyE&lc=UgwiPKt8HMEg0H8p5VN4AaABAg.9PNBiXQ_O9_9PSXLiCYfQ8,VvL9V0hzWyE,UgwiPKt8HMEg0H8p5VN4AaABAg.9PNBiXQ_O9_9PSXLiCYfQ8,youtube:VvL9V0hzWyE:UgwiPKt8HMEg0H8p5VN4AaABAg,@輝星-x6y|UCKINiEdyc8HrAzdWifX17nQ,2021-08-13T00:00:00Z,金足農,0,NOT_PUBLICLY_RETURNED_BY_YTDLP,"[""UNCLASSIFIED_CONTEXT""]",CONTEXT,youtube:VvL9V0hzWyE,rating,,,OFFICIAL_YOUTUBE_PUBLIC_COMMENT,Retained because it contains a broad speed-related term; classification does not make it a physical-speed teacher.,INSUFFICIENT,Retained without inference: missing a safe current-100-player identity and/or explicit speed-rating direction.,2026-08-13T11:11:14Z,yt-dlp direct official-channel collection; --ignore-config; --no-update; no --proxy argument,,「eBASEBALLプロ野球スピリッツ2021 グランドスラム」音楽ダウンロードコンテンツ プロモーションムービー,2021-07-01T23:29:01Z,NO_CURRENT_100_PLAYER_FULL_NAME_MATCH,current/player-event title without explicit ability marker,YTDLP_BOUNDED_PUBLIC_COMMENT_SAMPLE; replies/total comment count may be incomplete,"For exhaustive/reproducible comment coverage, provide YouTube Data API commentThreads/replies JSON or CSV with videoId, comment ID, parent ID, authorChannelId/displayName, publishedAt, text, likeCount, replyCount.",channel_id=UCWzEh28vj3mQKpe0fzVTOUw; channel_name=パワプロ・プロスピ公式チャンネル,300,NOT_PUBLICLY_RETURNED_BY_YTDLP,NOT_CONFIGURED_ENV; no YouTube Data API key was supplied
SP034-RUN2-VIDEO-4NQUBTW69zc,,,Pro Yakyuu Spirits A,2026/most-recent official channel inventory,2021-06-28,YouTube,official_youtube_video_inventory,https://www.youtube.com/watch?v=4NQUBTW69zc,4NQUBTW69zc,4NQUBTW69zc,youtube:4NQUBTW69zc,,2021-06-28T05:58:08Z,,,,"[""UNCLASSIFIED_CONTEXT""]",CONTEXT,youtube:4NQUBTW69zc,rating,,,OFFICIAL_YOUTUBE_CHANNEL,Prospi title match in latest-300 official channel inventory; comment_candidate=False.,INSUFFICIENT,Inventory record only; title/metadata alone is not a speed-rating claim.,2026-08-13T11:11:16Z,yt-dlp direct official-channel collection; --ignore-config; --no-update; no --proxy argument,,【プロスピA】プロスピグランプリ秘書紹介動画 ゆきりぬ編,2021-06-28T05:58:08Z,NO_CURRENT_100_PLAYER_FULL_NAME_MATCH,current/player-event title without explicit ability marker,COMMENTS_NOT_ATTEMPTED_NOT_AN_ABILITY_OR_CURRENT_100_PLAYER_CANDIDATE,"For exhaustive/reproducible comment coverage, provide YouTube Data API commentThreads/replies JSON or CSV with videoId, comment ID, parent ID, authorChannelId/displayName, publishedAt, text, likeCount, replyCount.",channel_id=UCWzEh28vj3mQKpe0fzVTOUw; channel_name=パワプロ・プロスピ公式チャンネル,,NOT_PUBLICLY_RETURNED_BY_YTDLP,NOT_CONFIGURED_ENV; no YouTube Data API key was supplied
SP034-RUN2-VIDEO-QEQXUbsPF2s,,,Pro Yakyuu Spirits A,2026/most-recent official channel inventory,2021-06-28,YouTube,official_youtube_video_inventory,https://www.youtube.com/watch?v=QEQXUbsPF2s,QEQXUbsPF2s,QEQXUbsPF2s,youtube:QEQXUbsPF2s,,2021-06-28T05:57:55Z,,,,"[""UNCLASSIFIED_CONTEXT""]",CONTEXT,youtube:QEQXUbsPF2s,rating,,,OFFICIAL_YOUTUBE_CHANNEL,Prospi title match in latest-300 official channel inventory; comment_candidate=False.,INSUFFICIENT,Inventory record only; title/metadata alone is not a speed-rating claim.,2026-08-13T11:11:20Z,yt-dlp direct official-channel collection; --ignore-config; --no-update; no --proxy argument,,【プロスピA】プロスピグランプリ秘書紹介動画 似鳥沙也加編,2021-06-28T05:57:55Z,NO_CURRENT_100_PLAYER_FULL_NAME_MATCH,current/player-event title without explicit ability marker,COMMENTS_NOT_ATTEMPTED_NOT_AN_ABILITY_OR_CURRENT_100_PLAYER_CANDIDATE,"For exhaustive/reproducible comment coverage, provide YouTube Data API commentThreads/replies JSON or CSV with videoId, comment ID, parent ID, authorChannelId/displayName, publishedAt, text, likeCount, replyCount.",channel_id=UCWzEh28vj3mQKpe0fzVTOUw; channel_name=パワプロ・プロスピ公式チャンネル,,NOT_PUBLICLY_RETURNED_BY_YTDLP,NOT_CONFIGURED_ENV; no YouTube Data API key was supplied
SP034-RUN2-VIDEO-qnLewo6KoKQ,,,Pro Yakyuu Spirits A,2026/most-recent official channel inventory,2021-06-28,YouTube,official_youtube_video_inventory,https://www.youtube.com/watch?v=qnLewo6KoKQ,qnLewo6KoKQ,qnLewo6KoKQ,youtube:qnLewo6KoKQ,,2021-06-28T05:57:41Z,,,,"[""UNCLASSIFIED_CONTEXT""]",CONTEXT,youtube:qnLewo6KoKQ,rating,,,OFFICIAL_YOUTUBE_CHANNEL,Prospi title match in latest-300 official channel inventory; comment_candidate=False.,INSUFFICIENT,Inventory record only; title/metadata alone is not a speed-rating claim.,2026-08-13T11:11:22Z,yt-dlp direct official-channel collection; --ignore-config; --no-update; no --proxy argument,,【プロスピA】プロスピグランプリ秘書紹介動画 貴島明日香編,2021-06-28T05:57:41Z,NO_CURRENT_100_PLAYER_FULL_NAME_MATCH,current/player-event title without explicit ability marker,COMMENTS_NOT_ATTEMPTED_NOT_AN_ABILITY_OR_CURRENT_100_PLAYER_CANDIDATE,"For exhaustive/reproducible comment coverage, provide YouTube Data API commentThreads/replies JSON or CSV with videoId, comment ID, parent ID, authorChannelId/displayName, publishedAt, text, likeCount, replyCount.",channel_id=UCWzEh28vj3mQKpe0fzVTOUw; channel_name=パワプロ・プロスピ公式チャンネル,,NOT_PUBLICLY_RETURNED_BY_YTDLP,NOT_CONFIGURED_ENV; no YouTube Data API key was supplied
SP034-RUN2-VIDEO-6z-uwkNAR5Q,,,Pro Yakyuu Spirits A,2026/most-recent official channel inventory,2021-06-18,YouTube,official_youtube_video_inventory,https://www.youtube.com/watch?v=6z-uwkNAR5Q,6z-uwkNAR5Q,6z-uwkNAR5Q,youtube:6z-uwkNAR5Q,,2021-06-18T10:00:13Z,,,,"[""UNCLASSIFIED_CONTEXT""]",CONTEXT,youtube:6z-uwkNAR5Q,rating,,,OFFICIAL_YOUTUBE_CHANNEL,Prospi title match in latest-300 official channel inventory; comment_candidate=False.,INSUFFICIENT,Inventory record only; title/metadata alone is not a speed-rating claim.,2026-08-13T11:11:31Z,yt-dlp direct official-channel collection; --ignore-config; --no-update; no --proxy argument,,プロスピA 新プロジェクト発表特番,2021-06-18T10:00:13Z,NO_CURRENT_100_PLAYER_FULL_NAME_MATCH,current/player-event title without explicit ability marker,COMMENTS_NOT_ATTEMPTED_NOT_AN_ABILITY_OR_CURRENT_100_PLAYER_CANDIDATE,"For exhaustive/reproducible comment coverage, provide YouTube Data API commentThreads/replies JSON or CSV with videoId, comment ID, parent ID, authorChannelId/displayName, publishedAt, text, likeCount, replyCount.",channel_id=UCWzEh28vj3mQKpe0fzVTOUw; channel_name=パワプロ・プロスピ公式チャンネル,,NOT_PUBLICLY_RETURNED_BY_YTDLP,NOT_CONFIGURED_ENV; no YouTube Data API key was supplied
SP034-RUN2-VIDEO-ep-5GVBL9Sc,,,Pro Yakyuu Spirits A,2026/most-recent official channel inventory,2021-01-23,YouTube,official_youtube_video_inventory,https://www.youtube.com/watch?v=ep-5GVBL9Sc,ep-5GVBL9Sc,ep-5GVBL9Sc,youtube:ep-5GVBL9Sc,,2021-01-23T10:00:11Z,,,,"[""UNCLASSIFIED_CONTEXT""]",CONTEXT,youtube:ep-5GVBL9Sc,rating,,,OFFICIAL_YOUTUBE_CHANNEL,Prospi title match in latest-300 official channel inventory; comment_candidate=False.,INSUFFICIENT,Inventory record only; title/metadata alone is not a speed-rating claim.,2026-08-13T11:11:34Z,yt-dlp direct official-channel collection; --ignore-config; --no-update; no --proxy argument,,スピチャン 後夜祭特番【プロスピA】,2021-01-23T10:00:11Z,NO_CURRENT_100_PLAYER_FULL_NAME_MATCH,current/player-event title without explicit ability marker,COMMENTS_NOT_ATTEMPTED_NOT_AN_ABILITY_OR_CURRENT_100_PLAYER_CANDIDATE,"For exhaustive/reproducible comment coverage, provide YouTube Data API commentThreads/replies JSON or CSV with videoId, comment ID, parent ID, authorChannelId/displayName, publishedAt, text, likeCount, replyCount.",channel_id=UCWzEh28vj3mQKpe0fzVTOUw; channel_name=パワプロ・プロスピ公式チャンネル,,NOT_PUBLICLY_RETURNED_BY_YTDLP,NOT_CONFIGURED_ENV; no YouTube Data API key was supplied
SP034-RUN2-VIDEO-KLSX-oW9an0,,,Pro Yakyuu Spirits A,2026/most-recent official channel inventory,2021-01-14,YouTube,official_youtube_video_inventory,https://www.youtube.com/watch?v=KLSX-oW9an0,KLSX-oW9an0,KLSX-oW9an0,youtube:KLSX-oW9an0,,2021-01-14T03:00:06Z,,,,"[""UNCLASSIFIED_CONTEXT""]",CONTEXT,youtube:KLSX-oW9an0,rating,,,OFFICIAL_YOUTUBE_CHANNEL,Prospi title match in latest-300 official channel inventory; comment_candidate=True.,INSUFFICIENT,Comments were retrieved and screened below; video-level inventory is not an independent speed-rating observation.,2026-08-13T11:11:37Z,yt-dlp direct official-channel collection; --ignore-config; --no-update; no --proxy argument,,【2020】プロスピA OB チャンピオンシップ スペシャルマッチ / 里崎 智也 VS 斉藤和巳,2021-01-14T03:00:06Z,NO_CURRENT_100_PLAYER_FULL_NAME_MATCH,ability_or_update_title_marker,COMMENTS_BOUNDED_TO_YTDLP_MAX_300; full API pagination unavailable,"For exhaustive/reproducible comment coverage, provide YouTube Data API commentThreads/replies JSON or CSV with videoId, comment ID, parent ID, authorChannelId/displayName, publishedAt, text, likeCount, replyCount.",channel_id=UCWzEh28vj3mQKpe0fzVTOUw; channel_name=パワプロ・プロスピ公式チャンネル,58,NOT_PUBLICLY_RETURNED_BY_YTDLP,NOT_CONFIGURED_ENV; no YouTube Data API key was supplied
SP034-RUN2-COMMENT-KLSX-oW9an0-UgxXM-b-G2Es6xnaYdV4AaABAg,,,Pro Yakyuu Spirits A,2026/most-recent official channel inventory,2021-01-14,YouTube,official_youtube_comment,https://www.youtube.com/watch?v=KLSX-oW9an0&lc=UgxXM-b-G2Es6xnaYdV4AaABAg,KLSX-oW9an0,UgxXM-b-G2Es6xnaYdV4AaABAg,youtube:KLSX-oW9an0:root,@football-american|UC5nenJk2_w74HEK2qNp2xoA,2021-08-13T00:00:00Z,"斉藤さんアウトコースちゃんと流し打ちしてるの草
振り遅れただけかもしれんけどww",2,NOT_PUBLICLY_RETURNED_BY_YTDLP,"[""UNCLASSIFIED_CONTEXT""]",CONTEXT,youtube:KLSX-oW9an0,rating,,,OFFICIAL_YOUTUBE_PUBLIC_COMMENT,Retained because it contains a broad speed-related term; classification does not make it a physical-speed teacher.,INSUFFICIENT,Retained without inference: missing a safe current-100-player identity and/or explicit speed-rating direction.,2026-08-13T11:11:41Z,yt-dlp direct official-channel collection; --ignore-config; --no-update; no --proxy argument,,【2020】プロスピA OB チャンピオンシップ スペシャルマッチ / 里崎 智也 VS 斉藤和巳,2021-01-14T03:00:06Z,NO_CURRENT_100_PLAYER_FULL_NAME_MATCH,ability_or_update_title_marker,YTDLP_BOUNDED_PUBLIC_COMMENT_SAMPLE; replies/total comment count may be incomplete,"For exhaustive/reproducible comment coverage, provide YouTube Data API commentThreads/replies JSON or CSV with videoId, comment ID, parent ID, authorChannelId/displayName, publishedAt, text, likeCount, replyCount.",channel_id=UCWzEh28vj3mQKpe0fzVTOUw; channel_name=パワプロ・プロスピ公式チャンネル,58,NOT_PUBLICLY_RETURNED_BY_YTDLP,NOT_CONFIGURED_ENV; no YouTube Data API key was supplied
SP034-RUN2-VIDEO-vw5WHfzDWLc,,,Pro Yakyuu Spirits A,2026/most-recent official channel inventory,2021-01-11,YouTube,official_youtube_video_inventory,https://www.youtube.com/watch?v=vw5WHfzDWLc,vw5WHfzDWLc,vw5WHfzDWLc,youtube:vw5WHfzDWLc,,2021-01-11T11:00:12Z,,,,"[""UNCLASSIFIED_CONTEXT""]",CONTEXT,youtube:vw5WHfzDWLc,rating,,,OFFICIAL_YOUTUBE_CHANNEL,Prospi title match in latest-300 official channel inventory; comment_candidate=False.,INSUFFICIENT,Inventory record only; title/metadata alone is not a speed-rating claim.,2026-08-13T11:11:44Z,yt-dlp direct official-channel collection; --ignore-config; --no-update; no --proxy argument,,【最強決定！】プロ野球スピリッツ 王座決定トーナメント2020【王座決定戦】,2021-01-11T11:00:12Z,NO_CURRENT_100_PLAYER_FULL_NAME_MATCH,current/player-event title without explicit ability marker,COMMENTS_NOT_ATTEMPTED_NOT_AN_ABILITY_OR_CURRENT_100_PLAYER_CANDIDATE,"For exhaustive/reproducible comment coverage, provide YouTube Data API commentThreads/replies JSON or CSV with videoId, comment ID, parent ID, authorChannelId/displayName, publishedAt, text, likeCount, replyCount.",channel_id=UCWzEh28vj3mQKpe0fzVTOUw; channel_name=パワプロ・プロスピ公式チャンネル,,NOT_PUBLICLY_RETURNED_BY_YTDLP,NOT_CONFIGURED_ENV; no YouTube Data API key was supplied
SP034-RUN2-VIDEO-UtdCX8CRJGg,,,Pro Yakyuu Spirits A,2026/most-recent official channel inventory,2021-01-05,YouTube,official_youtube_video_inventory,https://www.youtube.com/watch?v=UtdCX8CRJGg,UtdCX8CRJGg,UtdCX8CRJGg,youtube:UtdCX8CRJGg,,2021-01-05T08:00:23Z,,,,"[""UNCLASSIFIED_CONTEXT""]",CONTEXT,youtube:UtdCX8CRJGg,rating,,,OFFICIAL_YOUTUBE_CHANNEL,Prospi title match in latest-300 official channel inventory; comment_candidate=False.,INSUFFICIENT,Inventory record only; title/metadata alone is not a speed-rating claim.,2026-08-13T11:11:51Z,yt-dlp direct official-channel collection; --ignore-config; --no-update; no --proxy argument,,【 新井VS石原】プロスピ初プレイ石原さんの先制HR炸裂！？ 新井さんは逆転できるのか！   カネアラチャンネル#10【プロスピA】,2021-01-05T08:00:23Z,NO_CURRENT_100_PLAYER_FULL_NAME_MATCH,current/player-event title without explicit ability marker,COMMENTS_NOT_ATTEMPTED_NOT_AN_ABILITY_OR_CURRENT_100_PLAYER_CANDIDATE,"For exhaustive/reproducible comment coverage, provide YouTube Data API commentThreads/replies JSON or CSV with videoId, comment ID, parent ID, authorChannelId/displayName, publishedAt, text, likeCount, replyCount.",channel_id=UCWzEh28vj3mQKpe0fzVTOUw; channel_name=パワプロ・プロスピ公式チャンネル,,NOT_PUBLICLY_RETURNED_BY_YTDLP,NOT_CONFIGURED_ENV; no YouTube Data API key was supplied
SP034-RUN2-VIDEO-QckmcCN9Fmg,,,Pro Yakyuu Spirits A,2026/most-recent official channel inventory,2020-12-24,YouTube,official_youtube_video_inventory,https://www.youtube.com/watch?v=QckmcCN9Fmg,QckmcCN9Fmg,QckmcCN9Fmg,youtube:QckmcCN9Fmg,,2020-12-24T03:00:04Z,,,,"[""UNCLASSIFIED_CONTEXT""]",CONTEXT,youtube:QckmcCN9Fmg,rating,,,OFFICIAL_YOUTUBE_CHANNEL,Prospi title match in latest-300 official channel inventory; comment_candidate=True.,INSUFFICIENT,Comments were retrieved and screened below; video-level inventory is not an independent speed-rating observation.,2026-08-13T11:11:59Z,yt-dlp direct official-channel collection; --ignore-config; --no-update; no --proxy argument,,【2020】プロスピA OB チャンピオンシップ /里崎 智也(ロッテ) VS 片岡 篤史(日本ハム),2020-12-24T03:00:04Z,NO_CURRENT_100_PLAYER_FULL_NAME_MATCH,ability_or_update_title_marker,COMMENTS_BOUNDED_TO_YTDLP_MAX_300; full API pagination unavailable,"For exhaustive/reproducible comment coverage, provide YouTube Data API commentThreads/replies JSON or CSV with videoId, comment ID, parent ID, authorChannelId/displayName, publishedAt, text, likeCount, replyCount.",channel_id=UCWzEh28vj3mQKpe0fzVTOUw; channel_name=パワプロ・プロスピ公式チャンネル,41,NOT_PUBLICLY_RETURNED_BY_YTDLP,NOT_CONFIGURED_ENV; no YouTube Data API key was supplied
SP034-RUN2-COMMENT-QckmcCN9Fmg-UgwRFrrHkm0S8XEVwG94AaABAg,,,Pro Yakyuu Spirits A,2026/most-recent official channel inventory,2020-12-24,YouTube,official_youtube_comment,https://www.youtube.com/watch?v=QckmcCN9Fmg&lc=UgwRFrrHkm0S8XEVwG94AaABAg,QckmcCN9Fmg,UgwRFrrHkm0S8XEVwG94AaABAg,youtube:QckmcCN9Fmg:root,@げん-m7w|UCLkJg_8eISgfHM7guD2lcAA,2021-08-13T00:00:00Z,これって超高速フェード？,0,NOT_PUBLICLY_RETURNED_BY_YTDLP,"[""UNCLASSIFIED_CONTEXT""]",CONTEXT,youtube:QckmcCN9Fmg,rating,,,OFFICIAL_YOUTUBE_PUBLIC_COMMENT,Retained because it contains a broad speed-related term; classification does not make it a physical-speed teacher.,INSUFFICIENT,Retained without inference: missing a safe current-100-player identity and/or explicit speed-rating direction.,2026-08-13T11:12:03Z,yt-dlp direct official-channel collection; --ignore-config; --no-update; no --proxy argument,,【2020】プロスピA OB チャンピオンシップ /里崎 智也(ロッテ) VS 片岡 篤史(日本ハム),2020-12-24T03:00:04Z,NO_CURRENT_100_PLAYER_FULL_NAME_MATCH,ability_or_update_title_marker,YTDLP_BOUNDED_PUBLIC_COMMENT_SAMPLE; replies/total comment count may be incomplete,"For exhaustive/reproducible comment coverage, provide YouTube Data API commentThreads/replies JSON or CSV with videoId, comment ID, parent ID, authorChannelId/displayName, publishedAt, text, likeCount, replyCount.",channel_id=UCWzEh28vj3mQKpe0fzVTOUw; channel_name=パワプロ・プロスピ公式チャンネル,41,NOT_PUBLICLY_RETURNED_BY_YTDLP,NOT_CONFIGURED_ENV; no YouTube Data API key was supplied
SP034-RUN2-COMMENT-QckmcCN9Fmg-UgwRFrrHkm0S8XEVwG94AaABAg.9HdW0IXerWg9HdeHmxy8yM,,,Pro Yakyuu Spirits A,2026/most-recent official channel inventory,2020-12-24,YouTube,official_youtube_comment,https://www.youtube.com/watch?v=QckmcCN9Fmg&lc=UgwRFrrHkm0S8XEVwG94AaABAg.9HdW0IXerWg9HdeHmxy8yM,QckmcCN9Fmg,UgwRFrrHkm0S8XEVwG94AaABAg.9HdW0IXerWg9HdeHmxy8yM,youtube:QckmcCN9Fmg:UgwRFrrHkm0S8XEVwG94AaABAg,@ダラスダラスダラス|UCpczkpnxNBwkslrzVuh-uFg,2021-08-13T00:00:00Z,"普通のフェードだと思います
高速フェードよりも遅いです",0,NOT_PUBLICLY_RETURNED_BY_YTDLP,"[""UNCLASSIFIED_CONTEXT""]",CONTEXT,youtube:QckmcCN9Fmg,rating,,,OFFICIAL_YOUTUBE_PUBLIC_COMMENT,Retained because it contains a broad speed-related term; classification does not make it a physical-speed teacher.,INSUFFICIENT,Retained without inference: missing a safe current-100-player identity and/or explicit speed-rating direction.,2026-08-13T11:12:03Z,yt-dlp direct official-channel collection; --ignore-config; --no-update; no --proxy argument,,【2020】プロスピA OB チャンピオンシップ /里崎 智也(ロッテ) VS 片岡 篤史(日本ハム),2020-12-24T03:00:04Z,NO_CURRENT_100_PLAYER_FULL_NAME_MATCH,ability_or_update_title_marker,YTDLP_BOUNDED_PUBLIC_COMMENT_SAMPLE; replies/total comment count may be incomplete,"For exhaustive/reproducible comment coverage, provide YouTube Data API commentThreads/replies JSON or CSV with videoId, comment ID, parent ID, authorChannelId/displayName, publishedAt, text, likeCount, replyCount.",channel_id=UCWzEh28vj3mQKpe0fzVTOUw; channel_name=パワプロ・プロスピ公式チャンネル,41,NOT_PUBLICLY_RETURNED_BY_YTDLP,NOT_CONFIGURED_ENV; no YouTube Data API key was supplied
SP034-RUN2-VIDEO-FwUO1cMBOLc,,,Pro Yakyuu Spirits A,2026/most-recent official channel inventory,2020-12-23,YouTube,official_youtube_video_inventory,https://www.youtube.com/watch?v=FwUO1cMBOLc,FwUO1cMBOLc,FwUO1cMBOLc,youtube:FwUO1cMBOLc,,2020-12-23T08:08:38Z,,,,"[""UNCLASSIFIED_CONTEXT""]",CONTEXT,youtube:FwUO1cMBOLc,rating,,,OFFICIAL_YOUTUBE_CHANNEL,Prospi title match in latest-300 official channel inventory; comment_candidate=False.,INSUFFICIENT,Inventory record only; title/metadata alone is not a speed-rating claim.,2026-08-13T11:12:06Z,yt-dlp direct official-channel collection; --ignore-config; --no-update; no --proxy argument,,カネアラ×石原慶幸対談企画！ カープ時代の思い出は？3人での交流は？ カネアラチャンネル#9【プロスピA】,2020-12-23T08:08:38Z,NO_CURRENT_100_PLAYER_FULL_NAME_MATCH,current/player-event title without explicit ability marker,COMMENTS_NOT_ATTEMPTED_NOT_AN_ABILITY_OR_CURRENT_100_PLAYER_CANDIDATE,"For exhaustive/reproducible comment coverage, provide YouTube Data API commentThreads/replies JSON or CSV with videoId, comment ID, parent ID, authorChannelId/displayName, publishedAt, text, likeCount, replyCount.",channel_id=UCWzEh28vj3mQKpe0fzVTOUw; channel_name=パワプロ・プロスピ公式チャンネル,,NOT_PUBLICLY_RETURNED_BY_YTDLP,NOT_CONFIGURED_ENV; no YouTube Data API key was supplied
SP034-RUN2-VIDEO-n7l_V3u1CN8,,,Pro Yakyuu Spirits A,2026/most-recent official channel inventory,2020-12-17,YouTube,official_youtube_video_inventory,https://www.youtube.com/watch?v=n7l_V3u1CN8,n7l_V3u1CN8,n7l_V3u1CN8,youtube:n7l_V3u1CN8,,2020-12-17T08:00:32Z,,,,"[""UNCLASSIFIED_CONTEXT""]",CONTEXT,youtube:n7l_V3u1CN8,rating,,,OFFICIAL_YOUTUBE_CHANNEL,Prospi title match in latest-300 official channel inventory; comment_candidate=False.,INSUFFICIENT,Inventory record only; title/metadata alone is not a speed-rating claim.,2026-08-13T11:12:08Z,yt-dlp direct official-channel collection; --ignore-config; --no-update; no --proxy argument,,新井さんの夢実現！？カネアラVSティモンディ プロスピ対決！ カネアラチャンネル#8 【プロスピA】,2020-12-17T08:00:32Z,NO_CURRENT_100_PLAYER_FULL_NAME_MATCH,current/player-event title without explicit ability marker,COMMENTS_NOT_ATTEMPTED_NOT_AN_ABILITY_OR_CURRENT_100_PLAYER_CANDIDATE,"For exhaustive/reproducible comment coverage, provide YouTube Data API commentThreads/replies JSON or CSV with videoId, comment ID, parent ID, authorChannelId/displayName, publishedAt, text, likeCount, replyCount.",channel_id=UCWzEh28vj3mQKpe0fzVTOUw; channel_name=パワプロ・プロスピ公式チャンネル,,NOT_PUBLICLY_RETURNED_BY_YTDLP,NOT_CONFIGURED_ENV; no YouTube Data API key was supplied
SP034-RUN2-VIDEO-nYhOTTXXd3g,,,Pro Yakyuu Spirits A,2026/most-recent official channel inventory,2020-12-17,YouTube,official_youtube_video_inventory,https://www.youtube.com/watch?v=nYhOTTXXd3g,nYhOTTXXd3g,nYhOTTXXd3g,youtube:nYhOTTXXd3g,,2020-12-17T03:00:05Z,,,,"[""UNCLASSIFIED_CONTEXT""]",CONTEXT,youtube:nYhOTTXXd3g,rating,,,OFFICIAL_YOUTUBE_CHANNEL,Prospi title match in latest-300 official channel inventory; comment_candidate=True.,INSUFFICIENT,Comments were retrieved and screened below; video-level inventory is not an independent speed-rating observation.,2026-08-13T11:12:11Z,yt-dlp direct official-channel collection; --ignore-config; --no-update; no --proxy argument,,【2020】プロスピA OB チャンピオンシップ /岡島 秀樹(巨人) VS 森野 将彦(中日),2020-12-17T03:00:05Z,NO_CURRENT_100_PLAYER_FULL_NAME_MATCH,ability_or_update_title_marker,COMMENTS_BOUNDED_TO_YTDLP_MAX_300; full API pagination unavailable,"For exhaustive/reproducible comment coverage, provide YouTube Data API commentThreads/replies JSON or CSV with videoId, comment ID, parent ID, authorChannelId/displayName, publishedAt, text, likeCount, replyCount.",channel_id=UCWzEh28vj3mQKpe0fzVTOUw; channel_name=パワプロ・プロスピ公式チャンネル,39,NOT_PUBLICLY_RETURNED_BY_YTDLP,NOT_CONFIGURED_ENV; no YouTube Data API key was supplied
SP034-RUN2-COMMENT-nYhOTTXXd3g-Ugz-fe9OludYWwE5uBt4AaABAg,,,Pro Yakyuu Spirits A,2026/most-recent official channel inventory,2020-12-17,YouTube,official_youtube_comment,https://www.youtube.com/watch?v=nYhOTTXXd3g&lc=Ugz-fe9OludYWwE5uBt4AaABAg,nYhOTTXXd3g,Ugz-fe9OludYWwE5uBt4AaABAg,youtube:nYhOTTXXd3g:root,@知略型確率呪術師蒼|UCCXbFeFm_Rglh0cbJEOo6bQ,2021-08-13T00:00:00Z,いや森野さんの順応力の速さよ,30,NOT_PUBLICLY_RETURNED_BY_YTDLP,"[""UNCLASSIFIED_CONTEXT""]",CONTEXT,youtube:nYhOTTXXd3g,rating,,,OFFICIAL_YOUTUBE_PUBLIC_COMMENT,Retained because it contains a broad speed-related term; classification does not make it a physical-speed teacher.,INSUFFICIENT,Retained without inference: missing a safe current-100-player identity and/or explicit speed-rating direction.,2026-08-13T11:12:17Z,yt-dlp direct official-channel collection; --ignore-config; --no-update; no --proxy argument,,【2020】プロスピA OB チャンピオンシップ /岡島 秀樹(巨人) VS 森野 将彦(中日),2020-12-17T03:00:05Z,NO_CURRENT_100_PLAYER_FULL_NAME_MATCH,ability_or_update_title_marker,YTDLP_BOUNDED_PUBLIC_COMMENT_SAMPLE; replies/total comment count may be incomplete,"For exhaustive/reproducible comment coverage, provide YouTube Data API commentThreads/replies JSON or CSV with videoId, comment ID, parent ID, authorChannelId/displayName, publishedAt, text, likeCount, replyCount.",channel_id=UCWzEh28vj3mQKpe0fzVTOUw; channel_name=パワプロ・プロスピ公式チャンネル,39,NOT_PUBLICLY_RETURNED_BY_YTDLP,NOT_CONFIGURED_ENV; no YouTube Data API key was supplied
SP034-RUN2-VIDEO-LKZD4_ldAyA,,,Pro Yakyuu Spirits A,2026/most-recent official channel inventory,2020-12-07,YouTube,official_youtube_video_inventory,https://www.youtube.com/watch?v=LKZD4_ldAyA,LKZD4_ldAyA,LKZD4_ldAyA,youtube:LKZD4_ldAyA,,2020-12-07T08:00:29Z,,,,"[""UNCLASSIFIED_CONTEXT""]",CONTEXT,youtube:LKZD4_ldAyA,rating,,,OFFICIAL_YOUTUBE_CHANNEL,Prospi title match in latest-300 official channel inventory; comment_candidate=False.,INSUFFICIENT,Inventory record only; title/metadata alone is not a speed-rating claim.,2026-08-13T11:12:19Z,yt-dlp direct official-channel collection; --ignore-config; --no-update; no --proxy argument,,金本さんのドッキリ伝説を聞いてみた！逆三冠王Tシャツって何!? カネアラチャンネル #7 【プロスピA】,2020-12-07T08:00:29Z,NO_CURRENT_100_PLAYER_FULL_NAME_MATCH,current/player-event title without explicit ability marker,COMMENTS_NOT_ATTEMPTED_NOT_AN_ABILITY_OR_CURRENT_100_PLAYER_CANDIDATE,"For exhaustive/reproducible comment coverage, provide YouTube Data API commentThreads/replies JSON or CSV with videoId, comment ID, parent ID, authorChannelId/displayName, publishedAt, text, likeCount, replyCount.",channel_id=UCWzEh28vj3mQKpe0fzVTOUw; channel_name=パワプロ・プロスピ公式チャンネル,,NOT_PUBLICLY_RETURNED_BY_YTDLP,NOT_CONFIGURED_ENV; no YouTube Data API key was supplied
SP034-RUN2-VIDEO-MutgnjN6l1M,,,Pro Yakyuu Spirits A,2026/most-recent official channel inventory,2020-12-03,YouTube,official_youtube_video_inventory,https://www.youtube.com/watch?v=MutgnjN6l1M,MutgnjN6l1M,MutgnjN6l1M,youtube:MutgnjN6l1M,,2020-12-03T06:09:50Z,,,,"[""UNCLASSIFIED_CONTEXT""]",CONTEXT,youtube:MutgnjN6l1M,rating,,,OFFICIAL_YOUTUBE_CHANNEL,Prospi title match in latest-300 official channel inventory; comment_candidate=True.,INSUFFICIENT,Comments were retrieved and screened below; video-level inventory is not an independent speed-rating observation.,2026-08-13T11:12:23Z,yt-dlp direct official-channel collection; --ignore-config; --no-update; no --proxy argument,,【2020】プロスピA OB チャンピオンシップ /桧山 進次郎(阪神) VS 岩村 明憲(ヤクルト),2020-12-03T06:09:50Z,NO_CURRENT_100_PLAYER_FULL_NAME_MATCH,ability_or_update_title_marker,COMMENTS_BOUNDED_TO_YTDLP_MAX_300; full API pagination unavailable,"For exhaustive/reproducible comment coverage, provide YouTube Data API commentThreads/replies JSON or CSV with videoId, comment ID, parent ID, authorChannelId/displayName, publishedAt, text, likeCount, replyCount.",channel_id=UCWzEh28vj3mQKpe0fzVTOUw; channel_name=パワプロ・プロスピ公式チャンネル,44,NOT_PUBLICLY_RETURNED_BY_YTDLP,NOT_CONFIGURED_ENV; no YouTube Data API key was supplied
SP034-RUN2-VIDEO-urFC9Sq5zJA,,,Pro Yakyuu Spirits A,2026/most-recent official channel inventory,2020-11-29,YouTube,official_youtube_video_inventory,https://www.youtube.com/watch?v=urFC9Sq5zJA,urFC9Sq5zJA,urFC9Sq5zJA,youtube:urFC9Sq5zJA,,2020-11-29T02:52:24Z,,,,"[""UNCLASSIFIED_CONTEXT""]",CONTEXT,youtube:urFC9Sq5zJA,rating,,,OFFICIAL_YOUTUBE_CHANNEL,Prospi title match in latest-300 official channel inventory; comment_candidate=False.,INSUFFICIENT,Inventory record only; title/metadata alone is not a speed-rating claim.,2026-08-13T11:12:29Z,yt-dlp direct official-channel collection; --ignore-config; --no-update; no --proxy argument,,【神回】金本さんが新井さんにドッキリを仕掛ける！金本さんの代わりにプロスピA元日本一が裏で操作すると新井さんは気づくのか！？,2020-11-29T02:52:24Z,NO_CURRENT_100_PLAYER_FULL_NAME_MATCH,current/player-event title without explicit ability marker,COMMENTS_NOT_ATTEMPTED_NOT_AN_ABILITY_OR_CURRENT_100_PLAYER_CANDIDATE,"For exhaustive/reproducible comment coverage, provide YouTube Data API commentThreads/replies JSON or CSV with videoId, comment ID, parent ID, authorChannelId/displayName, publishedAt, text, likeCount, replyCount.",channel_id=UCWzEh28vj3mQKpe0fzVTOUw; channel_name=パワプロ・プロスピ公式チャンネル,,NOT_PUBLICLY_RETURNED_BY_YTDLP,NOT_CONFIGURED_ENV; no YouTube Data API key was supplied
SP034-RUN2-VIDEO-mJgdhV4lv9k,,,Pro Yakyuu Spirits A,2026/most-recent official channel inventory,2020-11-26,YouTube,official_youtube_video_inventory,https://www.youtube.com/watch?v=mJgdhV4lv9k,mJgdhV4lv9k,mJgdhV4lv9k,youtube:mJgdhV4lv9k,,2020-11-26T03:01:36Z,,,,"[""UNCLASSIFIED_CONTEXT""]",CONTEXT,youtube:mJgdhV4lv9k,rating,,,OFFICIAL_YOUTUBE_CHANNEL,Prospi title match in latest-300 official channel inventory; comment_candidate=True.,INSUFFICIENT,Comments were retrieved and screened below; video-level inventory is not an independent speed-rating observation.,2026-08-13T11:12:31Z,yt-dlp direct official-channel collection; --ignore-config; --no-update; no --proxy argument,,【2020】プロスピA OB チャンピオンシップ /礒部 公一(楽天) VS タフィ・ローズ(オリックス),2020-11-26T03:01:36Z,NO_CURRENT_100_PLAYER_FULL_NAME_MATCH,ability_or_update_title_marker,COMMENTS_BOUNDED_TO_YTDLP_MAX_300; full API pagination unavailable,"For exhaustive/reproducible comment coverage, provide YouTube Data API commentThreads/replies JSON or CSV with videoId, comment ID, parent ID, authorChannelId/displayName, publishedAt, text, likeCount, replyCount.",channel_id=UCWzEh28vj3mQKpe0fzVTOUw; channel_name=パワプロ・プロスピ公式チャンネル,107,NOT_PUBLICLY_RETURNED_BY_YTDLP,NOT_CONFIGURED_ENV; no YouTube Data API key was supplied
SP034-RUN2-COMMENT-mJgdhV4lv9k-UgyDuxFCvSMsxzJOmfB4AaABAg,,,Pro Yakyuu Spirits A,2026/most-recent official channel inventory,2020-11-26,YouTube,official_youtube_comment,https://www.youtube.com/watch?v=mJgdhV4lv9k&lc=UgyDuxFCvSMsxzJOmfB4AaABAg,mJgdhV4lv9k,UgyDuxFCvSMsxzJOmfB4AaABAg,youtube:mJgdhV4lv9k:root,@よっちゃん-n7x|UCCgnnuG-g_Pm3lUzWDWnYJA,2021-08-13T00:00:00Z,なんで高速フェードでもなにのにこんなに盛り上がってるんだよ笑笑,2,NOT_PUBLICLY_RETURNED_BY_YTDLP,"[""UNCLASSIFIED_CONTEXT""]",CONTEXT,youtube:mJgdhV4lv9k,rating,,,OFFICIAL_YOUTUBE_PUBLIC_COMMENT,Retained because it contains a broad speed-related term; classification does not make it a physical-speed teacher.,INSUFFICIENT,Retained without inference: missing a safe current-100-player identity and/or explicit speed-rating direction.,2026-08-13T11:12:38Z,yt-dlp direct official-channel collection; --ignore-config; --no-update; no --proxy argument,,【2020】プロスピA OB チャンピオンシップ /礒部 公一(楽天) VS タフィ・ローズ(オリックス),2020-11-26T03:01:36Z,NO_CURRENT_100_PLAYER_FULL_NAME_MATCH,ability_or_update_title_marker,YTDLP_BOUNDED_PUBLIC_COMMENT_SAMPLE; replies/total comment count may be incomplete,"For exhaustive/reproducible comment coverage, provide YouTube Data API commentThreads/replies JSON or CSV with videoId, comment ID, parent ID, authorChannelId/displayName, publishedAt, text, likeCount, replyCount.",channel_id=UCWzEh28vj3mQKpe0fzVTOUw; channel_name=パワプロ・プロスピ公式チャンネル,107,NOT_PUBLICLY_RETURNED_BY_YTDLP,NOT_CONFIGURED_ENV; no YouTube Data API key was supplied
SP034-RUN2-VIDEO-JX44elNSzTc,,,Pro Yakyuu Spirits A,2026/most-recent official channel inventory,2020-11-26,YouTube,official_youtube_video_inventory,https://www.youtube.com/watch?v=JX44elNSzTc,JX44elNSzTc,JX44elNSzTc,youtube:JX44elNSzTc,,2020-11-26T03:01:32Z,,,,"[""UNCLASSIFIED_CONTEXT""]",CONTEXT,youtube:JX44elNSzTc,rating,,,OFFICIAL_YOUTUBE_CHANNEL,Prospi title match in latest-300 official channel inventory; comment_candidate=True.,INSUFFICIENT,Comments were retrieved and screened below; video-level inventory is not an independent speed-rating observation.,2026-08-13T11:12:40Z,yt-dlp direct official-channel collection; --ignore-config; --no-update; no --proxy argument,,【2020】プロスピA OB チャンピオンシップ /斉藤 和巳(ソフトバンク) VS G.G.佐藤(西武),2020-11-26T03:01:32Z,NO_CURRENT_100_PLAYER_FULL_NAME_MATCH,ability_or_update_title_marker,COMMENTS_BOUNDED_TO_YTDLP_MAX_300; full API pagination unavailable,"For exhaustive/reproducible comment coverage, provide YouTube Data API commentThreads/replies JSON or CSV with videoId, comment ID, parent ID, authorChannelId/displayName, publishedAt, text, likeCount, replyCount.",channel_id=UCWzEh28vj3mQKpe0fzVTOUw; channel_name=パワプロ・プロスピ公式チャンネル,95,NOT_PUBLICLY_RETURNED_BY_YTDLP,NOT_CONFIGURED_ENV; no YouTube Data API key was supplied
SP034-RUN2-VIDEO-vRaxzka929w,,,Pro Yakyuu Spirits A,2026/most-recent official channel inventory,2020-11-21,YouTube,official_youtube_video_inventory,https://www.youtube.com/watch?v=vRaxzka929w,vRaxzka929w,vRaxzka929w,youtube:vRaxzka929w,,2020-11-21T02:59:57Z,,,,"[""UNCLASSIFIED_CONTEXT""]",CONTEXT,youtube:vRaxzka929w,rating,,,OFFICIAL_YOUTUBE_CHANNEL,Prospi title match in latest-300 official channel inventory; comment_candidate=False.,INSUFFICIENT,Inventory record only; title/metadata alone is not a speed-rating claim.,2026-08-13T11:12:52Z,yt-dlp direct official-channel collection; --ignore-config; --no-update; no --proxy argument,,【金本VS新井】プロスピA対決第二試合！新井さんの神ゲッツーを見逃すな！ カネアラチャンネル#5 【プロスピA】,2020-11-21T02:59:57Z,NO_CURRENT_100_PLAYER_FULL_NAME_MATCH,current/player-event title without explicit ability marker,COMMENTS_NOT_ATTEMPTED_NOT_AN_ABILITY_OR_CURRENT_100_PLAYER_CANDIDATE,"For exhaustive/reproducible comment coverage, provide YouTube Data API commentThreads/replies JSON or CSV with videoId, comment ID, parent ID, authorChannelId/displayName, publishedAt, text, likeCount, replyCount.",channel_id=UCWzEh28vj3mQKpe0fzVTOUw; channel_name=パワプロ・プロスピ公式チャンネル,,NOT_PUBLICLY_RETURNED_BY_YTDLP,NOT_CONFIGURED_ENV; no YouTube Data API key was supplied
SP034-RUN2-VIDEO-F4z68l4Acd0,,,Pro Yakyuu Spirits A,2026/most-recent official channel inventory,2020-11-19,YouTube,official_youtube_video_inventory,https://www.youtube.com/watch?v=F4z68l4Acd0,F4z68l4Acd0,F4z68l4Acd0,youtube:F4z68l4Acd0,,2020-11-19T03:00:04Z,,,,"[""UNCLASSIFIED_CONTEXT""]",CONTEXT,youtube:F4z68l4Acd0,rating,,,OFFICIAL_YOUTUBE_CHANNEL,Prospi title match in latest-300 official channel inventory; comment_candidate=True.,INSUFFICIENT,Comments were retrieved and screened below; video-level inventory is not an independent speed-rating observation.,2026-08-13T11:12:55Z,yt-dlp direct official-channel collection; --ignore-config; --no-update; no --proxy argument,,【2020】プロスピA OB チャンピオンシップ /多村 仁志(DeNA) VS 梵 英心(広島),2020-11-19T03:00:04Z,NO_CURRENT_100_PLAYER_FULL_NAME_MATCH,ability_or_update_title_marker,COMMENTS_BOUNDED_TO_YTDLP_MAX_300; full API pagination unavailable,"For exhaustive/reproducible comment coverage, provide YouTube Data API commentThreads/replies JSON or CSV with videoId, comment ID, parent ID, authorChannelId/displayName, publishedAt, text, likeCount, replyCount.",channel_id=UCWzEh28vj3mQKpe0fzVTOUw; channel_name=パワプロ・プロスピ公式チャンネル,146,NOT_PUBLICLY_RETURNED_BY_YTDLP,NOT_CONFIGURED_ENV; no YouTube Data API key was supplied
SP034-RUN2-COMMENT-F4z68l4Acd0-Ugz6KC0b6xEiacdcQ3d4AaABAg,,,Pro Yakyuu Spirits A,2026/most-recent official channel inventory,2020-11-19,YouTube,official_youtube_comment,https://www.youtube.com/watch?v=F4z68l4Acd0&lc=Ugz6KC0b6xEiacdcQ3d4AaABAg,F4z68l4Acd0,Ugz6KC0b6xEiacdcQ3d4AaABAg,youtube:F4z68l4Acd0:root,@よっちゃん-n7x|UCCgnnuG-g_Pm3lUzWDWnYJA,2021-08-13T00:00:00Z,高速フェードでもないのにこんなにプロスピを楽しめるってどんだけこの人たち心純粋なんだよ笑,0,NOT_PUBLICLY_RETURNED_BY_YTDLP,"[""UNCLASSIFIED_CONTEXT""]",CONTEXT,youtube:F4z68l4Acd0,rating,,,OFFICIAL_YOUTUBE_PUBLIC_COMMENT,Retained because it contains a broad speed-related term; classification does not make it a physical-speed teacher.,INSUFFICIENT,Retained without inference: missing a safe current-100-player identity and/or explicit speed-rating direction.,2026-08-13T11:13:03Z,yt-dlp direct official-channel collection; --ignore-config; --no-update; no --proxy argument,,【2020】プロスピA OB チャンピオンシップ /多村 仁志(DeNA) VS 梵 英心(広島),2020-11-19T03:00:04Z,NO_CURRENT_100_PLAYER_FULL_NAME_MATCH,ability_or_update_title_marker,YTDLP_BOUNDED_PUBLIC_COMMENT_SAMPLE; replies/total comment count may be incomplete,"For exhaustive/reproducible comment coverage, provide YouTube Data API commentThreads/replies JSON or CSV with videoId, comment ID, parent ID, authorChannelId/displayName, publishedAt, text, likeCount, replyCount.",channel_id=UCWzEh28vj3mQKpe0fzVTOUw; channel_name=パワプロ・プロスピ公式チャンネル,146,NOT_PUBLICLY_RETURNED_BY_YTDLP,NOT_CONFIGURED_ENV; no YouTube Data API key was supplied
SP034-RUN2-VIDEO-K_5Tv30wn1o,,,Pro Yakyuu Spirits A,2026/most-recent official channel inventory,2020-10-29,YouTube,official_youtube_video_inventory,https://www.youtube.com/watch?v=K_5Tv30wn1o,K_5Tv30wn1o,K_5Tv30wn1o,youtube:K_5Tv30wn1o,,2020-10-29T08:00:02Z,,,,"[""UNCLASSIFIED_CONTEXT""]",CONTEXT,youtube:K_5Tv30wn1o,rating,,,OFFICIAL_YOUTUBE_CHANNEL,Prospi title match in latest-300 official channel inventory; comment_candidate=True.,INSUFFICIENT,Comments were retrieved and screened below; video-level inventory is not an independent speed-rating observation.,2026-08-13T11:13:08Z,yt-dlp direct official-channel collection; --ignore-config; --no-update; no --proxy argument,,金本×新井対談企画！2人の呼び名は？仲の良いOBは？ カネアラチャンネル#2【プロスピA】,2020-10-29T08:00:02Z,NO_CURRENT_100_PLAYER_FULL_NAME_MATCH,ability_or_update_title_marker,COMMENTS_BOUNDED_TO_YTDLP_MAX_300; full API pagination unavailable,"For exhaustive/reproducible comment coverage, provide YouTube Data API commentThreads/replies JSON or CSV with videoId, comment ID, parent ID, authorChannelId/displayName, publishedAt, text, likeCount, replyCount.",channel_id=UCWzEh28vj3mQKpe0fzVTOUw; channel_name=パワプロ・プロスピ公式チャンネル,259,NOT_PUBLICLY_RETURNED_BY_YTDLP,NOT_CONFIGURED_ENV; no YouTube Data API key was supplied
SP034-RUN2-COMMENT-K_5Tv30wn1o-UgwLcxJ35-IgZSPYddV4AaABAg.9FOQ9-aYD3y9Fip601ZVDt,,,Pro Yakyuu Spirits A,2026/most-recent official channel inventory,2020-10-29,YouTube,official_youtube_comment,https://www.youtube.com/watch?v=K_5Tv30wn1o&lc=UgwLcxJ35-IgZSPYddV4AaABAg.9FOQ9-aYD3y9Fip601ZVDt,K_5Tv30wn1o,UgwLcxJ35-IgZSPYddV4AaABAg.9FOQ9-aYD3y9Fip601ZVDt,youtube:K_5Tv30wn1o:UgwLcxJ35-IgZSPYddV4AaABAg,@likebaseball398|UCnNC_6yrizztukuQyuLBaGg,2021-08-13T00:00:00Z,"足腰 
恥ずかしいことないぞ、元気だして",9,NOT_PUBLICLY_RETURNED_BY_YTDLP,"[""UNCLASSIFIED_CONTEXT""]",CONTEXT,youtube:K_5Tv30wn1o,rating,,,OFFICIAL_YOUTUBE_PUBLIC_COMMENT,Retained because it contains a broad speed-related term; classification does not make it a physical-speed teacher.,INSUFFICIENT,Retained without inference: missing a safe current-100-player identity and/or explicit speed-rating direction.,2026-08-13T11:13:18Z,yt-dlp direct official-channel collection; --ignore-config; --no-update; no --proxy argument,,金本×新井対談企画！2人の呼び名は？仲の良いOBは？ カネアラチャンネル#2【プロスピA】,2020-10-29T08:00:02Z,NO_CURRENT_100_PLAYER_FULL_NAME_MATCH,ability_or_update_title_marker,YTDLP_BOUNDED_PUBLIC_COMMENT_SAMPLE; replies/total comment count may be incomplete,"For exhaustive/reproducible comment coverage, provide YouTube Data API commentThreads/replies JSON or CSV with videoId, comment ID, parent ID, authorChannelId/displayName, publishedAt, text, likeCount, replyCount.",channel_id=UCWzEh28vj3mQKpe0fzVTOUw; channel_name=パワプロ・プロスピ公式チャンネル,259,NOT_PUBLICLY_RETURNED_BY_YTDLP,NOT_CONFIGURED_ENV; no YouTube Data API key was supplied
SP034-RUN2-COMMENT-K_5Tv30wn1o-Ugxzy9zJpS6NUSXJaKt4AaABAg.9FP_GUJ1f8X9FWFyZDVOKT,,,Pro Yakyuu Spirits A,2026/most-recent official channel inventory,2020-10-29,YouTube,official_youtube_comment,https://www.youtube.com/watch?v=K_5Tv30wn1o&lc=Ugxzy9zJpS6NUSXJaKt4AaABAg.9FP_GUJ1f8X9FWFyZDVOKT,K_5Tv30wn1o,Ugxzy9zJpS6NUSXJaKt4AaABAg.9FP_GUJ1f8X9FWFyZDVOKT,youtube:K_5Tv30wn1o:Ugxzy9zJpS6NUSXJaKt4AaABAg,@秀真-k8n|UC-wdMljgRSMkxbvy43t9BgA,2021-08-13T00:00:00Z,金本さん、もう一度タイガースの監督に戻って来て欲しいです👍コーチは、新井打撃コーチ、福留打撃コーチで、お願いしますそして内野守備、走塁コーチは、鳥谷さんで、外野、守備走塁兼、トレーニングコーチは、糸井さんで、投手コーチは、球児さん、能見さんで、バッテリーコーチは、狩野さんで、走塁コーチは、赤星さんじゃないですかねぇ〜😂,10,NOT_PUBLICLY_RETURNED_BY_YTDLP,"[""UNCLASSIFIED_CONTEXT""]",CONTEXT,youtube:K_5Tv30wn1o,rating,,,OFFICIAL_YOUTUBE_PUBLIC_COMMENT,Retained because it contains a broad speed-related term; classification does not make it a physical-speed teacher.,INSUFFICIENT,Retained without inference: missing a safe current-100-player identity and/or explicit speed-rating direction.,2026-08-13T11:13:18Z,yt-dlp direct official-channel collection; --ignore-config; --no-update; no --proxy argument,,金本×新井対談企画！2人の呼び名は？仲の良いOBは？ カネアラチャンネル#2【プロスピA】,2020-10-29T08:00:02Z,NO_CURRENT_100_PLAYER_FULL_NAME_MATCH,ability_or_update_title_marker,YTDLP_BOUNDED_PUBLIC_COMMENT_SAMPLE; replies/total comment count may be incomplete,"For exhaustive/reproducible comment coverage, provide YouTube Data API commentThreads/replies JSON or CSV with videoId, comment ID, parent ID, authorChannelId/displayName, publishedAt, text, likeCount, replyCount.",channel_id=UCWzEh28vj3mQKpe0fzVTOUw; channel_name=パワプロ・プロスピ公式チャンネル,259,NOT_PUBLICLY_RETURNED_BY_YTDLP,NOT_CONFIGURED_ENV; no YouTube Data API key was supplied
SP034-RUN2-VIDEO-2wfl-BFzkjo,,,Pro Yakyuu Spirits A,2026/most-recent official channel inventory,2020-10-18,YouTube,official_youtube_video_inventory,https://www.youtube.com/watch?v=2wfl-BFzkjo,2wfl-BFzkjo,2wfl-BFzkjo,youtube:2wfl-BFzkjo,,2020-10-18T11:01:34Z,,,,"[""UNCLASSIFIED_CONTEXT""]",CONTEXT,youtube:2wfl-BFzkjo,rating,,,OFFICIAL_YOUTUBE_CHANNEL,Prospi title match in latest-300 official channel inventory; comment_candidate=False.,INSUFFICIENT,Inventory record only; title/metadata alone is not a speed-rating claim.,2026-08-13T11:13:21Z,yt-dlp direct official-channel collection; --ignore-config; --no-update; no --proxy argument,,新井貴浩、初めてのスマホ。Twitterもはじめました！ カネアラチャンネル#1 【プロスピA】,2020-10-18T11:01:34Z,NO_CURRENT_100_PLAYER_FULL_NAME_MATCH,current/player-event title without explicit ability marker,COMMENTS_NOT_ATTEMPTED_NOT_AN_ABILITY_OR_CURRENT_100_PLAYER_CANDIDATE,"For exhaustive/reproducible comment coverage, provide YouTube Data API commentThreads/replies JSON or CSV with videoId, comment ID, parent ID, authorChannelId/displayName, publishedAt, text, likeCount, replyCount.",channel_id=UCWzEh28vj3mQKpe0fzVTOUw; channel_name=パワプロ・プロスピ公式チャンネル,,NOT_PUBLICLY_RETURNED_BY_YTDLP,NOT_CONFIGURED_ENV; no YouTube Data API key was supplied
