canonical_player_id,player,player_name,identity_confidence,first_rating_date,last_rating_date,first_speed,last_speed,max_speed,min_speed,total_change,num_observations,num_dated_observations,num_changes,num_major_changes,longest_unchanged_days
proeye:43545157,Ａ．アキーノ,Ａ．アキーノ,high,2023-03-30,2023-11-30,77,77,77,77,0,5,5,0,0,245
proeye:91695137,Ａ．アブレイユ,Ａ．アブレイユ,high,,,58,58,58,58,0,3,0,0,0,0
proeye:83585155,Ａ．アルカンタラ,Ａ．アルカンタラ,high,2022-04-21,2023-11-30,71,71,71,71,0,10,10,0,0,588
proeye:03705155,Ａ．ウォーカー,Ａ．ウォーカー,high,2022-04-21,2024-11-26,74,67,74,67,-7,15,15,1,1,819
proeye:33335151,Ａ．エスコバー,Ａ．エスコバー,high,2020-07-09,2020-12-17,60,60,60,60,0,4,4,0,0,161
proeye:33035153,Ａ．エチェバリア,Ａ．エチェバリア,high,2021-04-08,2022-11-24,61,61,61,61,0,10,10,0,0,595
proeye:31835139,Ａ．エルナンデス,Ａ．エルナンデス,high,2016-04-28,2016-12-15,57,57,57,57,0,8,5,0,0,231
proeye:83585159,Ａ．ガルシア,Ａ．ガルシア,high,2024-09-26,2024-11-26,72,72,72,72,0,3,3,0,0,61
proeye:43545134,Ａ．ゲレーロ,Ａ．ゲレーロ,high,2017-04-27,2019-10-25,48,48,48,48,0,14,14,0,0,911
proeye:61865139,Ａ．ゴメス,Ａ．ゴメス,high,,,52,52,52,52,0,3,0,0,0,0
proeye:73575151,Ａ．ジョーンズ,Ａ．ジョーンズ,high,2020-07-09,2021-12-23,64,24,64,24,-40,9,9,4,4,175
proeye:81685137,Ａ．ジョーンズ,Ａ．ジョーンズ,high,,,36,39,39,36,3,5,0,0,0,0
proeye:53755134,Ａ．シリアコ,Ａ．シリアコ,high,2017-04-27,2017-11-21,51,51,51,51,0,4,4,0,0,208
proeye:63765159,Ａ．スティーブンソン,Ａ．スティーブンソン,high,2024-07-18,2024-11-26,88,88,88,88,0,5,5,0,0,131
proeye:33935159,Ａ．ディカーソン,Ａ．ディカーソン,high,2024-07-18,2024-11-26,48,48,48,48,0,5,5,0,0,131
proeye:03505139,Ａ．デスパイネ,Ａ．デスパイネ,high,2016-04-28,2023-11-30,51,46,55,46,-5,38,35,6,0,1581
proeye:73375116,Ａ．バルディリス,Ａ．バルディリス,high,,,54,54,54,54,0,5,0,0,0,0
proeye:73275157,Ａ．ハンソン,Ａ．ハンソン,high,2023-07-20,2023-11-30,77,77,77,77,0,3,3,0,0,133
proeye:73975136,Ａ．マルティネス,Ａ．マルティネス,medium,2020-10-08,2026-06-30,43,43,43,43,0,33,33,0,0,2091
proeye:43945132,Ａ．メヒア,Ａ．メヒア,high,2017-09-14,2021-12-23,55,55,55,55,0,21,21,0,0,1561
proeye:63165113,Ａ．ラミレス,Ａ．ラミレス,high,,,39,37,39,37,-2,2,0,0,0,0
proeye:13915151,Ａ．ロドリゲス,Ａ．ロドリゲス,high,2020-07-09,2022-11-24,45,36,45,36,-9,6,6,1,1,777
proeye:13515135,Ｂ．エルドレッド,Ｂ．エルドレッド,high,2016-04-28,2018-11-01,48,23,48,23,-25,19,14,1,1,854
proeye:43745155,Ｂ．オグレディ,Ｂ．オグレディ,high,2022-04-21,2022-11-24,67,67,67,67,0,5,5,0,0,217
proeye:91895139,Ｂ．カニザレス,Ｂ．カニザレス,high,2016-04-28,2016-12-15,43,43,43,43,0,8,5,0,0,231
proeye:41645137,Ｂ．コンラッド,Ｂ．コンラッド,high,,,40,40,40,40,0,2,0,0,0,0
proeye:63765153,Ｂ．ディクソン,Ｂ．ディクソン,high,2021-04-08,2021-12-23,64,64,64,64,0,5,5,0,0,259
proeye:73075155,Ｂ．バレラ,Ｂ．バレラ,high,2022-04-21,2022-11-24,62,62,62,62,0,5,5,0,0,217
proeye:43745132,Ｂ．ボグセビック,Ｂ．ボグセビック,high,2016-04-28,2016-12-15,73,85,85,73,12,5,5,1,1,231
proeye:13915132,Ｂ．モレル,Ｂ．モレル,high,2016-04-28,2017-11-21,63,63,63,63,0,9,9,0,0,572
proeye:81885137,Ｂ．ラヘア,Ｂ．ラヘア,high,,,42,42,42,42,0,2,0,0,0,0
proeye:23525130,Ｂ．レアード,Ｂ．レアード,high,2016-04-28,2022-11-24,42,37,42,37,-5,32,32,1,0,1624
proeye:13115135,Ｃ．カーター,Ｃ．カーター,high,,,45,45,45,45,0,2,0,0,0,0
proeye:33935155,Ｃ．ギッテンス,Ｃ．ギッテンス,medium,2022-04-21,2023-11-30,29,29,29,29,0,10,10,0,0,588
proeye:23525151,Ｃ．スパンジェンバーグ,Ｃ．スパンジェンバーグ,high,2020-07-09,2021-12-23,78,84,84,78,6,9,9,1,1,392
proeye:53955159,Ｃ．トーマス,Ｃ．トーマス,high,2024-07-18,2024-11-26,74,74,74,74,0,5,5,0,0,131
proeye:33135139,Ｃ．ハフマン,Ｃ．ハフマン,high,,,50,50,50,50,0,3,0,0,0,0
proeye:93395138,Ｃ．ビヤヌエバ,Ｃ．ビヤヌエバ,high,2019-04-23,2020-12-17,51,51,51,51,0,9,9,0,0,604
proeye:53155116,Ｃ．ブラゼル,Ｃ．ブラゼル,high,,,38,38,38,38,0,5,0,0,0,0
proeye:83085132,Ｃ．ペゲーロ,Ｃ．ペゲーロ,high,2016-09-08,2018-11-01,52,52,52,52,0,11,11,0,0,784
proeye:33035157,Ｃ．ホーキンス,Ｃ．ホーキンス,high,2023-03-30,2023-11-30,36,36,36,36,0,5,5,0,0,245
proeye:21825137,Ｃ．マギー,Ｃ．マギー,high,2017-04-27,2018-11-01,29,35,35,29,6,11,9,1,1,345
proeye:33035134,Ｃ．マレーロ,Ｃ．マレーロ,high,2017-09-14,2019-10-25,43,42,43,42,-1,12,12,1,0,703
proeye:23225159,Ｃ．モンテス,Ｃ．モンテス,high,2024-09-26,2024-11-26,71,71,71,71,0,3,3,0,0,61
proeye:03005134,Ｃ．リベロ,Ｃ．リベロ,high,2017-09-14,2017-11-21,60,60,60,60,0,2,2,0,0,68
proeye:03005159,Ｃ．ロドリゲス,Ｃ．ロドリゲス,medium,2024-07-18,2026-06-30,72,72,72,72,0,15,15,0,0,712
proeye:73075153,Ｄ．アルバレス,Ｄ．アルバレス,high,2021-10-28,2021-12-23,48,48,48,48,0,2,2,0,0,56
proeye:23525134,Ｄ．グリーン,Ｄ．グリーン,high,2017-04-27,2017-11-21,31,27,31,27,-4,4,4,1,0,77
proeye:53755153,Ｄ．サンタナ,Ｄ．サンタナ,medium,2021-04-08,2026-06-30,47,47,47,47,0,30,30,0,0,1909
proeye:13715132,Ｄ．ビシエド,Ｄ．ビシエド,medium,2016-04-28,2026-06-30,42,42,54,42,0,49,49,4,2,2217
proeye:53055157,Ｄ．マキノン,Ｄ．マキノン,high,2023-03-30,2023-11-30,50,56,56,50,6,5,5,1,1,133
proeye:13315151,Ｅ．ウレーニャ,Ｅ．ウレーニャ,high,2020-11-26,2024-11-26,51,51,51,51,0,11,11,0,0,1461
proeye:43945150,Ｅ．オリバレス,Ｅ．オリバレス,high,2025-04-23,2025-12-24,77,77,77,77,0,6,6,0,0,245
proeye:73575134,Ｅ．キャンベル,Ｅ．キャンベル,high,2017-04-27,2017-11-21,54,54,54,54,0,4,4,0,0,208
proeye:83785153,Ｅ．テームズ,Ｅ．テームズ,high,2021-04-08,2021-07-28,46,36,46,36,-10,3,3,1,1,42
proeye:93995136,Ｅ．ナバーロ,Ｅ．ナバーロ,high,2018-09-13,2019-10-25,47,42,47,42,-5,7,7,1,0,358
proeye:33235159,Ｅ．ヘルナンデス,Ｅ．ヘルナンデス,high,2024-07-18,2025-12-24,79,79,79,79,0,11,11,0,0,524
proeye:03105135,Ｅ．ヘルマン,Ｅ．ヘルマン,high,,,85,87,87,85,2,5,0,0,0,0
proeye:83385139,Ｅ．メヒア,Ｅ．メヒア,high,2016-04-28,2021-07-28,42,42,51,42,0,29,26,0,0,1917
proeye:53955150,Ｅ．モンテロ,Ｅ．モンテロ,medium,2025-03-27,2026-06-30,49,49,49,49,0,10,10,0,0,460
proeye:83785155,Ｆ．ガルビス,Ｆ．ガルビス,high,2022-04-21,2023-11-30,52,52,52,52,0,10,10,0,0,588
proeye:53755159,Ｆ．コルデロ,Ｆ．コルデロ,high,2024-07-18,2024-11-26,63,53,63,53,-10,5,5,1,1,61
proeye:83785157,Ｆ．シュウィンデル,Ｆ．シュウィンデル,high,2023-03-30,2023-11-30,47,43,47,43,-4,5,5,1,0,133
proeye:43345139,Ｆ．セペダ,Ｆ．セペダ,high,,,53,53,53,53,0,3,0,0,0,0
proeye:63065132,Ｆ．ペレス,Ｆ．ペレス,high,2016-09-08,2016-12-15,50,50,50,50,0,2,2,0,0,98
proeye:33135137,Ｆ．ルイス,Ｆ．ルイス,high,,,78,78,78,78,0,2,0,0,0,0
proeye:73075159,Ｆ．レイエス,Ｆ．レイエス,medium,2024-07-18,2026-06-30,54,48,54,48,-6,15,15,1,1,434
unresolved:2013:20131108:M:60:GG佐藤,G．G．佐藤,G．G．佐藤,unresolved,,,48,48,48,48,0,1,0,0,0,0
unresolved:2013:default:M:60:GG佐藤,G．G．佐藤,G．G．佐藤,unresolved,,,48,48,48,48,0,1,0,0,0,0
unresolved:2014:1_01:M:59:GG佐藤,G．G．佐藤,G．G．佐藤,unresolved,,,48,48,48,48,0,1,0,0,0,0
unresolved:2014:1_02:M:59:GG佐藤,G．G．佐藤,G．G．佐藤,unresolved,,,48,48,48,48,0,1,0,0,0,0
unresolved:2014:default:M:59:GG佐藤,G．G．佐藤,G．G．佐藤,unresolved,,,48,48,48,48,0,1,0,0,0,0
proeye:63765155,Ｇ．ガルシア,Ｇ．ガルシア,high,2022-09-29,2022-11-24,48,48,48,48,0,2,2,0,0,56
proeye:53755151,Ｇ．パーラ,Ｇ．パーラ,high,2020-07-09,2020-12-17,53,53,53,53,0,4,4,0,0,161
proeye:63065155,Ｇ．ポランコ,Ｇ．ポランコ,medium,2022-04-21,2026-06-30,67,63,67,63,-4,25,25,1,0,1076
proeye:11915117,Ｇ後藤武敏,Ｇ後藤武敏,medium,2016-04-28,2018-11-01,31,31,31,31,0,19,14,0,0,917
proeye:53155137,Ｈ．ルナ,Ｈ．ルナ,high,2016-04-28,2016-12-15,63,63,63,54,0,10,5,0,0,231
proeye:13515138,Ｉ．モタ,Ｉ．モタ,high,2020-07-09,2020-12-17,72,72,72,72,0,4,4,0,0,161
proeye:33035132,Ｊ．Ａ．ガルシア,Ｊ．Ａ．ガルシア,medium,2016-06-30,2016-12-15,70,70,70,70,0,3,3,0,0,168
proeye:23025150,Ｊ．Ｄ．デービス,Ｊ．Ｄ．デービス,medium,2025-09-25,2025-12-24,37,37,37,37,0,3,3,0,0,90
proeye:53555159,Ｊ．アギラー,Ｊ．アギラー,high,2024-07-18,2024-11-26,29,27,29,27,-2,5,5,1,0,61
proeye:23325132,Ｊ．アマダー,Ｊ．アマダー,high,2016-04-28,2018-11-01,18,18,18,18,0,14,14,0,0,917
proeye:23525153,Ｊ．オスナ,Ｊ．オスナ,medium,2021-04-08,2026-06-30,41,41,41,41,0,30,30,0,0,1909
proeye:03905132,Ｊ．ゴームズ,Ｊ．ゴームズ,high,2016-04-28,2016-12-15,39,39,39,39,0,3,3,0,0,231
proeye:63365151,Ｊ．サンズ,Ｊ．サンズ,high,2020-07-09,2021-12-23,38,36,41,36,-2,9,9,2,0,336
proeye:83585138,Ｊ．サンタナ,Ｊ．サンタナ,high,2019-09-19,2019-10-25,43,43,43,43,0,2,2,0,0,36
proeye:23725159,Ｊ．シャイナー,Ｊ．シャイナー,high,2024-07-18,2024-11-26,59,59,59,59,0,5,5,0,0,131
proeye:23725153,Ｊ．スモーク,Ｊ．スモーク,high,2021-04-08,2021-07-28,35,35,35,35,0,3,3,0,0,111
proeye:43245159,Ｊ．ダウンズ,Ｊ．ダウンズ,medium,2024-09-26,2026-06-30,83,83,83,83,0,13,13,0,0,642
proeye:83585150,Ｊ．ディアス,Ｊ．ディアス,high,2025-03-27,2025-12-24,47,47,47,47,0,7,7,0,0,272
proeye:53555139,Ｊ．バトラー,Ｊ．バトラー,high,,,59,59,59,59,0,3,0,0,0,0
proeye:23725134,Ｊ．パラデス,Ｊ．パラデス,high,2017-04-27,2017-11-21,62,62,62,62,0,4,4,0,0,208
proeye:23725151,Ｊ．ピレラ,Ｊ．ピレラ,high,2020-07-09,2020-12-17,62,62,62,62,0,4,4,0,0,161
proeye:03305117,Ｊ．フェルナンデス,Ｊ．フェルナンデス,high,,,48,48,48,48,0,2,0,0,0,0
proeye:23325138,Ｊ．ブラッシュ,Ｊ．ブラッシュ,high,2019-04-23,2020-12-17,58,58,58,58,0,9,9,0,0,604
proeye:43145135,Ｊ．ボウカー,Ｊ．ボウカー,high,,,53,53,53,53,0,5,0,0,0,0
proeye:63765151,Ｊ．ボーア,Ｊ．ボーア,high,2020-07-09,2020-12-17,29,29,29,29,0,4,4,0,0,161
proeye:83785150,Ｊ．ボスラー,Ｊ．ボスラー,medium,2025-03-27,2026-06-30,55,55,55,55,0,10,10,0,0,460
proeye:73375131,Ｊ．ホワイトセル,Ｊ．ホワイトセル,high,,,38,38,38,38,0,2,0,0,0,0
proeye:03205155,Ｊ．マッカーシー,Ｊ．マッカーシー,high,2022-07-21,2022-11-24,58,58,58,58,0,3,3,0,0,126
proeye:63365138,Ｊ．マルテ,Ｊ．マルテ,high,2019-04-23,2022-11-24,52,23,52,23,-29,19,19,6,5,642
proeye:53255155,Ｊ．マルモレホス,Ｊ．マルモレホス,high,2022-04-21,2022-11-24,41,41,41,41,0,5,5,0,0,217
proeye:73075157,Ｊ．ミエセス,Ｊ．ミエセス,high,2023-03-30,2024-11-26,49,49,49,49,0,10,10,0,0,607
proeye:03105139,Ｊ．ミランダ,Ｊ．ミランダ,high,,,32,38,38,32,6,3,0,0,0,0
proeye:83385138,Ｊ．メネセス,Ｊ．メネセス,high,2019-04-23,2019-08-02,46,46,46,46,0,3,3,0,0,101
proeye:23025134,Ｊ．ロジャース,Ｊ．ロジャース,high,2017-09-14,2017-11-21,38,38,38,38,0,2,2,0,0,68
proeye:93195137,Ｊ．ロペス,Ｊ．ロペス,high,2016-04-28,2020-12-17,42,49,49,42,7,28,23,1,1,1122
proeye:73975132,Ｊ．ロマック,Ｊ．ロマック,high,2016-04-28,2016-12-15,59,59,59,59,0,5,5,0,0,231
proeye:83585153,Ｋ．クロン,Ｋ．クロン,high,2021-04-08,2021-12-23,38,38,38,38,0,5,5,0,0,259
proeye:83585134,Ｋ．ジェンセン,Ｋ．ジェンセン,high,2017-04-27,2017-11-21,41,41,41,41,0,4,4,0,0,208
proeye:53355138,Ｋ．バルガス,Ｋ．バルガス,high,2019-04-23,2019-10-25,40,34,40,34,-6,5,5,1,1,84
proeye:83185139,Ｋ．ユーキリス,Ｋ．ユーキリス,high,,,55,55,55,55,0,3,0,0,0,0
proeye:11815139,Ｌ．アンダーソン,Ｌ．アンダーソン,high,2016-04-28,2016-12-15,51,51,51,51,0,8,5,0,0,231
proeye:01805139,Ｌ．クルーズ,Ｌ．クルーズ,high,2016-04-28,2017-11-21,56,56,56,56,0,12,9,0,0,572
proeye:13915157,Ｌ．セデーニョ,Ｌ．セデーニョ,high,2023-07-20,2025-12-24,32,32,32,32,0,15,15,0,0,888
proeye:83985157,Ｌ．ブリンソン,Ｌ．ブリンソン,high,2023-03-30,2023-11-30,84,84,84,84,0,5,5,0,0,245
proeye:03005150,Ｌ．ボイト,Ｌ．ボイト,medium,2025-09-25,2026-06-30,38,38,38,38,0,6,6,0,0,278
proeye:23725138,Ｌ．マーティン,Ｌ．マーティン,high,2019-09-19,2022-11-24,65,65,65,65,0,16,16,0,0,1162
proeye:13315135,Ｌ．ミレッジ,Ｌ．ミレッジ,high,,,73,73,73,73,0,5,0,0,0,0
proeye:63965153,Ｌ．ワカマツ,Ｌ．ワカマツ,high,2022-09-29,2022-11-24,69,69,69,69,0,2,2,0,0,56
proeye:03105137,Ｍ．アブレイユ,Ｍ．アブレイユ,high,,,36,36,36,36,0,5,0,0,0,0
proeye:43545153,Ｍ．ガーバー,Ｍ．ガーバー,high,2021-04-08,2021-12-23,77,67,77,67,-10,5,5,1,1,203
proeye:21625137,Ｍ．クラーク,Ｍ．クラーク,high,2016-06-30,2016-12-15,23,23,41,23,0,5,3,0,0,168
proeye:41845139,Ｍ．ゴメス,Ｍ．ゴメス,high,2016-04-28,2016-12-15,39,39,39,39,0,8,5,0,0,231
proeye:83085157,Ｍ．ゴンザレス,Ｍ．ゴンザレス,high,2023-05-25,2024-11-26,56,56,56,56,0,9,9,0,0,551
proeye:33535151,Ｍ．シエラ,Ｍ．シエラ,high,2020-10-08,2020-12-17,59,59,59,59,0,3,3,0,0,70
proeye:73775134,Ｍ．ダフィー,Ｍ．ダフィー,high,2017-04-27,2017-11-21,46,39,46,39,-7,4,4,2,0,63
proeye:63065150,Ｍ．チェイビス,Ｍ．チェイビス,high,2025-09-25,2025-12-24,72,70,72,70,-2,3,3,1,0,34
proeye:53955157,Ｍ．デビッドソン,Ｍ．デビッドソン,high,2023-03-30,2023-11-30,35,35,35,35,0,5,5,0,0,245
proeye:43545136,Ｍ．ドミンゲス,Ｍ．ドミンゲス,high,2018-04-26,2018-11-01,42,42,42,42,0,5,5,0,0,189
proeye:03205159,Ｍ．フォード,Ｍ．フォード,high,2024-09-26,2025-12-24,32,32,32,32,0,6,6,0,0,454
proeye:63965157,Ｍ．フランコ,Ｍ．フランコ,high,2023-03-30,2025-12-24,45,41,45,41,-4,17,17,1,0,755
proeye:83285159,Ｍ．フルプ,Ｍ．フルプ,high,2025-09-25,2025-12-24,64,64,64,64,0,3,3,0,0,90
proeye:13415157,Ｍ．ブロッソー,Ｍ．ブロッソー,high,2023-09-28,2023-11-30,72,72,72,72,0,2,2,0,0,63
proeye:73775132,Ｍ．ヘイグ,Ｍ．ヘイグ,high,2016-04-28,2016-12-15,40,47,47,40,7,5,5,1,1,168
proeye:13015157,Ｍ．ペイトン,Ｍ．ペイトン,high,2023-03-30,2023-11-30,71,71,71,71,0,5,5,0,0,245
proeye:63365133,Ｍ．ホフパワー,Ｍ．ホフパワー,high,,,40,40,40,40,0,2,0,0,0,0
proeye:53155131,Ｍ．マートン,Ｍ．マートン,high,,,53,53,53,53,0,5,0,0,0,0
proeye:93095159,Ｍ．レイノルズ,Ｍ．レイノルズ,high,2024-07-18,2024-07-18,61,61,61,61,0,2,2,0,0,0
proeye:43545139,Ｎ．エバンス,Ｎ．エバンス,high,,,58,58,58,58,0,3,0,0,0,0
proeye:03505136,Ｎ．ソト,Ｎ．ソト,medium,2018-04-26,2026-06-30,42,40,42,40,-2,44,44,1,0,2275
proeye:93795130,Ｎ．ペレス,Ｎ．ペレス,medium,2016-04-28,2016-12-15,60,60,60,60,0,5,5,0,0,231
proeye:61865137,Ｎ．モーガン,Ｎ．モーガン,high,,,80,80,80,80,0,2,0,0,0,0
proeye:03305136,Ｏ．アルシア,Ｏ．アルシア,high,2018-04-26,2018-11-01,53,48,53,48,-5,5,5,1,0,112
proeye:93795157,Ｏ．カリステ,Ｏ．カリステ,medium,2023-03-30,2026-06-30,87,82,87,82,-5,20,20,1,0,943
proeye:83985134,Ｏ．コラス,Ｏ．コラス,high,2019-09-19,2019-10-25,53,53,53,53,0,2,2,0,0,36
proeye:93095150,Ｏ．ゴンザレス,Ｏ．ゴンザレス,medium,2025-06-02,2026-06-30,74,74,74,74,0,8,8,0,0,393
proeye:23525136,Ｏ．ディクソン,Ｏ．ディクソン,high,2018-04-26,2018-11-01,52,52,52,52,0,5,5,0,0,189
proeye:63265155,Ｐ．キブレハン,Ｐ．キブレハン,high,2022-07-21,2022-11-24,51,51,51,51,0,3,3,0,0,126
proeye:33435155,Ｐ．レビーラ,Ｐ．レビーラ,high,2022-09-29,2022-11-24,53,43,53,43,-10,2,2,1,1,0
proeye:63565153,Ｒ．カスティーヨ,Ｒ．カスティーヨ,high,2021-04-08,2021-12-23,77,77,77,77,0,5,5,0,0,259
proeye:13015134,Ｒ．サントス,Ｒ．サントス,high,2017-07-13,2017-11-21,88,88,88,88,0,3,3,0,0,131
proeye:11815137,Ｒ．スピリー,Ｒ．スピリー,high,,,58,58,58,58,0,2,0,0,0,0
proeye:23325130,Ｒ．ナニータ,Ｒ．ナニータ,high,2016-04-28,2016-12-15,57,48,57,48,-9,5,5,1,1,168
proeye:53055155,Ｒ．ヌニエス,Ｒ．ヌニエス,high,2022-04-21,2022-11-24,41,41,41,41,0,5,5,0,0,217
proeye:03905134,Ｒ．ペーニャ,Ｒ．ペーニャ,high,2017-04-27,2017-11-21,57,57,57,57,0,4,4,0,0,208
proeye:63765150,Ｒ．ヘルナンデス,Ｒ．ヘルナンデス,high,2025-03-27,2025-12-24,48,48,48,48,0,7,7,0,0,272
proeye:13215155,Ｒ．マクブルーム,Ｒ．マクブルーム,high,2022-04-21,2023-11-30,42,42,42,42,0,10,10,0,0,588
proeye:93095153,Ｒ．ラベロ,Ｒ．ラベロ,high,2021-10-28,2022-11-24,44,44,44,44,0,7,7,0,0,392
proeye:53355139,Ｒ．ロサリオ,Ｒ．ロサリオ,high,,,73,73,73,73,0,3,0,0,0,0
proeye:03905153,Ｒ．ロドリゲス,Ｒ．ロドリゲス,high,2021-04-08,2021-12-23,58,53,58,53,-5,5,5,1,0,111
proeye:23925150,Ｓ．アセベド,Ｓ．アセベド,high,2025-09-25,2025-12-24,72,72,72,72,0,3,3,0,0,90
proeye:73975157,Ｓ．ノイジー,Ｓ．ノイジー,high,2023-03-30,2024-11-26,59,59,59,59,0,10,10,0,0,607
proeye:23025153,Ｓ．ハイネマン,Ｓ．ハイネマン,high,2021-10-28,2021-12-23,68,68,68,68,0,2,2,0,0,56
proeye:43745150,Ｓ．ファビアン,Ｓ．ファビアン,medium,2025-03-27,2026-06-30,61,61,61,61,0,10,10,0,0,460
proeye:53755136,Ｓ．モヤ,Ｓ．モヤ,high,2018-04-26,2021-12-23,60,55,60,55,-5,19,19,1,0,1148
proeye:73975134,Ｓ．ロメロ,Ｓ．ロメロ,high,2017-04-27,2021-07-28,57,61,64,57,4,21,21,2,1,726
proeye:61365112,Ｔ－岡田,Ｔ－岡田,medium,2016-04-28,2024-11-26,52,47,52,47,-5,48,43,1,0,2709
proeye:83585157,Ｔ．アンバギー,Ｔ．アンバギー,high,2023-03-30,2023-11-30,71,71,71,71,0,5,5,0,0,245
proeye:73375151,Ｔ．オースティン,Ｔ．オースティン,high,2020-07-09,2025-12-24,50,50,50,50,0,31,31,0,0,1994
proeye:73575150,Ｔ．キャベッジ,Ｔ．キャベッジ,medium,2025-03-27,2026-06-30,74,74,74,74,0,10,10,0,0,460
proeye:53755150,Ｔ．ネビン,Ｔ．ネビン,medium,2025-03-27,2026-06-30,50,38,50,38,-12,10,10,2,1,222
proeye:23125118,Ｔ．ブランコ,Ｔ．ブランコ,high,2016-04-28,2016-12-15,42,28,42,28,-14,10,5,2,1,168
proeye:73175137,Ｖ．ロッティーノ,Ｖ．ロッティーノ,high,,,59,56,59,56,-3,2,0,0,0,0
proeye:63565157,Ｗ．アストゥディーヨ,Ｗ．アストゥディーヨ,high,2023-03-30,2023-11-30,35,35,35,35,0,5,5,0,0,245
proeye:13315133,Ｗ．バレンティン,Ｗ．バレンティン,high,2016-04-28,2021-12-23,56,36,56,36,-20,33,28,3,1,1106
proeye:93195135,Ｗ．ペーニャ,Ｗ．ペーニャ,high,2017-09-14,2017-11-21,48,48,53,38,0,7,2,0,0,68
proeye:23725136,Ｗ．ロサリオ,Ｗ．ロサリオ,high,2018-04-26,2018-11-01,54,49,54,49,-5,5,5,1,0,77
proeye:23925132,Ｘ．バティスタ,Ｘ．バティスタ,high,2017-09-14,2019-10-25,53,53,53,53,0,12,12,0,0,771
proeye:83785136,Ｙ．グラシアル,Ｙ．グラシアル,high,2018-04-26,2022-11-24,60,60,60,60,0,23,23,0,0,1673
proeye:13515139,Ｙ．グリエル,Ｙ．グリエル,high,,,75,75,75,75,0,3,0,0,0,0
proeye:03705138,Ｙ．ソラーテ,Ｙ．ソラーテ,high,2019-09-19,2019-09-19,39,39,39,39,0,1,1,0,0,0
proeye:93095134,Ｙ．ドレイク,Ｙ．ドレイク,high,2017-09-14,2017-11-21,58,58,58,58,0,2,2,0,0,68
proeye:23525132,Ｙ．ナバーロ,Ｙ．ナバーロ,high,2016-04-28,2016-12-15,61,63,63,61,2,5,5,1,0,168
unresolved:2026:1_10:E:40:YG安田,ＹＧ安田,ＹＧ安田,unresolved,2026-06-11,2026-06-11,49,49,49,49,0,1,1,0,0,0
unresolved:2026:1_11:E:40:YG安田,ＹＧ安田,ＹＧ安田,unresolved,2026-06-30,2026-06-30,49,49,49,49,0,1,1,0,0,0
unresolved:2026:default:E:41:YG安田,ＹＧ安田,ＹＧ安田,unresolved,2026-06-11,2026-06-11,49,49,49,49,0,1,1,0,0,0
proeye:43345136,Ｚ．アルモンテ,Ｚ．アルモンテ,high,2018-04-26,2023-11-30,58,52,62,52,-6,19,19,3,1,1364
proeye:03105130,Ｚ．ウィーラー,Ｚ．ウィーラー,medium,2016-04-28,2022-11-24,52,54,54,46,2,33,33,2,2,1897
proeye:73575139,Ｚ．ラッツ,Ｚ．ラッツ,high,,,47,47,47,47,0,3,0,0,0,0
unresolved:2016:1_03:G:61:アブレイユ,アブレイユ,アブレイユ,unresolved,2016-06-30,2016-06-30,58,58,58,58,0,1,1,0,0,0
unresolved:2016:1_05:G:62:アブレイユ,アブレイユ,アブレイユ,unresolved,2016-09-08,2016-09-08,58,58,58,58,0,1,1,0,0,0
unresolved:2016:1_06:G:62:アブレイユ,アブレイユ,アブレイユ,unresolved,2016-12-15,2016-12-15,58,58,58,58,0,1,1,0,0,0
proeye:11315157,イヒネ　イツア,イヒネ　イツア,low,2023-03-30,2026-06-30,67,77,77,67,10,20,20,2,1,910
unresolved:2026:1_10:F:67:エドポロ,エドポロ,エドポロ,unresolved,2026-06-11,2026-06-11,68,68,68,68,0,1,1,0,0,0
unresolved:2026:1_11:F:67:エドポロ,エドポロ,エドポロ,unresolved,2026-06-30,2026-06-30,68,68,68,68,0,1,1,0,0,0
unresolved:2026:default:F:66:エドポロ,エドポロ,エドポロ,unresolved,2026-06-11,2026-06-11,68,68,68,68,0,1,1,0,0,0
proeye:13015132,エリアン,エリアン,high,2016-06-30,2017-11-21,62,62,62,62,0,7,7,0,0,509
proeye:01505132,オコエ　瑠偉,オコエ　瑠偉,low,2016-04-28,2025-12-24,80,79,80,79,-1,50,50,1,0,3086
unresolved:2026:1_10:F:54:カストロ,カストロ,カストロ,unresolved,2026-06-11,2026-06-11,67,67,67,67,0,1,1,0,0,0
unresolved:2026:1_11:F:54:カストロ,カストロ,カストロ,unresolved,2026-06-30,2026-06-30,67,67,67,67,0,1,1,0,0,0
unresolved:2026:default:F:57:カストロ,カストロ,カストロ,unresolved,2026-06-11,2026-06-11,67,67,67,67,0,1,1,0,0,0
unresolved:2026:1_10:L:67:カナリオ,カナリオ,カナリオ,unresolved,2026-06-11,2026-06-11,76,76,76,76,0,1,1,0,0,0
unresolved:2026:1_11:L:67:カナリオ,カナリオ,カナリオ,unresolved,2026-06-30,2026-06-30,76,76,76,76,0,1,1,0,0,0
unresolved:2026:default:L:66:カナリオ,カナリオ,カナリオ,unresolved,2026-06-11,2026-06-11,76,76,76,76,0,1,1,0,0,0
proeye:43345132,ギャレット,ギャレット,medium,2016-04-28,2017-11-21,35,41,41,35,6,9,9,1,1,572
proeye:13315137,キラ・カアイフエ,キラ・カアイフエ,medium,,,49,46,49,46,-3,5,0,0,0,0
unresolved:2026:1_10:D:40:サノー,サノー,サノー,unresolved,2026-06-11,2026-06-11,46,46,46,46,0,1,1,0,0,0
unresolved:2026:1_11:D:40:サノー,サノー,サノー,unresolved,2026-06-30,2026-06-30,46,46,46,46,0,1,1,0,0,0
unresolved:2026:default:D:48:サノー,サノー,サノー,unresolved,2026-06-11,2026-06-11,46,46,46,46,0,1,1,0,0,0
unresolved:2013:20131108:M:67:サブロー,サブロー,サブロー,unresolved,,,54,54,54,54,0,1,0,0,0,0
unresolved:2013:default:M:67:サブロー,サブロー,サブロー,unresolved,,,54,54,54,54,0,1,0,0,0,0
unresolved:2014:1_01:M:62:サブロー,サブロー,サブロー,unresolved,,,54,54,54,54,0,1,0,0,0,0
unresolved:2014:1_02:M:64:サブロー,サブロー,サブロー,unresolved,,,54,54,54,54,0,1,0,0,0,0
unresolved:2014:default:M:62:サブロー,サブロー,サブロー,unresolved,,,54,54,54,54,0,1,0,0,0,0
unresolved:2016:1_01:M:62:サブロー,サブロー,サブロー,unresolved,2016-04-28,2016-04-28,45,45,45,45,0,1,1,0,0,0
unresolved:2016:1_03:M:63:サブロー,サブロー,サブロー,unresolved,2016-06-30,2016-06-30,45,45,45,45,0,1,1,0,0,0
unresolved:2016:1_05:M:64:サブロー,サブロー,サブロー,unresolved,2016-09-08,2016-09-08,45,45,45,45,0,1,1,0,0,0
unresolved:2016:1_06:M:64:サブロー,サブロー,サブロー,unresolved,2016-12-15,2016-12-15,45,45,45,45,0,1,1,0,0,0
unresolved:2016:default:M:61:サブロー,サブロー,サブロー,unresolved,2016-04-28,2016-04-28,48,48,48,48,0,1,1,0,0,0
unresolved:2026:1_10:OBU:49:シーモア,シーモア,シーモア,unresolved,2026-06-11,2026-06-11,45,45,45,45,0,1,1,0,0,0
unresolved:2026:1_11:OBU:49:シーモア,シーモア,シーモア,unresolved,2026-06-30,2026-06-30,45,45,45,45,0,1,1,0,0,0
unresolved:2026:default:OBU:51:シーモア,シーモア,シーモア,unresolved,2026-06-11,2026-06-11,45,45,45,45,0,1,1,0,0,0
proeye:53055132,ジェフン,ジェフン,high,2016-06-30,2016-12-15,61,61,61,61,0,3,3,0,0,168
proeye:43945155,ジャンセン・ウィティ,ジャンセン・ウィティ,medium,2022-04-21,2022-11-24,63,63,63,63,0,5,5,0,0,217
unresolved:2026:1_10:G:50:ダルベック,ダルベック,ダルベック,unresolved,2026-06-11,2026-06-11,77,77,77,77,0,1,1,0,0,0
unresolved:2026:1_11:G:50:ダルベック,ダルベック,ダルベック,unresolved,2026-06-30,2026-06-30,77,77,77,77,0,1,1,0,0,0
unresolved:2026:default:G:51:ダルベック,ダルベック,ダルベック,unresolved,2026-06-11,2026-06-11,77,77,77,77,0,1,1,0,0,0
unresolved:2026:1_10:T:57:ディベイニー,ディベイニー,ディベイニー,unresolved,2026-06-11,2026-06-11,59,59,59,59,0,1,1,0,0,0
unresolved:2026:1_11:T:57:ディベイニー,ディベイニー,ディベイニー,unresolved,2026-06-30,2026-06-30,59,59,59,59,0,1,1,0,0,0
unresolved:2026:default:T:56:ディベイニー,ディベイニー,ディベイニー,unresolved,2026-06-11,2026-06-11,59,59,59,59,0,1,1,0,0,0
proeye:73175135,ニック,ニック,high,,,39,39,39,39,0,2,0,0,0,0
unresolved:2018:1_11:E:53:ヒメネス,ヒメネス,ヒメネス,unresolved,2019-06-13,2019-06-13,55,55,55,55,0,1,1,0,0,0
unresolved:2018:1_12:E:52:ヒメネス,ヒメネス,ヒメネス,unresolved,2019-08-02,2019-08-02,55,55,55,55,0,1,1,0,0,0
unresolved:2018:1_14:E:51:ヒメネス,ヒメネス,ヒメネス,unresolved,2019-09-19,2019-09-19,55,55,55,55,0,1,1,0,0,0
unresolved:2018:1_15:E:50:ヒメネス,ヒメネス,ヒメネス,unresolved,2019-10-25,2019-10-25,55,55,55,55,0,1,1,0,0,0
unresolved:2026:1_10:BA:57:ヒュンメル,ヒュンメル,ヒュンメル,unresolved,2026-06-11,2026-06-11,79,79,79,79,0,1,1,0,0,0
unresolved:2026:1_11:BA:57:ヒュンメル,ヒュンメル,ヒュンメル,unresolved,2026-06-30,2026-06-30,79,79,79,79,0,1,1,0,0,0
unresolved:2026:default:BA:60:ヒュンメル,ヒュンメル,ヒュンメル,unresolved,2026-06-11,2026-06-11,79,79,79,79,0,1,1,0,0,0
unresolved:2024:1_04:M:62:フェルナンデス,フェルナンデス,フェルナンデス,unresolved,2024-09-26,2024-09-26,59,59,59,59,0,1,1,0,0,0
proeye:81485130,フェルナンド,フェルナンド,medium,2016-04-28,2020-12-17,58,58,58,58,0,20,20,0,0,1694
unresolved:2016:1_01:C:67:プライディ,プライディ,プライディ,unresolved,2016-04-28,2016-04-28,70,70,70,70,0,1,1,0,0,0
unresolved:2016:1_03:C:67:プライディ,プライディ,プライディ,unresolved,2016-06-30,2016-06-30,70,70,70,70,0,1,1,0,0,0
unresolved:2016:1_05:C:68:プライディ,プライディ,プライディ,unresolved,2016-09-08,2016-09-08,70,70,70,70,0,1,1,0,0,0
unresolved:2016:1_06:C:68:プライディ,プライディ,プライディ,unresolved,2016-12-15,2016-12-15,70,70,70,70,0,1,1,0,0,0
unresolved:2016:default:C:67:プライディ,プライディ,プライディ,unresolved,2016-04-28,2016-04-28,70,70,70,70,0,1,1,0,0,0
proeye:71875155,ブライト　健太,ブライト　健太,low,2022-04-21,2026-06-30,78,78,78,78,0,25,25,0,0,1531
proeye:91295153,ブランドン,ブランドン,medium,2021-04-08,2024-11-26,69,69,69,69,0,20,20,0,0,1328
unresolved:2026:1_10:E:62:マッカスカー,マッカスカー,マッカスカー,unresolved,2026-06-11,2026-06-11,78,78,78,78,0,1,1,0,0,0
unresolved:2026:1_11:E:62:マッカスカー,マッカスカー,マッカスカー,unresolved,2026-06-30,2026-06-30,78,78,78,78,0,1,1,0,0,0
unresolved:2026:default:E:69:マッカスカー,マッカスカー,マッカスカー,unresolved,2026-06-11,2026-06-11,78,78,78,78,0,1,1,0,0,0
proeye:13915134,マルティネス,マルティネス,high,2018-09-13,2019-10-25,71,71,71,71,0,7,7,0,0,407
unresolved:2024:1_08:S:64:モイセエフ,モイセエフ,モイセエフ,unresolved,2025-03-27,2025-03-27,64,64,64,64,0,1,1,0,0,0
unresolved:2024:1_09:S:65:モイセエフ,モイセエフ,モイセエフ,unresolved,2025-04-23,2025-04-23,64,64,64,64,0,1,1,0,0,0
unresolved:2024:1_10:S:66:モイセエフ,モイセエフ,モイセエフ,unresolved,2025-06-02,2025-06-02,64,64,64,64,0,1,1,0,0,0
unresolved:2024:1_11:S:67:モイセエフ,モイセエフ,モイセエフ,unresolved,2025-07-28,2025-07-28,64,64,64,64,0,1,1,0,0,0
unresolved:2024:1_12:S:69:モイセエフ,モイセエフ,モイセエフ,unresolved,2025-09-25,2025-09-25,64,64,64,64,0,1,1,0,0,0
unresolved:2024:1_14:S:69:モイセエフ,モイセエフ,モイセエフ,unresolved,2025-11-20,2025-11-20,64,64,64,64,0,1,1,0,0,0
unresolved:2024:1_15:S:69:モイセエフ,モイセエフ,モイセエフ,unresolved,2025-12-24,2025-12-24,64,64,64,64,0,1,1,0,0,0
unresolved:2026:1_10:S:66:モイセエフ,モイセエフ,モイセエフ,unresolved,2026-06-11,2026-06-11,64,64,64,64,0,1,1,0,0,0
unresolved:2026:1_11:S:66:モイセエフ,モイセエフ,モイセエフ,unresolved,2026-06-30,2026-06-30,64,64,64,64,0,1,1,0,0,0
unresolved:2026:default:S:65:モイセエフ,モイセエフ,モイセエフ,unresolved,2026-06-11,2026-06-11,64,64,64,64,0,1,1,0,0,0
proeye:23125157,モンテル,モンテル,high,2025-06-02,2025-12-24,84,84,84,84,0,5,5,0,0,205
unresolved:2026:1_10:F:37:リン,リ ン,リ ン,unresolved,2026-06-11,2026-06-11,56,56,56,56,0,1,1,0,0,0
unresolved:2026:1_11:F:37:リン,リ ン,リ ン,unresolved,2026-06-30,2026-06-30,56,56,56,56,0,1,1,0,0,0
proeye:11015136,リチャード,リチャード,medium,2020-07-09,2026-06-30,51,51,51,51,0,34,34,0,0,2182
unresolved:2020:1_09:T:64:ロハスJr,ロハスJr．,ロハスJr．,unresolved,2021-04-08,2021-04-08,67,67,67,67,0,1,1,0,0,0
unresolved:2020:1_12:T:66:ロハスJr,ロハスJr．,ロハスJr．,unresolved,2021-05-20,2021-05-20,67,67,67,67,0,1,1,0,0,0
unresolved:2020:1_13:T:66:ロハスJr,ロハスJr．,ロハスJr．,unresolved,2021-07-28,2021-07-28,67,67,67,67,0,1,1,0,0,0
unresolved:2020:1_15:T:66:ロハスJr,ロハスJr．,ロハスJr．,unresolved,2021-10-28,2021-10-28,67,67,67,67,0,1,1,0,0,0
unresolved:2020:1_16:T:66:ロハスJr,ロハスJr．,ロハスJr．,unresolved,2021-12-23,2021-12-23,67,67,67,67,0,1,1,0,0,0
unresolved:2022:1_02:T:62:ロハスJr,ロハスJr．,ロハスJr．,unresolved,2022-05-19,2022-05-19,67,67,67,67,0,1,1,0,0,0
unresolved:2022:1_04:T:65:ロハスJr,ロハスJr．,ロハスJr．,unresolved,2022-07-21,2022-07-21,59,59,59,59,0,1,1,0,0,0
unresolved:2022:1_07:T:68:ロハスJr,ロハスJr．,ロハスJr．,unresolved,2022-09-29,2022-09-29,59,59,59,59,0,1,1,0,0,0
unresolved:2022:1_08:T:64:ロハスJr,ロハスJr．,ロハスJr．,unresolved,2022-11-24,2022-11-24,59,59,59,59,0,1,1,0,0,0
unresolved:2022:default:T:60:ロハスJr,ロハスJr．,ロハスJr．,unresolved,2022-04-21,2022-04-21,67,67,67,67,0,1,1,0,0,0
unresolved:2024:1_01:E:45:ワォーターズ,ワォーターズ,ワォーターズ,unresolved,2024-07-18,2024-07-18,80,80,80,80,0,1,1,0,0,0
unresolved:2024:1_04:E:45:ワォーターズ,ワォーターズ,ワォーターズ,unresolved,2024-09-26,2024-09-26,80,80,80,80,0,1,1,0,0,0
unresolved:2024:1_05:E:45:ワォーターズ,ワォーターズ,ワォーターズ,unresolved,2024-10-21,2024-10-21,80,80,80,80,0,1,1,0,0,0
unresolved:2024:1_07:E:46:ワォーターズ,ワォーターズ,ワォーターズ,unresolved,2024-11-26,2024-11-26,80,80,80,80,0,1,1,0,0,0
unresolved:2024:1_08:E:47:ワォーターズ,ワォーターズ,ワォーターズ,unresolved,2025-03-27,2025-03-27,80,80,80,80,0,1,1,0,0,0
unresolved:2024:1_09:E:48:ワォーターズ,ワォーターズ,ワォーターズ,unresolved,2025-04-23,2025-04-23,80,80,80,80,0,1,1,0,0,0
unresolved:2024:1_10:E:48:ワォーターズ,ワォーターズ,ワォーターズ,unresolved,2025-06-02,2025-06-02,80,80,80,80,0,1,1,0,0,0
unresolved:2024:1_11:E:48:ワォーターズ,ワォーターズ,ワォーターズ,unresolved,2025-07-28,2025-07-28,80,80,80,80,0,1,1,0,0,0
unresolved:2024:1_12:E:49:ワォーターズ,ワォーターズ,ワォーターズ,unresolved,2025-09-25,2025-09-25,80,80,80,80,0,1,1,0,0,0
unresolved:2024:1_14:E:49:ワォーターズ,ワォーターズ,ワォーターズ,unresolved,2025-11-20,2025-11-20,80,80,80,80,0,1,1,0,0,0
unresolved:2024:1_15:E:49:ワォーターズ,ワォーターズ,ワォーターズ,unresolved,2025-12-24,2025-12-24,80,80,80,80,0,1,1,0,0,0
unresolved:2024:default:E:44:ワォーターズ,ワォーターズ,ワォーターズ,unresolved,2024-07-18,2024-07-18,80,80,80,80,0,1,1,0,0,0
unresolved:2026:1_10:E:49:ワォーターズ,ワォーターズ,ワォーターズ,unresolved,2026-06-11,2026-06-11,80,80,80,80,0,1,1,0,0,0
unresolved:2026:1_11:E:49:ワォーターズ,ワォーターズ,ワォーターズ,unresolved,2026-06-30,2026-06-30,80,80,80,80,0,1,1,0,0,0
unresolved:2026:default:E:49:ワォーターズ,ワォーターズ,ワォーターズ,unresolved,2026-06-11,2026-06-11,80,80,80,80,0,1,1,0,0,0
proeye:61165132,阿部　寿樹,阿部　寿樹,low,2016-04-28,2026-06-30,55,49,55,49,-6,53,53,1,1,3003
proeye:71175133,阿部　俊人,阿部　俊人,medium,2016-04-28,2017-11-21,66,66,66,66,0,14,9,0,0,572
proeye:21125113,阿部　慎之助,阿部　慎之助,medium,2016-04-28,2019-10-25,24,15,24,15,-9,24,19,1,1,1212
proeye:31535132,愛斗,愛斗,medium,2016-09-08,2026-06-30,65,65,65,65,0,50,50,0,0,3582
unresolved:2022:1_02:BA:55:粟飯原,粟飯原,粟飯原,unresolved,2022-05-19,2022-05-19,75,75,75,75,0,1,1,0,0,0
unresolved:2022:1_04:BA:55:粟飯原,粟飯原,粟飯原,unresolved,2022-07-21,2022-07-21,75,75,75,75,0,1,1,0,0,0
unresolved:2022:1_07:BA:58:粟飯原,粟飯原,粟飯原,unresolved,2022-09-29,2022-09-29,75,75,75,75,0,1,1,0,0,0
unresolved:2022:1_08:BA:58:粟飯原,粟飯原,粟飯原,unresolved,2022-11-24,2022-11-24,75,75,75,75,0,1,1,0,0,0
unresolved:2022:1_09:BA:53:粟飯原,粟飯原,粟飯原,unresolved,2023-03-30,2023-03-30,75,75,75,75,0,1,1,0,0,0
unresolved:2022:1_10:BA:54:粟飯原,粟飯原,粟飯原,unresolved,2023-05-25,2023-05-25,75,75,75,75,0,1,1,0,0,0
unresolved:2022:1_11:BA:55:粟飯原,粟飯原,粟飯原,unresolved,2023-07-20,2023-07-20,75,75,75,75,0,1,1,0,0,0
unresolved:2022:1_12:BA:56:粟飯原,粟飯原,粟飯原,unresolved,2023-09-28,2023-09-28,75,75,75,75,0,1,1,0,0,0
unresolved:2022:1_13:BA:57:粟飯原,粟飯原,粟飯原,unresolved,2023-11-30,2023-11-30,75,75,75,75,0,1,1,0,0,0
unresolved:2022:default:BA:54:粟飯原,粟飯原,粟飯原,unresolved,2022-04-21,2022-04-21,75,75,75,75,0,1,1,0,0,0
proeye:31135135,安達　了一,安達　了一,medium,2016-04-28,2024-11-26,82,77,82,65,-5,48,43,1,0,2772
proeye:81885136,安田　尚憲,安田　尚憲,low,2018-04-26,2026-06-30,46,46,46,46,0,44,44,0,0,2987
proeye:43345155,安田　悠馬,安田　悠馬,low,2022-04-21,2025-12-24,49,49,49,49,0,22,22,0,0,1343
proeye:91195116,安部　友裕,安部　友裕,low,2016-04-28,2022-11-24,72,72,72,72,0,38,33,0,0,2401
unresolved:2020:1_05:G:69:伊藤,伊 藤,伊 藤,unresolved,2020-10-08,2020-10-08,50,50,50,50,0,1,1,0,0,0
unresolved:2020:1_06:G:62:伊藤,伊 藤,伊 藤,unresolved,2020-11-26,2020-11-26,50,50,50,50,0,1,1,0,0,0
unresolved:2020:default:G:66:伊藤,伊 藤,伊 藤,unresolved,2020-07-09,2020-07-09,50,50,50,50,0,1,1,0,0,0
proeye:61165116,伊志嶺　忠,伊志嶺　忠,low,2016-04-28,2018-11-01,60,60,60,47,0,19,14,0,0,917
proeye:61165133,伊志嶺　翔大,伊志嶺　翔大,low,2016-04-28,2019-10-25,89,82,89,82,-7,24,19,2,0,703
proeye:31335130,伊東　亮大,伊東　亮大,low,2016-04-28,2016-12-15,55,55,55,55,0,5,5,0,0,231
proeye:81185116,伊藤　光,伊藤　光,medium,2016-04-28,2025-12-24,58,58,58,54,0,55,50,0,0,3527
proeye:81185136,伊藤　康祐,伊藤　康祐,low,2018-04-26,2023-11-30,74,80,80,74,6,29,29,1,1,2044
proeye:81185135,伊藤　隼太,伊藤　隼太,low,2016-04-28,2020-12-17,68,62,71,62,-6,28,23,2,0,1190
proeye:41145138,伊藤　裕季也,伊藤　裕季也,low,2019-04-23,2026-06-30,55,55,55,55,0,39,39,0,0,2625
proeye:81185159,伊藤　琉偉,伊藤　琉偉,low,2024-07-18,2026-06-30,69,69,69,69,0,15,15,0,0,712
unresolved:2020:1_07:G:62:伊藤海,伊藤海,伊藤海,unresolved,2020-12-17,2020-12-17,50,50,50,50,0,1,1,0,0,0
unresolved:2020:1_09:G:57:伊藤海,伊藤海,伊藤海,unresolved,2021-04-08,2021-04-08,50,50,50,50,0,1,1,0,0,0
unresolved:2020:1_12:G:59:伊藤海,伊藤海,伊藤海,unresolved,2021-05-20,2021-05-20,50,50,50,50,0,1,1,0,0,0
unresolved:2020:1_13:G:58:伊藤海,伊藤海,伊藤海,unresolved,2021-07-28,2021-07-28,50,50,50,50,0,1,1,0,0,0
unresolved:2020:1_15:G:63:伊藤海,伊藤海,伊藤海,unresolved,2021-10-28,2021-10-28,50,50,50,50,0,1,1,0,0,0
unresolved:2020:1_16:G:63:伊藤海,伊藤海,伊藤海,unresolved,2021-12-23,2021-12-23,50,50,50,50,0,1,1,0,0,0
unresolved:2026:1_10:E:39:伊藤光,伊藤光,伊藤光,unresolved,2026-06-11,2026-06-11,58,58,58,58,0,1,1,0,0,0
unresolved:2026:1_11:E:39:伊藤光,伊藤光,伊藤光,unresolved,2026-06-30,2026-06-30,58,58,58,58,0,1,1,0,0,0
unresolved:2026:default:E:39:伊藤光,伊藤光,伊藤光,unresolved,2026-06-11,2026-06-11,58,58,58,58,0,1,1,0,0,0
unresolved:2024:1_01:M:47:井上,井 上,井 上,unresolved,2024-07-18,2024-07-18,35,35,35,35,0,1,1,0,0,0
unresolved:2024:1_04:M:49:井上,井 上,井 上,unresolved,2024-09-26,2024-09-26,35,35,35,35,0,1,1,0,0,0
unresolved:2024:1_05:M:49:井上,井 上,井 上,unresolved,2024-10-21,2024-10-21,35,35,35,35,0,1,1,0,0,0
unresolved:2024:1_07:M:49:井上,井 上,井 上,unresolved,2024-11-26,2024-11-26,35,35,35,35,0,1,1,0,0,0
unresolved:2024:default:M:46:井上,井 上,井 上,unresolved,2024-07-18,2024-07-18,35,35,35,35,0,1,1,0,0,0
unresolved:2026:1_10:M:59:井上,井 上,井 上,unresolved,2026-06-11,2026-06-11,52,52,52,52,0,1,1,0,0,0
unresolved:2026:1_11:M:59:井上,井 上,井 上,unresolved,2026-06-30,2026-06-30,52,52,52,52,0,1,1,0,0,0
unresolved:2026:default:M:59:井上,井 上,井 上,unresolved,2026-06-11,2026-06-11,52,52,52,52,0,1,1,0,0,0
proeye:51153884,井口　資仁,井口　資仁,medium,2016-04-28,2017-11-21,46,40,50,40,-6,14,9,2,0,364
proeye:91395115,井手　正太郎,井手　正太郎,medium,2016-04-28,2016-12-15,55,55,55,55,0,10,5,0,0,231
proeye:31335159,井上　絢登,井上　絢登,low,2024-07-18,2026-06-30,72,72,72,72,0,15,15,0,0,712
proeye:31335151,井上　広大,井上　広大,low,2020-07-09,2025-12-24,52,52,52,52,0,31,31,0,0,1994
proeye:11315139,井上　晴哉,井上　晴哉,medium,2016-04-28,2023-11-30,23,35,35,23,12,41,38,3,0,2044
proeye:01305153,井上　朋也,井上　朋也,low,2021-04-08,2026-06-30,63,63,63,63,0,30,30,0,0,1909
proeye:41143886,井端　弘和,井端　弘和,medium,,,57,57,57,57,0,5,0,0,0,0
proeye:41145157,井坪　陽生,井坪　陽生,low,2023-03-30,2026-06-30,76,76,76,76,0,20,20,0,0,1188
proeye:41145118,井藤　真吾,井藤　真吾,low,,,47,50,50,47,3,5,0,0,0,0
proeye:81185112,井野　卓,井野　卓,low,2016-04-28,2020-12-17,44,44,44,44,0,28,23,0,0,1694
proeye:71375130,井領　雅貴,井領　雅貴,low,2016-04-28,2021-12-23,65,62,65,62,-3,28,28,1,0,1624
proeye:81185133,磯村　嘉孝,磯村　嘉孝,low,2016-04-28,2025-12-24,39,45,45,39,6,55,50,1,1,2955
unresolved:2013:20131108:T:68:一二三,一二三,一二三,unresolved,,,61,61,61,61,0,1,0,0,0,0
unresolved:2013:default:T:68:一二三,一二三,一二三,unresolved,,,61,61,61,61,0,1,0,0,0,0
unresolved:2014:1_01:T:65:一二三,一二三,一二三,unresolved,,,62,62,62,62,0,1,0,0,0,0
unresolved:2014:1_02:T:57:一二三,一二三,一二三,unresolved,,,62,62,62,62,0,1,0,0,0,0
unresolved:2014:default:T:65:一二三,一二三,一二三,unresolved,,,62,62,62,62,0,1,0,0,0,0
proeye:91193880,稲葉　篤紀,稲葉　篤紀,medium,,,50,42,50,42,-8,5,0,0,0,0
proeye:31335114,隠善　智也,隠善　智也,medium,,,65,65,65,65,0,5,0,0,0,0
unresolved:2024:1_08:H:49:宇野,宇 野,宇 野,unresolved,2025-03-27,2025-03-27,65,65,65,65,0,1,1,0,0,0
unresolved:2024:1_09:H:49:宇野,宇 野,宇 野,unresolved,2025-04-23,2025-04-23,65,65,65,65,0,1,1,0,0,0
unresolved:2024:1_10:H:49:宇野,宇 野,宇 野,unresolved,2025-06-02,2025-06-02,65,65,65,65,0,1,1,0,0,0
unresolved:2024:1_11:H:49:宇野,宇 野,宇 野,unresolved,2025-07-28,2025-07-28,65,65,65,65,0,1,1,0,0,0
unresolved:2024:1_12:H:51:宇野,宇 野,宇 野,unresolved,2025-09-25,2025-09-25,65,65,65,65,0,1,1,0,0,0
unresolved:2024:1_14:H:51:宇野,宇 野,宇 野,unresolved,2025-11-20,2025-11-20,65,65,65,65,0,1,1,0,0,0
unresolved:2024:1_15:H:51:宇野,宇 野,宇 野,unresolved,2025-12-24,2025-12-24,65,65,65,65,0,1,1,0,0,0
unresolved:2026:1_10:H:44:宇野,宇 野,宇 野,unresolved,2026-06-11,2026-06-11,65,65,65,65,0,1,1,0,0,0
unresolved:2026:1_11:H:44:宇野,宇 野,宇 野,unresolved,2026-06-30,2026-06-30,65,65,65,65,0,1,1,0,0,0
unresolved:2026:default:H:44:宇野,宇 野,宇 野,unresolved,2026-06-11,2026-06-11,65,65,65,65,0,1,1,0,0,0
proeye:61365132,宇佐見　真吾,宇佐見　真吾,low,2016-04-28,2026-06-30,35,29,37,29,-6,53,53,3,0,2275
unresolved:2013:20131108:F:47:宇佐美,宇佐美,宇佐美,unresolved,,,55,55,55,55,0,1,0,0,0,0
unresolved:2013:default:F:50:宇佐美,宇佐美,宇佐美,unresolved,,,55,55,55,55,0,1,0,0,0,0
unresolved:2014:1_01:F:50:宇佐美,宇佐美,宇佐美,unresolved,,,55,55,55,55,0,1,0,0,0,0
unresolved:2014:1_02:F:50:宇佐美,宇佐美,宇佐美,unresolved,,,55,55,55,55,0,1,0,0,0,0
unresolved:2014:default:F:50:宇佐美,宇佐美,宇佐美,unresolved,,,55,55,55,55,0,1,0,0,0,0
unresolved:2016:1_01:F:59:宇佐美,宇佐美,宇佐美,unresolved,2016-04-28,2016-04-28,59,59,59,59,0,1,1,0,0,0
unresolved:2016:1_03:F:57:宇佐美,宇佐美,宇佐美,unresolved,2016-06-30,2016-06-30,59,59,59,59,0,1,1,0,0,0
unresolved:2016:1_05:F:57:宇佐美,宇佐美,宇佐美,unresolved,2016-09-08,2016-09-08,59,59,59,59,0,1,1,0,0,0
unresolved:2016:1_06:F:57:宇佐美,宇佐美,宇佐美,unresolved,2016-12-15,2016-12-15,59,59,59,59,0,1,1,0,0,0
unresolved:2016:1_07:F:60:宇佐美,宇佐美,宇佐美,unresolved,2017-04-27,2017-04-27,59,59,59,59,0,1,1,0,0,0
unresolved:2016:1_09:F:60:宇佐美,宇佐美,宇佐美,unresolved,2017-07-13,2017-07-13,59,59,59,59,0,1,1,0,0,0
unresolved:2016:1_10:F:59:宇佐美,宇佐美,宇佐美,unresolved,2017-09-14,2017-09-14,59,59,59,59,0,1,1,0,0,0
unresolved:2016:1_11:F:58:宇佐美,宇佐美,宇佐美,unresolved,2017-11-21,2017-11-21,59,59,59,59,0,1,1,0,0,0
unresolved:2016:default:F:59:宇佐美,宇佐美,宇佐美,unresolved,2016-04-28,2016-04-28,59,59,59,59,0,1,1,0,0,0
proeye:41345151,宇草　孔基,宇草　孔基,low,2020-07-09,2025-12-24,81,81,81,81,0,31,31,0,0,1994
unresolved:2026:1_10:G:53:宇都宮,宇都宮,宇都宮,unresolved,2026-06-11,2026-06-11,87,87,87,87,0,1,1,0,0,0
unresolved:2026:1_11:G:53:宇都宮,宇都宮,宇都宮,unresolved,2026-06-30,2026-06-30,87,87,87,87,0,1,1,0,0,0
proeye:71475138,羽月　隆太郎,羽月　隆太郎,low,2019-04-23,2025-12-24,80,86,86,80,6,36,36,2,0,1086
proeye:61165110,鵜久森　淳志,鵜久森　淳志,medium,2016-04-28,2018-11-01,46,46,46,46,0,19,14,0,0,917
proeye:71375155,鵜飼　航丞,鵜飼　航丞,low,2022-04-21,2026-06-30,64,64,64,64,0,25,25,0,0,1531
proeye:81385150,浦田　俊輔,浦田　俊輔,low,2025-03-27,2026-06-30,84,84,84,84,0,10,10,0,0,460
unresolved:2020:1_05:C:65:永井,永 井,永 井,unresolved,2020-10-08,2020-10-08,66,66,66,66,0,1,1,0,0,0
unresolved:2020:1_06:C:65:永井,永 井,永 井,unresolved,2020-11-26,2020-11-26,66,66,66,66,0,1,1,0,0,0
unresolved:2020:1_07:C:65:永井,永 井,永 井,unresolved,2020-12-17,2020-12-17,66,66,66,66,0,1,1,0,0,0
unresolved:2020:1_09:C:65:永井,永 井,永 井,unresolved,2021-04-08,2021-04-08,66,66,66,66,0,1,1,0,0,0
unresolved:2020:1_12:C:67:永井,永 井,永 井,unresolved,2021-05-20,2021-05-20,70,70,70,70,0,1,1,0,0,0
unresolved:2020:1_13:C:68:永井,永 井,永 井,unresolved,2021-07-28,2021-07-28,70,70,70,70,0,1,1,0,0,0
unresolved:2020:1_15:C:66:永井,永 井,永 井,unresolved,2021-10-28,2021-10-28,70,70,70,70,0,1,1,0,0,0
unresolved:2020:1_16:C:66:永井,永 井,永 井,unresolved,2021-12-23,2021-12-23,70,70,70,70,0,1,1,0,0,0
unresolved:2020:default:C:64:永井,永 井,永 井,unresolved,2020-07-09,2020-07-09,66,66,66,66,0,1,1,0,0,0
unresolved:2018:1_01:C:67:永井敦,永井敦,永井敦,unresolved,2018-04-26,2018-04-26,66,66,66,66,0,1,1,0,0,0
unresolved:2018:1_05:C:67:永井敦,永井敦,永井敦,unresolved,2018-07-12,2018-07-12,66,66,66,66,0,1,1,0,0,0
unresolved:2018:1_07:C:69:永井敦,永井敦,永井敦,unresolved,2018-09-13,2018-09-13,66,66,66,66,0,1,1,0,0,0
unresolved:2018:1_09:C:69:永井敦,永井敦,永井敦,unresolved,2018-11-01,2018-11-01,66,66,66,66,0,1,1,0,0,0
unresolved:2018:1_10:C:67:永井敦,永井敦,永井敦,unresolved,2019-04-23,2019-04-23,66,66,66,66,0,1,1,0,0,0
unresolved:2018:1_11:C:67:永井敦,永井敦,永井敦,unresolved,2019-06-13,2019-06-13,66,66,66,66,0,1,1,0,0,0
unresolved:2018:1_12:C:67:永井敦,永井敦,永井敦,unresolved,2019-08-02,2019-08-02,66,66,66,66,0,1,1,0,0,0
unresolved:2018:1_14:C:69:永井敦,永井敦,永井敦,unresolved,2019-09-19,2019-09-19,66,66,66,66,0,1,1,0,0,0
unresolved:2018:1_15:C:68:永井敦,永井敦,永井敦,unresolved,2019-10-25,2019-10-25,66,66,66,66,0,1,1,0,0,0
unresolved:2018:default:C:67:永井敦,永井敦,永井敦,unresolved,2018-04-26,2018-04-26,66,66,66,66,0,1,1,0,0,0
proeye:11415135,永江　恭平,永江　恭平,low,2016-04-28,2020-12-17,55,62,62,55,7,28,23,1,1,1561
proeye:91695138,益子　京右,益子　京右,low,2019-04-23,2026-06-30,45,45,45,45,0,39,39,0,0,2625
proeye:41345133,榎本　葵,榎本　葵,medium,2017-04-27,2017-11-21,69,69,69,69,0,9,4,0,0,208
proeye:71975139,園部　聡,園部　聡,low,2016-09-08,2018-11-01,45,42,45,42,-3,14,11,1,0,476
unresolved:2020:1_05:T:51:遠藤,遠 藤,遠 藤,unresolved,2020-10-08,2020-10-08,63,63,63,63,0,1,1,0,0,0
unresolved:2020:1_06:T:53:遠藤,遠 藤,遠 藤,unresolved,2020-11-26,2020-11-26,63,63,63,63,0,1,1,0,0,0
unresolved:2020:1_07:T:53:遠藤,遠 藤,遠 藤,unresolved,2020-12-17,2020-12-17,63,63,63,63,0,1,1,0,0,0
unresolved:2020:1_09:T:51:遠藤,遠 藤,遠 藤,unresolved,2021-04-08,2021-04-08,63,63,63,63,0,1,1,0,0,0
unresolved:2020:1_12:T:51:遠藤,遠 藤,遠 藤,unresolved,2021-05-20,2021-05-20,63,63,63,63,0,1,1,0,0,0
unresolved:2020:1_13:T:50:遠藤,遠 藤,遠 藤,unresolved,2021-07-28,2021-07-28,63,63,63,63,0,1,1,0,0,0
unresolved:2020:1_15:T:52:遠藤,遠 藤,遠 藤,unresolved,2021-10-28,2021-10-28,63,63,63,63,0,1,1,0,0,0
unresolved:2020:1_16:T:52:遠藤,遠 藤,遠 藤,unresolved,2021-12-23,2021-12-23,63,63,63,63,0,1,1,0,0,0
unresolved:2020:default:T:52:遠藤,遠 藤,遠 藤,unresolved,2020-07-09,2020-07-09,63,63,63,63,0,1,1,0,0,0
unresolved:2022:1_02:T:50:遠藤,遠 藤,遠 藤,unresolved,2022-05-19,2022-05-19,63,63,63,63,0,1,1,0,0,0
unresolved:2022:1_04:T:51:遠藤,遠 藤,遠 藤,unresolved,2022-07-21,2022-07-21,63,63,63,63,0,1,1,0,0,0
unresolved:2022:1_07:T:52:遠藤,遠 藤,遠 藤,unresolved,2022-09-29,2022-09-29,63,63,63,63,0,1,1,0,0,0
unresolved:2022:1_08:T:52:遠藤,遠 藤,遠 藤,unresolved,2022-11-24,2022-11-24,63,63,63,63,0,1,1,0,0,0
unresolved:2022:1_09:T:50:遠藤,遠 藤,遠 藤,unresolved,2023-03-30,2023-03-30,63,63,63,63,0,1,1,0,0,0
unresolved:2022:1_10:T:49:遠藤,遠 藤,遠 藤,unresolved,2023-05-25,2023-05-25,63,63,63,63,0,1,1,0,0,0
unresolved:2022:1_11:T:49:遠藤,遠 藤,遠 藤,unresolved,2023-07-20,2023-07-20,63,63,63,63,0,1,1,0,0,0
unresolved:2022:1_12:T:49:遠藤,遠 藤,遠 藤,unresolved,2023-09-28,2023-09-28,63,63,63,63,0,1,1,0,0,0
unresolved:2022:1_13:T:49:遠藤,遠 藤,遠 藤,unresolved,2023-11-30,2023-11-30,63,63,63,63,0,1,1,0,0,0
unresolved:2022:default:T:50:遠藤,遠 藤,遠 藤,unresolved,2022-04-21,2022-04-21,63,63,63,63,0,1,1,0,0,0
unresolved:2024:1_01:T:43:遠藤,遠 藤,遠 藤,unresolved,2024-07-18,2024-07-18,63,63,63,63,0,1,1,0,0,0
unresolved:2024:1_04:T:46:遠藤,遠 藤,遠 藤,unresolved,2024-09-26,2024-09-26,63,63,63,63,0,1,1,0,0,0
unresolved:2024:1_05:T:46:遠藤,遠 藤,遠 藤,unresolved,2024-10-21,2024-10-21,63,63,63,63,0,1,1,0,0,0
unresolved:2024:1_07:T:51:遠藤,遠 藤,遠 藤,unresolved,2024-11-26,2024-11-26,63,63,63,63,0,1,1,0,0,0
unresolved:2024:default:T:44:遠藤,遠 藤,遠 藤,unresolved,2024-07-18,2024-07-18,63,63,63,63,0,1,1,0,0,0
proeye:41345130,遠藤　一星,遠藤　一星,low,2016-04-28,2021-12-23,78,75,78,75,-3,28,28,1,0,1493
proeye:71975136,塩見　泰隆,塩見　泰隆,low,2018-04-26,2026-06-30,69,83,83,69,14,44,44,2,1,1798
unresolved:2014:1_01:G:48:奥村,奥 村,奥 村,unresolved,,,62,62,62,62,0,1,0,0,0,0
unresolved:2014:1_02:G:48:奥村,奥 村,奥 村,unresolved,,,62,62,62,62,0,1,0,0,0,0
unresolved:2014:default:G:48:奥村,奥 村,奥 村,unresolved,,,62,62,62,62,0,1,0,0,0,0
proeye:51555159,奥村　光一,奥村　光一,low,2024-09-26,2025-12-24,88,88,88,88,0,10,10,0,0,454
proeye:91595139,奥村　展征,奥村　展征,low,2016-04-28,2023-11-30,62,62,62,62,0,38,38,0,0,2772
proeye:71575139,奥浪　鏡,奥浪　鏡,low,2016-04-28,2017-11-21,53,53,53,53,0,11,8,0,0,572
unresolved:2013:20131108:OBU:39:横山,横 山,横 山,unresolved,,,41,41,41,41,0,1,0,0,0,0
unresolved:2013:default:OBU:39:横山,横 山,横 山,unresolved,,,41,41,41,41,0,1,0,0,0,0
unresolved:2026:1_10:L:44:横田,横 田,横 田,unresolved,2026-06-11,2026-06-11,57,57,57,57,0,1,1,0,0,0
unresolved:2026:1_11:L:44:横田,横 田,横 田,unresolved,2026-06-30,2026-06-30,57,57,57,57,0,1,1,0,0,0
unresolved:2026:default:L:43:横田,横 田,横 田,unresolved,2026-06-11,2026-06-11,57,57,57,57,0,1,1,0,0,0
proeye:83385159,横山　聖哉,横山　聖哉,low,2024-07-18,2026-06-30,60,64,64,60,4,15,15,1,0,375
proeye:01805114,横川　史学,横川　史学,low,,,56,56,56,56,0,5,0,0,0,0
proeye:31635139,横田　慎太郎,横田　慎太郎,low,2016-04-28,2017-11-21,69,81,81,68,12,12,9,1,1,509
proeye:03105132,横尾　俊建,横尾　俊建,low,2016-04-28,2023-11-30,50,46,50,46,-4,38,38,1,0,1682
unresolved:2018:1_11:F:65:王,王,王,unresolved,2019-06-13,2019-06-13,66,66,66,66,0,1,1,0,0,0
unresolved:2018:1_12:F:65:王,王,王,unresolved,2019-08-02,2019-08-02,66,66,66,66,0,1,1,0,0,0
unresolved:2018:1_14:F:65:王,王,王,unresolved,2019-09-19,2019-09-19,66,66,66,66,0,1,1,0,0,0
unresolved:2018:1_15:F:66:王,王,王,unresolved,2019-10-25,2019-10-25,66,66,66,66,0,1,1,0,0,0
unresolved:2020:1_05:F:67:王,王,王,unresolved,2020-10-08,2020-10-08,66,66,66,66,0,1,1,0,0,0
unresolved:2020:1_06:F:68:王,王,王,unresolved,2020-11-26,2020-11-26,66,66,66,66,0,1,1,0,0,0
unresolved:2020:1_07:F:68:王,王,王,unresolved,2020-12-17,2020-12-17,66,66,66,66,0,1,1,0,0,0
unresolved:2020:1_09:F:62:王,王,王,unresolved,2021-04-08,2021-04-08,66,66,66,66,0,1,1,0,0,0
unresolved:2020:1_12:F:63:王,王,王,unresolved,2021-05-20,2021-05-20,66,66,66,66,0,1,1,0,0,0
unresolved:2020:1_13:F:65:王,王,王,unresolved,2021-07-28,2021-07-28,66,66,66,66,0,1,1,0,0,0
unresolved:2020:1_15:F:63:王,王,王,unresolved,2021-10-28,2021-10-28,66,66,66,66,0,1,1,0,0,0
unresolved:2020:1_16:F:63:王,王,王,unresolved,2021-12-23,2021-12-23,66,66,66,66,0,1,1,0,0,0
unresolved:2020:default:F:63:王,王,王,unresolved,2020-07-09,2020-07-09,66,66,66,66,0,1,1,0,0,0
unresolved:2022:1_02:F:62:王,王,王,unresolved,2022-05-19,2022-05-19,66,66,66,66,0,1,1,0,0,0
unresolved:2022:1_04:F:62:王,王,王,unresolved,2022-07-21,2022-07-21,66,66,66,66,0,1,1,0,0,0
unresolved:2022:1_07:F:64:王,王,王,unresolved,2022-09-29,2022-09-29,63,63,63,63,0,1,1,0,0,0
unresolved:2022:1_08:F:64:王,王,王,unresolved,2022-11-24,2022-11-24,63,63,63,63,0,1,1,0,0,0
unresolved:2022:1_12:F:64:王,王,王,unresolved,2023-09-28,2023-09-28,63,63,63,63,0,1,1,0,0,0
unresolved:2022:1_13:F:62:王,王,王,unresolved,2023-11-30,2023-11-30,63,63,63,63,0,1,1,0,0,0
unresolved:2022:default:F:62:王,王,王,unresolved,2022-04-21,2022-04-21,66,66,66,66,0,1,1,0,0,0
proeye:23525138,王　柏融,王　柏融,high,2019-04-23,2019-04-23,66,66,66,66,0,1,1,0,0,0
unresolved:2014:1_01:F:59:岡,岡,岡,unresolved,,,86,86,86,86,0,1,0,0,0,0
unresolved:2014:1_02:F:59:岡,岡,岡,unresolved,,,86,86,86,86,0,1,0,0,0,0
unresolved:2014:default:F:59:岡,岡,岡,unresolved,,,86,86,86,86,0,1,0,0,0,0
unresolved:2016:1_01:F:57:岡,岡,岡,unresolved,2016-04-28,2016-04-28,90,90,90,90,0,1,1,0,0,0
unresolved:2016:1_03:F:62:岡,岡,岡,unresolved,2016-06-30,2016-06-30,90,90,90,90,0,1,1,0,0,0
unresolved:2016:1_05:F:58:岡,岡,岡,unresolved,2016-09-08,2016-09-08,90,90,90,90,0,1,1,0,0,0
unresolved:2016:1_06:F:59:岡,岡,岡,unresolved,2016-12-15,2016-12-15,90,90,90,90,0,1,1,0,0,0
unresolved:2016:1_07:F:61:岡,岡,岡,unresolved,2017-04-27,2017-04-27,90,90,90,90,0,1,1,0,0,0
unresolved:2016:1_09:F:62:岡,岡,岡,unresolved,2017-07-13,2017-07-13,90,90,90,90,0,1,1,0,0,0
unresolved:2016:1_10:F:60:岡,岡,岡,unresolved,2017-09-14,2017-09-14,90,90,90,90,0,1,1,0,0,0
unresolved:2016:1_11:F:61:岡,岡,岡,unresolved,2017-11-21,2017-11-21,90,90,90,90,0,1,1,0,0,0
unresolved:2016:default:F:57:岡,岡,岡,unresolved,2016-04-28,2016-04-28,90,90,90,90,0,1,1,0,0,0
unresolved:2018:1_01:F:64:岡,岡,岡,unresolved,2018-04-26,2018-04-26,90,90,90,90,0,1,1,0,0,0
unresolved:2018:1_05:F:63:岡,岡,岡,unresolved,2018-07-12,2018-07-12,90,90,90,90,0,1,1,0,0,0
unresolved:2018:default:F:63:岡,岡,岡,unresolved,2018-04-26,2018-04-26,90,90,90,90,0,1,1,0,0,0
unresolved:2026:1_10:T:63:岡城,岡 城,岡 城,unresolved,2026-06-11,2026-06-11,97,97,97,97,0,1,1,0,0,0
unresolved:2026:1_11:T:63:岡城,岡 城,岡 城,unresolved,2026-06-30,2026-06-30,97,97,97,97,0,1,1,0,0,0
unresolved:2026:default:T:63:岡城,岡 城,岡 城,unresolved,2026-06-11,2026-06-11,97,97,97,97,0,1,1,0,0,0
unresolved:2026:1_10:M:41:岡村,岡 村,岡 村,unresolved,2026-06-11,2026-06-11,71,71,71,71,0,1,1,0,0,0
unresolved:2026:1_11:M:41:岡村,岡 村,岡 村,unresolved,2026-06-30,2026-06-30,71,71,71,71,0,1,1,0,0,0
unresolved:2026:default:M:41:岡村,岡 村,岡 村,unresolved,2026-06-11,2026-06-11,71,71,71,71,0,1,1,0,0,0
proeye:11515139,岡大海,岡大海,medium,2018-09-13,2026-06-30,90,82,90,82,-8,41,41,2,0,1722
proeye:31535139,岡田　雅利,岡田　雅利,low,2016-04-28,2024-11-26,58,63,63,58,5,46,43,1,0,2562
proeye:81385118,岡田　幸文,岡田　幸文,medium,2016-04-28,2018-11-01,88,70,90,70,-18,19,14,5,1,441
proeye:81385155,岡田　悠希,岡田　悠希,low,2022-04-21,2026-06-30,66,66,66,66,0,25,25,0,0,1531
proeye:21325135,岡島　豪郎,岡島　豪郎,low,2016-04-28,2025-12-24,66,66,70,63,0,55,50,0,0,3527
proeye:11515130,岡本　和真,岡本　和真,medium,2016-04-28,2025-12-24,43,44,47,43,1,50,50,2,0,1848
proeye:81585151,岡林　勇希,岡林　勇希,low,2020-07-09,2026-06-30,78,81,81,78,3,34,34,1,0,1440
proeye:91395110,岡﨑　太一,岡﨑　太一,low,2016-04-28,2020-12-17,46,46,46,46,0,28,23,0,0,1694
proeye:41345134,岡﨑　大輔,岡﨑　大輔,low,2017-04-27,2021-12-23,63,63,63,63,0,16,16,0,0,1701
proeye:71575131,荻野　貴司,荻野　貴司,low,2016-04-28,2025-12-24,93,76,93,76,-17,55,50,7,0,1428
proeye:41345135,乙坂　智,乙坂　智,low,2016-04-28,2025-12-24,68,71,71,68,3,36,31,1,0,2252
proeye:81985114,下園　辰哉,下園　辰哉,medium,2016-04-28,2017-11-21,53,53,53,53,0,14,9,0,0,572
proeye:01705137,下妻　貴寛,下妻　貴寛,low,2016-04-28,2021-12-23,48,48,48,48,0,28,23,0,0,2065
proeye:91795137,下水流　昂,下水流　昂,low,2016-04-28,2021-12-23,68,68,68,68,0,33,28,0,0,2065
unresolved:2018:1_01:D:34:加藤,加 藤,加 藤,unresolved,2018-04-26,2018-04-26,60,60,60,60,0,1,1,0,0,0
unresolved:2018:1_05:D:36:加藤,加 藤,加 藤,unresolved,2018-07-12,2018-07-12,60,60,60,60,0,1,1,0,0,0
unresolved:2018:1_07:D:37:加藤,加 藤,加 藤,unresolved,2018-09-13,2018-09-13,60,60,60,60,0,1,1,0,0,0
unresolved:2018:1_09:D:37:加藤,加 藤,加 藤,unresolved,2018-11-01,2018-11-01,60,60,60,60,0,1,1,0,0,0
unresolved:2018:default:D:33:加藤,加 藤,加 藤,unresolved,2018-04-26,2018-04-26,60,60,60,60,0,1,1,0,0,0
unresolved:2020:1_09:M:62:加藤,加 藤,加 藤,unresolved,2021-04-08,2021-04-08,82,82,82,82,0,1,1,0,0,0
unresolved:2020:1_12:M:66:加藤,加 藤,加 藤,unresolved,2021-05-20,2021-05-20,82,82,82,82,0,1,1,0,0,0
unresolved:2020:1_13:M:65:加藤,加 藤,加 藤,unresolved,2021-07-28,2021-07-28,82,82,82,82,0,1,1,0,0,0
unresolved:2020:1_15:M:42:加藤,加 藤,加 藤,unresolved,2021-10-28,2021-10-28,60,60,60,60,0,1,1,0,0,0
unresolved:2020:1_16:M:42:加藤,加 藤,加 藤,unresolved,2021-12-23,2021-12-23,60,60,60,60,0,1,1,0,0,0
proeye:71575116,加治前　竜一,加治前　竜一,low,,,52,52,52,52,0,5,0,0,0,0
proeye:21525150,加藤　響,加藤　響,low,2025-03-27,2026-06-30,65,65,65,64,0,13,10,0,0,460
proeye:21323888,加藤　健,加藤　健,medium,2016-04-28,2016-12-15,39,39,39,39,0,10,5,0,0,231
proeye:81385157,加藤　豪将,加藤　豪将,medium,2023-03-30,2024-11-26,72,72,72,72,0,10,10,0,0,607
proeye:41545130,加藤　匠馬,加藤　匠馬,low,2016-04-28,2026-06-30,60,60,60,60,0,46,46,0,0,3715
proeye:41545131,加藤　政義,加藤　政義,low,,,64,64,64,64,0,2,0,0,0,0
proeye:91595137,加藤　翔平,加藤　翔平,low,2016-04-28,2024-11-26,82,82,82,80,0,45,40,0,0,3134
proeye:51555134,加藤　脩平,加藤　脩平,medium,2019-09-19,2020-12-17,68,68,68,68,0,6,6,0,0,455
proeye:11715112,河田　寿司,河田　寿司,low,,,36,36,36,36,0,2,0,0,0,0
proeye:81585131,河野　元貴,河野　元貴,low,2016-04-28,2018-11-01,47,47,47,47,0,19,14,0,0,917
unresolved:2026:1_10:D:66:花田,花 田,花 田,unresolved,2026-06-11,2026-06-11,63,63,63,63,0,1,1,0,0,0
unresolved:2026:1_11:D:66:花田,花 田,花 田,unresolved,2026-06-30,2026-06-30,63,63,63,63,0,1,1,0,0,0
unresolved:2026:default:D:65:花田,花 田,花 田,unresolved,2026-06-11,2026-06-11,63,63,63,63,0,1,1,0,0,0
proeye:51555151,蝦名　達夫,蝦名　達夫,low,2020-07-09,2026-06-30,70,75,75,70,5,34,34,1,0,1845
proeye:81385151,海野　隆司,海野　隆司,low,2020-07-09,2026-06-30,52,52,52,52,0,34,34,0,0,2182
unresolved:2026:1_10:G:64:皆川,皆 川,皆 川,unresolved,2026-06-11,2026-06-11,70,70,70,70,0,1,1,0,0,0
unresolved:2026:1_11:G:64:皆川,皆 川,皆 川,unresolved,2026-06-30,2026-06-30,70,70,70,70,0,1,1,0,0,0
unresolved:2026:default:G:62:皆川,皆 川,皆 川,unresolved,2026-06-11,2026-06-11,70,70,70,70,0,1,1,0,0,0
proeye:41245130,外崎　修汰,外崎　修汰,low,2016-04-28,2026-06-30,70,68,74,68,-2,53,53,3,0,1673
unresolved:2026:1_10:S:40:柿沼,柿 沼,柿 沼,unresolved,2026-06-11,2026-06-11,39,39,39,39,0,1,1,0,0,0
unresolved:2026:1_11:S:40:柿沼,柿 沼,柿 沼,unresolved,2026-06-30,2026-06-30,39,39,39,39,0,1,1,0,0,0
unresolved:2026:default:S:39:柿沼,柿 沼,柿 沼,unresolved,2026-06-11,2026-06-11,39,39,39,39,0,1,1,0,0,0
unresolved:2013:20131108:E:69:柿沢,柿 澤,柿 澤,unresolved,,,68,68,68,68,0,1,0,0,0,0
unresolved:2013:default:E:69:柿沢,柿 澤,柿 澤,unresolved,,,68,68,68,68,0,1,0,0,0,0
unresolved:2014:1_01:E:67:柿沢,柿 澤,柿 澤,unresolved,,,68,68,68,68,0,1,0,0,0,0
unresolved:2014:1_02:E:67:柿沢,柿 澤,柿 澤,unresolved,,,68,68,68,68,0,1,0,0,0,0
unresolved:2014:default:E:67:柿沢,柿 澤,柿 澤,unresolved,,,68,68,68,68,0,1,0,0,0,0
unresolved:2016:1_05:E:58:柿沢,柿 澤,柿 澤,unresolved,2016-09-08,2016-09-08,68,68,68,68,0,1,1,0,0,0
unresolved:2016:1_06:E:57:柿沢,柿 澤,柿 澤,unresolved,2016-12-15,2016-12-15,68,68,68,68,0,1,1,0,0,0
unresolved:2016:1_07:G:54:柿沢,柿 澤,柿 澤,unresolved,2017-04-27,2017-04-27,68,68,68,68,0,1,1,0,0,0
unresolved:2016:1_09:G:55:柿沢,柿 澤,柿 澤,unresolved,2017-07-13,2017-07-13,68,68,68,68,0,1,1,0,0,0
unresolved:2016:1_10:G:56:柿沢,柿 澤,柿 澤,unresolved,2017-09-14,2017-09-14,68,68,68,68,0,1,1,0,0,0
unresolved:2016:1_11:G:56:柿沢,柿 澤,柿 澤,unresolved,2017-11-21,2017-11-21,68,68,68,68,0,1,1,0,0,0
unresolved:2018:1_01:G:56:柿沢,柿 澤,柿 澤,unresolved,2018-04-26,2018-04-26,68,68,68,68,0,1,1,0,0,0
unresolved:2018:1_05:G:57:柿沢,柿 澤,柿 澤,unresolved,2018-07-12,2018-07-12,68,68,68,68,0,1,1,0,0,0
unresolved:2018:default:G:54:柿沢,柿 澤,柿 澤,unresolved,2018-04-26,2018-04-26,68,68,68,68,0,1,1,0,0,0
proeye:21525132,柿沼　友哉,柿沼　友哉,low,2016-09-08,2025-12-24,29,39,39,29,10,47,47,1,1,2288
unresolved:2013:20131108:M:48:角,角,角,unresolved,,,59,59,59,59,0,1,0,0,0,0
unresolved:2013:default:M:48:角,角,角,unresolved,,,59,59,59,59,0,1,0,0,0,0
unresolved:2014:1_01:M:49:角,角,角,unresolved,,,59,59,59,59,0,1,0,0,0,0
unresolved:2014:1_02:M:55:角,角,角,unresolved,,,59,59,59,59,0,1,0,0,0,0
unresolved:2014:default:M:49:角,角,角,unresolved,,,59,59,59,59,0,1,0,0,0,0
proeye:41545114,角中　勝也,角中　勝也,low,2016-04-28,2026-06-30,66,57,68,57,-9,58,53,5,2,2091
proeye:41945118,岳野　竜也,岳野　竜也,low,,,36,36,36,36,0,2,0,0,0,0
proeye:51555155,梶原　昂希,梶原　昂希,low,2022-04-21,2026-06-30,83,90,90,83,7,25,25,2,1,819
proeye:61565114,梶谷　隆幸,梶谷　隆幸,low,2016-04-28,2024-11-26,82,69,82,69,-13,47,42,3,1,2583
proeye:91595115,梶本　勇介,梶本　勇介,low,,,63,63,63,63,0,2,0,0,0,0
proeye:51555135,釜元　豪,釜元　豪,medium,2016-04-28,2021-12-23,76,80,80,76,4,28,28,2,0,874
unresolved:2013:20131108:E:50:勧野,勧 野,勧 野,unresolved,,,49,49,49,49,0,1,0,0,0,0
unresolved:2013:default:E:52:勧野,勧 野,勧 野,unresolved,,,49,49,49,49,0,1,0,0,0,0
proeye:31935139,関根　大気,関根　大気,low,2016-04-28,2026-06-30,77,77,77,77,0,56,53,0,0,3715
proeye:81783884,関本　賢太郎,関本　賢太郎,medium,,,40,33,40,33,-7,5,0,0,0,0
unresolved:2013:20131108:C:61:丸,丸,丸,unresolved,,,70,70,70,70,0,1,0,0,0,0
unresolved:2013:default:C:61:丸,丸,丸,unresolved,,,70,70,70,70,0,1,0,0,0,0
unresolved:2014:1_01:C:63:丸,丸,丸,unresolved,,,70,70,70,70,0,1,0,0,0,0
unresolved:2014:1_02:C:63:丸,丸,丸,unresolved,,,70,70,70,70,0,1,0,0,0,0
unresolved:2014:default:C:63:丸,丸,丸,unresolved,,,70,70,70,70,0,1,0,0,0,0
unresolved:2016:1_01:C:60:丸,丸,丸,unresolved,2016-04-28,2016-04-28,70,70,70,70,0,1,1,0,0,0
unresolved:2016:1_03:C:60:丸,丸,丸,unresolved,2016-06-30,2016-06-30,70,70,70,70,0,1,1,0,0,0
unresolved:2016:1_05:C:61:丸,丸,丸,unresolved,2016-09-08,2016-09-08,70,70,70,70,0,1,1,0,0,0
unresolved:2016:1_06:C:61:丸,丸,丸,unresolved,2016-12-15,2016-12-15,70,70,70,70,0,1,1,0,0,0
unresolved:2016:1_07:C:61:丸,丸,丸,unresolved,2017-04-27,2017-04-27,70,70,70,70,0,1,1,0,0,0
unresolved:2016:1_09:C:61:丸,丸,丸,unresolved,2017-07-13,2017-07-13,70,70,70,70,0,1,1,0,0,0
unresolved:2016:1_10:C:63:丸,丸,丸,unresolved,2017-09-14,2017-09-14,70,70,70,70,0,1,1,0,0,0
unresolved:2016:1_11:C:63:丸,丸,丸,unresolved,2017-11-21,2017-11-21,70,70,70,70,0,1,1,0,0,0
unresolved:2016:default:C:60:丸,丸,丸,unresolved,2016-04-28,2016-04-28,70,70,70,70,0,1,1,0,0,0
unresolved:2018:1_01:C:60:丸,丸,丸,unresolved,2018-04-26,2018-04-26,70,70,70,70,0,1,1,0,0,0
unresolved:2018:1_05:C:60:丸,丸,丸,unresolved,2018-07-12,2018-07-12,70,70,70,70,0,1,1,0,0,0
unresolved:2018:1_07:C:62:丸,丸,丸,unresolved,2018-09-13,2018-09-13,70,70,70,70,0,1,1,0,0,0
unresolved:2018:1_09:C:62:丸,丸,丸,unresolved,2018-11-01,2018-11-01,70,70,70,70,0,1,1,0,0,0
unresolved:2018:1_10:G:57:丸,丸,丸,unresolved,2019-04-23,2019-04-23,70,70,70,70,0,1,1,0,0,0
unresolved:2018:1_11:G:58:丸,丸,丸,unresolved,2019-06-13,2019-06-13,70,70,70,70,0,1,1,0,0,0
unresolved:2018:1_12:G:58:丸,丸,丸,unresolved,2019-08-02,2019-08-02,70,70,70,70,0,1,1,0,0,0
unresolved:2018:1_14:G:61:丸,丸,丸,unresolved,2019-09-19,2019-09-19,70,70,70,70,0,1,1,0,0,0
unresolved:2018:1_15:G:61:丸,丸,丸,unresolved,2019-10-25,2019-10-25,70,70,70,70,0,1,1,0,0,0
unresolved:2018:default:C:60:丸,丸,丸,unresolved,2018-04-26,2018-04-26,70,70,70,70,0,1,1,0,0,0
unresolved:2020:1_05:G:63:丸,丸,丸,unresolved,2020-10-08,2020-10-08,70,70,70,70,0,1,1,0,0,0
unresolved:2020:1_06:G:65:丸,丸,丸,unresolved,2020-11-26,2020-11-26,70,70,70,70,0,1,1,0,0,0
unresolved:2020:1_07:G:65:丸,丸,丸,unresolved,2020-12-17,2020-12-17,70,70,70,70,0,1,1,0,0,0
unresolved:2020:1_09:G:60:丸,丸,丸,unresolved,2021-04-08,2021-04-08,70,70,70,70,0,1,1,0,0,0
unresolved:2020:1_12:G:61:丸,丸,丸,unresolved,2021-05-20,2021-05-20,70,70,70,70,0,1,1,0,0,0
unresolved:2020:1_13:G:61:丸,丸,丸,unresolved,2021-07-28,2021-07-28,70,70,70,70,0,1,1,0,0,0
unresolved:2020:1_15:G:66:丸,丸,丸,unresolved,2021-10-28,2021-10-28,70,70,70,70,0,1,1,0,0,0
unresolved:2020:1_16:G:66:丸,丸,丸,unresolved,2021-12-23,2021-12-23,70,70,70,70,0,1,1,0,0,0
unresolved:2020:default:G:60:丸,丸,丸,unresolved,2020-07-09,2020-07-09,70,70,70,70,0,1,1,0,0,0
unresolved:2022:1_02:G:58:丸,丸,丸,unresolved,2022-05-19,2022-05-19,70,70,70,70,0,1,1,0,0,0
unresolved:2022:1_04:G:59:丸,丸,丸,unresolved,2022-07-21,2022-07-21,70,70,70,70,0,1,1,0,0,0
unresolved:2022:1_07:G:63:丸,丸,丸,unresolved,2022-09-29,2022-09-29,70,70,70,70,0,1,1,0,0,0
unresolved:2022:1_08:G:62:丸,丸,丸,unresolved,2022-11-24,2022-11-24,70,70,70,70,0,1,1,0,0,0
unresolved:2022:1_09:G:48:丸,丸,丸,unresolved,2023-03-30,2023-03-30,70,70,70,70,0,1,1,0,0,0
unresolved:2022:1_10:G:53:丸,丸,丸,unresolved,2023-05-25,2023-05-25,70,70,70,70,0,1,1,0,0,0
unresolved:2022:1_11:G:56:丸,丸,丸,unresolved,2023-07-20,2023-07-20,70,70,70,70,0,1,1,0,0,0
unresolved:2022:1_12:G:60:丸,丸,丸,unresolved,2023-09-28,2023-09-28,70,70,70,70,0,1,1,0,0,0
unresolved:2022:1_13:G:59:丸,丸,丸,unresolved,2023-11-30,2023-11-30,65,65,65,65,0,1,1,0,0,0
unresolved:2022:default:G:53:丸,丸,丸,unresolved,2022-04-21,2022-04-21,70,70,70,70,0,1,1,0,0,0
unresolved:2024:1_01:G:57:丸,丸,丸,unresolved,2024-07-18,2024-07-18,65,65,65,65,0,1,1,0,0,0
unresolved:2024:1_04:G:60:丸,丸,丸,unresolved,2024-09-26,2024-09-26,65,65,65,65,0,1,1,0,0,0
unresolved:2024:1_05:G:60:丸,丸,丸,unresolved,2024-10-21,2024-10-21,65,65,65,65,0,1,1,0,0,0
unresolved:2024:1_07:G:60:丸,丸,丸,unresolved,2024-11-26,2024-11-26,65,65,65,65,0,1,1,0,0,0
unresolved:2024:1_08:G:55:丸,丸,丸,unresolved,2025-03-27,2025-03-27,65,65,65,65,0,1,1,0,0,0
unresolved:2024:1_09:G:55:丸,丸,丸,unresolved,2025-04-23,2025-04-23,65,65,65,65,0,1,1,0,0,0
unresolved:2024:1_10:G:59:丸,丸,丸,unresolved,2025-06-02,2025-06-02,65,65,65,65,0,1,1,0,0,0
unresolved:2024:1_11:G:58:丸,丸,丸,unresolved,2025-07-28,2025-07-28,65,65,65,65,0,1,1,0,0,0
unresolved:2024:1_12:G:58:丸,丸,丸,unresolved,2025-09-25,2025-09-25,65,65,65,65,0,1,1,0,0,0
unresolved:2024:1_14:G:58:丸,丸,丸,unresolved,2025-11-20,2025-11-20,65,65,65,65,0,1,1,0,0,0
unresolved:2024:1_15:G:58:丸,丸,丸,unresolved,2025-12-24,2025-12-24,65,65,65,65,0,1,1,0,0,0
unresolved:2024:default:G:56:丸,丸,丸,unresolved,2024-07-18,2024-07-18,65,65,65,65,0,1,1,0,0,0
unresolved:2026:1_10:G:59:丸,丸,丸,unresolved,2026-06-11,2026-06-11,65,65,65,65,0,1,1,0,0,0
unresolved:2026:1_11:G:59:丸,丸,丸,unresolved,2026-06-30,2026-06-30,65,65,65,65,0,1,1,0,0,0
unresolved:2026:default:G:56:丸,丸,丸,unresolved,2026-06-11,2026-06-11,65,65,65,65,0,1,1,0,0,0
proeye:93195155,丸山　和郁,丸山　和郁,low,2022-04-21,2026-06-30,86,86,86,86,0,25,25,0,0,1531
proeye:31635133,丸毛　謙一,丸毛　謙一,medium,,,80,80,80,80,0,3,0,0,0,0
unresolved:2020:1_05:L:60:岸,岸,岸,unresolved,2020-10-08,2020-10-08,80,80,80,80,0,1,1,0,0,0
unresolved:2020:1_06:L:60:岸,岸,岸,unresolved,2020-11-26,2020-11-26,80,80,80,80,0,1,1,0,0,0
unresolved:2020:1_07:L:60:岸,岸,岸,unresolved,2020-12-17,2020-12-17,80,80,80,80,0,1,1,0,0,0
unresolved:2020:1_09:L:58:岸,岸,岸,unresolved,2021-04-08,2021-04-08,80,80,80,80,0,1,1,0,0,0
unresolved:2020:1_12:L:58:岸,岸,岸,unresolved,2021-05-20,2021-05-20,80,80,80,80,0,1,1,0,0,0
unresolved:2020:1_13:L:58:岸,岸,岸,unresolved,2021-07-28,2021-07-28,80,80,80,80,0,1,1,0,0,0
unresolved:2020:1_15:L:57:岸,岸,岸,unresolved,2021-10-28,2021-10-28,80,80,80,80,0,1,1,0,0,0
unresolved:2020:1_16:L:56:岸,岸,岸,unresolved,2021-12-23,2021-12-23,80,80,80,80,0,1,1,0,0,0
unresolved:2020:default:L:59:岸,岸,岸,unresolved,2020-07-09,2020-07-09,80,80,80,80,0,1,1,0,0,0
unresolved:2022:1_02:L:52:岸,岸,岸,unresolved,2022-05-19,2022-05-19,80,80,80,80,0,1,1,0,0,0
unresolved:2022:1_04:L:54:岸,岸,岸,unresolved,2022-07-21,2022-07-21,80,80,80,80,0,1,1,0,0,0
unresolved:2022:1_07:L:57:岸,岸,岸,unresolved,2022-09-29,2022-09-29,80,80,80,80,0,1,1,0,0,0
unresolved:2022:1_08:L:57:岸,岸,岸,unresolved,2022-11-24,2022-11-24,80,80,80,80,0,1,1,0,0,0
unresolved:2022:1_09:L:54:岸,岸,岸,unresolved,2023-03-30,2023-03-30,80,80,80,80,0,1,1,0,0,0
unresolved:2022:1_10:L:54:岸,岸,岸,unresolved,2023-05-25,2023-05-25,80,80,80,80,0,1,1,0,0,0
unresolved:2022:1_11:L:55:岸,岸,岸,unresolved,2023-07-20,2023-07-20,80,80,80,80,0,1,1,0,0,0
unresolved:2022:1_12:L:58:岸,岸,岸,unresolved,2023-09-28,2023-09-28,80,80,80,80,0,1,1,0,0,0
unresolved:2022:1_13:L:58:岸,岸,岸,unresolved,2023-11-30,2023-11-30,80,80,80,80,0,1,1,0,0,0
unresolved:2022:default:L:50:岸,岸,岸,unresolved,2022-04-21,2022-04-21,80,80,80,80,0,1,1,0,0,0
unresolved:2024:1_01:L:55:岸,岸,岸,unresolved,2024-07-18,2024-07-18,80,80,80,80,0,1,1,0,0,0
unresolved:2024:1_04:L:57:岸,岸,岸,unresolved,2024-09-26,2024-09-26,72,72,72,72,0,1,1,0,0,0
unresolved:2024:1_05:L:57:岸,岸,岸,unresolved,2024-10-21,2024-10-21,72,72,72,72,0,1,1,0,0,0
unresolved:2024:1_07:L:58:岸,岸,岸,unresolved,2024-11-26,2024-11-26,72,72,72,72,0,1,1,0,0,0
unresolved:2024:1_08:L:53:岸,岸,岸,unresolved,2025-03-27,2025-03-27,72,72,72,72,0,1,1,0,0,0
unresolved:2024:1_09:L:55:岸,岸,岸,unresolved,2025-04-23,2025-04-23,72,72,72,72,0,1,1,0,0,0
unresolved:2024:1_10:L:59:岸,岸,岸,unresolved,2025-06-02,2025-06-02,72,72,72,72,0,1,1,0,0,0
unresolved:2024:1_11:L:58:岸,岸,岸,unresolved,2025-07-28,2025-07-28,72,72,72,72,0,1,1,0,0,0
unresolved:2024:1_12:L:61:岸,岸,岸,unresolved,2025-09-25,2025-09-25,72,72,72,72,0,1,1,0,0,0
unresolved:2024:1_14:L:61:岸,岸,岸,unresolved,2025-11-20,2025-11-20,72,72,72,72,0,1,1,0,0,0
unresolved:2024:1_15:L:61:岸,岸,岸,unresolved,2025-12-24,2025-12-24,72,72,72,72,0,1,1,0,0,0
unresolved:2024:default:L:55:岸,岸,岸,unresolved,2024-07-18,2024-07-18,80,80,80,80,0,1,1,0,0,0
unresolved:2026:1_10:L:55:岸,岸,岸,unresolved,2026-06-11,2026-06-11,72,72,72,72,0,1,1,0,0,0
unresolved:2026:1_11:L:55:岸,岸,岸,unresolved,2026-06-30,2026-06-30,72,72,72,72,0,1,1,0,0,0
unresolved:2026:default:L:54:岸,岸,岸,unresolved,2026-06-11,2026-06-11,72,72,72,72,0,1,1,0,0,0
proeye:91595136,岸田　行倫,岸田　行倫,low,2018-04-26,2026-06-30,55,55,55,55,0,44,44,0,0,2987
proeye:11715139,岸里　亮佑,岸里　亮佑,low,2016-04-28,2019-10-25,72,72,72,72,0,22,19,0,0,1275
proeye:21125119,岩舘　学,岩舘　学,low,,,52,52,52,52,0,2,0,0,0,0
proeye:51355136,岩見　雅紀,岩見　雅紀,low,2018-04-26,2022-11-24,56,56,56,56,0,24,24,0,0,1673
proeye:11313884,岩村　明憲,岩村　明憲,medium,,,45,45,45,45,0,5,0,0,0,0
proeye:51355155,岩田　幸宏,岩田　幸宏,low,2024-07-18,2026-06-30,85,96,96,85,11,14,14,2,1,303
proeye:71375118,岩本　貴裕,岩本　貴裕,medium,2016-04-28,2019-10-25,42,40,42,40,-2,24,19,1,0,771
proeye:31335118,岩﨑　恭平,岩﨑　恭平,medium,2016-04-28,2017-11-21,88,88,88,70,0,14,9,0,0,572
proeye:81185114,岩﨑　達郎,岩﨑　達郎,low,2016-04-28,2017-11-21,73,73,73,73,0,12,7,0,0,572
proeye:31935153,喜多　隆介,喜多　隆介,low,2021-10-28,2025-12-24,48,48,48,48,0,24,24,0,0,1518
proeye:71775131,鬼屋敷　正人,鬼屋敷　正人,low,2016-04-28,2017-11-21,58,58,58,58,0,14,9,0,0,572
proeye:31535116,鬼﨑　裕司,鬼﨑　裕司,low,2016-04-28,2017-11-21,63,63,63,63,0,14,9,0,0,572
proeye:81385110,亀井　善行,亀井　善行,medium,2016-04-28,2021-12-23,72,66,72,66,-6,33,28,3,0,1309
proeye:71575135,亀澤　恭平,亀澤　恭平,medium,2016-04-28,2019-10-25,81,69,81,69,-12,19,19,2,1,771
proeye:51755138,宜保　翔,宜保　翔,medium,2019-04-23,2024-11-26,77,77,77,77,0,29,29,0,0,2044
proeye:61565135,菊池　涼介,菊池　涼介,low,2016-04-28,2026-06-30,82,72,82,72,-10,58,53,1,1,3143
proeye:31935151,菊田　拡和,菊田　拡和,low,2020-07-09,2024-11-26,40,51,51,40,11,24,24,2,1,742
unresolved:2013:20131108:D:59:吉田,吉 田,吉 田,unresolved,,,54,54,54,54,0,1,0,0,0,0
unresolved:2013:default:D:59:吉田,吉 田,吉 田,unresolved,,,54,54,54,54,0,1,0,0,0,0
proeye:33335132,吉持　亮汰,吉持　亮汰,low,2016-04-28,2018-11-01,86,86,86,86,0,14,14,0,0,917
proeye:73375134,吉川　尚輝,吉川　尚輝,low,2017-04-27,2026-06-30,80,80,80,80,0,48,48,0,0,3351
proeye:21825133,吉川　大幾,吉川　大幾,low,2016-04-28,2020-12-17,70,70,70,66,0,28,23,0,0,1694
proeye:61665117,吉村　裕基,吉村　裕基,low,2016-04-28,2018-11-01,52,50,62,50,-2,19,14,1,0,728
proeye:13515157,吉田　賢吾,吉田　賢吾,low,2023-03-30,2026-06-30,42,42,42,42,0,20,20,0,0,1188
proeye:63165132,吉田　正尚,吉田　正尚,medium,2016-04-28,2022-11-24,62,57,62,52,-5,33,33,4,0,1484
proeye:33135138,吉田　大成,吉田　大成,medium,2019-04-23,2022-11-24,67,67,67,67,0,19,19,0,0,1311
proeye:91695139,吉田　裕太,吉田　裕太,low,2016-04-28,2022-11-24,56,56,56,56,0,36,33,0,0,2401
proeye:01605139,吉田　雄人,吉田　雄人,low,2016-04-28,2018-11-01,70,70,70,70,0,17,14,0,0,917
proeye:03305150,吉納　翼,吉納　翼,low,2025-03-27,2026-06-30,61,61,61,61,0,10,10,0,0,460
proeye:43545155,吉野　創士,吉野　創士,low,2022-04-21,2026-06-30,58,58,58,58,0,25,25,0,0,1531
proeye:81585157,久保　修,久保　修,low,2023-03-30,2026-06-30,71,71,71,71,0,20,20,0,0,1188
unresolved:2026:1_10:BA:48:宮下,宮 下,宮 下,unresolved,2026-06-11,2026-06-11,58,58,58,58,0,1,1,0,0,0
unresolved:2026:1_11:BA:48:宮下,宮 下,宮 下,unresolved,2026-06-30,2026-06-30,58,58,58,58,0,1,1,0,0,0
unresolved:2026:default:BA:48:宮下,宮 下,宮 下,unresolved,2026-06-11,2026-06-11,58,58,58,58,0,1,1,0,0,0
proeye:83185159,宮崎　一樹,宮崎　一樹,low,2024-07-18,2026-06-30,88,88,88,88,0,15,15,0,0,712
proeye:81885150,宮崎　竜成,宮崎　竜成,low,2025-03-27,2026-06-30,73,73,73,73,0,10,10,0,0,460
proeye:91895151,宮田　輝星,宮田　輝星,medium,2021-10-28,2022-11-24,84,84,84,84,0,7,7,0,0,392
proeye:91895136,宮本　秀明,宮本　秀明,medium,2018-04-26,2022-11-24,63,78,78,63,15,24,24,1,1,1596
proeye:01805136,宮本　丈,宮本　丈,low,2018-04-26,2026-06-30,62,62,62,62,0,44,44,0,0,2987
proeye:51053880,宮本　慎也,宮本　慎也,medium,,,45,45,45,45,0,2,0,0,0,0
proeye:51455137,宮﨑　敏郎,宮﨑　敏郎,low,2016-04-28,2026-06-30,55,33,55,33,-22,58,53,5,3,1771
proeye:41645133,宮﨑　祐樹,宮﨑　祐樹,medium,2016-04-28,2019-10-25,67,64,67,64,-3,24,19,1,0,1044
proeye:81585134,京田　陽太,京田　陽太,low,2017-04-27,2026-06-30,78,78,89,78,0,48,48,5,2,1295
unresolved:2013:20131108:T:37:橋本,橋 本,橋 本,unresolved,,,41,41,41,41,0,1,0,0,0,0
unresolved:2013:default:T:37:橋本,橋 本,橋 本,unresolved,,,41,41,41,41,0,1,0,0,0,0
proeye:11615157,橋本　星哉,橋本　星哉,low,2024-09-26,2026-06-30,67,67,67,67,0,13,13,0,0,642
proeye:51455118,橋本　到,橋本　到,medium,2016-04-28,2019-10-25,72,65,72,65,-7,24,19,1,1,572
proeye:41745135,近藤　健介,近藤　健介,low,2016-04-28,2026-06-30,50,64,64,38,14,58,53,3,1,1771
proeye:81785130,近藤　弘基,近藤　弘基,low,2016-09-08,2019-10-25,62,62,62,62,0,16,16,0,0,1142
proeye:71075138,近本　光司,近本　光司,low,2019-04-23,2026-06-30,86,86,90,86,0,39,39,2,0,1764
unresolved:2022:1_09:M:48:金田,金 田,金 田,unresolved,2023-03-30,2023-03-30,59,59,59,59,0,1,1,0,0,0
unresolved:2022:1_10:M:48:金田,金 田,金 田,unresolved,2023-05-25,2023-05-25,59,59,59,59,0,1,1,0,0,0
unresolved:2022:1_11:M:48:金田,金 田,金 田,unresolved,2023-07-20,2023-07-20,59,59,59,59,0,1,1,0,0,0
unresolved:2022:1_12:M:47:金田,金 田,金 田,unresolved,2023-09-28,2023-09-28,59,59,59,59,0,1,1,0,0,0
unresolved:2022:1_13:M:47:金田,金 田,金 田,unresolved,2023-11-30,2023-11-30,59,59,59,59,0,1,1,0,0,0
unresolved:2024:1_01:M:48:金田,金 田,金 田,unresolved,2024-07-18,2024-07-18,59,59,59,59,0,1,1,0,0,0
unresolved:2024:1_04:M:50:金田,金 田,金 田,unresolved,2024-09-26,2024-09-26,59,59,59,59,0,1,1,0,0,0
unresolved:2024:1_05:M:50:金田,金 田,金 田,unresolved,2024-10-21,2024-10-21,59,59,59,59,0,1,1,0,0,0
unresolved:2024:1_07:M:50:金田,金 田,金 田,unresolved,2024-11-26,2024-11-26,59,59,59,59,0,1,1,0,0,0
unresolved:2024:1_08:M:45:金田,金 田,金 田,unresolved,2025-03-27,2025-03-27,59,59,59,59,0,1,1,0,0,0
unresolved:2024:1_09:M:46:金田,金 田,金 田,unresolved,2025-04-23,2025-04-23,59,59,59,59,0,1,1,0,0,0
unresolved:2024:1_10:M:46:金田,金 田,金 田,unresolved,2025-06-02,2025-06-02,59,59,59,59,0,1,1,0,0,0
unresolved:2024:1_11:M:46:金田,金 田,金 田,unresolved,2025-07-28,2025-07-28,59,59,59,59,0,1,1,0,0,0
unresolved:2024:1_12:M:48:金田,金 田,金 田,unresolved,2025-09-25,2025-09-25,59,59,59,59,0,1,1,0,0,0
unresolved:2024:1_14:M:50:金田,金 田,金 田,unresolved,2025-11-20,2025-11-20,59,59,59,59,0,1,1,0,0,0
unresolved:2024:1_15:M:50:金田,金 田,金 田,unresolved,2025-12-24,2025-12-24,59,59,59,59,0,1,1,0,0,0
unresolved:2024:default:M:47:金田,金 田,金 田,unresolved,2024-07-18,2024-07-18,59,59,59,59,0,1,1,0,0,0
proeye:61565139,金子　一輝,金子　一輝,low,2016-04-28,2019-10-25,60,65,65,53,5,22,19,1,0,868
proeye:61365119,金子　圭輔,金子　圭輔,medium,2016-04-28,2016-12-15,67,67,67,65,0,10,5,0,0,231
proeye:21323889,金子　誠,金子　誠,high,,,50,50,50,50,0,5,0,0,0,0
proeye:01505137,金子　侑司,金子　侑司,medium,2016-04-28,2024-11-26,81,78,88,78,-3,48,43,3,1,1812
proeye:91593888,金城　龍彦,金城　龍彦,medium,,,61,59,61,59,-2,5,0,0,0,0
proeye:61565117,金澤　岳,金澤　岳,medium,2016-04-28,2018-11-01,35,35,35,35,0,19,14,0,0,917
proeye:31735134,九鬼　隆平,九鬼　隆平,low,2017-04-27,2026-06-30,58,58,58,58,0,42,42,0,0,3351
proeye:01705135,駒月　仁人,駒月　仁人,low,2016-04-28,2021-12-23,57,57,57,57,0,33,28,0,0,2065
unresolved:2026:1_10:OBU:65:窪田,窪 田,窪 田,unresolved,2026-06-11,2026-06-11,73,73,73,73,0,1,1,0,0,0
unresolved:2026:1_11:OBU:65:窪田,窪 田,窪 田,unresolved,2026-06-30,2026-06-30,73,73,73,73,0,1,1,0,0,0
unresolved:2026:default:OBU:65:窪田,窪 田,窪 田,unresolved,2026-06-11,2026-06-11,73,73,73,73,0,1,1,0,0,0
proeye:21725133,熊代　聖人,熊代　聖人,low,2016-04-28,2022-11-24,78,78,78,78,0,38,33,0,0,2401
proeye:81585136,熊谷　敬宥,熊谷　敬宥,low,2018-04-26,2026-06-30,79,79,79,79,0,44,44,0,0,2987
unresolved:2016:1_01:E:43:栗原,栗 原,栗 原,unresolved,2016-04-28,2016-04-28,49,49,49,49,0,1,1,0,0,0
unresolved:2016:1_03:E:50:栗原,栗 原,栗 原,unresolved,2016-06-30,2016-06-30,49,49,49,49,0,1,1,0,0,0
unresolved:2016:1_05:E:51:栗原,栗 原,栗 原,unresolved,2016-09-08,2016-09-08,49,49,49,49,0,1,1,0,0,0
unresolved:2016:1_06:E:52:栗原,栗 原,栗 原,unresolved,2016-12-15,2016-12-15,49,49,49,49,0,1,1,0,0,0
unresolved:2016:default:E:46:栗原,栗 原,栗 原,unresolved,2016-04-28,2016-04-28,49,49,49,49,0,1,1,0,0,0
proeye:31535111,栗原　健太,栗原　健太,low,,,49,49,49,49,0,5,0,0,0,0
proeye:01705130,栗原　陵矢,栗原　陵矢,low,2016-04-28,2026-06-30,56,59,65,54,3,53,53,7,2,1533
proeye:51755115,栗山　巧,栗山　巧,low,2016-04-28,2026-06-30,60,47,60,47,-13,58,53,2,1,2431
unresolved:2026:1_10:L:58:桑原,桑 原,桑 原,unresolved,2026-06-11,2026-06-11,82,82,82,82,0,1,1,0,0,0
unresolved:2026:1_11:L:58:桑原,桑 原,桑 原,unresolved,2026-06-30,2026-06-30,82,82,82,82,0,1,1,0,0,0
unresolved:2026:default:L:58:桑原,桑 原,桑 原,unresolved,2026-06-11,2026-06-11,82,82,82,82,0,1,1,0,0,0
proeye:51755135,桑原　将志,桑原　将志,medium,2016-04-28,2025-12-24,70,82,82,70,12,55,50,1,1,2955
unresolved:2016:1_07:F:40:郡,郡,郡,unresolved,2017-04-27,2017-04-27,66,66,66,66,0,1,1,0,0,0
unresolved:2016:1_09:F:40:郡,郡,郡,unresolved,2017-07-13,2017-07-13,66,66,66,66,0,1,1,0,0,0
unresolved:2016:1_10:F:39:郡,郡,郡,unresolved,2017-09-14,2017-09-14,66,66,66,66,0,1,1,0,0,0
unresolved:2016:1_11:F:38:郡,郡,郡,unresolved,2017-11-21,2017-11-21,66,66,66,66,0,1,1,0,0,0
unresolved:2018:1_01:F:41:郡,郡,郡,unresolved,2018-04-26,2018-04-26,66,66,66,66,0,1,1,0,0,0
unresolved:2018:1_05:F:40:郡,郡,郡,unresolved,2018-07-12,2018-07-12,66,66,66,66,0,1,1,0,0,0
unresolved:2018:1_07:F:41:郡,郡,郡,unresolved,2018-09-13,2018-09-13,66,66,66,66,0,1,1,0,0,0
unresolved:2018:1_09:F:41:郡,郡,郡,unresolved,2018-11-01,2018-11-01,66,66,66,66,0,1,1,0,0,0
unresolved:2018:1_10:F:44:郡,郡,郡,unresolved,2019-04-23,2019-04-23,66,66,66,66,0,1,1,0,0,0
unresolved:2018:1_11:F:43:郡,郡,郡,unresolved,2019-06-13,2019-06-13,66,66,66,66,0,1,1,0,0,0
unresolved:2018:1_12:F:43:郡,郡,郡,unresolved,2019-08-02,2019-08-02,66,66,66,66,0,1,1,0,0,0
unresolved:2018:1_14:F:43:郡,郡,郡,unresolved,2019-09-19,2019-09-19,66,66,66,66,0,1,1,0,0,0
unresolved:2018:1_15:F:43:郡,郡,郡,unresolved,2019-10-25,2019-10-25,66,66,66,66,0,1,1,0,0,0
unresolved:2018:default:F:41:郡,郡,郡,unresolved,2018-04-26,2018-04-26,66,66,66,66,0,1,1,0,0,0
unresolved:2020:1_05:F:42:郡,郡,郡,unresolved,2020-10-08,2020-10-08,66,66,66,66,0,1,1,0,0,0
unresolved:2020:1_06:F:42:郡,郡,郡,unresolved,2020-11-26,2020-11-26,66,66,66,66,0,1,1,0,0,0
unresolved:2020:1_07:F:42:郡,郡,郡,unresolved,2020-12-17,2020-12-17,66,66,66,66,0,1,1,0,0,0
unresolved:2020:1_09:F:37:郡,郡,郡,unresolved,2021-04-08,2021-04-08,66,66,66,66,0,1,1,0,0,0
unresolved:2020:1_12:F:39:郡,郡,郡,unresolved,2021-05-20,2021-05-20,66,66,66,66,0,1,1,0,0,0
unresolved:2020:1_13:F:40:郡,郡,郡,unresolved,2021-07-28,2021-07-28,66,66,66,66,0,1,1,0,0,0
unresolved:2020:1_15:F:38:郡,郡,郡,unresolved,2021-10-28,2021-10-28,66,66,66,66,0,1,1,0,0,0
unresolved:2020:1_16:F:38:郡,郡,郡,unresolved,2021-12-23,2021-12-23,66,66,66,66,0,1,1,0,0,0
unresolved:2020:default:F:42:郡,郡,郡,unresolved,2020-07-09,2020-07-09,66,66,66,66,0,1,1,0,0,0
unresolved:2022:1_02:F:39:郡,郡,郡,unresolved,2022-05-19,2022-05-19,66,66,66,66,0,1,1,0,0,0
unresolved:2022:1_04:F:39:郡,郡,郡,unresolved,2022-07-21,2022-07-21,66,66,66,66,0,1,1,0,0,0
unresolved:2022:1_07:F:38:郡,郡,郡,unresolved,2022-09-29,2022-09-29,66,66,66,66,0,1,1,0,0,0
unresolved:2022:1_08:F:40:郡,郡,郡,unresolved,2022-11-24,2022-11-24,66,66,66,66,0,1,1,0,0,0
unresolved:2022:1_09:F:43:郡,郡,郡,unresolved,2023-03-30,2023-03-30,66,66,66,66,0,1,1,0,0,0
unresolved:2022:1_10:F:43:郡,郡,郡,unresolved,2023-05-25,2023-05-25,66,66,66,66,0,1,1,0,0,0
unresolved:2022:1_11:F:43:郡,郡,郡,unresolved,2023-07-20,2023-07-20,66,66,66,66,0,1,1,0,0,0
unresolved:2022:1_12:F:42:郡,郡,郡,unresolved,2023-09-28,2023-09-28,66,66,66,66,0,1,1,0,0,0
unresolved:2022:1_13:F:42:郡,郡,郡,unresolved,2023-11-30,2023-11-30,66,66,66,66,0,1,1,0,0,0
unresolved:2022:default:F:37:郡,郡,郡,unresolved,2022-04-21,2022-04-21,66,66,66,66,0,1,1,0,0,0
unresolved:2024:1_01:G:42:郡,郡,郡,unresolved,2024-07-18,2024-07-18,66,66,66,66,0,1,1,0,0,0
unresolved:2024:1_04:G:43:郡,郡,郡,unresolved,2024-09-26,2024-09-26,66,66,66,66,0,1,1,0,0,0
unresolved:2024:1_05:G:43:郡,郡,郡,unresolved,2024-10-21,2024-10-21,66,66,66,66,0,1,1,0,0,0
unresolved:2024:1_07:G:43:郡,郡,郡,unresolved,2024-11-26,2024-11-26,66,66,66,66,0,1,1,0,0,0
unresolved:2024:1_08:G:38:郡,郡,郡,unresolved,2025-03-27,2025-03-27,66,66,66,66,0,1,1,0,0,0
unresolved:2024:1_09:G:38:郡,郡,郡,unresolved,2025-04-23,2025-04-23,66,66,66,66,0,1,1,0,0,0
unresolved:2024:1_10:G:39:郡,郡,郡,unresolved,2025-06-02,2025-06-02,66,66,66,66,0,1,1,0,0,0
unresolved:2024:1_11:G:38:郡,郡,郡,unresolved,2025-07-28,2025-07-28,66,66,66,66,0,1,1,0,0,0
unresolved:2024:1_12:G:40:郡,郡,郡,unresolved,2025-09-25,2025-09-25,66,66,66,66,0,1,1,0,0,0
unresolved:2024:1_14:G:40:郡,郡,郡,unresolved,2025-11-20,2025-11-20,66,66,66,66,0,1,1,0,0,0
unresolved:2024:1_15:G:40:郡,郡,郡,unresolved,2025-12-24,2025-12-24,66,66,66,66,0,1,1,0,0,0
unresolved:2024:default:G:40:郡,郡,郡,unresolved,2024-07-18,2024-07-18,66,66,66,66,0,1,1,0,0,0
unresolved:2026:1_10:G:38:郡,郡,郡,unresolved,2026-06-11,2026-06-11,66,66,66,66,0,1,1,0,0,0
unresolved:2026:1_11:G:38:郡,郡,郡,unresolved,2026-06-30,2026-06-30,66,66,66,66,0,1,1,0,0,0
unresolved:2026:default:G:37:郡,郡,郡,unresolved,2026-06-11,2026-06-11,66,66,66,66,0,1,1,0,0,0
proeye:21925151,郡司　裕也,郡司　裕也,low,2020-07-09,2026-06-30,61,61,61,61,0,34,34,0,0,2182
unresolved:2014:1_01:D:37:桂,桂,桂,unresolved,,,47,47,47,47,0,1,0,0,0,0
unresolved:2014:1_02:D:36:桂,桂,桂,unresolved,,,47,47,47,47,0,1,0,0,0,0
unresolved:2014:default:D:37:桂,桂,桂,unresolved,,,47,47,47,47,0,1,0,0,0,0
unresolved:2016:1_01:D:35:桂,桂,桂,unresolved,2016-04-28,2016-04-28,47,47,47,47,0,1,1,0,0,0
unresolved:2016:1_03:D:35:桂,桂,桂,unresolved,2016-06-30,2016-06-30,47,47,47,47,0,1,1,0,0,0
unresolved:2016:1_05:D:36:桂,桂,桂,unresolved,2016-09-08,2016-09-08,47,47,47,47,0,1,1,0,0,0
unresolved:2016:1_06:D:36:桂,桂,桂,unresolved,2016-12-15,2016-12-15,47,47,47,47,0,1,1,0,0,0
unresolved:2016:1_07:D:34:桂,桂,桂,unresolved,2017-04-27,2017-04-27,47,47,47,47,0,1,1,0,0,0
unresolved:2016:1_09:D:35:桂,桂,桂,unresolved,2017-07-13,2017-07-13,47,47,47,47,0,1,1,0,0,0
unresolved:2016:1_10:D:36:桂,桂,桂,unresolved,2017-09-14,2017-09-14,47,47,47,47,0,1,1,0,0,0
unresolved:2016:1_11:D:37:桂,桂,桂,unresolved,2017-11-21,2017-11-21,47,47,47,47,0,1,1,0,0,0
unresolved:2016:default:D:35:桂,桂,桂,unresolved,2016-04-28,2016-04-28,47,47,47,47,0,1,1,0,0,0
unresolved:2018:1_01:D:35:桂,桂,桂,unresolved,2018-04-26,2018-04-26,47,47,47,47,0,1,1,0,0,0
unresolved:2018:1_05:D:37:桂,桂,桂,unresolved,2018-07-12,2018-07-12,47,47,47,47,0,1,1,0,0,0
unresolved:2018:1_07:D:38:桂,桂,桂,unresolved,2018-09-13,2018-09-13,47,47,47,47,0,1,1,0,0,0
unresolved:2018:1_09:D:38:桂,桂,桂,unresolved,2018-11-01,2018-11-01,47,47,47,47,0,1,1,0,0,0
unresolved:2018:1_10:D:37:桂,桂,桂,unresolved,2019-04-23,2019-04-23,42,42,42,42,0,1,1,0,0,0
unresolved:2018:1_11:D:38:桂,桂,桂,unresolved,2019-06-13,2019-06-13,42,42,42,42,0,1,1,0,0,0
unresolved:2018:1_12:D:38:桂,桂,桂,unresolved,2019-08-02,2019-08-02,42,42,42,42,0,1,1,0,0,0
unresolved:2018:1_14:D:39:桂,桂,桂,unresolved,2019-09-19,2019-09-19,42,42,42,42,0,1,1,0,0,0
unresolved:2018:1_15:D:39:桂,桂,桂,unresolved,2019-10-25,2019-10-25,42,42,42,42,0,1,1,0,0,0
unresolved:2018:default:D:34:桂,桂,桂,unresolved,2018-04-26,2018-04-26,47,47,47,47,0,1,1,0,0,0
unresolved:2020:1_05:D:40:桂,桂,桂,unresolved,2020-10-08,2020-10-08,42,42,42,42,0,1,1,0,0,0
unresolved:2020:1_06:D:42:桂,桂,桂,unresolved,2020-11-26,2020-11-26,42,42,42,42,0,1,1,0,0,0
unresolved:2020:1_07:D:42:桂,桂,桂,unresolved,2020-12-17,2020-12-17,42,42,42,42,0,1,1,0,0,0
unresolved:2020:1_09:D:38:桂,桂,桂,unresolved,2021-04-08,2021-04-08,42,42,42,42,0,1,1,0,0,0
unresolved:2020:1_12:D:38:桂,桂,桂,unresolved,2021-05-20,2021-05-20,42,42,42,42,0,1,1,0,0,0
unresolved:2020:1_13:D:37:桂,桂,桂,unresolved,2021-07-28,2021-07-28,42,42,42,42,0,1,1,0,0,0
unresolved:2020:1_15:D:36:桂,桂,桂,unresolved,2021-10-28,2021-10-28,42,42,42,42,0,1,1,0,0,0
unresolved:2020:1_16:D:36:桂,桂,桂,unresolved,2021-12-23,2021-12-23,42,42,42,42,0,1,1,0,0,0
unresolved:2020:default:D:40:桂,桂,桂,unresolved,2020-07-09,2020-07-09,42,42,42,42,0,1,1,0,0,0
unresolved:2022:1_02:D:32:桂,桂,桂,unresolved,2022-05-19,2022-05-19,42,42,42,42,0,1,1,0,0,0
unresolved:2022:1_04:D:34:桂,桂,桂,unresolved,2022-07-21,2022-07-21,42,42,42,42,0,1,1,0,0,0
unresolved:2022:1_07:D:36:桂,桂,桂,unresolved,2022-09-29,2022-09-29,42,42,42,42,0,1,1,0,0,0
unresolved:2022:1_08:D:36:桂,桂,桂,unresolved,2022-11-24,2022-11-24,42,42,42,42,0,1,1,0,0,0
unresolved:2022:default:D:33:桂,桂,桂,unresolved,2022-04-21,2022-04-21,42,42,42,42,0,1,1,0,0,0
unresolved:2013:20131108:C:58:迎,迎,迎,unresolved,,,70,70,70,70,0,1,0,0,0,0
unresolved:2013:default:C:58:迎,迎,迎,unresolved,,,70,70,70,70,0,1,0,0,0,0
unresolved:2014:1_01:C:61:迎,迎,迎,unresolved,,,70,70,70,70,0,1,0,0,0,0
unresolved:2014:1_02:C:61:迎,迎,迎,unresolved,,,70,70,70,70,0,1,0,0,0,0
unresolved:2014:default:C:61:迎,迎,迎,unresolved,,,70,70,70,70,0,1,0,0,0,0
unresolved:2020:1_09:OBU:59:元,元,元,unresolved,2021-04-08,2021-04-08,70,70,70,70,0,1,1,0,0,0
unresolved:2020:1_12:OBU:61:元,元,元,unresolved,2021-05-20,2021-05-20,70,70,70,70,0,1,1,0,0,0
unresolved:2020:1_13:OBU:60:元,元,元,unresolved,2021-07-28,2021-07-28,70,70,70,70,0,1,1,0,0,0
unresolved:2020:1_15:OBU:63:元,元,元,unresolved,2021-10-28,2021-10-28,70,70,70,70,0,1,1,0,0,0
unresolved:2020:1_16:OBU:63:元,元,元,unresolved,2021-12-23,2021-12-23,70,70,70,70,0,1,1,0,0,0
unresolved:2022:1_02:OBU:57:元,元,元,unresolved,2022-05-19,2022-05-19,70,70,70,70,0,1,1,0,0,0
unresolved:2022:1_04:OBU:59:元,元,元,unresolved,2022-07-21,2022-07-21,70,70,70,70,0,1,1,0,0,0
unresolved:2022:1_07:OBU:68:元,元,元,unresolved,2022-09-29,2022-09-29,70,70,70,70,0,1,1,0,0,0
unresolved:2022:1_08:OBU:68:元,元,元,unresolved,2022-11-24,2022-11-24,70,70,70,70,0,1,1,0,0,0
unresolved:2022:1_09:OBU:57:元,元,元,unresolved,2023-03-30,2023-03-30,70,70,70,70,0,1,1,0,0,0
unresolved:2022:1_10:OBU:60:元,元,元,unresolved,2023-05-25,2023-05-25,70,70,70,70,0,1,1,0,0,0
unresolved:2022:1_11:OBU:63:元,元,元,unresolved,2023-07-20,2023-07-20,70,70,70,70,0,1,1,0,0,0
unresolved:2022:1_12:OBU:59:元,元,元,unresolved,2023-09-28,2023-09-28,70,70,70,70,0,1,1,0,0,0
unresolved:2022:1_13:OBU:59:元,元,元,unresolved,2023-11-30,2023-11-30,70,70,70,70,0,1,1,0,0,0
unresolved:2022:default:OBU:56:元,元,元,unresolved,2022-04-21,2022-04-21,70,70,70,70,0,1,1,0,0,0
unresolved:2024:1_01:OBU:60:元,元,元,unresolved,2024-07-18,2024-07-18,70,70,70,70,0,1,1,0,0,0
unresolved:2024:1_04:OBU:64:元,元,元,unresolved,2024-09-26,2024-09-26,70,70,70,70,0,1,1,0,0,0
unresolved:2024:1_05:OBU:64:元,元,元,unresolved,2024-10-21,2024-10-21,70,70,70,70,0,1,1,0,0,0
unresolved:2024:1_07:OBU:64:元,元,元,unresolved,2024-11-26,2024-11-26,70,70,70,70,0,1,1,0,0,0
unresolved:2024:1_08:OBU:60:元,元,元,unresolved,2025-03-27,2025-03-27,70,70,70,70,0,1,1,0,0,0
unresolved:2024:1_09:OBU:60:元,元,元,unresolved,2025-04-23,2025-04-23,70,70,70,70,0,1,1,0,0,0
unresolved:2024:1_10:OBU:60:元,元,元,unresolved,2025-06-02,2025-06-02,70,70,70,70,0,1,1,0,0,0
unresolved:2024:1_11:OBU:61:元,元,元,unresolved,2025-07-28,2025-07-28,70,70,70,70,0,1,1,0,0,0
unresolved:2024:1_12:OBU:63:元,元,元,unresolved,2025-09-25,2025-09-25,70,70,70,70,0,1,1,0,0,0
unresolved:2024:1_14:OBU:62:元,元,元,unresolved,2025-11-20,2025-11-20,70,70,70,70,0,1,1,0,0,0
unresolved:2024:1_15:OBU:62:元,元,元,unresolved,2025-12-24,2025-12-24,70,70,70,70,0,1,1,0,0,0
unresolved:2024:default:OBU:60:元,元,元,unresolved,2024-07-18,2024-07-18,70,70,70,70,0,1,1,0,0,0
unresolved:2026:1_10:T:50:元山,元 山,元 山,unresolved,2026-06-11,2026-06-11,53,53,53,53,0,1,1,0,0,0
unresolved:2026:1_11:T:50:元山,元 山,元 山,unresolved,2026-06-30,2026-06-30,53,53,53,53,0,1,1,0,0,0
unresolved:2026:default:T:49:元山,元 山,元 山,unresolved,2026-06-11,2026-06-11,53,53,53,53,0,1,1,0,0,0
proeye:33335153,元山　飛優,元山　飛優,medium,2021-04-08,2025-12-24,61,53,61,53,-8,27,27,1,1,1197
unresolved:2013:20131108:OBU:43:原,原,原,unresolved,,,51,51,51,51,0,1,0,0,0,0
unresolved:2013:default:OBU:43:原,原,原,unresolved,,,53,53,53,53,0,1,0,0,0,0
unresolved:2014:1_01:OBU:42:原,原,原,unresolved,,,47,47,47,47,0,1,0,0,0,0
unresolved:2014:1_02:OBU:42:原,原,原,unresolved,,,47,47,47,47,0,1,0,0,0,0
unresolved:2014:default:OBU:42:原,原,原,unresolved,,,47,47,47,47,0,1,0,0,0,0
unresolved:2016:1_01:OBU:46:原,原,原,unresolved,2016-04-28,2016-04-28,47,47,47,47,0,1,1,0,0,0
unresolved:2016:1_01:S:65:原,原,原,unresolved,2016-04-28,2016-04-28,43,43,43,43,0,1,1,0,0,0
unresolved:2016:1_03:OBU:48:原,原,原,unresolved,2016-06-30,2016-06-30,47,47,47,47,0,1,1,0,0,0
unresolved:2016:1_03:S:66:原,原,原,unresolved,2016-06-30,2016-06-30,43,43,43,43,0,1,1,0,0,0
unresolved:2016:1_05:OBU:50:原,原,原,unresolved,2016-09-08,2016-09-08,47,47,47,47,0,1,1,0,0,0
unresolved:2016:1_05:S:70:原,原,原,unresolved,2016-09-08,2016-09-08,43,43,43,43,0,1,1,0,0,0
unresolved:2016:1_06:OBU:53:原,原,原,unresolved,2016-12-15,2016-12-15,47,47,47,47,0,1,1,0,0,0
unresolved:2016:1_06:S:70:原,原,原,unresolved,2016-12-15,2016-12-15,43,43,43,43,0,1,1,0,0,0
unresolved:2016:1_07:S:64:原,原,原,unresolved,2017-04-27,2017-04-27,43,43,43,43,0,1,1,0,0,0
unresolved:2016:1_09:S:65:原,原,原,unresolved,2017-07-13,2017-07-13,43,43,43,43,0,1,1,0,0,0
unresolved:2016:1_10:S:66:原,原,原,unresolved,2017-09-14,2017-09-14,43,43,43,43,0,1,1,0,0,0
unresolved:2016:1_11:S:66:原,原,原,unresolved,2017-11-21,2017-11-21,43,43,43,43,0,1,1,0,0,0
unresolved:2016:default:OBU:43:原,原,原,unresolved,2016-04-28,2016-04-28,47,47,47,47,0,1,1,0,0,0
unresolved:2016:default:S:65:原泉,原 泉,原 泉,unresolved,2016-04-28,2016-04-28,43,43,43,43,0,1,1,0,0,0
proeye:61065131,原口　文仁,原口　文仁,medium,2016-06-30,2025-12-24,44,44,44,44,0,48,48,0,0,3464
proeye:71775134,源田　壮亮,源田　壮亮,low,2017-04-27,2026-06-30,82,80,86,80,-2,48,48,2,1,2431
unresolved:2016:1_01:H:46:古沢,古 澤,古 澤,unresolved,2016-04-28,2016-04-28,61,61,61,61,0,1,1,0,0,0
unresolved:2016:1_03:H:48:古沢,古 澤,古 澤,unresolved,2016-06-30,2016-06-30,61,61,61,61,0,1,1,0,0,0
unresolved:2016:1_05:H:50:古沢,古 澤,古 澤,unresolved,2016-09-08,2016-09-08,61,61,61,61,0,1,1,0,0,0
unresolved:2016:1_06:H:50:古沢,古 澤,古 澤,unresolved,2016-12-15,2016-12-15,61,61,61,61,0,1,1,0,0,0
unresolved:2016:1_07:H:46:古沢,古 澤,古 澤,unresolved,2017-04-27,2017-04-27,61,61,61,61,0,1,1,0,0,0
unresolved:2016:1_09:H:48:古沢,古 澤,古 澤,unresolved,2017-07-13,2017-07-13,61,61,61,61,0,1,1,0,0,0
unresolved:2016:1_10:H:49:古沢,古 澤,古 澤,unresolved,2017-09-14,2017-09-14,61,61,61,61,0,1,1,0,0,0
unresolved:2016:1_11:H:47:古沢,古 澤,古 澤,unresolved,2017-11-21,2017-11-21,61,61,61,61,0,1,1,0,0,0
unresolved:2016:default:H:46:古沢,古 澤,古 澤,unresolved,2016-04-28,2016-04-28,61,61,61,61,0,1,1,0,0,0
unresolved:2018:1_01:H:46:古沢,古 澤,古 澤,unresolved,2018-04-26,2018-04-26,61,61,61,61,0,1,1,0,0,0
unresolved:2018:1_05:H:48:古沢,古 澤,古 澤,unresolved,2018-07-12,2018-07-12,61,61,61,61,0,1,1,0,0,0
unresolved:2018:1_07:H:50:古沢,古 澤,古 澤,unresolved,2018-09-13,2018-09-13,61,61,61,61,0,1,1,0,0,0
unresolved:2018:1_09:H:50:古沢,古 澤,古 澤,unresolved,2018-11-01,2018-11-01,61,61,61,61,0,1,1,0,0,0
unresolved:2018:default:H:44:古沢,古 澤,古 澤,unresolved,2018-04-26,2018-04-26,61,61,61,61,0,1,1,0,0,0
proeye:01705134,古賀　優大,古賀　優大,low,2017-04-27,2026-06-30,46,46,46,46,0,48,48,0,0,3351
proeye:81785155,古賀　悠斗,古賀　悠斗,low,2022-04-21,2026-06-30,35,47,47,35,12,25,25,1,1,1006
unresolved:2024:1_08:L:43:古賀輝,古賀輝,古賀輝,unresolved,2025-03-27,2025-03-27,67,67,67,67,0,1,1,0,0,0
unresolved:2024:1_09:L:44:古賀輝,古賀輝,古賀輝,unresolved,2025-04-23,2025-04-23,67,67,67,67,0,1,1,0,0,0
unresolved:2024:1_10:L:45:古賀輝,古賀輝,古賀輝,unresolved,2025-06-02,2025-06-02,67,67,67,67,0,1,1,0,0,0
unresolved:2024:1_11:L:45:古賀輝,古賀輝,古賀輝,unresolved,2025-07-28,2025-07-28,67,67,67,67,0,1,1,0,0,0
unresolved:2024:1_12:L:47:古賀輝,古賀輝,古賀輝,unresolved,2025-09-25,2025-09-25,67,67,67,67,0,1,1,0,0,0
unresolved:2024:1_14:L:46:古賀輝,古賀輝,古賀輝,unresolved,2025-11-20,2025-11-20,67,67,67,67,0,1,1,0,0,0
unresolved:2024:1_15:L:46:古賀輝,古賀輝,古賀輝,unresolved,2025-12-24,2025-12-24,67,67,67,67,0,1,1,0,0,0
proeye:91895155,古市　尊,古市　尊,medium,2023-07-20,2025-12-24,64,64,64,64,0,15,15,0,0,888
proeye:21223886,古城　茂幸,古城　茂幸,medium,,,59,55,59,55,-4,2,0,0,0,0
proeye:01805153,古川　裕大,古川　裕大,low,2021-04-08,2025-12-24,67,67,67,67,0,27,27,0,0,1721
proeye:51855157,古川　雄大,古川　雄大,low,2023-03-30,2026-06-30,72,72,72,72,0,20,20,0,0,1188
proeye:81085137,古本　武尊,古本　武尊,low,2016-04-28,2017-11-21,51,51,51,51,0,14,9,0,0,572
unresolved:2022:1_09:T:48:戸井,戸 井,戸 井,unresolved,2023-03-30,2023-03-30,48,48,48,48,0,1,1,0,0,0
unresolved:2022:1_10:T:48:戸井,戸 井,戸 井,unresolved,2023-05-25,2023-05-25,48,48,48,48,0,1,1,0,0,0
unresolved:2022:1_11:T:48:戸井,戸 井,戸 井,unresolved,2023-07-20,2023-07-20,48,48,48,48,0,1,1,0,0,0
unresolved:2022:1_12:T:48:戸井,戸 井,戸 井,unresolved,2023-09-28,2023-09-28,48,48,48,48,0,1,1,0,0,0
unresolved:2022:1_13:T:48:戸井,戸 井,戸 井,unresolved,2023-11-30,2023-11-30,48,48,48,48,0,1,1,0,0,0
unresolved:2024:1_01:T:45:戸井,戸 井,戸 井,unresolved,2024-07-18,2024-07-18,48,48,48,48,0,1,1,0,0,0
unresolved:2024:1_04:T:48:戸井,戸 井,戸 井,unresolved,2024-09-26,2024-09-26,48,48,48,48,0,1,1,0,0,0
unresolved:2024:1_05:T:48:戸井,戸 井,戸 井,unresolved,2024-10-21,2024-10-21,48,48,48,48,0,1,1,0,0,0
unresolved:2024:1_07:T:48:戸井,戸 井,戸 井,unresolved,2024-11-26,2024-11-26,48,48,48,48,0,1,1,0,0,0
unresolved:2024:1_08:T:47:戸井,戸 井,戸 井,unresolved,2025-03-27,2025-03-27,48,48,48,48,0,1,1,0,0,0
unresolved:2024:1_09:T:48:戸井,戸 井,戸 井,unresolved,2025-04-23,2025-04-23,48,48,48,48,0,1,1,0,0,0
unresolved:2024:1_10:T:47:戸井,戸 井,戸 井,unresolved,2025-06-02,2025-06-02,48,48,48,48,0,1,1,0,0,0
unresolved:2024:1_11:T:47:戸井,戸 井,戸 井,unresolved,2025-07-28,2025-07-28,48,48,48,48,0,1,1,0,0,0
unresolved:2024:1_12:T:52:戸井,戸 井,戸 井,unresolved,2025-09-25,2025-09-25,48,48,48,48,0,1,1,0,0,0
unresolved:2024:1_14:T:53:戸井,戸 井,戸 井,unresolved,2025-11-20,2025-11-20,48,48,48,48,0,1,1,0,0,0
unresolved:2024:1_15:T:53:戸井,戸 井,戸 井,unresolved,2025-12-24,2025-12-24,48,48,48,48,0,1,1,0,0,0
unresolved:2024:default:T:46:戸井,戸 井,戸 井,unresolved,2024-07-18,2024-07-18,48,48,48,48,0,1,1,0,0,0
unresolved:2020:1_07:G:29:戸根,戸 根,戸 根,unresolved,2020-12-17,2020-12-17,63,63,63,63,0,1,1,0,0,0
proeye:01205130,戸川　大輔,戸川　大輔,low,2016-04-28,2022-11-24,77,77,77,77,0,33,33,0,0,2401
proeye:41245132,戸柱　恭孝,戸柱　恭孝,low,2016-04-28,2026-06-30,50,41,50,41,-9,53,53,2,0,3003
proeye:11315153,五十幡　亮汰,五十幡　亮汰,low,2021-04-08,2026-06-30,94,97,97,94,3,30,30,1,0,1292
unresolved:2016:1_01:L:53:呉,呉,呉,unresolved,2016-04-28,2016-04-28,70,70,70,70,0,1,1,0,0,0
unresolved:2016:1_03:L:53:呉,呉,呉,unresolved,2016-06-30,2016-06-30,70,70,70,70,0,1,1,0,0,0
unresolved:2016:1_05:L:54:呉,呉,呉,unresolved,2016-09-08,2016-09-08,70,70,70,70,0,1,1,0,0,0
unresolved:2016:1_06:L:53:呉,呉,呉,unresolved,2016-12-15,2016-12-15,70,70,70,70,0,1,1,0,0,0
unresolved:2016:1_07:L:47:呉,呉,呉,unresolved,2017-04-27,2017-04-27,70,70,70,70,0,1,1,0,0,0
unresolved:2016:1_09:L:52:呉,呉,呉,unresolved,2017-07-13,2017-07-13,70,70,70,70,0,1,1,0,0,0
unresolved:2016:1_10:L:58:呉,呉,呉,unresolved,2017-09-14,2017-09-14,70,70,70,70,0,1,1,0,0,0
unresolved:2016:1_11:L:57:呉,呉,呉,unresolved,2017-11-21,2017-11-21,70,70,70,70,0,1,1,0,0,0
unresolved:2016:default:L:53:呉,呉,呉,unresolved,2016-04-28,2016-04-28,70,70,70,70,0,1,1,0,0,0
unresolved:2018:1_01:L:53:呉,呉,呉,unresolved,2018-04-26,2018-04-26,70,70,70,70,0,1,1,0,0,0
unresolved:2018:1_05:L:53:呉,呉,呉,unresolved,2018-07-12,2018-07-12,70,70,70,70,0,1,1,0,0,0
unresolved:2018:1_07:L:56:呉,呉,呉,unresolved,2018-09-13,2018-09-13,70,70,70,70,0,1,1,0,0,0
unresolved:2018:1_09:L:56:呉,呉,呉,unresolved,2018-11-01,2018-11-01,70,70,70,70,0,1,1,0,0,0
unresolved:2018:1_10:L:53:呉,呉,呉,unresolved,2019-04-23,2019-04-23,70,70,70,70,0,1,1,0,0,0
unresolved:2018:1_11:L:53:呉,呉,呉,unresolved,2019-06-13,2019-06-13,70,70,70,70,0,1,1,0,0,0
unresolved:2018:1_12:L:54:呉,呉,呉,unresolved,2019-08-02,2019-08-02,70,70,70,70,0,1,1,0,0,0
unresolved:2018:1_14:L:54:呉,呉,呉,unresolved,2019-09-19,2019-09-19,70,70,70,70,0,1,1,0,0,0
unresolved:2018:1_15:L:54:呉,呉,呉,unresolved,2019-10-25,2019-10-25,70,70,70,70,0,1,1,0,0,0
unresolved:2018:default:L:53:呉,呉,呉,unresolved,2018-04-26,2018-04-26,70,70,70,70,0,1,1,0,0,0
unresolved:2020:1_05:L:52:呉,呉,呉,unresolved,2020-10-08,2020-10-08,70,70,70,70,0,1,1,0,0,0
unresolved:2020:1_06:L:52:呉,呉,呉,unresolved,2020-11-26,2020-11-26,70,70,70,70,0,1,1,0,0,0
unresolved:2020:1_07:L:52:呉,呉,呉,unresolved,2020-12-17,2020-12-17,70,70,70,70,0,1,1,0,0,0
unresolved:2020:1_09:L:52:呉,呉,呉,unresolved,2021-04-08,2021-04-08,70,70,70,70,0,1,1,0,0,0
unresolved:2020:1_12:L:53:呉,呉,呉,unresolved,2021-05-20,2021-05-20,70,70,70,70,0,1,1,0,0,0
unresolved:2020:1_13:L:50:呉,呉,呉,unresolved,2021-07-28,2021-07-28,70,70,70,70,0,1,1,0,0,0
unresolved:2020:1_15:L:52:呉,呉,呉,unresolved,2021-10-28,2021-10-28,70,70,70,70,0,1,1,0,0,0
unresolved:2020:1_16:L:51:呉,呉,呉,unresolved,2021-12-23,2021-12-23,70,70,70,70,0,1,1,0,0,0
unresolved:2020:default:L:53:呉,呉,呉,unresolved,2020-07-09,2020-07-09,70,70,70,70,0,1,1,0,0,0
unresolved:2022:1_02:L:47:呉,呉,呉,unresolved,2022-05-19,2022-05-19,70,70,70,70,0,1,1,0,0,0
unresolved:2022:1_04:L:48:呉,呉,呉,unresolved,2022-07-21,2022-07-21,70,70,70,70,0,1,1,0,0,0
unresolved:2022:1_07:L:51:呉,呉,呉,unresolved,2022-09-29,2022-09-29,70,70,70,70,0,1,1,0,0,0
unresolved:2022:1_08:L:50:呉,呉,呉,unresolved,2022-11-24,2022-11-24,70,70,70,70,0,1,1,0,0,0
unresolved:2022:1_09:L:48:呉,呉,呉,unresolved,2023-03-30,2023-03-30,70,70,70,70,0,1,1,0,0,0
unresolved:2022:1_10:L:50:呉,呉,呉,unresolved,2023-05-25,2023-05-25,70,70,70,70,0,1,1,0,0,0
unresolved:2022:1_11:L:51:呉,呉,呉,unresolved,2023-07-20,2023-07-20,70,70,70,70,0,1,1,0,0,0
unresolved:2022:1_12:L:52:呉,呉,呉,unresolved,2023-09-28,2023-09-28,70,70,70,70,0,1,1,0,0,0
unresolved:2022:1_13:L:53:呉,呉,呉,unresolved,2023-11-30,2023-11-30,70,70,70,70,0,1,1,0,0,0
unresolved:2022:default:L:46:呉,呉,呉,unresolved,2022-04-21,2022-04-21,70,70,70,70,0,1,1,0,0,0
unresolved:2013:20131108:OBU:42:後藤,後 藤,後 藤,unresolved,,,55,55,55,55,0,1,0,0,0,0
unresolved:2013:default:OBU:41:後藤,後 藤,後 藤,unresolved,,,57,57,57,57,0,1,0,0,0,0
proeye:71775115,後藤　光尊,後藤　光尊,medium,2016-04-28,2016-12-15,62,62,62,52,0,8,5,0,0,231
proeye:81785133,後藤　駿太,後藤　駿太,medium,2016-04-28,2024-11-26,78,78,78,78,0,48,43,0,0,3134
proeye:41545110,工藤　隆人,工藤　隆人,low,2016-04-28,2018-11-01,82,78,82,78,-4,19,14,1,0,504
proeye:21325130,江越　大賀,江越　大賀,medium,2016-04-28,2024-11-26,84,85,85,84,1,43,43,1,0,2770
proeye:11315110,江川　智晃,江川　智晃,medium,2016-04-28,2019-10-25,68,68,71,68,0,24,19,0,0,1275
proeye:61365133,江村　直也,江村　直也,low,2016-04-28,2023-11-30,40,40,40,40,0,43,38,0,0,2772
proeye:81285137,溝脇　隼人,溝脇　隼人,low,2016-04-28,2023-11-30,67,72,72,64,5,43,38,1,0,2212
proeye:91595133,甲斐　拓也,甲斐　拓也,low,2016-04-28,2026-06-30,38,59,71,38,21,56,53,4,2,1477
proeye:91995151,紅林　弘太郎,紅林　弘太郎,low,2020-07-09,2026-06-30,63,56,63,56,-7,34,34,2,0,1314
proeye:51255136,綱島　龍生,綱島　龍生,low,2018-04-26,2021-12-23,68,70,70,68,2,19,19,1,0,1120
unresolved:2013:20131108:F:39:荒張,荒 張,荒 張,unresolved,,,40,40,40,40,0,1,0,0,0,0
unresolved:2013:default:F:39:荒張,荒 張,荒 張,unresolved,,,40,40,40,40,0,1,0,0,0,0
unresolved:2014:1_01:F:42:荒張,荒 張,荒 張,unresolved,,,40,40,40,40,0,1,0,0,0,0
unresolved:2014:1_02:F:43:荒張,荒 張,荒 張,unresolved,,,40,40,40,40,0,1,0,0,0,0
unresolved:2014:default:F:42:荒張,荒 張,荒 張,unresolved,,,40,40,40,40,0,1,0,0,0,0
unresolved:2016:1_01:F:42:荒張,荒 張,荒 張,unresolved,2016-04-28,2016-04-28,40,40,40,40,0,1,1,0,0,0
unresolved:2016:1_03:F:40:荒張,荒 張,荒 張,unresolved,2016-06-30,2016-06-30,40,40,40,40,0,1,1,0,0,0
unresolved:2016:1_05:F:40:荒張,荒 張,荒 張,unresolved,2016-09-08,2016-09-08,40,40,40,40,0,1,1,0,0,0
unresolved:2016:1_06:F:40:荒張,荒 張,荒 張,unresolved,2016-12-15,2016-12-15,40,40,40,40,0,1,1,0,0,0
unresolved:2016:default:F:42:荒張,荒 張,荒 張,unresolved,2016-04-28,2016-04-28,40,40,40,40,0,1,1,0,0,0
proeye:71175150,荒巻　悠,荒巻　悠,low,2025-03-27,2026-06-30,52,52,52,52,0,10,10,0,0,460
proeye:01105133,荒波　翔,荒波　翔,medium,2016-04-28,2018-11-01,84,74,89,74,-10,19,14,1,1,504
proeye:91195133,荒木　郁也,荒木　郁也,low,2016-04-28,2021-12-23,85,78,86,78,-7,33,28,4,0,534
proeye:71173882,荒木　雅博,荒木　雅博,medium,2016-04-28,2018-11-01,71,69,75,69,-2,19,14,1,0,476
proeye:01105131,荒木　貴裕,荒木　貴裕,medium,2016-04-28,2023-11-30,60,60,64,58,0,43,38,0,0,2772
proeye:21525130,香月　一也,香月　一也,low,2016-04-28,2023-11-30,42,42,42,42,0,36,36,0,0,2772
unresolved:2014:1_01:T:68:高山,高 山,高 山,unresolved,,,49,49,49,49,0,1,0,0,0,0
unresolved:2014:1_02:T:68:高山,高 山,高 山,unresolved,,,49,49,49,49,0,1,0,0,0,0
unresolved:2014:default:T:68:高山,高 山,高 山,unresolved,,,49,49,49,49,0,1,0,0,0,0
proeye:01005117,高井　雄平,高井　雄平,medium,2016-04-28,2021-12-23,71,71,71,51,0,33,28,0,0,2065
proeye:91095135,高橋　周平,高橋　周平,low,2016-04-28,2026-06-30,50,46,54,46,-4,58,53,3,1,2476
proeye:51953886,高橋　由伸,高橋　由伸,medium,,,46,46,46,46,0,5,0,0,0,0
unresolved:2013:20131108:G:57:高橋洸,高橋洸,高橋洸,unresolved,,,66,66,66,66,0,1,0,0,0,0
unresolved:2013:default:G:57:高橋洸,高橋洸,高橋洸,unresolved,,,66,66,66,66,0,1,0,0,0,0
proeye:81985112,高口　隆行,高口　隆行,medium,,,55,55,55,55,0,2,0,0,0,0
proeye:61765111,高山　久,高山　久,medium,,,49,49,49,49,0,2,0,0,0,0
proeye:41743886,高須　洋介,高須　洋介,medium,,,56,56,56,56,0,2,0,0,0,0
proeye:71075136,高木　渉,高木　渉,medium,2019-04-23,2024-11-26,79,66,79,66,-13,29,29,2,1,1311
proeye:21725112,黒羽根　利規,黒羽根　利規,low,2016-04-28,2020-12-17,54,54,54,54,0,28,23,0,0,1694
proeye:71775132,黒瀬　健太,黒瀬　健太,low,2016-04-28,2022-11-24,21,27,27,21,6,16,16,1,1,917
proeye:01505119,黒瀬　春樹,黒瀬　春樹,low,,,60,60,60,60,0,5,0,0,0,0
proeye:01905151,黒川　史陽,黒川　史陽,low,2020-07-09,2026-06-30,62,62,62,62,0,34,34,0,0,2182
proeye:11315134,今井　順之助,今井　順之助,low,2017-04-27,2021-12-23,50,50,50,50,0,23,23,0,0,1701
proeye:31335131,今宮　健太,今宮　健太,low,2016-04-28,2026-06-30,66,66,70,66,0,58,53,4,0,2440
proeye:01305115,今江　年晶,今江　年晶,medium,2016-04-28,2019-10-25,54,54,54,54,0,24,19,0,0,1275
proeye:31335112,今成　亮太,今成　亮太,low,2016-04-28,2018-11-01,56,56,56,56,0,19,14,0,0,917
proeye:21325153,今川　優馬,今川　優馬,low,2021-04-08,2026-06-30,64,64,64,64,0,30,30,0,0,1909
proeye:61165114,今浪　隆博,今浪　隆博,medium,2016-04-28,2017-11-21,56,56,56,56,0,14,9,0,0,572
unresolved:2016:1_07:OBU:27:根本,根 本,根 本,unresolved,2017-04-27,2017-04-27,72,72,72,72,0,1,1,0,0,0
unresolved:2016:1_09:OBU:29:根本,根 本,根 本,unresolved,2017-07-13,2017-07-13,72,72,72,72,0,1,1,0,0,0
unresolved:2016:1_10:OBU:27:根本,根 本,根 本,unresolved,2017-09-14,2017-09-14,72,72,72,72,0,1,1,0,0,0
unresolved:2016:1_11:OBU:27:根本,根 本,根 本,unresolved,2017-11-21,2017-11-21,72,72,72,72,0,1,1,0,0,0
unresolved:2018:1_01:OBU:64:根本,根 本,根 本,unresolved,2018-04-26,2018-04-26,78,78,78,78,0,1,1,0,0,0
unresolved:2018:1_05:OBU:64:根本,根 本,根 本,unresolved,2018-07-12,2018-07-12,78,78,78,78,0,1,1,0,0,0
unresolved:2018:1_07:OBU:67:根本,根 本,根 本,unresolved,2018-09-13,2018-09-13,78,78,78,78,0,1,1,0,0,0
unresolved:2018:1_09:OBU:68:根本,根 本,根 本,unresolved,2018-11-01,2018-11-01,78,78,78,78,0,1,1,0,0,0
unresolved:2018:1_10:OBU:65:根本,根 本,根 本,unresolved,2019-04-23,2019-04-23,78,78,78,78,0,1,1,0,0,0
unresolved:2018:1_11:OBU:67:根本,根 本,根 本,unresolved,2019-06-13,2019-06-13,78,78,78,78,0,1,1,0,0,0
unresolved:2018:1_12:OBU:68:根本,根 本,根 本,unresolved,2019-08-02,2019-08-02,78,78,78,78,0,1,1,0,0,0
unresolved:2018:1_14:OBU:70:根本,根 本,根 本,unresolved,2019-09-19,2019-09-19,78,78,78,78,0,1,1,0,0,0
unresolved:2018:1_15:OBU:69:根本,根 本,根 本,unresolved,2019-10-25,2019-10-25,78,78,78,78,0,1,1,0,0,0
unresolved:2018:default:OBU:64:根本,根 本,根 本,unresolved,2018-04-26,2018-04-26,78,78,78,78,0,1,1,0,0,0
unresolved:2020:1_05:OBU:66:根本,根 本,根 本,unresolved,2020-10-08,2020-10-08,78,78,78,78,0,1,1,0,0,0
unresolved:2020:1_06:OBU:67:根本,根 本,根 本,unresolved,2020-11-26,2020-11-26,78,78,78,78,0,1,1,0,0,0
unresolved:2020:1_07:OBU:67:根本,根 本,根 本,unresolved,2020-12-17,2020-12-17,78,78,78,78,0,1,1,0,0,0
unresolved:2020:default:OBU:66:根本,根 本,根 本,unresolved,2020-07-09,2020-07-09,78,78,78,78,0,1,1,0,0,0
proeye:01205112,根元　俊一,根元　俊一,medium,2016-04-28,2018-11-01,64,64,64,64,0,19,14,0,0,917
proeye:81285138,根尾　昂,根尾　昂,low,2019-04-23,2025-09-25,65,65,65,65,0,34,34,0,0,2347
unresolved:2020:1_05:L:47:佐藤,佐 藤,佐 藤,unresolved,2020-10-08,2020-10-08,55,55,55,55,0,1,1,0,0,0
unresolved:2020:1_06:L:49:佐藤,佐 藤,佐 藤,unresolved,2020-11-26,2020-11-26,55,55,55,55,0,1,1,0,0,0
unresolved:2020:1_07:L:49:佐藤,佐 藤,佐 藤,unresolved,2020-12-17,2020-12-17,55,55,55,55,0,1,1,0,0,0
unresolved:2020:default:L:46:佐藤,佐 藤,佐 藤,unresolved,2020-07-09,2020-07-09,55,55,55,55,0,1,1,0,0,0
unresolved:2026:1_10:E:60:佐藤,佐 藤,佐 藤,unresolved,2026-06-11,2026-06-11,82,82,82,82,0,1,1,0,0,0
unresolved:2026:1_11:E:60:佐藤,佐 藤,佐 藤,unresolved,2026-06-30,2026-06-30,82,82,82,82,0,1,1,0,0,0
unresolved:2026:default:E:68:佐藤,佐 藤,佐 藤,unresolved,2026-06-11,2026-06-11,82,82,82,82,0,1,1,0,0,0
unresolved:2020:1_09:OBU:63:佐野,佐 野,佐 野,unresolved,2021-04-08,2021-04-08,93,93,93,93,0,1,1,0,0,0
unresolved:2024:1_08:OBU:59:佐野,佐 野,佐 野,unresolved,2025-03-27,2025-03-27,93,93,93,93,0,1,1,0,0,0
unresolved:2024:1_08:T:55:佐野,佐 野,佐 野,unresolved,2025-03-27,2025-03-27,73,73,73,73,0,1,1,0,0,0
unresolved:2024:1_09:OBU:59:佐野,佐 野,佐 野,unresolved,2025-04-23,2025-04-23,93,93,93,93,0,1,1,0,0,0
unresolved:2024:1_09:T:56:佐野,佐 野,佐 野,unresolved,2025-04-23,2025-04-23,73,73,73,73,0,1,1,0,0,0
unresolved:2024:1_10:OBU:58:佐野,佐 野,佐 野,unresolved,2025-06-02,2025-06-02,93,93,93,93,0,1,1,0,0,0
unresolved:2024:1_10:T:57:佐野,佐 野,佐 野,unresolved,2025-06-02,2025-06-02,73,73,73,73,0,1,1,0,0,0
unresolved:2024:1_11:OBU:59:佐野,佐 野,佐 野,unresolved,2025-07-28,2025-07-28,93,93,93,93,0,1,1,0,0,0
unresolved:2024:1_11:T:56:佐野,佐 野,佐 野,unresolved,2025-07-28,2025-07-28,73,73,73,73,0,1,1,0,0,0
unresolved:2024:1_12:OBU:61:佐野,佐 野,佐 野,unresolved,2025-09-25,2025-09-25,93,93,93,93,0,1,1,0,0,0
unresolved:2024:1_12:T:50:佐野,佐 野,佐 野,unresolved,2025-09-25,2025-09-25,73,73,73,73,0,1,1,0,0,0
unresolved:2024:1_14:OBU:60:佐野,佐 野,佐 野,unresolved,2025-11-20,2025-11-20,93,93,93,93,0,1,1,0,0,0
unresolved:2024:1_14:T:50:佐野,佐 野,佐 野,unresolved,2025-11-20,2025-11-20,73,73,73,73,0,1,1,0,0,0
unresolved:2024:1_15:OBU:60:佐野,佐 野,佐 野,unresolved,2025-12-24,2025-12-24,93,93,93,93,0,1,1,0,0,0
unresolved:2024:1_15:T:50:佐野,佐 野,佐 野,unresolved,2025-12-24,2025-12-24,73,73,73,73,0,1,1,0,0,0
unresolved:2026:1_10:T:47:佐野,佐 野,佐 野,unresolved,2026-06-11,2026-06-11,73,73,73,73,0,1,1,0,0,0
unresolved:2026:1_11:T:47:佐野,佐 野,佐 野,unresolved,2026-06-30,2026-06-30,73,73,73,73,0,1,1,0,0,0
unresolved:2026:default:T:46:佐野,佐 野,佐 野,unresolved,2026-06-11,2026-06-11,73,73,73,73,0,1,1,0,0,0
proeye:51955159,佐々木　俊輔,佐々木　俊輔,low,2024-07-18,2026-06-30,73,76,76,73,3,15,15,1,0,642
proeye:11015150,佐々木　泰,佐々木　泰,low,2025-03-27,2026-06-30,65,65,65,65,0,10,10,0,0,460
proeye:41045153,佐藤　輝明,佐藤　輝明,low,2021-04-08,2026-06-30,68,68,68,68,0,30,30,0,0,1909
proeye:71975159,佐藤　啓介,佐藤　啓介,low,2024-09-26,2026-06-30,70,70,70,70,0,13,13,0,0,642
proeye:91995114,佐藤　賢治,佐藤　賢治,medium,,,56,56,56,56,0,5,0,0,0,0
proeye:51055150,佐藤　太陽,佐藤　太陽,low,2025-09-25,2026-06-30,83,83,83,83,0,6,6,0,0,278
proeye:91095151,佐藤　直樹,佐藤　直樹,low,2020-07-09,2025-12-24,82,82,82,82,0,29,29,0,0,1994
proeye:71075151,佐藤　都志也,佐藤　都志也,low,2020-07-09,2026-06-30,76,71,76,71,-5,34,34,1,0,2042
proeye:81785138,佐藤　龍世,佐藤　龍世,low,2019-04-23,2025-12-24,55,44,55,40,-11,32,32,2,1,827
proeye:91995134,佐野　恵太,佐野　恵太,low,2017-04-27,2026-06-30,53,48,53,48,-5,48,48,1,0,2219
proeye:11215153,佐野　如一,佐野　如一,low,2021-05-20,2023-11-30,71,71,71,71,0,14,14,0,0,924
proeye:91995130,佐野　皓大,佐野　皓大,medium,2018-09-13,2024-11-26,81,93,93,81,12,30,30,3,1,1461
unresolved:2013:20131108:BA:42:細山田,細山田,細山田,unresolved,,,52,52,52,52,0,1,0,0,0,0
unresolved:2013:default:BA:42:細山田,細山田,細山田,unresolved,,,52,52,52,52,0,1,0,0,0,0
proeye:71475115,細川　亨,細川　亨,medium,2016-04-28,2020-12-17,34,34,36,34,0,28,23,0,0,1694
proeye:31835134,細川　成也,細川　成也,low,2017-04-27,2026-06-30,60,60,60,60,0,48,48,0,0,3351
proeye:61865153,細川　凌平,細川　凌平,low,2021-04-08,2026-06-30,82,84,84,82,2,30,30,1,0,1197
proeye:21425112,細谷　圭,細谷　圭,medium,2016-04-28,2020-12-17,42,60,64,42,18,28,23,3,2,1491
unresolved:2013:20131108:T:52:坂,坂,坂,unresolved,,,70,70,70,70,0,1,0,0,0,0
unresolved:2013:default:T:54:坂,坂,坂,unresolved,,,70,70,70,70,0,1,0,0,0,0
unresolved:2014:1_01:T:53:坂,坂,坂,unresolved,,,69,69,69,69,0,1,0,0,0,0
unresolved:2014:1_02:T:53:坂,坂,坂,unresolved,,,69,69,69,69,0,1,0,0,0,0
unresolved:2014:default:T:53:坂,坂,坂,unresolved,,,69,69,69,69,0,1,0,0,0,0
unresolved:2016:1_01:T:53:坂,坂,坂,unresolved,2016-04-28,2016-04-28,67,67,67,67,0,1,1,0,0,0
unresolved:2016:1_03:T:55:坂,坂,坂,unresolved,2016-06-30,2016-06-30,67,67,67,67,0,1,1,0,0,0
unresolved:2016:1_05:T:57:坂,坂,坂,unresolved,2016-09-08,2016-09-08,67,67,67,67,0,1,1,0,0,0
unresolved:2016:1_06:T:56:坂,坂,坂,unresolved,2016-12-15,2016-12-15,67,67,67,67,0,1,1,0,0,0
unresolved:2016:default:T:50:坂,坂,坂,unresolved,2016-04-28,2016-04-28,67,67,67,67,0,1,1,0,0,0
proeye:11715137,坂口　真規,坂口　真規,low,,,51,51,51,51,0,5,0,0,0,0
proeye:21925117,坂口　智隆,坂口　智隆,medium,2016-04-28,2022-11-24,70,67,70,67,-3,38,33,2,0,1624
proeye:11915134,坂倉　将吾,坂倉　将吾,low,2017-04-27,2026-06-30,52,68,71,52,16,48,48,2,1,2499
proeye:01705118,坂田　遼,坂田　遼,low,2016-04-28,2018-11-01,33,33,33,33,0,19,14,0,0,917
proeye:11915132,坂本　誠志郎,坂本　誠志郎,low,2016-04-28,2026-06-30,53,56,56,53,3,53,53,1,0,3211
proeye:51955114,坂本　勇人,坂本　勇人,low,2016-04-28,2026-06-30,74,57,74,57,-17,58,53,4,1,1624
unresolved:2026:1_10:E:69:阪上,阪 上,阪 上,unresolved,2026-06-11,2026-06-11,73,73,73,73,0,1,1,0,0,0
unresolved:2026:1_11:E:69:阪上,阪 上,阪 上,unresolved,2026-06-30,2026-06-30,73,73,73,73,0,1,1,0,0,0
unresolved:2026:default:E:67:阪上,阪 上,阪 上,unresolved,2026-06-11,2026-06-11,73,73,73,73,0,1,1,0,0,0
proeye:71975155,阪口　樂,阪口　樂,low,2022-04-21,2026-06-30,41,47,47,41,6,25,25,1,1,1076
proeye:21925155,笹原　操希,笹原　操希,medium,2025-06-02,2025-12-24,72,72,72,72,0,5,5,0,0,205
proeye:91095153,笹川　吉康,笹川　吉康,low,2021-04-08,2026-06-30,62,66,66,62,4,30,30,1,0,1006
proeye:51655133,三ツ俣　大樹,三ツ俣　大樹,low,2016-04-28,2024-11-26,50,50,50,50,0,48,43,0,0,3134
proeye:81685135,三家　和真,三家　和真,low,2017-04-27,2020-12-17,66,68,68,66,2,18,18,1,0,1190
proeye:11815135,三好　匠,三好　匠,low,2016-04-28,2023-11-30,70,70,70,68,0,43,38,0,0,2772
proeye:83185153,三好　大倫,三好　大倫,low,2021-04-08,2024-11-26,79,79,79,79,0,20,20,0,0,1328
proeye:33135134,三森　大貴,三森　大貴,low,2017-04-27,2026-06-30,73,92,92,73,19,48,48,4,1,1314
proeye:13115157,三塚　琉生,三塚　琉生,low,2025-09-25,2026-06-30,50,50,50,50,0,6,6,0,0,278
proeye:51455139,三木　亮,三木　亮,low,2016-04-28,2023-11-30,63,62,67,62,-1,41,38,2,0,1239
proeye:81485116,三輪　正義,三輪　正義,low,2016-04-28,2019-10-25,88,88,88,88,0,24,19,0,0,1275
unresolved:2016:1_01:S:38:山川,山 川,山 川,unresolved,2016-04-28,2016-04-28,48,48,48,48,0,1,1,0,0,0
unresolved:2016:1_03:S:39:山川,山 川,山 川,unresolved,2016-06-30,2016-06-30,48,48,48,48,0,1,1,0,0,0
unresolved:2016:1_05:S:40:山川,山 川,山 川,unresolved,2016-09-08,2016-09-08,48,48,48,48,0,1,1,0,0,0
unresolved:2016:1_06:S:40:山川,山 川,山 川,unresolved,2016-12-15,2016-12-15,48,48,48,48,0,1,1,0,0,0
unresolved:2016:1_07:S:38:山川,山 川,山 川,unresolved,2017-04-27,2017-04-27,48,48,48,48,0,1,1,0,0,0
unresolved:2016:1_09:S:38:山川,山 川,山 川,unresolved,2017-07-13,2017-07-13,48,48,48,48,0,1,1,0,0,0
unresolved:2016:1_10:S:38:山川,山 川,山 川,unresolved,2017-09-14,2017-09-14,48,48,48,48,0,1,1,0,0,0
unresolved:2016:1_11:S:38:山川,山 川,山 川,unresolved,2017-11-21,2017-11-21,48,48,48,48,0,1,1,0,0,0
unresolved:2016:default:S:38:山川,山 川,山 川,unresolved,2016-04-28,2016-04-28,48,48,48,48,0,1,1,0,0,0
unresolved:2018:1_01:S:37:山川,山 川,山 川,unresolved,2018-04-26,2018-04-26,48,48,48,48,0,1,1,0,0,0
unresolved:2018:1_05:S:39:山川,山 川,山 川,unresolved,2018-07-12,2018-07-12,48,48,48,48,0,1,1,0,0,0
unresolved:2018:1_07:S:39:山川,山 川,山 川,unresolved,2018-09-13,2018-09-13,48,48,48,48,0,1,1,0,0,0
unresolved:2018:1_09:S:39:山川,山 川,山 川,unresolved,2018-11-01,2018-11-01,48,48,48,48,0,1,1,0,0,0
unresolved:2018:1_10:S:39:山川,山 川,山 川,unresolved,2019-04-23,2019-04-23,48,48,48,48,0,1,1,0,0,0
unresolved:2018:1_11:S:41:山川,山 川,山 川,unresolved,2019-06-13,2019-06-13,48,48,48,48,0,1,1,0,0,0
unresolved:2018:1_12:S:40:山川,山 川,山 川,unresolved,2019-08-02,2019-08-02,48,48,48,48,0,1,1,0,0,0
unresolved:2018:1_14:S:41:山川,山 川,山 川,unresolved,2019-09-19,2019-09-19,48,48,48,48,0,1,1,0,0,0
unresolved:2018:1_15:S:41:山川,山 川,山 川,unresolved,2019-10-25,2019-10-25,48,48,48,48,0,1,1,0,0,0
unresolved:2018:default:S:37:山川,山 川,山 川,unresolved,2018-04-26,2018-04-26,48,48,48,48,0,1,1,0,0,0
unresolved:2024:1_01:T:46:山田,山 田,山 田,unresolved,2024-07-18,2024-07-18,64,64,64,64,0,1,1,0,0,0
unresolved:2024:1_04:T:49:山田,山 田,山 田,unresolved,2024-09-26,2024-09-26,64,64,64,64,0,1,1,0,0,0
unresolved:2024:1_05:T:49:山田,山 田,山 田,unresolved,2024-10-21,2024-10-21,64,64,64,64,0,1,1,0,0,0
unresolved:2024:1_07:T:49:山田,山 田,山 田,unresolved,2024-11-26,2024-11-26,64,64,64,64,0,1,1,0,0,0
unresolved:2024:1_08:T:48:山田,山 田,山 田,unresolved,2025-03-27,2025-03-27,64,64,64,64,0,1,1,0,0,0
unresolved:2024:1_09:T:49:山田,山 田,山 田,unresolved,2025-04-23,2025-04-23,64,64,64,64,0,1,1,0,0,0
unresolved:2024:1_10:T:48:山田,山 田,山 田,unresolved,2025-06-02,2025-06-02,64,64,64,64,0,1,1,0,0,0
unresolved:2024:1_11:T:48:山田,山 田,山 田,unresolved,2025-07-28,2025-07-28,64,64,64,64,0,1,1,0,0,0
unresolved:2024:1_12:T:53:山田,山 田,山 田,unresolved,2025-09-25,2025-09-25,69,69,69,69,0,1,1,0,0,0
unresolved:2024:1_14:T:52:山田,山 田,山 田,unresolved,2025-11-20,2025-11-20,69,69,69,69,0,1,1,0,0,0
unresolved:2024:1_15:T:52:山田,山 田,山 田,unresolved,2025-12-24,2025-12-24,69,69,69,69,0,1,1,0,0,0
unresolved:2024:default:T:47:山田,山 田,山 田,unresolved,2024-07-18,2024-07-18,64,64,64,64,0,1,1,0,0,0
unresolved:2026:1_10:T:49:山田,山 田,山 田,unresolved,2026-06-11,2026-06-11,69,69,69,69,0,1,1,0,0,0
unresolved:2026:1_11:T:49:山田,山 田,山 田,unresolved,2026-06-30,2026-06-30,69,69,69,69,0,1,1,0,0,0
unresolved:2026:default:T:48:山田,山 田,山 田,unresolved,2026-06-11,2026-06-11,69,69,69,69,0,1,1,0,0,0
unresolved:2013:20131108:E:39:山本,山 本,山 本,unresolved,,,71,71,71,71,0,1,0,0,0,0
unresolved:2013:default:E:40:山本,山 本,山 本,unresolved,,,71,71,71,71,0,1,0,0,0,0
proeye:81885130,山下　幸輝,山下　幸輝,low,2016-04-28,2022-11-24,62,62,62,62,0,33,33,0,0,2401
proeye:01805138,山下　航汰,山下　航汰,low,2019-09-19,2020-12-17,51,51,51,51,0,6,6,0,0,455
proeye:71875133,山下　斐紹,山下　斐紹,medium,2016-04-28,2022-11-24,66,66,73,66,0,35,30,0,0,2401
proeye:91895138,山口　航輝,山口　航輝,low,2019-04-23,2026-06-30,52,52,52,52,0,39,39,0,0,2625
proeye:81685118,山崎　憲晴,山崎　憲晴,low,2016-04-28,2019-10-25,56,56,56,56,0,24,19,0,0,1275
proeye:33135132,山崎　晃大朗,山崎　晃大朗,medium,2016-04-28,2024-11-26,78,82,82,78,4,43,43,1,0,1848
proeye:71475113,山崎　勝己,山崎　勝己,medium,2016-04-28,2020-12-17,41,36,51,36,-5,28,23,2,0,868
proeye:03105151,山瀬　慎之助,山瀬　慎之助,low,2020-07-09,2026-06-30,41,41,41,41,0,34,34,0,0,2182
proeye:21425139,山川　穂高,山川　穂高,low,2016-04-28,2026-06-30,41,47,51,41,6,56,53,2,1,2275
proeye:93395157,山浅　龍之介,山浅　龍之介,low,2023-03-30,2025-12-24,57,57,57,57,0,17,17,0,0,1000
proeye:13115136,山足　達也,山足　達也,medium,2018-04-26,2025-12-24,81,82,83,81,1,41,41,2,0,1967
proeye:83385153,山村　崇嘉,山村　崇嘉,low,2021-04-08,2026-06-30,51,56,56,51,5,30,30,1,0,1631
proeye:33335150,山中　稜真,山中　稜真,low,2025-03-27,2026-06-30,64,64,64,64,0,10,10,0,0,460
proeye:91895133,山田　哲人,山田　哲人,low,2016-04-28,2026-06-30,81,60,81,60,-21,58,53,4,2,3003
proeye:13115130,山田　遥楓,山田　遥楓,low,2016-04-28,2025-12-24,57,63,63,57,6,50,50,1,1,2275
proeye:93595155,山本　恵大,山本　恵大,low,2025-06-02,2026-06-30,60,60,60,60,0,8,8,0,0,393
proeye:93195132,山本　泰寛,山本　泰寛,low,2016-04-28,2026-06-30,67,67,67,67,0,53,53,0,0,3715
proeye:33535153,山本　大斗,山本　大斗,low,2022-09-29,2026-06-30,56,58,58,56,2,22,22,1,0,1033
proeye:23125136,山本　祐大,山本　祐大,low,2018-04-26,2026-06-30,50,61,61,50,11,44,44,1,1,1981
proeye:11815118,山本　和作,山本　和作,medium,,,61,56,61,56,-5,5,0,0,0,0
proeye:21825138,山野辺　翔,山野辺　翔,low,2019-04-23,2026-06-30,71,71,71,71,0,39,39,0,0,2625
proeye:63165150,山縣　秀,山縣　秀,low,2025-03-27,2026-06-30,67,67,67,67,0,10,10,0,0,460
proeye:73175136,山﨑　幹史,山﨑　幹史,medium,2018-04-26,2025-12-24,73,68,77,68,-5,41,41,2,1,1754
proeye:51453888,山﨑　浩司,山﨑　浩司,medium,,,53,53,53,53,0,5,0,0,0,0
proeye:01303868,山﨑　武司,山﨑　武司,medium,,,28,28,28,28,0,2,0,0,0,0
unresolved:2018:1_01:F:36:市川,市 川,市 川,unresolved,2018-04-26,2018-04-26,56,56,56,56,0,1,1,0,0,0
unresolved:2018:default:F:36:市川,市 川,市 川,unresolved,2018-04-26,2018-04-26,56,56,56,56,0,1,1,0,0,0
proeye:81185131,市川　友也,市川　友也,low,2016-04-28,2019-10-25,56,56,62,55,0,22,17,2,0,805
proeye:91195119,糸井　嘉男,糸井　嘉男,medium,2016-04-28,2022-11-24,86,63,86,63,-23,38,33,6,0,805
proeye:81185134,糸原　健斗,糸原　健斗,low,2017-04-27,2026-06-30,67,57,67,57,-10,48,48,4,0,1440
proeye:51755157,児玉　亮涼,児玉　亮涼,low,2023-03-30,2026-06-30,73,74,77,73,1,20,20,2,0,476
unresolved:2016:1_01:M:38:寺嶋,寺 嶋,寺 嶋,unresolved,2016-04-28,2016-04-28,54,54,54,54,0,1,1,0,0,0
unresolved:2016:1_03:M:39:寺嶋,寺 嶋,寺 嶋,unresolved,2016-06-30,2016-06-30,54,54,54,54,0,1,1,0,0,0
unresolved:2016:1_05:M:40:寺嶋,寺 嶋,寺 嶋,unresolved,2016-09-08,2016-09-08,54,54,54,54,0,1,1,0,0,0
unresolved:2016:1_06:M:40:寺嶋,寺 嶋,寺 嶋,unresolved,2016-12-15,2016-12-15,54,54,54,54,0,1,1,0,0,0
unresolved:2016:1_07:M:41:寺嶋,寺 嶋,寺 嶋,unresolved,2017-04-27,2017-04-27,54,54,54,54,0,1,1,0,0,0
unresolved:2016:1_09:M:41:寺嶋,寺 嶋,寺 嶋,unresolved,2017-07-13,2017-07-13,54,54,54,54,0,1,1,0,0,0
unresolved:2016:1_10:M:41:寺嶋,寺 嶋,寺 嶋,unresolved,2017-09-14,2017-09-14,54,54,54,54,0,1,1,0,0,0
unresolved:2016:1_11:M:41:寺嶋,寺 嶋,寺 嶋,unresolved,2017-11-21,2017-11-21,54,54,54,54,0,1,1,0,0,0
unresolved:2016:default:M:38:寺嶋,寺 嶋,寺 嶋,unresolved,2016-04-28,2016-04-28,54,54,54,54,0,1,1,0,0,0
proeye:51455159,寺地　隆成,寺地　隆成,low,2024-07-18,2026-06-30,62,62,62,62,0,15,15,0,0,712
proeye:51255114,寺内　崇幸,寺内　崇幸,low,2016-04-28,2018-11-01,67,67,67,67,0,19,14,0,0,917
proeye:81885151,持丸　泰輝,持丸　泰輝,low,2022-09-29,2026-06-30,42,42,42,42,0,22,22,0,0,1370
unresolved:2024:1_08:F:24:柴田,柴 田,柴 田,unresolved,2025-03-27,2025-03-27,48,48,48,48,0,1,1,0,0,0
unresolved:2024:1_09:F:24:柴田,柴 田,柴 田,unresolved,2025-04-23,2025-04-23,48,48,48,48,0,1,1,0,0,0
unresolved:2024:1_10:F:25:柴田,柴 田,柴 田,unresolved,2025-06-02,2025-06-02,48,48,48,48,0,1,1,0,0,0
unresolved:2024:1_11:F:25:柴田,柴 田,柴 田,unresolved,2025-07-28,2025-07-28,48,48,48,48,0,1,1,0,0,0
unresolved:2024:1_12:F:24:柴田,柴 田,柴 田,unresolved,2025-09-25,2025-09-25,48,48,48,48,0,1,1,0,0,0
unresolved:2024:1_14:F:23:柴田,柴 田,柴 田,unresolved,2025-11-20,2025-11-20,48,48,48,48,0,1,1,0,0,0
unresolved:2024:1_15:F:23:柴田,柴 田,柴 田,unresolved,2025-12-24,2025-12-24,48,48,48,48,0,1,1,0,0,0
unresolved:2026:1_10:F:20:柴田,柴 田,柴 田,unresolved,2026-06-11,2026-06-11,48,48,48,48,0,1,1,0,0,0
unresolved:2026:1_11:F:20:柴田,柴 田,柴 田,unresolved,2026-06-30,2026-06-30,48,48,48,48,0,1,1,0,0,0
unresolved:2026:default:F:21:柴田,柴 田,柴 田,unresolved,2026-06-11,2026-06-11,48,48,48,48,0,1,1,0,0,0
proeye:21725118,柴田　講平,柴田　講平,medium,2016-04-28,2017-11-21,83,83,83,83,0,14,9,0,0,572
proeye:41945132,柴田　竜拓,柴田　竜拓,low,2016-04-28,2026-06-30,58,58,58,58,0,53,53,0,0,3715
proeye:91995135,縞田　拓弥,縞田　拓弥,low,2016-04-28,2018-11-01,72,75,75,68,3,19,14,1,0,917
proeye:41645139,若月　健矢,若月　健矢,low,2016-04-28,2026-06-30,57,48,63,45,-9,56,53,3,1,1904
proeye:53555153,若林　楽人,若林　楽人,low,2021-04-08,2026-06-30,80,85,85,80,5,30,30,3,0,1086
proeye:13315136,若林　晃弘,若林　晃弘,low,2018-04-26,2025-12-24,70,70,70,70,0,41,41,0,0,2799
unresolved:2016:1_07:BA:48:狩野,狩 野,狩 野,unresolved,2017-04-27,2017-04-27,74,74,74,74,0,1,1,0,0,0
unresolved:2016:1_09:BA:47:狩野,狩 野,狩 野,unresolved,2017-07-13,2017-07-13,74,74,74,74,0,1,1,0,0,0
unresolved:2016:1_10:BA:46:狩野,狩 野,狩 野,unresolved,2017-09-14,2017-09-14,74,74,74,74,0,1,1,0,0,0
unresolved:2016:1_11:BA:46:狩野,狩 野,狩 野,unresolved,2017-11-21,2017-11-21,74,74,74,74,0,1,1,0,0,0
unresolved:2018:1_01:BA:45:狩野,狩 野,狩 野,unresolved,2018-04-26,2018-04-26,74,74,74,74,0,1,1,0,0,0
unresolved:2018:1_05:BA:45:狩野,狩 野,狩 野,unresolved,2018-07-12,2018-07-12,74,74,74,74,0,1,1,0,0,0
unresolved:2018:1_07:BA:47:狩野,狩 野,狩 野,unresolved,2018-09-13,2018-09-13,74,74,74,74,0,1,1,0,0,0
unresolved:2018:1_09:BA:50:狩野,狩 野,狩 野,unresolved,2018-11-01,2018-11-01,74,74,74,74,0,1,1,0,0,0
unresolved:2018:1_10:BA:49:狩野,狩 野,狩 野,unresolved,2019-04-23,2019-04-23,74,74,74,74,0,1,1,0,0,0
unresolved:2018:1_11:BA:49:狩野,狩 野,狩 野,unresolved,2019-06-13,2019-06-13,74,74,74,74,0,1,1,0,0,0
unresolved:2018:1_12:BA:49:狩野,狩 野,狩 野,unresolved,2019-08-02,2019-08-02,74,74,74,74,0,1,1,0,0,0
unresolved:2018:1_14:BA:51:狩野,狩 野,狩 野,unresolved,2019-09-19,2019-09-19,74,74,74,74,0,1,1,0,0,0
unresolved:2018:1_15:BA:51:狩野,狩 野,狩 野,unresolved,2019-10-25,2019-10-25,74,74,74,74,0,1,1,0,0,0
unresolved:2018:default:BA:44:狩野,狩 野,狩 野,unresolved,2018-04-26,2018-04-26,74,74,74,74,0,1,1,0,0,0
proeye:11715113,狩野　恵輔,狩野　恵輔,medium,2016-04-28,2017-11-21,54,53,59,53,-1,14,9,1,0,341
proeye:21925136,周東　佑京,周東　佑京,low,2019-06-13,2026-06-30,85,96,96,85,11,38,38,3,0,1909
unresolved:2016:1_01:OBU:54:宗,宗,宗,unresolved,2016-04-28,2016-04-28,81,81,81,81,0,1,1,0,0,0
unresolved:2016:1_03:OBU:56:宗,宗,宗,unresolved,2016-06-30,2016-06-30,81,81,81,81,0,1,1,0,0,0
unresolved:2016:1_05:OBU:58:宗,宗,宗,unresolved,2016-09-08,2016-09-08,81,81,81,81,0,1,1,0,0,0
unresolved:2016:1_06:OBU:58:宗,宗,宗,unresolved,2016-12-15,2016-12-15,81,81,81,81,0,1,1,0,0,0
unresolved:2016:1_07:OBU:56:宗,宗,宗,unresolved,2017-04-27,2017-04-27,81,81,81,81,0,1,1,0,0,0
unresolved:2016:1_09:OBU:49:宗,宗,宗,unresolved,2017-07-13,2017-07-13,81,81,81,81,0,1,1,0,0,0
unresolved:2016:1_10:OBU:49:宗,宗,宗,unresolved,2017-09-14,2017-09-14,81,81,81,81,0,1,1,0,0,0
unresolved:2016:1_11:OBU:49:宗,宗,宗,unresolved,2017-11-21,2017-11-21,84,84,84,84,0,1,1,0,0,0
unresolved:2016:default:OBU:53:宗,宗,宗,unresolved,2016-04-28,2016-04-28,86,86,86,86,0,1,1,0,0,0
unresolved:2018:1_01:OBU:56:宗,宗,宗,unresolved,2018-04-26,2018-04-26,84,84,84,84,0,1,1,0,0,0
unresolved:2018:1_05:OBU:57:宗,宗,宗,unresolved,2018-07-12,2018-07-12,84,84,84,84,0,1,1,0,0,0
unresolved:2018:1_07:OBU:63:宗,宗,宗,unresolved,2018-09-13,2018-09-13,84,84,84,84,0,1,1,0,0,0
unresolved:2018:1_09:OBU:60:宗,宗,宗,unresolved,2018-11-01,2018-11-01,84,84,84,84,0,1,1,0,0,0
unresolved:2018:1_10:OBU:58:宗,宗,宗,unresolved,2019-04-23,2019-04-23,84,84,84,84,0,1,1,0,0,0
unresolved:2018:1_11:OBU:64:宗,宗,宗,unresolved,2019-06-13,2019-06-13,84,84,84,84,0,1,1,0,0,0
unresolved:2018:1_12:OBU:65:宗,宗,宗,unresolved,2019-08-02,2019-08-02,84,84,84,84,0,1,1,0,0,0
unresolved:2018:1_14:OBU:66:宗,宗,宗,unresolved,2019-09-19,2019-09-19,84,84,84,84,0,1,1,0,0,0
unresolved:2018:1_15:OBU:61:宗,宗,宗,unresolved,2019-10-25,2019-10-25,84,84,84,84,0,1,1,0,0,0
unresolved:2018:default:OBU:51:宗,宗,宗,unresolved,2018-04-26,2018-04-26,84,84,84,84,0,1,1,0,0,0
unresolved:2020:1_05:OBU:55:宗,宗,宗,unresolved,2020-10-08,2020-10-08,84,84,84,84,0,1,1,0,0,0
unresolved:2020:1_06:OBU:57:宗,宗,宗,unresolved,2020-11-26,2020-11-26,84,84,84,84,0,1,1,0,0,0
unresolved:2020:1_07:OBU:57:宗,宗,宗,unresolved,2020-12-17,2020-12-17,84,84,84,84,0,1,1,0,0,0
unresolved:2020:1_09:OBU:57:宗,宗,宗,unresolved,2021-04-08,2021-04-08,84,84,84,84,0,1,1,0,0,0
unresolved:2020:1_12:OBU:58:宗,宗,宗,unresolved,2021-05-20,2021-05-20,84,84,84,84,0,1,1,0,0,0
unresolved:2020:1_13:OBU:53:宗,宗,宗,unresolved,2021-07-28,2021-07-28,84,84,84,84,0,1,1,0,0,0
unresolved:2020:1_15:OBU:57:宗,宗,宗,unresolved,2021-10-28,2021-10-28,84,84,84,84,0,1,1,0,0,0
unresolved:2020:1_16:OBU:57:宗,宗,宗,unresolved,2021-12-23,2021-12-23,84,84,84,84,0,1,1,0,0,0
unresolved:2020:default:OBU:54:宗,宗,宗,unresolved,2020-07-09,2020-07-09,84,84,84,84,0,1,1,0,0,0
unresolved:2022:1_02:OBU:45:宗,宗,宗,unresolved,2022-05-19,2022-05-19,84,84,84,84,0,1,1,0,0,0
unresolved:2022:1_04:OBU:46:宗,宗,宗,unresolved,2022-07-21,2022-07-21,84,84,84,84,0,1,1,0,0,0
unresolved:2022:1_07:OBU:49:宗,宗,宗,unresolved,2022-09-29,2022-09-29,84,84,84,84,0,1,1,0,0,0
unresolved:2022:1_08:OBU:49:宗,宗,宗,unresolved,2022-11-24,2022-11-24,84,84,84,84,0,1,1,0,0,0
unresolved:2022:1_09:OBU:43:宗,宗,宗,unresolved,2023-03-30,2023-03-30,84,84,84,84,0,1,1,0,0,0
unresolved:2022:1_10:OBU:46:宗,宗,宗,unresolved,2023-05-25,2023-05-25,84,84,84,84,0,1,1,0,0,0
unresolved:2022:1_11:OBU:45:宗,宗,宗,unresolved,2023-07-20,2023-07-20,84,84,84,84,0,1,1,0,0,0
unresolved:2022:1_12:OBU:45:宗,宗,宗,unresolved,2023-09-28,2023-09-28,80,80,80,80,0,1,1,0,0,0
unresolved:2022:1_13:OBU:45:宗,宗,宗,unresolved,2023-11-30,2023-11-30,79,79,79,79,0,1,1,0,0,0
unresolved:2022:default:OBU:45:宗,宗,宗,unresolved,2022-04-21,2022-04-21,84,84,84,84,0,1,1,0,0,0
unresolved:2024:1_01:OBU:46:宗,宗,宗,unresolved,2024-07-18,2024-07-18,76,76,76,76,0,1,1,0,0,0
unresolved:2024:1_04:OBU:50:宗,宗,宗,unresolved,2024-09-26,2024-09-26,76,76,76,76,0,1,1,0,0,0
unresolved:2024:1_05:OBU:50:宗,宗,宗,unresolved,2024-10-21,2024-10-21,76,76,76,76,0,1,1,0,0,0
unresolved:2024:1_07:OBU:50:宗,宗,宗,unresolved,2024-11-26,2024-11-26,76,76,76,76,0,1,1,0,0,0
unresolved:2024:1_08:OBU:50:宗,宗,宗,unresolved,2025-03-27,2025-03-27,76,76,76,76,0,1,1,0,0,0
unresolved:2024:1_09:OBU:50:宗,宗,宗,unresolved,2025-04-23,2025-04-23,76,76,76,76,0,1,1,0,0,0
unresolved:2024:1_10:OBU:51:宗,宗,宗,unresolved,2025-06-02,2025-06-02,76,76,76,76,0,1,1,0,0,0
unresolved:2024:1_11:OBU:53:宗,宗,宗,unresolved,2025-07-28,2025-07-28,76,76,76,76,0,1,1,0,0,0
unresolved:2024:1_12:OBU:54:宗,宗,宗,unresolved,2025-09-25,2025-09-25,76,76,76,76,0,1,1,0,0,0
unresolved:2024:1_14:OBU:55:宗,宗,宗,unresolved,2025-11-20,2025-11-20,76,76,76,76,0,1,1,0,0,0
unresolved:2024:1_15:OBU:55:宗,宗,宗,unresolved,2025-12-24,2025-12-24,76,76,76,76,0,1,1,0,0,0
unresolved:2024:default:OBU:46:宗,宗,宗,unresolved,2024-07-18,2024-07-18,76,76,76,76,0,1,1,0,0,0
unresolved:2026:1_10:OBU:52:宗,宗,宗,unresolved,2026-06-11,2026-06-11,76,76,76,76,0,1,1,0,0,0
unresolved:2026:1_11:OBU:52:宗,宗,宗,unresolved,2026-06-30,2026-06-30,76,76,76,76,0,1,1,0,0,0
unresolved:2026:default:OBU:54:宗,宗,宗,unresolved,2026-06-11,2026-06-11,76,76,76,76,0,1,1,0,0,0
proeye:53155150,宗山　塁,宗山　塁,low,2025-03-27,2026-06-30,64,64,64,64,0,10,10,0,0,460
proeye:73175134,宗接　唯人,宗接　唯人,low,2017-04-27,2021-12-23,65,65,65,65,0,23,23,0,0,1701
proeye:71175153,秋広　優人,秋広　優人,low,2021-04-08,2026-06-30,62,62,62,62,0,30,30,0,0,1909
proeye:31135133,秋山　翔吾,秋山　翔吾,low,2016-04-28,2026-06-30,72,69,77,69,-3,49,44,6,5,3003
proeye:21925132,重信　慎之介,重信　慎之介,medium,2016-04-28,2025-12-24,83,90,90,83,7,50,50,1,1,2437
unresolved:2024:1_08:D:63:駿太,駿 太,駿 太,unresolved,2025-03-27,2025-03-27,78,78,78,78,0,1,1,0,0,0
unresolved:2024:1_09:D:65:駿太,駿 太,駿 太,unresolved,2025-04-23,2025-04-23,78,78,78,78,0,1,1,0,0,0
unresolved:2024:1_10:D:66:駿太,駿 太,駿 太,unresolved,2025-06-02,2025-06-02,78,78,78,78,0,1,1,0,0,0
unresolved:2024:1_11:D:65:駿太,駿 太,駿 太,unresolved,2025-07-28,2025-07-28,78,78,78,78,0,1,1,0,0,0
unresolved:2024:1_12:D:68:駿太,駿 太,駿 太,unresolved,2025-09-25,2025-09-25,76,76,76,76,0,1,1,0,0,0
unresolved:2024:1_14:D:68:駿太,駿 太,駿 太,unresolved,2025-11-20,2025-11-20,74,74,74,74,0,1,1,0,0,0
unresolved:2024:1_15:D:68:駿太,駿 太,駿 太,unresolved,2025-12-24,2025-12-24,74,74,74,74,0,1,1,0,0,0
proeye:81585153,緒方　理貢,緒方　理貢,low,2024-07-18,2026-06-30,82,82,82,82,0,15,15,0,0,712
proeye:81385137,緒方　凌介,緒方　凌介,low,2016-04-28,2018-11-01,80,78,81,72,-2,19,14,1,0,728
unresolved:2026:1_10:C:44:勝田,勝 田,勝 田,unresolved,2026-06-11,2026-06-11,66,66,66,66,0,1,1,0,0,0
unresolved:2026:1_11:C:44:勝田,勝 田,勝 田,unresolved,2026-06-30,2026-06-30,66,66,66,66,0,1,1,0,0,0
unresolved:2026:default:C:44:勝田,勝 田,勝 田,unresolved,2026-06-11,2026-06-11,66,66,66,66,0,1,1,0,0,0
unresolved:2022:1_07:G:60:勝俣,勝 俣,勝 俣,unresolved,2022-09-29,2022-09-29,48,48,48,48,0,1,1,0,0,0
unresolved:2022:1_08:G:60:勝俣,勝 俣,勝 俣,unresolved,2022-11-24,2022-11-24,48,48,48,48,0,1,1,0,0,0
proeye:21725151,勝俣　翔貴,勝俣　翔貴,medium,2020-07-09,2021-12-23,48,48,48,48,0,9,9,0,0,532
proeye:41545138,勝又　温史,勝又　温史,low,2024-07-18,2026-06-30,68,68,68,68,0,15,15,0,0,712
unresolved:2026:1_10:BA:55:小田,小 田,小 田,unresolved,2026-06-11,2026-06-11,57,57,57,57,0,1,1,0,0,0
unresolved:2026:1_11:BA:55:小田,小 田,小 田,unresolved,2026-06-30,2026-06-30,57,57,57,57,0,1,1,0,0,0
unresolved:2026:default:BA:55:小田,小 田,小 田,unresolved,2026-06-11,2026-06-11,57,57,57,57,0,1,1,0,0,0
unresolved:2026:1_10:L:37:小島,小 島,小 島,unresolved,2026-06-11,2026-06-11,61,61,61,61,0,1,1,0,0,0
unresolved:2026:1_11:L:37:小島,小 島,小 島,unresolved,2026-06-30,2026-06-30,61,61,61,61,0,1,1,0,0,0
unresolved:2026:default:L:36:小島,小 島,小 島,unresolved,2026-06-11,2026-06-11,61,61,61,61,0,1,1,0,0,0
unresolved:2020:1_05:H:55:小林,小 林,小 林,unresolved,2020-10-08,2020-10-08,73,73,73,73,0,1,1,0,0,0
unresolved:2020:1_06:H:56:小林,小 林,小 林,unresolved,2020-11-26,2020-11-26,73,73,73,73,0,1,1,0,0,0
unresolved:2020:1_07:H:57:小林,小 林,小 林,unresolved,2020-12-17,2020-12-17,73,73,73,73,0,1,1,0,0,0
unresolved:2020:1_09:H:55:小林,小 林,小 林,unresolved,2021-04-08,2021-04-08,73,73,73,73,0,1,1,0,0,0
unresolved:2020:1_12:H:55:小林,小 林,小 林,unresolved,2021-05-20,2021-05-20,73,73,73,73,0,1,1,0,0,0
unresolved:2020:1_13:H:56:小林,小 林,小 林,unresolved,2021-07-28,2021-07-28,73,73,73,73,0,1,1,0,0,0
unresolved:2020:1_15:H:55:小林,小 林,小 林,unresolved,2021-10-28,2021-10-28,73,73,73,73,0,1,1,0,0,0
unresolved:2020:1_16:H:55:小林,小 林,小 林,unresolved,2021-12-23,2021-12-23,73,73,73,73,0,1,1,0,0,0
unresolved:2020:default:H:55:小林,小 林,小 林,unresolved,2020-07-09,2020-07-09,73,73,73,73,0,1,1,0,0,0
unresolved:2022:1_02:H:54:小林,小 林,小 林,unresolved,2022-05-19,2022-05-19,73,73,73,73,0,1,1,0,0,0
unresolved:2022:1_04:H:54:小林,小 林,小 林,unresolved,2022-07-21,2022-07-21,73,73,73,73,0,1,1,0,0,0
unresolved:2022:1_07:H:56:小林,小 林,小 林,unresolved,2022-09-29,2022-09-29,73,73,73,73,0,1,1,0,0,0
unresolved:2022:1_08:H:56:小林,小 林,小 林,unresolved,2022-11-24,2022-11-24,73,73,73,73,0,1,1,0,0,0
unresolved:2022:default:H:52:小林,小 林,小 林,unresolved,2022-04-21,2022-04-21,73,73,73,73,0,1,1,0,0,0
unresolved:2026:1_10:G:48:小浜,小 濱,小 濱,unresolved,2026-06-11,2026-06-11,76,76,76,76,0,1,1,0,0,0
unresolved:2026:1_11:G:48:小浜,小 濱,小 濱,unresolved,2026-06-30,2026-06-30,76,76,76,76,0,1,1,0,0,0
unresolved:2026:default:G:48:小浜,小 濱,小 濱,unresolved,2026-06-11,2026-06-11,76,76,76,76,0,1,1,0,0,0
proeye:01705138,小園　海斗,小園　海斗,low,2019-04-23,2026-06-30,86,79,86,79,-7,39,39,2,1,1493
proeye:21323884,小笠原　道大,小笠原　道大,medium,,,44,44,44,44,0,5,0,0,0,0
proeye:21725131,小関　翔太,小関　翔太,low,2016-04-28,2017-11-21,62,62,62,62,0,14,9,0,0,572
proeye:41545119,小宮山　慎二,小宮山　慎二,low,2016-04-28,2019-10-25,58,55,58,55,-3,24,19,1,0,771
proeye:81385138,小郷　裕哉,小郷　裕哉,low,2019-04-23,2026-06-30,78,84,86,78,6,39,39,2,1,1549
proeye:51755116,小窪　哲也,小窪　哲也,medium,2016-04-28,2021-12-23,49,49,49,49,0,30,25,0,0,2065
proeye:11515112,小山　桂司,小山　桂司,medium,,,63,63,63,63,0,5,0,0,0,0
proeye:51955155,小森　航大郎,小森　航大郎,low,2022-04-21,2026-06-30,74,83,83,74,9,25,25,2,1,851
unresolved:2020:1_09:BA:46:小深田,小深田,小深田,unresolved,2021-04-08,2021-04-08,33,33,33,33,0,1,1,0,0,0
unresolved:2020:1_12:BA:46:小深田,小深田,小深田,unresolved,2021-05-20,2021-05-20,33,33,33,33,0,1,1,0,0,0
unresolved:2020:1_13:BA:47:小深田,小深田,小深田,unresolved,2021-07-28,2021-07-28,33,33,33,33,0,1,1,0,0,0
unresolved:2020:1_15:BA:49:小深田,小深田,小深田,unresolved,2021-10-28,2021-10-28,33,33,33,33,0,1,1,0,0,0
unresolved:2020:1_16:BA:49:小深田,小深田,小深田,unresolved,2021-12-23,2021-12-23,33,33,33,33,0,1,1,0,0,0
unresolved:2022:1_02:BA:45:小深田,小深田,小深田,unresolved,2022-05-19,2022-05-19,33,33,33,33,0,1,1,0,0,0
unresolved:2022:1_04:BA:46:小深田,小深田,小深田,unresolved,2022-07-21,2022-07-21,33,33,33,33,0,1,1,0,0,0
unresolved:2022:1_07:BA:51:小深田,小深田,小深田,unresolved,2022-09-29,2022-09-29,33,33,33,33,0,1,1,0,0,0
unresolved:2022:1_08:BA:50:小深田,小深田,小深田,unresolved,2022-11-24,2022-11-24,33,33,33,33,0,1,1,0,0,0
unresolved:2022:1_09:BA:46:小深田,小深田,小深田,unresolved,2023-03-30,2023-03-30,33,33,33,33,0,1,1,0,0,0
unresolved:2022:1_10:BA:47:小深田,小深田,小深田,unresolved,2023-05-25,2023-05-25,33,33,33,33,0,1,1,0,0,0
unresolved:2022:1_11:BA:49:小深田,小深田,小深田,unresolved,2023-07-20,2023-07-20,33,33,33,33,0,1,1,0,0,0
unresolved:2022:1_12:BA:50:小深田,小深田,小深田,unresolved,2023-09-28,2023-09-28,33,33,33,33,0,1,1,0,0,0
unresolved:2022:1_13:BA:51:小深田,小深田,小深田,unresolved,2023-11-30,2023-11-30,33,33,33,33,0,1,1,0,0,0
unresolved:2022:default:BA:44:小深田,小深田,小深田,unresolved,2022-04-21,2022-04-21,33,33,33,33,0,1,1,0,0,0
proeye:61965151,小深田　大翔,小深田　大翔,low,2020-07-09,2026-06-30,78,84,84,78,6,34,34,1,1,1106
proeye:41745112,小斉　祐輔,小斉　祐輔,medium,,,45,45,45,45,0,5,0,0,0,0
proeye:11715153,小川　龍成,小川　龍成,low,2021-04-08,2026-06-30,73,86,86,73,13,30,30,1,1,1197
proeye:71975117,小谷野　栄一,小谷野　栄一,medium,2016-04-28,2018-11-01,50,38,54,38,-12,19,14,6,1,156
proeye:21523888,小池　正晃,小池　正晃,medium,,,53,53,53,53,0,2,0,0,0,0
proeye:61765133,小池　翔大,小池　翔大,low,,,40,40,40,40,0,5,0,0,0,0
proeye:91393886,小田　幸平,小田　幸平,medium,,,28,28,28,28,0,5,0,0,0,0
proeye:31535130,小田　裕也,小田　裕也,medium,2016-04-28,2024-11-26,83,82,83,82,-1,43,43,1,0,2772
proeye:91795135,小島　脩平,小島　脩平,medium,2016-04-28,2020-12-17,89,75,89,75,-14,28,23,5,1,455
unresolved:2013:20131108:T:36:小豆畑,小豆畑,小豆畑,unresolved,,,55,55,55,55,0,1,0,0,0,0
unresolved:2013:default:T:36:小豆畑,小豆畑,小豆畑,unresolved,,,55,55,55,55,0,1,0,0,0,0
unresolved:2014:1_01:T:37:小豆畑,小豆畑,小豆畑,unresolved,,,55,55,55,55,0,1,0,0,0,0
unresolved:2014:1_02:T:37:小豆畑,小豆畑,小豆畑,unresolved,,,55,55,55,55,0,1,0,0,0,0
unresolved:2014:default:T:37:小豆畑,小豆畑,小豆畑,unresolved,,,55,55,55,55,0,1,0,0,0,0
unresolved:2016:1_01:T:38:小豆畑,小豆畑,小豆畑,unresolved,2016-04-28,2016-04-28,55,55,55,55,0,1,1,0,0,0
unresolved:2016:1_03:T:41:小豆畑,小豆畑,小豆畑,unresolved,2016-06-30,2016-06-30,55,55,55,55,0,1,1,0,0,0
unresolved:2016:1_05:T:41:小豆畑,小豆畑,小豆畑,unresolved,2016-09-08,2016-09-08,55,55,55,55,0,1,1,0,0,0
unresolved:2016:1_06:T:40:小豆畑,小豆畑,小豆畑,unresolved,2016-12-15,2016-12-15,54,54,54,54,0,1,1,0,0,0
unresolved:2016:1_07:T:39:小豆畑,小豆畑,小豆畑,unresolved,2017-04-27,2017-04-27,54,54,54,54,0,1,1,0,0,0
unresolved:2016:1_09:T:40:小豆畑,小豆畑,小豆畑,unresolved,2017-07-13,2017-07-13,54,54,54,54,0,1,1,0,0,0
unresolved:2016:1_10:T:40:小豆畑,小豆畑,小豆畑,unresolved,2017-09-14,2017-09-14,54,54,54,54,0,1,1,0,0,0
unresolved:2016:1_11:T:41:小豆畑,小豆畑,小豆畑,unresolved,2017-11-21,2017-11-21,54,54,54,54,0,1,1,0,0,0
unresolved:2016:default:T:37:小豆畑,小豆畑,小豆畑,unresolved,2016-04-28,2016-04-28,55,55,55,55,0,1,1,0,0,0
unresolved:2018:1_01:T:40:小豆畑,小豆畑,小豆畑,unresolved,2018-04-26,2018-04-26,54,54,54,54,0,1,1,0,0,0
unresolved:2018:1_05:T:40:小豆畑,小豆畑,小豆畑,unresolved,2018-07-12,2018-07-12,54,54,54,54,0,1,1,0,0,0
unresolved:2018:1_07:T:41:小豆畑,小豆畑,小豆畑,unresolved,2018-09-13,2018-09-13,54,54,54,54,0,1,1,0,0,0
unresolved:2018:1_09:T:40:小豆畑,小豆畑,小豆畑,unresolved,2018-11-01,2018-11-01,54,54,54,54,0,1,1,0,0,0
unresolved:2018:default:T:40:小豆畑,小豆畑,小豆畑,unresolved,2018-04-26,2018-04-26,54,54,54,54,0,1,1,0,0,0
proeye:31535138,小幡　竜平,小幡　竜平,low,2019-04-23,2026-06-30,77,77,77,77,0,39,39,0,0,2625
proeye:71775151,小野寺　暖,小野寺　暖,low,2021-07-28,2026-06-30,62,64,64,62,2,28,28,1,0,1520
proeye:91795139,小林　誠司,小林　誠司,low,2016-04-28,2026-06-30,56,29,56,29,-27,56,53,2,2,3274
unresolved:2013:20131108:OBU:36:庄司,庄 司,庄 司,unresolved,,,52,52,52,52,0,1,0,0,0,0
unresolved:2013:default:OBU:36:庄司,庄 司,庄 司,unresolved,,,52,52,52,52,0,1,0,0,0,0
unresolved:2014:1_01:OBU:39:庄司,庄 司,庄 司,unresolved,,,52,52,52,52,0,1,0,0,0,0
unresolved:2014:1_02:OBU:39:庄司,庄 司,庄 司,unresolved,,,52,52,52,52,0,1,0,0,0,0
unresolved:2014:default:OBU:39:庄司,庄 司,庄 司,unresolved,,,52,52,52,52,0,1,0,0,0,0
proeye:81785131,庄司　隼人,庄司　隼人,low,2016-04-28,2019-10-25,52,52,52,52,0,24,19,0,0,1275
proeye:01205150,庄子　雄大,庄子　雄大,low,2025-03-27,2026-06-30,87,87,87,87,0,10,10,0,0,460
unresolved:2018:1_10:G:54:松井,松 井,松 井,unresolved,2019-04-23,2019-04-23,67,67,67,67,0,1,1,0,0,0
unresolved:2018:1_11:G:55:松井,松 井,松 井,unresolved,2019-06-13,2019-06-13,67,67,67,67,0,1,1,0,0,0
unresolved:2018:1_12:G:55:松井,松 井,松 井,unresolved,2019-08-02,2019-08-02,67,67,67,67,0,1,1,0,0,0
unresolved:2018:1_14:G:56:松井,松 井,松 井,unresolved,2019-09-19,2019-09-19,67,67,67,67,0,1,1,0,0,0
unresolved:2018:1_15:G:57:松井,松 井,松 井,unresolved,2019-10-25,2019-10-25,67,67,67,67,0,1,1,0,0,0
unresolved:2020:1_05:G:55:松井,松 井,松 井,unresolved,2020-10-08,2020-10-08,67,67,67,67,0,1,1,0,0,0
unresolved:2020:1_06:G:53:松井,松 井,松 井,unresolved,2020-11-26,2020-11-26,67,67,67,67,0,1,1,0,0,0
unresolved:2020:1_07:G:53:松井,松 井,松 井,unresolved,2020-12-17,2020-12-17,67,67,67,67,0,1,1,0,0,0
unresolved:2020:1_09:G:50:松井,松 井,松 井,unresolved,2021-04-08,2021-04-08,67,67,67,67,0,1,1,0,0,0
unresolved:2020:1_12:G:50:松井,松 井,松 井,unresolved,2021-05-20,2021-05-20,67,67,67,67,0,1,1,0,0,0
unresolved:2020:1_13:G:52:松井,松 井,松 井,unresolved,2021-07-28,2021-07-28,67,67,67,67,0,1,1,0,0,0
unresolved:2020:1_15:G:53:松井,松 井,松 井,unresolved,2021-10-28,2021-10-28,67,67,67,67,0,1,1,0,0,0
unresolved:2020:1_16:G:53:松井,松 井,松 井,unresolved,2021-12-23,2021-12-23,67,67,67,67,0,1,1,0,0,0
unresolved:2020:default:G:52:松井,松 井,松 井,unresolved,2020-07-09,2020-07-09,67,67,67,67,0,1,1,0,0,0
unresolved:2026:1_10:S:47:松下,松 下,松 下,unresolved,2026-06-11,2026-06-11,64,64,64,64,0,1,1,0,0,0
unresolved:2026:1_11:S:47:松下,松 下,松 下,unresolved,2026-06-30,2026-06-30,64,64,64,64,0,1,1,0,0,0
unresolved:2026:default:S:46:松下,松 下,松 下,unresolved,2026-06-11,2026-06-11,64,64,64,64,0,1,1,0,0,0
unresolved:2016:1_01:G:38:松崎,松 崎,松 崎,unresolved,2016-04-28,2016-04-28,54,54,54,54,0,1,1,0,0,0
unresolved:2016:1_03:G:41:松崎,松 崎,松 崎,unresolved,2016-06-30,2016-06-30,54,54,54,54,0,1,1,0,0,0
unresolved:2016:1_05:G:42:松崎,松 崎,松 崎,unresolved,2016-09-08,2016-09-08,54,54,54,54,0,1,1,0,0,0
unresolved:2016:1_06:G:42:松崎,松 崎,松 崎,unresolved,2016-12-15,2016-12-15,54,54,54,54,0,1,1,0,0,0
unresolved:2016:1_07:G:39:松崎,松 崎,松 崎,unresolved,2017-04-27,2017-04-27,54,54,54,54,0,1,1,0,0,0
unresolved:2016:1_09:G:40:松崎,松 崎,松 崎,unresolved,2017-07-13,2017-07-13,54,54,54,54,0,1,1,0,0,0
unresolved:2016:1_10:G:41:松崎,松 崎,松 崎,unresolved,2017-09-14,2017-09-14,54,54,54,54,0,1,1,0,0,0
unresolved:2016:1_11:G:41:松崎,松 崎,松 崎,unresolved,2017-11-21,2017-11-21,54,54,54,54,0,1,1,0,0,0
unresolved:2016:default:G:37:松崎,松 崎,松 崎,unresolved,2016-04-28,2016-04-28,54,54,54,54,0,1,1,0,0,0
unresolved:2026:1_10:S:48:松川,松 川,松 川,unresolved,2026-06-11,2026-06-11,92,92,92,92,0,1,1,0,0,0
unresolved:2026:1_11:S:48:松川,松 川,松 川,unresolved,2026-06-30,2026-06-30,92,92,92,92,0,1,1,0,0,0
unresolved:2026:default:S:47:松川,松 川,松 川,unresolved,2026-06-11,2026-06-11,92,92,92,92,0,1,1,0,0,0
unresolved:2020:default:S:41:松本,松 本,松 本,unresolved,2020-07-09,2020-07-09,50,50,50,50,0,1,1,0,0,0
proeye:81983889,松井　稼頭央,松井　稼頭央,medium,2016-04-28,2018-11-01,65,62,72,62,-3,19,14,1,0,784
proeye:51455131,松井　雅人,松井　雅人,medium,2016-04-28,2022-11-24,57,63,63,56,6,38,33,2,0,1162
proeye:31435131,松井　淳,松井　淳,medium,2016-04-28,2016-12-15,59,59,59,59,0,10,5,0,0,231
proeye:91695135,松井　飛雄馬,松井　飛雄馬,low,2016-04-28,2020-12-17,51,51,51,51,0,28,23,0,0,1694
proeye:71475131,松井　佑介,松井　佑介,medium,2016-04-28,2020-12-17,55,55,60,55,0,28,23,0,0,1694
proeye:21823888,松元　ユウイチ,松元　ユウイチ,medium,,,38,38,38,38,0,5,0,0,0,0
proeye:21825134,松原　聖弥,松原　聖弥,low,2018-09-13,2025-12-24,75,81,85,75,6,38,38,4,1,975
proeye:01405116,松山　竜平,松山　竜平,medium,2016-04-28,2025-12-24,50,45,50,45,-5,55,50,2,0,3003
proeye:53155155,松川　虎生,松川　虎生,low,2022-04-21,2026-06-30,37,37,37,37,0,25,25,0,0,1531
proeye:61063884,松中　信彦,松中　信彦,medium,,,42,34,42,34,-8,5,0,0,0,0
proeye:41645138,松田　進,松田　進,low,2019-04-23,2021-12-23,60,60,60,60,0,14,14,0,0,975
proeye:51655112,松田　宣浩,松田　宣浩,medium,2016-04-28,2023-11-30,68,53,68,53,-15,43,38,5,1,1000
proeye:21825157,松尾　汐恩,松尾　汐恩,low,2017-04-27,2026-06-30,75,63,75,63,-12,24,24,1,1,1188
proeye:51655118,松本　啓二朗,松本　啓二朗,medium,2016-04-28,2017-11-21,70,70,70,70,0,14,9,0,0,572
proeye:21425117,松本　高明,松本　高明,low,,,81,81,81,81,0,5,0,0,0,0
proeye:21625135,松本　剛,松本　剛,low,2016-04-28,2025-12-24,65,69,69,58,4,55,50,1,0,2212
proeye:51855136,松本　直樹,松本　直樹,low,2018-04-26,2026-06-30,50,50,50,50,0,43,43,0,0,2987
proeye:01605114,松本　哲也,松本　哲也,low,2016-04-28,2017-11-21,77,77,77,77,0,14,9,0,0,572
proeye:61665138,松本　友,松本　友,medium,2020-10-08,2023-11-30,64,64,64,64,0,18,18,0,0,1148
unresolved:2026:1_10:G:58:松本剛,松本剛,松本剛,unresolved,2026-06-11,2026-06-11,69,69,69,69,0,1,1,0,0,0
unresolved:2026:1_11:G:58:松本剛,松本剛,松本剛,unresolved,2026-06-30,2026-06-30,69,69,69,69,0,1,1,0,0,0
unresolved:2026:default:G:57:松本剛,松本剛,松本剛,unresolved,2026-06-11,2026-06-11,69,69,69,69,0,1,1,0,0,0
unresolved:2022:1_02:F:15:上原,上 原,上 原,unresolved,2022-05-19,2022-05-19,86,86,86,86,0,1,1,0,0,0
unresolved:2022:1_04:F:3:上原,上 原,上 原,unresolved,2022-07-21,2022-07-21,86,86,86,86,0,1,1,0,0,0
unresolved:2022:1_07:F:3:上原,上 原,上 原,unresolved,2022-09-29,2022-09-29,86,86,86,86,0,1,1,0,0,0
unresolved:2022:1_08:F:20:上原,上 原,上 原,unresolved,2022-11-24,2022-11-24,86,86,86,86,0,1,1,0,0,0
unresolved:2022:1_09:F:20:上原,上 原,上 原,unresolved,2023-03-30,2023-03-30,86,86,86,86,0,1,1,0,0,0
unresolved:2022:1_10:F:5:上原,上 原,上 原,unresolved,2023-05-25,2023-05-25,86,86,86,86,0,1,1,0,0,0
unresolved:2022:1_11:F:5:上原,上 原,上 原,unresolved,2023-07-20,2023-07-20,86,86,86,86,0,1,1,0,0,0
unresolved:2022:1_12:F:5:上原,上 原,上 原,unresolved,2023-09-28,2023-09-28,86,86,86,86,0,1,1,0,0,0
unresolved:2022:1_13:F:5:上原,上 原,上 原,unresolved,2023-11-30,2023-11-30,86,86,86,86,0,1,1,0,0,0
unresolved:2022:default:F:14:上原,上 原,上 原,unresolved,2022-04-21,2022-04-21,86,86,86,86,0,1,1,0,0,0
unresolved:2024:1_01:F:19:上原,上 原,上 原,unresolved,2024-07-18,2024-07-18,86,86,86,86,0,1,1,0,0,0
unresolved:2024:1_04:F:20:上原,上 原,上 原,unresolved,2024-09-26,2024-09-26,86,86,86,86,0,1,1,0,0,0
unresolved:2024:1_05:F:20:上原,上 原,上 原,unresolved,2024-10-21,2024-10-21,86,86,86,86,0,1,1,0,0,0
unresolved:2024:1_07:F:20:上原,上 原,上 原,unresolved,2024-11-26,2024-11-26,86,86,86,86,0,1,1,0,0,0
unresolved:2024:1_08:F:19:上原,上 原,上 原,unresolved,2025-03-27,2025-03-27,86,86,86,86,0,1,1,0,0,0
unresolved:2024:1_09:F:19:上原,上 原,上 原,unresolved,2025-04-23,2025-04-23,86,86,86,86,0,1,1,0,0,0
unresolved:2024:1_10:F:19:上原,上 原,上 原,unresolved,2025-06-02,2025-06-02,86,86,86,86,0,1,1,0,0,0
unresolved:2024:1_11:F:19:上原,上 原,上 原,unresolved,2025-07-28,2025-07-28,86,86,86,86,0,1,1,0,0,0
unresolved:2024:1_12:F:19:上原,上 原,上 原,unresolved,2025-09-25,2025-09-25,86,86,86,86,0,1,1,0,0,0
unresolved:2024:default:F:3:上原,上 原,上 原,unresolved,2024-07-18,2024-07-18,86,86,86,86,0,1,1,0,0,0
unresolved:2022:1_12:BA:41:上甲,上 甲,上 甲,unresolved,2023-09-28,2023-09-28,51,51,51,51,0,1,1,0,0,0
unresolved:2022:1_13:BA:41:上甲,上 甲,上 甲,unresolved,2023-11-30,2023-11-30,51,51,51,51,0,1,1,0,0,0
unresolved:2024:1_01:BA:38:上甲,上 甲,上 甲,unresolved,2024-07-18,2024-07-18,51,51,51,51,0,1,1,0,0,0
unresolved:2024:1_04:BA:38:上甲,上 甲,上 甲,unresolved,2024-09-26,2024-09-26,51,51,51,51,0,1,1,0,0,0
unresolved:2024:1_05:BA:38:上甲,上 甲,上 甲,unresolved,2024-10-21,2024-10-21,51,51,51,51,0,1,1,0,0,0
unresolved:2024:1_07:BA:42:上甲,上 甲,上 甲,unresolved,2024-11-26,2024-11-26,51,51,51,51,0,1,1,0,0,0
unresolved:2024:default:BA:39:上甲,上 甲,上 甲,unresolved,2024-07-18,2024-07-18,51,51,51,51,0,1,1,0,0,0
proeye:01505155,上川畑　大悟,上川畑　大悟,low,2022-04-21,2026-06-30,64,64,64,64,0,25,25,0,0,1531
proeye:01305113,上村　和裕,上村　和裕,low,,,61,61,61,61,0,5,0,0,0,0
proeye:71375159,上田　希由翔,上田　希由翔,low,2024-07-18,2026-06-30,60,60,60,60,0,15,15,0,0,712
proeye:71375114,上田　剛史,上田　剛史,medium,2016-04-28,2020-12-17,80,80,80,80,0,28,23,0,0,1694
proeye:31335137,上本　崇司,上本　崇司,medium,2016-04-28,2025-12-24,62,62,62,62,0,55,50,0,0,3527
proeye:71375117,上本　達之,上本　達之,medium,2016-04-28,2017-11-21,45,45,45,45,0,14,9,0,0,572
proeye:01305118,上本　博紀,上本　博紀,medium,2016-04-28,2020-12-17,75,65,75,60,-10,28,23,1,1,868
proeye:01305151,上野　響平,上野　響平,low,2020-07-09,2022-11-24,62,64,64,62,2,14,14,1,0,553
proeye:91395139,上林　誠知,上林　誠知,low,2016-04-28,2026-06-30,58,75,77,58,17,56,53,5,2,1295
proeye:31535119,城所　龍磨,城所　龍磨,medium,2016-04-28,2018-11-01,83,80,83,80,-3,19,14,1,0,805
proeye:01305130,植田　海,植田　海,low,2016-04-28,2026-06-30,82,84,84,82,2,53,53,2,0,2625
proeye:91395151,植田　将太,植田　将太,low,2021-10-28,2026-06-30,28,28,28,28,0,27,27,0,0,1706
unresolved:2013:20131108:T:43:新井,新 井,新 井,unresolved,,,44,44,44,44,0,1,0,0,0,0
unresolved:2013:default:T:43:新井,新 井,新 井,unresolved,,,44,44,44,44,0,1,0,0,0,0
unresolved:2014:1_01:T:44:新井,新 井,新 井,unresolved,,,44,44,44,44,0,1,0,0,0,0
unresolved:2014:1_02:T:44:新井,新 井,新 井,unresolved,,,44,44,44,44,0,1,0,0,0,0
unresolved:2014:default:T:44:新井,新 井,新 井,unresolved,,,44,44,44,44,0,1,0,0,0,0
unresolved:2026:1_10:D:47:新保,新 保,新 保,unresolved,2026-06-11,2026-06-11,51,51,51,51,0,1,1,0,0,0
unresolved:2026:1_11:D:47:新保,新 保,新 保,unresolved,2026-06-30,2026-06-30,51,51,51,51,0,1,1,0,0,0
unresolved:2026:default:D:47:新保,新 保,新 保,unresolved,2026-06-11,2026-06-11,51,51,51,51,0,1,1,0,0,0
proeye:01103888,新井　貴浩,新井　貴浩,medium,2016-04-28,2018-11-01,44,44,44,44,0,14,14,0,0,917
proeye:01105112,新井　良太,新井　良太,medium,2016-04-28,2017-11-21,51,51,52,51,0,14,9,0,0,572
proeye:41245118,新田　玄気,新田　玄気,low,,,50,50,50,50,0,5,0,0,0,0
unresolved:2014:1_01:L:35:森,森,森,unresolved,,,58,58,58,58,0,1,0,0,0,0
unresolved:2014:1_02:L:34:森,森,森,unresolved,,,58,58,58,58,0,1,0,0,0,0
unresolved:2014:default:L:35:森,森,森,unresolved,,,58,58,58,58,0,1,0,0,0,0
unresolved:2016:1_01:L:42:森,森,森,unresolved,2016-04-28,2016-04-28,58,58,58,58,0,1,1,0,0,0
unresolved:2016:1_03:L:41:森,森,森,unresolved,2016-06-30,2016-06-30,58,58,58,58,0,1,1,0,0,0
unresolved:2016:1_05:L:42:森,森,森,unresolved,2016-09-08,2016-09-08,58,58,58,58,0,1,1,0,0,0
unresolved:2016:1_06:L:41:森,森,森,unresolved,2016-12-15,2016-12-15,58,58,58,58,0,1,1,0,0,0
unresolved:2016:1_07:L:39:森,森,森,unresolved,2017-04-27,2017-04-27,58,58,58,58,0,1,1,0,0,0
unresolved:2016:1_09:L:40:森,森,森,unresolved,2017-07-13,2017-07-13,58,58,58,58,0,1,1,0,0,0
unresolved:2016:1_10:L:41:森,森,森,unresolved,2017-09-14,2017-09-14,58,58,58,58,0,1,1,0,0,0
unresolved:2016:1_11:L:40:森,森,森,unresolved,2017-11-21,2017-11-21,65,65,65,65,0,1,1,0,0,0
unresolved:2016:default:L:42:森,森,森,unresolved,2016-04-28,2016-04-28,58,58,58,58,0,1,1,0,0,0
unresolved:2018:1_01:L:39:森,森,森,unresolved,2018-04-26,2018-04-26,65,65,65,65,0,1,1,0,0,0
unresolved:2018:1_05:L:39:森,森,森,unresolved,2018-07-12,2018-07-12,65,65,65,65,0,1,1,0,0,0
unresolved:2018:1_07:L:42:森,森,森,unresolved,2018-09-13,2018-09-13,65,65,65,65,0,1,1,0,0,0
unresolved:2018:1_09:L:42:森,森,森,unresolved,2018-11-01,2018-11-01,65,65,65,65,0,1,1,0,0,0
unresolved:2018:1_10:L:38:森,森,森,unresolved,2019-04-23,2019-04-23,65,65,65,65,0,1,1,0,0,0
unresolved:2018:1_11:L:38:森,森,森,unresolved,2019-06-13,2019-06-13,65,65,65,65,0,1,1,0,0,0
unresolved:2018:1_12:L:38:森,森,森,unresolved,2019-08-02,2019-08-02,65,65,65,65,0,1,1,0,0,0
unresolved:2018:1_14:L:38:森,森,森,unresolved,2019-09-19,2019-09-19,65,65,65,65,0,1,1,0,0,0
unresolved:2018:1_15:L:38:森,森,森,unresolved,2019-10-25,2019-10-25,65,65,65,65,0,1,1,0,0,0
unresolved:2018:default:L:39:森,森,森,unresolved,2018-04-26,2018-04-26,65,65,65,65,0,1,1,0,0,0
unresolved:2020:1_05:BA:58:森,森,森,unresolved,2020-10-08,2020-10-08,81,81,81,81,0,1,1,0,0,0
unresolved:2020:1_05:L:39:森,森,森,unresolved,2020-10-08,2020-10-08,65,65,65,65,0,1,1,0,0,0
unresolved:2020:1_06:BA:57:森,森,森,unresolved,2020-11-26,2020-11-26,81,81,81,81,0,1,1,0,0,0
unresolved:2020:1_06:L:36:森,森,森,unresolved,2020-11-26,2020-11-26,65,65,65,65,0,1,1,0,0,0
unresolved:2020:1_07:BA:57:森,森,森,unresolved,2020-12-17,2020-12-17,81,81,81,81,0,1,1,0,0,0
unresolved:2020:1_07:L:36:森,森,森,unresolved,2020-12-17,2020-12-17,65,65,65,65,0,1,1,0,0,0
unresolved:2020:1_09:BA:54:森,森,森,unresolved,2021-04-08,2021-04-08,81,81,81,81,0,1,1,0,0,0
unresolved:2020:1_09:L:34:森,森,森,unresolved,2021-04-08,2021-04-08,65,65,65,65,0,1,1,0,0,0
unresolved:2020:1_12:BA:55:森,森,森,unresolved,2021-05-20,2021-05-20,81,81,81,81,0,1,1,0,0,0
unresolved:2020:1_12:L:34:森,森,森,unresolved,2021-05-20,2021-05-20,65,65,65,65,0,1,1,0,0,0
unresolved:2020:1_13:BA:56:森,森,森,unresolved,2021-07-28,2021-07-28,81,81,81,81,0,1,1,0,0,0
unresolved:2020:1_13:L:35:森,森,森,unresolved,2021-07-28,2021-07-28,65,65,65,65,0,1,1,0,0,0
unresolved:2020:1_15:BA:55:森,森,森,unresolved,2021-10-28,2021-10-28,81,81,81,81,0,1,1,0,0,0
unresolved:2020:1_15:L:36:森,森,森,unresolved,2021-10-28,2021-10-28,65,65,65,65,0,1,1,0,0,0
unresolved:2020:1_16:BA:58:森,森,森,unresolved,2021-12-23,2021-12-23,81,81,81,81,0,1,1,0,0,0
unresolved:2020:1_16:L:36:森,森,森,unresolved,2021-12-23,2021-12-23,65,65,65,65,0,1,1,0,0,0
unresolved:2020:default:BA:58:森,森,森,unresolved,2020-07-09,2020-07-09,81,81,81,81,0,1,1,0,0,0
unresolved:2020:default:L:38:森,森,森,unresolved,2020-07-09,2020-07-09,65,65,65,65,0,1,1,0,0,0
unresolved:2022:1_02:BA:53:森,森,森,unresolved,2022-05-19,2022-05-19,81,81,81,81,0,1,1,0,0,0
unresolved:2022:1_02:L:31:森,森,森,unresolved,2022-05-19,2022-05-19,65,65,65,65,0,1,1,0,0,0
unresolved:2022:1_04:BA:53:森,森,森,unresolved,2022-07-21,2022-07-21,81,81,81,81,0,1,1,0,0,0
unresolved:2022:1_04:L:31:森,森,森,unresolved,2022-07-21,2022-07-21,65,65,65,65,0,1,1,0,0,0
unresolved:2022:1_07:BA:55:森,森,森,unresolved,2022-09-29,2022-09-29,81,81,81,81,0,1,1,0,0,0
unresolved:2022:1_07:L:32:森,森,森,unresolved,2022-09-29,2022-09-29,65,65,65,65,0,1,1,0,0,0
unresolved:2022:1_08:BA:54:森,森,森,unresolved,2022-11-24,2022-11-24,81,81,81,81,0,1,1,0,0,0
unresolved:2022:1_08:L:32:森,森,森,unresolved,2022-11-24,2022-11-24,65,65,65,65,0,1,1,0,0,0
unresolved:2022:1_09:BA:51:森,森,森,unresolved,2023-03-30,2023-03-30,81,81,81,81,0,1,1,0,0,0
unresolved:2022:1_10:BA:52:森,森,森,unresolved,2023-05-25,2023-05-25,81,81,81,81,0,1,1,0,0,0
unresolved:2022:1_11:BA:53:森,森,森,unresolved,2023-07-20,2023-07-20,81,81,81,81,0,1,1,0,0,0
unresolved:2022:1_12:BA:54:森,森,森,unresolved,2023-09-28,2023-09-28,81,81,81,81,0,1,1,0,0,0
unresolved:2022:1_13:BA:55:森,森,森,unresolved,2023-11-30,2023-11-30,81,81,81,81,0,1,1,0,0,0
unresolved:2022:default:BA:53:森,森,森,unresolved,2022-04-21,2022-04-21,81,81,81,81,0,1,1,0,0,0
unresolved:2022:default:L:30:森,森,森,unresolved,2022-04-21,2022-04-21,65,65,65,65,0,1,1,0,0,0
unresolved:2020:1_05:L:55:森越,森 越,森 越,unresolved,2020-10-08,2020-10-08,64,64,64,64,0,1,1,0,0,0
unresolved:2020:1_06:L:55:森越,森 越,森 越,unresolved,2020-11-26,2020-11-26,64,64,64,64,0,1,1,0,0,0
unresolved:2020:1_07:L:55:森越,森 越,森 越,unresolved,2020-12-17,2020-12-17,64,64,64,64,0,1,1,0,0,0
unresolved:2020:default:L:54:森越,森 越,森 越,unresolved,2020-07-09,2020-07-09,64,64,64,64,0,1,1,0,0,0
proeye:33135151,森　敬斗,森　敬斗,medium,2024-07-18,2026-06-30,81,81,81,81,0,15,15,0,0,712
proeye:03105150,森　駿太,森　駿太,medium,2025-03-27,2026-06-30,66,66,66,66,0,10,10,0,0,460
unresolved:2013:20131108:F:45:森本,森 本,森 本,unresolved,,,60,60,60,60,0,1,0,0,0,0
unresolved:2013:default:F:51:森本,森 本,森 本,unresolved,,,60,60,60,60,0,1,0,0,0,0
unresolved:2014:1_01:F:49:森本,森 本,森 本,unresolved,,,68,68,68,68,0,1,0,0,0,0
unresolved:2014:1_02:F:49:森本,森 本,森 本,unresolved,,,68,68,68,68,0,1,0,0,0,0
unresolved:2014:default:F:49:森本,森 本,森 本,unresolved,,,68,68,68,68,0,1,0,0,0,0
unresolved:2016:1_01:F:48:森本,森 本,森 本,unresolved,2016-04-28,2016-04-28,68,68,68,68,0,1,1,0,0,0
unresolved:2016:1_03:F:49:森本,森 本,森 本,unresolved,2016-06-30,2016-06-30,68,68,68,68,0,1,1,0,0,0
unresolved:2016:1_05:F:49:森本,森 本,森 本,unresolved,2016-09-08,2016-09-08,68,68,68,68,0,1,1,0,0,0
unresolved:2016:1_06:F:49:森本,森 本,森 本,unresolved,2016-12-15,2016-12-15,68,68,68,68,0,1,1,0,0,0
unresolved:2016:default:F:48:森本,森 本,森 本,unresolved,2016-04-28,2016-04-28,68,68,68,68,0,1,1,0,0,0
unresolved:2018:1_01:F:56:森本,森 本,森 本,unresolved,2018-04-26,2018-04-26,68,68,68,68,0,1,1,0,0,0
unresolved:2018:1_05:F:55:森本,森 本,森 本,unresolved,2018-07-12,2018-07-12,68,68,68,68,0,1,1,0,0,0
unresolved:2018:1_07:F:55:森本,森 本,森 本,unresolved,2018-09-13,2018-09-13,68,68,68,68,0,1,1,0,0,0
unresolved:2018:1_09:F:56:森本,森 本,森 本,unresolved,2018-11-01,2018-11-01,68,68,68,68,0,1,1,0,0,0
unresolved:2018:default:F:56:森本,森 本,森 本,unresolved,2018-04-26,2018-04-26,68,68,68,68,0,1,1,0,0,0
proeye:81685133,森越　祐人,森越　祐人,low,2016-04-28,2019-10-25,65,64,65,63,-1,24,19,1,0,868
proeye:11615117,森岡　良介,森岡　良介,medium,2016-04-28,2016-12-15,43,43,53,43,0,10,5,0,0,231
proeye:43145157,森下　翔太,森下　翔太,low,2023-03-30,2026-06-30,60,60,60,60,0,20,20,0,0,1188
proeye:03105134,森山　恵佑,森山　恵佑,low,2017-04-27,2019-10-25,55,55,55,55,0,14,14,0,0,911
proeye:41645112,森山　周,森山　周,medium,,,89,89,89,89,0,5,0,0,0,0
proeye:71675116,森田　一成,森田　一成,low,,,52,51,52,51,-1,5,0,0,0,0
proeye:41243888,森本　稀哲,森本　稀哲,medium,,,69,69,69,69,0,5,0,0,0,0
proeye:41445137,森本　龍弥,森本　龍弥,medium,2017-04-27,2017-11-21,68,68,68,68,0,4,4,0,0,208
proeye:21223884,森野　将彦,森野　将彦,medium,2016-04-28,2017-11-21,48,48,48,48,0,14,9,0,0,572
proeye:91495139,森友哉,森友哉,low,2023-03-30,2026-06-30,65,65,65,65,0,20,20,0,0,1188
proeye:11415133,深江　真登,深江　真登,low,,,93,93,93,93,0,5,0,0,0,0
unresolved:2013:20131108:C:48:申,申,申,unresolved,,,45,45,45,45,0,1,0,0,0,0
unresolved:2013:default:C:45:申,申,申,unresolved,,,45,45,45,45,0,1,0,0,0,0
proeye:51255137,真砂　勇介,真砂　勇介,low,2016-04-28,2022-11-24,68,75,75,68,7,38,33,1,1,1897
proeye:81785114,神戸　拓光,神戸　拓光,low,,,35,35,35,35,0,5,0,0,0,0
proeye:71575136,神里　和毅,神里　和毅,low,2018-04-26,2026-06-30,70,83,83,70,13,44,44,3,1,2440
proeye:11015159,進藤　勇也,進藤　勇也,low,2024-07-18,2026-06-30,52,52,52,52,0,15,15,0,0,712
unresolved:2020:1_05:E:40:水上,水 上,水 上,unresolved,2020-10-08,2020-10-08,50,50,50,50,0,1,1,0,0,0
unresolved:2020:1_06:E:41:水上,水 上,水 上,unresolved,2020-11-26,2020-11-26,50,50,50,50,0,1,1,0,0,0
unresolved:2020:1_07:E:41:水上,水 上,水 上,unresolved,2020-12-17,2020-12-17,50,50,50,50,0,1,1,0,0,0
unresolved:2020:1_09:E:42:水上,水 上,水 上,unresolved,2021-04-08,2021-04-08,50,50,50,50,0,1,1,0,0,0
unresolved:2020:1_12:E:43:水上,水 上,水 上,unresolved,2021-05-20,2021-05-20,50,50,50,50,0,1,1,0,0,0
unresolved:2020:1_13:E:43:水上,水 上,水 上,unresolved,2021-07-28,2021-07-28,50,50,50,50,0,1,1,0,0,0
unresolved:2020:1_15:E:44:水上,水 上,水 上,unresolved,2021-10-28,2021-10-28,50,50,50,50,0,1,1,0,0,0
unresolved:2020:1_16:E:44:水上,水 上,水 上,unresolved,2021-12-23,2021-12-23,50,50,50,50,0,1,1,0,0,0
unresolved:2020:default:E:39:水上,水 上,水 上,unresolved,2020-07-09,2020-07-09,50,50,50,50,0,1,1,0,0,0
unresolved:2022:1_02:E:42:水上,水 上,水 上,unresolved,2022-05-19,2022-05-19,50,50,50,50,0,1,1,0,0,0
unresolved:2022:1_04:E:41:水上,水 上,水 上,unresolved,2022-07-21,2022-07-21,50,50,50,50,0,1,1,0,0,0
unresolved:2022:1_07:E:41:水上,水 上,水 上,unresolved,2022-09-29,2022-09-29,50,50,50,50,0,1,1,0,0,0
unresolved:2022:1_08:E:41:水上,水 上,水 上,unresolved,2022-11-24,2022-11-24,50,50,50,50,0,1,1,0,0,0
unresolved:2022:default:E:40:水上,水 上,水 上,unresolved,2022-04-21,2022-04-21,50,50,50,50,0,1,1,0,0,0
unresolved:2018:1_10:H:65:水谷,水 谷,水 谷,unresolved,2019-04-23,2019-04-23,66,66,66,66,0,1,1,0,0,0
unresolved:2018:1_11:H:67:水谷,水 谷,水 谷,unresolved,2019-06-13,2019-06-13,66,66,66,66,0,1,1,0,0,0
unresolved:2018:1_12:H:67:水谷,水 谷,水 谷,unresolved,2019-08-02,2019-08-02,66,66,66,66,0,1,1,0,0,0
unresolved:2018:1_14:H:69:水谷,水 谷,水 谷,unresolved,2019-09-19,2019-09-19,66,66,66,66,0,1,1,0,0,0
unresolved:2018:1_15:H:69:水谷,水 谷,水 谷,unresolved,2019-10-25,2019-10-25,66,66,66,66,0,1,1,0,0,0
unresolved:2020:1_05:H:66:水谷,水 谷,水 谷,unresolved,2020-10-08,2020-10-08,66,66,66,66,0,1,1,0,0,0
unresolved:2020:1_06:H:67:水谷,水 谷,水 谷,unresolved,2020-11-26,2020-11-26,66,66,66,66,0,1,1,0,0,0
unresolved:2020:1_07:H:67:水谷,水 谷,水 谷,unresolved,2020-12-17,2020-12-17,66,66,66,66,0,1,1,0,0,0
unresolved:2020:1_09:H:66:水谷,水 谷,水 谷,unresolved,2021-04-08,2021-04-08,66,66,66,66,0,1,1,0,0,0
unresolved:2020:1_12:H:66:水谷,水 谷,水 谷,unresolved,2021-05-20,2021-05-20,66,66,66,66,0,1,1,0,0,0
unresolved:2020:1_13:H:67:水谷,水 谷,水 谷,unresolved,2021-07-28,2021-07-28,71,71,71,71,0,1,1,0,0,0
unresolved:2020:1_15:H:69:水谷,水 谷,水 谷,unresolved,2021-10-28,2021-10-28,71,71,71,71,0,1,1,0,0,0
unresolved:2020:1_16:H:68:水谷,水 谷,水 谷,unresolved,2021-12-23,2021-12-23,71,71,71,71,0,1,1,0,0,0
unresolved:2020:default:H:66:水谷,水 谷,水 谷,unresolved,2020-07-09,2020-07-09,66,66,66,66,0,1,1,0,0,0
unresolved:2022:1_02:H:66:水谷,水 谷,水 谷,unresolved,2022-05-19,2022-05-19,71,71,71,71,0,1,1,0,0,0
unresolved:2022:1_04:H:66:水谷,水 谷,水 谷,unresolved,2022-07-21,2022-07-21,71,71,71,71,0,1,1,0,0,0
unresolved:2022:1_07:H:69:水谷,水 谷,水 谷,unresolved,2022-09-29,2022-09-29,71,71,71,71,0,1,1,0,0,0
unresolved:2022:1_08:H:69:水谷,水 谷,水 谷,unresolved,2022-11-24,2022-11-24,71,71,71,71,0,1,1,0,0,0
unresolved:2022:1_09:H:65:水谷,水 谷,水 谷,unresolved,2023-03-30,2023-03-30,71,71,71,71,0,1,1,0,0,0
unresolved:2022:1_10:H:65:水谷,水 谷,水 谷,unresolved,2023-05-25,2023-05-25,71,71,71,71,0,1,1,0,0,0
unresolved:2022:1_11:H:65:水谷,水 谷,水 谷,unresolved,2023-07-20,2023-07-20,71,71,71,71,0,1,1,0,0,0
unresolved:2022:1_12:H:68:水谷,水 谷,水 谷,unresolved,2023-09-28,2023-09-28,63,63,63,63,0,1,1,0,0,0
unresolved:2022:1_13:H:68:水谷,水 谷,水 谷,unresolved,2023-11-30,2023-11-30,63,63,63,63,0,1,1,0,0,0
unresolved:2022:default:H:64:水谷,水 谷,水 谷,unresolved,2022-04-21,2022-04-21,71,71,71,71,0,1,1,0,0,0
unresolved:2013:20131108:S:42:水野,水 野,水 野,unresolved,,,52,52,52,52,0,1,0,0,0,0
unresolved:2013:default:S:42:水野,水 野,水 野,unresolved,,,52,52,52,52,0,1,0,0,0,0
proeye:61265137,水口　大地,水口　大地,medium,2016-04-28,2020-12-17,75,75,75,75,0,23,23,0,0,1694
proeye:31835138,水谷　瞬,水谷　瞬,low,2024-07-18,2026-06-30,63,78,78,63,15,15,15,2,1,581
proeye:31435113,水田　圭介,水田　圭介,medium,,,62,62,62,62,0,2,0,0,0,0
proeye:63165155,水野　達稀,水野　達稀,low,2022-04-21,2026-06-30,68,71,71,68,3,25,25,1,0,819
proeye:61765137,杉山　翔大,杉山　翔大,low,2016-04-28,2019-10-25,54,63,63,54,9,24,19,1,1,1212
proeye:81785118,杉谷　拳士,杉谷　拳士,medium,2016-04-28,2022-11-24,70,70,70,70,0,38,33,0,0,2401
proeye:61965132,杉本　裕太郎,杉本　裕太郎,low,2016-04-28,2026-06-30,69,66,69,66,-3,53,53,1,0,3003
proeye:61965157,杉澤　龍,杉澤　龍,low,2023-03-30,2026-06-30,63,63,63,63,0,20,20,0,0,1188
proeye:41945136,菅野　剛士,菅野　剛士,low,2018-04-26,2024-11-26,60,59,60,59,-1,31,31,1,0,2044
unresolved:2026:1_10:BA:52:成瀬,成 瀬,成 瀬,unresolved,2026-06-11,2026-06-11,63,63,63,63,0,1,1,0,0,0
unresolved:2026:1_11:BA:52:成瀬,成 瀬,成 瀬,unresolved,2026-06-30,2026-06-30,63,63,63,63,0,1,1,0,0,0
unresolved:2026:default:BA:52:成瀬,成 瀬,成 瀬,unresolved,2026-06-11,2026-06-11,63,63,63,63,0,1,1,0,0,0
unresolved:2014:1_01:L:36:星,星,星,unresolved,,,54,54,54,54,0,1,0,0,0,0
unresolved:2014:1_02:L:36:星,星,星,unresolved,,,54,54,54,54,0,1,0,0,0,0
unresolved:2014:default:L:36:星,星,星,unresolved,,,54,54,54,54,0,1,0,0,0,0
unresolved:2016:1_01:L:39:星,星,星,unresolved,2016-04-28,2016-04-28,54,54,54,54,0,1,1,0,0,0
unresolved:2016:1_03:L:42:星,星,星,unresolved,2016-06-30,2016-06-30,54,54,54,54,0,1,1,0,0,0
unresolved:2016:1_05:L:43:星,星,星,unresolved,2016-09-08,2016-09-08,54,54,54,54,0,1,1,0,0,0
unresolved:2016:1_06:L:44:星,星,星,unresolved,2016-12-15,2016-12-15,54,54,54,54,0,1,1,0,0,0
unresolved:2016:default:L:39:星,星,星,unresolved,2016-04-28,2016-04-28,54,54,54,54,0,1,1,0,0,0
proeye:61265110,星　孝典,星　孝典,medium,,,54,54,54,54,0,2,0,0,0,0
proeye:81285110,星　秀和,星　秀和,medium,,,70,70,70,70,0,2,0,0,0,0
unresolved:2022:1_02:D:44:星野,星 野,星 野,unresolved,2022-05-19,2022-05-19,60,60,60,60,0,1,1,0,0,0
unresolved:2022:1_04:D:46:星野,星 野,星 野,unresolved,2022-07-21,2022-07-21,60,60,60,60,0,1,1,0,0,0
unresolved:2022:1_07:D:47:星野,星 野,星 野,unresolved,2022-09-29,2022-09-29,60,60,60,60,0,1,1,0,0,0
unresolved:2022:1_08:D:47:星野,星 野,星 野,unresolved,2022-11-24,2022-11-24,60,60,60,60,0,1,1,0,0,0
unresolved:2022:1_09:D:42:星野,星 野,星 野,unresolved,2023-03-30,2023-03-30,60,60,60,60,0,1,1,0,0,0
unresolved:2022:1_10:D:43:星野,星 野,星 野,unresolved,2023-05-25,2023-05-25,60,60,60,60,0,1,1,0,0,0
unresolved:2022:1_11:D:45:星野,星 野,星 野,unresolved,2023-07-20,2023-07-20,60,60,60,60,0,1,1,0,0,0
unresolved:2022:1_12:D:47:星野,星 野,星 野,unresolved,2023-09-28,2023-09-28,60,60,60,60,0,1,1,0,0,0
unresolved:2022:1_13:D:47:星野,星 野,星 野,unresolved,2023-11-30,2023-11-30,60,60,60,60,0,1,1,0,0,0
unresolved:2022:default:D:44:星野,星 野,星 野,unresolved,2022-04-21,2022-04-21,60,60,60,60,0,1,1,0,0,0
unresolved:2024:1_01:F:66:星野,星 野,星 野,unresolved,2024-07-18,2024-07-18,63,63,63,63,0,1,1,0,0,0
unresolved:2024:1_04:F:69:星野,星 野,星 野,unresolved,2024-09-26,2024-09-26,63,63,63,63,0,1,1,0,0,0
unresolved:2024:1_05:F:69:星野,星 野,星 野,unresolved,2024-10-21,2024-10-21,63,63,63,63,0,1,1,0,0,0
unresolved:2024:1_07:F:69:星野,星 野,星 野,unresolved,2024-11-26,2024-11-26,63,63,63,63,0,1,1,0,0,0
unresolved:2024:1_08:F:66:星野,星 野,星 野,unresolved,2025-03-27,2025-03-27,63,63,63,63,0,1,1,0,0,0
unresolved:2024:1_09:F:67:星野,星 野,星 野,unresolved,2025-04-23,2025-04-23,63,63,63,63,0,1,1,0,0,0
unresolved:2024:1_10:F:68:星野,星 野,星 野,unresolved,2025-06-02,2025-06-02,63,63,63,63,0,1,1,0,0,0
unresolved:2024:1_11:F:68:星野,星 野,星 野,unresolved,2025-07-28,2025-07-28,63,63,63,63,0,1,1,0,0,0
unresolved:2024:1_12:F:69:星野,星 野,星 野,unresolved,2025-09-25,2025-09-25,63,63,63,63,0,1,1,0,0,0
unresolved:2024:1_14:F:69:星野,星 野,星 野,unresolved,2025-11-20,2025-11-20,63,63,63,63,0,1,1,0,0,0
unresolved:2024:1_15:F:69:星野,星 野,星 野,unresolved,2025-12-24,2025-12-24,63,63,63,63,0,1,1,0,0,0
unresolved:2024:default:F:65:星野,星 野,星 野,unresolved,2024-07-18,2024-07-18,63,63,63,63,0,1,1,0,0,0
proeye:31235137,星野　雄大,星野　雄大,low,2016-04-28,2017-11-21,39,39,40,39,0,14,9,0,0,572
unresolved:2022:1_09:E:67:正髄,正 髄,正 髄,unresolved,2023-03-30,2023-03-30,53,53,53,53,0,1,1,0,0,0
unresolved:2022:1_10:E:67:正髄,正 髄,正 髄,unresolved,2023-05-25,2023-05-25,53,53,53,53,0,1,1,0,0,0
unresolved:2022:1_11:E:67:正髄,正 髄,正 髄,unresolved,2023-07-20,2023-07-20,53,53,53,53,0,1,1,0,0,0
unresolved:2022:1_12:E:68:正髄,正 髄,正 髄,unresolved,2023-09-28,2023-09-28,53,53,53,53,0,1,1,0,0,0
unresolved:2022:1_13:E:68:正髄,正 髄,正 髄,unresolved,2023-11-30,2023-11-30,53,53,53,53,0,1,1,0,0,0
proeye:81885155,正木　智也,正木　智也,low,2022-04-21,2026-06-30,48,48,48,48,0,25,25,0,0,1531
proeye:71975138,正隨　優弥,正隨　優弥,low,2019-04-23,2022-11-24,53,53,53,53,0,19,19,0,0,1311
proeye:41545136,清宮　幸太郎,清宮　幸太郎,low,2018-04-26,2026-06-30,45,56,56,45,11,44,44,1,1,1547
proeye:91995157,清水　叶人,清水　叶人,low,2023-03-30,2026-06-30,52,52,52,52,0,20,20,0,0,1188
proeye:61965130,清水　優心,清水　優心,low,2016-04-28,2026-06-30,50,44,50,44,-6,53,53,1,1,2275
proeye:41945114,清水　誉,清水　誉,medium,2016-04-28,2016-12-15,52,52,53,52,0,10,5,0,0,231
proeye:91795131,清田　育宏,清田　育宏,low,2016-04-28,2021-05-20,66,61,66,61,-5,30,25,1,0,1624
proeye:21125157,生海,生海,medium,2023-03-30,2024-11-26,46,51,51,46,5,10,10,1,0,425
proeye:61265116,聖澤　諒,聖澤　諒,medium,2016-04-28,2018-11-01,80,72,88,72,-8,19,14,1,1,784
unresolved:2014:1_01:OBU:70:西川,西 川,西 川,unresolved,,,87,87,87,87,0,1,0,0,0,0
unresolved:2014:1_02:OBU:70:西川,西 川,西 川,unresolved,,,87,87,87,87,0,1,0,0,0,0
unresolved:2014:default:OBU:70:西川,西 川,西 川,unresolved,,,87,87,87,87,0,1,0,0,0,0
proeye:91095139,西浦　直亨,西浦　直亨,medium,2016-04-28,2024-11-26,60,60,60,60,0,46,43,0,0,3134
proeye:31435136,西浦　颯大,西浦　颯大,medium,2018-04-26,2020-12-17,74,79,79,74,5,14,14,1,0,553
proeye:31435117,西岡　剛,西岡　剛,medium,2016-04-28,2018-11-01,70,59,77,50,-11,19,14,4,3,413
proeye:71475136,西巻　賢二,西巻　賢二,low,2018-04-26,2024-11-26,61,69,69,61,8,32,32,1,1,2406
proeye:01405135,西森　将司,西森　将司,low,2016-04-28,2019-10-25,61,61,61,61,0,24,19,0,0,1275
proeye:51455136,西川　愛也,西川　愛也,low,2018-04-26,2026-06-30,62,84,84,62,22,44,44,3,2,1981
proeye:21625150,西川　史礁,西川　史礁,low,2021-04-08,2026-06-30,50,62,62,50,12,25,25,2,1,966
proeye:31035137,西川　拓喜,西川　拓喜,medium,,,87,87,87,87,0,2,0,0,0,0
proeye:21225133,西川　遥輝,西川　遥輝,low,2016-04-28,2026-06-30,93,83,93,79,-10,58,53,2,0,1798
proeye:71475132,西川　龍馬,西川　龍馬,low,2016-04-28,2026-06-30,69,72,72,69,3,56,56,1,0,3143
proeye:71275112,西村　弥,西村　弥,low,,,61,61,61,61,0,5,0,0,0,0
proeye:01405136,西村　凌,西村　凌,medium,2018-04-26,2022-11-24,79,78,79,78,-1,24,24,1,0,1533
proeye:91495157,西村　瑠伊斗,西村　瑠伊斗,low,2023-03-30,2026-06-30,64,64,64,64,0,20,20,0,0,1188
proeye:91495135,西田　直斗,西田　直斗,low,2016-04-28,2018-11-01,58,57,58,56,-1,17,12,1,0,686
proeye:41045131,西田　哲朗,西田　哲朗,medium,2016-04-28,2020-12-17,68,71,71,68,3,28,23,1,0,826
proeye:41245133,西田　明央,西田　明央,medium,2016-04-28,2024-11-26,51,51,51,51,0,48,43,0,0,3134
proeye:91495130,西野　真弘,西野　真弘,low,2016-04-28,2026-06-30,71,76,76,71,5,53,53,1,0,3351
unresolved:2016:1_10:G:70:青山,青 山,青 山,unresolved,2017-09-14,2017-09-14,60,60,60,60,0,1,1,0,0,0
unresolved:2016:1_11:G:70:青山,青 山,青 山,unresolved,2017-11-21,2017-11-21,60,60,60,60,0,1,1,0,0,0
unresolved:2018:1_01:G:64:青山,青 山,青 山,unresolved,2018-04-26,2018-04-26,60,60,60,60,0,1,1,0,0,0
unresolved:2018:1_05:G:65:青山,青 山,青 山,unresolved,2018-07-12,2018-07-12,60,60,60,60,0,1,1,0,0,0
unresolved:2018:1_07:G:67:青山,青 山,青 山,unresolved,2018-09-13,2018-09-13,60,60,60,60,0,1,1,0,0,0
unresolved:2018:1_09:G:69:青山,青 山,青 山,unresolved,2018-11-01,2018-11-01,60,60,60,60,0,1,1,0,0,0
unresolved:2018:default:G:62:青山,青 山,青 山,unresolved,2018-04-26,2018-04-26,60,60,60,60,0,1,1,0,0,0
unresolved:2016:1_01:C:54:青木,青 木,青 木,unresolved,2016-04-28,2016-04-28,44,44,44,44,0,1,1,0,0,0
unresolved:2016:1_03:C:54:青木,青 木,青 木,unresolved,2016-06-30,2016-06-30,44,44,44,44,0,1,1,0,0,0
unresolved:2016:1_05:C:55:青木,青 木,青 木,unresolved,2016-09-08,2016-09-08,44,44,44,44,0,1,1,0,0,0
unresolved:2016:1_06:C:55:青木,青 木,青 木,unresolved,2016-12-15,2016-12-15,44,44,44,44,0,1,1,0,0,0
unresolved:2016:1_07:C:56:青木,青 木,青 木,unresolved,2017-04-27,2017-04-27,44,44,44,44,0,1,1,0,0,0
unresolved:2016:1_09:C:57:青木,青 木,青 木,unresolved,2017-07-13,2017-07-13,44,44,44,44,0,1,1,0,0,0
unresolved:2016:1_10:C:58:青木,青 木,青 木,unresolved,2017-09-14,2017-09-14,44,44,44,44,0,1,1,0,0,0
unresolved:2016:1_11:C:59:青木,青 木,青 木,unresolved,2017-11-21,2017-11-21,44,44,44,44,0,1,1,0,0,0
unresolved:2016:default:C:54:青木,青 木,青 木,unresolved,2016-04-28,2016-04-28,44,44,44,44,0,1,1,0,0,0
unresolved:2018:1_01:C:56:青木,青 木,青 木,unresolved,2018-04-26,2018-04-26,44,44,44,44,0,1,1,0,0,0
unresolved:2018:1_05:C:56:青木,青 木,青 木,unresolved,2018-07-12,2018-07-12,44,44,44,44,0,1,1,0,0,0
unresolved:2018:1_07:C:56:青木,青 木,青 木,unresolved,2018-09-13,2018-09-13,44,44,44,44,0,1,1,0,0,0
unresolved:2018:1_09:C:57:青木,青 木,青 木,unresolved,2018-11-01,2018-11-01,44,44,44,44,0,1,1,0,0,0
unresolved:2018:default:C:56:青木,青 木,青 木,unresolved,2018-04-26,2018-04-26,44,44,44,44,0,1,1,0,0,0
unresolved:2024:1_01:E:54:青野,青 野,青 野,unresolved,2024-07-18,2024-07-18,61,61,61,61,0,1,1,0,0,0
unresolved:2024:1_04:E:54:青野,青 野,青 野,unresolved,2024-09-26,2024-09-26,61,61,61,61,0,1,1,0,0,0
unresolved:2024:1_05:E:54:青野,青 野,青 野,unresolved,2024-10-21,2024-10-21,61,61,61,61,0,1,1,0,0,0
unresolved:2024:1_07:E:54:青野,青 野,青 野,unresolved,2024-11-26,2024-11-26,61,61,61,61,0,1,1,0,0,0
unresolved:2024:1_08:E:55:青野,青 野,青 野,unresolved,2025-03-27,2025-03-27,61,61,61,61,0,1,1,0,0,0
unresolved:2024:1_09:E:56:青野,青 野,青 野,unresolved,2025-04-23,2025-04-23,61,61,61,61,0,1,1,0,0,0
unresolved:2024:1_10:E:56:青野,青 野,青 野,unresolved,2025-06-02,2025-06-02,61,61,61,61,0,1,1,0,0,0
unresolved:2024:1_11:E:56:青野,青 野,青 野,unresolved,2025-07-28,2025-07-28,61,61,61,61,0,1,1,0,0,0
unresolved:2024:1_12:E:50:青野,青 野,青 野,unresolved,2025-09-25,2025-09-25,53,53,53,53,0,1,1,0,0,0
unresolved:2024:1_14:E:50:青野,青 野,青 野,unresolved,2025-11-20,2025-11-20,53,53,53,53,0,1,1,0,0,0
unresolved:2024:1_15:E:50:青野,青 野,青 野,unresolved,2025-12-24,2025-12-24,53,53,53,53,0,1,1,0,0,0
unresolved:2024:default:E:54:青野,青 野,青 野,unresolved,2024-07-18,2024-07-18,61,61,61,61,0,1,1,0,0,0
unresolved:2026:1_10:E:50:青野,青 野,青 野,unresolved,2026-06-11,2026-06-11,53,53,53,53,0,1,1,0,0,0
unresolved:2026:1_11:E:50:青野,青 野,青 野,unresolved,2026-06-30,2026-06-30,53,53,53,53,0,1,1,0,0,0
unresolved:2026:default:E:50:青野,青 野,青 野,unresolved,2026-06-11,2026-06-11,53,53,53,53,0,1,1,0,0,0
unresolved:2016:1_01:BA:65:青柳,青 柳,青 柳,unresolved,2016-04-28,2016-04-28,65,65,65,65,0,1,1,0,0,0
unresolved:2016:1_03:BA:68:青柳,青 柳,青 柳,unresolved,2016-06-30,2016-06-30,65,65,65,65,0,1,1,0,0,0
unresolved:2016:1_05:BA:69:青柳,青 柳,青 柳,unresolved,2016-09-08,2016-09-08,65,65,65,65,0,1,1,0,0,0
unresolved:2016:1_06:BA:69:青柳,青 柳,青 柳,unresolved,2016-12-15,2016-12-15,65,65,65,65,0,1,1,0,0,0
unresolved:2016:1_07:BA:66:青柳,青 柳,青 柳,unresolved,2017-04-27,2017-04-27,65,65,65,65,0,1,1,0,0,0
unresolved:2016:1_09:BA:66:青柳,青 柳,青 柳,unresolved,2017-07-13,2017-07-13,65,65,65,65,0,1,1,0,0,0
unresolved:2016:1_10:BA:66:青柳,青 柳,青 柳,unresolved,2017-09-14,2017-09-14,65,65,65,65,0,1,1,0,0,0
unresolved:2016:1_11:BA:66:青柳,青 柳,青 柳,unresolved,2017-11-21,2017-11-21,65,65,65,65,0,1,1,0,0,0
unresolved:2016:default:BA:65:青柳,青 柳,青 柳,unresolved,2016-04-28,2016-04-28,65,65,65,65,0,1,1,0,0,0
unresolved:2018:1_01:BA:67:青柳,青 柳,青 柳,unresolved,2018-04-26,2018-04-26,65,65,65,65,0,1,1,0,0,0
unresolved:2018:1_05:BA:67:青柳,青 柳,青 柳,unresolved,2018-07-12,2018-07-12,65,65,65,65,0,1,1,0,0,0
unresolved:2018:1_07:BA:69:青柳,青 柳,青 柳,unresolved,2018-09-13,2018-09-13,65,65,65,65,0,1,1,0,0,0
unresolved:2018:1_09:BA:69:青柳,青 柳,青 柳,unresolved,2018-11-01,2018-11-01,65,65,65,65,0,1,1,0,0,0
unresolved:2018:1_10:BA:68:青柳,青 柳,青 柳,unresolved,2019-04-23,2019-04-23,65,65,65,65,0,1,1,0,0,0
unresolved:2018:1_11:BA:68:青柳,青 柳,青 柳,unresolved,2019-06-13,2019-06-13,65,65,65,65,0,1,1,0,0,0
unresolved:2018:1_12:BA:68:青柳,青 柳,青 柳,unresolved,2019-08-02,2019-08-02,65,65,65,65,0,1,1,0,0,0
unresolved:2018:1_14:BA:70:青柳,青 柳,青 柳,unresolved,2019-09-19,2019-09-19,65,65,65,65,0,1,1,0,0,0
unresolved:2018:1_15:BA:70:青柳,青 柳,青 柳,unresolved,2019-10-25,2019-10-25,65,65,65,65,0,1,1,0,0,0
unresolved:2018:default:BA:66:青柳,青 柳,青 柳,unresolved,2018-04-26,2018-04-26,65,65,65,65,0,1,1,0,0,0
proeye:31135110,青松　慶侑,青松　慶侑,low,2016-04-28,2016-12-15,40,40,40,40,0,10,5,0,0,231
proeye:31135119,青木　宣親,青木　宣親,medium,2018-04-26,2024-11-26,72,59,75,59,-13,33,33,5,0,722
proeye:71175113,青野　毅,青野　毅,low,,,49,49,49,49,0,2,0,0,0,0
proeye:21725116,斉藤　彰吾,斉藤　彰吾,medium,2016-04-28,2019-10-25,76,76,76,76,0,24,19,0,0,1275
unresolved:2026:1_10:S:49:石井,石 井,石 井,unresolved,2026-06-11,2026-06-11,64,64,64,64,0,1,1,0,0,0
unresolved:2026:1_11:S:49:石井,石 井,石 井,unresolved,2026-06-30,2026-06-30,64,64,64,64,0,1,1,0,0,0
unresolved:2026:default:S:48:石井,石 井,石 井,unresolved,2026-06-11,2026-06-11,64,64,64,64,0,1,1,0,0,0
unresolved:2024:1_08:H:56:石見,石 見,石 見,unresolved,2025-03-27,2025-03-27,70,70,70,70,0,1,1,0,0,0
unresolved:2024:1_09:H:56:石見,石 見,石 見,unresolved,2025-04-23,2025-04-23,70,70,70,70,0,1,1,0,0,0
unresolved:2024:1_10:H:56:石見,石 見,石 見,unresolved,2025-06-02,2025-06-02,70,70,70,70,0,1,1,0,0,0
unresolved:2024:1_11:H:56:石見,石 見,石 見,unresolved,2025-07-28,2025-07-28,70,70,70,70,0,1,1,0,0,0
unresolved:2024:1_12:H:58:石見,石 見,石 見,unresolved,2025-09-25,2025-09-25,70,70,70,70,0,1,1,0,0,0
unresolved:2024:1_14:H:58:石見,石 見,石 見,unresolved,2025-11-20,2025-11-20,70,70,70,70,0,1,1,0,0,0
unresolved:2024:1_15:H:58:石見,石 見,石 見,unresolved,2025-12-24,2025-12-24,70,70,70,70,0,1,1,0,0,0
unresolved:2026:1_10:H:52:石見,石 見,石 見,unresolved,2026-06-11,2026-06-11,70,70,70,70,0,1,1,0,0,0
unresolved:2026:1_11:H:52:石見,石 見,石 見,unresolved,2026-06-30,2026-06-30,70,70,70,70,0,1,1,0,0,0
unresolved:2026:default:H:52:石見,石 見,石 見,unresolved,2026-06-11,2026-06-11,70,70,70,70,0,1,1,0,0,0
unresolved:2022:1_09:C:36:石原,石 原,石 原,unresolved,2023-03-30,2023-03-30,35,35,35,35,0,1,1,0,0,0
unresolved:2022:1_10:C:36:石原,石 原,石 原,unresolved,2023-05-25,2023-05-25,35,35,35,35,0,1,1,0,0,0
unresolved:2022:1_11:C:36:石原,石 原,石 原,unresolved,2023-07-20,2023-07-20,35,35,35,35,0,1,1,0,0,0
unresolved:2022:1_12:C:36:石原,石 原,石 原,unresolved,2023-09-28,2023-09-28,35,35,35,35,0,1,1,0,0,0
unresolved:2022:1_13:C:36:石原,石 原,石 原,unresolved,2023-11-30,2023-11-30,35,35,35,35,0,1,1,0,0,0
proeye:21125150,石伊　雄太,石伊　雄太,low,2025-03-27,2026-06-30,48,48,48,48,0,10,10,0,0,460
proeye:21125134,石井　一成,石井　一成,medium,2017-04-27,2025-12-24,65,79,79,65,14,45,45,2,1,1834
proeye:91193884,石井　義人,石井　義人,low,2026-06-11,2026-06-30,79,79,79,58,0,8,3,0,0,19
proeye:51355132,石岡　諒太,石岡　諒太,low,2016-04-28,2023-11-30,76,76,76,76,0,31,31,0,0,2772
proeye:41145134,石垣　雅海,石垣　雅海,low,2017-04-27,2026-06-30,72,72,72,72,0,48,48,0,0,3351
proeye:91195138,石橋　康太,石橋　康太,low,2019-04-23,2026-06-30,48,48,48,48,0,39,39,0,0,2625
proeye:21125151,石原　貴規,石原　貴規,low,2020-07-09,2026-06-30,35,35,35,35,0,29,29,0,0,2182
proeye:51355115,石原　慶幸,石原　慶幸,medium,2016-04-28,2020-12-17,43,43,43,43,0,28,23,0,0,1694
proeye:61165134,石原　彪,石原　彪,low,2017-04-27,2026-06-30,56,39,56,39,-17,48,48,2,1,2639
proeye:91195159,石上　泰輝,石上　泰輝,low,2024-07-18,2026-06-30,70,70,70,70,0,15,15,0,0,712
proeye:91195151,石川　昂弥,石川　昂弥,low,2020-07-09,2026-06-30,55,41,55,41,-14,34,34,1,1,1106
proeye:61165131,石川　貢,石川　貢,medium,,,78,78,78,78,0,5,0,0,0,0
proeye:41145130,石川　駿,石川　駿,medium,2016-04-28,2020-12-17,62,62,62,62,0,23,23,0,0,1694
proeye:01105135,石川　慎吾,石川　慎吾,low,2016-04-28,2026-06-30,66,66,66,60,0,58,53,0,0,3715
proeye:91195110,石川　雄洋,石川　雄洋,low,2016-04-28,2020-12-17,70,70,70,70,0,28,23,0,0,1694
proeye:81185139,石川　亮,石川　亮,low,2016-04-28,2026-06-30,34,46,46,34,12,56,53,1,1,2275
proeye:01105151,石塚　綜一郎,石塚　綜一郎,low,2024-10-21,2026-06-30,51,51,51,51,0,12,12,0,0,617
proeye:61165150,石塚　裕惺,石塚　裕惺,low,2025-03-27,2026-06-30,64,64,64,64,0,10,10,0,0,460
proeye:51155153,赤羽　由紘,赤羽　由紘,low,2022-09-29,2026-06-30,72,72,72,72,0,22,22,0,0,1370
proeye:71375112,赤見内　銀次,赤見内　銀次,medium,2016-04-28,2023-11-30,58,47,58,47,-11,43,38,2,1,2506
proeye:31135116,赤坂　和幸,赤坂　和幸,low,2016-04-28,2017-11-21,55,55,55,50,0,12,9,0,0,572
proeye:51155110,赤松　真人,赤松　真人,low,2016-04-28,2019-10-25,91,61,91,61,-30,24,19,1,1,771
proeye:51153888,赤田　将吾,赤田　将吾,medium,,,62,62,62,62,0,5,0,0,0,0
proeye:31135131,赤田　龍一郎,赤田　龍一郎,low,2016-04-28,2017-11-21,40,40,40,40,0,14,9,0,0,572
proeye:31135137,赤堀　大智,赤堀　大智,low,,,56,56,56,56,0,5,0,0,0,0
unresolved:2013:20131108:S:69:川上,川 上,川 上,unresolved,,,65,65,65,65,0,1,0,0,0,0
unresolved:2013:default:S:69:川上,川 上,川 上,unresolved,,,65,65,65,65,0,1,0,0,0,0
unresolved:2014:1_01:S:66:川上,川 上,川 上,unresolved,,,65,65,65,65,0,1,0,0,0,0
unresolved:2014:1_02:S:66:川上,川 上,川 上,unresolved,,,65,65,65,65,0,1,0,0,0,0
unresolved:2014:default:S:66:川上,川 上,川 上,unresolved,,,65,65,65,65,0,1,0,0,0,0
unresolved:2016:1_01:S:64:川上,川 上,川 上,unresolved,2016-04-28,2016-04-28,65,65,65,65,0,1,1,0,0,0
unresolved:2016:1_03:S:65:川上,川 上,川 上,unresolved,2016-06-30,2016-06-30,65,65,65,65,0,1,1,0,0,0
unresolved:2016:1_05:S:69:川上,川 上,川 上,unresolved,2016-09-08,2016-09-08,65,65,65,65,0,1,1,0,0,0
unresolved:2016:1_06:S:69:川上,川 上,川 上,unresolved,2016-12-15,2016-12-15,65,65,65,65,0,1,1,0,0,0
unresolved:2016:default:S:64:川上,川 上,川 上,unresolved,2016-04-28,2016-04-28,65,65,65,65,0,1,1,0,0,0
unresolved:2026:1_10:L:57:川田,川 田,川 田,unresolved,2026-06-11,2026-06-11,94,94,94,94,0,1,1,0,0,0
unresolved:2026:1_11:L:57:川田,川 田,川 田,unresolved,2026-06-30,2026-06-30,94,94,94,94,0,1,1,0,0,0
unresolved:2026:default:L:56:川田,川 田,川 田,unresolved,2026-06-11,2026-06-11,94,94,94,94,0,1,1,0,0,0
proeye:81585132,川越　誠司,川越　誠司,low,2018-11-01,2026-06-30,71,77,77,71,6,40,40,1,1,2625
proeye:81785153,川原田　純平,川原田　純平,low,2021-04-08,2024-11-26,66,66,66,66,0,20,20,0,0,1328
proeye:91393880,川口　憲史,川口　憲史,low,,,70,70,70,70,0,2,0,0,0,0
proeye:11715132,川瀬　晃,川瀬　晃,low,2016-04-28,2026-06-30,63,79,79,63,16,53,53,4,1,1049
proeye:11715155,川村　友斗,川村　友斗,low,2024-07-18,2026-06-30,68,69,69,68,1,15,15,1,0,642
proeye:31735112,川端　慎吾,川端　慎吾,low,2016-04-28,2025-12-24,70,58,70,58,-12,55,50,3,0,1308
proeye:41545135,川端　崇義,川端　崇義,medium,2016-04-28,2017-11-21,73,73,76,72,0,14,9,0,0,572
proeye:81585112,川島　慶三,川島　慶三,medium,2016-04-28,2022-11-24,75,69,75,69,-6,38,33,2,0,1533
proeye:31535110,川本　良平,川本　良平,medium,2016-04-28,2016-12-15,61,61,61,61,0,10,5,0,0,231
proeye:11915151,川野　涼多,川野　涼多,low,2020-07-09,2023-11-30,75,75,75,75,0,19,19,0,0,1239
proeye:41345111,川﨑　宗則,川﨑　宗則,low,2017-07-13,2018-04-26,80,75,80,75,-5,4,4,2,0,156
proeye:11715133,川﨑　成晃,川﨑　成晃,medium,,,62,62,62,62,0,5,0,0,0,0
proeye:61165159,泉口　友汰,泉口　友汰,low,2024-07-18,2026-06-30,61,61,61,61,0,15,15,0,0,712
proeye:51155115,浅井　良,浅井　良,medium,,,57,57,57,57,0,2,0,0,0,0
proeye:51155116,浅沼　寿紀,浅沼　寿紀,medium,,,54,54,54,54,0,2,0,0,0,0
proeye:51155118,浅村　栄斗,浅村　栄斗,low,2016-04-28,2026-06-30,66,35,66,35,-31,58,53,6,2,1533
proeye:91195157,浅野　翔吾,浅野　翔吾,low,2023-03-30,2026-06-30,70,70,70,70,0,20,20,0,0,1188
proeye:81685132,船越　涼太,船越　涼太,low,2016-04-28,2019-10-25,50,50,50,50,0,19,19,0,0,1275
unresolved:2022:1_02:E:69:前田,前 田,前 田,unresolved,2022-05-19,2022-05-19,67,67,67,67,0,1,1,0,0,0
unresolved:2022:1_04:E:69:前田,前 田,前 田,unresolved,2022-07-21,2022-07-21,67,67,67,67,0,1,1,0,0,0
unresolved:2022:1_07:E:70:前田,前 田,前 田,unresolved,2022-09-29,2022-09-29,67,67,67,67,0,1,1,0,0,0
unresolved:2022:1_08:E:70:前田,前 田,前 田,unresolved,2022-11-24,2022-11-24,67,67,67,67,0,1,1,0,0,0
unresolved:2022:1_09:E:66:前田,前 田,前 田,unresolved,2023-03-30,2023-03-30,67,67,67,67,0,1,1,0,0,0
unresolved:2022:1_10:E:66:前田,前 田,前 田,unresolved,2023-05-25,2023-05-25,67,67,67,67,0,1,1,0,0,0
unresolved:2022:1_11:E:66:前田,前 田,前 田,unresolved,2023-07-20,2023-07-20,67,67,67,67,0,1,1,0,0,0
unresolved:2022:1_12:E:67:前田,前 田,前 田,unresolved,2023-09-28,2023-09-28,67,67,67,67,0,1,1,0,0,0
unresolved:2022:1_13:E:67:前田,前 田,前 田,unresolved,2023-11-30,2023-11-30,67,67,67,67,0,1,1,0,0,0
unresolved:2022:default:E:68:前田,前 田,前 田,unresolved,2022-04-21,2022-04-21,67,67,67,67,0,1,1,0,0,0
unresolved:2024:1_01:E:64:前田,前 田,前 田,unresolved,2024-07-18,2024-07-18,67,67,67,67,0,1,1,0,0,0
unresolved:2024:1_04:E:65:前田,前 田,前 田,unresolved,2024-09-26,2024-09-26,67,67,67,67,0,1,1,0,0,0
unresolved:2024:1_05:E:65:前田,前 田,前 田,unresolved,2024-10-21,2024-10-21,67,67,67,67,0,1,1,0,0,0
unresolved:2024:1_07:E:64:前田,前 田,前 田,unresolved,2024-11-26,2024-11-26,67,67,67,67,0,1,1,0,0,0
unresolved:2024:1_08:E:67:前田,前 田,前 田,unresolved,2025-03-27,2025-03-27,67,67,67,67,0,1,1,0,0,0
unresolved:2024:1_09:E:68:前田,前 田,前 田,unresolved,2025-04-23,2025-04-23,67,67,67,67,0,1,1,0,0,0
unresolved:2024:1_10:E:68:前田,前 田,前 田,unresolved,2025-06-02,2025-06-02,67,67,67,67,0,1,1,0,0,0
unresolved:2024:1_11:E:68:前田,前 田,前 田,unresolved,2025-07-28,2025-07-28,67,67,67,67,0,1,1,0,0,0
unresolved:2024:1_12:E:70:前田,前 田,前 田,unresolved,2025-09-25,2025-09-25,67,67,67,67,0,1,1,0,0,0
unresolved:2024:1_14:E:70:前田,前 田,前 田,unresolved,2025-11-20,2025-11-20,67,67,67,67,0,1,1,0,0,0
unresolved:2024:1_15:E:70:前田,前 田,前 田,unresolved,2025-12-24,2025-12-24,67,67,67,67,0,1,1,0,0,0
unresolved:2024:default:E:63:前田,前 田,前 田,unresolved,2024-07-18,2024-07-18,67,67,67,67,0,1,1,0,0,0
proeye:21825155,前川　右京,前川　右京,low,2022-04-21,2026-06-30,57,57,57,57,0,25,25,0,0,1531
proeye:41845155,前川　誠太,前川　誠太,low,2025-09-25,2026-06-30,61,61,61,61,0,6,6,0,0,278
proeye:91495115,前田　章宏,前田　章宏,medium,,,40,40,40,40,0,2,0,0,0,0
proeye:61465112,前田　大和,前田　大和,medium,2016-04-28,2024-11-26,79,58,79,58,-21,48,43,4,1,1533
proeye:31633881,前田　智徳,前田　智徳,medium,,,19,19,19,19,0,2,0,0,0,0
proeye:51955139,曽根　海成,曽根　海成,low,2017-07-13,2024-11-26,64,73,73,64,9,37,37,1,1,2630
unresolved:2013:20131108:C:33:倉,倉,倉,unresolved,,,46,46,46,46,0,1,0,0,0,0
unresolved:2013:default:C:33:倉,倉,倉,unresolved,,,46,46,46,46,0,1,0,0,0,0
unresolved:2014:1_01:C:33:倉,倉,倉,unresolved,,,46,46,46,46,0,1,0,0,0,0
unresolved:2014:1_02:C:34:倉,倉,倉,unresolved,,,46,46,46,46,0,1,0,0,0,0
unresolved:2014:default:C:33:倉,倉,倉,unresolved,,,46,46,46,46,0,1,0,0,0,0
unresolved:2016:1_01:C:33:倉,倉,倉,unresolved,2016-04-28,2016-04-28,46,46,46,46,0,1,1,0,0,0
unresolved:2016:1_03:C:34:倉,倉,倉,unresolved,2016-06-30,2016-06-30,46,46,46,46,0,1,1,0,0,0
unresolved:2016:1_05:C:35:倉,倉,倉,unresolved,2016-09-08,2016-09-08,46,46,46,46,0,1,1,0,0,0
unresolved:2016:1_06:C:35:倉,倉,倉,unresolved,2016-12-15,2016-12-15,46,46,46,46,0,1,1,0,0,0
unresolved:2016:default:C:33:倉,倉,倉,unresolved,2016-04-28,2016-04-28,46,46,46,46,0,1,1,0,0,0
proeye:91795130,倉本　寿彦,倉本　寿彦,medium,2016-04-28,2022-11-24,58,59,59,58,1,33,33,1,0,2170
proeye:51455117,早坂　圭介,早坂　圭介,medium,,,85,85,85,85,0,5,0,0,0,0
proeye:41443880,相川　亮二,相川　亮二,medium,2016-04-28,2017-11-21,47,47,50,47,0,14,9,0,0,572
unresolved:2016:1_10:G:51:増田,増 田,増 田,unresolved,2017-09-14,2017-09-14,68,68,68,68,0,1,1,0,0,0
unresolved:2016:1_11:G:51:増田,増 田,増 田,unresolved,2017-11-21,2017-11-21,68,68,68,68,0,1,1,0,0,0
unresolved:2018:1_01:G:46:増田,増 田,増 田,unresolved,2018-04-26,2018-04-26,68,68,68,68,0,1,1,0,0,0
unresolved:2018:1_05:G:45:増田,増 田,増 田,unresolved,2018-07-12,2018-07-12,68,68,68,68,0,1,1,0,0,0
unresolved:2018:1_07:G:47:増田,増 田,増 田,unresolved,2018-09-13,2018-09-13,68,68,68,68,0,1,1,0,0,0
unresolved:2018:1_09:G:59:増田,増 田,増 田,unresolved,2018-11-01,2018-11-01,68,68,68,68,0,1,1,0,0,0
unresolved:2018:default:G:44:増田,増 田,増 田,unresolved,2018-04-26,2018-04-26,68,68,68,68,0,1,1,0,0,0
unresolved:2022:1_02:G:49:増田,増 田,増 田,unresolved,2022-05-19,2022-05-19,71,71,71,71,0,1,1,0,0,0
unresolved:2022:1_04:G:50:増田,増 田,増 田,unresolved,2022-07-21,2022-07-21,71,71,71,71,0,1,1,0,0,0
unresolved:2022:default:G:47:増田,増 田,増 田,unresolved,2022-04-21,2022-04-21,77,77,77,77,0,1,1,0,0,0
proeye:11815136,増田　珠,増田　珠,low,2018-04-26,2026-06-30,61,61,61,61,0,44,44,0,0,2987
proeye:51855132,増田　大輝,増田　大輝,low,2019-04-23,2026-06-30,68,71,77,68,3,36,36,3,1,1370
proeye:01605138,増田　陸,増田　陸,medium,2019-04-23,2026-06-30,62,67,67,62,5,38,38,1,0,1311
proeye:41145132,足立　祐一,足立　祐一,medium,2016-04-28,2021-12-23,62,62,62,62,0,28,28,0,0,2065
unresolved:2018:1_01:G:65:村上,村 上,村 上,unresolved,2018-04-26,2018-04-26,68,68,68,68,0,1,1,0,0,0
unresolved:2018:1_05:G:66:村上,村 上,村 上,unresolved,2018-07-12,2018-07-12,68,68,68,68,0,1,1,0,0,0
unresolved:2018:1_07:G:68:村上,村 上,村 上,unresolved,2018-09-13,2018-09-13,68,68,68,68,0,1,1,0,0,0
unresolved:2018:1_09:G:68:村上,村 上,村 上,unresolved,2018-11-01,2018-11-01,68,68,68,68,0,1,1,0,0,0
unresolved:2018:1_10:G:64:村上,村 上,村 上,unresolved,2019-04-23,2019-04-23,68,68,68,68,0,1,1,0,0,0
unresolved:2018:1_11:G:65:村上,村 上,村 上,unresolved,2019-06-13,2019-06-13,68,68,68,68,0,1,1,0,0,0
unresolved:2018:1_12:G:65:村上,村 上,村 上,unresolved,2019-08-02,2019-08-02,68,68,68,68,0,1,1,0,0,0
unresolved:2018:1_14:G:68:村上,村 上,村 上,unresolved,2019-09-19,2019-09-19,68,68,68,68,0,1,1,0,0,0
unresolved:2018:1_15:G:68:村上,村 上,村 上,unresolved,2019-10-25,2019-10-25,68,68,68,68,0,1,1,0,0,0
unresolved:2018:default:G:63:村上,村 上,村 上,unresolved,2018-04-26,2018-04-26,68,68,68,68,0,1,1,0,0,0
unresolved:2020:1_05:G:68:村上,村 上,村 上,unresolved,2020-10-08,2020-10-08,68,68,68,68,0,1,1,0,0,0
unresolved:2020:1_06:G:69:村上,村 上,村 上,unresolved,2020-11-26,2020-11-26,68,68,68,68,0,1,1,0,0,0
unresolved:2020:1_07:G:69:村上,村 上,村 上,unresolved,2020-12-17,2020-12-17,68,68,68,68,0,1,1,0,0,0
unresolved:2020:default:G:65:村上,村 上,村 上,unresolved,2020-07-09,2020-07-09,68,68,68,68,0,1,1,0,0,0
proeye:03105157,村松　開人,村松　開人,low,2023-03-30,2026-06-30,78,80,80,78,2,20,20,1,0,851
proeye:41845136,村上　宗隆,村上　宗隆,medium,2018-04-26,2025-12-24,59,64,64,59,5,41,41,1,0,2659
proeye:81485117,村田　修一,村田　修一,medium,2016-04-28,2017-11-21,40,40,40,40,0,14,9,0,0,572
proeye:93395159,村田　怜音,村田　怜音,low,2024-07-18,2026-06-30,35,35,35,35,0,15,15,0,0,712
proeye:11615116,村田　和哉,村田　和哉,medium,,,78,78,78,78,0,5,0,0,0,0
proeye:41845132,村林　一輝,村林　一輝,low,2016-04-28,2026-06-30,60,69,69,60,9,53,53,2,0,2639
unresolved:2016:1_01:C:35:多田,多 田,多 田,unresolved,2016-04-28,2016-04-28,44,44,44,44,0,1,1,0,0,0
unresolved:2016:1_03:C:35:多田,多 田,多 田,unresolved,2016-06-30,2016-06-30,44,44,44,44,0,1,1,0,0,0
unresolved:2016:1_05:C:36:多田,多 田,多 田,unresolved,2016-09-08,2016-09-08,44,44,44,44,0,1,1,0,0,0
unresolved:2016:1_06:C:36:多田,多 田,多 田,unresolved,2016-12-15,2016-12-15,44,44,44,44,0,1,1,0,0,0
unresolved:2016:1_07:C:37:多田,多 田,多 田,unresolved,2017-04-27,2017-04-27,44,44,44,44,0,1,1,0,0,0
unresolved:2016:1_09:C:37:多田,多 田,多 田,unresolved,2017-07-13,2017-07-13,44,44,44,44,0,1,1,0,0,0
unresolved:2016:1_10:C:37:多田,多 田,多 田,unresolved,2017-09-14,2017-09-14,44,44,44,44,0,1,1,0,0,0
unresolved:2016:1_11:C:38:多田,多 田,多 田,unresolved,2017-11-21,2017-11-21,44,44,44,44,0,1,1,0,0,0
unresolved:2016:default:C:35:多田,多 田,多 田,unresolved,2016-04-28,2016-04-28,44,44,44,44,0,1,1,0,0,0
proeye:41743880,多村　仁志,多村　仁志,medium,,,51,51,51,51,0,5,0,0,0,0
proeye:81385130,太田　賢吾,太田　賢吾,low,2016-04-28,2025-12-24,63,63,63,63,0,50,50,0,0,3527
proeye:71375138,太田　光,太田　光,low,2019-04-23,2026-06-30,52,44,57,44,-8,39,39,2,1,1379
proeye:91395138,太田　椋,太田　椋,low,2019-04-23,2026-06-30,61,64,64,61,3,39,39,1,0,1913
unresolved:2026:1_10:E:42:大栄,大 栄,大 栄,unresolved,2026-06-11,2026-06-11,42,42,42,42,0,1,1,0,0,0
unresolved:2026:1_11:E:42:大栄,大 栄,大 栄,unresolved,2026-06-30,2026-06-30,42,42,42,42,0,1,1,0,0,0
unresolved:2026:default:E:42:大栄,大 栄,大 栄,unresolved,2026-06-11,2026-06-11,42,42,42,42,0,1,1,0,0,0
unresolved:2018:1_01:BA:46:大河,大 河,大 河,unresolved,2018-04-26,2018-04-26,75,75,75,75,0,1,1,0,0,0
unresolved:2018:1_05:BA:46:大河,大 河,大 河,unresolved,2018-07-12,2018-07-12,75,75,75,75,0,1,1,0,0,0
unresolved:2018:1_07:BA:48:大河,大 河,大 河,unresolved,2018-09-13,2018-09-13,75,75,75,75,0,1,1,0,0,0
unresolved:2018:1_09:BA:51:大河,大 河,大 河,unresolved,2018-11-01,2018-11-01,75,75,75,75,0,1,1,0,0,0
unresolved:2018:1_10:BA:50:大河,大 河,大 河,unresolved,2019-04-23,2019-04-23,75,75,75,75,0,1,1,0,0,0
unresolved:2018:1_11:BA:50:大河,大 河,大 河,unresolved,2019-06-13,2019-06-13,75,75,75,75,0,1,1,0,0,0
unresolved:2018:1_12:BA:50:大河,大 河,大 河,unresolved,2019-08-02,2019-08-02,75,75,75,75,0,1,1,0,0,0
unresolved:2018:1_14:BA:52:大河,大 河,大 河,unresolved,2019-09-19,2019-09-19,75,75,75,75,0,1,1,0,0,0
unresolved:2018:1_15:BA:52:大河,大 河,大 河,unresolved,2019-10-25,2019-10-25,75,75,75,75,0,1,1,0,0,0
unresolved:2018:default:BA:45:大河,大 河,大 河,unresolved,2018-04-26,2018-04-26,75,75,75,75,0,1,1,0,0,0
unresolved:2016:1_01:L:69:大瀧,大 瀧,大 瀧,unresolved,2016-04-28,2016-04-28,65,65,65,65,0,1,1,0,0,0
unresolved:2016:1_03:L:70:大瀧,大 瀧,大 瀧,unresolved,2016-06-30,2016-06-30,65,65,65,65,0,1,1,0,0,0
unresolved:2016:default:L:67:大瀧,大 瀧,大 瀧,unresolved,2016-04-28,2016-04-28,65,65,65,65,0,1,1,0,0,0
unresolved:2026:1_10:F:50:大塚,大 塚,大 塚,unresolved,2026-06-11,2026-06-11,75,75,75,75,0,1,1,0,0,0
unresolved:2026:1_11:F:50:大塚,大 塚,大 塚,unresolved,2026-06-30,2026-06-30,75,75,75,75,0,1,1,0,0,0
unresolved:2026:default:F:49:大塚,大 塚,大 塚,unresolved,2026-06-11,2026-06-11,75,75,75,75,0,1,1,0,0,0
proeye:91595114,大引　啓次,大引　啓次,medium,2016-04-28,2019-10-25,67,67,67,67,0,24,19,0,0,1275
proeye:91595151,大下　誠一郎,大下　誠一郎,low,2020-11-26,2025-12-24,46,46,46,46,0,29,29,0,0,1854
proeye:21325134,大山　悠輔,大山　悠輔,low,2017-04-27,2026-06-30,54,58,58,54,4,48,48,1,0,3211
proeye:71375110,大松　尚逸,大松　尚逸,low,2016-04-28,2018-11-01,39,34,39,34,-5,18,13,1,0,854
proeye:21325136,大城　卓三,大城　卓三,low,2018-04-26,2026-06-30,43,24,43,24,-19,44,44,2,2,1181
proeye:11515132,大城　滉二,大城　滉二,low,2016-04-28,2026-06-30,77,72,77,72,-5,53,53,1,0,1917
proeye:21325138,大盛　穂,大盛　穂,low,2020-07-09,2026-06-30,75,83,83,75,8,34,34,1,1,2091
proeye:91395134,大村　孟,大村　孟,low,2018-07-12,2021-12-23,45,45,45,45,0,17,17,0,0,1260
proeye:01305137,大谷　翔平,大谷　翔平,medium,2016-04-28,2017-11-21,65,65,75,60,0,14,9,3,2,231
proeye:41345118,大田　泰示,大田　泰示,low,2016-04-28,2024-11-26,73,67,73,66,-6,48,43,1,1,2639
proeye:01305131,大島　洋平,大島　洋平,low,2016-04-28,2026-06-30,87,74,87,74,-13,58,53,4,0,1624
proeye:91395135,大嶋　匠,大嶋　匠,low,2016-04-28,2018-11-01,34,34,34,34,0,19,14,0,0,917
proeye:81385132,大木　貴将,大木　貴将,low,2016-09-08,2019-10-25,77,77,77,77,0,16,16,0,0,1142
proeye:61365118,大野　奨太,大野　奨太,medium,2016-04-28,2023-11-30,46,48,48,46,2,43,38,1,0,1855
proeye:01305155,大里　昂生,大里　昂生,medium,2023-07-20,2025-12-24,72,78,78,72,6,15,15,1,1,454
proeye:61365137,大累　進,大累　進,low,2016-04-28,2018-11-01,87,87,87,87,0,19,14,0,0,917
proeye:81385131,大嶺　翔太,大嶺　翔太,low,2016-04-28,2018-07-12,56,56,56,56,0,17,12,0,0,805
proeye:11515114,大﨑　雄太朗,大﨑　雄太朗,low,2016-04-28,2017-11-21,54,54,54,54,0,14,9,0,0,572
proeye:81985138,滝野　要,滝野　要,low,2019-04-23,2022-11-24,69,69,69,69,0,19,19,0,0,1311
proeye:51255155,滝澤　夏央,滝澤　夏央,low,2022-07-21,2026-06-30,81,85,85,81,4,23,23,1,0,1162
unresolved:2026:1_10:C:47:辰見,辰 見,辰 見,unresolved,2026-06-11,2026-06-11,91,91,91,91,0,1,1,0,0,0
unresolved:2026:1_11:C:47:辰見,辰 見,辰 見,unresolved,2026-06-30,2026-06-30,91,91,91,91,0,1,1,0,0,0
unresolved:2026:default:C:56:辰見,辰 見,辰 見,unresolved,2026-06-11,2026-06-11,91,91,91,91,0,1,1,0,0,0
proeye:71075157,辰見　鴻之介,辰見　鴻之介,low,2023-09-28,2025-12-24,91,91,91,91,0,10,10,0,0,818
proeye:11015138,辰己　涼介,辰己　涼介,low,2019-04-23,2026-06-30,87,74,87,74,-13,39,39,2,2,1549
unresolved:2013:20131108:D:48:谷,谷,谷,unresolved,,,68,68,68,68,0,1,0,0,0,0
unresolved:2013:20131108:G:61:谷,谷,谷,unresolved,,,45,45,45,45,0,1,0,0,0,0
unresolved:2013:default:D:47:谷,谷,谷,unresolved,,,68,68,68,68,0,1,0,0,0,0
unresolved:2013:default:G:61:谷,谷,谷,unresolved,,,45,45,45,45,0,1,0,0,0,0
unresolved:2014:1_01:D:46:谷,谷,谷,unresolved,,,68,68,68,68,0,1,0,0,0,0
unresolved:2014:1_01:OBU:58:谷,谷,谷,unresolved,,,45,45,45,45,0,1,0,0,0,0
unresolved:2014:1_02:D:46:谷,谷,谷,unresolved,,,66,66,66,66,0,1,0,0,0,0
unresolved:2014:1_02:OBU:58:谷,谷,谷,unresolved,,,45,45,45,45,0,1,0,0,0,0
unresolved:2014:default:D:46:谷,谷,谷,unresolved,,,68,68,68,68,0,1,0,0,0,0
unresolved:2014:default:OBU:58:谷,谷,谷,unresolved,,,45,45,45,45,0,1,0,0,0,0
unresolved:2016:1_01:D:45:谷,谷,谷,unresolved,2016-04-28,2016-04-28,67,67,67,67,0,1,1,0,0,0
unresolved:2016:1_03:D:46:谷,谷,谷,unresolved,2016-06-30,2016-06-30,67,67,67,67,0,1,1,0,0,0
unresolved:2016:1_05:D:47:谷,谷,谷,unresolved,2016-09-08,2016-09-08,67,67,67,67,0,1,1,0,0,0
unresolved:2016:1_06:D:47:谷,谷,谷,unresolved,2016-12-15,2016-12-15,67,67,67,67,0,1,1,0,0,0
unresolved:2016:1_07:D:45:谷,谷,谷,unresolved,2017-04-27,2017-04-27,67,67,67,67,0,1,1,0,0,0
unresolved:2016:1_09:D:48:谷,谷,谷,unresolved,2017-07-13,2017-07-13,67,67,67,67,0,1,1,0,0,0
unresolved:2016:1_10:D:43:谷,谷,谷,unresolved,2017-09-14,2017-09-14,67,67,67,67,0,1,1,0,0,0
unresolved:2016:1_11:D:48:谷,谷,谷,unresolved,2017-11-21,2017-11-21,67,67,67,67,0,1,1,0,0,0
unresolved:2016:default:D:45:谷,谷,谷,unresolved,2016-04-28,2016-04-28,67,67,67,67,0,1,1,0,0,0
unresolved:2018:1_01:D:44:谷,谷,谷,unresolved,2018-04-26,2018-04-26,67,67,67,67,0,1,1,0,0,0
unresolved:2018:1_05:D:46:谷,谷,谷,unresolved,2018-07-12,2018-07-12,67,67,67,67,0,1,1,0,0,0
unresolved:2018:1_07:D:47:谷,谷,谷,unresolved,2018-09-13,2018-09-13,67,67,67,67,0,1,1,0,0,0
unresolved:2018:1_09:D:47:谷,谷,谷,unresolved,2018-11-01,2018-11-01,67,67,67,67,0,1,1,0,0,0
unresolved:2018:default:D:43:谷,谷,谷,unresolved,2018-04-26,2018-04-26,67,67,67,67,0,1,1,0,0,0
unresolved:2026:1_10:T:56:谷端,谷 端,谷 端,unresolved,2026-06-11,2026-06-11,63,63,63,63,0,1,1,0,0,0
unresolved:2026:1_11:T:56:谷端,谷 端,谷 端,unresolved,2026-06-30,2026-06-30,63,63,63,63,0,1,1,0,0,0
unresolved:2026:default:T:55:谷端,谷 端,谷 端,unresolved,2026-06-11,2026-06-11,63,63,63,63,0,1,1,0,0,0
proeye:41045133,谷口　雄也,谷口　雄也,low,2016-04-28,2021-12-23,82,64,82,55,-18,33,28,3,2,1337
proeye:11215132,谷川原　健太,谷川原　健太,low,2016-04-28,2026-06-30,67,69,69,67,2,53,53,1,0,2847
proeye:11615137,谷内　亮太,谷内　亮太,medium,2016-04-28,2023-11-30,55,61,61,55,6,43,38,1,1,2275
proeye:85583868,谷繁　元信,谷繁　元信,medium,,,38,38,38,38,0,5,0,0,0,0
proeye:91995112,炭谷　銀仁朗,炭谷　銀仁朗,low,2016-04-28,2026-06-30,58,33,58,33,-25,58,53,4,2,2527
unresolved:2026:1_10:D:55:知野,知 野,知 野,unresolved,2026-06-11,2026-06-11,70,70,70,70,0,1,1,0,0,0
unresolved:2026:1_11:D:55:知野,知 野,知 野,unresolved,2026-06-30,2026-06-30,70,70,70,70,0,1,1,0,0,0
unresolved:2026:default:D:54:知野,知 野,知 野,unresolved,2026-06-11,2026-06-11,70,70,70,70,0,1,1,0,0,0
proeye:91095138,知野　直人,知野　直人,low,2019-04-23,2026-06-30,70,64,70,64,-6,39,39,1,1,2437
proeye:21125155,池田　来翔,池田　来翔,low,2022-04-21,2026-06-30,62,62,62,62,0,25,25,0,0,1531
proeye:41145155,池田　陵真,池田　陵真,low,2022-04-21,2026-06-30,60,60,60,60,0,25,25,0,0,1531
proeye:71975110,竹原　直隆,竹原　直隆,medium,2016-04-28,2016-12-15,60,60,60,49,0,10,5,0,0,231
unresolved:2026:1_10:L:66:茶野,茶 野,茶 野,unresolved,2026-06-11,2026-06-11,83,83,83,83,0,1,1,0,0,0
unresolved:2026:1_11:L:66:茶野,茶 野,茶 野,unresolved,2026-06-30,2026-06-30,83,83,83,83,0,1,1,0,0,0
unresolved:2026:default:L:65:茶野,茶 野,茶 野,unresolved,2026-06-11,2026-06-11,83,83,83,83,0,1,1,0,0,0
proeye:71275132,茶谷　健太,茶谷　健太,low,2016-04-28,2026-06-30,68,68,68,68,0,48,48,0,0,3715
proeye:61065157,茶野　篤政,茶野　篤政,medium,2023-05-25,2025-12-24,83,83,83,83,0,16,16,0,0,944
unresolved:2013:20131108:H:67:中原,中 原,中 原,unresolved,,,59,59,59,59,0,1,0,0,0,0
unresolved:2013:default:H:67:中原,中 原,中 原,unresolved,,,59,59,59,59,0,1,0,0,0,0
unresolved:2018:1_10:C:53:中神,中 神,中 神,unresolved,2019-04-23,2019-04-23,71,71,71,71,0,1,1,0,0,0
unresolved:2018:1_11:C:53:中神,中 神,中 神,unresolved,2019-06-13,2019-06-13,71,71,71,71,0,1,1,0,0,0
unresolved:2018:1_12:C:53:中神,中 神,中 神,unresolved,2019-08-02,2019-08-02,71,71,71,71,0,1,1,0,0,0
unresolved:2018:1_14:C:55:中神,中 神,中 神,unresolved,2019-09-19,2019-09-19,71,71,71,71,0,1,1,0,0,0
unresolved:2018:1_15:C:55:中神,中 神,中 神,unresolved,2019-10-25,2019-10-25,71,71,71,71,0,1,1,0,0,0
unresolved:2020:1_05:C:50:中神,中 神,中 神,unresolved,2020-10-08,2020-10-08,71,71,71,71,0,1,1,0,0,0
unresolved:2020:1_06:C:50:中神,中 神,中 神,unresolved,2020-11-26,2020-11-26,71,71,71,71,0,1,1,0,0,0
unresolved:2020:1_07:C:50:中神,中 神,中 神,unresolved,2020-12-17,2020-12-17,71,71,71,71,0,1,1,0,0,0
unresolved:2020:1_09:C:51:中神,中 神,中 神,unresolved,2021-04-08,2021-04-08,71,71,71,71,0,1,1,0,0,0
unresolved:2020:1_12:C:52:中神,中 神,中 神,unresolved,2021-05-20,2021-05-20,71,71,71,71,0,1,1,0,0,0
unresolved:2020:1_13:C:52:中神,中 神,中 神,unresolved,2021-07-28,2021-07-28,71,71,71,71,0,1,1,0,0,0
unresolved:2020:1_15:C:52:中神,中 神,中 神,unresolved,2021-10-28,2021-10-28,71,71,71,71,0,1,1,0,0,0
unresolved:2020:1_16:C:52:中神,中 神,中 神,unresolved,2021-12-23,2021-12-23,71,71,71,71,0,1,1,0,0,0
unresolved:2020:default:C:51:中神,中 神,中 神,unresolved,2020-07-09,2020-07-09,71,71,71,71,0,1,1,0,0,0
unresolved:2022:1_02:C:49:中神,中 神,中 神,unresolved,2022-05-19,2022-05-19,71,71,71,71,0,1,1,0,0,0
unresolved:2022:1_04:C:49:中神,中 神,中 神,unresolved,2022-07-21,2022-07-21,71,71,71,71,0,1,1,0,0,0
unresolved:2022:1_07:C:50:中神,中 神,中 神,unresolved,2022-09-29,2022-09-29,71,71,71,71,0,1,1,0,0,0
unresolved:2022:1_08:C:50:中神,中 神,中 神,unresolved,2022-11-24,2022-11-24,71,71,71,71,0,1,1,0,0,0
unresolved:2022:default:C:49:中神,中 神,中 神,unresolved,2022-04-21,2022-04-21,71,71,71,71,0,1,1,0,0,0
unresolved:2024:1_04:S:39:中川,中 川,中 川,unresolved,2024-09-26,2024-09-26,37,37,37,37,0,1,1,0,0,0
unresolved:2024:1_05:S:39:中川,中 川,中 川,unresolved,2024-10-21,2024-10-21,37,37,37,37,0,1,1,0,0,0
unresolved:2024:1_07:S:42:中川,中 川,中 川,unresolved,2024-11-26,2024-11-26,37,37,37,37,0,1,1,0,0,0
unresolved:2024:1_08:S:38:中川,中 川,中 川,unresolved,2025-03-27,2025-03-27,37,37,37,37,0,1,1,0,0,0
unresolved:2024:1_09:S:39:中川,中 川,中 川,unresolved,2025-04-23,2025-04-23,37,37,37,37,0,1,1,0,0,0
unresolved:2024:1_10:S:40:中川,中 川,中 川,unresolved,2025-06-02,2025-06-02,37,37,37,37,0,1,1,0,0,0
unresolved:2024:1_11:S:40:中川,中 川,中 川,unresolved,2025-07-28,2025-07-28,37,37,37,37,0,1,1,0,0,0
unresolved:2024:1_12:S:42:中川,中 川,中 川,unresolved,2025-09-25,2025-09-25,37,37,37,37,0,1,1,0,0,0
unresolved:2024:1_14:S:42:中川,中 川,中 川,unresolved,2025-11-20,2025-11-20,37,37,37,37,0,1,1,0,0,0
unresolved:2024:1_15:S:42:中川,中 川,中 川,unresolved,2025-12-24,2025-12-24,37,37,37,37,0,1,1,0,0,0
proeye:21025116,中井　大介,中井　大介,medium,2016-04-28,2021-12-23,50,50,50,50,0,33,28,0,0,2065
proeye:71275138,中熊　大智,中熊　大智,low,2022-09-29,2023-11-30,50,50,50,50,0,7,7,0,0,427
proeye:41445155,中山　誠吾,中山　誠吾,low,2022-04-21,2023-11-30,55,55,55,55,0,10,10,0,0,588
proeye:51655153,中山　礼都,中山　礼都,low,2021-04-08,2026-06-30,70,70,70,70,0,30,30,0,0,1909
proeye:21225138,中山　翔太,中山　翔太,low,2019-04-23,2022-11-24,61,61,61,61,0,19,19,0,0,1311
proeye:71075110,中西　健太,中西　健太,medium,,,62,62,62,62,0,2,0,0,0,0
proeye:51255138,中川　圭太,中川　圭太,low,2019-04-23,2026-06-30,58,74,74,58,16,39,39,5,0,790
proeye:41045118,中川　大志,中川　大志,medium,2016-04-28,2019-10-25,40,40,40,40,0,24,19,0,0,1275
proeye:51455155,中川　勇斗,中川　勇斗,low,2022-04-21,2026-06-30,63,63,63,63,0,25,25,0,0,1531
unresolved:2020:1_09:OBU:38:中川拓,中川拓,中川拓,unresolved,2021-04-08,2021-04-08,37,37,37,37,0,1,1,0,0,0
unresolved:2020:1_12:OBU:39:中川拓,中川拓,中川拓,unresolved,2021-05-20,2021-05-20,37,37,37,37,0,1,1,0,0,0
unresolved:2020:1_13:OBU:38:中川拓,中川拓,中川拓,unresolved,2021-07-28,2021-07-28,37,37,37,37,0,1,1,0,0,0
unresolved:2020:1_15:OBU:40:中川拓,中川拓,中川拓,unresolved,2021-10-28,2021-10-28,37,37,37,37,0,1,1,0,0,0
unresolved:2020:1_16:OBU:40:中川拓,中川拓,中川拓,unresolved,2021-12-23,2021-12-23,37,37,37,37,0,1,1,0,0,0
unresolved:2022:1_02:OBU:36:中川拓,中川拓,中川拓,unresolved,2022-05-19,2022-05-19,37,37,37,37,0,1,1,0,0,0
unresolved:2022:1_04:OBU:37:中川拓,中川拓,中川拓,unresolved,2022-07-21,2022-07-21,37,37,37,37,0,1,1,0,0,0
unresolved:2022:1_07:OBU:40:中川拓,中川拓,中川拓,unresolved,2022-09-29,2022-09-29,37,37,37,37,0,1,1,0,0,0
unresolved:2022:1_08:OBU:41:中川拓,中川拓,中川拓,unresolved,2022-11-24,2022-11-24,37,37,37,37,0,1,1,0,0,0
unresolved:2022:1_09:OBU:33:中川拓,中川拓,中川拓,unresolved,2023-03-30,2023-03-30,37,37,37,37,0,1,1,0,0,0
unresolved:2022:1_10:OBU:34:中川拓,中川拓,中川拓,unresolved,2023-05-25,2023-05-25,37,37,37,37,0,1,1,0,0,0
unresolved:2022:1_11:OBU:34:中川拓,中川拓,中川拓,unresolved,2023-07-20,2023-07-20,37,37,37,37,0,1,1,0,0,0
unresolved:2022:1_12:OBU:33:中川拓,中川拓,中川拓,unresolved,2023-09-28,2023-09-28,37,37,37,37,0,1,1,0,0,0
unresolved:2022:1_13:OBU:34:中川拓,中川拓,中川拓,unresolved,2023-11-30,2023-11-30,37,37,37,37,0,1,1,0,0,0
unresolved:2022:default:OBU:36:中川拓,中川拓,中川拓,unresolved,2022-04-21,2022-04-21,37,37,37,37,0,1,1,0,0,0
proeye:91095110,中村　一生,中村　一生,medium,2016-04-28,2016-12-15,74,71,74,71,-3,10,5,1,0,133
proeye:21023885,中村　紀洋,中村　紀洋,medium,,,38,38,38,38,0,5,0,0,0,0
proeye:61265157,中村　貴浩,中村　貴浩,low,2023-07-20,2026-06-30,61,61,61,61,0,18,18,0,0,1076
proeye:01405155,中村　健人,中村　健人,low,2022-04-21,2025-12-24,60,60,60,60,0,22,22,0,0,1343
proeye:11215116,中村　晃,中村　晃,medium,2016-04-28,2026-06-30,65,61,70,60,-4,58,53,2,0,2625
proeye:81085115,中村　剛也,中村　剛也,low,2016-04-28,2026-06-30,55,39,60,39,-16,58,53,4,1,2212
proeye:51455130,中村　奨吾,中村　奨吾,low,2016-04-28,2026-06-30,67,61,71,61,-6,53,53,3,1,1911
proeye:81285136,中村　奨成,中村　奨成,low,2018-04-26,2026-06-30,61,71,73,61,10,44,44,2,1,1078
proeye:51255118,中村　悠平,中村　悠平,low,2016-04-28,2026-06-30,65,56,65,56,-9,58,53,2,0,2847
unresolved:2013:20131108:C:67:中村憲,中村憲,中村憲,unresolved,,,68,68,68,68,0,1,0,0,0,0
unresolved:2013:default:C:67:中村憲,中村憲,中村憲,unresolved,,,68,68,68,68,0,1,0,0,0,0
unresolved:2014:1_01:C:62:中村憲,中村憲,中村憲,unresolved,,,68,68,68,68,0,1,0,0,0,0
unresolved:2014:1_02:C:62:中村憲,中村憲,中村憲,unresolved,,,68,68,68,68,0,1,0,0,0,0
unresolved:2014:default:C:62:中村憲,中村憲,中村憲,unresolved,,,68,68,68,68,0,1,0,0,0,0
unresolved:2016:1_01:C:37:中村亘,中村亘,中村亘,unresolved,2016-04-28,2016-04-28,40,40,40,40,0,1,1,0,0,0
unresolved:2016:1_03:C:37:中村亘,中村亘,中村亘,unresolved,2016-06-30,2016-06-30,40,40,40,40,0,1,1,0,0,0
unresolved:2016:1_05:C:38:中村亘,中村亘,中村亘,unresolved,2016-09-08,2016-09-08,40,40,40,40,0,1,1,0,0,0
unresolved:2016:1_06:C:38:中村亘,中村亘,中村亘,unresolved,2016-12-15,2016-12-15,40,40,40,40,0,1,1,0,0,0
unresolved:2016:1_07:C:39:中村亘,中村亘,中村亘,unresolved,2017-04-27,2017-04-27,40,40,40,40,0,1,1,0,0,0
unresolved:2016:1_09:C:39:中村亘,中村亘,中村亘,unresolved,2017-07-13,2017-07-13,40,40,40,40,0,1,1,0,0,0
unresolved:2016:1_10:C:39:中村亘,中村亘,中村亘,unresolved,2017-09-14,2017-09-14,40,40,40,40,0,1,1,0,0,0
unresolved:2016:1_11:C:40:中村亘,中村亘,中村亘,unresolved,2017-11-21,2017-11-21,40,40,40,40,0,1,1,0,0,0
unresolved:2016:default:C:37:中村亘,中村亘,中村亘,unresolved,2016-04-28,2016-04-28,40,40,40,40,0,1,1,0,0,0
proeye:51255133,中谷　将大,中谷　将大,low,2016-04-28,2022-11-24,55,60,60,48,5,38,33,1,0,1960
proeye:81085116,中田　祥多,中田　祥多,low,2016-04-28,2019-10-25,36,31,36,31,-5,24,19,1,0,1239
proeye:71075131,中田　亮二,中田　亮二,medium,,,56,56,56,56,0,5,0,0,0,0
proeye:61065116,中田　翔,中田　翔,low,2016-04-28,2025-12-24,48,42,62,42,-6,60,55,11,11,2212
proeye:01005113,中島　宏之,中島　宏之,medium,2016-04-28,2024-11-26,59,34,59,34,-25,43,43,7,1,2217
proeye:21225117,中島　俊哉,中島　俊哉,medium,,,68,68,68,68,0,5,0,0,0,0
proeye:21425159,中島　大輔,中島　大輔,low,2024-07-18,2026-06-30,85,88,88,85,3,15,15,1,0,375
proeye:11215118,中島　卓也,中島　卓也,low,2016-04-28,2026-06-30,89,82,89,75,-7,58,53,2,0,1848
proeye:91793864,中嶋　聡,中嶋　聡,high,,,30,30,30,30,0,5,0,0,0,0
proeye:61265114,中東　直己,中東　直己,low,2016-04-28,2016-12-15,71,71,71,71,0,10,5,0,0,231
proeye:41445153,中野　拓夢,中野　拓夢,low,2021-04-08,2026-06-30,69,75,75,69,6,30,30,2,0,1650
proeye:61465153,仲三河　優太,仲三河　優太,low,2021-04-08,2026-06-30,43,43,43,43,0,21,21,0,0,1909
proeye:91495155,仲田　慶介,仲田　慶介,low,2024-07-18,2026-06-30,66,70,70,66,4,14,14,1,0,434
proeye:41445159,仲田　侑仁,仲田　侑仁,low,2024-07-18,2026-06-30,37,37,37,37,0,15,15,0,0,712
proeye:81085118,仲澤　広基,仲澤　広基,low,,,68,68,68,68,0,5,0,0,0,0
proeye:81185118,猪本　健太郎,猪本　健太郎,medium,2016-04-28,2017-11-21,45,45,45,45,0,12,9,0,0,572
unresolved:2016:1_05:H:42:張本,張 本,張 本,unresolved,2016-09-08,2016-09-08,39,39,39,39,0,1,1,0,0,0
unresolved:2016:1_06:H:42:張本,張 本,張 本,unresolved,2016-12-15,2016-12-15,39,39,39,39,0,1,1,0,0,0
unresolved:2016:1_07:H:39:張本,張 本,張 本,unresolved,2017-04-27,2017-04-27,39,39,39,39,0,1,1,0,0,0
unresolved:2016:1_09:H:39:張本,張 本,張 本,unresolved,2017-07-13,2017-07-13,39,39,39,39,0,1,1,0,0,0
unresolved:2016:1_10:H:40:張本,張 本,張 本,unresolved,2017-09-14,2017-09-14,39,39,39,39,0,1,1,0,0,0
unresolved:2016:1_11:H:40:張本,張 本,張 本,unresolved,2017-11-21,2017-11-21,39,39,39,39,0,1,1,0,0,0
unresolved:2018:1_01:H:37:張本,張 本,張 本,unresolved,2018-04-26,2018-04-26,39,39,39,39,0,1,1,0,0,0
unresolved:2018:1_05:H:39:張本,張 本,張 本,unresolved,2018-07-12,2018-07-12,39,39,39,39,0,1,1,0,0,0
unresolved:2018:1_07:H:41:張本,張 本,張 本,unresolved,2018-09-13,2018-09-13,39,39,39,39,0,1,1,0,0,0
unresolved:2018:1_09:H:41:張本,張 本,張 本,unresolved,2018-11-01,2018-11-01,39,39,39,39,0,1,1,0,0,0
unresolved:2018:default:H:37:張本,張 本,張 本,unresolved,2018-04-26,2018-04-26,39,39,39,39,0,1,1,0,0,0
proeye:91493885,町田　公二郎,町田　公二郎,low,2025-03-27,2026-06-30,57,57,57,57,0,10,10,0,0,460
proeye:51455151,長岡　秀樹,長岡　秀樹,low,2020-07-09,2026-06-30,66,58,66,58,-8,34,34,1,1,1314
proeye:91495134,長坂　拳弥,長坂　拳弥,low,2017-04-27,2026-06-30,48,54,54,48,6,48,48,1,1,2524
proeye:81685153,長谷川　信哉,長谷川　信哉,low,2022-09-29,2026-06-30,78,81,81,78,3,22,22,1,0,1092
proeye:21425114,長谷川　勇也,長谷川　勇也,medium,2016-04-28,2021-12-23,65,58,65,58,-7,33,28,3,0,975
proeye:91995131,長野　久義,長野　久義,medium,2016-04-28,2025-12-24,66,50,72,50,-16,55,50,3,2,2709
proeye:21925119,鳥谷　敬,鳥谷　敬,medium,2016-04-28,2021-12-23,66,58,72,58,-8,33,28,3,0,1400
proeye:81285159,津田　啓史,津田　啓史,low,2024-07-18,2025-12-24,82,82,82,82,0,12,12,0,0,524
proeye:11215135,塚田　正義,塚田　正義,low,2016-04-28,2019-10-25,72,72,72,72,0,24,19,0,0,1275
proeye:61265151,柘植　世那,柘植　世那,low,2020-07-09,2026-06-30,34,46,46,34,12,34,34,1,1,1106
unresolved:2013:20131108:G:48:辻,辻,辻,unresolved,,,61,61,61,61,0,1,0,0,0,0
unresolved:2013:20131108:OBU:38:辻,辻,辻,unresolved,,,42,42,42,42,0,1,0,0,0,0
unresolved:2013:default:G:48:辻,辻,辻,unresolved,,,61,61,61,61,0,1,0,0,0,0
unresolved:2013:default:OBU:38:辻,辻,辻,unresolved,,,42,42,42,42,0,1,0,0,0,0
unresolved:2014:1_01:G:47:辻,辻,辻,unresolved,,,61,61,61,61,0,1,0,0,0,0
unresolved:2014:1_02:G:47:辻,辻,辻,unresolved,,,61,61,61,61,0,1,0,0,0,0
unresolved:2014:default:G:47:辻,辻,辻,unresolved,,,61,61,61,61,0,1,0,0,0,0
unresolved:2016:1_01:G:45:辻,辻,辻,unresolved,2016-04-28,2016-04-28,61,61,61,61,0,1,1,0,0,0
unresolved:2016:1_03:G:50:辻,辻,辻,unresolved,2016-06-30,2016-06-30,61,61,61,61,0,1,1,0,0,0
unresolved:2016:1_05:G:52:辻,辻,辻,unresolved,2016-09-08,2016-09-08,61,61,61,61,0,1,1,0,0,0
unresolved:2016:1_06:G:51:辻,辻,辻,unresolved,2016-12-15,2016-12-15,61,61,61,61,0,1,1,0,0,0
unresolved:2016:1_07:G:49:辻,辻,辻,unresolved,2017-04-27,2017-04-27,61,61,61,61,0,1,1,0,0,0
unresolved:2016:1_09:G:50:辻,辻,辻,unresolved,2017-07-13,2017-07-13,61,61,61,61,0,1,1,0,0,0
unresolved:2016:1_10:G:50:辻,辻,辻,unresolved,2017-09-14,2017-09-14,61,61,61,61,0,1,1,0,0,0
unresolved:2016:1_11:G:50:辻,辻,辻,unresolved,2017-11-21,2017-11-21,61,61,61,61,0,1,1,0,0,0
unresolved:2016:default:G:44:辻,辻,辻,unresolved,2016-04-28,2016-04-28,61,61,61,61,0,1,1,0,0,0
unresolved:2018:1_01:G:47:辻,辻,辻,unresolved,2018-04-26,2018-04-26,61,61,61,61,0,1,1,0,0,0
unresolved:2018:1_05:G:46:辻,辻,辻,unresolved,2018-07-12,2018-07-12,61,61,61,61,0,1,1,0,0,0
unresolved:2018:1_07:G:48:辻,辻,辻,unresolved,2018-09-13,2018-09-13,61,61,61,61,0,1,1,0,0,0
unresolved:2018:1_09:G:48:辻,辻,辻,unresolved,2018-11-01,2018-11-01,61,61,61,61,0,1,1,0,0,0
unresolved:2018:default:G:45:辻,辻,辻,unresolved,2018-04-26,2018-04-26,61,61,61,61,0,1,1,0,0,0
proeye:61265159,辻本　倫太郎,辻本　倫太郎,low,2024-07-18,2026-06-30,67,67,67,67,0,15,15,0,0,712
proeye:21723882,鶴岡　一成,鶴岡　一成,medium,2016-04-28,2016-12-15,45,45,47,45,0,10,5,0,0,231
proeye:71275117,鶴岡　慎也,鶴岡　慎也,medium,2016-04-28,2021-12-23,47,47,55,47,0,33,28,0,0,2065
unresolved:2013:20131108:OBU:46:堤,堤,堤,unresolved,,,57,57,57,57,0,1,0,0,0,0
unresolved:2013:default:OBU:45:堤,堤,堤,unresolved,,,52,52,52,52,0,1,0,0,0,0
unresolved:2014:1_01:OBU:43:堤,堤,堤,unresolved,,,61,61,61,61,0,1,0,0,0,0
unresolved:2014:1_02:OBU:43:堤,堤,堤,unresolved,,,61,61,61,61,0,1,0,0,0,0
unresolved:2014:default:OBU:43:堤,堤,堤,unresolved,,,61,61,61,61,0,1,0,0,0,0
unresolved:2016:1_01:OBU:49:堤,堤,堤,unresolved,2016-04-28,2016-04-28,66,66,66,66,0,1,1,0,0,0
unresolved:2016:1_03:OBU:51:堤,堤,堤,unresolved,2016-06-30,2016-06-30,66,66,66,66,0,1,1,0,0,0
unresolved:2016:1_05:OBU:53:堤,堤,堤,unresolved,2016-09-08,2016-09-08,66,66,66,66,0,1,1,0,0,0
unresolved:2016:1_06:OBU:50:堤,堤,堤,unresolved,2016-12-15,2016-12-15,66,66,66,66,0,1,1,0,0,0
unresolved:2016:default:OBU:47:堤,堤,堤,unresolved,2016-04-28,2016-04-28,61,61,61,61,0,1,1,0,0,0
proeye:91795110,定岡　卓摩,定岡　卓摩,low,,,30,30,30,30,0,2,0,0,0,0
proeye:01105115,天谷　宗一郎,天谷　宗一郎,medium,2016-04-28,2018-11-01,84,84,84,84,0,19,14,0,0,917
unresolved:2016:1_10:G:40:田中,田 中,田 中,unresolved,2017-09-14,2017-09-14,41,41,41,41,0,1,1,0,0,0
unresolved:2016:1_11:G:40:田中,田 中,田 中,unresolved,2017-11-21,2017-11-21,41,41,41,41,0,1,1,0,0,0
unresolved:2020:1_05:E:66:田中,田 中,田 中,unresolved,2020-10-08,2020-10-08,78,78,78,78,0,1,1,0,0,0
unresolved:2020:default:E:64:田中,田 中,田 中,unresolved,2020-07-09,2020-07-09,78,78,78,78,0,1,1,0,0,0
proeye:51055138,田宮　裕涼,田宮　裕涼,low,2019-04-23,2026-06-30,61,68,68,61,7,39,39,1,1,1913
proeye:51955131,田上　健一,田上　健一,medium,,,80,80,80,80,0,5,0,0,0,0
proeye:61965115,田上　秀則,田上　秀則,medium,,,32,32,32,32,0,2,0,0,0,0
proeye:61265155,田村　俊介,田村　俊介,low,2022-04-21,2026-06-30,62,62,62,62,0,25,25,0,0,1531
proeye:41945137,田村　龍弘,田村　龍弘,low,2016-04-28,2026-06-30,42,47,47,42,5,58,53,1,0,3143
proeye:41045135,田代　将太郎,田代　将太郎,low,2016-04-28,2020-12-17,77,77,77,77,0,28,23,0,0,1694
proeye:71975119,田中　雅彦,田中　雅彦,low,2016-04-28,2016-12-15,63,63,63,63,0,10,5,0,0,231
proeye:31235130,田中　貴也,田中　貴也,low,2018-04-26,2026-06-30,41,41,41,41,0,44,44,0,0,2987
proeye:11915111,田中　賢介,田中　賢介,medium,2016-04-28,2019-10-25,69,66,69,66,-3,19,19,1,0,834
proeye:61965139,田中　広輔,田中　広輔,medium,2016-04-28,2025-12-24,69,74,74,59,5,53,50,1,0,2955
proeye:21925110,田中　浩康,田中　浩康,medium,2016-04-28,2018-11-01,67,67,67,67,0,19,14,0,0,917
proeye:81085136,田中　俊太,田中　俊太,low,2018-04-26,2023-11-30,60,66,66,60,6,29,29,1,1,1078
proeye:81085114,田中　大輔,田中　大輔,medium,2016-04-28,2016-12-15,41,41,47,41,0,10,5,0,0,231
proeye:01405150,田中　陽翔,田中　陽翔,low,2025-03-27,2026-06-30,51,51,51,51,0,10,10,0,0,460
proeye:11215134,田中　和基,田中　和基,low,2017-04-27,2026-06-30,78,78,78,78,0,46,46,0,0,3351
proeye:21025157,田中幹也,田中幹也,low,2023-03-30,2026-06-30,83,83,83,83,0,20,20,0,0,1188
proeye:91495150,田内　真翔,田内　真翔,low,2025-03-27,2026-06-30,66,66,66,66,0,10,10,0,0,460
proeye:01205151,田部　隼人,田部　隼人,low,2020-07-09,2022-11-24,51,51,51,51,0,14,14,0,0,868
proeye:73575153,渡部　健人,渡部　健人,low,2021-04-08,2025-12-24,47,50,54,47,3,27,27,2,1,798
proeye:83385150,渡部　聖弥,渡部　聖弥,low,2025-03-27,2026-06-30,68,66,68,66,-2,10,10,1,0,222
proeye:63565155,渡部　遼人,渡部　遼人,low,2022-04-21,2026-06-30,81,84,84,81,3,25,25,1,0,712
proeye:03305132,渡辺　勝,渡辺　勝,medium,2019-04-23,2022-11-24,65,65,65,65,0,19,19,0,0,1311
proeye:81885114,渡辺　直人,渡辺　直人,medium,2016-04-28,2020-12-17,69,61,69,53,-8,30,23,2,0,1052
proeye:73175138,渡邊　佳明,渡邊　佳明,medium,2019-04-23,2026-06-30,50,50,50,50,0,39,39,0,0,2625
unresolved:2014:1_01:BA:56:渡辺雄,渡邊雄,渡邊雄,unresolved,,,57,57,57,57,0,1,0,0,0,0
unresolved:2014:1_02:BA:56:渡辺雄,渡邊雄,渡邊雄,unresolved,,,57,57,57,57,0,1,0,0,0,0
unresolved:2014:default:BA:56:渡辺雄,渡邊雄,渡邊雄,unresolved,,,57,57,57,57,0,1,0,0,0,0
unresolved:2016:1_01:BA:57:渡辺雄,渡邊雄,渡邊雄,unresolved,2016-04-28,2016-04-28,57,57,57,57,0,1,1,0,0,0
unresolved:2016:1_03:BA:62:渡辺雄,渡邊雄,渡邊雄,unresolved,2016-06-30,2016-06-30,57,57,57,57,0,1,1,0,0,0
unresolved:2016:1_05:BA:63:渡辺雄,渡邊雄,渡邊雄,unresolved,2016-09-08,2016-09-08,57,57,57,57,0,1,1,0,0,0
unresolved:2016:1_06:BA:63:渡辺雄,渡邊雄,渡邊雄,unresolved,2016-12-15,2016-12-15,57,57,57,57,0,1,1,0,0,0
unresolved:2016:default:BA:54:渡辺雄,渡邊雄,渡邊雄,unresolved,2016-04-28,2016-04-28,57,57,57,57,0,1,1,0,0,0
proeye:73375132,渡邉　大樹,渡邉　大樹,low,2016-04-28,2023-11-30,75,79,79,75,4,38,38,1,0,1533
proeye:13515150,渡邉　悠斗,渡邉　悠斗,low,2025-03-27,2026-06-30,38,38,38,38,0,10,10,0,0,460
proeye:93195138,渡邉　陸,渡邉　陸,low,2021-10-28,2026-06-30,59,59,59,59,0,27,27,0,0,1706
proeye:81685139,渡邉　諒,渡邉　諒,medium,2016-04-28,2025-12-24,68,63,68,63,-5,53,50,1,0,3098
proeye:33535159,度会　隆輝,度会　隆輝,low,2024-07-18,2026-06-30,65,65,65,65,0,15,15,0,0,712
proeye:41445135,土生　翔平,土生　翔平,low,2016-04-28,2018-11-01,58,58,58,58,0,19,14,0,0,917
proeye:31035113,土谷　鉄平,土谷　鉄平,medium,,,70,71,71,70,1,5,0,0,0,0
proeye:51455153,土田　龍空,土田　龍空,low,2021-04-08,2026-06-30,62,66,66,62,4,30,30,2,0,943
proeye:71775137,島井　寛仁,島井　寛仁,low,2018-04-26,2019-10-25,87,87,87,87,0,15,10,0,0,547
proeye:91995136,島田　海吏,島田　海吏,low,2018-04-26,2026-06-30,87,87,87,87,0,44,44,0,0,2987
proeye:71975135,島内　宏明,島内　宏明,medium,2016-04-28,2025-12-24,70,61,70,61,-9,55,50,1,1,3003
unresolved:2013:20131108:E:34:嶋,嶋,嶋,unresolved,,,60,60,60,60,0,1,0,0,0,0
unresolved:2013:20131108:L:59:嶋,嶋,嶋,unresolved,,,41,41,41,41,0,1,0,0,0,0
unresolved:2013:default:E:34:嶋,嶋,嶋,unresolved,,,60,60,60,60,0,1,0,0,0,0
unresolved:2013:default:L:58:嶋,嶋,嶋,unresolved,,,41,41,41,41,0,1,0,0,0,0
unresolved:2014:1_01:E:35:嶋,嶋,嶋,unresolved,,,60,60,60,60,0,1,0,0,0,0
unresolved:2014:1_02:E:35:嶋,嶋,嶋,unresolved,,,60,60,60,60,0,1,0,0,0,0
unresolved:2014:default:E:35:嶋,嶋,嶋,unresolved,,,60,60,60,60,0,1,0,0,0,0
unresolved:2016:1_01:E:34:嶋,嶋,嶋,unresolved,2016-04-28,2016-04-28,60,60,60,60,0,1,1,0,0,0
unresolved:2016:1_03:E:36:嶋,嶋,嶋,unresolved,2016-06-30,2016-06-30,60,60,60,60,0,1,1,0,0,0
unresolved:2016:1_05:E:35:嶋,嶋,嶋,unresolved,2016-09-08,2016-09-08,58,58,58,58,0,1,1,0,0,0
unresolved:2016:1_06:E:35:嶋,嶋,嶋,unresolved,2016-12-15,2016-12-15,58,58,58,58,0,1,1,0,0,0
unresolved:2016:1_07:E:34:嶋,嶋,嶋,unresolved,2017-04-27,2017-04-27,58,58,58,58,0,1,1,0,0,0
unresolved:2016:1_09:E:36:嶋,嶋,嶋,unresolved,2017-07-13,2017-07-13,58,58,58,58,0,1,1,0,0,0
unresolved:2016:1_10:E:38:嶋,嶋,嶋,unresolved,2017-09-14,2017-09-14,58,58,58,58,0,1,1,0,0,0
unresolved:2016:1_11:E:38:嶋,嶋,嶋,unresolved,2017-11-21,2017-11-21,58,58,58,58,0,1,1,0,0,0
unresolved:2016:default:E:34:嶋,嶋,嶋,unresolved,2016-04-28,2016-04-28,60,60,60,60,0,1,1,0,0,0
unresolved:2018:1_01:E:34:嶋,嶋,嶋,unresolved,2018-04-26,2018-04-26,58,58,58,58,0,1,1,0,0,0
unresolved:2018:1_05:E:35:嶋,嶋,嶋,unresolved,2018-07-12,2018-07-12,58,58,58,58,0,1,1,0,0,0
unresolved:2018:1_07:E:36:嶋,嶋,嶋,unresolved,2018-09-13,2018-09-13,58,58,58,58,0,1,1,0,0,0
unresolved:2018:1_09:E:36:嶋,嶋,嶋,unresolved,2018-11-01,2018-11-01,58,58,58,58,0,1,1,0,0,0
unresolved:2018:1_10:E:36:嶋,嶋,嶋,unresolved,2019-04-23,2019-04-23,58,58,58,58,0,1,1,0,0,0
unresolved:2018:1_11:E:36:嶋,嶋,嶋,unresolved,2019-06-13,2019-06-13,58,58,58,58,0,1,1,0,0,0
unresolved:2018:1_12:E:36:嶋,嶋,嶋,unresolved,2019-08-02,2019-08-02,58,58,58,58,0,1,1,0,0,0
unresolved:2018:1_14:E:37:嶋,嶋,嶋,unresolved,2019-09-19,2019-09-19,58,58,58,58,0,1,1,0,0,0
unresolved:2018:1_15:E:37:嶋,嶋,嶋,unresolved,2019-10-25,2019-10-25,58,58,58,58,0,1,1,0,0,0
unresolved:2018:default:E:34:嶋,嶋,嶋,unresolved,2018-04-26,2018-04-26,58,58,58,58,0,1,1,0,0,0
unresolved:2020:1_05:S:40:嶋,嶋,嶋,unresolved,2020-10-08,2020-10-08,58,58,58,58,0,1,1,0,0,0
unresolved:2020:1_06:S:41:嶋,嶋,嶋,unresolved,2020-11-26,2020-11-26,58,58,58,58,0,1,1,0,0,0
unresolved:2020:1_07:S:40:嶋,嶋,嶋,unresolved,2020-12-17,2020-12-17,58,58,58,58,0,1,1,0,0,0
unresolved:2020:1_09:S:35:嶋,嶋,嶋,unresolved,2021-04-08,2021-04-08,58,58,58,58,0,1,1,0,0,0
unresolved:2020:1_12:S:38:嶋,嶋,嶋,unresolved,2021-05-20,2021-05-20,58,58,58,58,0,1,1,0,0,0
unresolved:2020:1_13:S:38:嶋,嶋,嶋,unresolved,2021-07-28,2021-07-28,58,58,58,58,0,1,1,0,0,0
unresolved:2020:1_15:S:39:嶋,嶋,嶋,unresolved,2021-10-28,2021-10-28,58,58,58,58,0,1,1,0,0,0
unresolved:2020:1_16:S:39:嶋,嶋,嶋,unresolved,2021-12-23,2021-12-23,58,58,58,58,0,1,1,0,0,0
unresolved:2020:default:S:38:嶋,嶋,嶋,unresolved,2020-07-09,2020-07-09,58,58,58,58,0,1,1,0,0,0
unresolved:2022:1_02:S:38:嶋,嶋,嶋,unresolved,2022-05-19,2022-05-19,58,58,58,58,0,1,1,0,0,0
unresolved:2022:1_04:S:38:嶋,嶋,嶋,unresolved,2022-07-21,2022-07-21,58,58,58,58,0,1,1,0,0,0
unresolved:2022:1_07:S:39:嶋,嶋,嶋,unresolved,2022-09-29,2022-09-29,58,58,58,58,0,1,1,0,0,0
unresolved:2022:1_08:S:39:嶋,嶋,嶋,unresolved,2022-11-24,2022-11-24,58,58,58,58,0,1,1,0,0,0
unresolved:2022:default:S:38:嶋,嶋,嶋,unresolved,2022-04-21,2022-04-21,58,58,58,58,0,1,1,0,0,0
unresolved:2026:1_10:T:39:嶋村,嶋 村,嶋 村,unresolved,2026-06-11,2026-06-11,37,37,37,37,0,1,1,0,0,0
unresolved:2026:1_11:T:39:嶋村,嶋 村,嶋 村,unresolved,2026-06-30,2026-06-30,37,37,37,37,0,1,1,0,0,0
proeye:01705119,嶋村　一輝,嶋村　一輝,low,,,51,51,51,51,0,2,0,0,0,0
proeye:51155151,東妻　純平,東妻　純平,low,2020-07-09,2026-06-30,60,60,60,60,0,34,34,0,0,2182
proeye:21923888,東出　輝裕,東出　輝裕,low,,,77,77,77,77,0,5,0,0,0,0
proeye:43145136,湯浅　大,湯浅　大,low,2018-04-26,2026-06-30,58,63,63,58,5,44,44,1,0,1706
proeye:41945131,筒香　嘉智,筒香　嘉智,low,2016-04-28,2026-06-30,52,45,58,45,-7,38,33,3,3,1044
unresolved:2026:1_10:G:49:藤井,藤 井,藤 井,unresolved,2026-06-11,2026-06-11,45,45,45,45,0,1,1,0,0,0
unresolved:2026:1_11:G:49:藤井,藤 井,藤 井,unresolved,2026-06-30,2026-06-30,45,45,45,45,0,1,1,0,0,0
unresolved:2026:default:G:49:藤井,藤 井,藤 井,unresolved,2026-06-11,2026-06-11,45,45,45,45,0,1,1,0,0,0
unresolved:2026:1_10:F:44:藤森,藤 森,藤 森,unresolved,2026-06-11,2026-06-11,67,67,67,67,0,1,1,0,0,0
unresolved:2026:1_11:F:44:藤森,藤 森,藤 森,unresolved,2026-06-30,2026-06-30,67,67,67,67,0,1,1,0,0,0
unresolved:2026:default:F:43:藤森,藤 森,藤 森,unresolved,2026-06-11,2026-06-11,67,67,67,67,0,1,1,0,0,0
unresolved:2018:1_09:T:61:藤谷,藤 谷,藤 谷,unresolved,2018-11-01,2018-11-01,61,61,61,61,0,1,1,0,0,0
unresolved:2020:1_05:T:40:藤田,藤 田,藤 田,unresolved,2020-10-08,2020-10-08,60,60,60,60,0,1,1,0,0,0
unresolved:2020:1_06:T:42:藤田,藤 田,藤 田,unresolved,2020-11-26,2020-11-26,60,60,60,60,0,1,1,0,0,0
unresolved:2020:1_07:T:42:藤田,藤 田,藤 田,unresolved,2020-12-17,2020-12-17,60,60,60,60,0,1,1,0,0,0
unresolved:2020:1_09:T:41:藤田,藤 田,藤 田,unresolved,2021-04-08,2021-04-08,60,60,60,60,0,1,1,0,0,0
unresolved:2020:1_12:T:41:藤田,藤 田,藤 田,unresolved,2021-05-20,2021-05-20,60,60,60,60,0,1,1,0,0,0
unresolved:2020:1_13:T:40:藤田,藤 田,藤 田,unresolved,2021-07-28,2021-07-28,60,60,60,60,0,1,1,0,0,0
unresolved:2020:1_15:T:41:藤田,藤 田,藤 田,unresolved,2021-10-28,2021-10-28,60,60,60,60,0,1,1,0,0,0
unresolved:2020:1_16:T:41:藤田,藤 田,藤 田,unresolved,2021-12-23,2021-12-23,60,60,60,60,0,1,1,0,0,0
unresolved:2020:default:T:40:藤田,藤 田,藤 田,unresolved,2020-07-09,2020-07-09,60,60,60,60,0,1,1,0,0,0
unresolved:2022:1_02:T:39:藤田,藤 田,藤 田,unresolved,2022-05-19,2022-05-19,60,60,60,60,0,1,1,0,0,0
unresolved:2022:1_04:T:42:藤田,藤 田,藤 田,unresolved,2022-07-21,2022-07-21,60,60,60,60,0,1,1,0,0,0
unresolved:2022:1_07:T:43:藤田,藤 田,藤 田,unresolved,2022-09-29,2022-09-29,60,60,60,60,0,1,1,0,0,0
unresolved:2022:1_08:T:43:藤田,藤 田,藤 田,unresolved,2022-11-24,2022-11-24,60,60,60,60,0,1,1,0,0,0
unresolved:2022:1_09:T:40:藤田,藤 田,藤 田,unresolved,2023-03-30,2023-03-30,60,60,60,60,0,1,1,0,0,0
unresolved:2022:1_10:T:40:藤田,藤 田,藤 田,unresolved,2023-05-25,2023-05-25,60,60,60,60,0,1,1,0,0,0
unresolved:2022:1_11:T:40:藤田,藤 田,藤 田,unresolved,2023-07-20,2023-07-20,60,60,60,60,0,1,1,0,0,0
unresolved:2022:1_12:T:40:藤田,藤 田,藤 田,unresolved,2023-09-28,2023-09-28,60,60,60,60,0,1,1,0,0,0
unresolved:2022:1_13:T:40:藤田,藤 田,藤 田,unresolved,2023-11-30,2023-11-30,60,60,60,60,0,1,1,0,0,0
unresolved:2022:default:T:38:藤田,藤 田,藤 田,unresolved,2022-04-21,2022-04-21,60,60,60,60,0,1,1,0,0,0
unresolved:2024:1_01:T:37:藤田,藤 田,藤 田,unresolved,2024-07-18,2024-07-18,60,60,60,60,0,1,1,0,0,0
unresolved:2024:1_04:T:40:藤田,藤 田,藤 田,unresolved,2024-09-26,2024-09-26,60,60,60,60,0,1,1,0,0,0
unresolved:2024:1_05:T:40:藤田,藤 田,藤 田,unresolved,2024-10-21,2024-10-21,60,60,60,60,0,1,1,0,0,0
unresolved:2024:1_07:T:40:藤田,藤 田,藤 田,unresolved,2024-11-26,2024-11-26,60,60,60,60,0,1,1,0,0,0
unresolved:2024:1_08:T:38:藤田,藤 田,藤 田,unresolved,2025-03-27,2025-03-27,60,60,60,60,0,1,1,0,0,0
unresolved:2024:1_09:T:39:藤田,藤 田,藤 田,unresolved,2025-04-23,2025-04-23,60,60,60,60,0,1,1,0,0,0
unresolved:2024:1_10:T:39:藤田,藤 田,藤 田,unresolved,2025-06-02,2025-06-02,60,60,60,60,0,1,1,0,0,0
unresolved:2024:1_11:T:39:藤田,藤 田,藤 田,unresolved,2025-07-28,2025-07-28,60,60,60,60,0,1,1,0,0,0
unresolved:2024:1_12:T:41:藤田,藤 田,藤 田,unresolved,2025-09-25,2025-09-25,60,60,60,60,0,1,1,0,0,0
unresolved:2024:1_14:T:43:藤田,藤 田,藤 田,unresolved,2025-11-20,2025-11-20,60,60,60,60,0,1,1,0,0,0
unresolved:2024:1_15:T:43:藤田,藤 田,藤 田,unresolved,2025-12-24,2025-12-24,60,60,60,60,0,1,1,0,0,0
unresolved:2024:default:T:38:藤田,藤 田,藤 田,unresolved,2024-07-18,2024-07-18,60,60,60,60,0,1,1,0,0,0
unresolved:2026:1_10:T:38:藤田,藤 田,藤 田,unresolved,2026-06-11,2026-06-11,60,60,60,60,0,1,1,0,0,0
unresolved:2026:1_11:T:38:藤田,藤 田,藤 田,unresolved,2026-06-30,2026-06-30,60,60,60,60,0,1,1,0,0,0
unresolved:2026:default:T:38:藤田,藤 田,藤 田,unresolved,2026-06-11,2026-06-11,60,60,60,60,0,1,1,0,0,0
unresolved:2013:20131108:L:35:藤沢,藤 澤,藤 澤,unresolved,,,39,39,39,39,0,1,0,0,0,0
unresolved:2013:default:L:35:藤沢,藤 澤,藤 澤,unresolved,,,39,39,39,39,0,1,0,0,0,0
unresolved:2014:1_01:D:51:藤沢,藤 澤,藤 澤,unresolved,,,57,57,57,57,0,1,0,0,0,0
unresolved:2014:1_01:L:38:藤沢,藤 澤,藤 澤,unresolved,,,39,39,39,39,0,1,0,0,0,0
unresolved:2014:1_02:D:49:藤沢,藤 澤,藤 澤,unresolved,,,57,57,57,57,0,1,0,0,0,0
unresolved:2014:1_02:L:38:藤沢,藤 澤,藤 澤,unresolved,,,39,39,39,39,0,1,0,0,0,0
unresolved:2014:default:D:51:藤沢,藤 澤,藤 澤,unresolved,,,57,57,57,57,0,1,0,0,0,0
unresolved:2014:default:L:38:藤沢,藤 澤,藤 澤,unresolved,,,39,39,39,39,0,1,0,0,0,0
unresolved:2016:1_01:L:41:藤沢,藤 澤,藤 澤,unresolved,2016-04-28,2016-04-28,39,39,39,39,0,1,1,0,0,0
unresolved:2016:1_03:L:44:藤沢,藤 澤,藤 澤,unresolved,2016-06-30,2016-06-30,39,39,39,39,0,1,1,0,0,0
unresolved:2016:1_05:L:45:藤沢,藤 澤,藤 澤,unresolved,2016-09-08,2016-09-08,39,39,39,39,0,1,1,0,0,0
unresolved:2016:1_06:L:43:藤沢,藤 澤,藤 澤,unresolved,2016-12-15,2016-12-15,39,39,39,39,0,1,1,0,0,0
unresolved:2016:1_07:L:42:藤沢,藤 澤,藤 澤,unresolved,2017-04-27,2017-04-27,39,39,39,39,0,1,1,0,0,0
unresolved:2016:1_09:L:42:藤沢,藤 澤,藤 澤,unresolved,2017-07-13,2017-07-13,39,39,39,39,0,1,1,0,0,0
unresolved:2016:1_10:L:43:藤沢,藤 澤,藤 澤,unresolved,2017-09-14,2017-09-14,39,39,39,39,0,1,1,0,0,0
unresolved:2016:1_11:L:42:藤沢,藤 澤,藤 澤,unresolved,2017-11-21,2017-11-21,39,39,39,39,0,1,1,0,0,0
unresolved:2016:default:L:41:藤沢,藤 澤,藤 澤,unresolved,2016-04-28,2016-04-28,39,39,39,39,0,1,1,0,0,0
unresolved:2018:1_01:L:42:藤沢,藤 澤,藤 澤,unresolved,2018-04-26,2018-04-26,39,39,39,39,0,1,1,0,0,0
unresolved:2018:1_05:L:42:藤沢,藤 澤,藤 澤,unresolved,2018-07-12,2018-07-12,39,39,39,39,0,1,1,0,0,0
unresolved:2018:1_07:L:45:藤沢,藤 澤,藤 澤,unresolved,2018-09-13,2018-09-13,39,39,39,39,0,1,1,0,0,0
unresolved:2018:1_09:L:45:藤沢,藤 澤,藤 澤,unresolved,2018-11-01,2018-11-01,39,39,39,39,0,1,1,0,0,0
unresolved:2018:default:L:42:藤沢,藤 澤,藤 澤,unresolved,2018-04-26,2018-04-26,39,39,39,39,0,1,1,0,0,0
proeye:51455112,藤井　淳志,藤井　淳志,low,2016-04-28,2021-12-23,75,63,75,63,-12,33,28,2,1,1183
proeye:51053888,藤井　彰人,藤井　彰人,medium,,,39,34,39,34,-5,5,0,0,0,0
proeye:91295139,藤井　亮太,藤井　亮太,medium,2016-04-28,2020-12-17,75,75,75,75,0,26,23,0,0,1694
proeye:41645136,藤岡　裕大,藤岡　裕大,low,2018-04-26,2026-06-30,67,65,67,65,-2,44,44,1,0,2275
proeye:31635138,藤原　恭大,藤原　恭大,low,2019-04-23,2026-06-30,85,85,85,85,0,39,39,0,0,2625
proeye:51255131,藤川　俊介,藤川　俊介,low,2016-04-28,2021-12-23,76,75,77,75,-1,33,28,1,0,1694
proeye:31435116,藤村　大介,藤村　大介,low,2016-04-28,2017-11-21,94,94,94,94,0,14,9,0,0,572
proeye:21225110,藤田　一也,藤田　一也,low,2016-04-28,2023-11-30,59,53,59,53,-6,43,38,2,0,975
proeye:91895159,藤田　悠太郎,藤田　悠太郎,low,2024-07-18,2026-06-30,58,58,58,58,0,15,15,0,0,712
proeye:21225113,藤本　敦士,藤本　敦士,medium,,,60,50,60,50,-10,2,0,0,0,0
proeye:01905119,堂上　剛裕,堂上　剛裕,low,2016-04-28,2017-11-21,51,51,51,51,0,14,9,0,0,572
proeye:01205114,堂上　直倫,堂上　直倫,medium,2016-04-28,2023-11-30,56,55,60,55,-1,43,38,2,0,1497
proeye:61965131,堂林　翔太,堂林　翔太,low,2016-04-28,2026-06-30,56,56,56,56,0,58,53,0,0,3715
proeye:81085138,頓宮　裕真,頓宮　裕真,low,2019-04-23,2026-06-30,52,43,52,43,-9,39,39,1,1,1682
proeye:31435157,奈良間　大己,奈良間　大己,low,2023-03-30,2026-06-30,64,64,64,64,0,20,20,0,0,1188
proeye:91595153,内山　壮真,内山　壮真,low,2021-04-08,2026-06-30,56,56,56,56,0,30,30,0,0,1909
proeye:21325113,内川　聖一,内川　聖一,medium,2016-04-28,2022-11-24,46,45,52,45,-1,38,33,3,0,1596
proeye:71375116,内村　賢介,内村　賢介,low,2016-04-28,2016-12-15,86,86,86,86,0,10,5,0,0,231
proeye:51355157,内田　湘大,内田　湘大,low,2023-03-30,2026-06-30,58,58,58,58,0,20,20,0,0,1188
proeye:01305139,内田　靖人,内田　靖人,medium,2016-04-28,2022-11-24,46,46,46,46,0,36,33,0,0,2401
proeye:91295157,内藤　鵬,内藤　鵬,low,2023-03-30,2026-06-30,31,31,31,31,0,20,20,0,0,1188
proeye:81085112,内藤　雄太,内藤　雄太,low,,,54,54,54,54,0,2,0,0,0,0
unresolved:2013:20131108:S:67:楠城,楠 城,楠 城,unresolved,,,59,59,59,59,0,1,0,0,0,0
unresolved:2013:default:S:67:楠城,楠 城,楠 城,unresolved,,,59,59,59,59,0,1,0,0,0,0
proeye:61565136,楠本　泰史,楠本　泰史,medium,2018-04-26,2025-12-24,60,67,73,60,7,41,41,3,2,2198
unresolved:2018:1_01:F:58:難波,難 波,難 波,unresolved,2018-04-26,2018-04-26,62,62,62,62,0,1,1,0,0,0
unresolved:2018:1_05:F:57:難波,難 波,難 波,unresolved,2018-07-12,2018-07-12,62,62,62,62,0,1,1,0,0,0
unresolved:2018:1_07:F:58:難波,難 波,難 波,unresolved,2018-09-13,2018-09-13,62,62,62,62,0,1,1,0,0,0
unresolved:2018:1_09:F:58:難波,難 波,難 波,unresolved,2018-11-01,2018-11-01,62,62,62,62,0,1,1,0,0,0
unresolved:2018:1_10:F:58:難波,難 波,難 波,unresolved,2019-04-23,2019-04-23,62,62,62,62,0,1,1,0,0,0
unresolved:2018:1_11:F:57:難波,難 波,難 波,unresolved,2019-06-13,2019-06-13,62,62,62,62,0,1,1,0,0,0
unresolved:2018:1_12:F:57:難波,難 波,難 波,unresolved,2019-08-02,2019-08-02,62,62,62,62,0,1,1,0,0,0
unresolved:2018:1_14:F:57:難波,難 波,難 波,unresolved,2019-09-19,2019-09-19,62,62,62,62,0,1,1,0,0,0
unresolved:2018:1_15:F:57:難波,難 波,難 波,unresolved,2019-10-25,2019-10-25,62,62,62,62,0,1,1,0,0,0
unresolved:2018:default:F:58:難波,難 波,難 波,unresolved,2018-04-26,2018-04-26,62,62,62,62,0,1,1,0,0,0
unresolved:2020:1_05:F:56:難波,難 波,難 波,unresolved,2020-10-08,2020-10-08,62,62,62,62,0,1,1,0,0,0
unresolved:2020:1_06:F:57:難波,難 波,難 波,unresolved,2020-11-26,2020-11-26,62,62,62,62,0,1,1,0,0,0
unresolved:2020:1_07:F:57:難波,難 波,難 波,unresolved,2020-12-17,2020-12-17,62,62,62,62,0,1,1,0,0,0
unresolved:2020:1_09:F:53:難波,難 波,難 波,unresolved,2021-04-08,2021-04-08,62,62,62,62,0,1,1,0,0,0
unresolved:2020:1_12:F:54:難波,難 波,難 波,unresolved,2021-05-20,2021-05-20,62,62,62,62,0,1,1,0,0,0
unresolved:2020:1_13:F:55:難波,難 波,難 波,unresolved,2021-07-28,2021-07-28,62,62,62,62,0,1,1,0,0,0
unresolved:2020:1_15:F:53:難波,難 波,難 波,unresolved,2021-10-28,2021-10-28,62,62,62,62,0,1,1,0,0,0
unresolved:2020:1_16:F:54:難波,難 波,難 波,unresolved,2021-12-23,2021-12-23,62,62,62,62,0,1,1,0,0,0
unresolved:2020:default:F:55:難波,難 波,難 波,unresolved,2020-07-09,2020-07-09,62,62,62,62,0,1,1,0,0,0
proeye:01903888,二岡　智宏,二岡　智宏,medium,,,32,32,32,32,0,2,0,0,0,0
proeye:91895153,二俣　翔一,二俣　翔一,low,2023-03-30,2026-06-30,63,63,63,63,0,20,20,0,0,1188
proeye:81983882,日高　剛,日高　剛,medium,,,35,35,35,35,0,5,0,0,0,0
proeye:41345153,入江　大樹,入江　大樹,low,2021-04-08,2026-06-30,51,51,51,51,0,30,30,0,0,1909
proeye:01405151,韮澤　雄也,韮澤　雄也,low,2020-07-09,2025-12-24,44,52,52,44,8,31,31,1,1,1470
unresolved:2026:1_10:D:59:能戸,能 戸,能 戸,unresolved,2026-06-11,2026-06-11,71,71,71,71,0,1,1,0,0,0
unresolved:2026:1_11:D:59:能戸,能 戸,能 戸,unresolved,2026-06-30,2026-06-30,71,71,71,71,0,1,1,0,0,0
unresolved:2026:default:D:58:能戸,能 戸,能 戸,unresolved,2026-06-11,2026-06-11,71,71,71,71,0,1,1,0,0,0
proeye:91395116,梅田　尚通,梅田　尚通,low,,,46,46,46,46,0,5,0,0,0,0
proeye:21325139,梅野　隆太郎,梅野　隆太郎,low,2016-04-28,2026-06-30,61,57,61,57,-4,56,53,1,0,3378
proeye:11515151,梅林　優貴,梅林　優貴,low,2020-07-09,2026-06-30,60,60,60,60,0,32,32,0,0,2182
unresolved:2020:1_09:G:34:萩原,萩 原,萩 原,unresolved,2021-04-08,2021-04-08,44,44,44,44,0,1,1,0,0,0
unresolved:2020:1_12:G:34:萩原,萩 原,萩 原,unresolved,2021-05-20,2021-05-20,44,44,44,44,0,1,1,0,0,0
unresolved:2020:1_13:G:36:萩原,萩 原,萩 原,unresolved,2021-07-28,2021-07-28,44,44,44,44,0,1,1,0,0,0
unresolved:2020:1_15:G:40:萩原,萩 原,萩 原,unresolved,2021-10-28,2021-10-28,44,44,44,44,0,1,1,0,0,0
unresolved:2020:1_16:G:40:萩原,萩 原,萩 原,unresolved,2021-12-23,2021-12-23,44,44,44,44,0,1,1,0,0,0
unresolved:2022:1_02:G:39:萩原,萩 原,萩 原,unresolved,2022-05-19,2022-05-19,44,44,44,44,0,1,1,0,0,0
unresolved:2022:1_04:G:41:萩原,萩 原,萩 原,unresolved,2022-07-21,2022-07-21,44,44,44,44,0,1,1,0,0,0
unresolved:2022:1_07:G:43:萩原,萩 原,萩 原,unresolved,2022-09-29,2022-09-29,44,44,44,44,0,1,1,0,0,0
unresolved:2022:1_08:G:43:萩原,萩 原,萩 原,unresolved,2022-11-24,2022-11-24,44,44,44,44,0,1,1,0,0,0
unresolved:2022:default:G:36:萩原,萩 原,萩 原,unresolved,2022-04-21,2022-04-21,44,44,44,44,0,1,1,0,0,0
proeye:81485157,萩尾　匡也,萩尾　匡也,low,2023-03-30,2026-06-30,67,67,67,67,0,20,20,0,0,1188
unresolved:2013:20131108:H:47:白根,白 根,白 根,unresolved,,,35,35,35,35,0,1,0,0,0,0
unresolved:2013:default:H:47:白根,白 根,白 根,unresolved,,,35,35,35,35,0,1,0,0,0,0
unresolved:2014:1_01:H:47:白根,白 根,白 根,unresolved,,,35,35,35,35,0,1,0,0,0,0
unresolved:2014:1_02:H:47:白根,白 根,白 根,unresolved,,,42,42,42,42,0,1,0,0,0,0
unresolved:2014:default:H:47:白根,白 根,白 根,unresolved,,,35,35,35,35,0,1,0,0,0,0
proeye:41945135,白根　尚貴,白根　尚貴,low,2016-04-28,2018-11-01,35,35,35,35,0,14,14,0,0,917
proeye:21725137,白崎　浩之,白崎　浩之,low,2016-04-28,2020-12-17,55,68,68,55,13,28,23,1,1,826
proeye:41045139,白村　明弘,白村　明弘,low,2019-06-13,2020-12-17,67,67,67,67,0,8,8,0,0,553
proeye:41745119,白濱　裕太,白濱　裕太,low,2016-04-28,2022-11-24,36,36,36,36,0,38,33,0,0,2401
proeye:33135150,麦谷　祐介,麦谷　祐介,low,2025-03-27,2026-06-30,94,94,94,94,0,10,10,0,0,460
proeye:31235113,畠山　和洋,畠山　和洋,medium,2016-04-28,2019-10-25,29,29,29,29,0,24,19,0,0,1275
proeye:71875130,八百板　卓丸,八百板　卓丸,low,2017-09-14,2022-11-24,68,71,71,68,3,21,21,1,0,771
unresolved:2026:1_10:F:51:半田,半 田,半 田,unresolved,2026-06-11,2026-06-11,62,62,62,62,0,1,1,0,0,0
unresolved:2026:1_11:F:51:半田,半 田,半 田,unresolved,2026-06-30,2026-06-30,62,62,62,62,0,1,1,0,0,0
unresolved:2026:default:F:50:半田,半 田,半 田,unresolved,2026-06-11,2026-06-11,62,62,62,62,0,1,1,0,0,0
proeye:91395132,板山　祐太郎,板山　祐太郎,low,2016-04-28,2026-06-30,72,72,72,72,0,52,52,0,0,3715
unresolved:2026:1_10:E:51:繁永,繁 永,繁 永,unresolved,2026-06-11,2026-06-11,66,66,66,66,0,1,1,0,0,0
unresolved:2026:1_11:E:51:繁永,繁 永,繁 永,unresolved,2026-06-30,2026-06-30,66,66,66,66,0,1,1,0,0,0
unresolved:2026:default:E:51:繁永,繁 永,繁 永,unresolved,2026-06-11,2026-06-11,66,66,66,66,0,1,1,0,0,0
proeye:61165112,飯原　誉士,飯原　誉士,medium,2016-04-28,2017-11-21,78,78,78,78,0,14,9,0,0,572
proeye:71173886,飯山　裕志,飯山　裕志,medium,2016-04-28,2017-11-21,66,66,66,66,0,14,9,0,0,572
proeye:71175134,飯田　大祐,飯田　大祐,low,2017-04-27,2020-12-17,41,41,41,41,0,18,18,0,0,1330
proeye:61465135,比屋根　渉,比屋根　渉,medium,2016-04-28,2018-11-01,90,90,90,90,0,19,14,0,0,917
proeye:21625157,樋口　正修,樋口　正修,low,2023-09-28,2026-06-30,84,84,84,84,0,17,17,0,0,1006
proeye:81485151,樋口　龍之介,樋口　龍之介,medium,2020-11-26,2021-12-23,38,38,38,38,0,7,7,0,0,392
proeye:11515117,尾崎　匡哉,尾崎　匡哉,medium,,,46,46,46,46,0,5,0,0,0,0
proeye:71575159,尾田　剛樹,尾田　剛樹,low,2024-07-18,2026-06-30,81,81,81,81,0,15,15,0,0,712
proeye:11415137,美間　優槻,美間　優槻,low,2016-04-28,2019-10-25,49,49,49,49,0,24,19,0,0,1275
proeye:21425131,美沢　将,美沢　将,medium,,,74,74,74,74,0,5,0,0,0,0
proeye:31235139,肘井　竜蔵,肘井　竜蔵,low,2016-04-28,2018-11-01,51,51,51,51,0,14,14,0,0,917
proeye:31433885,桧山　進次郎,桧山　進次郎,medium,,,40,40,40,40,0,2,0,0,0,0
proeye:71675132,姫野　優也,姫野　優也,low,2016-04-28,2020-12-17,69,69,69,69,0,23,23,0,0,1694
unresolved:2024:1_01:T:47:百崎,百 﨑,百 﨑,unresolved,2024-07-18,2024-07-18,77,77,77,77,0,1,1,0,0,0
unresolved:2024:1_04:T:50:百崎,百 﨑,百 﨑,unresolved,2024-09-26,2024-09-26,77,77,77,77,0,1,1,0,0,0
unresolved:2024:1_05:T:50:百崎,百 﨑,百 﨑,unresolved,2024-10-21,2024-10-21,77,77,77,77,0,1,1,0,0,0
unresolved:2024:1_07:T:50:百崎,百 﨑,百 﨑,unresolved,2024-11-26,2024-11-26,77,77,77,77,0,1,1,0,0,0
unresolved:2024:1_08:T:49:百崎,百 﨑,百 﨑,unresolved,2025-03-27,2025-03-27,77,77,77,77,0,1,1,0,0,0
unresolved:2024:1_09:T:50:百崎,百 﨑,百 﨑,unresolved,2025-04-23,2025-04-23,77,77,77,77,0,1,1,0,0,0
unresolved:2024:1_10:T:49:百崎,百 﨑,百 﨑,unresolved,2025-06-02,2025-06-02,77,77,77,77,0,1,1,0,0,0
unresolved:2024:1_11:T:49:百崎,百 﨑,百 﨑,unresolved,2025-07-28,2025-07-28,77,77,77,77,0,1,1,0,0,0
unresolved:2024:1_12:T:51:百崎,百 﨑,百 﨑,unresolved,2025-09-25,2025-09-25,77,77,77,77,0,1,1,0,0,0
unresolved:2024:1_14:T:51:百崎,百 﨑,百 﨑,unresolved,2025-11-20,2025-11-20,77,77,77,77,0,1,1,0,0,0
unresolved:2024:1_15:T:51:百崎,百 﨑,百 﨑,unresolved,2025-12-24,2025-12-24,77,77,77,77,0,1,1,0,0,0
unresolved:2024:default:T:48:百崎,百 﨑,百 﨑,unresolved,2024-07-18,2024-07-18,77,77,77,77,0,1,1,0,0,0
unresolved:2026:1_10:T:48:百崎,百 﨑,百 﨑,unresolved,2026-06-11,2026-06-11,77,77,77,77,0,1,1,0,0,0
unresolved:2026:1_11:T:48:百崎,百 﨑,百 﨑,unresolved,2026-06-30,2026-06-30,77,77,77,77,0,1,1,0,0,0
unresolved:2026:default:T:47:百崎,百 﨑,百 﨑,unresolved,2026-06-11,2026-06-11,77,77,77,77,0,1,1,0,0,0
proeye:31835130,百瀬　大騎,百瀬　大騎,low,2016-04-28,2020-12-17,78,78,78,78,0,23,23,0,0,1694
proeye:61665157,蛭間　拓哉,蛭間　拓哉,low,2023-03-30,2026-06-30,75,68,75,68,-7,20,20,1,1,642
unresolved:2024:1_01:BA:65:武田,武 田,武 田,unresolved,2024-07-18,2024-07-18,64,64,64,64,0,1,1,0,0,0
unresolved:2024:1_04:BA:68:武田,武 田,武 田,unresolved,2024-09-26,2024-09-26,64,64,64,64,0,1,1,0,0,0
unresolved:2024:1_05:BA:68:武田,武 田,武 田,unresolved,2024-10-21,2024-10-21,64,64,64,64,0,1,1,0,0,0
unresolved:2024:1_07:BA:68:武田,武 田,武 田,unresolved,2024-11-26,2024-11-26,64,64,64,64,0,1,1,0,0,0
unresolved:2024:1_08:BA:63:武田,武 田,武 田,unresolved,2025-03-27,2025-03-27,64,64,64,64,0,1,1,0,0,0
unresolved:2024:1_09:BA:65:武田,武 田,武 田,unresolved,2025-04-23,2025-04-23,64,64,64,64,0,1,1,0,0,0
unresolved:2024:1_10:BA:66:武田,武 田,武 田,unresolved,2025-06-02,2025-06-02,64,64,64,64,0,1,1,0,0,0
unresolved:2024:1_11:BA:66:武田,武 田,武 田,unresolved,2025-07-28,2025-07-28,64,64,64,64,0,1,1,0,0,0
unresolved:2024:1_12:BA:70:武田,武 田,武 田,unresolved,2025-09-25,2025-09-25,64,64,64,64,0,1,1,0,0,0
unresolved:2024:1_14:BA:70:武田,武 田,武 田,unresolved,2025-11-20,2025-11-20,64,64,64,64,0,1,1,0,0,0
unresolved:2024:1_15:BA:70:武田,武 田,武 田,unresolved,2025-12-24,2025-12-24,64,64,64,64,0,1,1,0,0,0
unresolved:2024:default:BA:64:武田,武 田,武 田,unresolved,2024-07-18,2024-07-18,64,64,64,64,0,1,1,0,0,0
proeye:71275151,武岡　龍世,武岡　龍世,low,2020-07-09,2026-06-30,70,70,70,70,0,34,34,0,0,2182
proeye:61065117,武山　真吾,武山　真吾,medium,2016-04-28,2019-10-25,54,54,59,54,0,24,19,0,0,1275
proeye:91995137,武田　健吾,武田　健吾,medium,2016-04-28,2021-12-23,67,67,72,67,0,33,28,0,0,2065
proeye:01805151,武藤　敦貴,武藤　敦貴,low,2020-07-09,2026-06-30,67,75,75,67,8,34,34,2,0,1440
proeye:31035112,武内　晋一,武内　晋一,medium,2016-04-28,2018-11-01,48,48,48,48,0,19,14,0,0,917
unresolved:2026:1_10:T:40:伏見,伏 見,伏 見,unresolved,2026-06-11,2026-06-11,40,40,40,40,0,1,1,0,0,0
unresolved:2026:1_11:T:40:伏見,伏 見,伏 見,unresolved,2026-06-30,2026-06-30,40,40,40,40,0,1,1,0,0,0
unresolved:2026:default:T:39:伏見,伏 見,伏 見,unresolved,2026-06-11,2026-06-11,40,40,40,40,0,1,1,0,0,0
proeye:61065137,伏見　寅威,伏見　寅威,medium,2016-04-28,2025-12-24,44,40,44,40,-4,55,50,1,0,2288
unresolved:2020:1_05:M:56:福田,福 田,福 田,unresolved,2020-10-08,2020-10-08,78,78,78,78,0,1,1,0,0,0
unresolved:2020:1_06:M:58:福田,福 田,福 田,unresolved,2020-11-26,2020-11-26,78,78,78,78,0,1,1,0,0,0
unresolved:2020:1_07:M:58:福田,福 田,福 田,unresolved,2020-12-17,2020-12-17,78,78,78,78,0,1,1,0,0,0
unresolved:2020:default:M:56:福田,福 田,福 田,unresolved,2020-07-09,2020-07-09,78,78,78,78,0,1,1,0,0,0
unresolved:2022:1_02:M:61:福田,福 田,福 田,unresolved,2022-05-19,2022-05-19,78,78,78,78,0,1,1,0,0,0
unresolved:2022:1_04:M:61:福田,福 田,福 田,unresolved,2022-07-21,2022-07-21,78,78,78,78,0,1,1,0,0,0
unresolved:2022:1_07:M:63:福田,福 田,福 田,unresolved,2022-09-29,2022-09-29,78,78,78,78,0,1,1,0,0,0
unresolved:2022:1_08:M:63:福田,福 田,福 田,unresolved,2022-11-24,2022-11-24,78,78,78,78,0,1,1,0,0,0
unresolved:2022:default:M:59:福田,福 田,福 田,unresolved,2022-04-21,2022-04-21,78,78,78,78,0,1,1,0,0,0
proeye:21923889,福浦　和也,福浦　和也,medium,2016-04-28,2019-10-25,35,35,35,29,0,24,19,3,1,917
proeye:11815155,福永　奨,福永　奨,low,2022-04-21,2026-06-30,58,58,58,58,0,25,25,0,0,1531
proeye:81685157,福永　裕基,福永　裕基,low,2023-03-30,2026-06-30,64,64,64,64,0,20,20,0,0,1188
proeye:21425118,福元　淳史,福元　淳史,medium,,,66,66,66,66,0,2,0,0,0,0
proeye:31835155,福元　悠真,福元　悠真,low,2022-04-21,2023-11-30,44,44,44,44,0,10,10,0,0,588
proeye:31635114,福田　永将,福田　永将,medium,2016-04-28,2023-11-30,50,53,53,46,3,43,38,1,0,1855
proeye:51655151,福田　光輝,福田　光輝,low,2020-07-09,2024-11-26,58,58,58,58,0,24,24,0,0,1601
proeye:01605136,福田　周平,福田　周平,medium,2018-04-26,2025-12-24,80,81,84,80,1,41,41,3,0,1904
proeye:11615114,福田　秀平,福田　秀平,low,2016-04-28,2023-11-30,80,78,80,78,-2,34,29,2,0,1904
proeye:11615130,福田　将儀,福田　将儀,medium,2016-04-28,2017-11-21,72,72,72,72,0,9,9,0,0,572
proeye:61963888,福留　孝介,福留　孝介,medium,2016-04-28,2022-11-24,57,36,61,36,-21,38,33,4,2,1484
proeye:21025111,塀内　久雄,塀内　久雄,low,,,53,53,53,53,0,5,0,0,0,0
unresolved:2026:1_10:OBU:60:平沼,平 沼,平 沼,unresolved,2026-06-11,2026-06-11,62,62,62,62,0,1,1,0,0,0
unresolved:2026:1_11:OBU:60:平沼,平 沼,平 沼,unresolved,2026-06-30,2026-06-30,62,62,62,62,0,1,1,0,0,0
unresolved:2026:default:OBU:59:平沼,平 沼,平 沼,unresolved,2026-06-11,2026-06-11,62,62,62,62,0,1,1,0,0,0
unresolved:2026:1_10:C:58:平川,平 川,平 川,unresolved,2026-06-11,2026-06-11,83,83,83,83,0,1,1,0,0,0
unresolved:2026:1_11:C:58:平川,平 川,平 川,unresolved,2026-06-30,2026-06-30,83,83,83,83,0,1,1,0,0,0
unresolved:2026:default:C:60:平川,平 川,平 川,unresolved,2026-06-11,2026-06-11,83,83,83,83,0,1,1,0,0,0
proeye:31635151,平間　隼人,平間　隼人,medium,2021-10-28,2021-12-23,78,78,78,78,0,2,2,0,0,56
proeye:01605132,平沼　翔太,平沼　翔太,low,2016-04-28,2025-12-24,72,62,72,62,-10,50,50,2,1,3003
proeye:91695132,平沢　大河,平沢　大河,low,2016-04-28,2026-06-30,60,65,65,60,5,53,53,1,0,2910
proeye:61265112,平田　良介,平田　良介,medium,2016-04-28,2022-11-24,55,65,68,55,10,38,33,4,1,1210
proeye:61265115,平野　恵一,平野　恵一,medium,,,69,69,69,69,0,5,0,0,0,0
proeye:11615151,平野　大和,平野　大和,medium,2023-09-28,2023-11-30,81,81,81,81,0,2,2,0,0,63
proeye:11015157,平良　竜哉,平良　竜哉,low,2023-03-30,2026-06-30,67,72,72,67,5,13,13,1,0,607
proeye:91695153,並木　秀尊,並木　秀尊,low,2021-04-08,2026-06-30,95,97,97,95,2,30,30,1,0,1631
proeye:21425111,米野　智人,米野　智人,medium,2016-04-28,2016-12-15,55,55,55,55,0,10,5,0,0,231
proeye:01305110,片岡　治大,片岡　治大,low,2016-04-28,2017-11-21,72,69,72,69,-3,14,9,1,0,441
proeye:01705151,片岡　奨人,片岡　奨人,low,2020-07-09,2022-11-24,71,71,71,71,0,14,14,0,0,868
proeye:01505138,片山　雄哉,片山　雄哉,low,2019-09-19,2024-11-26,58,58,58,58,0,26,26,0,0,1895
proeye:31435155,豊田　寛,豊田　寛,low,2022-04-21,2026-06-30,58,58,58,58,0,25,25,0,0,1531
unresolved:2013:20131108:F:60:北,北,北,unresolved,,,66,66,66,66,0,1,0,0,0,0
unresolved:2013:default:F:58:北,北,北,unresolved,,,66,66,66,66,0,1,0,0,0,0
unresolved:2014:1_01:F:60:北,北,北,unresolved,,,66,66,66,66,0,1,0,0,0,0
unresolved:2014:1_02:F:61:北,北,北,unresolved,,,66,66,66,66,0,1,0,0,0,0
unresolved:2014:default:F:60:北,北,北,unresolved,,,66,66,66,66,0,1,0,0,0,0
unresolved:2016:1_01:G:59:北,北,北,unresolved,2016-04-28,2016-04-28,66,66,66,66,0,1,1,0,0,0
unresolved:2016:1_03:G:60:北,北,北,unresolved,2016-06-30,2016-06-30,66,66,66,66,0,1,1,0,0,0
unresolved:2016:1_05:G:61:北,北,北,unresolved,2016-09-08,2016-09-08,66,66,66,66,0,1,1,0,0,0
unresolved:2016:1_06:G:61:北,北,北,unresolved,2016-12-15,2016-12-15,66,66,66,66,0,1,1,0,0,0
unresolved:2016:1_07:G:62:北,北,北,unresolved,2017-04-27,2017-04-27,66,66,66,66,0,1,1,0,0,0
unresolved:2016:1_09:G:63:北,北,北,unresolved,2017-07-13,2017-07-13,66,66,66,66,0,1,1,0,0,0
unresolved:2016:1_10:G:64:北,北,北,unresolved,2017-09-14,2017-09-14,66,66,66,66,0,1,1,0,0,0
unresolved:2016:1_11:G:64:北,北,北,unresolved,2017-11-21,2017-11-21,66,66,66,66,0,1,1,0,0,0
unresolved:2016:default:G:59:北,北,北,unresolved,2016-04-28,2016-04-28,66,66,66,66,0,1,1,0,0,0
unresolved:2026:1_10:S:56:北村,北 村,北 村,unresolved,2026-06-11,2026-06-11,45,45,45,45,0,1,1,0,0,0
unresolved:2026:1_11:S:56:北村,北 村,北 村,unresolved,2026-06-30,2026-06-30,45,45,45,45,0,1,1,0,0,0
unresolved:2026:default:S:55:北村,北 村,北 村,unresolved,2026-06-11,2026-06-11,45,45,45,45,0,1,1,0,0,0
proeye:11715135,北川　倫太郎,北川　倫太郎,low,2016-04-28,2016-12-15,60,60,60,44,0,10,5,0,0,231
proeye:01505157,北村　恵吾,北村　恵吾,low,2023-03-30,2025-12-24,45,45,45,45,0,17,17,0,0,1000
proeye:21525136,北村　拓己,北村　拓己,medium,2018-04-26,2025-12-24,52,52,52,52,0,41,41,0,0,2799
proeye:11215137,北條　史也,北條　史也,low,2016-04-28,2023-11-30,64,57,64,57,-7,43,38,1,1,2541
unresolved:2020:1_09:BA:53:牧,牧,牧,unresolved,2021-04-08,2021-04-08,53,53,53,53,0,1,1,0,0,0
unresolved:2020:1_12:BA:49:牧,牧,牧,unresolved,2021-05-20,2021-05-20,53,53,53,53,0,1,1,0,0,0
unresolved:2020:1_13:BA:50:牧,牧,牧,unresolved,2021-07-28,2021-07-28,53,53,53,53,0,1,1,0,0,0
unresolved:2020:1_15:BA:52:牧,牧,牧,unresolved,2021-10-28,2021-10-28,53,53,53,53,0,1,1,0,0,0
unresolved:2020:1_16:BA:52:牧,牧,牧,unresolved,2021-12-23,2021-12-23,53,53,53,53,0,1,1,0,0,0
unresolved:2022:1_02:BA:48:牧,牧,牧,unresolved,2022-05-19,2022-05-19,53,53,53,53,0,1,1,0,0,0
unresolved:2022:1_04:BA:43:牧,牧,牧,unresolved,2022-07-21,2022-07-21,53,53,53,53,0,1,1,0,0,0
unresolved:2022:1_07:BA:45:牧,牧,牧,unresolved,2022-09-29,2022-09-29,53,53,53,53,0,1,1,0,0,0
unresolved:2022:1_08:BA:45:牧,牧,牧,unresolved,2022-11-24,2022-11-24,53,53,53,53,0,1,1,0,0,0
unresolved:2022:1_09:BA:41:牧,牧,牧,unresolved,2023-03-30,2023-03-30,53,53,53,53,0,1,1,0,0,0
unresolved:2022:1_10:BA:44:牧,牧,牧,unresolved,2023-05-25,2023-05-25,53,53,53,53,0,1,1,0,0,0
unresolved:2022:1_11:BA:45:牧,牧,牧,unresolved,2023-07-20,2023-07-20,53,53,53,53,0,1,1,0,0,0
unresolved:2022:1_12:BA:44:牧,牧,牧,unresolved,2023-09-28,2023-09-28,53,53,53,53,0,1,1,0,0,0
unresolved:2022:1_13:BA:44:牧,牧,牧,unresolved,2023-11-30,2023-11-30,56,56,56,56,0,1,1,0,0,0
unresolved:2022:default:BA:48:牧,牧,牧,unresolved,2022-04-21,2022-04-21,53,53,53,53,0,1,1,0,0,0
unresolved:2024:1_01:BA:42:牧,牧,牧,unresolved,2024-07-18,2024-07-18,56,56,56,56,0,1,1,0,0,0
unresolved:2024:1_04:BA:44:牧,牧,牧,unresolved,2024-09-26,2024-09-26,64,64,64,64,0,1,1,0,0,0
unresolved:2024:1_05:BA:44:牧,牧,牧,unresolved,2024-10-21,2024-10-21,64,64,64,64,0,1,1,0,0,0
unresolved:2024:1_07:BA:44:牧,牧,牧,unresolved,2024-11-26,2024-11-26,67,67,67,67,0,1,1,0,0,0
unresolved:2024:1_08:BA:42:牧,牧,牧,unresolved,2025-03-27,2025-03-27,67,67,67,67,0,1,1,0,0,0
unresolved:2024:1_09:BA:44:牧,牧,牧,unresolved,2025-04-23,2025-04-23,67,67,67,67,0,1,1,0,0,0
unresolved:2024:1_10:BA:45:牧,牧,牧,unresolved,2025-06-02,2025-06-02,67,67,67,67,0,1,1,0,0,0
unresolved:2024:1_11:BA:45:牧,牧,牧,unresolved,2025-07-28,2025-07-28,67,67,67,67,0,1,1,0,0,0
unresolved:2024:1_12:BA:47:牧,牧,牧,unresolved,2025-09-25,2025-09-25,67,67,67,67,0,1,1,0,0,0
unresolved:2024:1_14:BA:47:牧,牧,牧,unresolved,2025-11-20,2025-11-20,67,67,67,67,0,1,1,0,0,0
unresolved:2024:1_15:BA:47:牧,牧,牧,unresolved,2025-12-24,2025-12-24,67,67,67,67,0,1,1,0,0,0
unresolved:2024:default:BA:42:牧,牧,牧,unresolved,2024-07-18,2024-07-18,56,56,56,56,0,1,1,0,0,0
unresolved:2026:1_10:BA:42:牧,牧,牧,unresolved,2026-06-11,2026-06-11,67,67,67,67,0,1,1,0,0,0
unresolved:2026:1_11:BA:42:牧,牧,牧,unresolved,2026-06-30,2026-06-30,67,67,67,67,0,1,1,0,0,0
unresolved:2026:default:BA:42:牧,牧,牧,unresolved,2026-06-11,2026-06-11,67,67,67,67,0,1,1,0,0,0
proeye:61465133,牧原　大成,牧原　大成,low,2016-04-28,2026-06-30,82,82,82,82,0,58,53,0,0,3715
unresolved:2020:1_09:H:36:牧原巧,牧原巧,牧原巧,unresolved,2021-04-08,2021-04-08,58,58,58,58,0,1,1,0,0,0
unresolved:2020:1_12:H:36:牧原巧,牧原巧,牧原巧,unresolved,2021-05-20,2021-05-20,58,58,58,58,0,1,1,0,0,0
unresolved:2020:1_13:H:37:牧原巧,牧原巧,牧原巧,unresolved,2021-07-28,2021-07-28,58,58,58,58,0,1,1,0,0,0
unresolved:2020:1_15:H:35:牧原巧,牧原巧,牧原巧,unresolved,2021-10-28,2021-10-28,58,58,58,58,0,1,1,0,0,0
unresolved:2020:1_16:H:35:牧原巧,牧原巧,牧原巧,unresolved,2021-12-23,2021-12-23,58,58,58,58,0,1,1,0,0,0
unresolved:2022:1_02:H:35:牧原巧,牧原巧,牧原巧,unresolved,2022-05-19,2022-05-19,58,58,58,58,0,1,1,0,0,0
unresolved:2022:1_04:H:36:牧原巧,牧原巧,牧原巧,unresolved,2022-07-21,2022-07-21,58,58,58,58,0,1,1,0,0,0
unresolved:2022:1_07:H:37:牧原巧,牧原巧,牧原巧,unresolved,2022-09-29,2022-09-29,58,58,58,58,0,1,1,0,0,0
unresolved:2022:1_08:H:37:牧原巧,牧原巧,牧原巧,unresolved,2022-11-24,2022-11-24,58,58,58,58,0,1,1,0,0,0
unresolved:2022:1_09:H:37:牧原巧,牧原巧,牧原巧,unresolved,2023-03-30,2023-03-30,58,58,58,58,0,1,1,0,0,0
unresolved:2022:1_10:H:37:牧原巧,牧原巧,牧原巧,unresolved,2023-05-25,2023-05-25,58,58,58,58,0,1,1,0,0,0
unresolved:2022:1_11:H:37:牧原巧,牧原巧,牧原巧,unresolved,2023-07-20,2023-07-20,58,58,58,58,0,1,1,0,0,0
unresolved:2022:1_12:H:39:牧原巧,牧原巧,牧原巧,unresolved,2023-09-28,2023-09-28,58,58,58,58,0,1,1,0,0,0
unresolved:2022:1_13:H:39:牧原巧,牧原巧,牧原巧,unresolved,2023-11-30,2023-11-30,58,58,58,58,0,1,1,0,0,0
unresolved:2022:default:H:34:牧原巧,牧原巧,牧原巧,unresolved,2022-04-21,2022-04-21,58,58,58,58,0,1,1,0,0,0
unresolved:2024:1_01:H:36:牧原巧,牧原巧,牧原巧,unresolved,2024-07-18,2024-07-18,58,58,58,58,0,1,1,0,0,0
unresolved:2024:1_04:H:43:牧原巧,牧原巧,牧原巧,unresolved,2024-09-26,2024-09-26,58,58,58,58,0,1,1,0,0,0
unresolved:2024:1_05:H:43:牧原巧,牧原巧,牧原巧,unresolved,2024-10-21,2024-10-21,58,58,58,58,0,1,1,0,0,0
unresolved:2024:1_07:H:43:牧原巧,牧原巧,牧原巧,unresolved,2024-11-26,2024-11-26,58,58,58,58,0,1,1,0,0,0
unresolved:2024:1_08:H:38:牧原巧,牧原巧,牧原巧,unresolved,2025-03-27,2025-03-27,58,58,58,58,0,1,1,0,0,0
unresolved:2024:1_09:H:38:牧原巧,牧原巧,牧原巧,unresolved,2025-04-23,2025-04-23,58,58,58,58,0,1,1,0,0,0
unresolved:2024:1_10:H:40:牧原巧,牧原巧,牧原巧,unresolved,2025-06-02,2025-06-02,58,58,58,58,0,1,1,0,0,0
unresolved:2024:1_11:H:39:牧原巧,牧原巧,牧原巧,unresolved,2025-07-28,2025-07-28,58,58,58,58,0,1,1,0,0,0
unresolved:2024:1_12:H:42:牧原巧,牧原巧,牧原巧,unresolved,2025-09-25,2025-09-25,58,58,58,58,0,1,1,0,0,0
unresolved:2024:1_14:H:41:牧原巧,牧原巧,牧原巧,unresolved,2025-11-20,2025-11-20,58,58,58,58,0,1,1,0,0,0
unresolved:2024:1_15:H:41:牧原巧,牧原巧,牧原巧,unresolved,2025-12-24,2025-12-24,58,58,58,58,0,1,1,0,0,0
unresolved:2024:default:H:36:牧原巧,牧原巧,牧原巧,unresolved,2024-07-18,2024-07-18,58,58,58,58,0,1,1,0,0,0
proeye:61265113,牧田　明久,牧田　明久,medium,2016-04-28,2016-12-15,66,66,69,66,0,10,5,0,0,231
proeye:71675138,牧野　翔矢,牧野　翔矢,low,2019-04-23,2026-06-30,60,55,60,55,-5,32,32,1,0,2347
unresolved:2024:1_01:OBU:35:堀,堀,堀,unresolved,2024-07-18,2024-07-18,67,67,67,67,0,1,1,0,0,0
unresolved:2024:1_04:OBU:39:堀,堀,堀,unresolved,2024-09-26,2024-09-26,67,67,67,67,0,1,1,0,0,0
unresolved:2024:1_05:OBU:39:堀,堀,堀,unresolved,2024-10-21,2024-10-21,67,67,67,67,0,1,1,0,0,0
unresolved:2024:1_07:OBU:39:堀,堀,堀,unresolved,2024-11-26,2024-11-26,67,67,67,67,0,1,1,0,0,0
unresolved:2024:1_08:OBU:39:堀,堀,堀,unresolved,2025-03-27,2025-03-27,67,67,67,67,0,1,1,0,0,0
unresolved:2024:1_09:OBU:39:堀,堀,堀,unresolved,2025-04-23,2025-04-23,67,67,67,67,0,1,1,0,0,0
unresolved:2024:1_10:OBU:39:堀,堀,堀,unresolved,2025-06-02,2025-06-02,67,67,67,67,0,1,1,0,0,0
unresolved:2024:1_11:OBU:40:堀,堀,堀,unresolved,2025-07-28,2025-07-28,67,67,67,67,0,1,1,0,0,0
unresolved:2024:1_12:OBU:42:堀,堀,堀,unresolved,2025-09-25,2025-09-25,67,67,67,67,0,1,1,0,0,0
unresolved:2024:1_14:OBU:42:堀,堀,堀,unresolved,2025-11-20,2025-11-20,67,67,67,67,0,1,1,0,0,0
unresolved:2024:1_15:OBU:42:堀,堀,堀,unresolved,2025-12-24,2025-12-24,67,67,67,67,0,1,1,0,0,0
unresolved:2024:default:OBU:35:堀,堀,堀,unresolved,2024-07-18,2024-07-18,67,67,67,67,0,1,1,0,0,0
unresolved:2026:1_10:OBU:41:堀,堀,堀,unresolved,2026-06-11,2026-06-11,67,67,67,67,0,1,1,0,0,0
unresolved:2026:1_11:OBU:41:堀,堀,堀,unresolved,2026-06-30,2026-06-30,67,67,67,67,0,1,1,0,0,0
unresolved:2026:default:OBU:41:堀,堀,堀,unresolved,2026-06-11,2026-06-11,67,67,67,67,0,1,1,0,0,0
unresolved:2018:1_05:H:35:堀内,堀 内,堀 内,unresolved,2018-07-12,2018-07-12,44,44,44,44,0,1,1,0,0,0
unresolved:2018:1_07:H:37:堀内,堀 内,堀 内,unresolved,2018-09-13,2018-09-13,42,42,42,42,0,1,1,0,0,0
unresolved:2018:1_09:H:37:堀内,堀 内,堀 内,unresolved,2018-11-01,2018-11-01,42,42,42,42,0,1,1,0,0,0
unresolved:2018:1_10:H:37:堀内,堀 内,堀 内,unresolved,2019-04-23,2019-04-23,42,42,42,42,0,1,1,0,0,0
unresolved:2018:1_11:H:38:堀内,堀 内,堀 内,unresolved,2019-06-13,2019-06-13,42,42,42,42,0,1,1,0,0,0
unresolved:2018:1_12:H:38:堀内,堀 内,堀 内,unresolved,2019-08-02,2019-08-02,42,42,42,42,0,1,1,0,0,0
unresolved:2018:1_14:H:39:堀内,堀 内,堀 内,unresolved,2019-09-19,2019-09-19,42,42,42,42,0,1,1,0,0,0
unresolved:2018:1_15:H:39:堀内,堀 内,堀 内,unresolved,2019-10-25,2019-10-25,42,42,42,42,0,1,1,0,0,0
proeye:11815132,堀内　謙伍,堀内　謙伍,low,2016-04-28,2026-06-30,56,56,56,56,0,53,53,0,0,3715
proeye:41445112,本多　雄一,本多　雄一,medium,2016-04-28,2018-11-01,87,87,87,83,0,19,14,0,0,917
unresolved:2013:20131108:S:50:又野,又 野,又 野,unresolved,,,37,37,37,37,0,1,0,0,0,0
unresolved:2013:default:S:50:又野,又 野,又 野,unresolved,,,37,37,37,37,0,1,0,0,0,0
unresolved:2014:1_01:S:50:又野,又 野,又 野,unresolved,,,37,37,37,37,0,1,0,0,0,0
unresolved:2014:1_02:S:50:又野,又 野,又 野,unresolved,,,37,37,37,37,0,1,0,0,0,0
unresolved:2014:default:S:50:又野,又 野,又 野,unresolved,,,37,37,37,37,0,1,0,0,0,0
proeye:51055155,末包　昇大,末包　昇大,low,2022-04-21,2026-06-30,61,64,64,61,3,25,25,1,0,819
proeye:11815138,万波　中正,万波　中正,low,2019-04-23,2026-06-30,58,64,64,58,6,39,39,1,1,1503
proeye:83185155,味谷　大誠,味谷　大誠,low,2022-04-21,2026-06-30,65,65,65,65,0,25,25,0,0,1531
unresolved:2024:1_01:F:46:明瀬,明 瀬,明 瀬,unresolved,2024-07-18,2024-07-18,38,38,38,38,0,1,1,0,0,0
unresolved:2024:1_04:F:49:明瀬,明 瀬,明 瀬,unresolved,2024-09-26,2024-09-26,38,38,38,38,0,1,1,0,0,0
unresolved:2024:1_05:F:49:明瀬,明 瀬,明 瀬,unresolved,2024-10-21,2024-10-21,38,38,38,38,0,1,1,0,0,0
unresolved:2024:1_07:F:49:明瀬,明 瀬,明 瀬,unresolved,2024-11-26,2024-11-26,38,38,38,38,0,1,1,0,0,0
unresolved:2024:1_08:F:48:明瀬,明 瀬,明 瀬,unresolved,2025-03-27,2025-03-27,38,38,38,38,0,1,1,0,0,0
unresolved:2024:1_09:F:49:明瀬,明 瀬,明 瀬,unresolved,2025-04-23,2025-04-23,38,38,38,38,0,1,1,0,0,0
unresolved:2024:1_10:F:50:明瀬,明 瀬,明 瀬,unresolved,2025-06-02,2025-06-02,38,38,38,38,0,1,1,0,0,0
unresolved:2024:1_11:F:50:明瀬,明 瀬,明 瀬,unresolved,2025-07-28,2025-07-28,38,38,38,38,0,1,1,0,0,0
unresolved:2024:1_12:F:52:明瀬,明 瀬,明 瀬,unresolved,2025-09-25,2025-09-25,38,38,38,38,0,1,1,0,0,0
unresolved:2024:1_14:F:52:明瀬,明 瀬,明 瀬,unresolved,2025-11-20,2025-11-20,38,38,38,38,0,1,1,0,0,0
unresolved:2024:1_15:F:52:明瀬,明 瀬,明 瀬,unresolved,2025-12-24,2025-12-24,38,38,38,38,0,1,1,0,0,0
unresolved:2024:default:F:44:明瀬,明 瀬,明 瀬,unresolved,2024-07-18,2024-07-18,38,38,38,38,0,1,1,0,0,0
unresolved:2026:1_10:F:49:明瀬,明 瀬,明 瀬,unresolved,2026-06-11,2026-06-11,38,38,38,38,0,1,1,0,0,0
unresolved:2026:1_11:F:49:明瀬,明 瀬,明 瀬,unresolved,2026-06-30,2026-06-30,38,38,38,38,0,1,1,0,0,0
unresolved:2026:default:F:48:明瀬,明 瀬,明 瀬,unresolved,2026-06-11,2026-06-11,38,38,38,38,0,1,1,0,0,0
proeye:51155119,明石　健志,明石　健志,medium,2016-04-28,2022-11-24,78,68,78,68,-10,38,33,4,0,728
proeye:61865132,茂木　栄五郎,茂木　栄五郎,low,2016-04-28,2026-06-30,60,72,72,60,12,53,53,2,1,3351
unresolved:2016:1_07:L:58:木村,木 村,木 村,unresolved,2017-04-27,2017-04-27,75,75,75,75,0,1,1,0,0,0
unresolved:2016:1_09:L:58:木村,木 村,木 村,unresolved,2017-07-13,2017-07-13,75,75,75,75,0,1,1,0,0,0
unresolved:2016:default:L:58:木村,木 村,木 村,unresolved,2016-04-28,2016-04-28,75,75,75,75,0,1,1,0,0,0
proeye:31735132,木下　拓哉,木下　拓哉,low,2016-04-28,2026-06-30,45,39,45,39,-6,53,53,1,1,1917
proeye:01705117,木村　昇吾,木村　昇吾,medium,2016-04-28,2017-11-21,67,58,67,58,-9,11,6,1,1,439
proeye:41745114,木村　文紀,木村　文紀,medium,2016-04-28,2023-11-30,75,75,75,68,0,40,35,0,0,2772
proeye:31735138,木浪　聖也,木浪　聖也,low,2019-04-23,2026-06-30,67,59,67,59,-8,39,39,2,0,1308
proeye:11515157,門脇　誠,門脇　誠,low,2023-03-30,2026-06-30,77,77,77,77,0,20,20,0,0,1188
unresolved:2024:1_08:T:64:野口,野 口,野 口,unresolved,2025-03-27,2025-03-27,62,62,62,62,0,1,1,0,0,0
unresolved:2024:1_09:T:65:野口,野 口,野 口,unresolved,2025-04-23,2025-04-23,62,62,62,62,0,1,1,0,0,0
unresolved:2024:1_10:T:65:野口,野 口,野 口,unresolved,2025-06-02,2025-06-02,62,62,62,62,0,1,1,0,0,0
unresolved:2024:1_11:T:65:野口,野 口,野 口,unresolved,2025-07-28,2025-07-28,62,62,62,62,0,1,1,0,0,0
unresolved:2024:1_12:T:70:野口,野 口,野 口,unresolved,2025-09-25,2025-09-25,62,62,62,62,0,1,1,0,0,0
unresolved:2024:1_14:T:70:野口,野 口,野 口,unresolved,2025-11-20,2025-11-20,62,62,62,62,0,1,1,0,0,0
unresolved:2024:1_15:T:70:野口,野 口,野 口,unresolved,2025-12-24,2025-12-24,62,62,62,62,0,1,1,0,0,0
unresolved:2026:1_10:OBU:42:野上,野 上,野 上,unresolved,2026-06-11,2026-06-11,51,51,51,51,0,1,1,0,0,0
unresolved:2026:1_11:OBU:42:野上,野 上,野 上,unresolved,2026-06-30,2026-06-30,51,51,51,51,0,1,1,0,0,0
unresolved:2026:default:OBU:42:野上,野 上,野 上,unresolved,2026-06-11,2026-06-11,51,51,51,51,0,1,1,0,0,0
unresolved:2020:1_05:H:51:野村,野 村,野 村,unresolved,2020-10-08,2020-10-08,48,48,48,48,0,1,1,0,0,0
unresolved:2020:1_06:H:53:野村,野 村,野 村,unresolved,2020-11-26,2020-11-26,48,48,48,48,0,1,1,0,0,0
unresolved:2020:1_07:H:54:野村,野 村,野 村,unresolved,2020-12-17,2020-12-17,48,48,48,48,0,1,1,0,0,0
unresolved:2020:default:H:53:野村,野 村,野 村,unresolved,2020-07-09,2020-07-09,48,48,48,48,0,1,1,0,0,0
proeye:01405130,野間　峻祥,野間　峻祥,low,2016-04-28,2026-06-30,85,88,91,85,3,53,53,2,1,1913
proeye:71475114,野原　将志,野原　将志,medium,,,56,56,56,56,0,2,0,0,0,0
proeye:01405157,野口　恭佑,野口　恭佑,medium,2024-07-18,2024-11-26,62,62,62,62,0,5,5,0,0,131
proeye:81985111,野口　祥順,野口　祥順,low,,,72,72,72,72,0,5,0,0,0,0
proeye:81485155,野口　智哉,野口　智哉,low,2022-04-21,2026-06-30,65,67,67,65,2,25,25,1,0,1006
proeye:11415138,野村　大樹,野村　大樹,medium,2019-04-23,2025-12-24,44,61,61,44,17,33,33,3,1,1089
proeye:31435138,野村　佑希,野村　佑希,low,2019-04-23,2026-06-30,45,52,52,45,7,39,39,2,0,1370
proeye:11615155,野村　勇,野村　勇,low,2022-04-21,2026-06-30,82,81,85,81,-1,25,25,3,0,943
proeye:11215115,野中　信吾,野中　信吾,medium,,,90,90,90,90,0,2,0,0,0,0
proeye:11215113,野田　浩輔,野田　浩輔,low,2023-03-30,2024-11-26,57,57,57,57,0,10,10,0,0,607
proeye:31435118,野本　圭,野本　圭,medium,2016-04-28,2018-11-01,56,56,56,56,0,19,14,0,0,917
unresolved:2024:1_08:S:35:矢野,矢 野,矢 野,unresolved,2025-03-27,2025-03-27,55,55,55,55,0,1,1,0,0,0
unresolved:2024:1_09:S:36:矢野,矢 野,矢 野,unresolved,2025-04-23,2025-04-23,55,55,55,55,0,1,1,0,0,0
unresolved:2024:1_10:S:37:矢野,矢 野,矢 野,unresolved,2025-06-02,2025-06-02,55,55,55,55,0,1,1,0,0,0
unresolved:2024:1_11:S:37:矢野,矢 野,矢 野,unresolved,2025-07-28,2025-07-28,55,55,55,55,0,1,1,0,0,0
unresolved:2024:1_12:S:39:矢野,矢 野,矢 野,unresolved,2025-09-25,2025-09-25,55,55,55,55,0,1,1,0,0,0
unresolved:2024:1_14:S:39:矢野,矢 野,矢 野,unresolved,2025-11-20,2025-11-20,55,55,55,55,0,1,1,0,0,0
unresolved:2024:1_15:S:39:矢野,矢 野,矢 野,unresolved,2025-12-24,2025-12-24,55,55,55,55,0,1,1,0,0,0
unresolved:2026:1_10:S:39:矢野,矢 野,矢 野,unresolved,2026-06-11,2026-06-11,55,55,55,55,0,1,1,0,0,0
unresolved:2026:1_11:S:39:矢野,矢 野,矢 野,unresolved,2026-06-30,2026-06-30,55,55,55,55,0,1,1,0,0,0
unresolved:2026:default:S:38:矢野,矢 野,矢 野,unresolved,2026-06-11,2026-06-11,55,55,55,55,0,1,1,0,0,0
proeye:93395153,矢野　雅哉,矢野　雅哉,low,2021-04-08,2026-06-30,71,78,78,71,7,30,30,1,1,1197
proeye:51655117,矢野　謙次,矢野　謙次,medium,2016-04-28,2018-11-01,57,57,65,57,0,19,14,0,0,917
proeye:73375157,矢澤　宏太,矢澤　宏太,low,2023-03-30,2026-06-30,87,87,87,87,0,20,20,0,0,1188
proeye:73175151,柳町　達,柳町　達,low,2020-07-09,2026-06-30,63,67,70,63,4,34,34,3,0,966
proeye:81685112,柳田　殖生,柳田　殖生,medium,2016-04-28,2016-12-15,53,53,53,53,0,10,5,0,0,231
proeye:31835133,柳田　悠岐,柳田　悠岐,low,2016-04-28,2026-06-30,81,67,81,67,-14,58,53,6,0,1141
proeye:81285130,友永　翔太,友永　翔太,low,2016-04-28,2019-10-25,79,79,79,79,0,19,19,0,0,1275
proeye:71275157,友杉　篤輝,友杉　篤輝,low,2023-03-30,2026-06-30,81,87,87,81,6,20,20,2,0,943
proeye:01105155,有薗　直輝,有薗　直輝,low,2022-04-21,2026-06-30,63,63,63,63,0,25,25,0,0,1531
unresolved:2018:1_01:E:67:耀飛,耀 飛,耀 飛,unresolved,2018-04-26,2018-04-26,54,54,54,54,0,1,1,0,0,0
unresolved:2018:1_05:E:67:耀飛,耀 飛,耀 飛,unresolved,2018-07-12,2018-07-12,54,54,54,54,0,1,1,0,0,0
unresolved:2018:1_07:E:68:耀飛,耀 飛,耀 飛,unresolved,2018-09-13,2018-09-13,54,54,54,54,0,1,1,0,0,0
unresolved:2018:1_09:E:68:耀飛,耀 飛,耀 飛,unresolved,2018-11-01,2018-11-01,54,54,54,54,0,1,1,0,0,0
unresolved:2018:1_10:E:64:耀飛,耀 飛,耀 飛,unresolved,2019-04-23,2019-04-23,54,54,54,54,0,1,1,0,0,0
unresolved:2018:1_11:E:65:耀飛,耀 飛,耀 飛,unresolved,2019-06-13,2019-06-13,54,54,54,54,0,1,1,0,0,0
unresolved:2018:1_12:E:66:耀飛,耀 飛,耀 飛,unresolved,2019-08-02,2019-08-02,54,54,54,54,0,1,1,0,0,0
unresolved:2018:1_14:E:67:耀飛,耀 飛,耀 飛,unresolved,2019-09-19,2019-09-19,54,54,54,54,0,1,1,0,0,0
unresolved:2018:1_15:E:70:耀飛,耀 飛,耀 飛,unresolved,2019-10-25,2019-10-25,54,54,54,54,0,1,1,0,0,0
unresolved:2018:default:E:67:耀飛,耀 飛,耀 飛,unresolved,2018-04-26,2018-04-26,54,54,54,54,0,1,1,0,0,0
unresolved:2013:20131108:F:62:陽,陽,陽,unresolved,,,88,88,88,88,0,1,0,0,0,0
unresolved:2013:default:F:61:陽,陽,陽,unresolved,,,85,85,85,85,0,1,0,0,0,0
unresolved:2014:1_01:F:64:陽,陽,陽,unresolved,,,82,82,82,82,0,1,0,0,0,0
unresolved:2014:1_02:F:64:陽,陽,陽,unresolved,,,82,82,82,82,0,1,0,0,0,0
unresolved:2014:default:F:64:陽,陽,陽,unresolved,,,86,86,86,86,0,1,0,0,0,0
unresolved:2016:1_01:F:60:陽,陽,陽,unresolved,2016-04-28,2016-04-28,82,82,82,82,0,1,1,0,0,0
unresolved:2016:1_03:F:58:陽,陽,陽,unresolved,2016-06-30,2016-06-30,82,82,82,82,0,1,1,0,0,0
unresolved:2016:1_05:F:59:陽,陽,陽,unresolved,2016-09-08,2016-09-08,82,82,82,82,0,1,1,0,0,0
unresolved:2016:1_06:F:58:陽,陽,陽,unresolved,2016-12-15,2016-12-15,82,82,82,82,0,1,1,0,0,0
unresolved:2016:1_07:G:63:陽,陽,陽,unresolved,2017-04-27,2017-04-27,80,80,80,80,0,1,1,0,0,0
unresolved:2016:1_09:G:67:陽,陽,陽,unresolved,2017-07-13,2017-07-13,80,80,80,80,0,1,1,0,0,0
unresolved:2016:1_10:G:65:陽,陽,陽,unresolved,2017-09-14,2017-09-14,72,72,72,72,0,1,1,0,0,0
unresolved:2016:1_11:G:65:陽,陽,陽,unresolved,2017-11-21,2017-11-21,72,72,72,72,0,1,1,0,0,0
unresolved:2016:default:F:60:陽,陽,陽,unresolved,2016-04-28,2016-04-28,82,82,82,82,0,1,1,0,0,0
unresolved:2018:1_01:G:60:陽,陽,陽,unresolved,2018-04-26,2018-04-26,72,72,72,72,0,1,1,0,0,0
unresolved:2018:1_05:G:61:陽,陽,陽,unresolved,2018-07-12,2018-07-12,72,72,72,72,0,1,1,0,0,0
unresolved:2018:1_07:G:61:陽,陽,陽,unresolved,2018-09-13,2018-09-13,72,72,72,72,0,1,1,0,0,0
unresolved:2018:1_09:G:64:陽,陽,陽,unresolved,2018-11-01,2018-11-01,72,72,72,72,0,1,1,0,0,0
unresolved:2018:1_10:G:59:陽,陽,陽,unresolved,2019-04-23,2019-04-23,72,72,72,72,0,1,1,0,0,0
unresolved:2018:1_11:G:59:陽,陽,陽,unresolved,2019-06-13,2019-06-13,72,72,72,72,0,1,1,0,0,0
unresolved:2018:1_12:G:60:陽,陽,陽,unresolved,2019-08-02,2019-08-02,72,72,72,72,0,1,1,0,0,0
unresolved:2018:1_14:G:62:陽,陽,陽,unresolved,2019-09-19,2019-09-19,72,72,72,72,0,1,1,0,0,0
unresolved:2018:1_15:G:64:陽,陽,陽,unresolved,2019-10-25,2019-10-25,72,72,72,72,0,1,1,0,0,0
unresolved:2018:default:G:58:陽,陽,陽,unresolved,2018-04-26,2018-04-26,72,72,72,72,0,1,1,0,0,0
unresolved:2020:1_05:G:59:陽,陽,陽,unresolved,2020-10-08,2020-10-08,72,72,72,72,0,1,1,0,0,0
unresolved:2020:1_06:G:59:陽,陽,陽,unresolved,2020-11-26,2020-11-26,72,72,72,72,0,1,1,0,0,0
unresolved:2020:1_07:G:59:陽,陽,陽,unresolved,2020-12-17,2020-12-17,72,72,72,72,0,1,1,0,0,0
unresolved:2020:1_09:G:56:陽,陽,陽,unresolved,2021-04-08,2021-04-08,72,72,72,72,0,1,1,0,0,0
unresolved:2020:1_12:G:58:陽,陽,陽,unresolved,2021-05-20,2021-05-20,72,72,72,72,0,1,1,0,0,0
unresolved:2020:1_13:G:57:陽,陽,陽,unresolved,2021-07-28,2021-07-28,72,72,72,72,0,1,1,0,0,0
unresolved:2020:1_15:G:62:陽,陽,陽,unresolved,2021-10-28,2021-10-28,72,72,72,72,0,1,1,0,0,0
unresolved:2020:1_16:G:62:陽,陽,陽,unresolved,2021-12-23,2021-12-23,72,72,72,72,0,1,1,0,0,0
unresolved:2020:default:G:56:陽,陽,陽,unresolved,2020-07-09,2020-07-09,72,72,72,72,0,1,1,0,0,0
unresolved:2024:1_08:E:56:陽,陽,陽,unresolved,2025-03-27,2025-03-27,68,68,68,68,0,1,1,0,0,0
unresolved:2024:1_09:E:57:陽,陽,陽,unresolved,2025-04-23,2025-04-23,68,68,68,68,0,1,1,0,0,0
unresolved:2024:1_10:E:58:陽,陽,陽,unresolved,2025-06-02,2025-06-02,68,68,68,68,0,1,1,0,0,0
unresolved:2024:1_11:E:58:陽,陽,陽,unresolved,2025-07-28,2025-07-28,68,68,68,68,0,1,1,0,0,0
unresolved:2024:1_12:E:58:陽,陽,陽,unresolved,2025-09-25,2025-09-25,74,74,74,74,0,1,1,0,0,0
unresolved:2024:1_14:E:58:陽,陽,陽,unresolved,2025-11-20,2025-11-20,74,74,74,74,0,1,1,0,0,0
unresolved:2024:1_15:E:58:陽,陽,陽,unresolved,2025-12-24,2025-12-24,74,74,74,74,0,1,1,0,0,0
unresolved:2026:1_10:E:57:陽,陽,陽,unresolved,2026-06-11,2026-06-11,74,74,74,74,0,1,1,0,0,0
unresolved:2026:1_11:E:57:陽,陽,陽,unresolved,2026-06-30,2026-06-30,74,74,74,74,0,1,1,0,0,0
unresolved:2026:default:E:56:陽,陽,陽,unresolved,2026-06-11,2026-06-11,74,74,74,74,0,1,1,0,0,0
proeye:11615139,陽川　尚将,陽川　尚将,low,2016-04-28,2024-11-26,59,55,65,55,-4,46,43,2,2,2086
proeye:51955153,来田　涼斗,来田　涼斗,low,2021-04-08,2026-06-30,72,85,85,72,13,30,30,4,0,763
proeye:61865135,李　大浩,李　大浩,high,,,28,22,28,22,-6,5,0,0,0,0
proeye:91295114,李　杜軒,李　杜軒,high,2018-04-26,2019-10-25,52,52,56,52,0,12,9,0,0,547
unresolved:2013:20131108:H:50:李社軒,李社軒,李社軒,unresolved,,,56,56,56,56,0,1,0,0,0,0
unresolved:2013:default:H:50:李社軒,李社軒,李社軒,unresolved,,,56,56,56,56,0,1,0,0,0,0
proeye:31733888,里崎　智也,里崎　智也,medium,,,40,40,40,40,0,5,0,0,0,0
unresolved:2026:1_10:T:55:立石,立 石,立 石,unresolved,2026-06-11,2026-06-11,75,75,75,75,0,1,1,0,0,0
unresolved:2026:1_11:T:55:立石,立 石,立 石,unresolved,2026-06-30,2026-06-30,75,75,75,75,0,1,1,0,0,0
unresolved:2026:default:T:54:立石,立 石,立 石,unresolved,2026-06-11,2026-06-11,75,75,75,75,0,1,1,0,0,0
proeye:81985118,立岡　宗一郎,立岡　宗一郎,medium,2016-04-28,2024-11-26,70,70,70,68,0,41,36,0,0,3134
proeye:71475150,立松　由宇,立松　由宇,low,2025-03-27,2026-06-30,57,57,57,57,0,10,10,0,0,460
unresolved:2024:1_08:L:34:龍山,龍 山,龍 山,unresolved,2025-03-27,2025-03-27,60,60,60,60,0,1,1,0,0,0
unresolved:2024:1_09:L:35:龍山,龍 山,龍 山,unresolved,2025-04-23,2025-04-23,60,60,60,60,0,1,1,0,0,0
unresolved:2024:1_10:L:36:龍山,龍 山,龍 山,unresolved,2025-06-02,2025-06-02,60,60,60,60,0,1,1,0,0,0
unresolved:2024:1_11:L:36:龍山,龍 山,龍 山,unresolved,2025-07-28,2025-07-28,60,60,60,60,0,1,1,0,0,0
unresolved:2024:1_12:L:37:龍山,龍 山,龍 山,unresolved,2025-09-25,2025-09-25,60,60,60,60,0,1,1,0,0,0
unresolved:2024:1_14:L:36:龍山,龍 山,龍 山,unresolved,2025-11-20,2025-11-20,60,60,60,60,0,1,1,0,0,0
unresolved:2024:1_15:L:36:龍山,龍 山,龍 山,unresolved,2025-12-24,2025-12-24,60,60,60,60,0,1,1,0,0,0
unresolved:2026:1_10:L:36:龍山,龍 山,龍 山,unresolved,2026-06-11,2026-06-11,60,60,60,60,0,1,1,0,0,0
unresolved:2026:1_11:L:36:龍山,龍 山,龍 山,unresolved,2026-06-30,2026-06-30,60,60,60,60,0,1,1,0,0,0
unresolved:2026:default:L:34:龍山,龍 山,龍 山,unresolved,2026-06-11,2026-06-11,60,60,60,60,0,1,1,0,0,0
unresolved:2018:1_10:C:52:林,林,林,unresolved,2019-04-23,2019-04-23,42,42,42,42,0,1,1,0,0,0
unresolved:2018:1_11:C:52:林,林,林,unresolved,2019-06-13,2019-06-13,42,42,42,42,0,1,1,0,0,0
unresolved:2018:1_12:C:52:林,林,林,unresolved,2019-08-02,2019-08-02,42,42,42,42,0,1,1,0,0,0
unresolved:2018:1_14:C:54:林,林,林,unresolved,2019-09-19,2019-09-19,42,42,42,42,0,1,1,0,0,0
unresolved:2018:1_15:C:54:林,林,林,unresolved,2019-10-25,2019-10-25,42,42,42,42,0,1,1,0,0,0
unresolved:2020:1_05:C:49:林,林,林,unresolved,2020-10-08,2020-10-08,42,42,42,42,0,1,1,0,0,0
unresolved:2020:1_06:C:49:林,林,林,unresolved,2020-11-26,2020-11-26,42,42,42,42,0,1,1,0,0,0
unresolved:2020:1_07:C:49:林,林,林,unresolved,2020-12-17,2020-12-17,42,42,42,42,0,1,1,0,0,0
unresolved:2020:1_09:C:50:林,林,林,unresolved,2021-04-08,2021-04-08,42,42,42,42,0,1,1,0,0,0
unresolved:2020:1_12:C:51:林,林,林,unresolved,2021-05-20,2021-05-20,42,42,42,42,0,1,1,0,0,0
unresolved:2020:1_13:C:51:林,林,林,unresolved,2021-07-28,2021-07-28,42,42,42,42,0,1,1,0,0,0
unresolved:2020:1_15:C:46:林,林,林,unresolved,2021-10-28,2021-10-28,42,42,42,42,0,1,1,0,0,0
unresolved:2020:1_16:C:47:林,林,林,unresolved,2021-12-23,2021-12-23,42,42,42,42,0,1,1,0,0,0
unresolved:2020:default:C:50:林,林,林,unresolved,2020-07-09,2020-07-09,42,42,42,42,0,1,1,0,0,0
unresolved:2022:1_02:C:48:林,林,林,unresolved,2022-05-19,2022-05-19,42,42,42,42,0,1,1,0,0,0
unresolved:2022:1_04:C:48:林,林,林,unresolved,2022-07-21,2022-07-21,42,42,42,42,0,1,1,0,0,0
unresolved:2022:1_07:C:48:林,林,林,unresolved,2022-09-29,2022-09-29,42,42,42,42,0,1,1,0,0,0
unresolved:2022:1_08:C:48:林,林,林,unresolved,2022-11-24,2022-11-24,42,42,42,42,0,1,1,0,0,0
unresolved:2022:1_09:C:47:林,林,林,unresolved,2023-03-30,2023-03-30,42,42,42,42,0,1,1,0,0,0
unresolved:2022:1_10:C:49:林,林,林,unresolved,2023-05-25,2023-05-25,42,42,42,42,0,1,1,0,0,0
unresolved:2022:1_11:C:49:林,林,林,unresolved,2023-07-20,2023-07-20,42,42,42,42,0,1,1,0,0,0
unresolved:2022:1_12:C:48:林,林,林,unresolved,2023-09-28,2023-09-28,42,42,42,42,0,1,1,0,0,0
unresolved:2022:1_13:C:48:林,林,林,unresolved,2023-11-30,2023-11-30,42,42,42,42,0,1,1,0,0,0
unresolved:2022:default:C:45:林,林,林,unresolved,2022-04-21,2022-04-21,42,42,42,42,0,1,1,0,0,0
unresolved:2024:1_01:C:55:林,林,林,unresolved,2024-07-18,2024-07-18,42,42,42,42,0,1,1,0,0,0
unresolved:2024:1_04:C:58:林,林,林,unresolved,2024-09-26,2024-09-26,42,42,42,42,0,1,1,0,0,0
unresolved:2024:1_05:C:58:林,林,林,unresolved,2024-10-21,2024-10-21,42,42,42,42,0,1,1,0,0,0
unresolved:2024:1_07:C:57:林,林,林,unresolved,2024-11-26,2024-11-26,42,42,42,42,0,1,1,0,0,0
unresolved:2024:1_08:C:54:林,林,林,unresolved,2025-03-27,2025-03-27,42,42,42,42,0,1,1,0,0,0
unresolved:2024:1_08:L:64:林,林,林,unresolved,2025-03-27,2025-03-27,66,66,66,66,0,1,1,0,0,0
unresolved:2024:1_09:C:54:林,林,林,unresolved,2025-04-23,2025-04-23,42,42,42,42,0,1,1,0,0,0
unresolved:2024:1_09:L:66:林,林,林,unresolved,2025-04-23,2025-04-23,66,66,66,66,0,1,1,0,0,0
unresolved:2024:1_10:C:55:林,林,林,unresolved,2025-06-02,2025-06-02,42,42,42,42,0,1,1,0,0,0
unresolved:2024:1_10:L:67:林,林,林,unresolved,2025-06-02,2025-06-02,66,66,66,66,0,1,1,0,0,0
unresolved:2024:1_11:C:51:林,林,林,unresolved,2025-07-28,2025-07-28,42,42,42,42,0,1,1,0,0,0
unresolved:2024:1_11:L:66:林,林,林,unresolved,2025-07-28,2025-07-28,66,66,66,66,0,1,1,0,0,0
unresolved:2024:1_12:C:52:林,林,林,unresolved,2025-09-25,2025-09-25,42,42,42,42,0,1,1,0,0,0
unresolved:2024:1_12:L:66:林,林,林,unresolved,2025-09-25,2025-09-25,66,66,66,66,0,1,1,0,0,0
unresolved:2024:1_14:C:51:林,林,林,unresolved,2025-11-20,2025-11-20,42,42,42,42,0,1,1,0,0,0
unresolved:2024:1_14:L:67:林,林,林,unresolved,2025-11-20,2025-11-20,66,66,66,66,0,1,1,0,0,0
unresolved:2024:1_15:C:51:林,林,林,unresolved,2025-12-24,2025-12-24,42,42,42,42,0,1,1,0,0,0
unresolved:2024:1_15:L:67:林,林,林,unresolved,2025-12-24,2025-12-24,66,66,66,66,0,1,1,0,0,0
unresolved:2024:default:C:46:林,林,林,unresolved,2024-07-18,2024-07-18,42,42,42,42,0,1,1,0,0,0
unresolved:2026:1_10:C:51:林,林,林,unresolved,2026-06-11,2026-06-11,42,42,42,42,0,1,1,0,0,0
unresolved:2026:1_11:C:51:林,林,林,unresolved,2026-06-30,2026-06-30,42,42,42,42,0,1,1,0,0,0
unresolved:2026:default:C:49:林,林,林,unresolved,2026-06-11,2026-06-11,42,42,42,42,0,1,1,0,0,0
proeye:81685117,林　威助,林　威助,high,,,55,55,55,55,0,2,0,0,0,0
unresolved:2026:1_10:L:60:林安可,林安可,林安可,unresolved,2026-06-11,2026-06-11,62,62,62,62,0,1,1,0,0,0
unresolved:2026:1_11:L:60:林安可,林安可,林安可,unresolved,2026-06-30,2026-06-30,62,62,62,62,0,1,1,0,0,0
unresolved:2026:default:L:60:林安可,林安可,林安可,unresolved,2026-06-11,2026-06-11,62,62,62,62,0,1,1,0,0,0
unresolved:2026:1_10:L:64:林冠臣,林冠臣,林冠臣,unresolved,2026-06-11,2026-06-11,66,66,66,66,0,1,1,0,0,0
unresolved:2026:1_11:L:64:林冠臣,林冠臣,林冠臣,unresolved,2026-06-30,2026-06-30,66,66,66,66,0,1,1,0,0,0
unresolved:2026:default:L:63:林冠臣,林冠臣,林冠臣,unresolved,2026-06-11,2026-06-11,66,66,66,66,0,1,1,0,0,0
proeye:91695157,林琢真,林琢真,medium,2023-03-30,2026-06-30,87,82,87,82,-5,20,20,1,0,910
proeye:61265133,林﨑　遼,林﨑　遼,medium,,,57,57,57,57,0,5,0,0,0,0
proeye:71475139,嶺井　博希,嶺井　博希,low,2016-04-28,2026-06-30,54,51,54,51,-3,56,53,1,0,3211
proeye:01005159,鈴木　叶,鈴木　叶,medium,2024-07-18,2026-06-30,54,54,54,54,0,15,15,0,0,712
proeye:71975112,鈴木　将光,鈴木　将光,low,,,73,73,73,73,0,5,0,0,0,0
proeye:31035134,鈴木　将平,鈴木　将平,low,2017-04-27,2024-11-26,79,71,81,71,-8,38,38,2,1,1820
proeye:61763884,鈴木　尚広,鈴木　尚広,medium,2016-04-28,2016-12-15,84,82,90,82,-2,10,5,1,0,133
proeye:81785137,鈴木　誠也,鈴木　誠也,medium,2016-04-28,2021-12-23,70,68,70,68,-2,33,28,1,0,1493
proeye:81985135,鈴木　大地,鈴木　大地,low,2016-04-28,2026-06-30,57,49,65,49,-8,58,53,2,1,2573
proeye:91095155,鈴木　大和,鈴木　大和,medium,2025-09-25,2025-12-24,86,86,86,86,0,3,3,0,0,90
unresolved:2016:1_01:OBU:43:鈴木昴,鈴木昴,鈴木昴,unresolved,2016-04-28,2016-04-28,60,60,60,60,0,1,1,0,0,0
unresolved:2016:1_03:OBU:49:鈴木昴,鈴木昴,鈴木昴,unresolved,2016-06-30,2016-06-30,60,60,60,60,0,1,1,0,0,0
unresolved:2016:1_05:OBU:46:鈴木昴,鈴木昴,鈴木昴,unresolved,2016-09-08,2016-09-08,60,60,60,60,0,1,1,0,0,0
unresolved:2016:1_06:OBU:48:鈴木昴,鈴木昴,鈴木昴,unresolved,2016-12-15,2016-12-15,60,60,60,60,0,1,1,0,0,0
unresolved:2016:1_07:OBU:48:鈴木昴,鈴木昴,鈴木昴,unresolved,2017-04-27,2017-04-27,60,60,60,60,0,1,1,0,0,0
unresolved:2016:1_09:OBU:48:鈴木昴,鈴木昴,鈴木昴,unresolved,2017-07-13,2017-07-13,60,60,60,60,0,1,1,0,0,0
unresolved:2016:1_10:OBU:47:鈴木昴,鈴木昴,鈴木昴,unresolved,2017-09-14,2017-09-14,60,60,60,60,0,1,1,0,0,0
unresolved:2016:1_11:OBU:47:鈴木昴,鈴木昴,鈴木昴,unresolved,2017-11-21,2017-11-21,60,60,60,60,0,1,1,0,0,0
unresolved:2016:default:OBU:48:鈴木昴,鈴木昴,鈴木昴,unresolved,2016-04-28,2016-04-28,60,60,60,60,0,1,1,0,0,0
unresolved:2018:1_01:OBU:44:鈴木昴,鈴木昴,鈴木昴,unresolved,2018-04-26,2018-04-26,60,60,60,60,0,1,1,0,0,0
unresolved:2018:1_05:OBU:47:鈴木昴,鈴木昴,鈴木昴,unresolved,2018-07-12,2018-07-12,60,60,60,60,0,1,1,0,0,0
unresolved:2018:1_07:OBU:49:鈴木昴,鈴木昴,鈴木昴,unresolved,2018-09-13,2018-09-13,60,60,60,60,0,1,1,0,0,0
unresolved:2018:1_09:OBU:49:鈴木昴,鈴木昴,鈴木昴,unresolved,2018-11-01,2018-11-01,60,60,60,60,0,1,1,0,0,0
unresolved:2018:1_10:OBU:42:鈴木昴,鈴木昴,鈴木昴,unresolved,2019-04-23,2019-04-23,60,60,60,60,0,1,1,0,0,0
unresolved:2018:1_11:OBU:44:鈴木昴,鈴木昴,鈴木昴,unresolved,2019-06-13,2019-06-13,60,60,60,60,0,1,1,0,0,0
unresolved:2018:1_12:OBU:45:鈴木昴,鈴木昴,鈴木昴,unresolved,2019-08-02,2019-08-02,60,60,60,60,0,1,1,0,0,0
unresolved:2018:1_14:OBU:46:鈴木昴,鈴木昴,鈴木昴,unresolved,2019-09-19,2019-09-19,60,60,60,60,0,1,1,0,0,0
unresolved:2018:1_15:OBU:45:鈴木昴,鈴木昴,鈴木昴,unresolved,2019-10-25,2019-10-25,60,60,60,60,0,1,1,0,0,0
unresolved:2018:default:OBU:44:鈴木昴,鈴木昴,鈴木昴,unresolved,2018-04-26,2018-04-26,60,60,60,60,0,1,1,0,0,0
proeye:31433884,和田　一浩,和田　一浩,medium,,,45,44,45,44,-1,5,0,0,0,0
proeye:33335136,和田　康士朗,和田　康士朗,low,2020-10-08,2026-06-30,87,92,92,87,5,33,33,1,0,2042
proeye:61665139,和田　恋,和田　恋,low,2016-04-28,2023-11-30,47,47,47,47,0,41,38,0,0,2772
unresolved:2016:1_01:M:64:脇本,脇 本,脇 本,unresolved,2016-04-28,2016-04-28,70,70,70,70,0,1,1,0,0,0
unresolved:2016:1_03:M:64:脇本,脇 本,脇 本,unresolved,2016-06-30,2016-06-30,70,70,70,70,0,1,1,0,0,0
unresolved:2016:1_05:M:66:脇本,脇 本,脇 本,unresolved,2016-09-08,2016-09-08,70,70,70,70,0,1,1,0,0,0
unresolved:2016:1_06:M:66:脇本,脇 本,脇 本,unresolved,2016-12-15,2016-12-15,70,70,70,70,0,1,1,0,0,0
unresolved:2016:1_07:M:67:脇本,脇 本,脇 本,unresolved,2017-04-27,2017-04-27,70,70,70,70,0,1,1,0,0,0
unresolved:2016:1_09:M:68:脇本,脇 本,脇 本,unresolved,2017-07-13,2017-07-13,70,70,70,70,0,1,1,0,0,0
unresolved:2016:1_10:M:69:脇本,脇 本,脇 本,unresolved,2017-09-14,2017-09-14,70,70,70,70,0,1,1,0,0,0
unresolved:2016:1_11:M:69:脇本,脇 本,脇 本,unresolved,2017-11-21,2017-11-21,70,70,70,70,0,1,1,0,0,0
unresolved:2016:default:M:64:脇本,脇 本,脇 本,unresolved,2016-04-28,2016-04-28,70,70,70,70,0,1,1,0,0,0
proeye:13115112,脇谷　亮太,脇谷　亮太,low,2016-04-28,2018-11-01,71,67,71,67,-4,19,14,1,0,686
proeye:31135114,會澤　翼,會澤　翼,low,2016-04-28,2026-06-30,44,43,44,43,-1,58,53,1,0,3003
proeye:51753888,實松　一成,實松　一成,medium,2016-04-28,2019-10-25,39,39,39,39,0,24,19,0,0,1275
proeye:21625132,廣岡　大志,廣岡　大志,low,2016-04-28,2026-06-30,54,75,75,54,21,53,53,2,2,2639
proeye:71275113,廣瀬　純,廣瀬　純,medium,2016-04-28,2016-12-15,59,59,59,59,0,10,5,0,0,231
proeye:51655136,廣澤　伸哉,廣澤　伸哉,low,2018-04-26,2021-12-23,77,77,77,77,0,19,19,0,0,1337
proeye:61665159,廣瀨　隆太,廣瀨　隆太,low,2024-07-18,2026-06-30,61,61,61,61,0,15,15,0,0,712
proeye:81485112,枡田　慎太郎,枡田　慎太郎,medium,2016-04-28,2018-11-01,57,60,60,57,3,19,14,1,0,784
unresolved:2013:20131108:C:38:梵,梵,梵,unresolved,,,59,59,59,59,0,1,0,0,0,0
unresolved:2013:default:C:38:梵,梵,梵,unresolved,,,59,59,59,59,0,1,0,0,0,0
unresolved:2014:1_01:C:40:梵,梵,梵,unresolved,,,59,59,59,59,0,1,0,0,0,0
unresolved:2014:1_02:C:40:梵,梵,梵,unresolved,,,59,59,59,59,0,1,0,0,0,0
unresolved:2014:default:C:40:梵,梵,梵,unresolved,,,59,59,59,59,0,1,0,0,0,0
unresolved:2016:1_01:C:47:梵,梵,梵,unresolved,2016-04-28,2016-04-28,59,59,59,59,0,1,1,0,0,0
unresolved:2016:1_03:C:48:梵,梵,梵,unresolved,2016-06-30,2016-06-30,59,59,59,59,0,1,1,0,0,0
unresolved:2016:1_05:C:49:梵,梵,梵,unresolved,2016-09-08,2016-09-08,59,59,59,59,0,1,1,0,0,0
unresolved:2016:1_06:C:50:梵,梵,梵,unresolved,2016-12-15,2016-12-15,59,59,59,59,0,1,1,0,0,0
unresolved:2016:1_07:C:51:梵,梵,梵,unresolved,2017-04-27,2017-04-27,59,59,59,59,0,1,1,0,0,0
unresolved:2016:1_09:C:51:梵,梵,梵,unresolved,2017-07-13,2017-07-13,59,59,59,59,0,1,1,0,0,0
unresolved:2016:1_10:C:51:梵,梵,梵,unresolved,2017-09-14,2017-09-14,59,59,59,59,0,1,1,0,0,0
unresolved:2016:1_11:C:51:梵,梵,梵,unresolved,2017-11-21,2017-11-21,54,54,54,54,0,1,1,0,0,0
unresolved:2016:default:C:43:梵,梵,梵,unresolved,2016-04-28,2016-04-28,59,59,59,59,0,1,1,0,0,0
proeye:51055153,榮枝　裕貴,榮枝　裕貴,low,2021-04-08,2026-06-30,63,63,63,63,0,30,30,0,0,1909
unresolved:2026:1_10:M:49:櫻井,櫻 井,櫻 井,unresolved,2026-06-11,2026-06-11,59,59,59,59,0,1,1,0,0,0
unresolved:2026:1_11:M:49:櫻井,櫻 井,櫻 井,unresolved,2026-06-30,2026-06-30,59,59,59,59,0,1,1,0,0,0
unresolved:2026:default:M:49:櫻井,櫻 井,櫻 井,unresolved,2026-06-11,2026-06-11,59,59,59,59,0,1,1,0,0,0
proeye:31135130,淺間　大基,淺間　大基,low,2016-04-28,2026-06-30,66,70,70,66,4,53,53,1,0,2275
proeye:51955157,澤井　廉,澤井　廉,low,2023-03-30,2026-06-30,48,48,48,48,0,20,20,0,0,1188
unresolved:2022:1_09:D:52:浜,濱,濱,unresolved,2023-03-30,2023-03-30,77,77,77,77,0,1,1,0,0,0
unresolved:2022:1_10:D:53:浜,濱,濱,unresolved,2023-05-25,2023-05-25,77,77,77,77,0,1,1,0,0,0
unresolved:2022:1_11:D:53:浜,濱,濱,unresolved,2023-07-20,2023-07-20,77,77,77,77,0,1,1,0,0,0
unresolved:2022:1_12:D:54:浜,濱,濱,unresolved,2023-09-28,2023-09-28,77,77,77,77,0,1,1,0,0,0
unresolved:2022:1_13:D:55:浜,濱,濱,unresolved,2023-11-30,2023-11-30,77,77,77,77,0,1,1,0,0,0
unresolved:2024:1_01:D:57:浜,濱,濱,unresolved,2024-07-18,2024-07-18,77,77,77,77,0,1,1,0,0,0
unresolved:2024:1_04:D:60:浜,濱,濱,unresolved,2024-09-26,2024-09-26,77,77,77,77,0,1,1,0,0,0
unresolved:2024:1_05:D:60:浜,濱,濱,unresolved,2024-10-21,2024-10-21,77,77,77,77,0,1,1,0,0,0
unresolved:2024:1_07:D:60:浜,濱,濱,unresolved,2024-11-26,2024-11-26,77,77,77,77,0,1,1,0,0,0
unresolved:2024:1_08:D:55:浜,濱,濱,unresolved,2025-03-27,2025-03-27,77,77,77,77,0,1,1,0,0,0
unresolved:2024:1_09:D:57:浜,濱,濱,unresolved,2025-04-23,2025-04-23,77,77,77,77,0,1,1,0,0,0
unresolved:2024:1_10:D:60:浜,濱,濱,unresolved,2025-06-02,2025-06-02,77,77,77,77,0,1,1,0,0,0
unresolved:2024:1_11:D:59:浜,濱,濱,unresolved,2025-07-28,2025-07-28,77,77,77,77,0,1,1,0,0,0
unresolved:2024:1_12:D:62:浜,濱,濱,unresolved,2025-09-25,2025-09-25,77,77,77,77,0,1,1,0,0,0
unresolved:2024:1_14:D:62:浜,濱,濱,unresolved,2025-11-20,2025-11-20,77,77,77,77,0,1,1,0,0,0
unresolved:2024:1_15:D:62:浜,濱,濱,unresolved,2025-12-24,2025-12-24,77,77,77,77,0,1,1,0,0,0
unresolved:2024:default:D:57:浜,濱,濱,unresolved,2024-07-18,2024-07-18,77,77,77,77,0,1,1,0,0,0
unresolved:2026:1_10:BA:62:浜,濱,濱,unresolved,2026-06-11,2026-06-11,77,77,77,77,0,1,1,0,0,0
unresolved:2026:1_11:BA:62:浜,濱,濱,unresolved,2026-06-30,2026-06-30,77,77,77,77,0,1,1,0,0,0
unresolved:2026:default:BA:61:浜,濱,濱,unresolved,2026-06-11,2026-06-11,77,77,77,77,0,1,1,0,0,0
unresolved:2026:1_10:T:58:浜田,濱 田,濱 田,unresolved,2026-06-11,2026-06-11,58,58,58,58,0,1,1,0,0,0
unresolved:2026:1_11:T:58:浜田,濱 田,濱 田,unresolved,2026-06-30,2026-06-30,58,58,58,58,0,1,1,0,0,0
unresolved:2026:default:T:59:浜田,濱 田,濱 田,unresolved,2026-06-11,2026-06-11,58,58,58,58,0,1,1,0,0,0
proeye:91495138,濱田　太貴,濱田　太貴,low,2019-04-23,2025-12-24,54,58,58,54,4,36,36,1,0,2252
proeye:71775110,齋藤　俊雄,齋藤　俊雄,low,2016-04-28,2016-12-15,50,48,50,48,-2,10,5,1,0,133
proeye:21925150,齋藤　大翔,齋藤　大翔,low,2025-03-27,2026-06-30,73,73,73,73,0,10,10,0,0,460
proeye:61765136,齊藤　誠人,齊藤　誠人,low,2019-09-19,2023-11-30,51,51,51,51,0,21,21,0,0,1533
proeye:21725130,桒原　樹,桒原　樹,low,2016-04-28,2021-12-23,64,64,64,64,0,28,28,0,0,2065
proeye:81085133,靍岡　賢二郎,靍岡　賢二郎,low,,,47,47,47,47,0,5,0,0,0,0
unresolved:2026:1_10:H:54:高橋,髙 橋,髙 橋,unresolved,2026-06-11,2026-06-11,41,41,41,41,0,1,1,0,0,0
unresolved:2026:1_11:H:54:高橋,髙 橋,髙 橋,unresolved,2026-06-30,2026-06-30,41,41,41,41,0,1,1,0,0,0
unresolved:2026:default:H:54:高橋,髙 橋,髙 橋,unresolved,2026-06-11,2026-06-11,41,41,41,41,0,1,1,0,0,0
unresolved:2020:1_09:T:67:高山,髙 山,髙 山,unresolved,2021-04-08,2021-04-08,74,74,74,74,0,1,1,0,0,0
unresolved:2020:1_12:T:67:高山,髙 山,髙 山,unresolved,2021-05-20,2021-05-20,74,74,74,74,0,1,1,0,0,0
unresolved:2020:1_13:T:67:高山,髙 山,髙 山,unresolved,2021-07-28,2021-07-28,74,74,74,74,0,1,1,0,0,0
unresolved:2020:1_15:T:67:高山,髙 山,髙 山,unresolved,2021-10-28,2021-10-28,74,74,74,74,0,1,1,0,0,0
unresolved:2020:1_16:T:67:高山,髙 山,髙 山,unresolved,2021-12-23,2021-12-23,74,74,74,74,0,1,1,0,0,0
unresolved:2022:1_09:T:64:高山,髙 山,髙 山,unresolved,2023-03-30,2023-03-30,74,74,74,74,0,1,1,0,0,0
unresolved:2022:1_10:T:66:高山,髙 山,髙 山,unresolved,2023-05-25,2023-05-25,74,74,74,74,0,1,1,0,0,0
unresolved:2022:1_11:T:67:高山,髙 山,髙 山,unresolved,2023-07-20,2023-07-20,74,74,74,74,0,1,1,0,0,0
unresolved:2022:1_12:T:68:高山,髙 山,髙 山,unresolved,2023-09-28,2023-09-28,74,74,74,74,0,1,1,0,0,0
unresolved:2022:1_13:T:68:高山,髙 山,髙 山,unresolved,2023-11-30,2023-11-30,74,74,74,74,0,1,1,0,0,0
unresolved:2022:1_02:C:38:高木,髙 木,髙 木,unresolved,2022-05-19,2022-05-19,33,33,33,33,0,1,1,0,0,0
unresolved:2022:1_04:C:38:高木,髙 木,髙 木,unresolved,2022-07-21,2022-07-21,33,33,33,33,0,1,1,0,0,0
unresolved:2022:1_07:C:38:高木,髙 木,髙 木,unresolved,2022-09-29,2022-09-29,33,33,33,33,0,1,1,0,0,0
unresolved:2022:1_08:C:38:高木,髙 木,髙 木,unresolved,2022-11-24,2022-11-24,33,33,33,33,0,1,1,0,0,0
unresolved:2022:1_09:C:37:高木,髙 木,髙 木,unresolved,2023-03-30,2023-03-30,33,33,33,33,0,1,1,0,0,0
unresolved:2022:1_10:C:37:高木,髙 木,髙 木,unresolved,2023-05-25,2023-05-25,33,33,33,33,0,1,1,0,0,0
unresolved:2022:1_11:C:37:高木,髙 木,髙 木,unresolved,2023-07-20,2023-07-20,33,33,33,33,0,1,1,0,0,0
unresolved:2022:1_12:C:37:高木,髙 木,髙 木,unresolved,2023-09-28,2023-09-28,33,33,33,33,0,1,1,0,0,0
unresolved:2022:1_13:C:37:高木,髙 木,髙 木,unresolved,2023-11-30,2023-11-30,33,33,33,33,0,1,1,0,0,0
unresolved:2022:default:C:38:高木,髙 木,髙 木,unresolved,2022-04-21,2022-04-21,33,33,33,33,0,1,1,0,0,0
unresolved:2024:1_01:C:38:高木,髙 木,髙 木,unresolved,2024-07-18,2024-07-18,33,33,33,33,0,1,1,0,0,0
unresolved:2024:1_04:C:39:高木,髙 木,髙 木,unresolved,2024-09-26,2024-09-26,33,33,33,33,0,1,1,0,0,0
unresolved:2024:1_05:C:39:高木,髙 木,髙 木,unresolved,2024-10-21,2024-10-21,33,33,33,33,0,1,1,0,0,0
unresolved:2024:1_07:C:39:高木,髙 木,髙 木,unresolved,2024-11-26,2024-11-26,33,33,33,33,0,1,1,0,0,0
unresolved:2024:1_08:C:35:高木,髙 木,髙 木,unresolved,2025-03-27,2025-03-27,33,33,33,33,0,1,1,0,0,0
unresolved:2024:1_09:C:35:高木,髙 木,髙 木,unresolved,2025-04-23,2025-04-23,33,33,33,33,0,1,1,0,0,0
unresolved:2024:1_10:C:35:高木,髙 木,髙 木,unresolved,2025-06-02,2025-06-02,33,33,33,33,0,1,1,0,0,0
unresolved:2024:1_11:C:35:高木,髙 木,髙 木,unresolved,2025-07-28,2025-07-28,33,33,33,33,0,1,1,0,0,0
unresolved:2024:1_12:C:36:高木,髙 木,髙 木,unresolved,2025-09-25,2025-09-25,33,33,33,33,0,1,1,0,0,0
unresolved:2024:1_14:C:36:高木,髙 木,髙 木,unresolved,2025-11-20,2025-11-20,33,33,33,33,0,1,1,0,0,0
unresolved:2024:1_15:C:36:高木,髙 木,髙 木,unresolved,2025-12-24,2025-12-24,33,33,33,33,0,1,1,0,0,0
unresolved:2024:default:C:38:高木,髙 木,髙 木,unresolved,2024-07-18,2024-07-18,33,33,33,33,0,1,1,0,0,0
unresolved:2022:1_09:T:49:高浜,髙 濱,髙 濱,unresolved,2023-03-30,2023-03-30,59,59,59,59,0,1,1,0,0,0
unresolved:2022:1_10:T:60:高浜,髙 濱,髙 濱,unresolved,2023-05-25,2023-05-25,59,59,59,59,0,1,1,0,0,0
unresolved:2022:1_11:T:60:高浜,髙 濱,髙 濱,unresolved,2023-07-20,2023-07-20,59,59,59,59,0,1,1,0,0,0
unresolved:2022:1_12:T:60:高浜,髙 濱,髙 濱,unresolved,2023-09-28,2023-09-28,59,59,59,59,0,1,1,0,0,0
unresolved:2022:1_13:T:60:高浜,髙 濱,髙 濱,unresolved,2023-11-30,2023-11-30,59,59,59,59,0,1,1,0,0,0
unresolved:2024:1_01:T:57:高浜,髙 濱,髙 濱,unresolved,2024-07-18,2024-07-18,59,59,59,59,0,1,1,0,0,0
unresolved:2024:1_04:T:60:高浜,髙 濱,髙 濱,unresolved,2024-09-26,2024-09-26,59,59,59,59,0,1,1,0,0,0
unresolved:2024:1_05:T:60:高浜,髙 濱,髙 濱,unresolved,2024-10-21,2024-10-21,59,59,59,59,0,1,1,0,0,0
unresolved:2024:1_07:T:59:高浜,髙 濱,髙 濱,unresolved,2024-11-26,2024-11-26,59,59,59,59,0,1,1,0,0,0
unresolved:2024:default:T:57:高浜,髙 濱,髙 濱,unresolved,2024-07-18,2024-07-18,59,59,59,59,0,1,1,0,0,0
proeye:31933884,髙橋　信二,髙橋　信二,medium,,,44,44,44,44,0,5,0,0,0,0
proeye:51955137,髙橋　大樹,髙橋　大樹,low,2016-04-28,2021-12-23,56,56,56,56,0,33,28,0,0,2065
proeye:01005132,髙山　俊,髙山　俊,medium,2016-04-28,2022-11-24,81,74,81,74,-7,28,28,1,1,2338
proeye:41245153,髙寺　望夢,髙寺　望夢,low,2021-04-08,2026-06-30,78,78,78,78,0,30,30,0,0,1909
proeye:21025136,髙松　渡,髙松　渡,low,2018-04-26,2026-06-30,76,90,90,76,14,44,44,2,2,1484
proeye:51055135,髙城　俊人,髙城　俊人,low,2016-04-28,2022-11-24,51,54,54,51,3,38,33,1,0,1897
proeye:41045114,髙谷　裕亮,髙谷　裕亮,medium,2016-04-28,2021-12-23,64,57,64,50,-7,33,28,3,0,975
proeye:11915137,髙田　知季,髙田　知季,low,2016-04-28,2022-11-24,64,64,64,64,0,38,33,0,0,2401
proeye:11215151,髙部　瑛斗,髙部　瑛斗,low,2020-07-09,2026-06-30,80,90,90,80,10,34,34,2,1,1314
unresolved:2026:1_10:C:37:高木翔,髙木翔,髙木翔,unresolved,2026-06-11,2026-06-11,33,33,33,33,0,1,1,0,0,0
unresolved:2026:1_11:C:37:高木翔,髙木翔,髙木翔,unresolved,2026-06-30,2026-06-30,33,33,33,33,0,1,1,0,0,0
unresolved:2026:default:C:37:高木翔,髙木翔,髙木翔,unresolved,2026-06-11,2026-06-11,33,33,33,33,0,1,1,0,0,0
proeye:21925116,髙濱　卓也,髙濱　卓也,medium,2016-04-28,2021-12-23,62,57,62,57,-5,27,22,1,0,1701
proeye:01005130,髙濱　祐仁,髙濱　祐仁,low,2016-04-28,2022-11-24,54,59,59,54,5,32,32,1,0,2275
