canonical_player_id,player,team,age,age_at_rating,date,previous_speed,new_speed,change,abs_speed_change,days_since_previous,days_since_previous_rating,game_title,work,version,rating_reference_season,source_url,official_update_url
proeye:43345132,ギャレット,読売ジャイアンツ,,,2016-04-28,35,41,6,6,0,0,実況パワフルプロ野球2016,2016,1.01,2016,https://www.baseless.org/data/source/2016/dat_G_1_01.html,https://www.konami.com/pawa/2016/update/index.html
proeye:51153884,井口　資仁,千葉ロッテマリーンズ,,,2016-04-28,46,44,-2,2,0,0,実況パワフルプロ野球2016,2016,1.01,2016,https://www.baseless.org/data/source/2016/dat_M_1_01.html,https://www.konami.com/pawa/2016/update/index.html
proeye:21923889,福浦　和也,千葉ロッテマリーンズ,,,2016-04-28,35,30,-5,5,0,0,実況パワフルプロ野球2016,2016,1.01,2016,https://www.baseless.org/data/source/2016/dat_M_1_01.html,https://www.konami.com/pawa/2016/update/index.html
proeye:51455130,中村　奨吾,千葉ロッテマリーンズ,,,2016-04-28,67,69,2,2,0,0,実況パワフルプロ野球2016,2016,1.01,2016,https://www.baseless.org/data/source/2016/dat_M_1_01.html,https://www.konami.com/pawa/2016/update/index.html
proeye:81385118,岡田　幸文,千葉ロッテマリーンズ,,,2016-04-28,88,87,-1,1,0,0,実況パワフルプロ野球2016,2016,1.01,2016,https://www.baseless.org/data/source/2016/dat_M_1_01.html,https://www.konami.com/pawa/2016/update/index.html
proeye:03505139,Ａ．デスパイネ,千葉ロッテマリーンズ,,,2016-04-28,51,55,4,4,0,0,実況パワフルプロ野球2016,2016,1.01,2016,https://www.baseless.org/data/source/2016/dat_M_1_01.html,https://www.konami.com/pawa/2016/update/index.html
proeye:71475113,山崎　勝己,オリックス・バファローズ,,,2016-04-28,41,37,-4,4,0,0,実況パワフルプロ野球2016,2016,1.01,2016,https://www.baseless.org/data/source/2016/dat_OBU_1_01.html,https://www.konami.com/pawa/2016/update/index.html
proeye:23125118,Ｔ．ブランコ,オリックス・バファローズ,,,2016-04-28,42,39,-3,3,0,0,実況パワフルプロ野球2016,2016,1.01,2016,https://www.baseless.org/data/source/2016/dat_OBU_1_01.html,https://www.konami.com/pawa/2016/update/index.html
proeye:91995135,縞田　拓弥,オリックス・バファローズ,,,2016-04-28,72,75,3,3,0,0,実況パワフルプロ野球2016,2016,1.01,2016,https://www.baseless.org/data/source/2016/dat_OBU_1_01.html,https://www.konami.com/pawa/2016/update/index.html
proeye:43745132,Ｂ．ボグセビック,オリックス・バファローズ,,,2016-04-28,73,85,12,12,0,0,実況パワフルプロ野球2016,2016,1.01,2016,https://www.baseless.org/data/source/2016/dat_OBU_1_01.html,https://www.konami.com/pawa/2016/update/index.html
proeye:91195119,糸井　嘉男,オリックス・バファローズ,,,2016-04-28,86,84,-2,2,0,0,実況パワフルプロ野球2016,2016,1.01,2016,https://www.baseless.org/data/source/2016/dat_OBU_1_01.html,https://www.konami.com/pawa/2016/update/index.html
proeye:13515135,Ｂ．エルドレッド,広島東洋カープ,,,2016-06-30,48,23,-25,25,63,63,実況パワフルプロ野球2016,2016,1.03,2016,https://www.baseless.org/data/source/2016/dat_C_1_03.html,https://www.konami.com/pawa/2016/update/index.html
proeye:61765137,杉山　翔大,中日ドラゴンズ,,,2016-06-30,54,63,9,9,63,63,実況パワフルプロ野球2016,2016,1.03,2016,https://www.baseless.org/data/source/2016/dat_D_1_03.html,https://www.konami.com/pawa/2016/update/index.html
proeye:71575135,亀澤　恭平,中日ドラゴンズ,,,2016-06-30,81,78,-3,3,63,63,実況パワフルプロ野球2016,2016,1.03,2016,https://www.baseless.org/data/source/2016/dat_D_1_03.html,https://www.konami.com/pawa/2016/update/index.html
proeye:13715132,Ｄ．ビシエド,中日ドラゴンズ,,,2016-06-30,42,52,10,10,63,63,実況パワフルプロ野球2016,2016,1.03,2016,https://www.baseless.org/data/source/2016/dat_D_1_03.html,https://www.konami.com/pawa/2016/update/index.html
proeye:23325130,Ｒ．ナニータ,中日ドラゴンズ,,,2016-06-30,57,48,-9,9,63,63,実況パワフルプロ野球2016,2016,1.03,2016,https://www.baseless.org/data/source/2016/dat_D_1_03.html,https://www.konami.com/pawa/2016/update/index.html
proeye:61265112,平田　良介,中日ドラゴンズ,,,2016-06-30,55,68,13,13,63,63,実況パワフルプロ野球2016,2016,1.03,2016,https://www.baseless.org/data/source/2016/dat_D_1_03.html,https://www.konami.com/pawa/2016/update/index.html
proeye:91795139,小林　誠司,読売ジャイアンツ,,,2016-06-30,56,48,-8,8,63,63,実況パワフルプロ野球2016,2016,1.03,2016,https://www.baseless.org/data/source/2016/dat_G_1_03.html,https://www.konami.com/pawa/2016/update/index.html
proeye:21125113,阿部　慎之助,読売ジャイアンツ,,,2016-06-30,24,15,-9,9,63,63,実況パワフルプロ野球2016,2016,1.03,2016,https://www.baseless.org/data/source/2016/dat_G_1_03.html,https://www.konami.com/pawa/2016/update/index.html
proeye:81585112,川島　慶三,福岡ソフトバンクホークス,,,2016-06-30,75,70,-5,5,63,63,実況パワフルプロ野球2016,2016,1.03,2016,https://www.baseless.org/data/source/2016/dat_H_1_03.html,https://www.konami.com/pawa/2016/update/index.html
proeye:23525132,Ｙ．ナバーロ,千葉ロッテマリーンズ,,,2016-06-30,61,63,2,2,63,63,実況パワフルプロ野球2016,2016,1.03,2016,https://www.baseless.org/data/source/2016/dat_M_1_03.html,https://www.konami.com/pawa/2016/update/index.html
proeye:21425112,細谷　圭,千葉ロッテマリーンズ,,,2016-06-30,42,57,15,15,63,63,実況パワフルプロ野球2016,2016,1.03,2016,https://www.baseless.org/data/source/2016/dat_M_1_03.html,https://www.konami.com/pawa/2016/update/index.html
proeye:71375110,大松　尚逸,千葉ロッテマリーンズ,,,2016-06-30,39,34,-5,5,63,63,実況パワフルプロ野球2016,2016,1.03,2016,https://www.baseless.org/data/source/2016/dat_M_1_03.html,https://www.konami.com/pawa/2016/update/index.html
proeye:71575131,荻野　貴司,千葉ロッテマリーンズ,,,2016-06-30,93,91,-2,2,63,63,実況パワフルプロ野球2016,2016,1.03,2016,https://www.baseless.org/data/source/2016/dat_M_1_03.html,https://www.konami.com/pawa/2016/update/index.html
proeye:01005113,中島　宏之,オリックス・バファローズ,,,2016-06-30,59,43,-16,16,63,63,実況パワフルプロ野球2016,2016,1.03,2016,https://www.baseless.org/data/source/2016/dat_OBU_1_03.html,https://www.konami.com/pawa/2016/update/index.html
proeye:23125118,Ｔ．ブランコ,オリックス・バファローズ,,,2016-06-30,39,28,-11,11,63,63,実況パワフルプロ野球2016,2016,1.03,2016,https://www.baseless.org/data/source/2016/dat_OBU_1_03.html,https://www.konami.com/pawa/2016/update/index.html
proeye:13315133,Ｗ．バレンティン,東京ヤクルトスワローズ,,,2016-06-30,56,51,-5,5,63,63,実況パワフルプロ野球2016,2016,1.03,2016,https://www.baseless.org/data/source/2016/dat_S_1_03.html,https://www.konami.com/pawa/2016/update/index.html
proeye:21925119,鳥谷　敬,阪神タイガース,,,2016-06-30,66,61,-5,5,63,63,実況パワフルプロ野球2016,2016,1.03,2016,https://www.baseless.org/data/source/2016/dat_T_1_03.html,https://www.konami.com/pawa/2016/update/index.html
proeye:31435117,西岡　剛,阪神タイガース,,,2016-06-30,70,69,-1,1,63,63,実況パワフルプロ野球2016,2016,1.03,2016,https://www.baseless.org/data/source/2016/dat_T_1_03.html,https://www.konami.com/pawa/2016/update/index.html
proeye:73775132,Ｍ．ヘイグ,阪神タイガース,,,2016-06-30,40,47,7,7,63,63,実況パワフルプロ野球2016,2016,1.03,2016,https://www.baseless.org/data/source/2016/dat_T_1_03.html,https://www.konami.com/pawa/2016/update/index.html
proeye:01005132,髙山　俊,阪神タイガース,,,2016-06-30,81,74,-7,7,63,63,実況パワフルプロ野球2016,2016,1.03,2016,https://www.baseless.org/data/source/2016/dat_T_1_03.html,https://www.konami.com/pawa/2016/update/index.html
proeye:31635139,横田　慎太郎,阪神タイガース,,,2016-06-30,69,81,12,12,63,63,実況パワフルプロ野球2016,2016,1.03,2016,https://www.baseless.org/data/source/2016/dat_T_1_03.html,https://www.konami.com/pawa/2016/update/index.html
proeye:61865132,茂木　栄五郎,東北楽天ゴールデンイーグルス,,,2016-09-08,60,69,9,9,70,70,実況パワフルプロ野球2016,2016,1.05,2016,https://www.baseless.org/data/source/2016/dat_E_1_05.html,https://www.konami.com/pawa/2016/update/index.html
proeye:71375112,赤見内　銀次,東北楽天ゴールデンイーグルス,,,2016-09-08,58,50,-8,8,70,70,実況パワフルプロ野球2016,2016,1.05,2016,https://www.baseless.org/data/source/2016/dat_E_1_05.html,https://www.konami.com/pawa/2016/update/index.html
proeye:03105130,Ｚ．ウィーラー,東北楽天ゴールデンイーグルス,,,2016-09-08,52,46,-6,6,70,70,実況パワフルプロ野球2016,2016,1.05,2016,https://www.baseless.org/data/source/2016/dat_E_1_05.html,https://www.konami.com/pawa/2016/update/index.html
proeye:81485112,枡田　慎太郎,東北楽天ゴールデンイーグルス,,,2016-09-08,57,60,3,3,70,70,実況パワフルプロ野球2016,2016,1.05,2016,https://www.baseless.org/data/source/2016/dat_E_1_05.html,https://www.konami.com/pawa/2016/update/index.html
proeye:81983889,松井　稼頭央,東北楽天ゴールデンイーグルス,,,2016-09-08,65,62,-3,3,70,70,実況パワフルプロ野球2016,2016,1.05,2016,https://www.baseless.org/data/source/2016/dat_E_1_05.html,https://www.konami.com/pawa/2016/update/index.html
proeye:61265116,聖澤　諒,東北楽天ゴールデンイーグルス,,,2016-09-08,80,72,-8,8,70,70,実況パワフルプロ野球2016,2016,1.05,2016,https://www.baseless.org/data/source/2016/dat_E_1_05.html,https://www.konami.com/pawa/2016/update/index.html
proeye:01305137,大谷　翔平,北海道日本ハムファイターズ,,,2016-09-08,65,75,10,10,70,70,実況パワフルプロ野球2016,2016,1.05,2016,https://www.baseless.org/data/source/2016/dat_F_1_05.html,https://www.konami.com/pawa/2016/update/index.html
proeye:11415135,永江　恭平,埼玉西武ライオンズ,,,2016-09-08,55,62,7,7,70,70,実況パワフルプロ野球2016,2016,1.05,2016,https://www.baseless.org/data/source/2016/dat_L_1_05.html,https://www.konami.com/pawa/2016/update/index.html
proeye:01505137,金子　侑司,埼玉西武ライオンズ,,,2016-09-08,81,85,4,4,70,70,実況パワフルプロ野球2016,2016,1.05,2016,https://www.baseless.org/data/source/2016/dat_L_1_05.html,https://www.konami.com/pawa/2016/update/index.html
proeye:01705117,木村　昇吾,埼玉西武ライオンズ,,,2016-09-08,67,58,-9,9,70,70,実況パワフルプロ野球2016,2016,1.05,2016,https://www.baseless.org/data/source/2016/dat_L_1_05.html,https://www.konami.com/pawa/2016/update/index.html
proeye:21425112,細谷　圭,千葉ロッテマリーンズ,,,2016-09-08,57,64,7,7,70,70,実況パワフルプロ野球2016,2016,1.05,2016,https://www.baseless.org/data/source/2016/dat_M_1_05.html,https://www.konami.com/pawa/2016/update/index.html
proeye:71575131,荻野　貴司,千葉ロッテマリーンズ,,,2016-09-08,91,88,-3,3,70,70,実況パワフルプロ野球2016,2016,1.05,2016,https://www.baseless.org/data/source/2016/dat_M_1_05.html,https://www.konami.com/pawa/2016/update/index.html
proeye:41545114,角中　勝也,千葉ロッテマリーンズ,,,2016-09-08,66,68,2,2,70,70,実況パワフルプロ野球2016,2016,1.05,2016,https://www.baseless.org/data/source/2016/dat_M_1_05.html,https://www.konami.com/pawa/2016/update/index.html
proeye:03505139,Ａ．デスパイネ,千葉ロッテマリーンズ,,,2016-09-08,55,52,-3,3,70,70,実況パワフルプロ野球2016,2016,1.05,2016,https://www.baseless.org/data/source/2016/dat_M_1_05.html,https://www.konami.com/pawa/2016/update/index.html
proeye:01005113,中島　宏之,オリックス・バファローズ,,,2016-09-08,43,40,-3,3,70,70,実況パワフルプロ野球2016,2016,1.05,2016,https://www.baseless.org/data/source/2016/dat_OBU_1_05.html,https://www.konami.com/pawa/2016/update/index.html
proeye:13315133,Ｗ．バレンティン,東京ヤクルトスワローズ,,,2016-09-08,51,46,-5,5,70,70,実況パワフルプロ野球2016,2016,1.05,2016,https://www.baseless.org/data/source/2016/dat_S_1_05.html,https://www.konami.com/pawa/2016/update/index.html
proeye:21925119,鳥谷　敬,阪神タイガース,,,2016-09-08,61,60,-1,1,70,70,実況パワフルプロ野球2016,2016,1.05,2016,https://www.baseless.org/data/source/2016/dat_T_1_05.html,https://www.konami.com/pawa/2016/update/index.html
proeye:31435117,西岡　剛,阪神タイガース,,,2016-09-08,69,63,-6,6,70,70,実況パワフルプロ野球2016,2016,1.05,2016,https://www.baseless.org/data/source/2016/dat_T_1_05.html,https://www.konami.com/pawa/2016/update/index.html
proeye:91795130,倉本　寿彦,横浜DeNAベイスターズ,,,2016-12-15,58,59,1,1,98,98,実況パワフルプロ野球2016,2016,1.06,2016,https://www.baseless.org/data/source/2016/dat_BA_1_06.html,https://www.konami.com/pawa/2016/update/index.html
proeye:41945131,筒香　嘉智,横浜DeNAベイスターズ,,,2016-12-15,52,58,6,6,98,98,実況パワフルプロ野球2016,2016,1.06,2016,https://www.baseless.org/data/source/2016/dat_BA_1_06.html,https://www.konami.com/pawa/2016/update/index.html
proeye:01205114,堂上　直倫,中日ドラゴンズ,,,2016-12-15,56,60,4,4,98,98,実況パワフルプロ野球2016,2016,1.06,2016,https://www.baseless.org/data/source/2016/dat_D_1_06.html,https://www.konami.com/pawa/2016/update/index.html
proeye:13115112,脇谷　亮太,読売ジャイアンツ,,,2016-12-15,71,67,-4,4,98,98,実況パワフルプロ野球2016,2016,1.06,2016,https://www.baseless.org/data/source/2016/dat_G_1_06.html,https://www.konami.com/pawa/2016/update/index.html
proeye:61763884,鈴木　尚広,読売ジャイアンツ,,,2016-12-15,84,82,-2,2,98,98,実況パワフルプロ野球2016,2016,1.06,2016,https://www.baseless.org/data/source/2016/dat_G_1_06.html,https://www.konami.com/pawa/2016/update/index.html
proeye:11315139,井上　晴哉,千葉ロッテマリーンズ,,,2016-12-15,23,28,5,5,98,98,実況パワフルプロ野球2016,2016,1.06,2016,https://www.baseless.org/data/source/2016/dat_M_1_06.html,https://www.konami.com/pawa/2016/update/index.html
proeye:61165133,伊志嶺　翔大,千葉ロッテマリーンズ,,,2016-12-15,89,84,-5,5,98,98,実況パワフルプロ野球2016,2016,1.06,2016,https://www.baseless.org/data/source/2016/dat_M_1_06.html,https://www.konami.com/pawa/2016/update/index.html
proeye:71775110,齋藤　俊雄,オリックス・バファローズ,,,2016-12-15,50,48,-2,2,98,98,実況パワフルプロ野球2016,2016,1.06,2016,https://www.baseless.org/data/source/2016/dat_OBU_1_06.html,https://www.konami.com/pawa/2016/update/index.html
proeye:71975117,小谷野　栄一,オリックス・バファローズ,,,2016-12-15,50,48,-2,2,98,98,実況パワフルプロ野球2016,2016,1.06,2016,https://www.baseless.org/data/source/2016/dat_OBU_1_06.html,https://www.konami.com/pawa/2016/update/index.html
proeye:41645133,宮﨑　祐樹,オリックス・バファローズ,,,2016-12-15,67,64,-3,3,98,98,実況パワフルプロ野球2016,2016,1.06,2016,https://www.baseless.org/data/source/2016/dat_OBU_1_06.html,https://www.konami.com/pawa/2016/update/index.html
proeye:91095110,中村　一生,オリックス・バファローズ,,,2016-12-15,74,71,-3,3,98,98,実況パワフルプロ野球2016,2016,1.06,2016,https://www.baseless.org/data/source/2016/dat_OBU_1_06.html,https://www.konami.com/pawa/2016/update/index.html
proeye:11215137,北條　史也,阪神タイガース,,,2016-12-15,64,57,-7,7,98,98,実況パワフルプロ野球2016,2016,1.06,2016,https://www.baseless.org/data/source/2016/dat_T_1_06.html,https://www.konami.com/pawa/2016/update/index.html
proeye:91495135,西田　直斗,阪神タイガース,,,2016-12-15,58,57,-1,1,98,98,実況パワフルプロ野球2016,2016,1.06,2016,https://www.baseless.org/data/source/2016/dat_T_1_06.html,https://www.konami.com/pawa/2016/update/index.html
proeye:61963888,福留　孝介,阪神タイガース,,,2016-12-15,57,51,-6,6,98,98,実況パワフルプロ野球2016,2016,1.06,2016,https://www.baseless.org/data/source/2016/dat_T_1_06.html,https://www.konami.com/pawa/2016/update/index.html
proeye:11715113,狩野　恵輔,阪神タイガース,,,2016-12-15,54,53,-1,1,98,98,実況パワフルプロ野球2016,2016,1.06,2016,https://www.baseless.org/data/source/2016/dat_T_1_06.html,https://www.konami.com/pawa/2016/update/index.html
proeye:81185135,伊藤　隼太,阪神タイガース,,,2016-12-15,68,66,-2,2,98,98,実況パワフルプロ野球2016,2016,1.06,2016,https://www.baseless.org/data/source/2016/dat_T_1_06.html,https://www.konami.com/pawa/2016/update/index.html
proeye:61865132,茂木　栄五郎,東北楽天ゴールデンイーグルス,,,2017-04-27,69,72,3,3,133,133,実況パワフルプロ野球2016,2016,1.07,2017,https://www.baseless.org/data/source/2016/dat_E_1_07.html,https://www.konami.com/pawa/2016/update/index.html
proeye:41745135,近藤　健介,北海道日本ハムファイターズ,,,2017-04-27,50,55,5,5,133,133,実況パワフルプロ野球2016,2016,1.07,2017,https://www.baseless.org/data/source/2016/dat_F_1_07.html,https://www.konami.com/pawa/2016/update/index.html
proeye:81385110,亀井　善行,読売ジャイアンツ,,,2017-04-27,72,70,-2,2,133,133,実況パワフルプロ野球2016,2016,1.07,2017,https://www.baseless.org/data/source/2016/dat_G_1_07.html,https://www.konami.com/pawa/2016/update/index.html
proeye:21325113,内川　聖一,福岡ソフトバンクホークス,,,2017-04-27,46,48,2,2,133,133,実況パワフルプロ野球2016,2016,1.07,2017,https://www.baseless.org/data/source/2016/dat_H_1_07.html,https://www.konami.com/pawa/2016/update/index.html
proeye:11315139,井上　晴哉,千葉ロッテマリーンズ,,,2017-04-27,28,32,4,4,133,133,実況パワフルプロ野球2016,2016,1.07,2017,https://www.baseless.org/data/source/2016/dat_M_1_07.html,https://www.konami.com/pawa/2016/update/index.html
proeye:21925116,髙濱　卓也,千葉ロッテマリーンズ,,,2017-04-27,62,57,-5,5,133,133,実況パワフルプロ野球2016,2016,1.07,2017,https://www.baseless.org/data/source/2016/dat_M_1_07.html,https://www.konami.com/pawa/2016/update/index.html
proeye:91495130,西野　真弘,オリックス・バファローズ,,,2017-04-27,71,76,5,5,133,133,実況パワフルプロ野球2016,2016,1.07,2017,https://www.baseless.org/data/source/2016/dat_OBU_1_07.html,https://www.konami.com/pawa/2016/update/index.html
proeye:63165132,吉田　正尚,オリックス・バファローズ,,,2017-04-27,62,57,-5,5,133,133,実況パワフルプロ野球2016,2016,1.07,2017,https://www.baseless.org/data/source/2016/dat_OBU_1_07.html,https://www.konami.com/pawa/2016/update/index.html
proeye:91195133,荒木　郁也,阪神タイガース,,,2017-04-27,85,86,1,1,133,133,実況パワフルプロ野球2016,2016,1.07,2017,https://www.baseless.org/data/source/2016/dat_T_1_07.html,https://www.konami.com/pawa/2016/update/index.html
proeye:31435117,西岡　剛,阪神タイガース,,,2017-04-27,63,50,-13,13,133,133,実況パワフルプロ野球2016,2016,1.07,2017,https://www.baseless.org/data/source/2016/dat_T_1_07.html,https://www.konami.com/pawa/2016/update/index.html
proeye:21325130,江越　大賀,阪神タイガース,,,2017-04-27,84,85,1,1,133,133,実況パワフルプロ野球2016,2016,1.07,2017,https://www.baseless.org/data/source/2016/dat_T_1_07.html,https://www.konami.com/pawa/2016/update/index.html
proeye:81585134,京田　陽太,中日ドラゴンズ,,,2017-07-13,78,85,7,7,77,77,実況パワフルプロ野球2016,2016,1.09,2017,https://www.baseless.org/data/source/2016/dat_D_1_09.html,https://www.konami.com/pawa/2016/update/index.html
proeye:71173882,荒木　雅博,中日ドラゴンズ,,,2017-07-13,71,69,-2,2,77,77,実況パワフルプロ野球2016,2016,1.09,2017,https://www.baseless.org/data/source/2016/dat_D_1_09.html,https://www.konami.com/pawa/2016/update/index.html
proeye:51455112,藤井　淳志,中日ドラゴンズ,,,2017-07-13,75,70,-5,5,77,77,実況パワフルプロ野球2016,2016,1.09,2017,https://www.baseless.org/data/source/2016/dat_D_1_09.html,https://www.konami.com/pawa/2016/update/index.html
proeye:71375130,井領　雅貴,中日ドラゴンズ,,,2017-07-13,65,62,-3,3,77,77,実況パワフルプロ野球2016,2016,1.09,2017,https://www.baseless.org/data/source/2016/dat_D_1_09.html,https://www.konami.com/pawa/2016/update/index.html
proeye:01505132,オコエ　瑠偉,東北楽天ゴールデンイーグルス,,,2017-07-13,80,79,-1,1,77,77,実況パワフルプロ野球2016,2016,1.09,2017,https://www.baseless.org/data/source/2016/dat_E_1_09.html,https://www.konami.com/pawa/2016/update/index.html
proeye:01305137,大谷　翔平,北海道日本ハムファイターズ,,,2017-07-13,75,60,-15,15,77,77,実況パワフルプロ野球2016,2016,1.09,2017,https://www.baseless.org/data/source/2016/dat_F_1_09.html,https://www.konami.com/pawa/2016/update/index.html
proeye:11915111,田中　賢介,北海道日本ハムファイターズ,,,2017-07-13,69,66,-3,3,77,77,実況パワフルプロ野球2016,2016,1.09,2017,https://www.baseless.org/data/source/2016/dat_F_1_09.html,https://www.konami.com/pawa/2016/update/index.html
proeye:21125134,石井　一成,北海道日本ハムファイターズ,,,2017-07-13,65,68,3,3,77,77,実況パワフルプロ野球2016,2016,1.09,2017,https://www.baseless.org/data/source/2016/dat_F_1_09.html,https://www.konami.com/pawa/2016/update/index.html
proeye:41045133,谷口　雄也,北海道日本ハムファイターズ,,,2017-07-13,82,60,-22,22,77,77,実況パワフルプロ野球2016,2016,1.09,2017,https://www.baseless.org/data/source/2016/dat_F_1_09.html,https://www.konami.com/pawa/2016/update/index.html
proeye:91795139,小林　誠司,読売ジャイアンツ,,,2017-07-13,48,29,-19,19,77,77,実況パワフルプロ野球2016,2016,1.09,2017,https://www.baseless.org/data/source/2016/dat_G_1_09.html,https://www.konami.com/pawa/2016/update/index.html
proeye:73775134,Ｍ．ダフィー,千葉ロッテマリーンズ,,,2017-07-13,46,41,-5,5,77,77,実況パワフルプロ野球2016,2016,1.09,2017,https://www.baseless.org/data/source/2016/dat_M_1_09.html,https://www.konami.com/pawa/2016/update/index.html
proeye:51153884,井口　資仁,千葉ロッテマリーンズ,,,2017-07-13,44,40,-4,4,77,77,実況パワフルプロ野球2016,2016,1.09,2017,https://www.baseless.org/data/source/2016/dat_M_1_09.html,https://www.konami.com/pawa/2016/update/index.html
proeye:51455139,三木　亮,千葉ロッテマリーンズ,,,2017-07-13,63,67,4,4,77,77,実況パワフルプロ野球2016,2016,1.09,2017,https://www.baseless.org/data/source/2016/dat_M_1_09.html,https://www.konami.com/pawa/2016/update/index.html
proeye:71975117,小谷野　栄一,オリックス・バファローズ,,,2017-07-13,48,47,-1,1,77,77,実況パワフルプロ野球2016,2016,1.09,2017,https://www.baseless.org/data/source/2016/dat_OBU_1_09.html,https://www.konami.com/pawa/2016/update/index.html
proeye:71975139,園部　聡,オリックス・バファローズ,,,2017-07-13,45,42,-3,3,77,77,実況パワフルプロ野球2016,2016,1.09,2017,https://www.baseless.org/data/source/2016/dat_OBU_1_09.html,https://www.konami.com/pawa/2016/update/index.html
proeye:73975134,Ｓ．ロメロ,オリックス・バファローズ,,,2017-07-13,57,64,7,7,77,77,実況パワフルプロ野球2016,2016,1.09,2017,https://www.baseless.org/data/source/2016/dat_OBU_1_09.html,https://www.konami.com/pawa/2016/update/index.html
proeye:51255133,中谷　将大,阪神タイガース,,,2017-07-13,55,60,5,5,77,77,実況パワフルプロ野球2016,2016,1.09,2017,https://www.baseless.org/data/source/2016/dat_T_1_09.html,https://www.konami.com/pawa/2016/update/index.html
proeye:61963888,福留　孝介,阪神タイガース,,,2017-07-13,51,41,-10,10,77,77,実況パワフルプロ野球2016,2016,1.09,2017,https://www.baseless.org/data/source/2016/dat_T_1_09.html,https://www.konami.com/pawa/2016/update/index.html
proeye:51055135,髙城　俊人,横浜DeNAベイスターズ,,,2017-09-14,51,54,3,3,63,63,実況パワフルプロ野球2016,2016,1.10,2017,https://www.baseless.org/data/source/2016/dat_BA_1_10.html,https://www.konami.com/pawa/2016/update/index.html
proeye:71475139,嶺井　博希,横浜DeNAベイスターズ,,,2017-09-14,54,51,-3,3,63,63,実況パワフルプロ野球2016,2016,1.10,2017,https://www.baseless.org/data/source/2016/dat_BA_1_10.html,https://www.konami.com/pawa/2016/update/index.html
proeye:51455137,宮﨑　敏郎,横浜DeNAベイスターズ,,,2017-09-14,55,49,-6,6,63,63,実況パワフルプロ野球2016,2016,1.10,2017,https://www.baseless.org/data/source/2016/dat_BA_1_10.html,https://www.konami.com/pawa/2016/update/index.html
proeye:11915134,坂倉　将吾,広島東洋カープ,,,2017-09-14,52,71,19,19,63,63,実況パワフルプロ野球2016,2016,1.10,2017,https://www.baseless.org/data/source/2016/dat_C_1_10.html,https://www.konami.com/pawa/2016/update/index.html
proeye:71375118,岩本　貴裕,広島東洋カープ,,,2017-09-14,42,40,-2,2,63,63,実況パワフルプロ野球2016,2016,1.10,2017,https://www.baseless.org/data/source/2016/dat_C_1_10.html,https://www.konami.com/pawa/2016/update/index.html
proeye:51155110,赤松　真人,広島東洋カープ,,,2017-09-14,91,61,-30,30,63,63,実況パワフルプロ野球2016,2016,1.10,2017,https://www.baseless.org/data/source/2016/dat_C_1_10.html,https://www.konami.com/pawa/2016/update/index.html
proeye:71575135,亀澤　恭平,中日ドラゴンズ,,,2017-09-14,78,69,-9,9,63,63,実況パワフルプロ野球2016,2016,1.10,2017,https://www.baseless.org/data/source/2016/dat_D_1_10.html,https://www.konami.com/pawa/2016/update/index.html
proeye:03105130,Ｚ．ウィーラー,東北楽天ゴールデンイーグルス,,,2017-09-14,46,54,8,8,63,63,実況パワフルプロ野球2016,2016,1.10,2017,https://www.baseless.org/data/source/2016/dat_E_1_10.html,https://www.konami.com/pawa/2016/update/index.html
proeye:01305137,大谷　翔平,北海道日本ハムファイターズ,,,2017-09-14,60,65,5,5,63,63,実況パワフルプロ野球2016,2016,1.10,2017,https://www.baseless.org/data/source/2016/dat_F_1_10.html,https://www.konami.com/pawa/2016/update/index.html
proeye:41745135,近藤　健介,北海道日本ハムファイターズ,,,2017-09-14,55,51,-4,4,63,63,実況パワフルプロ野球2016,2016,1.10,2017,https://www.baseless.org/data/source/2016/dat_F_1_10.html,https://www.konami.com/pawa/2016/update/index.html
proeye:41045133,谷口　雄也,北海道日本ハムファイターズ,,,2017-09-14,60,55,-5,5,63,63,実況パワフルプロ野球2016,2016,1.10,2017,https://www.baseless.org/data/source/2016/dat_F_1_10.html,https://www.konami.com/pawa/2016/update/index.html
proeye:01305110,片岡　治大,読売ジャイアンツ,,,2017-09-14,72,69,-3,3,63,63,実況パワフルプロ野球2016,2016,1.10,2017,https://www.baseless.org/data/source/2016/dat_G_1_10.html,https://www.konami.com/pawa/2016/update/index.html
proeye:91595133,甲斐　拓也,福岡ソフトバンクホークス,,,2017-09-14,38,71,33,33,63,63,実況パワフルプロ野球2016,2016,1.10,2017,https://www.baseless.org/data/source/2016/dat_H_1_10.html,https://www.konami.com/pawa/2016/update/index.html
proeye:41345111,川﨑　宗則,福岡ソフトバンクホークス,,,2017-09-14,80,78,-2,2,63,63,実況パワフルプロ野球2016,2016,1.10,2017,https://www.baseless.org/data/source/2016/dat_H_1_10.html,https://www.konami.com/pawa/2016/update/index.html
proeye:51955139,曽根　海成,福岡ソフトバンクホークス,,,2017-09-14,64,73,9,9,63,63,実況パワフルプロ野球2016,2016,1.10,2017,https://www.baseless.org/data/source/2016/dat_H_1_10.html,https://www.konami.com/pawa/2016/update/index.html
proeye:91395139,上林　誠知,福岡ソフトバンクホークス,,,2017-09-14,58,73,15,15,63,63,実況パワフルプロ野球2016,2016,1.10,2017,https://www.baseless.org/data/source/2016/dat_H_1_10.html,https://www.konami.com/pawa/2016/update/index.html
proeye:51255137,真砂　勇介,福岡ソフトバンクホークス,,,2017-09-14,68,75,7,7,63,63,実況パワフルプロ野球2016,2016,1.10,2017,https://www.baseless.org/data/source/2016/dat_H_1_10.html,https://www.konami.com/pawa/2016/update/index.html
proeye:71575131,荻野　貴司,千葉ロッテマリーンズ,,,2017-09-14,88,87,-1,1,63,63,実況パワフルプロ野球2016,2016,1.10,2017,https://www.baseless.org/data/source/2016/dat_M_1_10.html,https://www.konami.com/pawa/2016/update/index.html
proeye:81385118,岡田　幸文,千葉ロッテマリーンズ,,,2017-09-14,87,85,-2,2,63,63,実況パワフルプロ野球2016,2016,1.10,2017,https://www.baseless.org/data/source/2016/dat_M_1_10.html,https://www.konami.com/pawa/2016/update/index.html
proeye:81685135,三家　和真,千葉ロッテマリーンズ,,,2017-09-14,66,68,2,2,63,63,実況パワフルプロ野球2016,2016,1.10,2017,https://www.baseless.org/data/source/2016/dat_M_1_10.html,https://www.konami.com/pawa/2016/update/index.html
proeye:41645139,若月　健矢,オリックス・バファローズ,,,2017-09-14,57,53,-4,4,63,63,実況パワフルプロ野球2016,2016,1.10,2017,https://www.baseless.org/data/source/2016/dat_OBU_1_10.html,https://www.konami.com/pawa/2016/update/index.html
proeye:71975117,小谷野　栄一,オリックス・バファローズ,,,2017-09-14,47,40,-7,7,63,63,実況パワフルプロ野球2016,2016,1.10,2017,https://www.baseless.org/data/source/2016/dat_OBU_1_10.html,https://www.konami.com/pawa/2016/update/index.html
proeye:01005113,中島　宏之,オリックス・バファローズ,,,2017-09-14,40,41,1,1,63,63,実況パワフルプロ野球2016,2016,1.10,2017,https://www.baseless.org/data/source/2016/dat_OBU_1_10.html,https://www.konami.com/pawa/2016/update/index.html
proeye:91795135,小島　脩平,オリックス・バファローズ,,,2017-09-14,89,81,-8,8,63,63,実況パワフルプロ野球2016,2016,1.10,2017,https://www.baseless.org/data/source/2016/dat_OBU_1_10.html,https://www.konami.com/pawa/2016/update/index.html
proeye:63165132,吉田　正尚,オリックス・バファローズ,,,2017-09-14,57,52,-5,5,63,63,実況パワフルプロ野球2016,2016,1.10,2017,https://www.baseless.org/data/source/2016/dat_OBU_1_10.html,https://www.konami.com/pawa/2016/update/index.html
proeye:51255118,中村　悠平,東京ヤクルトスワローズ,,,2017-09-14,65,61,-4,4,63,63,実況パワフルプロ野球2016,2016,1.10,2017,https://www.baseless.org/data/source/2016/dat_S_1_10.html,https://www.konami.com/pawa/2016/update/index.html
proeye:23525134,Ｄ．グリーン,東京ヤクルトスワローズ,,,2017-09-14,31,27,-4,4,63,63,実況パワフルプロ野球2016,2016,1.10,2017,https://www.baseless.org/data/source/2016/dat_S_1_10.html,https://www.konami.com/pawa/2016/update/index.html
proeye:11915132,坂本　誠志郎,阪神タイガース,,,2017-09-14,53,56,3,3,63,63,実況パワフルプロ野球2016,2016,1.10,2017,https://www.baseless.org/data/source/2016/dat_T_1_10.html,https://www.konami.com/pawa/2016/update/index.html
proeye:41545119,小宮山　慎二,阪神タイガース,,,2017-09-14,58,55,-3,3,63,63,実況パワフルプロ野球2016,2016,1.10,2017,https://www.baseless.org/data/source/2016/dat_T_1_10.html,https://www.konami.com/pawa/2016/update/index.html
proeye:81185134,糸原　健斗,阪神タイガース,,,2017-09-14,67,66,-1,1,63,63,実況パワフルプロ野球2016,2016,1.10,2017,https://www.baseless.org/data/source/2016/dat_T_1_10.html,https://www.konami.com/pawa/2016/update/index.html
proeye:31435117,西岡　剛,阪神タイガース,,,2017-09-14,50,59,9,9,63,63,実況パワフルプロ野球2016,2016,1.10,2017,https://www.baseless.org/data/source/2016/dat_T_1_10.html,https://www.konami.com/pawa/2016/update/index.html
proeye:21325134,大山　悠輔,阪神タイガース,,,2017-09-14,54,58,4,4,63,63,実況パワフルプロ野球2016,2016,1.10,2017,https://www.baseless.org/data/source/2016/dat_T_1_10.html,https://www.konami.com/pawa/2016/update/index.html
proeye:81185135,伊藤　隼太,阪神タイガース,,,2017-09-14,66,62,-4,4,63,63,実況パワフルプロ野球2016,2016,1.10,2017,https://www.baseless.org/data/source/2016/dat_T_1_10.html,https://www.konami.com/pawa/2016/update/index.html
proeye:93195137,Ｊ．ロペス,横浜DeNAベイスターズ,,,2017-11-21,42,49,7,7,68,68,実況パワフルプロ野球2016,2016,1.11,2017,https://www.baseless.org/data/source/2016/dat_BA_1_11.html,https://www.konami.com/pawa/2016/update/index.html
proeye:51455137,宮﨑　敏郎,横浜DeNAベイスターズ,,,2017-11-21,49,40,-9,9,68,68,実況パワフルプロ野球2016,2016,1.11,2017,https://www.baseless.org/data/source/2016/dat_BA_1_11.html,https://www.konami.com/pawa/2016/update/index.html
proeye:51755135,桑原　将志,横浜DeNAベイスターズ,,,2017-11-21,70,82,12,12,68,68,実況パワフルプロ野球2016,2016,1.11,2017,https://www.baseless.org/data/source/2016/dat_BA_1_11.html,https://www.konami.com/pawa/2016/update/index.html
proeye:01105133,荒波　翔,横浜DeNAベイスターズ,,,2017-11-21,84,74,-10,10,68,68,実況パワフルプロ野球2016,2016,1.11,2017,https://www.baseless.org/data/source/2016/dat_BA_1_11.html,https://www.konami.com/pawa/2016/update/index.html
proeye:81185133,磯村　嘉孝,広島東洋カープ,,,2017-11-21,39,45,6,6,68,68,実況パワフルプロ野球2016,2016,1.11,2017,https://www.baseless.org/data/source/2016/dat_C_1_11.html,https://www.konami.com/pawa/2016/update/index.html
proeye:61965139,田中　広輔,広島東洋カープ,,,2017-11-21,69,74,5,5,68,68,実況パワフルプロ野球2016,2016,1.11,2017,https://www.baseless.org/data/source/2016/dat_C_1_11.html,https://www.konami.com/pawa/2016/update/index.html
proeye:61565135,菊池　涼介,広島東洋カープ,,,2017-11-21,82,72,-10,10,68,68,実況パワフルプロ野球2016,2016,1.11,2017,https://www.baseless.org/data/source/2016/dat_C_1_11.html,https://www.konami.com/pawa/2016/update/index.html
proeye:71475132,西川　龍馬,広島東洋カープ,,,2017-11-21,69,72,3,3,68,68,実況パワフルプロ野球2016,2016,1.11,2017,https://www.baseless.org/data/source/2016/dat_C_1_11.html,https://www.konami.com/pawa/2016/update/index.html
proeye:81785137,鈴木　誠也,広島東洋カープ,,,2017-11-21,70,68,-2,2,68,68,実況パワフルプロ野球2016,2016,1.11,2017,https://www.baseless.org/data/source/2016/dat_C_1_11.html,https://www.konami.com/pawa/2016/update/index.html
proeye:41345130,遠藤　一星,中日ドラゴンズ,,,2017-11-21,78,75,-3,3,68,68,実況パワフルプロ野球2016,2016,1.11,2017,https://www.baseless.org/data/source/2016/dat_D_1_11.html,https://www.konami.com/pawa/2016/update/index.html
proeye:41545110,工藤　隆人,中日ドラゴンズ,,,2017-11-21,82,78,-4,4,68,68,実況パワフルプロ野球2016,2016,1.11,2017,https://www.baseless.org/data/source/2016/dat_D_1_11.html,https://www.konami.com/pawa/2016/update/index.html
proeye:61265112,平田　良介,中日ドラゴンズ,,,2017-11-21,68,66,-2,2,68,68,実況パワフルプロ野球2016,2016,1.11,2017,https://www.baseless.org/data/source/2016/dat_D_1_11.html,https://www.konami.com/pawa/2016/update/index.html
proeye:21825137,Ｃ．マギー,読売ジャイアンツ,,,2017-11-21,29,35,6,6,68,68,実況パワフルプロ野球2016,2016,1.11,2017,https://www.baseless.org/data/source/2016/dat_G_1_11.html,https://www.konami.com/pawa/2016/update/index.html
proeye:31335131,今宮　健太,福岡ソフトバンクホークス,,,2017-11-21,66,70,4,4,68,68,実況パワフルプロ野球2016,2016,1.11,2017,https://www.baseless.org/data/source/2016/dat_H_1_11.html,https://www.konami.com/pawa/2016/update/index.html
proeye:41345111,川﨑　宗則,福岡ソフトバンクホークス,,,2017-11-21,78,75,-3,3,68,68,実況パワフルプロ野球2016,2016,1.11,2017,https://www.baseless.org/data/source/2016/dat_H_1_11.html,https://www.konami.com/pawa/2016/update/index.html
proeye:31535139,岡田　雅利,埼玉西武ライオンズ,,,2017-11-21,58,63,5,5,68,68,実況パワフルプロ野球2016,2016,1.11,2017,https://www.baseless.org/data/source/2016/dat_L_1_11.html,https://www.konami.com/pawa/2016/update/index.html
proeye:71775134,源田　壮亮,埼玉西武ライオンズ,,,2017-11-21,82,86,4,4,68,68,実況パワフルプロ野球2016,2016,1.11,2017,https://www.baseless.org/data/source/2016/dat_L_1_11.html,https://www.konami.com/pawa/2016/update/index.html
proeye:81885114,渡辺　直人,埼玉西武ライオンズ,,,2017-11-21,69,65,-4,4,68,68,実況パワフルプロ野球2016,2016,1.11,2017,https://www.baseless.org/data/source/2016/dat_L_1_11.html,https://www.konami.com/pawa/2016/update/index.html
proeye:51755115,栗山　巧,埼玉西武ライオンズ,,,2017-11-21,60,57,-3,3,68,68,実況パワフルプロ野球2016,2016,1.11,2017,https://www.baseless.org/data/source/2016/dat_L_1_11.html,https://www.konami.com/pawa/2016/update/index.html
proeye:41945137,田村　龍弘,千葉ロッテマリーンズ,,,2017-11-21,42,47,5,5,68,68,実況パワフルプロ野球2016,2016,1.11,2017,https://www.baseless.org/data/source/2016/dat_M_1_11.html,https://www.konami.com/pawa/2016/update/index.html
proeye:73775134,Ｍ．ダフィー,千葉ロッテマリーンズ,,,2017-11-21,41,39,-2,2,68,68,実況パワフルプロ野球2016,2016,1.11,2017,https://www.baseless.org/data/source/2016/dat_M_1_11.html,https://www.konami.com/pawa/2016/update/index.html
proeye:71575131,荻野　貴司,千葉ロッテマリーンズ,,,2017-11-21,87,84,-3,3,68,68,実況パワフルプロ野球2016,2016,1.11,2017,https://www.baseless.org/data/source/2016/dat_M_1_11.html,https://www.konami.com/pawa/2016/update/index.html
proeye:61165133,伊志嶺　翔大,千葉ロッテマリーンズ,,,2017-11-21,84,82,-2,2,68,68,実況パワフルプロ野球2016,2016,1.11,2017,https://www.baseless.org/data/source/2016/dat_M_1_11.html,https://www.konami.com/pawa/2016/update/index.html
proeye:71975117,小谷野　栄一,オリックス・バファローズ,,,2017-11-21,40,41,1,1,68,68,実況パワフルプロ野球2016,2016,1.11,2017,https://www.baseless.org/data/source/2016/dat_OBU_1_11.html,https://www.konami.com/pawa/2016/update/index.html
proeye:01005113,中島　宏之,オリックス・バファローズ,,,2017-11-21,41,40,-1,1,68,68,実況パワフルプロ野球2016,2016,1.11,2017,https://www.baseless.org/data/source/2016/dat_OBU_1_11.html,https://www.konami.com/pawa/2016/update/index.html
proeye:33035134,Ｃ．マレーロ,オリックス・バファローズ,,,2017-11-21,43,42,-1,1,68,68,実況パワフルプロ野球2016,2016,1.11,2017,https://www.baseless.org/data/source/2016/dat_OBU_1_11.html,https://www.konami.com/pawa/2016/update/index.html
proeye:31735112,川端　慎吾,東京ヤクルトスワローズ,,,2017-11-21,70,65,-5,5,68,68,実況パワフルプロ野球2016,2016,1.11,2017,https://www.baseless.org/data/source/2016/dat_S_1_11.html,https://www.konami.com/pawa/2016/update/index.html
proeye:01305130,植田　海,阪神タイガース,,,2017-11-21,82,83,1,1,68,68,実況パワフルプロ野球2016,2016,1.11,2017,https://www.baseless.org/data/source/2016/dat_T_1_11.html,https://www.konami.com/pawa/2016/update/index.html
proeye:41045133,谷口　雄也,北海道日本ハムファイターズ,,,2018-04-26,55,64,9,9,156,156,実況パワフルプロ野球2018,2018,archive_default_unversioned,2018,https://www.baseless.org/data/source/2018/dat_F.html,https://www.konami.com/pawa/2018/
proeye:51455118,橋本　到,読売ジャイアンツ,,,2018-04-26,72,65,-7,7,156,156,実況パワフルプロ野球2018,2018,archive_default_unversioned,2018,https://www.baseless.org/data/source/2018/dat_G.html,https://www.konami.com/pawa/2018/
proeye:91795135,小島　脩平,オリックス・バファローズ,,,2018-04-26,81,82,1,1,156,156,実況パワフルプロ野球2018,2018,archive_default_unversioned,2018,https://www.baseless.org/data/source/2018/dat_OBU.html,https://www.konami.com/pawa/2018/
proeye:61565136,楠本　泰史,横浜DeNAベイスターズ,,,2018-04-26,60,63,3,3,0,0,実況パワフルプロ野球2018,2018,1.01,2018,https://www.baseless.org/data/source/2018/dat_BA_1_01.html,https://www.konami.com/pawa/2018/update/180412
proeye:21025136,髙松　渡,中日ドラゴンズ,,,2018-04-26,76,84,8,8,0,0,実況パワフルプロ野球2018,2018,1.01,2018,https://www.baseless.org/data/source/2018/dat_D_1_01.html,https://www.konami.com/pawa/2018/update/180412
proeye:81185136,伊藤　康祐,中日ドラゴンズ,,,2018-04-26,74,80,6,6,0,0,実況パワフルプロ野球2018,2018,1.01,2018,https://www.baseless.org/data/source/2018/dat_D_1_01.html,https://www.konami.com/pawa/2018/update/180412
proeye:71475136,西巻　賢二,東北楽天ゴールデンイーグルス,,,2018-04-26,61,69,8,8,0,0,実況パワフルプロ野球2018,2018,1.01,2018,https://www.baseless.org/data/source/2018/dat_E_1_01.html,https://www.konami.com/pawa/2018/update/180412
proeye:21325113,内川　聖一,福岡ソフトバンクホークス,,,2018-04-26,48,46,-2,2,0,0,実況パワフルプロ野球2018,2018,1.01,2018,https://www.baseless.org/data/source/2018/dat_H_1_01.html,https://www.konami.com/pawa/2018/update/180412
proeye:11315139,井上　晴哉,千葉ロッテマリーンズ,,,2018-04-26,32,35,3,3,0,0,実況パワフルプロ野球2018,2018,1.01,2018,https://www.baseless.org/data/source/2018/dat_M_1_01.html,https://www.konami.com/pawa/2018/update/180412
proeye:51455130,中村　奨吾,千葉ロッテマリーンズ,,,2018-04-26,69,71,2,2,0,0,実況パワフルプロ野球2018,2018,1.01,2018,https://www.baseless.org/data/source/2018/dat_M_1_01.html,https://www.konami.com/pawa/2018/update/180412
proeye:01005113,中島　宏之,オリックス・バファローズ,,,2018-04-26,40,39,-1,1,0,0,実況パワフルプロ野球2018,2018,1.01,2018,https://www.baseless.org/data/source/2018/dat_OBU_1_01.html,https://www.konami.com/pawa/2018/update/180412
proeye:71975117,小谷野　栄一,オリックス・バファローズ,,,2018-04-26,41,40,-1,1,0,0,実況パワフルプロ野球2018,2018,1.01,2018,https://www.baseless.org/data/source/2018/dat_OBU_1_01.html,https://www.konami.com/pawa/2018/update/180412
proeye:71975136,塩見　泰隆,東京ヤクルトスワローズ,,,2018-04-26,69,82,13,13,0,0,実況パワフルプロ野球2018,2018,1.01,2018,https://www.baseless.org/data/source/2018/dat_S_1_01.html,https://www.konami.com/pawa/2018/update/180412
proeye:91895136,宮本　秀明,横浜DeNAベイスターズ,,,2018-07-12,63,78,15,15,77,77,実況パワフルプロ野球2018,2018,1.05,2018,https://www.baseless.org/data/source/2018/dat_BA_1_05.html,https://www.konami.com/pawa/2018/update/180705
proeye:61565136,楠本　泰史,横浜DeNAベイスターズ,,,2018-07-12,63,73,10,10,77,77,実況パワフルプロ野球2018,2018,1.05,2018,https://www.baseless.org/data/source/2018/dat_BA_1_05.html,https://www.konami.com/pawa/2018/update/180705
proeye:71575136,神里　和毅,横浜DeNAベイスターズ,,,2018-07-12,70,76,6,6,77,77,実況パワフルプロ野球2018,2018,1.05,2018,https://www.baseless.org/data/source/2018/dat_BA_1_05.html,https://www.konami.com/pawa/2018/update/180705
proeye:03305136,Ｏ．アルシア,北海道日本ハムファイターズ,,,2018-07-12,53,48,-5,5,77,77,実況パワフルプロ野球2018,2018,1.05,2018,https://www.baseless.org/data/source/2018/dat_F_1_05.html,https://www.konami.com/pawa/2018/update/180705
proeye:31335131,今宮　健太,福岡ソフトバンクホークス,,,2018-07-12,70,69,-1,1,77,77,実況パワフルプロ野球2018,2018,1.05,2018,https://www.baseless.org/data/source/2018/dat_H_1_05.html,https://www.konami.com/pawa/2018/update/180705
proeye:51155119,明石　健志,福岡ソフトバンクホークス,,,2018-07-12,78,76,-2,2,77,77,実況パワフルプロ野球2018,2018,1.05,2018,https://www.baseless.org/data/source/2018/dat_H_1_05.html,https://www.konami.com/pawa/2018/update/180705
proeye:21325113,内川　聖一,福岡ソフトバンクホークス,,,2018-07-12,46,45,-1,1,77,77,実況パワフルプロ野球2018,2018,1.05,2018,https://www.baseless.org/data/source/2018/dat_H_1_05.html,https://www.konami.com/pawa/2018/update/180705
proeye:11615114,福田　秀平,福岡ソフトバンクホークス,,,2018-07-12,80,79,-1,1,77,77,実況パワフルプロ野球2018,2018,1.05,2018,https://www.baseless.org/data/source/2018/dat_H_1_05.html,https://www.konami.com/pawa/2018/update/180705
proeye:61665117,吉村　裕基,福岡ソフトバンクホークス,,,2018-07-12,52,50,-2,2,77,77,実況パワフルプロ野球2018,2018,1.05,2018,https://www.baseless.org/data/source/2018/dat_H_1_05.html,https://www.konami.com/pawa/2018/update/180705
proeye:03505139,Ａ．デスパイネ,福岡ソフトバンクホークス,,,2018-07-12,52,51,-1,1,77,77,実況パワフルプロ野球2018,2018,1.05,2018,https://www.baseless.org/data/source/2018/dat_H_1_05.html,https://www.konami.com/pawa/2018/update/180705
proeye:81985135,鈴木　大地,千葉ロッテマリーンズ,,,2018-07-12,57,55,-2,2,77,77,実況パワフルプロ野球2018,2018,1.05,2018,https://www.baseless.org/data/source/2018/dat_M_1_05.html,https://www.konami.com/pawa/2018/update/180705
proeye:91695132,平沢　大河,千葉ロッテマリーンズ,,,2018-07-12,60,65,5,5,77,77,実況パワフルプロ野球2018,2018,1.05,2018,https://www.baseless.org/data/source/2018/dat_M_1_05.html,https://www.konami.com/pawa/2018/update/180705
proeye:81385118,岡田　幸文,千葉ロッテマリーンズ,,,2018-07-12,85,79,-6,6,77,77,実況パワフルプロ野球2018,2018,1.05,2018,https://www.baseless.org/data/source/2018/dat_M_1_05.html,https://www.konami.com/pawa/2018/update/180705
proeye:01605136,福田　周平,オリックス・バファローズ,,,2018-07-12,80,82,2,2,77,77,実況パワフルプロ野球2018,2018,1.05,2018,https://www.baseless.org/data/source/2018/dat_OBU_1_05.html,https://www.konami.com/pawa/2018/update/180705
proeye:13115136,山足　達也,オリックス・バファローズ,,,2018-07-12,81,83,2,2,77,77,実況パワフルプロ野球2018,2018,1.05,2018,https://www.baseless.org/data/source/2018/dat_OBU_1_05.html,https://www.konami.com/pawa/2018/update/180705
proeye:91795135,小島　脩平,オリックス・バファローズ,,,2018-07-12,82,80,-2,2,77,77,実況パワフルプロ野球2018,2018,1.05,2018,https://www.baseless.org/data/source/2018/dat_OBU_1_05.html,https://www.konami.com/pawa/2018/update/180705
proeye:81385137,緒方　凌介,阪神タイガース,,,2018-07-12,80,78,-2,2,77,77,実況パワフルプロ野球2018,2018,1.05,2018,https://www.baseless.org/data/source/2018/dat_T_1_05.html,https://www.konami.com/pawa/2018/update/180705
proeye:51455137,宮﨑　敏郎,横浜DeNAベイスターズ,,,2018-09-13,40,43,3,3,63,63,実況パワフルプロ野球2018,2018,1.07,2018,https://www.baseless.org/data/source/2018/dat_BA_1_07.html,https://www.konami.com/pawa/2018/update/180910
proeye:71575136,神里　和毅,横浜DeNAベイスターズ,,,2018-09-13,76,78,2,2,63,63,実況パワフルプロ野球2018,2018,1.07,2018,https://www.baseless.org/data/source/2018/dat_BA_1_07.html,https://www.konami.com/pawa/2018/update/180910
proeye:81185131,市川　友也,福岡ソフトバンクホークス,,,2018-09-13,56,55,-1,1,63,63,実況パワフルプロ野球2018,2018,1.07,2018,https://www.baseless.org/data/source/2018/dat_H_1_07.html,https://www.konami.com/pawa/2018/update/180910
proeye:11215132,谷川原　健太,福岡ソフトバンクホークス,,,2018-09-13,67,69,2,2,63,63,実況パワフルプロ野球2018,2018,1.07,2018,https://www.baseless.org/data/source/2018/dat_H_1_07.html,https://www.konami.com/pawa/2018/update/180910
proeye:91595133,甲斐　拓也,福岡ソフトバンクホークス,,,2018-09-13,71,70,-1,1,63,63,実況パワフルプロ野球2018,2018,1.07,2018,https://www.baseless.org/data/source/2018/dat_H_1_07.html,https://www.konami.com/pawa/2018/update/180910
proeye:41045114,髙谷　裕亮,福岡ソフトバンクホークス,,,2018-09-13,64,62,-2,2,63,63,実況パワフルプロ野球2018,2018,1.07,2018,https://www.baseless.org/data/source/2018/dat_H_1_07.html,https://www.konami.com/pawa/2018/update/180910
proeye:31335131,今宮　健太,福岡ソフトバンクホークス,,,2018-09-13,69,68,-1,1,63,63,実況パワフルプロ野球2018,2018,1.07,2018,https://www.baseless.org/data/source/2018/dat_H_1_07.html,https://www.konami.com/pawa/2018/update/180910
proeye:41045131,西田　哲朗,福岡ソフトバンクホークス,,,2018-09-13,68,71,3,3,63,63,実況パワフルプロ野球2018,2018,1.07,2018,https://www.baseless.org/data/source/2018/dat_H_1_07.html,https://www.konami.com/pawa/2018/update/180910
proeye:11715132,川瀬　晃,福岡ソフトバンクホークス,,,2018-09-13,63,65,2,2,63,63,実況パワフルプロ野球2018,2018,1.07,2018,https://www.baseless.org/data/source/2018/dat_H_1_07.html,https://www.konami.com/pawa/2018/update/180910
proeye:81585112,川島　慶三,福岡ソフトバンクホークス,,,2018-09-13,70,69,-1,1,63,63,実況パワフルプロ野球2018,2018,1.07,2018,https://www.baseless.org/data/source/2018/dat_H_1_07.html,https://www.konami.com/pawa/2018/update/180910
proeye:51155119,明石　健志,福岡ソフトバンクホークス,,,2018-09-13,76,74,-2,2,63,63,実況パワフルプロ野球2018,2018,1.07,2018,https://www.baseless.org/data/source/2018/dat_H_1_07.html,https://www.konami.com/pawa/2018/update/180910
proeye:91395139,上林　誠知,福岡ソフトバンクホークス,,,2018-09-13,73,74,1,1,63,63,実況パワフルプロ野球2018,2018,1.07,2018,https://www.baseless.org/data/source/2018/dat_H_1_07.html,https://www.konami.com/pawa/2018/update/180910
proeye:11215116,中村　晃,福岡ソフトバンクホークス,,,2018-09-13,65,62,-3,3,63,63,実況パワフルプロ野球2018,2018,1.07,2018,https://www.baseless.org/data/source/2018/dat_H_1_07.html,https://www.konami.com/pawa/2018/update/180910
proeye:11615114,福田　秀平,福岡ソフトバンクホークス,,,2018-09-13,79,78,-1,1,63,63,実況パワフルプロ野球2018,2018,1.07,2018,https://www.baseless.org/data/source/2018/dat_H_1_07.html,https://www.konami.com/pawa/2018/update/180910
proeye:03505139,Ａ．デスパイネ,福岡ソフトバンクホークス,,,2018-09-13,51,50,-1,1,63,63,実況パワフルプロ野球2018,2018,1.07,2018,https://www.baseless.org/data/source/2018/dat_H_1_07.html,https://www.konami.com/pawa/2018/update/180910
proeye:21425114,長谷川　勇也,福岡ソフトバンクホークス,,,2018-09-13,65,62,-3,3,63,63,実況パワフルプロ野球2018,2018,1.07,2018,https://www.baseless.org/data/source/2018/dat_H_1_07.html,https://www.konami.com/pawa/2018/update/180910
proeye:31535119,城所　龍磨,福岡ソフトバンクホークス,,,2018-09-13,83,80,-3,3,63,63,実況パワフルプロ野球2018,2018,1.07,2018,https://www.baseless.org/data/source/2018/dat_H_1_07.html,https://www.konami.com/pawa/2018/update/180910
proeye:51555135,釜元　豪,福岡ソフトバンクホークス,,,2018-09-13,76,77,1,1,63,63,実況パワフルプロ野球2018,2018,1.07,2018,https://www.baseless.org/data/source/2018/dat_H_1_07.html,https://www.konami.com/pawa/2018/update/180910
proeye:41545114,角中　勝也,千葉ロッテマリーンズ,,,2018-09-13,68,60,-8,8,63,63,実況パワフルプロ野球2018,2018,1.07,2018,https://www.baseless.org/data/source/2018/dat_M_1_07.html,https://www.konami.com/pawa/2018/update/180910
proeye:71575131,荻野　貴司,千葉ロッテマリーンズ,,,2018-09-13,84,83,-1,1,63,63,実況パワフルプロ野球2018,2018,1.07,2018,https://www.baseless.org/data/source/2018/dat_M_1_07.html,https://www.konami.com/pawa/2018/update/180910
proeye:81385118,岡田　幸文,千葉ロッテマリーンズ,,,2018-09-13,79,75,-4,4,63,63,実況パワフルプロ野球2018,2018,1.07,2018,https://www.baseless.org/data/source/2018/dat_M_1_07.html,https://www.konami.com/pawa/2018/update/180910
proeye:41645139,若月　健矢,オリックス・バファローズ,,,2018-09-13,53,45,-8,8,63,63,実況パワフルプロ野球2018,2018,1.07,2018,https://www.baseless.org/data/source/2018/dat_OBU_1_07.html,https://www.konami.com/pawa/2018/update/180910
proeye:01405136,西村　凌,オリックス・バファローズ,,,2018-09-13,79,78,-1,1,63,63,実況パワフルプロ野球2018,2018,1.07,2018,https://www.baseless.org/data/source/2018/dat_OBU_1_07.html,https://www.konami.com/pawa/2018/update/180910
proeye:01605136,福田　周平,オリックス・バファローズ,,,2018-09-13,82,84,2,2,63,63,実況パワフルプロ野球2018,2018,1.07,2018,https://www.baseless.org/data/source/2018/dat_OBU_1_07.html,https://www.konami.com/pawa/2018/update/180910
proeye:01005113,中島　宏之,オリックス・バファローズ,,,2018-09-13,39,38,-1,1,63,63,実況パワフルプロ野球2018,2018,1.07,2018,https://www.baseless.org/data/source/2018/dat_OBU_1_07.html,https://www.konami.com/pawa/2018/update/180910
proeye:21725137,白崎　浩之,オリックス・バファローズ,,,2018-09-13,55,68,13,13,63,63,実況パワフルプロ野球2018,2018,1.07,2018,https://www.baseless.org/data/source/2018/dat_OBU_1_07.html,https://www.konami.com/pawa/2018/update/180910
proeye:63165132,吉田　正尚,オリックス・バファローズ,,,2018-09-13,52,54,2,2,63,63,実況パワフルプロ野球2018,2018,1.07,2018,https://www.baseless.org/data/source/2018/dat_OBU_1_07.html,https://www.konami.com/pawa/2018/update/180910
proeye:51255118,中村　悠平,東京ヤクルトスワローズ,,,2018-09-13,61,56,-5,5,63,63,実況パワフルプロ野球2018,2018,1.07,2018,https://www.baseless.org/data/source/2018/dat_S_1_07.html,https://www.konami.com/pawa/2018/update/180910
proeye:41845136,村上　宗隆,東京ヤクルトスワローズ,,,2018-09-13,59,64,5,5,63,63,実況パワフルプロ野球2018,2018,1.07,2018,https://www.baseless.org/data/source/2018/dat_S_1_07.html,https://www.konami.com/pawa/2018/update/180910
proeye:31135119,青木　宣親,東京ヤクルトスワローズ,,,2018-09-13,72,75,3,3,63,63,実況パワフルプロ野球2018,2018,1.07,2018,https://www.baseless.org/data/source/2018/dat_S_1_07.html,https://www.konami.com/pawa/2018/update/180910
proeye:81185134,糸原　健斗,阪神タイガース,,,2018-09-13,66,63,-3,3,63,63,実況パワフルプロ野球2018,2018,1.07,2018,https://www.baseless.org/data/source/2018/dat_T_1_07.html,https://www.konami.com/pawa/2018/update/180910
proeye:23725136,Ｗ．ロサリオ,阪神タイガース,,,2018-09-13,54,49,-5,5,63,63,実況パワフルプロ野球2018,2018,1.07,2018,https://www.baseless.org/data/source/2018/dat_T_1_07.html,https://www.konami.com/pawa/2018/update/180910
proeye:91195119,糸井　嘉男,阪神タイガース,,,2018-09-13,84,80,-4,4,63,63,実況パワフルプロ野球2018,2018,1.07,2018,https://www.baseless.org/data/source/2018/dat_T_1_07.html,https://www.konami.com/pawa/2018/update/180910
proeye:61963888,福留　孝介,阪神タイガース,,,2018-09-13,41,39,-2,2,63,63,実況パワフルプロ野球2018,2018,1.07,2018,https://www.baseless.org/data/source/2018/dat_T_1_07.html,https://www.konami.com/pawa/2018/update/180910
proeye:61365118,大野　奨太,中日ドラゴンズ,,,2018-11-01,46,48,2,2,49,49,実況パワフルプロ野球2018,2018,1.09,2018,https://www.baseless.org/data/source/2018/dat_D_1_09.html,https://www.konami.com/pawa/2018/update/181012
proeye:51455131,松井　雅人,中日ドラゴンズ,,,2018-11-01,57,58,1,1,49,49,実況パワフルプロ野球2018,2018,1.09,2018,https://www.baseless.org/data/source/2018/dat_D_1_09.html,https://www.konami.com/pawa/2018/update/181012
proeye:81585134,京田　陽太,中日ドラゴンズ,,,2018-11-01,85,89,4,4,49,49,実況パワフルプロ野球2018,2018,1.09,2018,https://www.baseless.org/data/source/2018/dat_D_1_09.html,https://www.konami.com/pawa/2018/update/181012
proeye:91095135,高橋　周平,中日ドラゴンズ,,,2018-11-01,50,54,4,4,49,49,実況パワフルプロ野球2018,2018,1.09,2018,https://www.baseless.org/data/source/2018/dat_D_1_09.html,https://www.konami.com/pawa/2018/update/181012
proeye:13715132,Ｄ．ビシエド,中日ドラゴンズ,,,2018-11-01,52,54,2,2,49,49,実況パワフルプロ野球2018,2018,1.09,2018,https://www.baseless.org/data/source/2018/dat_D_1_09.html,https://www.konami.com/pawa/2018/update/181012
proeye:31635114,福田　永将,中日ドラゴンズ,,,2018-11-01,50,53,3,3,49,49,実況パワフルプロ野球2018,2018,1.09,2018,https://www.baseless.org/data/source/2018/dat_D_1_09.html,https://www.konami.com/pawa/2018/update/181012
proeye:53755136,Ｓ．モヤ,中日ドラゴンズ,,,2018-11-01,60,55,-5,5,49,49,実況パワフルプロ野球2018,2018,1.09,2018,https://www.baseless.org/data/source/2018/dat_D_1_09.html,https://www.konami.com/pawa/2018/update/181012
proeye:61265112,平田　良介,中日ドラゴンズ,,,2018-11-01,66,67,1,1,49,49,実況パワフルプロ野球2018,2018,1.09,2018,https://www.baseless.org/data/source/2018/dat_D_1_09.html,https://www.konami.com/pawa/2018/update/181012
proeye:43345136,Ｚ．アルモンテ,中日ドラゴンズ,,,2018-11-01,58,62,4,4,49,49,実況パワフルプロ野球2018,2018,1.09,2018,https://www.baseless.org/data/source/2018/dat_D_1_09.html,https://www.konami.com/pawa/2018/update/181012
proeye:41045114,髙谷　裕亮,福岡ソフトバンクホークス,,,2018-11-01,62,61,-1,1,49,49,実況パワフルプロ野球2018,2018,1.09,2018,https://www.baseless.org/data/source/2018/dat_H_1_09.html,https://www.konami.com/pawa/2018/update/181012
proeye:91395139,上林　誠知,福岡ソフトバンクホークス,,,2018-11-01,74,77,3,3,49,49,実況パワフルプロ野球2018,2018,1.09,2018,https://www.baseless.org/data/source/2018/dat_H_1_09.html,https://www.konami.com/pawa/2018/update/181012
proeye:21425114,長谷川　勇也,福岡ソフトバンクホークス,,,2018-11-01,62,61,-1,1,49,49,実況パワフルプロ野球2018,2018,1.09,2018,https://www.baseless.org/data/source/2018/dat_H_1_09.html,https://www.konami.com/pawa/2018/update/181012
proeye:61565139,金子　一輝,埼玉西武ライオンズ,,,2018-11-01,60,65,5,5,49,49,実況パワフルプロ野球2018,2018,1.09,2018,https://www.baseless.org/data/source/2018/dat_L_1_09.html,https://www.konami.com/pawa/2018/update/181012
proeye:41545114,角中　勝也,千葉ロッテマリーンズ,,,2018-11-01,60,59,-1,1,49,49,実況パワフルプロ野球2018,2018,1.09,2018,https://www.baseless.org/data/source/2018/dat_M_1_09.html,https://www.konami.com/pawa/2018/update/181012
proeye:11515139,岡大海,千葉ロッテマリーンズ,,,2018-11-01,90,85,-5,5,49,49,実況パワフルプロ野球2018,2018,1.09,2018,https://www.baseless.org/data/source/2018/dat_M_1_09.html,https://www.konami.com/pawa/2018/update/181012
proeye:81385118,岡田　幸文,千葉ロッテマリーンズ,,,2018-11-01,75,70,-5,5,49,49,実況パワフルプロ野球2018,2018,1.09,2018,https://www.baseless.org/data/source/2018/dat_M_1_09.html,https://www.konami.com/pawa/2018/update/181012
proeye:71475113,山崎　勝己,オリックス・バファローズ,,,2018-11-01,37,36,-1,1,49,49,実況パワフルプロ野球2018,2018,1.09,2018,https://www.baseless.org/data/source/2018/dat_OBU_1_09.html,https://www.konami.com/pawa/2018/update/181012
proeye:01005113,中島　宏之,オリックス・バファローズ,,,2018-11-01,38,34,-4,4,49,49,実況パワフルプロ野球2018,2018,1.09,2018,https://www.baseless.org/data/source/2018/dat_OBU_1_09.html,https://www.konami.com/pawa/2018/update/181012
proeye:71975117,小谷野　栄一,オリックス・バファローズ,,,2018-11-01,40,38,-2,2,49,49,実況パワフルプロ野球2018,2018,1.09,2018,https://www.baseless.org/data/source/2018/dat_OBU_1_09.html,https://www.konami.com/pawa/2018/update/181012
proeye:63165132,吉田　正尚,オリックス・バファローズ,,,2018-11-01,54,57,3,3,49,49,実況パワフルプロ野球2018,2018,1.09,2018,https://www.baseless.org/data/source/2018/dat_OBU_1_09.html,https://www.konami.com/pawa/2018/update/181012
proeye:01305118,上本　博紀,阪神タイガース,,,2018-11-01,75,65,-10,10,49,49,実況パワフルプロ野球2018,2018,1.09,2018,https://www.baseless.org/data/source/2018/dat_T_1_09.html,https://www.konami.com/pawa/2018/update/181012
proeye:81685133,森越　祐人,阪神タイガース,,,2018-11-01,65,64,-1,1,49,49,実況パワフルプロ野球2018,2018,1.09,2018,https://www.baseless.org/data/source/2018/dat_T_1_09.html,https://www.konami.com/pawa/2018/update/181012
proeye:11615139,陽川　尚将,阪神タイガース,,,2018-11-01,59,65,6,6,49,49,実況パワフルプロ野球2018,2018,1.09,2018,https://www.baseless.org/data/source/2018/dat_T_1_09.html,https://www.konami.com/pawa/2018/update/181012
proeye:93995136,Ｅ．ナバーロ,阪神タイガース,,,2018-11-01,47,42,-5,5,49,49,実況パワフルプロ野球2018,2018,1.09,2018,https://www.baseless.org/data/source/2018/dat_T_1_09.html,https://www.konami.com/pawa/2018/update/181012
proeye:91195133,荒木　郁也,阪神タイガース,,,2018-11-01,86,84,-2,2,49,49,実況パワフルプロ野球2018,2018,1.09,2018,https://www.baseless.org/data/source/2018/dat_T_1_09.html,https://www.konami.com/pawa/2018/update/181012
proeye:61963888,福留　孝介,阪神タイガース,,,2018-11-01,39,36,-3,3,49,49,実況パワフルプロ野球2018,2018,1.09,2018,https://www.baseless.org/data/source/2018/dat_T_1_09.html,https://www.konami.com/pawa/2018/update/181012
proeye:01405130,野間　峻祥,広島東洋カープ,,,2019-04-23,85,91,6,6,173,173,実況パワフルプロ野球2018,2018,1.10,2019,https://www.baseless.org/data/source/2018/dat_C_1_10.html,https://www.konami.com/pawa/2018/update/190418
proeye:21225110,藤田　一也,東北楽天ゴールデンイーグルス,,,2019-04-23,59,57,-2,2,173,173,実況パワフルプロ野球2018,2018,1.10,2019,https://www.baseless.org/data/source/2018/dat_E_1_10.html,https://www.konami.com/pawa/2018/update/190418
proeye:03105132,横尾　俊建,北海道日本ハムファイターズ,,,2019-04-23,50,46,-4,4,173,173,実況パワフルプロ野球2018,2018,1.10,2019,https://www.baseless.org/data/source/2018/dat_F_1_10.html,https://www.konami.com/pawa/2018/update/190418
proeye:21925132,重信　慎之介,読売ジャイアンツ,,,2019-04-23,83,90,7,7,173,173,実況パワフルプロ野球2018,2018,1.10,2019,https://www.baseless.org/data/source/2018/dat_G_1_10.html,https://www.konami.com/pawa/2018/update/190418
proeye:21825134,松原　聖弥,読売ジャイアンツ,,,2019-04-23,75,84,9,9,173,173,実況パワフルプロ野球2018,2018,1.10,2019,https://www.baseless.org/data/source/2018/dat_G_1_10.html,https://www.konami.com/pawa/2018/update/190418
proeye:81185131,市川　友也,福岡ソフトバンクホークス,,,2019-04-23,55,56,1,1,173,173,実況パワフルプロ野球2018,2018,1.10,2019,https://www.baseless.org/data/source/2018/dat_H_1_10.html,https://www.konami.com/pawa/2018/update/190418
proeye:41045114,髙谷　裕亮,福岡ソフトバンクホークス,,,2019-04-23,61,57,-4,4,173,173,実況パワフルプロ野球2018,2018,1.10,2019,https://www.baseless.org/data/source/2018/dat_H_1_10.html,https://www.konami.com/pawa/2018/update/190418
proeye:51655112,松田　宣浩,福岡ソフトバンクホークス,,,2019-04-23,68,66,-2,2,173,173,実況パワフルプロ野球2018,2018,1.10,2019,https://www.baseless.org/data/source/2018/dat_H_1_10.html,https://www.konami.com/pawa/2018/update/190418
proeye:11215116,中村　晃,福岡ソフトバンクホークス,,,2019-04-23,62,61,-1,1,173,173,実況パワフルプロ野球2018,2018,1.10,2019,https://www.baseless.org/data/source/2018/dat_H_1_10.html,https://www.konami.com/pawa/2018/update/190418
proeye:03505139,Ａ．デスパイネ,福岡ソフトバンクホークス,,,2019-04-23,50,49,-1,1,173,173,実況パワフルプロ野球2018,2018,1.10,2019,https://www.baseless.org/data/source/2018/dat_H_1_10.html,https://www.konami.com/pawa/2018/update/190418
proeye:21425114,長谷川　勇也,福岡ソフトバンクホークス,,,2019-04-23,61,58,-3,3,173,173,実況パワフルプロ野球2018,2018,1.10,2019,https://www.baseless.org/data/source/2018/dat_H_1_10.html,https://www.konami.com/pawa/2018/update/190418
proeye:81585132,川越　誠司,埼玉西武ライオンズ,,,2019-04-23,71,77,6,6,173,173,実況パワフルプロ野球2018,2018,1.10,2019,https://www.baseless.org/data/source/2018/dat_L_1_10.html,https://www.konami.com/pawa/2018/update/190418
proeye:21923889,福浦　和也,千葉ロッテマリーンズ,,,2019-04-23,30,29,-1,1,173,173,実況パワフルプロ野球2018,2018,1.10,2019,https://www.baseless.org/data/source/2018/dat_M_1_10.html,https://www.konami.com/pawa/2018/update/190418
proeye:01305130,植田　海,阪神タイガース,,,2019-04-23,83,84,1,1,173,173,実況パワフルプロ野球2018,2018,1.10,2019,https://www.baseless.org/data/source/2018/dat_T_1_10.html,https://www.konami.com/pawa/2018/update/190418
proeye:91195133,荒木　郁也,阪神タイガース,,,2019-04-23,84,81,-3,3,173,173,実況パワフルプロ野球2018,2018,1.10,2019,https://www.baseless.org/data/source/2018/dat_T_1_10.html,https://www.konami.com/pawa/2018/update/190418
proeye:91995130,佐野　皓大,オリックス・バファローズ,,,2019-06-13,81,88,7,7,51,51,実況パワフルプロ野球2018,2018,1.11,2019,https://www.baseless.org/data/source/2018/dat_OBU_1_11.html,https://www.konami.com/pawa/2018/update/190611
proeye:31435136,西浦　颯大,オリックス・バファローズ,,,2019-06-13,74,79,5,5,51,51,実況パワフルプロ野球2018,2018,1.11,2019,https://www.baseless.org/data/source/2018/dat_OBU_1_11.html,https://www.konami.com/pawa/2018/update/190611
proeye:91095135,高橋　周平,中日ドラゴンズ,,,2019-08-02,54,48,-6,6,50,50,実況パワフルプロ野球2018,2018,1.12,2019,https://www.baseless.org/data/source/2018/dat_D_1_12.html,https://www.konami.com/pawa/2018/update/190802
proeye:61265112,平田　良介,中日ドラゴンズ,,,2019-08-02,67,65,-2,2,50,50,実況パワフルプロ野球2018,2018,1.12,2019,https://www.baseless.org/data/source/2018/dat_D_1_12.html,https://www.konami.com/pawa/2018/update/190802
proeye:51655112,松田　宣浩,福岡ソフトバンクホークス,,,2019-08-02,66,64,-2,2,50,50,実況パワフルプロ野球2018,2018,1.12,2019,https://www.baseless.org/data/source/2018/dat_H_1_12.html,https://www.konami.com/pawa/2018/update/190802
proeye:33135134,三森　大貴,福岡ソフトバンクホークス,,,2019-08-02,73,78,5,5,50,50,実況パワフルプロ野球2018,2018,1.12,2019,https://www.baseless.org/data/source/2018/dat_H_1_12.html,https://www.konami.com/pawa/2018/update/190802
proeye:51155119,明石　健志,福岡ソフトバンクホークス,,,2019-08-02,74,73,-1,1,50,50,実況パワフルプロ野球2018,2018,1.12,2019,https://www.baseless.org/data/source/2018/dat_H_1_12.html,https://www.konami.com/pawa/2018/update/190802
proeye:21925136,周東　佑京,福岡ソフトバンクホークス,,,2019-08-02,85,90,5,5,50,50,実況パワフルプロ野球2018,2018,1.12,2019,https://www.baseless.org/data/source/2018/dat_H_1_12.html,https://www.konami.com/pawa/2018/update/190802
proeye:31835133,柳田　悠岐,福岡ソフトバンクホークス,,,2019-08-02,81,80,-1,1,50,50,実況パワフルプロ野球2018,2018,1.12,2019,https://www.baseless.org/data/source/2018/dat_H_1_12.html,https://www.konami.com/pawa/2018/update/190802
proeye:03505139,Ａ．デスパイネ,福岡ソフトバンクホークス,,,2019-08-02,49,46,-3,3,50,50,実況パワフルプロ野球2018,2018,1.12,2019,https://www.baseless.org/data/source/2018/dat_H_1_12.html,https://www.konami.com/pawa/2018/update/190802
proeye:51555135,釜元　豪,福岡ソフトバンクホークス,,,2019-08-02,77,80,3,3,50,50,実況パワフルプロ野球2018,2018,1.12,2019,https://www.baseless.org/data/source/2018/dat_H_1_12.html,https://www.konami.com/pawa/2018/update/190802
proeye:01505137,金子　侑司,埼玉西武ライオンズ,,,2019-08-02,85,88,3,3,50,50,実況パワフルプロ野球2018,2018,1.12,2019,https://www.baseless.org/data/source/2018/dat_L_1_12.html,https://www.konami.com/pawa/2018/update/190802
proeye:53355138,Ｋ．バルガス,千葉ロッテマリーンズ,,,2019-08-02,40,34,-6,6,50,50,実況パワフルプロ野球2018,2018,1.12,2019,https://www.baseless.org/data/source/2018/dat_M_1_12.html,https://www.konami.com/pawa/2018/update/190802
proeye:51255138,中川　圭太,オリックス・バファローズ,,,2019-08-02,58,62,4,4,50,50,実況パワフルプロ野球2018,2018,1.12,2019,https://www.baseless.org/data/source/2018/dat_OBU_1_12.html,https://www.konami.com/pawa/2018/update/190802
proeye:91795135,小島　脩平,オリックス・バファローズ,,,2019-08-02,80,78,-2,2,50,50,実況パワフルプロ野球2018,2018,1.12,2019,https://www.baseless.org/data/source/2018/dat_OBU_1_12.html,https://www.konami.com/pawa/2018/update/190802
proeye:73975134,Ｓ．ロメロ,オリックス・バファローズ,,,2019-08-02,64,61,-3,3,50,50,実況パワフルプロ野球2018,2018,1.12,2019,https://www.baseless.org/data/source/2018/dat_OBU_1_12.html,https://www.konami.com/pawa/2018/update/190802
proeye:91995130,佐野　皓大,オリックス・バファローズ,,,2019-08-02,88,90,2,2,50,50,実況パワフルプロ野球2018,2018,1.12,2019,https://www.baseless.org/data/source/2018/dat_OBU_1_12.html,https://www.konami.com/pawa/2018/update/190802
proeye:91495134,長坂　拳弥,阪神タイガース,,,2019-08-02,48,54,6,6,50,50,実況パワフルプロ野球2018,2018,1.12,2019,https://www.baseless.org/data/source/2018/dat_T_1_12.html,https://www.konami.com/pawa/2018/update/190802
proeye:63365138,Ｊ．マルテ,阪神タイガース,,,2019-08-02,52,42,-10,10,50,50,実況パワフルプロ野球2018,2018,1.12,2019,https://www.baseless.org/data/source/2018/dat_T_1_12.html,https://www.konami.com/pawa/2018/update/190802
proeye:91195119,糸井　嘉男,阪神タイガース,,,2019-08-02,80,75,-5,5,50,50,実況パワフルプロ野球2018,2018,1.12,2019,https://www.baseless.org/data/source/2018/dat_T_1_12.html,https://www.konami.com/pawa/2018/update/190802
proeye:91095135,高橋　周平,中日ドラゴンズ,,,2019-09-19,48,46,-2,2,48,48,実況パワフルプロ野球2018,2018,1.14,2019,https://www.baseless.org/data/source/2018/dat_D_1_14.html,https://www.konami.com/pawa/2018/update/190919
proeye:21925136,周東　佑京,福岡ソフトバンクホークス,,,2019-09-19,90,94,4,4,48,48,実況パワフルプロ野球2018,2018,1.14,2019,https://www.baseless.org/data/source/2018/dat_H_1_14.html,https://www.konami.com/pawa/2018/update/190919
proeye:21525132,柿沼　友哉,千葉ロッテマリーンズ,,,2019-09-19,29,39,10,10,48,48,実況パワフルプロ野球2018,2018,1.14,2019,https://www.baseless.org/data/source/2018/dat_M_1_14.html,https://www.konami.com/pawa/2018/update/190919
proeye:41545114,角中　勝也,千葉ロッテマリーンズ,,,2019-09-19,59,63,4,4,48,48,実況パワフルプロ野球2018,2018,1.14,2019,https://www.baseless.org/data/source/2018/dat_M_1_14.html,https://www.konami.com/pawa/2018/update/190919
proeye:51455131,松井　雅人,オリックス・バファローズ,,,2019-09-19,58,63,5,5,48,48,実況パワフルプロ野球2018,2018,1.14,2019,https://www.baseless.org/data/source/2018/dat_OBU_1_14.html,https://www.konami.com/pawa/2018/update/190919
proeye:61065137,伏見　寅威,オリックス・バファローズ,,,2019-09-19,44,40,-4,4,48,48,実況パワフルプロ野球2018,2018,1.14,2019,https://www.baseless.org/data/source/2018/dat_OBU_1_14.html,https://www.konami.com/pawa/2018/update/190919
proeye:91795135,小島　脩平,オリックス・バファローズ,,,2019-09-19,78,75,-3,3,48,48,実況パワフルプロ野球2018,2018,1.14,2019,https://www.baseless.org/data/source/2018/dat_OBU_1_14.html,https://www.konami.com/pawa/2018/update/190919
proeye:63365138,Ｊ．マルテ,阪神タイガース,,,2019-09-19,42,36,-6,6,48,48,実況パワフルプロ野球2018,2018,1.14,2019,https://www.baseless.org/data/source/2018/dat_T_1_14.html,https://www.konami.com/pawa/2018/update/190919
proeye:71075138,近本　光司,阪神タイガース,,,2019-09-19,86,90,4,4,48,48,実況パワフルプロ野球2018,2018,1.14,2019,https://www.baseless.org/data/source/2018/dat_T_1_14.html,https://www.konami.com/pawa/2018/update/190919
proeye:71575136,神里　和毅,横浜DeNAベイスターズ,,,2019-10-25,78,83,5,5,36,36,実況パワフルプロ野球2018,2018,1.15,2019,https://www.baseless.org/data/source/2018/dat_BA_1_15.html,https://www.konami.com/pawa/2018/update/191025
proeye:41345135,乙坂　智,横浜DeNAベイスターズ,,,2019-10-25,68,71,3,3,36,36,実況パワフルプロ野球2018,2018,1.15,2019,https://www.baseless.org/data/source/2018/dat_BA_1_15.html,https://www.konami.com/pawa/2018/update/191025
proeye:01205114,堂上　直倫,中日ドラゴンズ,,,2019-10-25,60,55,-5,5,36,36,実況パワフルプロ野球2018,2018,1.15,2019,https://www.baseless.org/data/source/2018/dat_D_1_15.html,https://www.konami.com/pawa/2018/update/191025
proeye:43345136,Ｚ．アルモンテ,中日ドラゴンズ,,,2019-10-25,62,58,-4,4,36,36,実況パワフルプロ野球2018,2018,1.15,2019,https://www.baseless.org/data/source/2018/dat_D_1_15.html,https://www.konami.com/pawa/2018/update/191025
proeye:51855132,増田　大輝,読売ジャイアンツ,,,2019-10-25,68,73,5,5,36,36,実況パワフルプロ野球2018,2018,1.15,2019,https://www.baseless.org/data/source/2018/dat_G_1_15.html,https://www.konami.com/pawa/2018/update/191025
proeye:31335131,今宮　健太,福岡ソフトバンクホークス,,,2019-10-25,68,66,-2,2,36,36,実況パワフルプロ野球2018,2018,1.15,2019,https://www.baseless.org/data/source/2018/dat_H_1_15.html,https://www.konami.com/pawa/2018/update/191025
proeye:51655112,松田　宣浩,福岡ソフトバンクホークス,,,2019-10-25,64,62,-2,2,36,36,実況パワフルプロ野球2018,2018,1.15,2019,https://www.baseless.org/data/source/2018/dat_H_1_15.html,https://www.konami.com/pawa/2018/update/191025
proeye:11415138,野村　大樹,福岡ソフトバンクホークス,,,2019-10-25,44,48,4,4,36,36,実況パワフルプロ野球2018,2018,1.15,2019,https://www.baseless.org/data/source/2018/dat_H_1_15.html,https://www.konami.com/pawa/2018/update/191025
proeye:31835133,柳田　悠岐,福岡ソフトバンクホークス,,,2019-10-25,80,79,-1,1,36,36,実況パワフルプロ野球2018,2018,1.15,2019,https://www.baseless.org/data/source/2018/dat_H_1_15.html,https://www.konami.com/pawa/2018/update/191025
proeye:81085116,中田　祥多,埼玉西武ライオンズ,,,2019-10-25,36,31,-5,5,36,36,実況パワフルプロ野球2018,2018,1.15,2019,https://www.baseless.org/data/source/2018/dat_L_1_15.html,https://www.konami.com/pawa/2018/update/191025
proeye:21923889,福浦　和也,千葉ロッテマリーンズ,,,2019-10-25,29,35,6,6,36,36,実況パワフルプロ野球2018,2018,1.15,2019,https://www.baseless.org/data/source/2018/dat_M_1_15.html,https://www.konami.com/pawa/2018/update/191025
proeye:51255138,中川　圭太,オリックス・バファローズ,,,2019-10-25,62,65,3,3,36,36,実況パワフルプロ野球2018,2018,1.15,2019,https://www.baseless.org/data/source/2018/dat_OBU_1_15.html,https://www.konami.com/pawa/2018/update/191025
proeye:31735112,川端　慎吾,東京ヤクルトスワローズ,,,2019-10-25,65,62,-3,3,36,36,実況パワフルプロ野球2018,2018,1.15,2019,https://www.baseless.org/data/source/2018/dat_S_1_15.html,https://www.konami.com/pawa/2018/update/191025
proeye:91495138,濱田　太貴,東京ヤクルトスワローズ,,,2019-10-25,54,58,4,4,36,36,実況パワフルプロ野球2018,2018,1.15,2019,https://www.baseless.org/data/source/2018/dat_S_1_15.html,https://www.konami.com/pawa/2018/update/191025
proeye:31135119,青木　宣親,東京ヤクルトスワローズ,,,2019-10-25,75,73,-2,2,36,36,実況パワフルプロ野球2018,2018,1.15,2019,https://www.baseless.org/data/source/2018/dat_S_1_15.html,https://www.konami.com/pawa/2018/update/191025
proeye:13315133,Ｗ．バレンティン,東京ヤクルトスワローズ,,,2019-10-25,46,36,-10,10,36,36,実況パワフルプロ野球2018,2018,1.15,2019,https://www.baseless.org/data/source/2018/dat_S_1_15.html,https://www.konami.com/pawa/2018/update/191025
proeye:31735138,木浪　聖也,阪神タイガース,,,2019-10-25,67,64,-3,3,36,36,実況パワフルプロ野球2018,2018,1.15,2019,https://www.baseless.org/data/source/2018/dat_T_1_15.html,https://www.konami.com/pawa/2018/update/191025
proeye:63365138,Ｊ．マルテ,阪神タイガース,,,2019-10-25,36,35,-1,1,36,36,実況パワフルプロ野球2018,2018,1.15,2019,https://www.baseless.org/data/source/2018/dat_T_1_15.html,https://www.konami.com/pawa/2018/update/191025
proeye:51455139,三木　亮,千葉ロッテマリーンズ,,,2020-07-09,67,62,-5,5,258,258,eBASEBALLパワフルプロ野球2020,2020,archive_default_unversioned,2020,https://www.baseless.org/data/source/2020/dat_M.html,https://www.konami.com/pawa/2020/
proeye:61465112,大和,横浜DeNAベイスターズ,,,2020-10-08,79,76,-3,3,91,91,eBASEBALLパワフルプロ野球2020,2020,1.05,2020,https://www.baseless.org/data/source/2020/dat_BA_1_05.html,https://www.konami.com/pawa/2020/update/201008
proeye:21325138,大盛　穂,広島東洋カープ,,,2020-10-08,75,83,8,8,91,91,eBASEBALLパワフルプロ野球2020,2020,1.05,2020,https://www.baseless.org/data/source/2020/dat_C_1_05.html,https://www.konami.com/pawa/2020/update/201008
proeye:71375138,太田　光,東北楽天ゴールデンイーグルス,,,2020-10-08,52,57,5,5,91,91,eBASEBALLパワフルプロ野球2020,2020,1.05,2020,https://www.baseless.org/data/source/2020/dat_E_1_05.html,https://www.konami.com/pawa/2020/update/201008
proeye:51155118,浅村　栄斗,東北楽天ゴールデンイーグルス,,,2020-10-08,66,63,-3,3,91,91,eBASEBALLパワフルプロ野球2020,2020,1.05,2020,https://www.baseless.org/data/source/2020/dat_E_1_05.html,https://www.konami.com/pawa/2020/update/201008
proeye:73175136,山﨑　幹史,東北楽天ゴールデンイーグルス,,,2020-10-08,73,77,4,4,91,91,eBASEBALLパワフルプロ野球2020,2020,1.05,2020,https://www.baseless.org/data/source/2020/dat_E_1_05.html,https://www.konami.com/pawa/2020/update/201008
proeye:31435138,野村　佑希,北海道日本ハムファイターズ,,,2020-10-08,45,50,5,5,91,91,eBASEBALLパワフルプロ野球2020,2020,1.05,2020,https://www.baseless.org/data/source/2020/dat_F_1_05.html,https://www.konami.com/pawa/2020/update/201008
proeye:21225133,西川　遥輝,北海道日本ハムファイターズ,,,2020-10-08,93,88,-5,5,91,91,eBASEBALLパワフルプロ野球2020,2020,1.05,2020,https://www.baseless.org/data/source/2020/dat_F_1_05.html,https://www.konami.com/pawa/2020/update/201008
proeye:51855132,増田　大輝,読売ジャイアンツ,,,2020-10-08,73,77,4,4,91,91,eBASEBALLパワフルプロ野球2020,2020,1.05,2020,https://www.baseless.org/data/source/2020/dat_G_1_05.html,https://www.konami.com/pawa/2020/update/201008
proeye:01705130,栗原　陵矢,福岡ソフトバンクホークス,,,2020-10-08,56,61,5,5,91,91,eBASEBALLパワフルプロ野球2020,2020,1.05,2020,https://www.baseless.org/data/source/2020/dat_H_1_05.html,https://www.konami.com/pawa/2020/update/201008
proeye:21925119,鳥谷　敬,千葉ロッテマリーンズ,,,2020-10-08,60,58,-2,2,91,91,eBASEBALLパワフルプロ野球2020,2020,1.05,2020,https://www.baseless.org/data/source/2020/dat_M_1_05.html,https://www.konami.com/pawa/2020/update/201008
proeye:41545114,角中　勝也,千葉ロッテマリーンズ,,,2020-10-08,63,57,-6,6,91,91,eBASEBALLパワフルプロ野球2020,2020,1.05,2020,https://www.baseless.org/data/source/2020/dat_M_1_05.html,https://www.konami.com/pawa/2020/update/201008
proeye:13915151,Ａ．ロドリゲス,オリックス・バファローズ,,,2020-10-08,45,36,-9,9,91,91,eBASEBALLパワフルプロ野球2020,2020,1.05,2020,https://www.baseless.org/data/source/2020/dat_OBU_1_05.html,https://www.konami.com/pawa/2020/update/201008
proeye:73575151,Ａ．ジョーンズ,オリックス・バファローズ,,,2020-10-08,64,55,-9,9,91,91,eBASEBALLパワフルプロ野球2020,2020,1.05,2020,https://www.baseless.org/data/source/2020/dat_OBU_1_05.html,https://www.konami.com/pawa/2020/update/201008
proeye:73375132,渡邉　大樹,東京ヤクルトスワローズ,,,2020-10-08,75,79,4,4,91,91,eBASEBALLパワフルプロ野球2020,2020,1.05,2020,https://www.baseless.org/data/source/2020/dat_S_1_05.html,https://www.konami.com/pawa/2020/update/201008
proeye:91195119,糸井　嘉男,阪神タイガース,,,2020-10-08,75,71,-4,4,91,91,eBASEBALLパワフルプロ野球2020,2020,1.05,2020,https://www.baseless.org/data/source/2020/dat_T_1_05.html,https://www.konami.com/pawa/2020/update/201008
proeye:01305131,大島　洋平,中日ドラゴンズ,,,2020-11-26,87,83,-4,4,49,49,eBASEBALLパワフルプロ野球2020,2020,1.06,2020,https://www.baseless.org/data/source/2020/dat_D_1_06.html,https://www.konami.com/pawa/2020/update/201126
proeye:51455112,藤井　淳志,中日ドラゴンズ,,,2020-11-26,70,63,-7,7,49,49,eBASEBALLパワフルプロ野球2020,2020,1.06,2020,https://www.baseless.org/data/source/2020/dat_D_1_06.html,https://www.konami.com/pawa/2020/update/201126
proeye:51155118,浅村　栄斗,東北楽天ゴールデンイーグルス,,,2020-11-26,63,58,-5,5,49,49,eBASEBALLパワフルプロ野球2020,2020,1.06,2020,https://www.baseless.org/data/source/2020/dat_E_1_06.html,https://www.konami.com/pawa/2020/update/201126
proeye:81885114,渡辺　直人,東北楽天ゴールデンイーグルス,,,2020-11-26,65,61,-4,4,49,49,eBASEBALLパワフルプロ野球2020,2020,1.06,2020,https://www.baseless.org/data/source/2020/dat_E_1_06.html,https://www.konami.com/pawa/2020/update/201126
proeye:51955114,坂本　勇人,読売ジャイアンツ,,,2020-11-26,74,71,-3,3,49,49,eBASEBALLパワフルプロ野球2020,2020,1.06,2020,https://www.baseless.org/data/source/2020/dat_G_1_06.html,https://www.konami.com/pawa/2020/update/201126
proeye:73175151,柳町　達,福岡ソフトバンクホークス,,,2020-11-26,63,67,4,4,49,49,eBASEBALLパワフルプロ野球2020,2020,1.06,2020,https://www.baseless.org/data/source/2020/dat_H_1_06.html,https://www.konami.com/pawa/2020/update/201126
proeye:23525151,Ｃ．スパンジェンバーグ,埼玉西武ライオンズ,,,2020-11-26,78,84,6,6,49,49,eBASEBALLパワフルプロ野球2020,2020,1.06,2020,https://www.baseless.org/data/source/2020/dat_L_1_06.html,https://www.konami.com/pawa/2020/update/201126
proeye:71075151,佐藤　都志也,千葉ロッテマリーンズ,,,2020-11-26,76,71,-5,5,49,49,eBASEBALLパワフルプロ野球2020,2020,1.06,2020,https://www.baseless.org/data/source/2020/dat_M_1_06.html,https://www.konami.com/pawa/2020/update/201126
proeye:23525130,Ｂ．レアード,千葉ロッテマリーンズ,,,2020-11-26,42,37,-5,5,49,49,eBASEBALLパワフルプロ野球2020,2020,1.06,2020,https://www.baseless.org/data/source/2020/dat_M_1_06.html,https://www.konami.com/pawa/2020/update/201126
proeye:21425112,細谷　圭,千葉ロッテマリーンズ,,,2020-11-26,64,60,-4,4,49,49,eBASEBALLパワフルプロ野球2020,2020,1.06,2020,https://www.baseless.org/data/source/2020/dat_M_1_06.html,https://www.konami.com/pawa/2020/update/201126
proeye:91795131,清田　育宏,千葉ロッテマリーンズ,,,2020-11-26,66,61,-5,5,49,49,eBASEBALLパワフルプロ野球2020,2020,1.06,2020,https://www.baseless.org/data/source/2020/dat_M_1_06.html,https://www.konami.com/pawa/2020/update/201126
proeye:33335136,和田　康士朗,千葉ロッテマリーンズ,,,2020-11-26,87,92,5,5,49,49,eBASEBALLパワフルプロ野球2020,2020,1.06,2020,https://www.baseless.org/data/source/2020/dat_M_1_06.html,https://www.konami.com/pawa/2020/update/201126
proeye:73575151,Ａ．ジョーンズ,オリックス・バファローズ,,,2020-11-26,55,49,-6,6,49,49,eBASEBALLパワフルプロ野球2020,2020,1.06,2020,https://www.baseless.org/data/source/2020/dat_OBU_1_06.html,https://www.konami.com/pawa/2020/update/201126
proeye:91995130,佐野　皓大,オリックス・バファローズ,,,2020-11-26,90,93,3,3,49,49,eBASEBALLパワフルプロ野球2020,2020,1.06,2020,https://www.baseless.org/data/source/2020/dat_OBU_1_06.html,https://www.konami.com/pawa/2020/update/201126
proeye:21925117,坂口　智隆,東京ヤクルトスワローズ,,,2020-11-26,70,69,-1,1,49,49,eBASEBALLパワフルプロ野球2020,2020,1.06,2020,https://www.baseless.org/data/source/2020/dat_S_1_06.html,https://www.konami.com/pawa/2020/update/201126
proeye:31135119,青木　宣親,東京ヤクルトスワローズ,,,2020-11-26,73,68,-5,5,49,49,eBASEBALLパワフルプロ野球2020,2020,1.06,2020,https://www.baseless.org/data/source/2020/dat_S_1_06.html,https://www.konami.com/pawa/2020/update/201126
proeye:91195133,荒木　郁也,阪神タイガース,,,2020-11-26,81,78,-3,3,49,49,eBASEBALLパワフルプロ野球2020,2020,1.06,2020,https://www.baseless.org/data/source/2020/dat_T_1_06.html,https://www.konami.com/pawa/2020/update/201126
proeye:63365151,Ｊ．サンズ,阪神タイガース,,,2020-11-26,38,41,3,3,49,49,eBASEBALLパワフルプロ野球2020,2020,1.06,2020,https://www.baseless.org/data/source/2020/dat_T_1_06.html,https://www.konami.com/pawa/2020/update/201126
proeye:91195119,糸井　嘉男,阪神タイガース,,,2020-11-26,71,67,-4,4,49,49,eBASEBALLパワフルプロ野球2020,2020,1.06,2020,https://www.baseless.org/data/source/2020/dat_T_1_06.html,https://www.konami.com/pawa/2020/update/201126
proeye:81385110,亀井　善行,読売ジャイアンツ,,,2020-12-17,70,69,-1,1,21,21,eBASEBALLパワフルプロ野球2020,2020,1.07,2020,https://www.baseless.org/data/source/2020/dat_G_1_07.html,https://www.konami.com/pawa/2020/update/201217
proeye:41245130,外崎　修汰,埼玉西武ライオンズ,,,2020-12-17,70,74,4,4,21,21,eBASEBALLパワフルプロ野球2020,2020,1.07,2020,https://www.baseless.org/data/source/2020/dat_L_1_07.html,https://www.konami.com/pawa/2020/update/201217
proeye:21925136,周東　佑京,福岡ソフトバンクホークス,,,2021-04-08,94,96,2,2,112,112,eBASEBALLパワフルプロ野球2020,2020,1.09,2021,https://www.baseless.org/data/source/2020/dat_H_1_09.html,https://www.konami.com/pawa/2020/update/210408
proeye:51255131,藤川　俊介,阪神タイガース,,,2021-04-08,76,75,-1,1,112,112,eBASEBALLパワフルプロ野球2020,2020,1.09,2021,https://www.baseless.org/data/source/2020/dat_T_1_09.html,https://www.konami.com/pawa/2020/update/210408
proeye:81085136,田中　俊太,横浜DeNAベイスターズ,,,2021-05-20,60,66,6,6,42,42,eBASEBALLパワフルプロ野球2020,2020,1.12,2021,https://www.baseless.org/data/source/2020/dat_BA_1_12.html,https://www.konami.com/pawa/2020/update/210520
proeye:81285136,中村　奨成,広島東洋カープ,,,2021-05-20,61,73,12,12,42,42,eBASEBALLパワフルプロ野球2020,2020,1.12,2021,https://www.baseless.org/data/source/2020/dat_C_1_12.html,https://www.konami.com/pawa/2020/update/210520
proeye:01305151,上野　響平,北海道日本ハムファイターズ,,,2021-05-20,62,64,2,2,42,42,eBASEBALLパワフルプロ野球2020,2020,1.12,2021,https://www.baseless.org/data/source/2020/dat_F_1_12.html,https://www.konami.com/pawa/2020/update/210520
proeye:71875130,八百板　卓丸,読売ジャイアンツ,,,2021-05-20,68,71,3,3,573,573,eBASEBALLパワフルプロ野球2020,2020,1.12,2021,https://www.baseless.org/data/source/2020/dat_G_1_12.html,https://www.konami.com/pawa/2020/update/210520
proeye:51955153,来田　涼斗,オリックス・バファローズ,,,2021-05-20,72,76,4,4,42,42,eBASEBALLパワフルプロ野球2020,2020,1.12,2021,https://www.baseless.org/data/source/2020/dat_OBU_1_12.html,https://www.konami.com/pawa/2020/update/210520
proeye:71475138,羽月　隆太郎,広島東洋カープ,,,2021-07-28,80,84,4,4,69,69,eBASEBALLパワフルプロ野球2020,2020,1.13,2021,https://www.baseless.org/data/source/2020/dat_C_1_13.html,https://www.konami.com/pawa/2020/update/210728
proeye:51155118,浅村　栄斗,東北楽天ゴールデンイーグルス,,,2021-07-28,58,53,-5,5,69,69,eBASEBALLパワフルプロ野球2020,2020,1.13,2021,https://www.baseless.org/data/source/2020/dat_E_1_13.html,https://www.konami.com/pawa/2020/update/210728
proeye:11215118,中島　卓也,北海道日本ハムファイターズ,,,2021-07-28,89,84,-5,5,69,69,eBASEBALLパワフルプロ野球2020,2020,1.13,2021,https://www.baseless.org/data/source/2020/dat_F_1_13.html,https://www.konami.com/pawa/2020/update/210728
proeye:21225133,西川　遥輝,北海道日本ハムファイターズ,,,2021-07-28,88,83,-5,5,69,69,eBASEBALLパワフルプロ野球2020,2020,1.13,2021,https://www.baseless.org/data/source/2020/dat_F_1_13.html,https://www.konami.com/pawa/2020/update/210728
proeye:21325136,大城　卓三,読売ジャイアンツ,,,2021-07-28,43,31,-12,12,69,69,eBASEBALLパワフルプロ野球2020,2020,1.13,2021,https://www.baseless.org/data/source/2020/dat_G_1_13.html,https://www.konami.com/pawa/2020/update/210728
proeye:11515130,岡本　和真,読売ジャイアンツ,,,2021-07-28,43,47,4,4,69,69,eBASEBALLパワフルプロ野球2020,2020,1.13,2021,https://www.baseless.org/data/source/2020/dat_G_1_13.html,https://www.konami.com/pawa/2020/update/210728
proeye:83785153,Ｅ．テームズ,読売ジャイアンツ,,,2021-07-28,46,36,-10,10,69,69,eBASEBALLパワフルプロ野球2020,2020,1.13,2021,https://www.baseless.org/data/source/2020/dat_G_1_13.html,https://www.konami.com/pawa/2020/update/210728
proeye:51155119,明石　健志,福岡ソフトバンクホークス,,,2021-07-28,73,68,-5,5,69,69,eBASEBALLパワフルプロ野球2020,2020,1.13,2021,https://www.baseless.org/data/source/2020/dat_H_1_13.html,https://www.konami.com/pawa/2020/update/210728
proeye:51255136,綱島　龍生,埼玉西武ライオンズ,,,2021-07-28,68,70,2,2,69,69,eBASEBALLパワフルプロ野球2020,2020,1.13,2021,https://www.baseless.org/data/source/2020/dat_L_1_13.html,https://www.konami.com/pawa/2020/update/210728
proeye:53555153,若林　楽人,埼玉西武ライオンズ,,,2021-07-28,80,85,5,5,69,69,eBASEBALLパワフルプロ野球2020,2020,1.13,2021,https://www.baseless.org/data/source/2020/dat_L_1_13.html,https://www.konami.com/pawa/2020/update/210728
proeye:73575151,Ａ．ジョーンズ,オリックス・バファローズ,,,2021-07-28,49,38,-11,11,69,69,eBASEBALLパワフルプロ野球2020,2020,1.13,2021,https://www.baseless.org/data/source/2020/dat_OBU_1_13.html,https://www.konami.com/pawa/2020/update/210728
proeye:51955153,来田　涼斗,オリックス・バファローズ,,,2021-07-28,76,78,2,2,69,69,eBASEBALLパワフルプロ野球2020,2020,1.13,2021,https://www.baseless.org/data/source/2020/dat_OBU_1_13.html,https://www.konami.com/pawa/2020/update/210728
proeye:71975136,塩見　泰隆,東京ヤクルトスワローズ,,,2021-07-28,82,83,1,1,69,69,eBASEBALLパワフルプロ野球2020,2020,1.13,2021,https://www.baseless.org/data/source/2020/dat_S_1_13.html,https://www.konami.com/pawa/2020/update/210728
proeye:31135119,青木　宣親,東京ヤクルトスワローズ,,,2021-07-28,68,63,-5,5,69,69,eBASEBALLパワフルプロ野球2020,2020,1.13,2021,https://www.baseless.org/data/source/2020/dat_S_1_13.html,https://www.konami.com/pawa/2020/update/210728
proeye:33135132,山崎　晃大朗,東京ヤクルトスワローズ,,,2021-07-28,78,82,4,4,69,69,eBASEBALLパワフルプロ野球2020,2020,1.13,2021,https://www.baseless.org/data/source/2020/dat_S_1_13.html,https://www.konami.com/pawa/2020/update/210728
proeye:41445153,中野　拓夢,阪神タイガース,,,2021-07-28,69,70,1,1,69,69,eBASEBALLパワフルプロ野球2020,2020,1.13,2021,https://www.baseless.org/data/source/2020/dat_T_1_13.html,https://www.konami.com/pawa/2020/update/210728
proeye:31735132,木下　拓哉,中日ドラゴンズ,,,2021-10-28,45,39,-6,6,92,92,eBASEBALLパワフルプロ野球2020,2020,1.15,2021,https://www.baseless.org/data/source/2020/dat_D_1_15.html,https://www.konami.com/pawa/2020/update/211028
proeye:81785138,佐藤　龍世,北海道日本ハムファイターズ,,,2021-10-28,55,40,-15,15,92,92,eBASEBALLパワフルプロ野球2020,2020,1.15,2021,https://www.baseless.org/data/source/2020/dat_F_1_15.html,https://www.konami.com/pawa/2020/update/211028
proeye:03905153,Ｒ．ロドリゲス,北海道日本ハムファイターズ,,,2021-10-28,58,53,-5,5,92,92,eBASEBALLパワフルプロ野球2020,2020,1.15,2021,https://www.baseless.org/data/source/2020/dat_F_1_15.html,https://www.konami.com/pawa/2020/update/211028
proeye:43145136,湯浅　大,読売ジャイアンツ,,,2021-10-28,58,63,5,5,92,92,eBASEBALLパワフルプロ野球2020,2020,1.15,2021,https://www.baseless.org/data/source/2020/dat_G_1_15.html,https://www.konami.com/pawa/2020/update/211028
proeye:81385110,亀井　善行,読売ジャイアンツ,,,2021-10-28,69,66,-3,3,92,92,eBASEBALLパワフルプロ野球2020,2020,1.15,2021,https://www.baseless.org/data/source/2020/dat_G_1_15.html,https://www.konami.com/pawa/2020/update/211028
proeye:01705130,栗原　陵矢,福岡ソフトバンクホークス,,,2021-10-28,61,65,4,4,92,92,eBASEBALLパワフルプロ野球2020,2020,1.15,2021,https://www.baseless.org/data/source/2020/dat_H_1_15.html,https://www.konami.com/pawa/2020/update/211028
proeye:11715132,川瀬　晃,福岡ソフトバンクホークス,,,2021-10-28,65,68,3,3,92,92,eBASEBALLパワフルプロ野球2020,2020,1.15,2021,https://www.baseless.org/data/source/2020/dat_H_1_15.html,https://www.konami.com/pawa/2020/update/211028
proeye:11415138,野村　大樹,福岡ソフトバンクホークス,,,2021-10-28,48,51,3,3,92,92,eBASEBALLパワフルプロ野球2020,2020,1.15,2021,https://www.baseless.org/data/source/2020/dat_H_1_15.html,https://www.konami.com/pawa/2020/update/211028
proeye:71575131,荻野　貴司,千葉ロッテマリーンズ,,,2021-10-28,83,80,-3,3,92,92,eBASEBALLパワフルプロ野球2020,2020,1.15,2021,https://www.baseless.org/data/source/2020/dat_M_1_15.html,https://www.konami.com/pawa/2020/update/211028
proeye:11515132,大城　滉二,オリックス・バファローズ,,,2021-10-28,77,72,-5,5,92,92,eBASEBALLパワフルプロ野球2020,2020,1.15,2021,https://www.baseless.org/data/source/2020/dat_OBU_1_15.html,https://www.konami.com/pawa/2020/update/211028
proeye:73575151,Ａ．ジョーンズ,オリックス・バファローズ,,,2021-10-28,38,24,-14,14,92,92,eBASEBALLパワフルプロ野球2020,2020,1.15,2021,https://www.baseless.org/data/source/2020/dat_OBU_1_15.html,https://www.konami.com/pawa/2020/update/211028
proeye:51955153,来田　涼斗,オリックス・バファローズ,,,2021-10-28,78,83,5,5,92,92,eBASEBALLパワフルプロ野球2020,2020,1.15,2021,https://www.baseless.org/data/source/2020/dat_OBU_1_15.html,https://www.konami.com/pawa/2020/update/211028
proeye:63365138,Ｊ．マルテ,阪神タイガース,,,2021-10-28,35,47,12,12,92,92,eBASEBALLパワフルプロ野球2020,2020,1.15,2021,https://www.baseless.org/data/source/2020/dat_T_1_15.html,https://www.konami.com/pawa/2020/update/211028
proeye:81185134,糸原　健斗,阪神タイガース,,,2021-10-28,63,60,-3,3,92,92,eBASEBALLパワフルプロ野球2020,2020,1.15,2021,https://www.baseless.org/data/source/2020/dat_T_1_15.html,https://www.konami.com/pawa/2020/update/211028
proeye:43545153,Ｍ．ガーバー,中日ドラゴンズ,,,2021-12-23,77,67,-10,10,56,56,eBASEBALLパワフルプロ野球2020,2020,1.16,2021,https://www.baseless.org/data/source/2020/dat_D_1_16.html,https://www.konami.com/pawa/2020/update/211223
proeye:41445153,中野　拓夢,阪神タイガース,,,2021-12-23,70,75,5,5,56,56,eBASEBALLパワフルプロ野球2020,2020,1.16,2021,https://www.baseless.org/data/source/2020/dat_T_1_16.html,https://www.konami.com/pawa/2020/update/211223
proeye:63365151,Ｊ．サンズ,阪神タイガース,,,2021-12-23,41,36,-5,5,56,56,eBASEBALLパワフルプロ野球2020,2020,1.16,2021,https://www.baseless.org/data/source/2020/dat_T_1_16.html,https://www.konami.com/pawa/2020/update/211223
proeye:21225110,藤田　一也,横浜DeNAベイスターズ,,,2022-04-21,57,53,-4,4,119,119,eBASEBALLパワフルプロ野球2022,2022,archive_default_unversioned,2022,https://www.baseless.org/data/source/2022/dat_BA.html,https://www.konami.com/pawa/2022/
proeye:01805151,武藤　敦貴,東北楽天ゴールデンイーグルス,,,2022-04-21,67,70,3,3,119,119,eBASEBALLパワフルプロ野球2022,2022,archive_default_unversioned,2022,https://www.baseless.org/data/source/2022/dat_E.html,https://www.konami.com/pawa/2022/
proeye:21825134,松原　聖弥,読売ジャイアンツ,,,2022-04-21,84,81,-3,3,119,119,eBASEBALLパワフルプロ野球2022,2022,archive_default_unversioned,2022,https://www.baseless.org/data/source/2022/dat_G.html,https://www.konami.com/pawa/2022/
proeye:51255138,中川　圭太,オリックス・バファローズ,,,2022-04-21,65,67,2,2,119,119,eBASEBALLパワフルプロ野球2022,2022,archive_default_unversioned,2022,https://www.baseless.org/data/source/2022/dat_OBU.html,https://www.konami.com/pawa/2022/
proeye:11815138,万波　中正,北海道日本ハムファイターズ,,,2022-05-19,58,64,6,6,28,28,eBASEBALLパワフルプロ野球2022,2022,1.02,2022,https://www.baseless.org/data/source/2022/dat_F_1_02.html,https://www.konami.com/pawa/2022/update/220519
proeye:11615155,野村　勇,福岡ソフトバンクホークス,,,2022-05-19,82,85,3,3,28,28,eBASEBALLパワフルプロ野球2022,2022,1.02,2022,https://www.baseless.org/data/source/2022/dat_H_1_02.html,https://www.konami.com/pawa/2022/update/220519
proeye:01705130,栗原　陵矢,福岡ソフトバンクホークス,,,2022-05-19,65,54,-11,11,28,28,eBASEBALLパワフルプロ野球2022,2022,1.02,2022,https://www.baseless.org/data/source/2022/dat_H_1_02.html,https://www.konami.com/pawa/2022/update/220519
proeye:31035134,鈴木　将平,埼玉西武ライオンズ,,,2022-05-19,79,81,2,2,28,28,eBASEBALLパワフルプロ野球2022,2022,1.02,2022,https://www.baseless.org/data/source/2022/dat_L_1_02.html,https://www.konami.com/pawa/2022/update/220519
proeye:81585134,京田　陽太,中日ドラゴンズ,,,2022-07-21,89,87,-2,2,63,63,eBASEBALLパワフルプロ野球2022,2022,1.04,2022,https://www.baseless.org/data/source/2022/dat_D_1_04.html,https://www.konami.com/pawa/2022/update/220721
proeye:21025136,髙松　渡,中日ドラゴンズ,,,2022-07-21,84,90,6,6,63,63,eBASEBALLパワフルプロ野球2022,2022,1.04,2022,https://www.baseless.org/data/source/2022/dat_D_1_04.html,https://www.konami.com/pawa/2022/update/220721
proeye:81285137,溝脇　隼人,中日ドラゴンズ,,,2022-07-21,67,72,5,5,63,63,eBASEBALLパワフルプロ野球2022,2022,1.04,2022,https://www.baseless.org/data/source/2022/dat_D_1_04.html,https://www.konami.com/pawa/2022/update/220721
proeye:81585151,岡林　勇希,中日ドラゴンズ,,,2022-07-21,78,81,3,3,63,63,eBASEBALLパワフルプロ野球2022,2022,1.04,2022,https://www.baseless.org/data/source/2022/dat_D_1_04.html,https://www.konami.com/pawa/2022/update/220721
proeye:01805151,武藤　敦貴,東北楽天ゴールデンイーグルス,,,2022-07-21,70,75,5,5,63,63,eBASEBALLパワフルプロ野球2022,2022,1.04,2022,https://www.baseless.org/data/source/2022/dat_E_1_04.html,https://www.konami.com/pawa/2022/update/220721
proeye:21625135,松本　剛,北海道日本ハムファイターズ,,,2022-07-21,65,69,4,4,63,63,eBASEBALLパワフルプロ野球2022,2022,1.04,2022,https://www.baseless.org/data/source/2022/dat_F_1_04.html,https://www.konami.com/pawa/2022/update/220721
proeye:61065116,中田　翔,読売ジャイアンツ,,,2022-07-21,48,42,-6,6,63,63,eBASEBALLパワフルプロ野球2022,2022,1.04,2022,https://www.baseless.org/data/source/2022/dat_G_1_04.html,https://www.konami.com/pawa/2022/update/220721
proeye:33135134,三森　大貴,福岡ソフトバンクホークス,,,2022-07-21,78,84,6,6,63,63,eBASEBALLパワフルプロ野球2022,2022,1.04,2022,https://www.baseless.org/data/source/2022/dat_H_1_04.html,https://www.konami.com/pawa/2022/update/220721
proeye:91395139,上林　誠知,福岡ソフトバンクホークス,,,2022-07-21,77,71,-6,6,63,63,eBASEBALLパワフルプロ野球2022,2022,1.04,2022,https://www.baseless.org/data/source/2022/dat_H_1_04.html,https://www.konami.com/pawa/2022/update/220721
proeye:81085115,中村　剛也,埼玉西武ライオンズ,,,2022-07-21,55,52,-3,3,63,63,eBASEBALLパワフルプロ野球2022,2022,1.04,2022,https://www.baseless.org/data/source/2022/dat_L_1_04.html,https://www.konami.com/pawa/2022/update/220721
proeye:91995151,紅林　弘太郎,オリックス・バファローズ,,,2022-07-21,63,59,-4,4,63,63,eBASEBALLパワフルプロ野球2022,2022,1.04,2022,https://www.baseless.org/data/source/2022/dat_OBU_1_04.html,https://www.konami.com/pawa/2022/update/220721
proeye:63365138,Ｊ．マルテ,阪神タイガース,,,2022-07-21,47,38,-9,9,63,63,eBASEBALLパワフルプロ野球2022,2022,1.04,2022,https://www.baseless.org/data/source/2022/dat_T_1_04.html,https://www.konami.com/pawa/2022/update/220721
proeye:81185134,糸原　健斗,阪神タイガース,,,2022-07-21,60,57,-3,3,63,63,eBASEBALLパワフルプロ野球2022,2022,1.04,2022,https://www.baseless.org/data/source/2022/dat_T_1_04.html,https://www.konami.com/pawa/2022/update/220721
proeye:91195119,糸井　嘉男,阪神タイガース,,,2022-07-21,67,63,-4,4,63,63,eBASEBALLパワフルプロ野球2022,2022,1.04,2022,https://www.baseless.org/data/source/2022/dat_T_1_04.html,https://www.konami.com/pawa/2022/update/220721
proeye:61465112,大和,横浜DeNAベイスターズ,,,2022-09-29,76,67,-9,9,70,70,eBASEBALLパワフルプロ野球2022,2022,1.07,2022,https://www.baseless.org/data/source/2022/dat_BA_1_07.html,https://www.konami.com/pawa/2022/update/220929
proeye:51455153,土田　龍空,中日ドラゴンズ,,,2022-09-29,62,64,2,2,70,70,eBASEBALLパワフルプロ野球2022,2022,1.07,2022,https://www.baseless.org/data/source/2022/dat_D_1_07.html,https://www.konami.com/pawa/2022/update/220929
proeye:81585134,京田　陽太,中日ドラゴンズ,,,2022-09-29,87,85,-2,2,70,70,eBASEBALLパワフルプロ野球2022,2022,1.07,2022,https://www.baseless.org/data/source/2022/dat_D_1_07.html,https://www.konami.com/pawa/2022/update/220929
proeye:01305131,大島　洋平,中日ドラゴンズ,,,2022-09-29,83,80,-3,3,70,70,eBASEBALLパワフルプロ野球2022,2022,1.07,2022,https://www.baseless.org/data/source/2022/dat_D_1_07.html,https://www.konami.com/pawa/2022/update/220929
proeye:81185139,石川　亮,北海道日本ハムファイターズ,,,2022-09-29,34,46,12,12,70,70,eBASEBALLパワフルプロ野球2022,2022,1.07,2022,https://www.baseless.org/data/source/2022/dat_F_1_07.html,https://www.konami.com/pawa/2022/update/220929
proeye:61365132,宇佐見　真吾,北海道日本ハムファイターズ,,,2022-09-29,35,37,2,2,70,70,eBASEBALLパワフルプロ野球2022,2022,1.07,2022,https://www.baseless.org/data/source/2022/dat_F_1_07.html,https://www.konami.com/pawa/2022/update/220929
proeye:61965130,清水　優心,北海道日本ハムファイターズ,,,2022-09-29,50,44,-6,6,70,70,eBASEBALLパワフルプロ野球2022,2022,1.07,2022,https://www.baseless.org/data/source/2022/dat_F_1_07.html,https://www.konami.com/pawa/2022/update/220929
proeye:21125134,石井　一成,北海道日本ハムファイターズ,,,2022-09-29,68,79,11,11,70,70,eBASEBALLパワフルプロ野球2022,2022,1.07,2022,https://www.baseless.org/data/source/2022/dat_F_1_07.html,https://www.konami.com/pawa/2022/update/220929
proeye:11615137,谷内　亮太,北海道日本ハムファイターズ,,,2022-09-29,55,61,6,6,70,70,eBASEBALLパワフルプロ野球2022,2022,1.07,2022,https://www.baseless.org/data/source/2022/dat_F_1_07.html,https://www.konami.com/pawa/2022/update/220929
proeye:01005130,髙濱　祐仁,北海道日本ハムファイターズ,,,2022-09-29,54,59,5,5,70,70,eBASEBALLパワフルプロ野球2022,2022,1.07,2022,https://www.baseless.org/data/source/2022/dat_F_1_07.html,https://www.konami.com/pawa/2022/update/220929
proeye:31435138,野村　佑希,北海道日本ハムファイターズ,,,2022-09-29,50,52,2,2,70,70,eBASEBALLパワフルプロ野球2022,2022,1.07,2022,https://www.baseless.org/data/source/2022/dat_F_1_07.html,https://www.konami.com/pawa/2022/update/220929
proeye:41545136,清宮　幸太郎,北海道日本ハムファイターズ,,,2022-09-29,45,56,11,11,70,70,eBASEBALLパワフルプロ野球2022,2022,1.07,2022,https://www.baseless.org/data/source/2022/dat_F_1_07.html,https://www.konami.com/pawa/2022/update/220929
proeye:41745135,近藤　健介,北海道日本ハムファイターズ,,,2022-09-29,51,64,13,13,70,70,eBASEBALLパワフルプロ野球2022,2022,1.07,2022,https://www.baseless.org/data/source/2022/dat_F_1_07.html,https://www.konami.com/pawa/2022/update/220929
proeye:31135130,淺間　大基,北海道日本ハムファイターズ,,,2022-09-29,66,70,4,4,70,70,eBASEBALLパワフルプロ野球2022,2022,1.07,2022,https://www.baseless.org/data/source/2022/dat_F_1_07.html,https://www.konami.com/pawa/2022/update/220929
proeye:51855132,増田　大輝,読売ジャイアンツ,,,2022-09-29,77,71,-6,6,280,280,eBASEBALLパワフルプロ野球2022,2022,1.07,2022,https://www.baseless.org/data/source/2022/dat_G_1_07.html,https://www.konami.com/pawa/2022/update/220929
proeye:31935151,菊田　拡和,読売ジャイアンツ,,,2022-09-29,40,48,8,8,70,70,eBASEBALLパワフルプロ野球2022,2022,1.07,2022,https://www.baseless.org/data/source/2022/dat_G_1_07.html,https://www.konami.com/pawa/2022/update/220929
proeye:51655112,松田　宣浩,福岡ソフトバンクホークス,,,2022-09-29,62,60,-2,2,70,70,eBASEBALLパワフルプロ野球2022,2022,1.07,2022,https://www.baseless.org/data/source/2022/dat_H_1_07.html,https://www.konami.com/pawa/2022/update/220929
proeye:71775132,黒瀬　健太,福岡ソフトバンクホークス,,,2022-09-29,21,27,6,6,1428,1428,eBASEBALLパワフルプロ野球2022,2022,1.07,2022,https://www.baseless.org/data/source/2022/dat_H_1_07.html,https://www.konami.com/pawa/2022/update/220929
proeye:33135134,三森　大貴,福岡ソフトバンクホークス,,,2022-09-29,84,89,5,5,70,70,eBASEBALLパワフルプロ野球2022,2022,1.07,2022,https://www.baseless.org/data/source/2022/dat_H_1_07.html,https://www.konami.com/pawa/2022/update/220929
proeye:31835133,柳田　悠岐,福岡ソフトバンクホークス,,,2022-09-29,79,74,-5,5,70,70,eBASEBALLパワフルプロ野球2022,2022,1.07,2022,https://www.baseless.org/data/source/2022/dat_H_1_07.html,https://www.konami.com/pawa/2022/update/220929
proeye:21425139,山川　穂高,埼玉西武ライオンズ,,,2022-09-29,41,51,10,10,70,70,eBASEBALLパワフルプロ野球2022,2022,1.07,2022,https://www.baseless.org/data/source/2022/dat_L_1_07.html,https://www.konami.com/pawa/2022/update/220929
proeye:13115130,山田　遥楓,埼玉西武ライオンズ,,,2022-09-29,57,63,6,6,70,70,eBASEBALLパワフルプロ野球2022,2022,1.07,2022,https://www.baseless.org/data/source/2022/dat_L_1_07.html,https://www.konami.com/pawa/2022/update/220929
proeye:11215151,髙部　瑛斗,千葉ロッテマリーンズ,,,2022-09-29,80,88,8,8,70,70,eBASEBALLパワフルプロ野球2022,2022,1.07,2022,https://www.baseless.org/data/source/2022/dat_M_1_07.html,https://www.konami.com/pawa/2022/update/220929
proeye:51255138,中川　圭太,オリックス・バファローズ,,,2022-09-29,67,70,3,3,70,70,eBASEBALLパワフルプロ野球2022,2022,1.07,2022,https://www.baseless.org/data/source/2022/dat_OBU_1_07.html,https://www.konami.com/pawa/2022/update/220929
proeye:21925117,坂口　智隆,東京ヤクルトスワローズ,,,2022-09-29,69,67,-2,2,70,70,eBASEBALLパワフルプロ野球2022,2022,1.07,2022,https://www.baseless.org/data/source/2022/dat_S_1_07.html,https://www.konami.com/pawa/2022/update/220929
proeye:63365138,Ｊ．マルテ,阪神タイガース,,,2022-09-29,38,23,-15,15,70,70,eBASEBALLパワフルプロ野球2022,2022,1.07,2022,https://www.baseless.org/data/source/2022/dat_T_1_07.html,https://www.konami.com/pawa/2022/update/220929
proeye:33435155,Ｐ．レビーラ,中日ドラゴンズ,,,2022-11-24,53,43,-10,10,56,56,eBASEBALLパワフルプロ野球2022,2022,1.08,2022,https://www.baseless.org/data/source/2022/dat_D_1_08.html,https://www.konami.com/pawa/2022/update/221124
proeye:91595133,甲斐　拓也,福岡ソフトバンクホークス,,,2022-11-24,70,68,-2,2,56,56,eBASEBALLパワフルプロ野球2022,2022,1.08,2022,https://www.baseless.org/data/source/2022/dat_H_1_08.html,https://www.konami.com/pawa/2022/update/221124
proeye:33135134,三森　大貴,福岡ソフトバンクホークス,,,2022-11-24,89,92,3,3,56,56,eBASEBALLパワフルプロ野球2022,2022,1.08,2022,https://www.baseless.org/data/source/2022/dat_H_1_08.html,https://www.konami.com/pawa/2022/update/221124
proeye:11215151,髙部　瑛斗,千葉ロッテマリーンズ,,,2022-11-24,88,90,2,2,56,56,eBASEBALLパワフルプロ野球2022,2022,1.08,2022,https://www.baseless.org/data/source/2022/dat_M_1_08.html,https://www.konami.com/pawa/2022/update/221124
proeye:91995151,紅林　弘太郎,オリックス・バファローズ,,,2022-11-24,59,56,-3,3,56,56,eBASEBALLパワフルプロ野球2022,2022,1.08,2022,https://www.baseless.org/data/source/2022/dat_OBU_1_08.html,https://www.konami.com/pawa/2022/update/221124
proeye:51455151,長岡　秀樹,東京ヤクルトスワローズ,,,2022-11-24,66,58,-8,8,56,56,eBASEBALLパワフルプロ野球2022,2022,1.08,2022,https://www.baseless.org/data/source/2022/dat_S_1_08.html,https://www.konami.com/pawa/2022/update/221124
proeye:21825157,松尾　汐恩,横浜DeNAベイスターズ,,,2023-03-30,75,63,-12,12,1955,1955,eBASEBALLパワフルプロ野球2022,2022,1.09,2023,https://www.baseless.org/data/source/2022/dat_BA_1_09.html,https://www.konami.com/pawa/2022/update/230330
proeye:01605138,増田　陸,読売ジャイアンツ,,,2023-03-30,62,67,5,5,126,126,eBASEBALLパワフルプロ野球2022,2022,1.09,2023,https://www.baseless.org/data/source/2022/dat_G_1_09.html,https://www.konami.com/pawa/2022/update/230330
proeye:71075136,高木　渉,埼玉西武ライオンズ,,,2023-03-30,79,76,-3,3,126,126,eBASEBALLパワフルプロ野球2022,2022,1.09,2023,https://www.baseless.org/data/source/2022/dat_L_1_09.html,https://www.konami.com/pawa/2022/update/230330
proeye:51955155,小森　航大郎,東京ヤクルトスワローズ,,,2023-03-30,74,81,7,7,126,126,eBASEBALLパワフルプロ野球2022,2022,1.09,2023,https://www.baseless.org/data/source/2022/dat_S_1_09.html,https://www.konami.com/pawa/2022/update/230330
proeye:91995112,炭谷　銀仁朗,東北楽天ゴールデンイーグルス,,,2023-05-25,58,46,-12,12,56,56,eBASEBALLパワフルプロ野球2022,2022,1.10,2023,https://www.baseless.org/data/source/2022/dat_E_1_10.html,https://www.konami.com/pawa/2022/update/230525
proeye:01705130,栗原　陵矢,福岡ソフトバンクホークス,,,2023-05-25,54,57,3,3,56,56,eBASEBALLパワフルプロ野球2022,2022,1.10,2023,https://www.baseless.org/data/source/2022/dat_H_1_10.html,https://www.konami.com/pawa/2022/update/230525
proeye:91995134,佐野　恵太,横浜DeNAベイスターズ,,,2023-07-20,53,48,-5,5,56,56,eBASEBALLパワフルプロ野球2022,2022,1.11,2023,https://www.baseless.org/data/source/2022/dat_BA_1_11.html,https://www.konami.com/pawa/2022/update/230720
proeye:81285136,中村　奨成,広島東洋カープ,,,2023-07-20,73,71,-2,2,56,56,eBASEBALLパワフルプロ野球2022,2022,1.11,2023,https://www.baseless.org/data/source/2022/dat_C_1_11.html,https://www.konami.com/pawa/2022/update/230720
proeye:01705138,小園　海斗,広島東洋カープ,,,2023-07-20,86,85,-1,1,56,56,eBASEBALLパワフルプロ野球2022,2022,1.11,2023,https://www.baseless.org/data/source/2022/dat_C_1_11.html,https://www.konami.com/pawa/2022/update/230720
proeye:71975155,阪口　樂,北海道日本ハムファイターズ,,,2023-07-20,41,47,6,6,56,56,eBASEBALLパワフルプロ野球2022,2022,1.11,2023,https://www.baseless.org/data/source/2022/dat_F_1_11.html,https://www.konami.com/pawa/2022/update/230720
proeye:61565114,梶谷　隆幸,読売ジャイアンツ,,,2023-07-20,82,79,-3,3,56,56,eBASEBALLパワフルプロ野球2022,2022,1.11,2023,https://www.baseless.org/data/source/2022/dat_G_1_11.html,https://www.konami.com/pawa/2022/update/230720
proeye:53055157,Ｄ．マキノン,埼玉西武ライオンズ,,,2023-07-20,50,56,6,6,56,56,eBASEBALLパワフルプロ野球2022,2022,1.11,2023,https://www.baseless.org/data/source/2022/dat_L_1_11.html,https://www.konami.com/pawa/2022/update/230720
proeye:73575153,渡部　健人,埼玉西武ライオンズ,,,2023-07-20,47,54,7,7,56,56,eBASEBALLパワフルプロ野球2022,2022,1.11,2023,https://www.baseless.org/data/source/2022/dat_L_1_11.html,https://www.konami.com/pawa/2022/update/230720
proeye:63065155,Ｇ．ポランコ,千葉ロッテマリーンズ,,,2023-07-20,67,63,-4,4,56,56,eBASEBALLパワフルプロ野球2022,2022,1.11,2023,https://www.baseless.org/data/source/2022/dat_M_1_11.html,https://www.konami.com/pawa/2022/update/230720
proeye:83785157,Ｆ．シュウィンデル,オリックス・バファローズ,,,2023-07-20,47,43,-4,4,56,56,eBASEBALLパワフルプロ野球2022,2022,1.11,2023,https://www.baseless.org/data/source/2022/dat_OBU_1_11.html,https://www.konami.com/pawa/2022/update/230720
proeye:31735112,川端　慎吾,東京ヤクルトスワローズ,,,2023-07-20,62,58,-4,4,56,56,eBASEBALLパワフルプロ野球2022,2022,1.11,2023,https://www.baseless.org/data/source/2022/dat_S_1_11.html,https://www.konami.com/pawa/2022/update/230720
proeye:31735138,木浪　聖也,阪神タイガース,,,2023-07-20,64,59,-5,5,56,56,eBASEBALLパワフルプロ野球2022,2022,1.11,2023,https://www.baseless.org/data/source/2022/dat_T_1_11.html,https://www.konami.com/pawa/2022/update/230720
proeye:51455137,宮﨑　敏郎,横浜DeNAベイスターズ,,,2023-09-28,43,36,-7,7,70,70,eBASEBALLパワフルプロ野球2022,2022,1.12,2023,https://www.baseless.org/data/source/2022/dat_BA_1_12.html,https://www.konami.com/pawa/2022/update/230928
proeye:81585134,京田　陽太,横浜DeNAベイスターズ,,,2023-09-28,85,78,-7,7,70,70,eBASEBALLパワフルプロ野球2022,2022,1.12,2023,https://www.baseless.org/data/source/2022/dat_BA_1_12.html,https://www.konami.com/pawa/2022/update/230928
proeye:61465112,大和,横浜DeNAベイスターズ,,,2023-09-28,67,62,-5,5,70,70,eBASEBALLパワフルプロ野球2022,2022,1.12,2023,https://www.baseless.org/data/source/2022/dat_BA_1_12.html,https://www.konami.com/pawa/2022/update/230928
proeye:41345118,大田　泰示,横浜DeNAベイスターズ,,,2023-09-28,73,67,-6,6,70,70,eBASEBALLパワフルプロ野球2022,2022,1.12,2023,https://www.baseless.org/data/source/2022/dat_BA_1_12.html,https://www.konami.com/pawa/2022/update/230928
proeye:91195151,石川　昂弥,中日ドラゴンズ,,,2023-09-28,55,41,-14,14,70,70,eBASEBALLパワフルプロ野球2022,2022,1.12,2023,https://www.baseless.org/data/source/2022/dat_D_1_12.html,https://www.konami.com/pawa/2022/update/230928
proeye:43345136,Ｚ．アルモンテ,中日ドラゴンズ,,,2023-09-28,58,52,-6,6,70,70,eBASEBALLパワフルプロ野球2022,2022,1.12,2023,https://www.baseless.org/data/source/2022/dat_D_1_12.html,https://www.konami.com/pawa/2022/update/230928
proeye:41845132,村林　一輝,東北楽天ゴールデンイーグルス,,,2023-09-28,60,64,4,4,70,70,eBASEBALLパワフルプロ野球2022,2022,1.12,2023,https://www.baseless.org/data/source/2022/dat_E_1_12.html,https://www.konami.com/pawa/2022/update/230928
proeye:51155118,浅村　栄斗,東北楽天ゴールデンイーグルス,,,2023-09-28,53,55,2,2,70,70,eBASEBALLパワフルプロ野球2022,2022,1.12,2023,https://www.baseless.org/data/source/2022/dat_E_1_12.html,https://www.konami.com/pawa/2022/update/230928
proeye:61965151,小深田　大翔,東北楽天ゴールデンイーグルス,,,2023-09-28,78,84,6,6,70,70,eBASEBALLパワフルプロ野球2022,2022,1.12,2023,https://www.baseless.org/data/source/2022/dat_E_1_12.html,https://www.konami.com/pawa/2022/update/230928
proeye:71375112,銀次,東北楽天ゴールデンイーグルス,,,2023-09-28,50,47,-3,3,70,70,eBASEBALLパワフルプロ野球2022,2022,1.12,2023,https://www.baseless.org/data/source/2022/dat_E_1_12.html,https://www.konami.com/pawa/2022/update/230928
proeye:81385138,小郷　裕哉,東北楽天ゴールデンイーグルス,,,2023-09-28,78,86,8,8,70,70,eBASEBALLパワフルプロ野球2022,2022,1.12,2023,https://www.baseless.org/data/source/2022/dat_E_1_12.html,https://www.konami.com/pawa/2022/update/230928
proeye:11015138,辰己　涼介,東北楽天ゴールデンイーグルス,,,2023-09-28,87,80,-7,7,70,70,eBASEBALLパワフルプロ野球2022,2022,1.12,2023,https://www.baseless.org/data/source/2022/dat_E_1_12.html,https://www.konami.com/pawa/2022/update/230928
proeye:31935151,菊田　拡和,読売ジャイアンツ,,,2023-09-28,48,51,3,3,70,70,eBASEBALLパワフルプロ野球2022,2022,1.12,2023,https://www.baseless.org/data/source/2022/dat_G_1_12.html,https://www.konami.com/pawa/2022/update/230928
proeye:91595133,甲斐　拓也,福岡ソフトバンクホークス,,,2023-09-28,68,59,-9,9,70,70,eBASEBALLパワフルプロ野球2022,2022,1.12,2023,https://www.baseless.org/data/source/2022/dat_H_1_12.html,https://www.konami.com/pawa/2022/update/230928
proeye:11715132,川瀬　晃,福岡ソフトバンクホークス,,,2023-09-28,68,70,2,2,70,70,eBASEBALLパワフルプロ野球2022,2022,1.12,2023,https://www.baseless.org/data/source/2022/dat_H_1_12.html,https://www.konami.com/pawa/2022/update/230928
proeye:11615155,野村　勇,福岡ソフトバンクホークス,,,2023-09-28,85,83,-2,2,70,70,eBASEBALLパワフルプロ野球2022,2022,1.12,2023,https://www.baseless.org/data/source/2022/dat_H_1_12.html,https://www.konami.com/pawa/2022/update/230928
proeye:01705130,栗原　陵矢,福岡ソフトバンクホークス,,,2023-09-28,57,55,-2,2,70,70,eBASEBALLパワフルプロ野球2022,2022,1.12,2023,https://www.baseless.org/data/source/2022/dat_H_1_12.html,https://www.konami.com/pawa/2022/update/230928
proeye:21125157,生海,福岡ソフトバンクホークス,,,2023-09-28,46,51,5,5,70,70,eBASEBALLパワフルプロ野球2022,2022,1.12,2023,https://www.baseless.org/data/source/2022/dat_H_1_12.html,https://www.konami.com/pawa/2022/update/230928
proeye:31835133,柳田　悠岐,福岡ソフトバンクホークス,,,2023-09-28,74,72,-2,2,70,70,eBASEBALLパワフルプロ野球2022,2022,1.12,2023,https://www.baseless.org/data/source/2022/dat_H_1_12.html,https://www.konami.com/pawa/2022/update/230928
proeye:73175151,柳町　達,福岡ソフトバンクホークス,,,2023-09-28,67,70,3,3,70,70,eBASEBALLパワフルプロ野球2022,2022,1.12,2023,https://www.baseless.org/data/source/2022/dat_H_1_12.html,https://www.konami.com/pawa/2022/update/230928
proeye:91395139,上林　誠知,福岡ソフトバンクホークス,,,2023-09-28,71,75,4,4,70,70,eBASEBALLパワフルプロ野球2022,2022,1.12,2023,https://www.baseless.org/data/source/2022/dat_H_1_12.html,https://www.konami.com/pawa/2022/update/230928
proeye:91095153,笹川　吉康,福岡ソフトバンクホークス,,,2023-09-28,62,66,4,4,70,70,eBASEBALLパワフルプロ野球2022,2022,1.12,2023,https://www.baseless.org/data/source/2022/dat_H_1_12.html,https://www.konami.com/pawa/2022/update/230928
proeye:81785155,古賀　悠斗,埼玉西武ライオンズ,,,2023-09-28,35,47,12,12,70,70,eBASEBALLパワフルプロ野球2022,2022,1.12,2023,https://www.baseless.org/data/source/2022/dat_L_1_12.html,https://www.konami.com/pawa/2022/update/230928
proeye:61265151,柘植　世那,埼玉西武ライオンズ,,,2023-09-28,34,46,12,12,70,70,eBASEBALLパワフルプロ野球2022,2022,1.12,2023,https://www.baseless.org/data/source/2022/dat_L_1_12.html,https://www.konami.com/pawa/2022/update/230928
proeye:81085115,中村　剛也,埼玉西武ライオンズ,,,2023-09-28,52,50,-2,2,70,70,eBASEBALLパワフルプロ野球2022,2022,1.12,2023,https://www.baseless.org/data/source/2022/dat_L_1_12.html,https://www.konami.com/pawa/2022/update/230928
proeye:81785138,佐藤　龍世,埼玉西武ライオンズ,,,2023-09-28,40,44,4,4,70,70,eBASEBALLパワフルプロ野球2022,2022,1.12,2023,https://www.baseless.org/data/source/2022/dat_L_1_12.html,https://www.konami.com/pawa/2022/update/230928
proeye:71275157,友杉　篤輝,千葉ロッテマリーンズ,,,2023-09-28,81,84,3,3,70,70,eBASEBALLパワフルプロ野球2022,2022,1.12,2023,https://www.baseless.org/data/source/2022/dat_M_1_12.html,https://www.konami.com/pawa/2022/update/230928
proeye:51455130,中村　奨吾,千葉ロッテマリーンズ,,,2023-09-28,71,61,-10,10,70,70,eBASEBALLパワフルプロ野球2022,2022,1.12,2023,https://www.baseless.org/data/source/2022/dat_M_1_12.html,https://www.konami.com/pawa/2022/update/230928
proeye:11515139,岡大海,千葉ロッテマリーンズ,,,2023-09-28,85,82,-3,3,70,70,eBASEBALLパワフルプロ野球2022,2022,1.12,2023,https://www.baseless.org/data/source/2022/dat_M_1_12.html,https://www.konami.com/pawa/2022/update/230928
proeye:21625132,廣岡　大志,オリックス・バファローズ,,,2023-09-28,54,68,14,14,70,70,eBASEBALLパワフルプロ野球2022,2022,1.12,2023,https://www.baseless.org/data/source/2022/dat_OBU_1_12.html,https://www.konami.com/pawa/2022/update/230928
proeye:81485155,野口　智哉,オリックス・バファローズ,,,2023-09-28,65,67,2,2,70,70,eBASEBALLパワフルプロ野球2022,2022,1.12,2023,https://www.baseless.org/data/source/2022/dat_OBU_1_12.html,https://www.konami.com/pawa/2022/update/230928
proeye:31135119,青木　宣親,東京ヤクルトスワローズ,,,2023-09-28,63,59,-4,4,70,70,eBASEBALLパワフルプロ野球2022,2022,1.12,2023,https://www.baseless.org/data/source/2022/dat_S_1_12.html,https://www.konami.com/pawa/2022/update/230928
proeye:23125136,山本　祐大,横浜DeNAベイスターズ,,,2023-11-30,50,61,11,11,63,63,eBASEBALLパワフルプロ野球2022,2022,1.13,2023,https://www.baseless.org/data/source/2022/dat_BA_1_13.html,https://www.konami.com/pawa/2022/update/231130
proeye:61465112,大和,横浜DeNAベイスターズ,,,2023-11-30,62,58,-4,4,63,63,eBASEBALLパワフルプロ野球2022,2022,1.13,2023,https://www.baseless.org/data/source/2022/dat_BA_1_13.html,https://www.konami.com/pawa/2022/update/231130
proeye:51455153,龍空,中日ドラゴンズ,,,2023-11-30,64,66,2,2,63,63,eBASEBALLパワフルプロ野球2022,2022,1.13,2023,https://www.baseless.org/data/source/2022/dat_D_1_13.html,https://www.konami.com/pawa/2022/update/231130
proeye:93795157,Ｏ．カリステ,中日ドラゴンズ,,,2023-11-30,87,82,-5,5,63,63,eBASEBALLパワフルプロ野球2022,2022,1.13,2023,https://www.baseless.org/data/source/2022/dat_D_1_13.html,https://www.konami.com/pawa/2022/update/231130
proeye:01305131,大島　洋平,中日ドラゴンズ,,,2023-11-30,80,77,-3,3,63,63,eBASEBALLパワフルプロ野球2022,2022,1.13,2023,https://www.baseless.org/data/source/2022/dat_D_1_13.html,https://www.konami.com/pawa/2022/update/231130
proeye:91995112,炭谷　銀仁朗,東北楽天ゴールデンイーグルス,,,2023-11-30,46,40,-6,6,63,63,eBASEBALLパワフルプロ野球2022,2022,1.13,2023,https://www.baseless.org/data/source/2022/dat_E_1_13.html,https://www.konami.com/pawa/2022/update/231130
proeye:41845132,村林　一輝,東北楽天ゴールデンイーグルス,,,2023-11-30,64,69,5,5,63,63,eBASEBALLパワフルプロ野球2022,2022,1.13,2023,https://www.baseless.org/data/source/2022/dat_E_1_13.html,https://www.konami.com/pawa/2022/update/231130
proeye:63965157,Ｍ．フランコ,東北楽天ゴールデンイーグルス,,,2023-11-30,45,41,-4,4,63,63,eBASEBALLパワフルプロ野球2022,2022,1.13,2023,https://www.baseless.org/data/source/2022/dat_E_1_13.html,https://www.konami.com/pawa/2022/update/231130
proeye:81385138,小郷　裕哉,東北楽天ゴールデンイーグルス,,,2023-11-30,86,84,-2,2,63,63,eBASEBALLパワフルプロ野球2022,2022,1.13,2023,https://www.baseless.org/data/source/2022/dat_E_1_13.html,https://www.konami.com/pawa/2022/update/231130
proeye:51955114,坂本　勇人,読売ジャイアンツ,,,2023-11-30,71,67,-4,4,63,63,eBASEBALLパワフルプロ野球2022,2022,1.13,2023,https://www.baseless.org/data/source/2022/dat_G_1_13.html,https://www.konami.com/pawa/2022/update/231130
proeye:51655112,松田　宣浩,読売ジャイアンツ,,,2023-11-30,60,53,-7,7,63,63,eBASEBALLパワフルプロ野球2022,2022,1.13,2023,https://www.baseless.org/data/source/2022/dat_G_1_13.html,https://www.konami.com/pawa/2022/update/231130
proeye:11515130,岡本　和真,読売ジャイアンツ,,,2023-11-30,47,44,-3,3,63,63,eBASEBALLパワフルプロ野球2022,2022,1.13,2023,https://www.baseless.org/data/source/2022/dat_G_1_13.html,https://www.konami.com/pawa/2022/update/231130
proeye:61565114,梶谷　隆幸,読売ジャイアンツ,,,2023-11-30,79,72,-7,7,63,63,eBASEBALLパワフルプロ野球2022,2022,1.13,2023,https://www.baseless.org/data/source/2022/dat_G_1_13.html,https://www.konami.com/pawa/2022/update/231130
proeye:91995131,長野　久義,読売ジャイアンツ,,,2023-11-30,66,59,-7,7,63,63,eBASEBALLパワフルプロ野球2022,2022,1.13,2023,https://www.baseless.org/data/source/2022/dat_G_1_13.html,https://www.konami.com/pawa/2022/update/231130
proeye:11615155,野村　勇,福岡ソフトバンクホークス,,,2023-11-30,83,81,-2,2,63,63,eBASEBALLパワフルプロ野球2022,2022,1.13,2023,https://www.baseless.org/data/source/2022/dat_H_1_13.html,https://www.konami.com/pawa/2022/update/231130
proeye:51455136,西川　愛也,埼玉西武ライオンズ,,,2023-11-30,62,68,6,6,63,63,eBASEBALLパワフルプロ野球2022,2022,1.13,2023,https://www.baseless.org/data/source/2022/dat_L_1_13.html,https://www.konami.com/pawa/2022/update/231130
proeye:71275157,友杉　篤輝,千葉ロッテマリーンズ,,,2023-11-30,84,87,3,3,63,63,eBASEBALLパワフルプロ野球2022,2022,1.13,2023,https://www.baseless.org/data/source/2022/dat_M_1_13.html,https://www.konami.com/pawa/2022/update/231130
proeye:61365112,Ｔ－岡田,オリックス・バファローズ,,,2023-11-30,52,47,-5,5,63,63,eBASEBALLパワフルプロ野球2022,2022,1.13,2023,https://www.baseless.org/data/source/2022/dat_OBU_1_13.html,https://www.konami.com/pawa/2022/update/231130
proeye:61065116,中田　翔,読売ジャイアンツ,,,2024-07-18,42,62,20,20,0,0,パワフルプロ野球2024-2025,2024,archive_default_unversioned,2024,https://www.baseless.org/data/source/2024/dat_G.html,https://www.konami.com/pawa/2024-2025/
proeye:73175151,柳町　達,福岡ソフトバンクホークス,,,2024-07-18,70,67,-3,3,231,231,パワフルプロ野球2024-2025,2024,archive_default_unversioned,2024,https://www.baseless.org/data/source/2024/dat_H.html,https://www.konami.com/pawa/2024-2025/
proeye:41645139,若月　健矢,オリックス・バファローズ,,,2024-07-18,45,48,3,3,231,231,パワフルプロ野球2024-2025,2024,archive_default_unversioned,2024,https://www.baseless.org/data/source/2024/dat_OBU.html,https://www.konami.com/pawa/2024-2025/
proeye:81085138,頓宮　裕真,オリックス・バファローズ,,,2024-07-18,52,43,-9,9,231,231,パワフルプロ野球2024-2025,2024,archive_default_unversioned,2024,https://www.baseless.org/data/source/2024/dat_OBU.html,https://www.konami.com/pawa/2024-2025/
proeye:31135135,安達　了一,オリックス・バファローズ,,,2024-07-18,82,77,-5,5,231,231,パワフルプロ野球2024-2025,2024,archive_default_unversioned,2024,https://www.baseless.org/data/source/2024/dat_OBU.html,https://www.konami.com/pawa/2024-2025/
proeye:21625132,廣岡　大志,オリックス・バファローズ,,,2024-07-18,68,75,7,7,231,231,パワフルプロ野球2024-2025,2024,archive_default_unversioned,2024,https://www.baseless.org/data/source/2024/dat_OBU.html,https://www.konami.com/pawa/2024-2025/
proeye:13115136,山足　達也,オリックス・バファローズ,,,2024-07-18,83,82,-1,1,231,231,パワフルプロ野球2024-2025,2024,archive_default_unversioned,2024,https://www.baseless.org/data/source/2024/dat_OBU.html,https://www.konami.com/pawa/2024-2025/
proeye:51255138,中川　圭太,オリックス・バファローズ,,,2024-07-18,70,74,4,4,231,231,パワフルプロ野球2024-2025,2024,archive_default_unversioned,2024,https://www.baseless.org/data/source/2024/dat_OBU.html,https://www.konami.com/pawa/2024-2025/
proeye:01605136,福田　周平,オリックス・バファローズ,,,2024-07-18,84,81,-3,3,231,231,パワフルプロ野球2024-2025,2024,archive_default_unversioned,2024,https://www.baseless.org/data/source/2024/dat_OBU.html,https://www.konami.com/pawa/2024-2025/
proeye:51955153,来田　涼斗,オリックス・バファローズ,,,2024-07-18,83,85,2,2,231,231,パワフルプロ野球2024-2025,2024,archive_default_unversioned,2024,https://www.baseless.org/data/source/2024/dat_OBU.html,https://www.konami.com/pawa/2024-2025/
proeye:63565155,渡部　遼人,オリックス・バファローズ,,,2024-07-18,81,84,3,3,231,231,パワフルプロ野球2024-2025,2024,archive_default_unversioned,2024,https://www.baseless.org/data/source/2024/dat_OBU.html,https://www.konami.com/pawa/2024-2025/
proeye:31535130,小田　裕也,オリックス・バファローズ,,,2024-07-18,83,82,-1,1,231,231,パワフルプロ野球2024-2025,2024,archive_default_unversioned,2024,https://www.baseless.org/data/source/2024/dat_OBU.html,https://www.konami.com/pawa/2024-2025/
proeye:41945131,筒香　嘉智,横浜DeNAベイスターズ,,,2024-07-18,58,52,-6,6,1728,1728,パワフルプロ野球2024-2025,2024,1.01,2024,https://www.baseless.org/data/source/2024/dat_BA_1_01.html,https://www.konami.com/pawa/2024-2025/update/240718
proeye:01405151,韮澤　雄也,広島東洋カープ,,,2024-07-18,44,52,8,8,0,0,パワフルプロ野球2024-2025,2024,1.01,2024,https://www.baseless.org/data/source/2024/dat_C_1_01.html,https://www.konami.com/pawa/2024-2025/update/240718
proeye:71475138,羽月　隆太郎,広島東洋カープ,,,2024-07-18,84,86,2,2,0,0,パワフルプロ野球2024-2025,2024,1.01,2024,https://www.baseless.org/data/source/2024/dat_C_1_01.html,https://www.konami.com/pawa/2024-2025/update/240718
proeye:01405116,松山　竜平,広島東洋カープ,,,2024-07-18,50,46,-4,4,0,0,パワフルプロ野球2024-2025,2024,1.01,2024,https://www.baseless.org/data/source/2024/dat_C_1_01.html,https://www.konami.com/pawa/2024-2025/update/240718
proeye:61065116,中田　翔,中日ドラゴンズ,,,2024-07-18,62,42,-20,20,0,0,パワフルプロ野球2024-2025,2024,1.01,2024,https://www.baseless.org/data/source/2024/dat_D_1_01.html,https://www.konami.com/pawa/2024-2025/update/240718
proeye:61165134,石原　彪,東北楽天ゴールデンイーグルス,,,2024-07-18,56,53,-3,3,0,0,パワフルプロ野球2024-2025,2024,1.01,2024,https://www.baseless.org/data/source/2024/dat_E_1_01.html,https://www.konami.com/pawa/2024-2025/update/240718
proeye:63165155,水野　達稀,北海道日本ハムファイターズ,,,2024-07-18,68,71,3,3,0,0,パワフルプロ野球2024-2025,2024,1.01,2024,https://www.baseless.org/data/source/2024/dat_F_1_01.html,https://www.konami.com/pawa/2024-2025/update/240718
proeye:61065116,中田　翔,読売ジャイアンツ,,,2024-07-18,42,62,20,20,0,0,パワフルプロ野球2024-2025,2024,1.01,2024,https://www.baseless.org/data/source/2024/dat_G_1_01.html,https://www.konami.com/pawa/2024-2025/update/240718
proeye:41245132,戸柱　恭孝,横浜DeNAベイスターズ,,,2024-09-26,50,46,-4,4,70,70,パワフルプロ野球2024-2025,2024,1.04,2024,https://www.baseless.org/data/source/2024/dat_BA_1_04.html,https://www.konami.com/pawa/2024-2025/update/240926
proeye:51555155,梶原　昂希,横浜DeNAベイスターズ,,,2024-09-26,83,89,6,6,70,70,パワフルプロ野球2024-2025,2024,1.04,2024,https://www.baseless.org/data/source/2024/dat_BA_1_04.html,https://www.konami.com/pawa/2024-2025/update/240926
proeye:61565136,楠本　泰史,横浜DeNAベイスターズ,,,2024-09-26,73,67,-6,6,70,70,パワフルプロ野球2024-2025,2024,1.04,2024,https://www.baseless.org/data/source/2024/dat_BA_1_04.html,https://www.konami.com/pawa/2024-2025/update/240926
proeye:31135114,會澤　翼,広島東洋カープ,,,2024-09-26,44,43,-1,1,70,70,パワフルプロ野球2024-2025,2024,1.04,2024,https://www.baseless.org/data/source/2024/dat_C_1_04.html,https://www.konami.com/pawa/2024-2025/update/240926
proeye:11915134,坂倉　将吾,広島東洋カープ,,,2024-09-26,71,68,-3,3,70,70,パワフルプロ野球2024-2025,2024,1.04,2024,https://www.baseless.org/data/source/2024/dat_C_1_04.html,https://www.konami.com/pawa/2024-2025/update/240926
proeye:93395153,矢野　雅哉,広島東洋カープ,,,2024-09-26,71,78,7,7,70,70,パワフルプロ野球2024-2025,2024,1.04,2024,https://www.baseless.org/data/source/2024/dat_C_1_04.html,https://www.konami.com/pawa/2024-2025/update/240926
proeye:51055155,末包　昇大,広島東洋カープ,,,2024-09-26,61,64,3,3,70,70,パワフルプロ野球2024-2025,2024,1.04,2024,https://www.baseless.org/data/source/2024/dat_C_1_04.html,https://www.konami.com/pawa/2024-2025/update/240926
proeye:01405116,松山　竜平,広島東洋カープ,,,2024-09-26,46,45,-1,1,70,70,パワフルプロ野球2024-2025,2024,1.04,2024,https://www.baseless.org/data/source/2024/dat_C_1_04.html,https://www.konami.com/pawa/2024-2025/update/240926
proeye:31135133,秋山　翔吾,広島東洋カープ,,,2024-09-26,72,77,5,5,70,70,パワフルプロ野球2024-2025,2024,1.04,2024,https://www.baseless.org/data/source/2024/dat_C_1_04.html,https://www.konami.com/pawa/2024-2025/update/240926
proeye:01405130,野間　峻祥,広島東洋カープ,,,2024-09-26,91,88,-3,3,70,70,パワフルプロ野球2024-2025,2024,1.04,2024,https://www.baseless.org/data/source/2024/dat_C_1_04.html,https://www.konami.com/pawa/2024-2025/update/240926
proeye:61365132,宇佐見　真吾,中日ドラゴンズ,,,2024-09-26,37,34,-3,3,70,70,パワフルプロ野球2024-2025,2024,1.04,2024,https://www.baseless.org/data/source/2024/dat_D_1_04.html,https://www.konami.com/pawa/2024-2025/update/240926
proeye:61065116,中田　翔,中日ドラゴンズ,,,2024-09-26,62,42,-20,20,70,70,パワフルプロ野球2024-2025,2024,1.04,2024,https://www.baseless.org/data/source/2024/dat_D_1_04.html,https://www.konami.com/pawa/2024-2025/update/240926
proeye:01305131,大島　洋平,中日ドラゴンズ,,,2024-09-26,77,74,-3,3,70,70,パワフルプロ野球2024-2025,2024,1.04,2024,https://www.baseless.org/data/source/2024/dat_D_1_04.html,https://www.konami.com/pawa/2024-2025/update/240926
proeye:71375138,太田　光,東北楽天ゴールデンイーグルス,,,2024-09-26,57,44,-13,13,70,70,パワフルプロ野球2024-2025,2024,1.04,2024,https://www.baseless.org/data/source/2024/dat_E_1_04.html,https://www.konami.com/pawa/2024-2025/update/240926
proeye:61165134,石原　彪,東北楽天ゴールデンイーグルス,,,2024-09-26,53,39,-14,14,70,70,パワフルプロ野球2024-2025,2024,1.04,2024,https://www.baseless.org/data/source/2024/dat_E_1_04.html,https://www.konami.com/pawa/2024-2025/update/240926
proeye:51155118,浅村　栄斗,東北楽天ゴールデンイーグルス,,,2024-09-26,55,42,-13,13,70,70,パワフルプロ野球2024-2025,2024,1.04,2024,https://www.baseless.org/data/source/2024/dat_E_1_04.html,https://www.konami.com/pawa/2024-2025/update/240926
proeye:61165132,阿部　寿樹,東北楽天ゴールデンイーグルス,,,2024-09-26,55,49,-6,6,70,70,パワフルプロ野球2024-2025,2024,1.04,2024,https://www.baseless.org/data/source/2024/dat_E_1_04.html,https://www.konami.com/pawa/2024-2025/update/240926
proeye:11015138,辰己　涼介,東北楽天ゴールデンイーグルス,,,2024-09-26,80,74,-6,6,70,70,パワフルプロ野球2024-2025,2024,1.04,2024,https://www.baseless.org/data/source/2024/dat_E_1_04.html,https://www.konami.com/pawa/2024-2025/update/240926
proeye:71975135,島内　宏明,東北楽天ゴールデンイーグルス,,,2024-09-26,70,61,-9,9,70,70,パワフルプロ野球2024-2025,2024,1.04,2024,https://www.baseless.org/data/source/2024/dat_E_1_04.html,https://www.konami.com/pawa/2024-2025/update/240926
proeye:51055138,田宮　裕涼,北海道日本ハムファイターズ,,,2024-09-26,61,68,7,7,70,70,パワフルプロ野球2024-2025,2024,1.04,2024,https://www.baseless.org/data/source/2024/dat_F_1_04.html,https://www.konami.com/pawa/2024-2025/update/240926
proeye:11215118,中島　卓也,北海道日本ハムファイターズ,,,2024-09-26,84,82,-2,2,70,70,パワフルプロ野球2024-2025,2024,1.04,2024,https://www.baseless.org/data/source/2024/dat_F_1_04.html,https://www.konami.com/pawa/2024-2025/update/240926
proeye:61865153,細川　凌平,北海道日本ハムファイターズ,,,2024-09-26,82,84,2,2,70,70,パワフルプロ野球2024-2025,2024,1.04,2024,https://www.baseless.org/data/source/2024/dat_F_1_04.html,https://www.konami.com/pawa/2024-2025/update/240926
proeye:31835138,水谷　瞬,北海道日本ハムファイターズ,,,2024-09-26,63,73,10,10,70,70,パワフルプロ野球2024-2025,2024,1.04,2024,https://www.baseless.org/data/source/2024/dat_F_1_04.html,https://www.konami.com/pawa/2024-2025/update/240926
proeye:51955114,坂本　勇人,読売ジャイアンツ,,,2024-09-26,67,61,-6,6,70,70,パワフルプロ野球2024-2025,2024,1.04,2024,https://www.baseless.org/data/source/2024/dat_G_1_04.html,https://www.konami.com/pawa/2024-2025/update/240926
proeye:61065116,中田　翔,読売ジャイアンツ,,,2024-09-26,42,62,20,20,0,0,パワフルプロ野球2024-2025,2024,1.04,2024,https://www.baseless.org/data/source/2024/dat_G_1_04.html,https://www.konami.com/pawa/2024-2025/update/240926
proeye:21825134,松原　聖弥,読売ジャイアンツ,,,2024-09-26,81,85,4,4,70,70,パワフルプロ野球2024-2025,2024,1.04,2024,https://www.baseless.org/data/source/2024/dat_G_1_04.html,https://www.konami.com/pawa/2024-2025/update/240926
proeye:91995131,長野　久義,読売ジャイアンツ,,,2024-09-26,59,57,-2,2,70,70,パワフルプロ野球2024-2025,2024,1.04,2024,https://www.baseless.org/data/source/2024/dat_G_1_04.html,https://www.konami.com/pawa/2024-2025/update/240926
proeye:51955159,佐々木　俊輔,読売ジャイアンツ,,,2024-09-26,73,76,3,3,70,70,パワフルプロ野球2024-2025,2024,1.04,2024,https://www.baseless.org/data/source/2024/dat_G_1_04.html,https://www.konami.com/pawa/2024-2025/update/240926
proeye:21425139,山川　穂高,福岡ソフトバンクホークス,,,2024-09-26,51,47,-4,4,70,70,パワフルプロ野球2024-2025,2024,1.04,2024,https://www.baseless.org/data/source/2024/dat_H_1_04.html,https://www.konami.com/pawa/2024-2025/update/240926
proeye:11715132,川瀬　晃,福岡ソフトバンクホークス,,,2024-09-26,70,79,9,9,70,70,パワフルプロ野球2024-2025,2024,1.04,2024,https://www.baseless.org/data/source/2024/dat_H_1_04.html,https://www.konami.com/pawa/2024-2025/update/240926
proeye:01705130,栗原　陵矢,福岡ソフトバンクホークス,,,2024-09-26,55,63,8,8,70,70,パワフルプロ野球2024-2025,2024,1.04,2024,https://www.baseless.org/data/source/2024/dat_H_1_04.html,https://www.konami.com/pawa/2024-2025/update/240926
proeye:11715155,川村　友斗,福岡ソフトバンクホークス,,,2024-09-26,68,69,1,1,70,70,パワフルプロ野球2024-2025,2024,1.04,2024,https://www.baseless.org/data/source/2024/dat_H_1_04.html,https://www.konami.com/pawa/2024-2025/update/240926
proeye:31835133,柳田　悠岐,福岡ソフトバンクホークス,,,2024-09-26,72,70,-2,2,70,70,パワフルプロ野球2024-2025,2024,1.04,2024,https://www.baseless.org/data/source/2024/dat_H_1_04.html,https://www.konami.com/pawa/2024-2025/update/240926
proeye:03705155,Ａ．ウォーカー,福岡ソフトバンクホークス,,,2024-09-26,74,67,-7,7,70,70,パワフルプロ野球2024-2025,2024,1.04,2024,https://www.baseless.org/data/source/2024/dat_H_1_04.html,https://www.konami.com/pawa/2024-2025/update/240926
proeye:91995112,炭谷　銀仁朗,埼玉西武ライオンズ,,,2024-09-26,40,38,-2,2,70,70,パワフルプロ野球2024-2025,2024,1.04,2024,https://www.baseless.org/data/source/2024/dat_L_1_04.html,https://www.konami.com/pawa/2024-2025/update/240926
proeye:71775134,源田　壮亮,埼玉西武ライオンズ,,,2024-09-26,86,80,-6,6,70,70,パワフルプロ野球2024-2025,2024,1.04,2024,https://www.baseless.org/data/source/2024/dat_L_1_04.html,https://www.konami.com/pawa/2024-2025/update/240926
proeye:81085115,中村　剛也,埼玉西武ライオンズ,,,2024-09-26,50,46,-4,4,70,70,パワフルプロ野球2024-2025,2024,1.04,2024,https://www.baseless.org/data/source/2024/dat_L_1_04.html,https://www.konami.com/pawa/2024-2025/update/240926
proeye:53555159,Ｊ．アギラー,埼玉西武ライオンズ,,,2024-09-26,29,27,-2,2,70,70,パワフルプロ野球2024-2025,2024,1.04,2024,https://www.baseless.org/data/source/2024/dat_L_1_04.html,https://www.konami.com/pawa/2024-2025/update/240926
proeye:51755157,児玉　亮涼,埼玉西武ライオンズ,,,2024-09-26,73,77,4,4,70,70,パワフルプロ野球2024-2025,2024,1.04,2024,https://www.baseless.org/data/source/2024/dat_L_1_04.html,https://www.konami.com/pawa/2024-2025/update/240926
proeye:33335153,元山　飛優,埼玉西武ライオンズ,,,2024-09-26,61,53,-8,8,70,70,パワフルプロ野球2024-2025,2024,1.04,2024,https://www.baseless.org/data/source/2024/dat_L_1_04.html,https://www.konami.com/pawa/2024-2025/update/240926
proeye:41245130,外崎　修汰,埼玉西武ライオンズ,,,2024-09-26,74,70,-4,4,70,70,パワフルプロ野球2024-2025,2024,1.04,2024,https://www.baseless.org/data/source/2024/dat_L_1_04.html,https://www.konami.com/pawa/2024-2025/update/240926
proeye:01605132,平沼　翔太,埼玉西武ライオンズ,,,2024-09-26,72,66,-6,6,70,70,パワフルプロ野球2024-2025,2024,1.04,2024,https://www.baseless.org/data/source/2024/dat_L_1_04.html,https://www.konami.com/pawa/2024-2025/update/240926
proeye:11615139,陽川　尚将,埼玉西武ライオンズ,,,2024-09-26,65,55,-10,10,70,70,パワフルプロ野球2024-2025,2024,1.04,2024,https://www.baseless.org/data/source/2024/dat_L_1_04.html,https://www.konami.com/pawa/2024-2025/update/240926
proeye:71075136,高木　渉,埼玉西武ライオンズ,,,2024-09-26,76,66,-10,10,70,70,パワフルプロ野球2024-2025,2024,1.04,2024,https://www.baseless.org/data/source/2024/dat_L_1_04.html,https://www.konami.com/pawa/2024-2025/update/240926
proeye:53755159,Ｆ．コルデロ,埼玉西武ライオンズ,,,2024-09-26,63,53,-10,10,70,70,パワフルプロ野球2024-2025,2024,1.04,2024,https://www.baseless.org/data/source/2024/dat_L_1_04.html,https://www.konami.com/pawa/2024-2025/update/240926
proeye:51755115,栗山　巧,埼玉西武ライオンズ,,,2024-09-26,57,47,-10,10,70,70,パワフルプロ野球2024-2025,2024,1.04,2024,https://www.baseless.org/data/source/2024/dat_L_1_04.html,https://www.konami.com/pawa/2024-2025/update/240926
proeye:51455136,西川　愛也,埼玉西武ライオンズ,,,2024-09-26,68,80,12,12,70,70,パワフルプロ野球2024-2025,2024,1.04,2024,https://www.baseless.org/data/source/2024/dat_L_1_04.html,https://www.konami.com/pawa/2024-2025/update/240926
proeye:31035134,鈴木　将平,埼玉西武ライオンズ,,,2024-09-26,81,71,-10,10,70,70,パワフルプロ野球2024-2025,2024,1.04,2024,https://www.baseless.org/data/source/2024/dat_L_1_04.html,https://www.konami.com/pawa/2024-2025/update/240926
proeye:61665157,蛭間　拓哉,埼玉西武ライオンズ,,,2024-09-26,75,68,-7,7,70,70,パワフルプロ野球2024-2025,2024,1.04,2024,https://www.baseless.org/data/source/2024/dat_L_1_04.html,https://www.konami.com/pawa/2024-2025/update/240926
proeye:53555153,若林　楽人,埼玉西武ライオンズ,,,2024-09-26,85,81,-4,4,70,70,パワフルプロ野球2024-2025,2024,1.04,2024,https://www.baseless.org/data/source/2024/dat_L_1_04.html,https://www.konami.com/pawa/2024-2025/update/240926
proeye:01505137,金子　侑司,埼玉西武ライオンズ,,,2024-09-26,88,78,-10,10,70,70,パワフルプロ野球2024-2025,2024,1.04,2024,https://www.baseless.org/data/source/2024/dat_L_1_04.html,https://www.konami.com/pawa/2024-2025/update/240926
proeye:11715153,小川　龍成,千葉ロッテマリーンズ,,,2024-09-26,73,86,13,13,70,70,パワフルプロ野球2024-2025,2024,1.04,2024,https://www.baseless.org/data/source/2024/dat_M_1_04.html,https://www.konami.com/pawa/2024-2025/update/240926
proeye:03505136,Ｎ．ソト,千葉ロッテマリーンズ,,,2024-09-26,42,40,-2,2,70,70,パワフルプロ野球2024-2025,2024,1.04,2024,https://www.baseless.org/data/source/2024/dat_M_1_04.html,https://www.konami.com/pawa/2024-2025/update/240926
proeye:41645136,藤岡　裕大,千葉ロッテマリーンズ,,,2024-09-26,67,65,-2,2,70,70,パワフルプロ野球2024-2025,2024,1.04,2024,https://www.baseless.org/data/source/2024/dat_M_1_04.html,https://www.konami.com/pawa/2024-2025/update/240926
proeye:91395138,太田　椋,オリックス・バファローズ,,,2024-09-26,61,64,3,3,70,70,パワフルプロ野球2024-2025,2024,1.04,2024,https://www.baseless.org/data/source/2024/dat_OBU_1_04.html,https://www.konami.com/pawa/2024-2025/update/240926
proeye:01305155,大里　昂生,オリックス・バファローズ,,,2024-09-26,72,78,6,6,70,70,パワフルプロ野球2024-2025,2024,1.04,2024,https://www.baseless.org/data/source/2024/dat_OBU_1_04.html,https://www.konami.com/pawa/2024-2025/update/240926
proeye:61965132,杉本　裕太郎,オリックス・バファローズ,,,2024-09-26,69,66,-3,3,70,70,パワフルプロ野球2024-2025,2024,1.04,2024,https://www.baseless.org/data/source/2024/dat_OBU_1_04.html,https://www.konami.com/pawa/2024-2025/update/240926
proeye:91895133,山田　哲人,東京ヤクルトスワローズ,,,2024-09-26,81,77,-4,4,70,70,パワフルプロ野球2024-2025,2024,1.04,2024,https://www.baseless.org/data/source/2024/dat_S_1_04.html,https://www.konami.com/pawa/2024-2025/update/240926
proeye:71075138,近本　光司,阪神タイガース,,,2024-09-26,90,86,-4,4,70,70,パワフルプロ野球2024-2025,2024,1.04,2024,https://www.baseless.org/data/source/2024/dat_T_1_04.html,https://www.konami.com/pawa/2024-2025/update/240926
proeye:61065116,中田　翔,中日ドラゴンズ,,,2024-10-21,62,42,-20,20,25,25,パワフルプロ野球2024-2025,2024,1.05,2024,https://www.baseless.org/data/source/2024/dat_D_1_05.html,https://www.konami.com/pawa/2024-2025/update/241021
proeye:61065116,中田　翔,読売ジャイアンツ,,,2024-10-21,42,62,20,20,0,0,パワフルプロ野球2024-2025,2024,1.05,2024,https://www.baseless.org/data/source/2024/dat_G_1_05.html,https://www.konami.com/pawa/2024-2025/update/241021
proeye:53555153,若林　楽人,読売ジャイアンツ,,,2024-10-21,81,85,4,4,25,25,パワフルプロ野球2024-2025,2024,1.05,2024,https://www.baseless.org/data/source/2024/dat_G_1_05.html,https://www.konami.com/pawa/2024-2025/update/241021
proeye:21825134,松原　聖弥,埼玉西武ライオンズ,,,2024-10-21,85,81,-4,4,25,25,パワフルプロ野球2024-2025,2024,1.05,2024,https://www.baseless.org/data/source/2024/dat_L_1_05.html,https://www.konami.com/pawa/2024-2025/update/241021
proeye:41945136,菅野　剛士,千葉ロッテマリーンズ,,,2024-10-21,60,59,-1,1,326,326,パワフルプロ野球2024-2025,2024,1.05,2024,https://www.baseless.org/data/source/2024/dat_M_1_05.html,https://www.konami.com/pawa/2024-2025/update/241021
proeye:41245132,戸柱　恭孝,横浜DeNAベイスターズ,,,2024-11-26,46,41,-5,5,36,36,パワフルプロ野球2024-2025,2024,1.07,2024,https://www.baseless.org/data/source/2024/dat_BA_1_07.html,https://www.konami.com/pawa/2024-2025/update/241126
proeye:51455137,宮﨑　敏郎,横浜DeNAベイスターズ,,,2024-11-26,36,33,-3,3,36,36,パワフルプロ野球2024-2025,2024,1.07,2024,https://www.baseless.org/data/source/2024/dat_BA_1_07.html,https://www.konami.com/pawa/2024-2025/update/241126
proeye:51555155,梶原　昂希,横浜DeNAベイスターズ,,,2024-11-26,89,90,1,1,36,36,パワフルプロ野球2024-2025,2024,1.07,2024,https://www.baseless.org/data/source/2024/dat_BA_1_07.html,https://www.konami.com/pawa/2024-2025/update/241126
proeye:61365132,宇佐見　真吾,中日ドラゴンズ,,,2024-11-26,34,29,-5,5,36,36,パワフルプロ野球2024-2025,2024,1.07,2024,https://www.baseless.org/data/source/2024/dat_D_1_07.html,https://www.konami.com/pawa/2024-2025/update/241126
proeye:61065116,中田　翔,中日ドラゴンズ,,,2024-11-26,62,42,-20,20,36,36,パワフルプロ野球2024-2025,2024,1.07,2024,https://www.baseless.org/data/source/2024/dat_D_1_07.html,https://www.konami.com/pawa/2024-2025/update/241126
proeye:31835138,水谷　瞬,北海道日本ハムファイターズ,,,2024-11-26,73,78,5,5,36,36,パワフルプロ野球2024-2025,2024,1.07,2024,https://www.baseless.org/data/source/2024/dat_F_1_07.html,https://www.konami.com/pawa/2024-2025/update/241126
proeye:11315153,五十幡　亮汰,北海道日本ハムファイターズ,,,2024-11-26,94,97,3,3,36,36,パワフルプロ野球2024-2025,2024,1.07,2024,https://www.baseless.org/data/source/2024/dat_F_1_07.html,https://www.konami.com/pawa/2024-2025/update/241126
proeye:21325136,大城　卓三,読売ジャイアンツ,,,2024-11-26,31,24,-7,7,36,36,パワフルプロ野球2024-2025,2024,1.07,2024,https://www.baseless.org/data/source/2024/dat_G_1_07.html,https://www.konami.com/pawa/2024-2025/update/241126
proeye:61065116,中田　翔,読売ジャイアンツ,,,2024-11-26,42,62,20,20,0,0,パワフルプロ野球2024-2025,2024,1.07,2024,https://www.baseless.org/data/source/2024/dat_G_1_07.html,https://www.konami.com/pawa/2024-2025/update/241126
proeye:61565114,梶谷　隆幸,読売ジャイアンツ,,,2024-11-26,72,69,-3,3,36,36,パワフルプロ野球2024-2025,2024,1.07,2024,https://www.baseless.org/data/source/2024/dat_G_1_07.html,https://www.konami.com/pawa/2024-2025/update/241126
proeye:11415138,野村　大樹,埼玉西武ライオンズ,,,2024-11-26,51,61,10,10,36,36,パワフルプロ野球2024-2025,2024,1.07,2024,https://www.baseless.org/data/source/2024/dat_L_1_07.html,https://www.konami.com/pawa/2024-2025/update/241126
proeye:91895133,山田　哲人,東京ヤクルトスワローズ,,,2024-11-26,77,71,-6,6,36,36,パワフルプロ野球2024-2025,2024,1.07,2024,https://www.baseless.org/data/source/2024/dat_S_1_07.html,https://www.konami.com/pawa/2024-2025/update/241126
proeye:51355155,岩田　幸宏,東京ヤクルトスワローズ,,,2024-11-26,85,91,6,6,36,36,パワフルプロ野球2024-2025,2024,1.07,2024,https://www.baseless.org/data/source/2024/dat_S_1_07.html,https://www.konami.com/pawa/2024-2025/update/241126
proeye:81685139,渡邉　諒,阪神タイガース,,,2024-11-26,68,63,-5,5,36,36,パワフルプロ野球2024-2025,2024,1.07,2024,https://www.baseless.org/data/source/2024/dat_T_1_07.html,https://www.konami.com/pawa/2024-2025/update/241126
proeye:61065116,中田　翔,中日ドラゴンズ,,,2025-03-27,62,42,-20,20,121,121,パワフルプロ野球2024-2025,2024,1.08,2025,https://www.baseless.org/data/source/2024/dat_D_1_08.html,https://www.konami.com/pawa/2024-2025/update/250327
proeye:21625150,西川　史礁,千葉ロッテマリーンズ,,,2025-03-27,50,60,10,10,483,483,パワフルプロ野球2024-2025,2024,1.08,2025,https://www.baseless.org/data/source/2024/dat_M_1_08.html,https://www.konami.com/pawa/2024-2025/update/250327
proeye:91895133,山田　哲人,東京ヤクルトスワローズ,,,2025-07-28,71,69,-2,2,56,56,パワフルプロ野球2024-2025,2024,1.11,2025,https://www.baseless.org/data/source/2024/dat_S_1_11.html,https://www.konami.com/pawa/2024-2025/update/250728
proeye:13715132,Ｄ．ビシエド,横浜DeNAベイスターズ,,,2025-09-25,54,45,-9,9,303,303,パワフルプロ野球2024-2025,2024,1.12,2025,https://www.baseless.org/data/source/2024/dat_BA_1_12.html,https://www.konami.com/pawa/2024-2025/update/250925
proeye:41945131,筒香　嘉智,横浜DeNAベイスターズ,,,2025-09-25,52,45,-7,7,59,59,パワフルプロ野球2024-2025,2024,1.12,2025,https://www.baseless.org/data/source/2024/dat_BA_1_12.html,https://www.konami.com/pawa/2024-2025/update/250925
proeye:51555151,蝦名　達夫,横浜DeNAベイスターズ,,,2025-09-25,70,75,5,5,59,59,パワフルプロ野球2024-2025,2024,1.12,2025,https://www.baseless.org/data/source/2024/dat_BA_1_12.html,https://www.konami.com/pawa/2024-2025/update/250925
proeye:03105157,村松　開人,中日ドラゴンズ,,,2025-09-25,78,80,2,2,59,59,パワフルプロ野球2024-2025,2024,1.12,2025,https://www.baseless.org/data/source/2024/dat_D_1_12.html,https://www.konami.com/pawa/2024-2025/update/250925
proeye:51155118,浅村　栄斗,東北楽天ゴールデンイーグルス,,,2025-09-25,42,35,-7,7,59,59,パワフルプロ野球2024-2025,2024,1.12,2025,https://www.baseless.org/data/source/2024/dat_E_1_12.html,https://www.konami.com/pawa/2024-2025/update/250925
proeye:81985135,鈴木　大地,東北楽天ゴールデンイーグルス,,,2025-09-25,55,49,-6,6,59,59,パワフルプロ野球2024-2025,2024,1.12,2025,https://www.baseless.org/data/source/2024/dat_E_1_12.html,https://www.konami.com/pawa/2024-2025/update/250925
proeye:73175136,山﨑　剛,東北楽天ゴールデンイーグルス,,,2025-09-25,77,68,-9,9,59,59,パワフルプロ野球2024-2025,2024,1.12,2025,https://www.baseless.org/data/source/2024/dat_E_1_12.html,https://www.konami.com/pawa/2024-2025/update/250925
proeye:51955155,小森　航大郎,東北楽天ゴールデンイーグルス,,,2025-09-25,81,83,2,2,59,59,パワフルプロ野球2024-2025,2024,1.12,2025,https://www.baseless.org/data/source/2024/dat_E_1_12.html,https://www.konami.com/pawa/2024-2025/update/250925
proeye:21425159,中島　大輔,東北楽天ゴールデンイーグルス,,,2025-09-25,85,88,3,3,59,59,パワフルプロ野球2024-2025,2024,1.12,2025,https://www.baseless.org/data/source/2024/dat_E_1_12.html,https://www.konami.com/pawa/2024-2025/update/250925
proeye:81085115,中村　剛也,埼玉西武ライオンズ,,,2025-09-25,46,39,-7,7,59,59,パワフルプロ野球2024-2025,2024,1.12,2025,https://www.baseless.org/data/source/2024/dat_L_1_12.html,https://www.konami.com/pawa/2024-2025/update/250925
proeye:41245130,外崎　修汰,埼玉西武ライオンズ,,,2025-09-25,70,68,-2,2,59,59,パワフルプロ野球2024-2025,2024,1.12,2025,https://www.baseless.org/data/source/2024/dat_L_1_12.html,https://www.konami.com/pawa/2024-2025/update/250925
proeye:53755150,Ｔ．ネビン,埼玉西武ライオンズ,,,2025-09-25,50,40,-10,10,59,59,パワフルプロ野球2024-2025,2024,1.12,2025,https://www.baseless.org/data/source/2024/dat_L_1_12.html,https://www.konami.com/pawa/2024-2025/update/250925
proeye:51455136,西川　愛也,埼玉西武ライオンズ,,,2025-09-25,80,84,4,4,59,59,パワフルプロ野球2024-2025,2024,1.12,2025,https://www.baseless.org/data/source/2024/dat_L_1_12.html,https://www.konami.com/pawa/2024-2025/update/250925
proeye:33535153,山本　大斗,千葉ロッテマリーンズ,,,2025-09-25,56,58,2,2,59,59,パワフルプロ野球2024-2025,2024,1.12,2025,https://www.baseless.org/data/source/2024/dat_M_1_12.html,https://www.konami.com/pawa/2024-2025/update/250925
proeye:83385159,横山　聖哉,オリックス・バファローズ,,,2025-09-25,60,64,4,4,59,59,パワフルプロ野球2024-2025,2024,1.12,2025,https://www.baseless.org/data/source/2024/dat_OBU_1_12.html,https://www.konami.com/pawa/2024-2025/update/250925
proeye:91895133,山田　哲人,東京ヤクルトスワローズ,,,2025-09-25,69,60,-9,9,59,59,パワフルプロ野球2024-2025,2024,1.12,2025,https://www.baseless.org/data/source/2024/dat_S_1_12.html,https://www.konami.com/pawa/2024-2025/update/250925
proeye:21325139,梅野　隆太郎,阪神タイガース,,,2025-09-25,61,57,-4,4,59,59,パワフルプロ野球2024-2025,2024,1.12,2025,https://www.baseless.org/data/source/2024/dat_T_1_12.html,https://www.konami.com/pawa/2024-2025/update/250925
proeye:13715132,Ｄ．ビシエド,横浜DeNAベイスターズ,,,2025-11-20,45,42,-3,3,56,56,パワフルプロ野球2024-2025,2024,1.14,2025,https://www.baseless.org/data/source/2024/dat_BA_1_14.html,https://www.konami.com/pawa/2024-2025/update/251120
proeye:91695157,林琢真,横浜DeNAベイスターズ,,,2025-11-20,87,82,-5,5,56,56,パワフルプロ野球2024-2025,2024,1.14,2025,https://www.baseless.org/data/source/2024/dat_BA_1_14.html,https://www.konami.com/pawa/2024-2025/update/251120
proeye:63065150,Ｍ．チェイビス,中日ドラゴンズ,,,2025-11-20,72,70,-2,2,56,56,パワフルプロ野球2024-2025,2024,1.14,2025,https://www.baseless.org/data/source/2024/dat_D_1_14.html,https://www.konami.com/pawa/2024-2025/update/251120
proeye:73075159,Ｆ．レイエス,北海道日本ハムファイターズ,,,2025-11-20,54,48,-6,6,56,56,パワフルプロ野球2024-2025,2024,1.14,2025,https://www.baseless.org/data/source/2024/dat_F_1_14.html,https://www.konami.com/pawa/2024-2025/update/251120
proeye:51955114,坂本　勇人,読売ジャイアンツ,,,2025-11-20,61,57,-4,4,56,56,パワフルプロ野球2024-2025,2024,1.14,2025,https://www.baseless.org/data/source/2024/dat_G_1_14.html,https://www.konami.com/pawa/2024-2025/update/251120
proeye:91995131,長野　久義,読売ジャイアンツ,,,2025-11-20,57,50,-7,7,56,56,パワフルプロ野球2024-2025,2024,1.14,2025,https://www.baseless.org/data/source/2024/dat_G_1_14.html,https://www.konami.com/pawa/2024-2025/update/251120
proeye:11315157,イヒネ　イツア,福岡ソフトバンクホークス,,,2025-11-20,67,71,4,4,56,56,パワフルプロ野球2024-2025,2024,1.14,2025,https://www.baseless.org/data/source/2024/dat_H_1_14.html,https://www.konami.com/pawa/2024-2025/update/251120
proeye:01705130,栗原　陵矢,福岡ソフトバンクホークス,,,2025-11-20,63,59,-4,4,56,56,パワフルプロ野球2024-2025,2024,1.14,2025,https://www.baseless.org/data/source/2024/dat_H_1_14.html,https://www.konami.com/pawa/2024-2025/update/251120
proeye:31835133,柳田　悠岐,福岡ソフトバンクホークス,,,2025-11-20,70,67,-3,3,56,56,パワフルプロ野球2024-2025,2024,1.14,2025,https://www.baseless.org/data/source/2024/dat_H_1_14.html,https://www.konami.com/pawa/2024-2025/update/251120
proeye:91995112,炭谷　銀仁朗,埼玉西武ライオンズ,,,2025-11-20,38,33,-5,5,56,56,パワフルプロ野球2024-2025,2024,1.14,2025,https://www.baseless.org/data/source/2024/dat_L_1_14.html,https://www.konami.com/pawa/2024-2025/update/251120
proeye:71675138,牧野　翔矢,埼玉西武ライオンズ,,,2025-11-20,60,55,-5,5,56,56,パワフルプロ野球2024-2025,2024,1.14,2025,https://www.baseless.org/data/source/2024/dat_L_1_14.html,https://www.konami.com/pawa/2024-2025/update/251120
proeye:51255155,滝澤　夏央,埼玉西武ライオンズ,,,2025-11-20,81,85,4,4,56,56,パワフルプロ野球2024-2025,2024,1.14,2025,https://www.baseless.org/data/source/2024/dat_L_1_14.html,https://www.konami.com/pawa/2024-2025/update/251120
proeye:51755157,児玉　亮涼,埼玉西武ライオンズ,,,2025-11-20,77,74,-3,3,56,56,パワフルプロ野球2024-2025,2024,1.14,2025,https://www.baseless.org/data/source/2024/dat_L_1_14.html,https://www.konami.com/pawa/2024-2025/update/251120
proeye:73575153,渡部　健人,埼玉西武ライオンズ,,,2025-11-20,54,50,-4,4,56,56,パワフルプロ野球2024-2025,2024,1.14,2025,https://www.baseless.org/data/source/2024/dat_L_1_14.html,https://www.konami.com/pawa/2024-2025/update/251120
proeye:83385153,山村　崇嘉,埼玉西武ライオンズ,,,2025-11-20,51,56,5,5,56,56,パワフルプロ野球2024-2025,2024,1.14,2025,https://www.baseless.org/data/source/2024/dat_L_1_14.html,https://www.konami.com/pawa/2024-2025/update/251120
proeye:91495155,仲田　慶介,埼玉西武ライオンズ,,,2025-11-20,66,70,4,4,56,56,パワフルプロ野球2024-2025,2024,1.14,2025,https://www.baseless.org/data/source/2024/dat_L_1_14.html,https://www.konami.com/pawa/2024-2025/update/251120
proeye:83385150,渡部　聖弥,埼玉西武ライオンズ,,,2025-11-20,68,66,-2,2,56,56,パワフルプロ野球2024-2025,2024,1.14,2025,https://www.baseless.org/data/source/2024/dat_L_1_14.html,https://www.konami.com/pawa/2024-2025/update/251120
proeye:53755150,Ｔ．ネビン,埼玉西武ライオンズ,,,2025-11-20,40,38,-2,2,56,56,パワフルプロ野球2024-2025,2024,1.14,2025,https://www.baseless.org/data/source/2024/dat_L_1_14.html,https://www.konami.com/pawa/2024-2025/update/251120
proeye:81685153,長谷川　信哉,埼玉西武ライオンズ,,,2025-11-20,78,81,3,3,56,56,パワフルプロ野球2024-2025,2024,1.14,2025,https://www.baseless.org/data/source/2024/dat_L_1_14.html,https://www.konami.com/pawa/2024-2025/update/251120
proeye:01605132,平沼　翔太,埼玉西武ライオンズ,,,2025-11-20,66,62,-4,4,56,56,パワフルプロ野球2024-2025,2024,1.14,2025,https://www.baseless.org/data/source/2024/dat_L_1_14.html,https://www.konami.com/pawa/2024-2025/update/251120
proeye:21625150,西川　史礁,千葉ロッテマリーンズ,,,2025-11-20,60,62,2,2,56,56,パワフルプロ野球2024-2025,2024,1.14,2025,https://www.baseless.org/data/source/2024/dat_M_1_14.html,https://www.konami.com/pawa/2024-2025/update/251120
proeye:71575131,荻野　貴司,千葉ロッテマリーンズ,,,2025-11-20,80,76,-4,4,56,56,パワフルプロ野球2024-2025,2024,1.14,2025,https://www.baseless.org/data/source/2024/dat_M_1_14.html,https://www.konami.com/pawa/2024-2025/update/251120
proeye:51355155,岩田　幸宏,東京ヤクルトスワローズ,,,2025-11-20,91,96,5,5,56,56,パワフルプロ野球2024-2025,2024,1.14,2025,https://www.baseless.org/data/source/2024/dat_S_1_14.html,https://www.konami.com/pawa/2024-2025/update/251120
proeye:91695153,並木　秀尊,東京ヤクルトスワローズ,,,2025-11-20,95,97,2,2,56,56,パワフルプロ野球2024-2025,2024,1.14,2025,https://www.baseless.org/data/source/2024/dat_S_1_14.html,https://www.konami.com/pawa/2024-2025/update/251120
proeye:71775151,小野寺　暖,阪神タイガース,,,2025-11-20,62,64,2,2,56,56,パワフルプロ野球2024-2025,2024,1.14,2025,https://www.baseless.org/data/source/2024/dat_T_1_14.html,https://www.konami.com/pawa/2024-2025/update/251120
proeye:01705138,小園　海斗,広島東洋カープ,,,2025-12-24,85,79,-6,6,34,34,パワフルプロ野球2024-2025,2024,1.15,2025,https://www.baseless.org/data/source/2024/dat_C_1_15.html,https://www.konami.com/pawa/2024-2025/update/251224
proeye:91095138,知野　直人,横浜DeNAベイスターズ,,,2026-06-11,70,64,-6,6,169,169,パワプロ2026-2027,2026,archive_default_unversioned,2026,https://www.baseless.org/data/source/2026/dat_BA.html,https://www.konami.com/pawa/2026-2027/
proeye:11015157,平良　竜哉,東北楽天ゴールデンイーグルス,,,2026-06-11,67,72,5,5,562,562,パワプロ2026-2027,2026,archive_default_unversioned,2026,https://www.baseless.org/data/source/2026/dat_E.html,https://www.konami.com/pawa/2026-2027/
proeye:11315157,イヒネ　イツア,福岡ソフトバンクホークス,,,2026-06-11,71,77,6,6,169,169,パワプロ2026-2027,2026,archive_default_unversioned,2026,https://www.baseless.org/data/source/2026/dat_H.html,https://www.konami.com/pawa/2026-2027/
proeye:31135133,秋山　翔吾,埼玉西武ライオンズ,,,2026-06-11,77,69,-8,8,0,0,パワプロ2026-2027,2026,archive_default_unversioned,2026,https://www.baseless.org/data/source/2026/dat_L.html,https://www.konami.com/pawa/2026-2027/
proeye:31135133,秋山　翔吾,広島東洋カープ,,,2026-06-11,69,77,8,8,0,0,パワプロ2026-2027,2026,1.10,2026,https://www.baseless.org/data/source/2026/dat_C_1_10.html,https://www.konami.com/pawa/2026-2027/update/260611
proeye:31135133,秋山　翔吾,埼玉西武ライオンズ,,,2026-06-11,77,69,-8,8,0,0,パワプロ2026-2027,2026,1.10,2026,https://www.baseless.org/data/source/2026/dat_L_1_10.html,https://www.konami.com/pawa/2026-2027/update/260611
proeye:31135133,秋山　翔吾,広島東洋カープ,,,2026-06-30,69,77,8,8,19,19,パワプロ2026-2027,2026,1.11,2026,https://www.baseless.org/data/source/2026/dat_C_1_11.html,https://www.konami.com/pawa/2026-2027/update/260630
proeye:31135133,秋山　翔吾,埼玉西武ライオンズ,,,2026-06-30,77,69,-8,8,0,0,パワプロ2026-2027,2026,1.11,2026,https://www.baseless.org/data/source/2026/dat_L_1_11.html,https://www.konami.com/pawa/2026-2027/update/260630
