mapping_id	record_type	record_id	original_pw_id	corrected_pw_id	mapping_disposition	module	actual_requirement_text	semantic_check
EVENT-PNN-001-PW-165	EVENT	PNN-001	PW-165	PW-165	RETAINED_SEMANTICALLY_CONSISTENT	GLOBAL	海外の全試合をNPB同等詳細にはせずleague別sim粒度を変える	PASS
EVENT-PNN-001-PW-247	EVENT	PNN-001	PW-247	PW-247	RETAINED_SEMANTICALLY_CONSISTENT	FINANCE	球団ごとの市場規模・資金力差は残すが資金は選択肢を増やす要因であり勝利を自動保証せず小規模球団にも合理的な勝ち筋を残す	PASS
EVENT-PNN-001-PW-248	EVENT	PNN-001	PW-248	PW-248	RETAINED_SEMANTICALLY_CONSISTENT	OWNERSHIP	オーナー/経営陣は短期長期・投資姿勢・リスク・革新志向等で個性を持っても全球団で勝利意欲自体は高く固定する	PASS
EVENT-PNN-001-ADDED-PW-201	EVENT	PNN-001		PW-201	ADDED_SEMANTICALLY_REQUIRED	GOVERNANCE	球団数12を初期条件とし14/16等への拡張を可能にする	CORRECTED
EVENT-PNN-001-ADDED-PW-202	EVENT	PNN-001		PW-202	ADDED_SEMANTICALLY_REQUIRED	GOVERNANCE	拡張時にExpansion Draftを実施可能	CORRECTED
EVENT-PNN-001-ADDED-PW-203	EVENT	PNN-001		PW-203	ADDED_SEMANTICALLY_REQUIRED	GOVERNANCE	league/地区/CS/Japan Series/interleague/試合数を変更可能	CORRECTED
EVENT-PNN-001-ADDED-PW-204	EVENT	PNN-001		PW-204	ADDED_SEMANTICALLY_REQUIRED	GOVERNANCE	球団移転/売却/合併は低頻度の大事件として将来候補	CORRECTED
EVENT-PNN-002-PW-103	EVENT	PNN-002	PW-103	PW-103	RETAINED_SEMANTICALLY_CONSISTENT	IDENTITY	年俸より出場機会を求めるFAを可能にする	PASS
EVENT-PNN-002-PW-104	EVENT	PNN-002	PW-104	PW-104	RETAINED_SEMANTICALLY_CONSISTENT	IDENTITY	海外志向・家族・地元・優勝・安定・role等を選手ごとに異なるweightで持つ	PASS
EVENT-PNN-002-PW-169	EVENT	PNN-002	PW-169		REMOVED_SEMANTICALLY_MISMATCHED	GLOBAL	キューバ選手の海外契約自由度・連盟関与等を制度stateとして持つ	CORRECTED
EVENT-PNN-002-PW-236	EVENT	PNN-002	PW-236		REMOVED_SEMANTICALLY_MISMATCHED	TRADE	トレードを独立した中核システムとして設計しteam need・契約・年齢・将来価値・competitive windowを統合する	CORRECTED
EVENT-PNN-002-PW-242	EVENT	PNN-002	PW-242	PW-242	RETAINED_SEMANTICALLY_CONSISTENT	GLOBAL	外国人のNPB適応を固定のNPB適応能力1個で決めず underlying skill・役割・league差・環境適応等から自然発生させる	PASS
EVENT-PNN-002-ADDED-PW-133	EVENT	PNN-002		PW-133	ADDED_SEMANTICALLY_REQUIRED	CONTRACT	ポスティング希望→球団容認でも海外契約不成立なら残留する	CORRECTED
EVENT-PNN-002-ADDED-PW-134	EVENT	PNN-002		PW-134	ADDED_SEMANTICALLY_REQUIRED	CONTRACT	ポスティング不成立理由を市場/条件/role/medical/制度等から生成	CORRECTED
EVENT-PNN-002-ADDED-PW-135	EVENT	PNN-002		PW-135	ADDED_SEMANTICALLY_REQUIRED	CONTRACT	球団のposting friendliness評判を持つ	CORRECTED
EVENT-PNN-002-ADDED-PW-168	EVENT	PNN-002		PW-168	ADDED_SEMANTICALLY_REQUIRED	GLOBAL	国・地域ごとに異なる契約/移籍/政府/連盟制度を持つ	CORRECTED
EVENT-PNN-002-ADDED-PW-172	EVENT	PNN-002		PW-172	ADDED_SEMANTICALLY_REQUIRED	GLOBAL	国際制度は自由化だけでなく規制強化/協定終了/ビザ問題等もあり得る	CORRECTED
EVENT-PNN-002-ADDED-PW-173	EVENT	PNN-002		PW-173	ADDED_SEMANTICALLY_REQUIRED	GLOBAL	海外制度変更がNPBの選手市場へ波及する	CORRECTED
EVENT-PNN-003-PW-236	EVENT	PNN-003	PW-236	PW-236	RETAINED_SEMANTICALLY_CONSISTENT	TRADE	トレードを独立した中核システムとして設計しteam need・契約・年齢・将来価値・competitive windowを統合する	PASS
EVENT-PNN-003-PW-237	EVENT	PNN-003	PW-237	PW-237	RETAINED_SEMANTICALLY_CONSISTENT	TRADE	CPUは他球団で出場機会を失っている有望株や余剰戦力を認識し能動的にトレード獲得を狙う	PASS
EVENT-PNN-003-PW-238	EVENT	PNN-003	PW-238	PW-238	RETAINED_SEMANTICALLY_CONSISTENT	TRANSACTION	現役ドラフトをFA・通常トレード・戦力外とは別の選手移動経路として扱い制度自体も変更可能にする	PASS
EVENT-PNN-003-PW-239	EVENT	PNN-003	PW-239		REMOVED_SEMANTICALLY_MISMATCHED	GLOBAL	NPBの外国人候補一覧は世界から切り離されたランダム生成ではなくGlobal Baseball Worldに実在する選手からスカウト結果として作る	CORRECTED
EVENT-PNN-003-ADDED-PW-256	EVENT	PNN-003		PW-256	ADDED_SEMANTICALLY_REQUIRED	GOVERNANCE	外国人枠・一軍登録可能数・支配下/育成等のroster制度もRule Proposal Engineで将来変更可能にする	CORRECTED
EVENT-PNN-004-PW-055	EVENT	PNN-004	PW-055	PW-055	RETAINED_SEMANTICALLY_CONSISTENT	DRAFT	ドラフト候補の真の能力とスカウト評価を分離する	PASS
EVENT-PNN-004-PW-056	EVENT	PNN-004	PW-056	PW-056	RETAINED_SEMANTICALLY_CONSISTENT	DRAFT	CPUもhidden真値でなく自球団スカウト情報を使う	PASS
EVENT-PNN-004-PW-057	EVENT	PNN-004	PW-057	PW-057	RETAINED_SEMANTICALLY_CONSISTENT	DRAFT	全球団ごとに独自draft boardを持つ	PASS
EVENT-PNN-004-PW-240	EVENT	PNN-004	PW-240	PW-240	RETAINED_SEMANTICALLY_CONSISTENT	GLOBAL	同一の海外選手をNPB・MLB・KBO・CPBL等の複数市場が同時に評価・交渉しNPBが常に獲得できるわけではない	PASS
EVENT-PNN-004-PW-259	EVENT	PNN-004	PW-259	PW-259	RETAINED_SEMANTICALLY_CONSISTENT	PRESSURE	大型FA・高額年俸・高い世間期待は能力値を直接下げず心理適応・起用・ファン/メディア評価を介して成績文脈に作用させる	PASS
EVENT-PNN-004-ADDED-PW-053	EVENT	PNN-004		PW-053	ADDED_SEMANTICALLY_REQUIRED	DRAFT	ドラフトを長期人材供給システムとして扱う	CORRECTED
EVENT-PNN-004-ADDED-PW-054	EVENT	PNN-004		PW-054	ADDED_SEMANTICALLY_REQUIRED	DRAFT	高校/大学/社会人/独立を固定成長型でなく年齢・完成度・情報量で差別化	CORRECTED
EVENT-PNN-004-ADDED-PW-195	EVENT	PNN-004		PW-195	ADDED_SEMANTICALLY_REQUIRED	GOVERNANCE	ドラフト制度を自由に変更可能なRule Engineにする	CORRECTED
EVENT-PNN-004-ADDED-PW-196	EVENT	PNN-004		PW-196	ADDED_SEMANTICALLY_REQUIRED	GOVERNANCE	希望枠/自由入団枠/ウェイバー/lottery/NPB型抽選等を組替可能	CORRECTED
EVENT-PNN-004-ADDED-PW-198	EVENT	PNN-004		PW-198	ADDED_SEMANTICALLY_REQUIRED	GOVERNANCE	制度変更に施行日・経過措置・対象世代を持たせる	CORRECTED
EVENT-PNN-005-PW-149	EVENT	PNN-005	PW-149	PW-149	RETAINED_SEMANTICALLY_CONSISTENT	INNOVATION	ソフトバンク型3軍/4軍制を作れる	PASS
EVENT-PNN-005-PW-150	EVENT	PNN-005	PW-150	PW-150	RETAINED_SEMANTICALLY_CONSISTENT	INNOVATION	多軍制に選手数/試合機会メリットと大きな維持費を持たせる	PASS
EVENT-PNN-005-PW-151	EVENT	PNN-005	PW-151	PW-151	RETAINED_SEMANTICALLY_CONSISTENT	INNOVATION	MLB AA/海外大学/JUCO/独立等との新pipelineを構築可能	PASS
EVENT-PNN-005-PW-179	EVENT	PNN-005	PW-179	PW-179	RETAINED_SEMANTICALLY_CONSISTENT	WORLD_GROWTH	十分な基盤が整えば新しいprofessional leagueが稀に誕生する	PASS
EVENT-PNN-005-PW-180	EVENT	PNN-005	PW-180	PW-180	RETAINED_SEMANTICALLY_CONSISTENT	WORLD_GROWTH	league縮小/統合/停滞も可能にして世界全体無限成長を防ぐ	PASS
EVENT-PNN-005-ADDED-PW-155	EVENT	PNN-005		PW-155	ADDED_SEMANTICALLY_REQUIRED	INNOVATION	Network Capitalを蓄積し一朝一夕で海外pipelineを作れないようにする	CORRECTED
EVENT-PNN-005-ADDED-PW-156	EVENT	PNN-005		PW-156	ADDED_SEMANTICALLY_REQUIRED	INNOVATION	Knowledge Capitalを人材・実績・研究で蓄積する	CORRECTED
EVENT-PNN-005-ADDED-PW-157	EVENT	PNN-005		PW-157	ADDED_SEMANTICALLY_REQUIRED	INNOVATION	成功した組織人材を他球団が引き抜きノウハウが拡散する	CORRECTED
EVENT-PNN-005-ADDED-PW-168	EVENT	PNN-005		PW-168	ADDED_SEMANTICALLY_REQUIRED	GLOBAL	国・地域ごとに異なる契約/移籍/政府/連盟制度を持つ	CORRECTED
EVENT-PNN-005-ADDED-PW-175	EVENT	PNN-005		PW-175	ADDED_SEMANTICALLY_REQUIRED	WORLD_GROWTH	国ごとに人気/競技人口/施設/指導/league quality等のecosystem stateを持つ	CORRECTED
EVENT-PNN-005-ADDED-PW-177	EVENT	PNN-005		PW-177	ADDED_SEMANTICALLY_REQUIRED	WORLD_GROWTH	NPB球団が海外academy/coach/scout等で世界普及へ関与できる	CORRECTED
EVENT-PNN-006-PW-145	EVENT	PNN-006	PW-145	PW-145	RETAINED_SEMANTICALLY_CONSISTENT	INNOVATION	球団固有の革新的な獲得・育成・分析施策を大量に導入する	PASS
EVENT-PNN-006-PW-153	EVENT	PNN-006	PW-153	PW-153	RETAINED_SEMANTICALLY_CONSISTENT	INNOVATION	AI活用・AI開発・映像解析・scouting・mechanics等を継続革新領域にする	PASS
EVENT-PNN-006-PW-168	EVENT	PNN-006	PW-168	PW-168	RETAINED_SEMANTICALLY_CONSISTENT	GLOBAL	国・地域ごとに異なる契約/移籍/政府/連盟制度を持つ	PASS
EVENT-PNN-006-PW-171	EVENT	PNN-006	PW-171		REMOVED_SEMANTICALLY_MISMATCHED	GLOBAL	キューバ等の国外移住/連盟離脱を高レベルcareer eventとして扱う	CORRECTED
EVENT-PNN-006-PW-179	EVENT	PNN-006	PW-179	PW-179	RETAINED_SEMANTICALLY_CONSISTENT	WORLD_GROWTH	十分な基盤が整えば新しいprofessional leagueが稀に誕生する	PASS
EVENT-PNN-006-PW-180	EVENT	PNN-006	PW-180	PW-180	RETAINED_SEMANTICALLY_CONSISTENT	WORLD_GROWTH	league縮小/統合/停滞も可能にして世界全体無限成長を防ぐ	PASS
EVENT-PNN-006-ADDED-PW-151	EVENT	PNN-006		PW-151	ADDED_SEMANTICALLY_REQUIRED	INNOVATION	MLB AA/海外大学/JUCO/独立等との新pipelineを構築可能	CORRECTED
EVENT-PNN-006-ADDED-PW-155	EVENT	PNN-006		PW-155	ADDED_SEMANTICALLY_REQUIRED	INNOVATION	Network Capitalを蓄積し一朝一夕で海外pipelineを作れないようにする	CORRECTED
EVENT-PNN-006-ADDED-PW-156	EVENT	PNN-006		PW-156	ADDED_SEMANTICALLY_REQUIRED	INNOVATION	Knowledge Capitalを人材・実績・研究で蓄積する	CORRECTED
EVENT-PNN-006-ADDED-PW-157	EVENT	PNN-006		PW-157	ADDED_SEMANTICALLY_REQUIRED	INNOVATION	成功した組織人材を他球団が引き抜きノウハウが拡散する	CORRECTED
EVENT-PNN-006-ADDED-PW-175	EVENT	PNN-006		PW-175	ADDED_SEMANTICALLY_REQUIRED	WORLD_GROWTH	国ごとに人気/競技人口/施設/指導/league quality等のecosystem stateを持つ	CORRECTED
EVENT-PNN-006-ADDED-PW-177	EVENT	PNN-006		PW-177	ADDED_SEMANTICALLY_REQUIRED	WORLD_GROWTH	NPB球団が海外academy/coach/scout等で世界普及へ関与できる	CORRECTED
EVENT-PNN-007-PW-191	EVENT	PNN-007	PW-191	PW-191	RETAINED_SEMANTICALLY_CONSISTENT	GOVERNANCE	ボール反発係数やMLB球導入等の用具変更を可能にする	PASS
EVENT-PNN-007-PW-201	EVENT	PNN-007	PW-201		REMOVED_SEMANTICALLY_MISMATCHED	GOVERNANCE	球団数12を初期条件とし14/16等への拡張を可能にする	CORRECTED
EVENT-PNN-007-PW-205	EVENT	PNN-007	PW-205	PW-205	RETAINED_SEMANTICALLY_CONSISTENT	INTEGRITY	組織のcompliance/discipline/internal reporting等を持つ	PASS
EVENT-PNN-007-PW-213	EVENT	PNN-007	PW-213	PW-213	RETAINED_SEMANTICALLY_CONSISTENT	HISTORY	選手のdraft/二軍/一軍/海外/受賞/移籍/契約/代表/引退後staffを一生涯保存	PASS
EVENT-PNN-007-ADDED-PW-190	EVENT	PNN-007		PW-190	ADDED_SEMANTICALLY_REQUIRED	GOVERNANCE	DH/ABS/申告敬遠/牽制制限/base size/延長/tie-break等を変更可能	CORRECTED
EVENT-PNN-007-ADDED-PW-193	EVENT	PNN-007		PW-193	ADDED_SEMANTICALLY_REQUIRED	GOVERNANCE	Rule Proposal Engineで提案主体/目的/試験/採決/施行/副作用/再改正を一般化	CORRECTED
EVENT-PNN-007-ADDED-PW-207	EVENT	PNN-007		PW-207	ADDED_SEMANTICALLY_REQUIRED	INTEGRITY	規律違反/ハラスメント/窃盗/賭博/八百長/裏金等をスパイスとして扱う	CORRECTED
EVENT-PNN-007-ADDED-PW-209	EVENT	PNN-007		PW-209	ADDED_SEMANTICALLY_REQUIRED	INTEGRITY	不祥事に注意/謹慎/降格/出場停止/解除/pick剥奪/球団制裁等の結果を持つ	CORRECTED
EVENT-PNN-007-ADDED-PW-212	EVENT	PNN-007		PW-212	ADDED_SEMANTICALLY_REQUIRED	INTEGRITY	球団の隠蔽/厳正対応で長期評判影響を変える	CORRECTED
EVENT-PNN-007-ADDED-PW-214	EVENT	PNN-007		PW-214	ADDED_SEMANTICALLY_REQUIRED	HISTORY	球団の順位/人事/補強/革新/不祥事/制度議論等を球団史に保存	CORRECTED
EVENT-PNN-007-ADDED-PW-216	EVENT	PNN-007		PW-216	ADDED_SEMANTICALLY_REQUIRED	HISTORY	ニュースで数字を物語化する	CORRECTED
EVENT-PNN-008-PW-055	EVENT	PNN-008	PW-055	PW-055	RETAINED_SEMANTICALLY_CONSISTENT	DRAFT	ドラフト候補の真の能力とスカウト評価を分離する	PASS
EVENT-PNN-008-PW-094	EVENT	PNN-008	PW-094	PW-094	RETAINED_SEMANTICALLY_CONSISTENT	CPU	成功した選手タイプの市場価格が上昇する	PASS
EVENT-PNN-008-PW-169	EVENT	PNN-008	PW-169		REMOVED_SEMANTICALLY_MISMATCHED	GLOBAL	キューバ選手の海外契約自由度・連盟関与等を制度stateとして持つ	CORRECTED
EVENT-PNN-008-PW-171	EVENT	PNN-008	PW-171		REMOVED_SEMANTICALLY_MISMATCHED	GLOBAL	キューバ等の国外移住/連盟離脱を高レベルcareer eventとして扱う	CORRECTED
EVENT-PNN-008-PW-251	EVENT	PNN-008	PW-251	PW-251	RETAINED_SEMANTICALLY_CONSISTENT	DEVELOPMENT	重点育成は能力の直接交換ではなく有限な練習注意資源の配分trade-offと選手ごとの隠れた反応差を持つ案を保持する	PASS
EVENT-PNN-008-ADDED-PW-103	EVENT	PNN-008		PW-103	ADDED_SEMANTICALLY_REQUIRED	IDENTITY	年俸より出場機会を求めるFAを可能にする	CORRECTED
EVENT-PNN-008-ADDED-PW-104	EVENT	PNN-008		PW-104	ADDED_SEMANTICALLY_REQUIRED	IDENTITY	海外志向・家族・地元・優勝・安定・role等を選手ごとに異なるweightで持つ	CORRECTED
EVENT-PNN-008-ADDED-PW-127	EVENT	PNN-008		PW-127	ADDED_SEMANTICALLY_REQUIRED	TRANSFER	戦力外→海外→復活→NPB復帰を可能にする	CORRECTED
EVENT-PNN-008-ADDED-PW-128	EVENT	PNN-008		PW-128	ADDED_SEMANTICALLY_REQUIRED	TRANSFER	戦力外後のKBO/CPBL/Mexico/独立等の進路を本人価値観で選択	CORRECTED
EVENT-PNN-008-ADDED-PW-160	EVENT	PNN-008		PW-160	ADDED_SEMANTICALLY_REQUIRED	GLOBAL	海外を外国人候補生成器でなく生きたGlobal Baseball Worldにする	CORRECTED
EVENT-PNN-008-ADDED-PW-163	EVENT	PNN-008		PW-163	ADDED_SEMANTICALLY_REQUIRED	GLOBAL	2026のAA有望株が後年MLB昇格・WBC代表になるcareerを可能にする	CORRECTED
EVENT-PNN-008-ADDED-PW-239	EVENT	PNN-008		PW-239	ADDED_SEMANTICALLY_REQUIRED	GLOBAL	NPBの外国人候補一覧は世界から切り離されたランダム生成ではなくGlobal Baseball Worldに実在する選手からスカウト結果として作る	CORRECTED
EVENT-PNN-008-ADDED-PW-242	EVENT	PNN-008		PW-242	ADDED_SEMANTICALLY_REQUIRED	GLOBAL	外国人のNPB適応を固定のNPB適応能力1個で決めず underlying skill・役割・league差・環境適応等から自然発生させる	CORRECTED
EVENT-PNN-008-ADDED-PW-255	EVENT	PNN-008		PW-255	ADDED_SEMANTICALLY_REQUIRED	REPUTATION	戦力外・伸び悩み選手を何度も再生した球団には結果から再生工場的な評判が自然形成される	CORRECTED
EVENT-PNN-009-PW-145	EVENT	PNN-009	PW-145	PW-145	RETAINED_SEMANTICALLY_CONSISTENT	INNOVATION	球団固有の革新的な獲得・育成・分析施策を大量に導入する	PASS
EVENT-PNN-009-PW-153	EVENT	PNN-009	PW-153	PW-153	RETAINED_SEMANTICALLY_CONSISTENT	INNOVATION	AI活用・AI開発・映像解析・scouting・mechanics等を継続革新領域にする	PASS
EVENT-PNN-009-PW-157	EVENT	PNN-009	PW-157	PW-157	RETAINED_SEMANTICALLY_CONSISTENT	INNOVATION	成功した組織人材を他球団が引き抜きノウハウが拡散する	PASS
EVENT-PNN-009-PW-158	EVENT	PNN-009	PW-158	PW-158	RETAINED_SEMANTICALLY_CONSISTENT	INNOVATION	新施策をスタッフが提案しユーザーが承認/実験/却下可能	PASS
EVENT-PNN-009-PW-171	EVENT	PNN-009	PW-171		REMOVED_SEMANTICALLY_MISMATCHED	GLOBAL	キューバ等の国外移住/連盟離脱を高レベルcareer eventとして扱う	CORRECTED
EVENT-PNN-009-ADDED-PW-155	EVENT	PNN-009		PW-155	ADDED_SEMANTICALLY_REQUIRED	INNOVATION	Network Capitalを蓄積し一朝一夕で海外pipelineを作れないようにする	CORRECTED
EVENT-PNN-009-ADDED-PW-156	EVENT	PNN-009		PW-156	ADDED_SEMANTICALLY_REQUIRED	INNOVATION	Knowledge Capitalを人材・実績・研究で蓄積する	CORRECTED
EVENT-PNN-009-ADDED-PW-168	EVENT	PNN-009		PW-168	ADDED_SEMANTICALLY_REQUIRED	GLOBAL	国・地域ごとに異なる契約/移籍/政府/連盟制度を持つ	CORRECTED
EVENT-PNN-009-ADDED-PW-175	EVENT	PNN-009		PW-175	ADDED_SEMANTICALLY_REQUIRED	WORLD_GROWTH	国ごとに人気/競技人口/施設/指導/league quality等のecosystem stateを持つ	CORRECTED
EVENT-PNN-009-ADDED-PW-177	EVENT	PNN-009		PW-177	ADDED_SEMANTICALLY_REQUIRED	WORLD_GROWTH	NPB球団が海外academy/coach/scout等で世界普及へ関与できる	CORRECTED
EVENT-PNN-010-PW-117	EVENT	PNN-010	PW-117		REMOVED_SEMANTICALLY_MISMATCHED	RESEARCH	試合中の1巡目→2巡目→3巡目で相手学習を持つ	CORRECTED
EVENT-PNN-010-PW-120	EVENT	PNN-010	PW-120		REMOVED_SEMANTICALLY_MISMATCHED	RESEARCH	球団ごとに事前分析/映像/初見対応/試合中調整力を持つ	CORRECTED
EVENT-PNN-010-PW-190	EVENT	PNN-010	PW-190	PW-190	RETAINED_SEMANTICALLY_CONSISTENT	GOVERNANCE	DH/ABS/申告敬遠/牽制制限/base size/延長/tie-break等を変更可能	PASS
EVENT-PNN-010-PW-192	EVENT	PNN-010	PW-192	PW-192	RETAINED_SEMANTICALLY_CONSISTENT	GOVERNANCE	ルール変更は能力値直接補正でなくengine物理/確率条件へ作用	PASS
EVENT-PNN-010-PW-193	EVENT	PNN-010	PW-193	PW-193	RETAINED_SEMANTICALLY_CONSISTENT	GOVERNANCE	Rule Proposal Engineで提案主体/目的/試験/採決/施行/副作用/再改正を一般化	PASS
EVENT-PNN-010-PW-194	EVENT	PNN-010	PW-194	PW-194	RETAINED_SEMANTICALLY_CONSISTENT	GOVERNANCE	MiLB/二軍等で将来ルールを試験導入できる	PASS
EVENT-PNN-011-PW-121	EVENT	PNN-011	PW-121		REMOVED_SEMANTICALLY_MISMATCHED	RESEARCH	特定打者/投手への重点対策をユーザーが指定可能	CORRECTED
EVENT-PNN-011-PW-122	EVENT	PNN-011	PW-122		REMOVED_SEMANTICALLY_MISMATCHED	RESEARCH	研究資源を有限にして重点対象とのtrade-offを作る	CORRECTED
EVENT-PNN-011-PW-125	EVENT	PNN-011	PW-125		REMOVED_SEMANTICALLY_MISMATCHED	TRANSFER	大型FA失敗も同じcontextual systemから自然発生	CORRECTED
EVENT-PNN-011-PW-130	EVENT	PNN-011	PW-130		REMOVED_SEMANTICALLY_MISMATCHED	CONTRACT	起用約束を破ると本人不満・球団信頼低下	CORRECTED
EVENT-PNN-011-PW-197	EVENT	PNN-011	PW-197	PW-197	RETAINED_SEMANTICALLY_CONSISTENT	GOVERNANCE	draft pick trade/compensation/pick forfeiture等も制度軸にする	PASS
EVENT-PNN-011-PW-198	EVENT	PNN-011	PW-198	PW-198	RETAINED_SEMANTICALLY_CONSISTENT	GOVERNANCE	制度変更に施行日・経過措置・対象世代を持たせる	PASS
EVENT-PNN-011-PW-229	EVENT	PNN-011	PW-229		REMOVED_SEMANTICALLY_MISMATCHED	QA	hidden rubber-band catch-up補正を使わない	CORRECTED
EVENT-PNN-011-ADDED-PW-188	EVENT	PNN-011		PW-188	ADDED_SEMANTICALLY_REQUIRED	GOVERNANCE	選手会を正式な制度主体として実装する	CORRECTED
EVENT-PNN-011-ADDED-PW-189	EVENT	PNN-011		PW-189	ADDED_SEMANTICALLY_REQUIRED	GOVERNANCE	FA年数短縮等を選手会/球団/NPBの交渉で変更可能	CORRECTED
EVENT-PNN-011-ADDED-PW-190	EVENT	PNN-011		PW-190	ADDED_SEMANTICALLY_REQUIRED	GOVERNANCE	DH/ABS/申告敬遠/牽制制限/base size/延長/tie-break等を変更可能	CORRECTED
EVENT-PNN-011-ADDED-PW-193	EVENT	PNN-011		PW-193	ADDED_SEMANTICALLY_REQUIRED	GOVERNANCE	Rule Proposal Engineで提案主体/目的/試験/採決/施行/副作用/再改正を一般化	CORRECTED
EVENT-PNN-011-ADDED-PW-195	EVENT	PNN-011		PW-195	ADDED_SEMANTICALLY_REQUIRED	GOVERNANCE	ドラフト制度を自由に変更可能なRule Engineにする	CORRECTED
EVENT-PNN-012-PW-060	EVENT	PNN-012	PW-060		REMOVED_SEMANTICALLY_MISMATCHED	DRAFT	毎週細かなscout point操作を要求しない	CORRECTED
EVENT-PNN-012-PW-061	EVENT	PNN-012	PW-061		REMOVED_SEMANTICALLY_MISMATCHED	DRAFT	少数の重点調査候補を指定できる	CORRECTED
EVENT-PNN-012-PW-197	EVENT	PNN-012	PW-197		REMOVED_SEMANTICALLY_MISMATCHED	GOVERNANCE	draft pick trade/compensation/pick forfeiture等も制度軸にする	CORRECTED
EVENT-PNN-012-PW-198	EVENT	PNN-012	PW-198	PW-198	RETAINED_SEMANTICALLY_CONSISTENT	GOVERNANCE	制度変更に施行日・経過措置・対象世代を持たせる	PASS
EVENT-PNN-012-PW-239	EVENT	PNN-012	PW-239		REMOVED_SEMANTICALLY_MISMATCHED	GLOBAL	NPBの外国人候補一覧は世界から切り離されたランダム生成ではなくGlobal Baseball Worldに実在する選手からスカウト結果として作る	CORRECTED
EVENT-PNN-012-PW-256	EVENT	PNN-012	PW-256	PW-256	RETAINED_SEMANTICALLY_CONSISTENT	GOVERNANCE	外国人枠・一軍登録可能数・支配下/育成等のroster制度もRule Proposal Engineで将来変更可能にする	PASS
EVENT-PNN-012-ADDED-PW-237	EVENT	PNN-012		PW-237	ADDED_SEMANTICALLY_REQUIRED	TRADE	CPUは他球団で出場機会を失っている有望株や余剰戦力を認識し能動的にトレード獲得を狙う	CORRECTED
EVENT-PNN-013-PW-055	EVENT	PNN-013	PW-055		REMOVED_SEMANTICALLY_MISMATCHED	DRAFT	ドラフト候補の真の能力とスカウト評価を分離する	CORRECTED
EVENT-PNN-013-PW-056	EVENT	PNN-013	PW-056		REMOVED_SEMANTICALLY_MISMATCHED	DRAFT	CPUもhidden真値でなく自球団スカウト情報を使う	CORRECTED
EVENT-PNN-013-PW-057	EVENT	PNN-013	PW-057		REMOVED_SEMANTICALLY_MISMATCHED	DRAFT	全球団ごとに独自draft boardを持つ	CORRECTED
EVENT-PNN-013-PW-195	EVENT	PNN-013	PW-195	PW-195	RETAINED_SEMANTICALLY_CONSISTENT	GOVERNANCE	ドラフト制度を自由に変更可能なRule Engineにする	PASS
EVENT-PNN-013-PW-196	EVENT	PNN-013	PW-196	PW-196	RETAINED_SEMANTICALLY_CONSISTENT	GOVERNANCE	希望枠/自由入団枠/ウェイバー/lottery/NPB型抽選等を組替可能	PASS
EVENT-PNN-013-PW-198	EVENT	PNN-013	PW-198	PW-198	RETAINED_SEMANTICALLY_CONSISTENT	GOVERNANCE	制度変更に施行日・経過措置・対象世代を持たせる	PASS
EVENT-PNN-013-ADDED-PW-199	EVENT	PNN-013		PW-199	ADDED_SEMANTICALLY_REQUIRED	GOVERNANCE	制度の抜け道をユーザー/CPUが利用し頻発すれば論争・改正へ進む	CORRECTED
EVENT-PNN-013-ADDED-PW-240	EVENT	PNN-013		PW-240	ADDED_SEMANTICALLY_REQUIRED	GLOBAL	同一の海外選手をNPB・MLB・KBO・CPBL等の複数市場が同時に評価・交渉しNPBが常に獲得できるわけではない	CORRECTED
EVENT-PNN-014-PW-074	EVENT	PNN-014	PW-074	PW-074	RETAINED_SEMANTICALLY_CONSISTENT	DRAFT	ドラフト時の世間評価/自球団評価/指名順位を永久保存	PASS
EVENT-PNN-014-PW-095	EVENT	PNN-014	PW-095	PW-095	RETAINED_SEMANTICALLY_CONSISTENT	VALUE	選手価値を試合戦力だけでなく将来/mentor/leadership/info/commercial/fitへ広げる	PASS
EVENT-PNN-014-PW-197	EVENT	PNN-014	PW-197	PW-197	RETAINED_SEMANTICALLY_CONSISTENT	GOVERNANCE	draft pick trade/compensation/pick forfeiture等も制度軸にする	PASS
EVENT-PNN-014-PW-198	EVENT	PNN-014	PW-198	PW-198	RETAINED_SEMANTICALLY_CONSISTENT	GOVERNANCE	制度変更に施行日・経過措置・対象世代を持たせる	PASS
EVENT-PNN-014-PW-213	EVENT	PNN-014	PW-213	PW-213	RETAINED_SEMANTICALLY_CONSISTENT	HISTORY	選手のdraft/二軍/一軍/海外/受賞/移籍/契約/代表/引退後staffを一生涯保存	PASS
EVENT-PNN-014-ADDED-PW-031	EVENT	PNN-014		PW-031	ADDED_SEMANTICALLY_REQUIRED	DEVELOPMENT	二軍年度成績・通算・タイトル・昇格履歴を保存する	CORRECTED
EVENT-PNN-014-ADDED-PW-032	EVENT	PNN-014		PW-032	ADDED_SEMANTICALLY_REQUIRED	DEVELOPMENT	育成方針は自然成長方向へのbiasとして使う	CORRECTED
EVENT-PNN-015-PW-149	EVENT	PNN-015	PW-149	PW-149	RETAINED_SEMANTICALLY_CONSISTENT	INNOVATION	ソフトバンク型3軍/4軍制を作れる	PASS
EVENT-PNN-015-PW-150	EVENT	PNN-015	PW-150	PW-150	RETAINED_SEMANTICALLY_CONSISTENT	INNOVATION	多軍制に選手数/試合機会メリットと大きな維持費を持たせる	PASS
EVENT-PNN-015-PW-151	EVENT	PNN-015	PW-151	PW-151	RETAINED_SEMANTICALLY_CONSISTENT	INNOVATION	MLB AA/海外大学/JUCO/独立等との新pipelineを構築可能	PASS
EVENT-PNN-015-PW-165	EVENT	PNN-015	PW-165	PW-165	RETAINED_SEMANTICALLY_CONSISTENT	GLOBAL	海外の全試合をNPB同等詳細にはせずleague別sim粒度を変える	PASS
EVENT-PNN-015-PW-180	EVENT	PNN-015	PW-180	PW-180	RETAINED_SEMANTICALLY_CONSISTENT	WORLD_GROWTH	league縮小/統合/停滞も可能にして世界全体無限成長を防ぐ	PASS
EVENT-PNN-015-ADDED-PW-155	EVENT	PNN-015		PW-155	ADDED_SEMANTICALLY_REQUIRED	INNOVATION	Network Capitalを蓄積し一朝一夕で海外pipelineを作れないようにする	CORRECTED
EVENT-PNN-015-ADDED-PW-156	EVENT	PNN-015		PW-156	ADDED_SEMANTICALLY_REQUIRED	INNOVATION	Knowledge Capitalを人材・実績・研究で蓄積する	CORRECTED
EVENT-PNN-015-ADDED-PW-175	EVENT	PNN-015		PW-175	ADDED_SEMANTICALLY_REQUIRED	WORLD_GROWTH	国ごとに人気/競技人口/施設/指導/league quality等のecosystem stateを持つ	CORRECTED
EVENT-PNN-015-ADDED-PW-177	EVENT	PNN-015		PW-177	ADDED_SEMANTICALLY_REQUIRED	WORLD_GROWTH	NPB球団が海外academy/coach/scout等で世界普及へ関与できる	CORRECTED
EVENT-PNN-016-PW-121	EVENT	PNN-016	PW-121		REMOVED_SEMANTICALLY_MISMATCHED	RESEARCH	特定打者/投手への重点対策をユーザーが指定可能	CORRECTED
EVENT-PNN-016-PW-122	EVENT	PNN-016	PW-122		REMOVED_SEMANTICALLY_MISMATCHED	RESEARCH	研究資源を有限にして重点対象とのtrade-offを作る	CORRECTED
EVENT-PNN-016-PW-181	EVENT	PNN-016	PW-181	PW-181	RETAINED_SEMANTICALLY_CONSISTENT	INTERNATIONAL	WBC/Premier12/五輪/U-18/U-23等を意味ある大会として実装	PASS
EVENT-PNN-016-PW-213	EVENT	PNN-016	PW-213	PW-213	RETAINED_SEMANTICALLY_CONSISTENT	HISTORY	選手のdraft/二軍/一軍/海外/受賞/移籍/契約/代表/引退後staffを一生涯保存	PASS
EVENT-PNN-016-PW-214	EVENT	PNN-016	PW-214	PW-214	RETAINED_SEMANTICALLY_CONSISTENT	HISTORY	球団の順位/人事/補強/革新/不祥事/制度議論等を球団史に保存	PASS
EVENT-PNN-016-PW-216	EVENT	PNN-016	PW-216	PW-216	RETAINED_SEMANTICALLY_CONSISTENT	HISTORY	ニュースで数字を物語化する	PASS
EVENT-PNN-016-ADDED-PW-188	EVENT	PNN-016		PW-188	ADDED_SEMANTICALLY_REQUIRED	GOVERNANCE	選手会を正式な制度主体として実装する	CORRECTED
EVENT-PNN-016-ADDED-PW-189	EVENT	PNN-016		PW-189	ADDED_SEMANTICALLY_REQUIRED	GOVERNANCE	FA年数短縮等を選手会/球団/NPBの交渉で変更可能	CORRECTED
EVENT-PNN-017-PW-145	EVENT	PNN-017	PW-145	PW-145	RETAINED_SEMANTICALLY_CONSISTENT	INNOVATION	球団固有の革新的な獲得・育成・分析施策を大量に導入する	PASS
EVENT-PNN-017-PW-153	EVENT	PNN-017	PW-153	PW-153	RETAINED_SEMANTICALLY_CONSISTENT	INNOVATION	AI活用・AI開発・映像解析・scouting・mechanics等を継続革新領域にする	PASS
EVENT-PNN-017-PW-154	EVENT	PNN-017	PW-154	PW-154	RETAINED_SEMANTICALLY_CONSISTENT	INNOVATION	AIをLv1/2/3固定treeにしない	PASS
EVENT-PNN-017-PW-155	EVENT	PNN-017	PW-155	PW-155	RETAINED_SEMANTICALLY_CONSISTENT	INNOVATION	Network Capitalを蓄積し一朝一夕で海外pipelineを作れないようにする	PASS
EVENT-PNN-017-PW-157	EVENT	PNN-017	PW-157	PW-157	RETAINED_SEMANTICALLY_CONSISTENT	INNOVATION	成功した組織人材を他球団が引き抜きノウハウが拡散する	PASS
EVENT-PNN-017-PW-158	EVENT	PNN-017	PW-158	PW-158	RETAINED_SEMANTICALLY_CONSISTENT	INNOVATION	新施策をスタッフが提案しユーザーが承認/実験/却下可能	PASS
EVENT-PNN-017-ADDED-PW-156	EVENT	PNN-017		PW-156	ADDED_SEMANTICALLY_REQUIRED	INNOVATION	Knowledge Capitalを人材・実績・研究で蓄積する	CORRECTED
EVENT-PNN-018-PW-145	EVENT	PNN-018	PW-145	PW-145	RETAINED_SEMANTICALLY_CONSISTENT	INNOVATION	球団固有の革新的な獲得・育成・分析施策を大量に導入する	PASS
EVENT-PNN-018-PW-154	EVENT	PNN-018	PW-154	PW-154	RETAINED_SEMANTICALLY_CONSISTENT	INNOVATION	AIをLv1/2/3固定treeにしない	PASS
EVENT-PNN-018-PW-155	EVENT	PNN-018	PW-155	PW-155	RETAINED_SEMANTICALLY_CONSISTENT	INNOVATION	Network Capitalを蓄積し一朝一夕で海外pipelineを作れないようにする	PASS
EVENT-PNN-018-PW-158	EVENT	PNN-018	PW-158	PW-158	RETAINED_SEMANTICALLY_CONSISTENT	INNOVATION	新施策をスタッフが提案しユーザーが承認/実験/却下可能	PASS
EVENT-PNN-018-ADDED-PW-153	EVENT	PNN-018		PW-153	ADDED_SEMANTICALLY_REQUIRED	INNOVATION	AI活用・AI開発・映像解析・scouting・mechanics等を継続革新領域にする	CORRECTED
EVENT-PNN-018-ADDED-PW-156	EVENT	PNN-018		PW-156	ADDED_SEMANTICALLY_REQUIRED	INNOVATION	Knowledge Capitalを人材・実績・研究で蓄積する	CORRECTED
EVENT-PNN-019-PW-190	EVENT	PNN-019	PW-190	PW-190	RETAINED_SEMANTICALLY_CONSISTENT	GOVERNANCE	DH/ABS/申告敬遠/牽制制限/base size/延長/tie-break等を変更可能	PASS
EVENT-PNN-019-PW-192	EVENT	PNN-019	PW-192	PW-192	RETAINED_SEMANTICALLY_CONSISTENT	GOVERNANCE	ルール変更は能力値直接補正でなくengine物理/確率条件へ作用	PASS
EVENT-PNN-019-PW-193	EVENT	PNN-019	PW-193	PW-193	RETAINED_SEMANTICALLY_CONSISTENT	GOVERNANCE	Rule Proposal Engineで提案主体/目的/試験/採決/施行/副作用/再改正を一般化	PASS
EVENT-PNN-019-PW-205	EVENT	PNN-019	PW-205		REMOVED_SEMANTICALLY_MISMATCHED	INTEGRITY	組織のcompliance/discipline/internal reporting等を持つ	CORRECTED
EVENT-PNN-019-ADDED-PW-194	EVENT	PNN-019		PW-194	ADDED_SEMANTICALLY_REQUIRED	GOVERNANCE	MiLB/二軍等で将来ルールを試験導入できる	CORRECTED
EVENT-PNN-020-PW-190	EVENT	PNN-020	PW-190	PW-190	RETAINED_SEMANTICALLY_CONSISTENT	GOVERNANCE	DH/ABS/申告敬遠/牽制制限/base size/延長/tie-break等を変更可能	PASS
EVENT-PNN-020-PW-192	EVENT	PNN-020	PW-192	PW-192	RETAINED_SEMANTICALLY_CONSISTENT	GOVERNANCE	ルール変更は能力値直接補正でなくengine物理/確率条件へ作用	PASS
EVENT-PNN-020-PW-193	EVENT	PNN-020	PW-193	PW-193	RETAINED_SEMANTICALLY_CONSISTENT	GOVERNANCE	Rule Proposal Engineで提案主体/目的/試験/採決/施行/副作用/再改正を一般化	PASS
EVENT-PNN-020-PW-205	EVENT	PNN-020	PW-205		REMOVED_SEMANTICALLY_MISMATCHED	INTEGRITY	組織のcompliance/discipline/internal reporting等を持つ	CORRECTED
EVENT-PNN-020-ADDED-PW-194	EVENT	PNN-020		PW-194	ADDED_SEMANTICALLY_REQUIRED	GOVERNANCE	MiLB/二軍等で将来ルールを試験導入できる	CORRECTED
EVENT-PNN-021-PW-236	EVENT	PNN-021	PW-236	PW-236	RETAINED_SEMANTICALLY_CONSISTENT	TRADE	トレードを独立した中核システムとして設計しteam need・契約・年齢・将来価値・competitive windowを統合する	PASS
EVENT-PNN-021-PW-237	EVENT	PNN-021	PW-237	PW-237	RETAINED_SEMANTICALLY_CONSISTENT	TRADE	CPUは他球団で出場機会を失っている有望株や余剰戦力を認識し能動的にトレード獲得を狙う	PASS
EVENT-PNN-021-PW-238	EVENT	PNN-021	PW-238	PW-238	RETAINED_SEMANTICALLY_CONSISTENT	TRANSACTION	現役ドラフトをFA・通常トレード・戦力外とは別の選手移動経路として扱い制度自体も変更可能にする	PASS
EVENT-PNN-021-PW-239	EVENT	PNN-021	PW-239		REMOVED_SEMANTICALLY_MISMATCHED	GLOBAL	NPBの外国人候補一覧は世界から切り離されたランダム生成ではなくGlobal Baseball Worldに実在する選手からスカウト結果として作る	CORRECTED
EVENT-PNN-021-PW-240	EVENT	PNN-021	PW-240		REMOVED_SEMANTICALLY_MISMATCHED	GLOBAL	同一の海外選手をNPB・MLB・KBO・CPBL等の複数市場が同時に評価・交渉しNPBが常に獲得できるわけではない	CORRECTED
EVENT-PNN-021-ADDED-PW-256	EVENT	PNN-021		PW-256	ADDED_SEMANTICALLY_REQUIRED	GOVERNANCE	外国人枠・一軍登録可能数・支配下/育成等のroster制度もRule Proposal Engineで将来変更可能にする	CORRECTED
EVENT-PNN-022-PW-165	EVENT	PNN-022	PW-165	PW-165	RETAINED_SEMANTICALLY_CONSISTENT	GLOBAL	海外の全試合をNPB同等詳細にはせずleague別sim粒度を変える	PASS
EVENT-PNN-022-PW-179	EVENT	PNN-022	PW-179	PW-179	RETAINED_SEMANTICALLY_CONSISTENT	WORLD_GROWTH	十分な基盤が整えば新しいprofessional leagueが稀に誕生する	PASS
EVENT-PNN-022-PW-180	EVENT	PNN-022	PW-180	PW-180	RETAINED_SEMANTICALLY_CONSISTENT	WORLD_GROWTH	league縮小/統合/停滞も可能にして世界全体無限成長を防ぐ	PASS
EVENT-PNN-022-PW-247	EVENT	PNN-022	PW-247	PW-247	RETAINED_SEMANTICALLY_CONSISTENT	FINANCE	球団ごとの市場規模・資金力差は残すが資金は選択肢を増やす要因であり勝利を自動保証せず小規模球団にも合理的な勝ち筋を残す	PASS
EVENT-PNN-022-PW-248	EVENT	PNN-022	PW-248	PW-248	RETAINED_SEMANTICALLY_CONSISTENT	OWNERSHIP	オーナー/経営陣は短期長期・投資姿勢・リスク・革新志向等で個性を持っても全球団で勝利意欲自体は高く固定する	PASS
EVENT-PNN-022-ADDED-PW-167	EVENT	PNN-022		PW-167	ADDED_SEMANTICALLY_REQUIRED	GLOBAL	海外league qualityを固定せず長期変動させる	CORRECTED
EVENT-PNN-022-ADDED-PW-201	EVENT	PNN-022		PW-201	ADDED_SEMANTICALLY_REQUIRED	GOVERNANCE	球団数12を初期条件とし14/16等への拡張を可能にする	CORRECTED
EVENT-PNN-022-ADDED-PW-203	EVENT	PNN-022		PW-203	ADDED_SEMANTICALLY_REQUIRED	GOVERNANCE	league/地区/CS/Japan Series/interleague/試合数を変更可能	CORRECTED
EVENT-PNN-023-PW-074	EVENT	PNN-023	PW-074	PW-074	RETAINED_SEMANTICALLY_CONSISTENT	DRAFT	ドラフト時の世間評価/自球団評価/指名順位を永久保存	PASS
EVENT-PNN-023-PW-149	EVENT	PNN-023	PW-149		REMOVED_SEMANTICALLY_MISMATCHED	INNOVATION	ソフトバンク型3軍/4軍制を作れる	CORRECTED
EVENT-PNN-023-PW-168	EVENT	PNN-023	PW-168	PW-168	RETAINED_SEMANTICALLY_CONSISTENT	GLOBAL	国・地域ごとに異なる契約/移籍/政府/連盟制度を持つ	PASS
EVENT-PNN-023-PW-171	EVENT	PNN-023	PW-171		REMOVED_SEMANTICALLY_MISMATCHED	GLOBAL	キューバ等の国外移住/連盟離脱を高レベルcareer eventとして扱う	CORRECTED
EVENT-PNN-023-PW-242	EVENT	PNN-023	PW-242	PW-242	RETAINED_SEMANTICALLY_CONSISTENT	GLOBAL	外国人のNPB適応を固定のNPB適応能力1個で決めず underlying skill・役割・league差・環境適応等から自然発生させる	PASS
EVENT-PNN-023-ADDED-PW-127	EVENT	PNN-023		PW-127	ADDED_SEMANTICALLY_REQUIRED	TRANSFER	戦力外→海外→復活→NPB復帰を可能にする	CORRECTED
EVENT-PNN-023-ADDED-PW-128	EVENT	PNN-023		PW-128	ADDED_SEMANTICALLY_REQUIRED	TRANSFER	戦力外後のKBO/CPBL/Mexico/独立等の進路を本人価値観で選択	CORRECTED
EVENT-PNN-023-ADDED-PW-160	EVENT	PNN-023		PW-160	ADDED_SEMANTICALLY_REQUIRED	GLOBAL	海外を外国人候補生成器でなく生きたGlobal Baseball Worldにする	CORRECTED
EVENT-PNN-024-PW-168	EVENT	PNN-024	PW-168	PW-168	RETAINED_SEMANTICALLY_CONSISTENT	GLOBAL	国・地域ごとに異なる契約/移籍/政府/連盟制度を持つ	PASS
EVENT-PNN-024-PW-172	EVENT	PNN-024	PW-172	PW-172	RETAINED_SEMANTICALLY_CONSISTENT	GLOBAL	国際制度は自由化だけでなく規制強化/協定終了/ビザ問題等もあり得る	PASS
EVENT-PNN-024-PW-256	EVENT	PNN-024	PW-256	PW-256	RETAINED_SEMANTICALLY_CONSISTENT	GOVERNANCE	外国人枠・一軍登録可能数・支配下/育成等のroster制度もRule Proposal Engineで将来変更可能にする	PASS
EVENT-PNN-025-PW-055	EVENT	PNN-025	PW-055	PW-055	RETAINED_SEMANTICALLY_CONSISTENT	DRAFT	ドラフト候補の真の能力とスカウト評価を分離する	PASS
EVENT-PNN-025-PW-168	EVENT	PNN-025	PW-168	PW-168	RETAINED_SEMANTICALLY_CONSISTENT	GLOBAL	国・地域ごとに異なる契約/移籍/政府/連盟制度を持つ	PASS
EVENT-PNN-025-PW-172	EVENT	PNN-025	PW-172	PW-172	RETAINED_SEMANTICALLY_CONSISTENT	GLOBAL	国際制度は自由化だけでなく規制強化/協定終了/ビザ問題等もあり得る	PASS
EVENT-PNN-025-PW-256	EVENT	PNN-025	PW-256	PW-256	RETAINED_SEMANTICALLY_CONSISTENT	GOVERNANCE	外国人枠・一軍登録可能数・支配下/育成等のroster制度もRule Proposal Engineで将来変更可能にする	PASS
EVENT-PNN-025-ADDED-PW-053	EVENT	PNN-025		PW-053	ADDED_SEMANTICALLY_REQUIRED	DRAFT	ドラフトを長期人材供給システムとして扱う	CORRECTED
EVENT-PNN-025-ADDED-PW-054	EVENT	PNN-025		PW-054	ADDED_SEMANTICALLY_REQUIRED	DRAFT	高校/大学/社会人/独立を固定成長型でなく年齢・完成度・情報量で差別化	CORRECTED
EVENT-PNN-025-ADDED-PW-195	EVENT	PNN-025		PW-195	ADDED_SEMANTICALLY_REQUIRED	GOVERNANCE	ドラフト制度を自由に変更可能なRule Engineにする	CORRECTED
EVENT-PNN-025-ADDED-PW-196	EVENT	PNN-025		PW-196	ADDED_SEMANTICALLY_REQUIRED	GOVERNANCE	希望枠/自由入団枠/ウェイバー/lottery/NPB型抽選等を組替可能	CORRECTED
EVENT-PNN-026-PW-168	EVENT	PNN-026	PW-168	PW-168	RETAINED_SEMANTICALLY_CONSISTENT	GLOBAL	国・地域ごとに異なる契約/移籍/政府/連盟制度を持つ	PASS
EVENT-PNN-026-PW-172	EVENT	PNN-026	PW-172	PW-172	RETAINED_SEMANTICALLY_CONSISTENT	GLOBAL	国際制度は自由化だけでなく規制強化/協定終了/ビザ問題等もあり得る	PASS
EVENT-PNN-026-PW-256	EVENT	PNN-026	PW-256	PW-256	RETAINED_SEMANTICALLY_CONSISTENT	GOVERNANCE	外国人枠・一軍登録可能数・支配下/育成等のroster制度もRule Proposal Engineで将来変更可能にする	PASS
EVENT-PNN-027-PW-168	EVENT	PNN-027	PW-168	PW-168	RETAINED_SEMANTICALLY_CONSISTENT	GLOBAL	国・地域ごとに異なる契約/移籍/政府/連盟制度を持つ	PASS
EVENT-PNN-027-PW-169	EVENT	PNN-027	PW-169		REMOVED_SEMANTICALLY_MISMATCHED	GLOBAL	キューバ選手の海外契約自由度・連盟関与等を制度stateとして持つ	CORRECTED
EVENT-PNN-027-PW-171	EVENT	PNN-027	PW-171	PW-171	RETAINED_SEMANTICALLY_CONSISTENT	GLOBAL	キューバ等の国外移住/連盟離脱を高レベルcareer eventとして扱う	PASS
EVENT-PNN-027-PW-172	EVENT	PNN-027	PW-172	PW-172	RETAINED_SEMANTICALLY_CONSISTENT	GLOBAL	国際制度は自由化だけでなく規制強化/協定終了/ビザ問題等もあり得る	PASS
EVENT-PNN-027-PW-173	EVENT	PNN-027	PW-173	PW-173	RETAINED_SEMANTICALLY_CONSISTENT	GLOBAL	海外制度変更がNPBの選手市場へ波及する	PASS
EVENT-PNN-027-ADDED-PW-170	EVENT	PNN-027		PW-170	ADDED_SEMANTICALLY_REQUIRED	GLOBAL	キューバ政府/連盟とNPB/MLBの交渉で制度が変化し得る	CORRECTED
EVENT-PNN-028-PW-168	EVENT	PNN-028	PW-168	PW-168	RETAINED_SEMANTICALLY_CONSISTENT	GLOBAL	国・地域ごとに異なる契約/移籍/政府/連盟制度を持つ	PASS
EVENT-PNN-028-PW-169	EVENT	PNN-028	PW-169		REMOVED_SEMANTICALLY_MISMATCHED	GLOBAL	キューバ選手の海外契約自由度・連盟関与等を制度stateとして持つ	CORRECTED
EVENT-PNN-028-PW-172	EVENT	PNN-028	PW-172	PW-172	RETAINED_SEMANTICALLY_CONSISTENT	GLOBAL	国際制度は自由化だけでなく規制強化/協定終了/ビザ問題等もあり得る	PASS
EVENT-PNN-028-PW-173	EVENT	PNN-028	PW-173	PW-173	RETAINED_SEMANTICALLY_CONSISTENT	GLOBAL	海外制度変更がNPBの選手市場へ波及する	PASS
EVENT-PNN-028-ADDED-PW-170	EVENT	PNN-028		PW-170	ADDED_SEMANTICALLY_REQUIRED	GLOBAL	キューバ政府/連盟とNPB/MLBの交渉で制度が変化し得る	CORRECTED
EVENT-PNN-028-ADDED-PW-171	EVENT	PNN-028		PW-171	ADDED_SEMANTICALLY_REQUIRED	GLOBAL	キューバ等の国外移住/連盟離脱を高レベルcareer eventとして扱う	CORRECTED
EVENT-PNN-029-PW-145	EVENT	PNN-029	PW-145	PW-145	RETAINED_SEMANTICALLY_CONSISTENT	INNOVATION	球団固有の革新的な獲得・育成・分析施策を大量に導入する	PASS
EVENT-PNN-029-PW-153	EVENT	PNN-029	PW-153	PW-153	RETAINED_SEMANTICALLY_CONSISTENT	INNOVATION	AI活用・AI開発・映像解析・scouting・mechanics等を継続革新領域にする	PASS
EVENT-PNN-029-PW-168	EVENT	PNN-029	PW-168	PW-168	RETAINED_SEMANTICALLY_CONSISTENT	GLOBAL	国・地域ごとに異なる契約/移籍/政府/連盟制度を持つ	PASS
EVENT-PNN-029-PW-171	EVENT	PNN-029	PW-171		REMOVED_SEMANTICALLY_MISMATCHED	GLOBAL	キューバ等の国外移住/連盟離脱を高レベルcareer eventとして扱う	CORRECTED
EVENT-PNN-029-PW-179	EVENT	PNN-029	PW-179	PW-179	RETAINED_SEMANTICALLY_CONSISTENT	WORLD_GROWTH	十分な基盤が整えば新しいprofessional leagueが稀に誕生する	PASS
EVENT-PNN-029-ADDED-PW-151	EVENT	PNN-029		PW-151	ADDED_SEMANTICALLY_REQUIRED	INNOVATION	MLB AA/海外大学/JUCO/独立等との新pipelineを構築可能	CORRECTED
EVENT-PNN-029-ADDED-PW-155	EVENT	PNN-029		PW-155	ADDED_SEMANTICALLY_REQUIRED	INNOVATION	Network Capitalを蓄積し一朝一夕で海外pipelineを作れないようにする	CORRECTED
EVENT-PNN-029-ADDED-PW-156	EVENT	PNN-029		PW-156	ADDED_SEMANTICALLY_REQUIRED	INNOVATION	Knowledge Capitalを人材・実績・研究で蓄積する	CORRECTED
EVENT-PNN-029-ADDED-PW-157	EVENT	PNN-029		PW-157	ADDED_SEMANTICALLY_REQUIRED	INNOVATION	成功した組織人材を他球団が引き抜きノウハウが拡散する	CORRECTED
EVENT-PNN-029-ADDED-PW-160	EVENT	PNN-029		PW-160	ADDED_SEMANTICALLY_REQUIRED	GLOBAL	海外を外国人候補生成器でなく生きたGlobal Baseball Worldにする	CORRECTED
EVENT-PNN-029-ADDED-PW-175	EVENT	PNN-029		PW-175	ADDED_SEMANTICALLY_REQUIRED	WORLD_GROWTH	国ごとに人気/競技人口/施設/指導/league quality等のecosystem stateを持つ	CORRECTED
EVENT-PNN-029-ADDED-PW-177	EVENT	PNN-029		PW-177	ADDED_SEMANTICALLY_REQUIRED	WORLD_GROWTH	NPB球団が海外academy/coach/scout等で世界普及へ関与できる	CORRECTED
EVENT-PNN-030-PW-168	EVENT	PNN-030	PW-168	PW-168	RETAINED_SEMANTICALLY_CONSISTENT	GLOBAL	国・地域ごとに異なる契約/移籍/政府/連盟制度を持つ	PASS
EVENT-PNN-030-PW-169	EVENT	PNN-030	PW-169		REMOVED_SEMANTICALLY_MISMATCHED	GLOBAL	キューバ選手の海外契約自由度・連盟関与等を制度stateとして持つ	CORRECTED
EVENT-PNN-030-PW-171	EVENT	PNN-030	PW-171		REMOVED_SEMANTICALLY_MISMATCHED	GLOBAL	キューバ等の国外移住/連盟離脱を高レベルcareer eventとして扱う	CORRECTED
EVENT-PNN-030-PW-172	EVENT	PNN-030	PW-172	PW-172	RETAINED_SEMANTICALLY_CONSISTENT	GLOBAL	国際制度は自由化だけでなく規制強化/協定終了/ビザ問題等もあり得る	PASS
EVENT-PNN-030-ADDED-PW-173	EVENT	PNN-030		PW-173	ADDED_SEMANTICALLY_REQUIRED	GLOBAL	海外制度変更がNPBの選手市場へ波及する	CORRECTED
EVENT-PNN-030-ADDED-PW-240	EVENT	PNN-030		PW-240	ADDED_SEMANTICALLY_REQUIRED	GLOBAL	同一の海外選手をNPB・MLB・KBO・CPBL等の複数市場が同時に評価・交渉しNPBが常に獲得できるわけではない	CORRECTED
EVENT-PNN-031-PW-190	EVENT	PNN-031	PW-190	PW-190	RETAINED_SEMANTICALLY_CONSISTENT	GOVERNANCE	DH/ABS/申告敬遠/牽制制限/base size/延長/tie-break等を変更可能	PASS
EVENT-PNN-031-PW-191	EVENT	PNN-031	PW-191	PW-191	RETAINED_SEMANTICALLY_CONSISTENT	GOVERNANCE	ボール反発係数やMLB球導入等の用具変更を可能にする	PASS
EVENT-PNN-031-PW-193	EVENT	PNN-031	PW-193	PW-193	RETAINED_SEMANTICALLY_CONSISTENT	GOVERNANCE	Rule Proposal Engineで提案主体/目的/試験/採決/施行/副作用/再改正を一般化	PASS
EVENT-PNN-031-PW-213	EVENT	PNN-031	PW-213	PW-213	RETAINED_SEMANTICALLY_CONSISTENT	HISTORY	選手のdraft/二軍/一軍/海外/受賞/移籍/契約/代表/引退後staffを一生涯保存	PASS
EVENT-PNN-031-ADDED-PW-214	EVENT	PNN-031		PW-214	ADDED_SEMANTICALLY_REQUIRED	HISTORY	球団の順位/人事/補強/革新/不祥事/制度議論等を球団史に保存	CORRECTED
EVENT-PNN-032-PW-168	EVENT	PNN-032	PW-168	PW-168	RETAINED_SEMANTICALLY_CONSISTENT	GLOBAL	国・地域ごとに異なる契約/移籍/政府/連盟制度を持つ	PASS
EVENT-PNN-032-PW-181	EVENT	PNN-032	PW-181	PW-181	RETAINED_SEMANTICALLY_CONSISTENT	INTERNATIONAL	WBC/Premier12/五輪/U-18/U-23等を意味ある大会として実装	PASS
EVENT-PNN-032-PW-182	EVENT	PNN-032	PW-182	PW-182	RETAINED_SEMANTICALLY_CONSISTENT	INTERNATIONAL	国際大会が人気/スカウト露出/海外評価/知識交流/国の普及へ影響	PASS
EVENT-PNN-033-PW-179	EVENT	PNN-033	PW-179	PW-179	RETAINED_SEMANTICALLY_CONSISTENT	WORLD_GROWTH	十分な基盤が整えば新しいprofessional leagueが稀に誕生する	PASS
EVENT-PNN-033-PW-180	EVENT	PNN-033	PW-180	PW-180	RETAINED_SEMANTICALLY_CONSISTENT	WORLD_GROWTH	league縮小/統合/停滞も可能にして世界全体無限成長を防ぐ	PASS
EVENT-PNN-033-PW-181	EVENT	PNN-033	PW-181	PW-181	RETAINED_SEMANTICALLY_CONSISTENT	INTERNATIONAL	WBC/Premier12/五輪/U-18/U-23等を意味ある大会として実装	PASS
EVENT-PNN-033-ADDED-PW-168	EVENT	PNN-033		PW-168	ADDED_SEMANTICALLY_REQUIRED	GLOBAL	国・地域ごとに異なる契約/移籍/政府/連盟制度を持つ	CORRECTED
EVENT-PNN-033-ADDED-PW-174	EVENT	PNN-033		PW-174	ADDED_SEMANTICALLY_REQUIRED	WORLD_GROWTH	世界中で野球普及・競技人口増加・league発展を起こせる	CORRECTED
EVENT-PNN-033-ADDED-PW-175	EVENT	PNN-033		PW-175	ADDED_SEMANTICALLY_REQUIRED	WORLD_GROWTH	国ごとに人気/競技人口/施設/指導/league quality等のecosystem stateを持つ	CORRECTED
EVENT-PNN-033-ADDED-PW-178	EVENT	PNN-033		PW-178	ADDED_SEMANTICALLY_REQUIRED	WORLD_GROWTH	市場を開拓した球団だけが永遠に独占せず他球団/MLBが参入する	CORRECTED
EVENT-PNN-033-ADDED-PW-203	EVENT	PNN-033		PW-203	ADDED_SEMANTICALLY_REQUIRED	GOVERNANCE	league/地区/CS/Japan Series/interleague/試合数を変更可能	CORRECTED
EVENT-PNN-034-PW-179	EVENT	PNN-034	PW-179	PW-179	RETAINED_SEMANTICALLY_CONSISTENT	WORLD_GROWTH	十分な基盤が整えば新しいprofessional leagueが稀に誕生する	PASS
EVENT-PNN-034-PW-180	EVENT	PNN-034	PW-180	PW-180	RETAINED_SEMANTICALLY_CONSISTENT	WORLD_GROWTH	league縮小/統合/停滞も可能にして世界全体無限成長を防ぐ	PASS
EVENT-PNN-034-PW-185	EVENT	PNN-034	PW-185		REMOVED_SEMANTICALLY_MISMATCHED	INTERNATIONAL	オールスターに人気/名誉/交流/歴史価値を持たせる	CORRECTED
EVENT-PNN-034-ADDED-PW-174	EVENT	PNN-034		PW-174	ADDED_SEMANTICALLY_REQUIRED	WORLD_GROWTH	世界中で野球普及・競技人口増加・league発展を起こせる	CORRECTED
EVENT-PNN-034-ADDED-PW-175	EVENT	PNN-034		PW-175	ADDED_SEMANTICALLY_REQUIRED	WORLD_GROWTH	国ごとに人気/競技人口/施設/指導/league quality等のecosystem stateを持つ	CORRECTED
EVENT-PNN-034-ADDED-PW-176	EVENT	PNN-034		PW-176	ADDED_SEMANTICALLY_REQUIRED	WORLD_GROWTH	アフリカ等の新地域が数十年で有力選手供給地になり得る	CORRECTED
EVENT-PNN-034-ADDED-PW-177	EVENT	PNN-034		PW-177	ADDED_SEMANTICALLY_REQUIRED	WORLD_GROWTH	NPB球団が海外academy/coach/scout等で世界普及へ関与できる	CORRECTED
EVENT-PNN-035-PW-145	EVENT	PNN-035	PW-145	PW-145	RETAINED_SEMANTICALLY_CONSISTENT	INNOVATION	球団固有の革新的な獲得・育成・分析施策を大量に導入する	PASS
EVENT-PNN-035-PW-157	EVENT	PNN-035	PW-157	PW-157	RETAINED_SEMANTICALLY_CONSISTENT	INNOVATION	成功した組織人材を他球団が引き抜きノウハウが拡散する	PASS
EVENT-PNN-035-PW-179	EVENT	PNN-035	PW-179	PW-179	RETAINED_SEMANTICALLY_CONSISTENT	WORLD_GROWTH	十分な基盤が整えば新しいprofessional leagueが稀に誕生する	PASS
EVENT-PNN-035-PW-185	EVENT	PNN-035	PW-185		REMOVED_SEMANTICALLY_MISMATCHED	INTERNATIONAL	オールスターに人気/名誉/交流/歴史価値を持たせる	CORRECTED
EVENT-PNN-035-ADDED-PW-155	EVENT	PNN-035		PW-155	ADDED_SEMANTICALLY_REQUIRED	INNOVATION	Network Capitalを蓄積し一朝一夕で海外pipelineを作れないようにする	CORRECTED
EVENT-PNN-035-ADDED-PW-156	EVENT	PNN-035		PW-156	ADDED_SEMANTICALLY_REQUIRED	INNOVATION	Knowledge Capitalを人材・実績・研究で蓄積する	CORRECTED
EVENT-PNN-035-ADDED-PW-168	EVENT	PNN-035		PW-168	ADDED_SEMANTICALLY_REQUIRED	GLOBAL	国・地域ごとに異なる契約/移籍/政府/連盟制度を持つ	CORRECTED
EVENT-PNN-035-ADDED-PW-175	EVENT	PNN-035		PW-175	ADDED_SEMANTICALLY_REQUIRED	WORLD_GROWTH	国ごとに人気/競技人口/施設/指導/league quality等のecosystem stateを持つ	CORRECTED
EVENT-PNN-035-ADDED-PW-177	EVENT	PNN-035		PW-177	ADDED_SEMANTICALLY_REQUIRED	WORLD_GROWTH	NPB球団が海外academy/coach/scout等で世界普及へ関与できる	CORRECTED
EVENT-PNN-036-PW-181	EVENT	PNN-036	PW-181	PW-181	RETAINED_SEMANTICALLY_CONSISTENT	INTERNATIONAL	WBC/Premier12/五輪/U-18/U-23等を意味ある大会として実装	PASS
EVENT-PNN-036-PW-182	EVENT	PNN-036	PW-182	PW-182	RETAINED_SEMANTICALLY_CONSISTENT	INTERNATIONAL	国際大会が人気/スカウト露出/海外評価/知識交流/国の普及へ影響	PASS
EVENT-PNN-036-PW-190	EVENT	PNN-036	PW-190	PW-190	RETAINED_SEMANTICALLY_CONSISTENT	GOVERNANCE	DH/ABS/申告敬遠/牽制制限/base size/延長/tie-break等を変更可能	PASS
EVENT-PNN-037-PW-181	EVENT	PNN-037	PW-181	PW-181	RETAINED_SEMANTICALLY_CONSISTENT	INTERNATIONAL	WBC/Premier12/五輪/U-18/U-23等を意味ある大会として実装	PASS
EVENT-PNN-037-PW-182	EVENT	PNN-037	PW-182	PW-182	RETAINED_SEMANTICALLY_CONSISTENT	INTERNATIONAL	国際大会が人気/スカウト露出/海外評価/知識交流/国の普及へ影響	PASS
EVENT-PNN-037-PW-247	EVENT	PNN-037	PW-247	PW-247	RETAINED_SEMANTICALLY_CONSISTENT	FINANCE	球団ごとの市場規模・資金力差は残すが資金は選択肢を増やす要因であり勝利を自動保証せず小規模球団にも合理的な勝ち筋を残す	PASS
EVENT-PNN-038-PW-181	EVENT	PNN-038	PW-181	PW-181	RETAINED_SEMANTICALLY_CONSISTENT	INTERNATIONAL	WBC/Premier12/五輪/U-18/U-23等を意味ある大会として実装	PASS
EVENT-PNN-038-PW-182	EVENT	PNN-038	PW-182	PW-182	RETAINED_SEMANTICALLY_CONSISTENT	INTERNATIONAL	国際大会が人気/スカウト露出/海外評価/知識交流/国の普及へ影響	PASS
EVENT-PNN-038-PW-183	EVENT	PNN-038	PW-183	PW-183	RETAINED_SEMANTICALLY_CONSISTENT	INTERNATIONAL	国際大会疲労・故障影響をOFF/LIGHT/REALISTIC等でtoggle可能	PASS
EVENT-PNN-038-PW-184	EVENT	PNN-038	PW-184	PW-184	RETAINED_SEMANTICALLY_CONSISTENT	INTERNATIONAL	疲労OFFでも大会の名誉/人気/世界普及等の意味は残す	PASS
EVENT-PNN-038-PW-185	EVENT	PNN-038	PW-185	PW-185	RETAINED_SEMANTICALLY_CONSISTENT	INTERNATIONAL	オールスターに人気/名誉/交流/歴史価値を持たせる	PASS
EVENT-PNN-038-PW-243	EVENT	PNN-038	PW-243	PW-243	RETAINED_SEMANTICALLY_CONSISTENT	INTERNATIONAL	代表参加意思・辞退を選手の代表意識・健康・海外露出志向・所属状況等から個別に判断できるようにする	PASS
EVENT-PNN-038-PW-257	EVENT	PNN-038	PW-257	PW-257	RETAINED_SEMANTICALLY_CONSISTENT	INTERNATIONAL	オールスター・代表活動で生まれた他球団選手/コーチとの関係や知識交換が大会後のcareerや移籍判断へ弱く持続し得る	PASS
EVENT-PNN-039-PW-181	EVENT	PNN-039	PW-181	PW-181	RETAINED_SEMANTICALLY_CONSISTENT	INTERNATIONAL	WBC/Premier12/五輪/U-18/U-23等を意味ある大会として実装	PASS
EVENT-PNN-039-PW-182	EVENT	PNN-039	PW-182	PW-182	RETAINED_SEMANTICALLY_CONSISTENT	INTERNATIONAL	国際大会が人気/スカウト露出/海外評価/知識交流/国の普及へ影響	PASS
EVENT-PNN-039-PW-183	EVENT	PNN-039	PW-183	PW-183	RETAINED_SEMANTICALLY_CONSISTENT	INTERNATIONAL	国際大会疲労・故障影響をOFF/LIGHT/REALISTIC等でtoggle可能	PASS
EVENT-PNN-039-PW-185	EVENT	PNN-039	PW-185	PW-185	RETAINED_SEMANTICALLY_CONSISTENT	INTERNATIONAL	オールスターに人気/名誉/交流/歴史価値を持たせる	PASS
EVENT-PNN-039-PW-186	EVENT	PNN-039	PW-186	PW-186	RETAINED_SEMANTICALLY_CONSISTENT	INTERNATIONAL	国際大会の躍進が国の人気→競技人口→将来選手供給へfeedback	PASS
EVENT-PNN-039-PW-243	EVENT	PNN-039	PW-243	PW-243	RETAINED_SEMANTICALLY_CONSISTENT	INTERNATIONAL	代表参加意思・辞退を選手の代表意識・健康・海外露出志向・所属状況等から個別に判断できるようにする	PASS
EVENT-PNN-040-PW-181	EVENT	PNN-040	PW-181	PW-181	RETAINED_SEMANTICALLY_CONSISTENT	INTERNATIONAL	WBC/Premier12/五輪/U-18/U-23等を意味ある大会として実装	PASS
EVENT-PNN-040-PW-182	EVENT	PNN-040	PW-182	PW-182	RETAINED_SEMANTICALLY_CONSISTENT	INTERNATIONAL	国際大会が人気/スカウト露出/海外評価/知識交流/国の普及へ影響	PASS
EVENT-PNN-040-PW-184	EVENT	PNN-040	PW-184	PW-184	RETAINED_SEMANTICALLY_CONSISTENT	INTERNATIONAL	疲労OFFでも大会の名誉/人気/世界普及等の意味は残す	PASS
EVENT-PNN-040-PW-185	EVENT	PNN-040	PW-185	PW-185	RETAINED_SEMANTICALLY_CONSISTENT	INTERNATIONAL	オールスターに人気/名誉/交流/歴史価値を持たせる	PASS
EVENT-PNN-040-PW-243	EVENT	PNN-040	PW-243	PW-243	RETAINED_SEMANTICALLY_CONSISTENT	INTERNATIONAL	代表参加意思・辞退を選手の代表意識・健康・海外露出志向・所属状況等から個別に判断できるようにする	PASS
EVENT-PNN-040-ADDED-PW-183	EVENT	PNN-040		PW-183	ADDED_SEMANTICALLY_REQUIRED	INTERNATIONAL	国際大会疲労・故障影響をOFF/LIGHT/REALISTIC等でtoggle可能	CORRECTED
EVENT-PNN-041-PW-181	EVENT	PNN-041	PW-181	PW-181	RETAINED_SEMANTICALLY_CONSISTENT	INTERNATIONAL	WBC/Premier12/五輪/U-18/U-23等を意味ある大会として実装	PASS
EVENT-PNN-041-PW-182	EVENT	PNN-041	PW-182	PW-182	RETAINED_SEMANTICALLY_CONSISTENT	INTERNATIONAL	国際大会が人気/スカウト露出/海外評価/知識交流/国の普及へ影響	PASS
EVENT-PNN-041-PW-185	EVENT	PNN-041	PW-185	PW-185	RETAINED_SEMANTICALLY_CONSISTENT	INTERNATIONAL	オールスターに人気/名誉/交流/歴史価値を持たせる	PASS
EVENT-PNN-041-PW-186	EVENT	PNN-041	PW-186	PW-186	RETAINED_SEMANTICALLY_CONSISTENT	INTERNATIONAL	国際大会の躍進が国の人気→競技人口→将来選手供給へfeedback	PASS
EVENT-PNN-042-PW-181	EVENT	PNN-042	PW-181	PW-181	RETAINED_SEMANTICALLY_CONSISTENT	INTERNATIONAL	WBC/Premier12/五輪/U-18/U-23等を意味ある大会として実装	PASS
EVENT-PNN-042-PW-183	EVENT	PNN-042	PW-183	PW-183	RETAINED_SEMANTICALLY_CONSISTENT	INTERNATIONAL	国際大会疲労・故障影響をOFF/LIGHT/REALISTIC等でtoggle可能	PASS
EVENT-PNN-042-PW-184	EVENT	PNN-042	PW-184	PW-184	RETAINED_SEMANTICALLY_CONSISTENT	INTERNATIONAL	疲労OFFでも大会の名誉/人気/世界普及等の意味は残す	PASS
EVENT-PNN-042-PW-243	EVENT	PNN-042	PW-243	PW-243	RETAINED_SEMANTICALLY_CONSISTENT	INTERNATIONAL	代表参加意思・辞退を選手の代表意識・健康・海外露出志向・所属状況等から個別に判断できるようにする	PASS
EVENT-PNN-042-ADDED-PW-182	EVENT	PNN-042		PW-182	ADDED_SEMANTICALLY_REQUIRED	INTERNATIONAL	国際大会が人気/スカウト露出/海外評価/知識交流/国の普及へ影響	CORRECTED
EVENT-PNN-043-PW-141	EVENT	PNN-043	PW-141	PW-141	RETAINED_SEMANTICALLY_CONSISTENT	FINANCE	球団財務を選手年俸/スタッフ/スカウト/多軍/海外/R&D/医療等まで持つ	PASS
EVENT-PNN-043-PW-142	EVENT	PNN-043	PW-142		REMOVED_SEMANTICALLY_MISMATCHED	FINANCE	売店価格等の細かすぎる経営操作は前面に出さない	CORRECTED
EVENT-PNN-043-PW-143	EVENT	PNN-043	PW-143	PW-143	RETAINED_SEMANTICALLY_CONSISTENT	FINANCE	観客動員を勝率だけでなくスター/若手/地域/記録等から決める	PASS
EVENT-PNN-043-PW-144	EVENT	PNN-043	PW-144	PW-144	RETAINED_SEMANTICALLY_CONSISTENT	FINANCE	優勝で収入増だけでなく年俸・期待・スタッフ価格等も上昇	PASS
EVENT-PNN-043-PW-165	EVENT	PNN-043	PW-165		REMOVED_SEMANTICALLY_MISMATCHED	GLOBAL	海外の全試合をNPB同等詳細にはせずleague別sim粒度を変える	CORRECTED
EVENT-PNN-043-PW-247	EVENT	PNN-043	PW-247	PW-247	RETAINED_SEMANTICALLY_CONSISTENT	FINANCE	球団ごとの市場規模・資金力差は残すが資金は選択肢を増やす要因であり勝利を自動保証せず小規模球団にも合理的な勝ち筋を残す	PASS
EVENT-PNN-043-ADDED-PW-204	EVENT	PNN-043		PW-204	ADDED_SEMANTICALLY_REQUIRED	GOVERNANCE	球団移転/売却/合併は低頻度の大事件として将来候補	CORRECTED
EVENT-PNN-044-PW-141	EVENT	PNN-044	PW-141	PW-141	RETAINED_SEMANTICALLY_CONSISTENT	FINANCE	球団財務を選手年俸/スタッフ/スカウト/多軍/海外/R&D/医療等まで持つ	PASS
EVENT-PNN-044-PW-142	EVENT	PNN-044	PW-142		REMOVED_SEMANTICALLY_MISMATCHED	FINANCE	売店価格等の細かすぎる経営操作は前面に出さない	CORRECTED
EVENT-PNN-044-PW-143	EVENT	PNN-044	PW-143	PW-143	RETAINED_SEMANTICALLY_CONSISTENT	FINANCE	観客動員を勝率だけでなくスター/若手/地域/記録等から決める	PASS
EVENT-PNN-044-PW-165	EVENT	PNN-044	PW-165		REMOVED_SEMANTICALLY_MISMATCHED	GLOBAL	海外の全試合をNPB同等詳細にはせずleague別sim粒度を変える	CORRECTED
EVENT-PNN-044-PW-247	EVENT	PNN-044	PW-247	PW-247	RETAINED_SEMANTICALLY_CONSISTENT	FINANCE	球団ごとの市場規模・資金力差は残すが資金は選択肢を増やす要因であり勝利を自動保証せず小規模球団にも合理的な勝ち筋を残す	PASS
EVENT-PNN-045-PW-141	EVENT	PNN-045	PW-141	PW-141	RETAINED_SEMANTICALLY_CONSISTENT	FINANCE	球団財務を選手年俸/スタッフ/スカウト/多軍/海外/R&D/医療等まで持つ	PASS
EVENT-PNN-045-PW-143	EVENT	PNN-045	PW-143	PW-143	RETAINED_SEMANTICALLY_CONSISTENT	FINANCE	観客動員を勝率だけでなくスター/若手/地域/記録等から決める	PASS
EVENT-PNN-045-PW-144	EVENT	PNN-045	PW-144	PW-144	RETAINED_SEMANTICALLY_CONSISTENT	FINANCE	優勝で収入増だけでなく年俸・期待・スタッフ価格等も上昇	PASS
EVENT-PNN-045-PW-247	EVENT	PNN-045	PW-247	PW-247	RETAINED_SEMANTICALLY_CONSISTENT	FINANCE	球団ごとの市場規模・資金力差は残すが資金は選択肢を増やす要因であり勝利を自動保証せず小規模球団にも合理的な勝ち筋を残す	PASS
EVENT-PNN-046-PW-141	EVENT	PNN-046	PW-141	PW-141	RETAINED_SEMANTICALLY_CONSISTENT	FINANCE	球団財務を選手年俸/スタッフ/スカウト/多軍/海外/R&D/医療等まで持つ	PASS
EVENT-PNN-046-PW-143	EVENT	PNN-046	PW-143	PW-143	RETAINED_SEMANTICALLY_CONSISTENT	FINANCE	観客動員を勝率だけでなくスター/若手/地域/記録等から決める	PASS
EVENT-PNN-046-PW-144	EVENT	PNN-046	PW-144	PW-144	RETAINED_SEMANTICALLY_CONSISTENT	FINANCE	優勝で収入増だけでなく年俸・期待・スタッフ価格等も上昇	PASS
EVENT-PNN-046-PW-247	EVENT	PNN-046	PW-247	PW-247	RETAINED_SEMANTICALLY_CONSISTENT	FINANCE	球団ごとの市場規模・資金力差は残すが資金は選択肢を増やす要因であり勝利を自動保証せず小規模球団にも合理的な勝ち筋を残す	PASS
EVENT-PNN-047-PW-108	EVENT	PNN-047	PW-108		REMOVED_SEMANTICALLY_MISMATCHED	REPUTATION	球団にも選手から見た評判を持たせる	CORRECTED
EVENT-PNN-047-PW-111	EVENT	PNN-047	PW-111		REMOVED_SEMANTICALLY_MISMATCHED	REPUTATION	悪評/好評はFA・代理人・若手の球団選好へ影響する	CORRECTED
EVENT-PNN-047-PW-112	EVENT	PNN-047	PW-112		REMOVED_SEMANTICALLY_MISMATCHED	KNOWLEDGE	移籍捕手等が旧リーグ/古巣の情報を持ち込む	CORRECTED
EVENT-PNN-047-PW-121	EVENT	PNN-047	PW-121		REMOVED_SEMANTICALLY_MISMATCHED	RESEARCH	特定打者/投手への重点対策をユーザーが指定可能	CORRECTED
EVENT-PNN-047-PW-123	EVENT	PNN-047	PW-123		REMOVED_SEMANTICALLY_MISMATCHED	RESEARCH	相手研究→対策→本人再適応→再研究cycleを持つ	CORRECTED
EVENT-PNN-047-PW-142	EVENT	PNN-047	PW-142		REMOVED_SEMANTICALLY_MISMATCHED	FINANCE	売店価格等の細かすぎる経営操作は前面に出さない	CORRECTED
EVENT-PNN-047-ADDED-PW-129	EVENT	PNN-047		PW-129	ADDED_SEMANTICALLY_REQUIRED	CONTRACT	FA契約を金額だけでなく年数/role/優勝/愛着/地域等で選ぶ	CORRECTED
EVENT-PNN-047-ADDED-PW-138	EVENT	PNN-047		PW-138	ADDED_SEMANTICALLY_REQUIRED	CONTRACT	長期高額契約が将来財務・若手起用を圧迫する	CORRECTED
EVENT-PNN-047-ADDED-PW-139	EVENT	PNN-047		PW-139	ADDED_SEMANTICALLY_REQUIRED	CONTRACT	FA/契約市場価格を供給・年齢・希少性等で変動させる	CORRECTED
EVENT-PNN-047-ADDED-PW-140	EVENT	PNN-047		PW-140	ADDED_SEMANTICALLY_REQUIRED	CONTRACT	高額契約へのsunk-cost biasを一部GM/監督の失敗要因として持つ	CORRECTED
EVENT-PNN-047-ADDED-PW-141	EVENT	PNN-047		PW-141	ADDED_SEMANTICALLY_REQUIRED	FINANCE	球団財務を選手年俸/スタッフ/スカウト/多軍/海外/R&D/医療等まで持つ	CORRECTED
EVENT-PNN-047-ADDED-PW-247	EVENT	PNN-047		PW-247	ADDED_SEMANTICALLY_REQUIRED	FINANCE	球団ごとの市場規模・資金力差は残すが資金は選択肢を増やす要因であり勝利を自動保証せず小規模球団にも合理的な勝ち筋を残す	CORRECTED
EVENT-PNN-047-ADDED-PW-253	EVENT	PNN-047		PW-253	ADDED_SEMANTICALLY_REQUIRED	CONTRACT	FA直前だけでなく権利取得前の早期延長契約・残留交渉を可能にしroleや将来posting方針も交渉材料にできる案を保持する	CORRECTED
EVENT-PNN-047-ADDED-PW-254	EVENT	PNN-047		PW-254	ADDED_SEMANTICALLY_REQUIRED	AGENT	代理人は金額交渉だけでなく交渉時期・市場形成・メディアへの情報発信等で差を持ち得る	CORRECTED
EVENT-PNN-047-ADDED-PW-259	EVENT	PNN-047		PW-259	ADDED_SEMANTICALLY_REQUIRED	PRESSURE	大型FA・高額年俸・高い世間期待は能力値を直接下げず心理適応・起用・ファン/メディア評価を介して成績文脈に作用させる	CORRECTED
EVENT-PNN-048-PW-108	EVENT	PNN-048	PW-108		REMOVED_SEMANTICALLY_MISMATCHED	REPUTATION	球団にも選手から見た評判を持たせる	CORRECTED
EVENT-PNN-048-PW-111	EVENT	PNN-048	PW-111		REMOVED_SEMANTICALLY_MISMATCHED	REPUTATION	悪評/好評はFA・代理人・若手の球団選好へ影響する	CORRECTED
EVENT-PNN-048-PW-112	EVENT	PNN-048	PW-112		REMOVED_SEMANTICALLY_MISMATCHED	KNOWLEDGE	移籍捕手等が旧リーグ/古巣の情報を持ち込む	CORRECTED
EVENT-PNN-048-PW-124	EVENT	PNN-048	PW-124		REMOVED_SEMANTICALLY_MISMATCHED	TRANSFER	移籍覚醒を出場機会/役割/コーチ/フォーム/球場/適応等から自然発生	CORRECTED
EVENT-PNN-048-ADDED-PW-129	EVENT	PNN-048		PW-129	ADDED_SEMANTICALLY_REQUIRED	CONTRACT	FA契約を金額だけでなく年数/role/優勝/愛着/地域等で選ぶ	CORRECTED
EVENT-PNN-048-ADDED-PW-130	EVENT	PNN-048		PW-130	ADDED_SEMANTICALLY_REQUIRED	CONTRACT	起用約束を破ると本人不満・球団信頼低下	CORRECTED
EVENT-PNN-048-ADDED-PW-131	EVENT	PNN-048		PW-131	ADDED_SEMANTICALLY_REQUIRED	CONTRACT	代理人を独立人物として実装する	CORRECTED
EVENT-PNN-048-ADDED-PW-132	EVENT	PNN-048		PW-132	ADDED_SEMANTICALLY_REQUIRED	CONTRACT	代理人に交渉力/国際network/方針差を持たせる	CORRECTED
EVENT-PNN-048-ADDED-PW-133	EVENT	PNN-048		PW-133	ADDED_SEMANTICALLY_REQUIRED	CONTRACT	ポスティング希望→球団容認でも海外契約不成立なら残留する	CORRECTED
EVENT-PNN-048-ADDED-PW-134	EVENT	PNN-048		PW-134	ADDED_SEMANTICALLY_REQUIRED	CONTRACT	ポスティング不成立理由を市場/条件/role/medical/制度等から生成	CORRECTED
EVENT-PNN-048-ADDED-PW-135	EVENT	PNN-048		PW-135	ADDED_SEMANTICALLY_REQUIRED	CONTRACT	球団のposting friendliness評判を持つ	CORRECTED
EVENT-PNN-048-ADDED-PW-253	EVENT	PNN-048		PW-253	ADDED_SEMANTICALLY_REQUIRED	CONTRACT	FA直前だけでなく権利取得前の早期延長契約・残留交渉を可能にしroleや将来posting方針も交渉材料にできる案を保持する	CORRECTED
EVENT-PNN-048-ADDED-PW-254	EVENT	PNN-048		PW-254	ADDED_SEMANTICALLY_REQUIRED	AGENT	代理人は金額交渉だけでなく交渉時期・市場形成・メディアへの情報発信等で差を持ち得る	CORRECTED
EVENT-PNN-048-ADDED-PW-259	EVENT	PNN-048		PW-259	ADDED_SEMANTICALLY_REQUIRED	PRESSURE	大型FA・高額年俸・高い世間期待は能力値を直接下げず心理適応・起用・ファン/メディア評価を介して成績文脈に作用させる	CORRECTED
EVENT-PNN-049-PW-103	EVENT	PNN-049	PW-103	PW-103	RETAINED_SEMANTICALLY_CONSISTENT	IDENTITY	年俸より出場機会を求めるFAを可能にする	PASS
EVENT-PNN-049-PW-104	EVENT	PNN-049	PW-104	PW-104	RETAINED_SEMANTICALLY_CONSISTENT	IDENTITY	海外志向・家族・地元・優勝・安定・role等を選手ごとに異なるweightで持つ	PASS
EVENT-PNN-049-PW-169	EVENT	PNN-049	PW-169		REMOVED_SEMANTICALLY_MISMATCHED	GLOBAL	キューバ選手の海外契約自由度・連盟関与等を制度stateとして持つ	CORRECTED
EVENT-PNN-049-PW-172	EVENT	PNN-049	PW-172	PW-172	RETAINED_SEMANTICALLY_CONSISTENT	GLOBAL	国際制度は自由化だけでなく規制強化/協定終了/ビザ問題等もあり得る	PASS
EVENT-PNN-049-PW-236	EVENT	PNN-049	PW-236		REMOVED_SEMANTICALLY_MISMATCHED	TRADE	トレードを独立した中核システムとして設計しteam need・契約・年齢・将来価値・competitive windowを統合する	CORRECTED
EVENT-PNN-049-PW-242	EVENT	PNN-049	PW-242	PW-242	RETAINED_SEMANTICALLY_CONSISTENT	GLOBAL	外国人のNPB適応を固定のNPB適応能力1個で決めず underlying skill・役割・league差・環境適応等から自然発生させる	PASS
EVENT-PNN-049-ADDED-PW-133	EVENT	PNN-049		PW-133	ADDED_SEMANTICALLY_REQUIRED	CONTRACT	ポスティング希望→球団容認でも海外契約不成立なら残留する	CORRECTED
EVENT-PNN-049-ADDED-PW-134	EVENT	PNN-049		PW-134	ADDED_SEMANTICALLY_REQUIRED	CONTRACT	ポスティング不成立理由を市場/条件/role/medical/制度等から生成	CORRECTED
EVENT-PNN-049-ADDED-PW-135	EVENT	PNN-049		PW-135	ADDED_SEMANTICALLY_REQUIRED	CONTRACT	球団のposting friendliness評判を持つ	CORRECTED
EVENT-PNN-049-ADDED-PW-168	EVENT	PNN-049		PW-168	ADDED_SEMANTICALLY_REQUIRED	GLOBAL	国・地域ごとに異なる契約/移籍/政府/連盟制度を持つ	CORRECTED
EVENT-PNN-049-ADDED-PW-173	EVENT	PNN-049		PW-173	ADDED_SEMANTICALLY_REQUIRED	GLOBAL	海外制度変更がNPBの選手市場へ波及する	CORRECTED
EVENT-PNN-050-PW-108	EVENT	PNN-050	PW-108		REMOVED_SEMANTICALLY_MISMATCHED	REPUTATION	球団にも選手から見た評判を持たせる	CORRECTED
EVENT-PNN-050-PW-109	EVENT	PNN-050	PW-109		REMOVED_SEMANTICALLY_MISMATCHED	REPUTATION	功労者処遇・故障・雰囲気・育成実績等から評判が形成される	CORRECTED
EVENT-PNN-050-PW-110	EVENT	PNN-050	PW-110		REMOVED_SEMANTICALLY_MISMATCHED	REPUTATION	評判は実績から動的に形成し永久固定球団特性にしない	CORRECTED
EVENT-PNN-050-PW-111	EVENT	PNN-050	PW-111		REMOVED_SEMANTICALLY_MISMATCHED	REPUTATION	悪評/好評はFA・代理人・若手の球団選好へ影響する	CORRECTED
EVENT-PNN-050-PW-112	EVENT	PNN-050	PW-112		REMOVED_SEMANTICALLY_MISMATCHED	KNOWLEDGE	移籍捕手等が旧リーグ/古巣の情報を持ち込む	CORRECTED
EVENT-PNN-050-PW-114	EVENT	PNN-050	PW-114		REMOVED_SEMANTICALLY_MISMATCHED	KNOWLEDGE	情報価値は時間経過や環境変化で陳腐化する	CORRECTED
EVENT-PNN-050-ADDED-PW-129	EVENT	PNN-050		PW-129	ADDED_SEMANTICALLY_REQUIRED	CONTRACT	FA契約を金額だけでなく年数/role/優勝/愛着/地域等で選ぶ	CORRECTED
EVENT-PNN-050-ADDED-PW-130	EVENT	PNN-050		PW-130	ADDED_SEMANTICALLY_REQUIRED	CONTRACT	起用約束を破ると本人不満・球団信頼低下	CORRECTED
EVENT-PNN-050-ADDED-PW-131	EVENT	PNN-050		PW-131	ADDED_SEMANTICALLY_REQUIRED	CONTRACT	代理人を独立人物として実装する	CORRECTED
EVENT-PNN-050-ADDED-PW-132	EVENT	PNN-050		PW-132	ADDED_SEMANTICALLY_REQUIRED	CONTRACT	代理人に交渉力/国際network/方針差を持たせる	CORRECTED
EVENT-PNN-050-ADDED-PW-133	EVENT	PNN-050		PW-133	ADDED_SEMANTICALLY_REQUIRED	CONTRACT	ポスティング希望→球団容認でも海外契約不成立なら残留する	CORRECTED
EVENT-PNN-050-ADDED-PW-134	EVENT	PNN-050		PW-134	ADDED_SEMANTICALLY_REQUIRED	CONTRACT	ポスティング不成立理由を市場/条件/role/medical/制度等から生成	CORRECTED
EVENT-PNN-050-ADDED-PW-135	EVENT	PNN-050		PW-135	ADDED_SEMANTICALLY_REQUIRED	CONTRACT	球団のposting friendliness評判を持つ	CORRECTED
EVENT-PNN-050-ADDED-PW-136	EVENT	PNN-050		PW-136	ADDED_SEMANTICALLY_REQUIRED	CONTRACT	一定以上の減俸提示に同意しなければ自由契約を選べる制度を実装	CORRECTED
EVENT-PNN-050-ADDED-PW-137	EVENT	PNN-050		PW-137	ADDED_SEMANTICALLY_REQUIRED	CONTRACT	減額制限自由契約をFAとは別経路として扱う	CORRECTED
EVENT-PNN-050-ADDED-PW-138	EVENT	PNN-050		PW-138	ADDED_SEMANTICALLY_REQUIRED	CONTRACT	長期高額契約が将来財務・若手起用を圧迫する	CORRECTED
EVENT-PNN-050-ADDED-PW-139	EVENT	PNN-050		PW-139	ADDED_SEMANTICALLY_REQUIRED	CONTRACT	FA/契約市場価格を供給・年齢・希少性等で変動させる	CORRECTED
EVENT-PNN-050-ADDED-PW-140	EVENT	PNN-050		PW-140	ADDED_SEMANTICALLY_REQUIRED	CONTRACT	高額契約へのsunk-cost biasを一部GM/監督の失敗要因として持つ	CORRECTED
EVENT-PNN-050-ADDED-PW-253	EVENT	PNN-050		PW-253	ADDED_SEMANTICALLY_REQUIRED	CONTRACT	FA直前だけでなく権利取得前の早期延長契約・残留交渉を可能にしroleや将来posting方針も交渉材料にできる案を保持する	CORRECTED
EVENT-PNN-050-ADDED-PW-254	EVENT	PNN-050		PW-254	ADDED_SEMANTICALLY_REQUIRED	AGENT	代理人は金額交渉だけでなく交渉時期・市場形成・メディアへの情報発信等で差を持ち得る	CORRECTED
EVENT-PNN-051-PW-201	EVENT	PNN-051	PW-201		REMOVED_SEMANTICALLY_MISMATCHED	GOVERNANCE	球団数12を初期条件とし14/16等への拡張を可能にする	CORRECTED
EVENT-PNN-051-PW-202	EVENT	PNN-051	PW-202		REMOVED_SEMANTICALLY_MISMATCHED	GOVERNANCE	拡張時にExpansion Draftを実施可能	CORRECTED
EVENT-PNN-051-PW-203	EVENT	PNN-051	PW-203		REMOVED_SEMANTICALLY_MISMATCHED	GOVERNANCE	league/地区/CS/Japan Series/interleague/試合数を変更可能	CORRECTED
EVENT-PNN-051-PW-209	EVENT	PNN-051	PW-209	PW-209	RETAINED_SEMANTICALLY_CONSISTENT	INTEGRITY	不祥事に注意/謹慎/降格/出場停止/解除/pick剥奪/球団制裁等の結果を持つ	PASS
EVENT-PNN-051-PW-213	EVENT	PNN-051	PW-213	PW-213	RETAINED_SEMANTICALLY_CONSISTENT	HISTORY	選手のdraft/二軍/一軍/海外/受賞/移籍/契約/代表/引退後staffを一生涯保存	PASS
EVENT-PNN-051-PW-215	EVENT	PNN-051	PW-215	PW-215	RETAINED_SEMANTICALLY_CONSISTENT	HISTORY	通算・年度・球団記録を充実させる	PASS
EVENT-PNN-051-ADDED-PW-205	EVENT	PNN-051		PW-205	ADDED_SEMANTICALLY_REQUIRED	INTEGRITY	組織のcompliance/discipline/internal reporting等を持つ	CORRECTED
EVENT-PNN-051-ADDED-PW-207	EVENT	PNN-051		PW-207	ADDED_SEMANTICALLY_REQUIRED	INTEGRITY	規律違反/ハラスメント/窃盗/賭博/八百長/裏金等をスパイスとして扱う	CORRECTED
EVENT-PNN-051-ADDED-PW-208	EVENT	PNN-051		PW-208	ADDED_SEMANTICALLY_REQUIRED	INTEGRITY	重大不祥事は非常に低頻度・高影響に校正する	CORRECTED
EVENT-PNN-051-ADDED-PW-210	EVENT	PNN-051		PW-210	ADDED_SEMANTICALLY_REQUIRED	INTEGRITY	実在人物に架空の重大犯罪/ハラスメントを標準生成しない	CORRECTED
EVENT-PNN-051-ADDED-PW-214	EVENT	PNN-051		PW-214	ADDED_SEMANTICALLY_REQUIRED	HISTORY	球団の順位/人事/補強/革新/不祥事/制度議論等を球団史に保存	CORRECTED
EVENT-PNN-051-ADDED-PW-216	EVENT	PNN-051		PW-216	ADDED_SEMANTICALLY_REQUIRED	HISTORY	ニュースで数字を物語化する	CORRECTED
EVENT-PNN-052-PW-201	EVENT	PNN-052	PW-201		REMOVED_SEMANTICALLY_MISMATCHED	GOVERNANCE	球団数12を初期条件とし14/16等への拡張を可能にする	CORRECTED
EVENT-PNN-052-PW-202	EVENT	PNN-052	PW-202		REMOVED_SEMANTICALLY_MISMATCHED	GOVERNANCE	拡張時にExpansion Draftを実施可能	CORRECTED
EVENT-PNN-052-PW-203	EVENT	PNN-052	PW-203		REMOVED_SEMANTICALLY_MISMATCHED	GOVERNANCE	league/地区/CS/Japan Series/interleague/試合数を変更可能	CORRECTED
EVENT-PNN-052-PW-209	EVENT	PNN-052	PW-209	PW-209	RETAINED_SEMANTICALLY_CONSISTENT	INTEGRITY	不祥事に注意/謹慎/降格/出場停止/解除/pick剥奪/球団制裁等の結果を持つ	PASS
EVENT-PNN-052-PW-215	EVENT	PNN-052	PW-215	PW-215	RETAINED_SEMANTICALLY_CONSISTENT	HISTORY	通算・年度・球団記録を充実させる	PASS
EVENT-PNN-052-ADDED-PW-205	EVENT	PNN-052		PW-205	ADDED_SEMANTICALLY_REQUIRED	INTEGRITY	組織のcompliance/discipline/internal reporting等を持つ	CORRECTED
EVENT-PNN-052-ADDED-PW-207	EVENT	PNN-052		PW-207	ADDED_SEMANTICALLY_REQUIRED	INTEGRITY	規律違反/ハラスメント/窃盗/賭博/八百長/裏金等をスパイスとして扱う	CORRECTED
EVENT-PNN-052-ADDED-PW-208	EVENT	PNN-052		PW-208	ADDED_SEMANTICALLY_REQUIRED	INTEGRITY	重大不祥事は非常に低頻度・高影響に校正する	CORRECTED
EVENT-PNN-052-ADDED-PW-210	EVENT	PNN-052		PW-210	ADDED_SEMANTICALLY_REQUIRED	INTEGRITY	実在人物に架空の重大犯罪/ハラスメントを標準生成しない	CORRECTED
EVENT-PNN-052-ADDED-PW-213	EVENT	PNN-052		PW-213	ADDED_SEMANTICALLY_REQUIRED	HISTORY	選手のdraft/二軍/一軍/海外/受賞/移籍/契約/代表/引退後staffを一生涯保存	CORRECTED
EVENT-PNN-052-ADDED-PW-214	EVENT	PNN-052		PW-214	ADDED_SEMANTICALLY_REQUIRED	HISTORY	球団の順位/人事/補強/革新/不祥事/制度議論等を球団史に保存	CORRECTED
EVENT-PNN-052-ADDED-PW-216	EVENT	PNN-052		PW-216	ADDED_SEMANTICALLY_REQUIRED	HISTORY	ニュースで数字を物語化する	CORRECTED
EVENT-PNN-053-PW-201	EVENT	PNN-053	PW-201		REMOVED_SEMANTICALLY_MISMATCHED	GOVERNANCE	球団数12を初期条件とし14/16等への拡張を可能にする	CORRECTED
EVENT-PNN-053-PW-205	EVENT	PNN-053	PW-205	PW-205	RETAINED_SEMANTICALLY_CONSISTENT	INTEGRITY	組織のcompliance/discipline/internal reporting等を持つ	PASS
EVENT-PNN-053-PW-209	EVENT	PNN-053	PW-209	PW-209	RETAINED_SEMANTICALLY_CONSISTENT	INTEGRITY	不祥事に注意/謹慎/降格/出場停止/解除/pick剥奪/球団制裁等の結果を持つ	PASS
EVENT-PNN-053-PW-211	EVENT	PNN-053	PW-211	PW-211	RETAINED_SEMANTICALLY_CONSISTENT	INTEGRITY	generated人物は将来不祥事イベント対象にできる	PASS
EVENT-PNN-053-ADDED-PW-207	EVENT	PNN-053		PW-207	ADDED_SEMANTICALLY_REQUIRED	INTEGRITY	規律違反/ハラスメント/窃盗/賭博/八百長/裏金等をスパイスとして扱う	CORRECTED
EVENT-PNN-053-ADDED-PW-208	EVENT	PNN-053		PW-208	ADDED_SEMANTICALLY_REQUIRED	INTEGRITY	重大不祥事は非常に低頻度・高影響に校正する	CORRECTED
EVENT-PNN-053-ADDED-PW-212	EVENT	PNN-053		PW-212	ADDED_SEMANTICALLY_REQUIRED	INTEGRITY	球団の隠蔽/厳正対応で長期評判影響を変える	CORRECTED
EVENT-PNN-054-PW-201	EVENT	PNN-054	PW-201		REMOVED_SEMANTICALLY_MISMATCHED	GOVERNANCE	球団数12を初期条件とし14/16等への拡張を可能にする	CORRECTED
EVENT-PNN-054-PW-205	EVENT	PNN-054	PW-205	PW-205	RETAINED_SEMANTICALLY_CONSISTENT	INTEGRITY	組織のcompliance/discipline/internal reporting等を持つ	PASS
EVENT-PNN-054-PW-206	EVENT	PNN-054	PW-206	PW-206	RETAINED_SEMANTICALLY_CONSISTENT	INTEGRITY	甘い組織では小問題が放置され大問題へ発展しやすい構造	PASS
EVENT-PNN-054-PW-208	EVENT	PNN-054	PW-208	PW-208	RETAINED_SEMANTICALLY_CONSISTENT	INTEGRITY	重大不祥事は非常に低頻度・高影響に校正する	PASS
EVENT-PNN-054-PW-211	EVENT	PNN-054	PW-211	PW-211	RETAINED_SEMANTICALLY_CONSISTENT	INTEGRITY	generated人物は将来不祥事イベント対象にできる	PASS
EVENT-PNN-054-ADDED-PW-207	EVENT	PNN-054		PW-207	ADDED_SEMANTICALLY_REQUIRED	INTEGRITY	規律違反/ハラスメント/窃盗/賭博/八百長/裏金等をスパイスとして扱う	CORRECTED
EVENT-PNN-054-ADDED-PW-209	EVENT	PNN-054		PW-209	ADDED_SEMANTICALLY_REQUIRED	INTEGRITY	不祥事に注意/謹慎/降格/出場停止/解除/pick剥奪/球団制裁等の結果を持つ	CORRECTED
EVENT-PNN-054-ADDED-PW-212	EVENT	PNN-054		PW-212	ADDED_SEMANTICALLY_REQUIRED	INTEGRITY	球団の隠蔽/厳正対応で長期評判影響を変える	CORRECTED
EVENT-PNN-055-PW-201	EVENT	PNN-055	PW-201		REMOVED_SEMANTICALLY_MISMATCHED	GOVERNANCE	球団数12を初期条件とし14/16等への拡張を可能にする	CORRECTED
EVENT-PNN-055-PW-202	EVENT	PNN-055	PW-202		REMOVED_SEMANTICALLY_MISMATCHED	GOVERNANCE	拡張時にExpansion Draftを実施可能	CORRECTED
EVENT-PNN-055-PW-205	EVENT	PNN-055	PW-205	PW-205	RETAINED_SEMANTICALLY_CONSISTENT	INTEGRITY	組織のcompliance/discipline/internal reporting等を持つ	PASS
EVENT-PNN-055-PW-209	EVENT	PNN-055	PW-209	PW-209	RETAINED_SEMANTICALLY_CONSISTENT	INTEGRITY	不祥事に注意/謹慎/降格/出場停止/解除/pick剥奪/球団制裁等の結果を持つ	PASS
EVENT-PNN-055-PW-211	EVENT	PNN-055	PW-211	PW-211	RETAINED_SEMANTICALLY_CONSISTENT	INTEGRITY	generated人物は将来不祥事イベント対象にできる	PASS
EVENT-PNN-055-ADDED-PW-207	EVENT	PNN-055		PW-207	ADDED_SEMANTICALLY_REQUIRED	INTEGRITY	規律違反/ハラスメント/窃盗/賭博/八百長/裏金等をスパイスとして扱う	CORRECTED
EVENT-PNN-055-ADDED-PW-208	EVENT	PNN-055		PW-208	ADDED_SEMANTICALLY_REQUIRED	INTEGRITY	重大不祥事は非常に低頻度・高影響に校正する	CORRECTED
EVENT-PNN-055-ADDED-PW-210	EVENT	PNN-055		PW-210	ADDED_SEMANTICALLY_REQUIRED	INTEGRITY	実在人物に架空の重大犯罪/ハラスメントを標準生成しない	CORRECTED
EVENT-PNN-055-ADDED-PW-212	EVENT	PNN-055		PW-212	ADDED_SEMANTICALLY_REQUIRED	INTEGRITY	球団の隠蔽/厳正対応で長期評判影響を変える	CORRECTED
EVENT-PNN-056-PW-201	EVENT	PNN-056	PW-201		REMOVED_SEMANTICALLY_MISMATCHED	GOVERNANCE	球団数12を初期条件とし14/16等への拡張を可能にする	CORRECTED
EVENT-PNN-056-PW-205	EVENT	PNN-056	PW-205	PW-205	RETAINED_SEMANTICALLY_CONSISTENT	INTEGRITY	組織のcompliance/discipline/internal reporting等を持つ	PASS
EVENT-PNN-056-PW-209	EVENT	PNN-056	PW-209	PW-209	RETAINED_SEMANTICALLY_CONSISTENT	INTEGRITY	不祥事に注意/謹慎/降格/出場停止/解除/pick剥奪/球団制裁等の結果を持つ	PASS
EVENT-PNN-056-PW-211	EVENT	PNN-056	PW-211	PW-211	RETAINED_SEMANTICALLY_CONSISTENT	INTEGRITY	generated人物は将来不祥事イベント対象にできる	PASS
EVENT-PNN-056-ADDED-PW-207	EVENT	PNN-056		PW-207	ADDED_SEMANTICALLY_REQUIRED	INTEGRITY	規律違反/ハラスメント/窃盗/賭博/八百長/裏金等をスパイスとして扱う	CORRECTED
EVENT-PNN-056-ADDED-PW-208	EVENT	PNN-056		PW-208	ADDED_SEMANTICALLY_REQUIRED	INTEGRITY	重大不祥事は非常に低頻度・高影響に校正する	CORRECTED
EVENT-PNN-056-ADDED-PW-212	EVENT	PNN-056		PW-212	ADDED_SEMANTICALLY_REQUIRED	INTEGRITY	球団の隠蔽/厳正対応で長期評判影響を変える	CORRECTED
EVENT-PNN-057-PW-201	EVENT	PNN-057	PW-201		REMOVED_SEMANTICALLY_MISMATCHED	GOVERNANCE	球団数12を初期条件とし14/16等への拡張を可能にする	CORRECTED
EVENT-PNN-057-PW-205	EVENT	PNN-057	PW-205	PW-205	RETAINED_SEMANTICALLY_CONSISTENT	INTEGRITY	組織のcompliance/discipline/internal reporting等を持つ	PASS
EVENT-PNN-057-PW-209	EVENT	PNN-057	PW-209	PW-209	RETAINED_SEMANTICALLY_CONSISTENT	INTEGRITY	不祥事に注意/謹慎/降格/出場停止/解除/pick剥奪/球団制裁等の結果を持つ	PASS
EVENT-PNN-057-ADDED-PW-207	EVENT	PNN-057		PW-207	ADDED_SEMANTICALLY_REQUIRED	INTEGRITY	規律違反/ハラスメント/窃盗/賭博/八百長/裏金等をスパイスとして扱う	CORRECTED
EVENT-PNN-057-ADDED-PW-208	EVENT	PNN-057		PW-208	ADDED_SEMANTICALLY_REQUIRED	INTEGRITY	重大不祥事は非常に低頻度・高影響に校正する	CORRECTED
EVENT-PNN-058-PW-121	EVENT	PNN-058	PW-121		REMOVED_SEMANTICALLY_MISMATCHED	RESEARCH	特定打者/投手への重点対策をユーザーが指定可能	CORRECTED
EVENT-PNN-058-PW-122	EVENT	PNN-058	PW-122		REMOVED_SEMANTICALLY_MISMATCHED	RESEARCH	研究資源を有限にして重点対象とのtrade-offを作る	CORRECTED
EVENT-PNN-058-PW-123	EVENT	PNN-058	PW-123		REMOVED_SEMANTICALLY_MISMATCHED	RESEARCH	相手研究→対策→本人再適応→再研究cycleを持つ	CORRECTED
EVENT-PNN-058-PW-124	EVENT	PNN-058	PW-124		REMOVED_SEMANTICALLY_MISMATCHED	TRANSFER	移籍覚醒を出場機会/役割/コーチ/フォーム/球場/適応等から自然発生	CORRECTED
EVENT-PNN-058-PW-168	EVENT	PNN-058	PW-168	PW-168	RETAINED_SEMANTICALLY_CONSISTENT	GLOBAL	国・地域ごとに異なる契約/移籍/政府/連盟制度を持つ	PASS
EVENT-PNN-058-PW-169	EVENT	PNN-058	PW-169		REMOVED_SEMANTICALLY_MISMATCHED	GLOBAL	キューバ選手の海外契約自由度・連盟関与等を制度stateとして持つ	CORRECTED
EVENT-PNN-058-ADDED-PW-188	EVENT	PNN-058		PW-188	ADDED_SEMANTICALLY_REQUIRED	GOVERNANCE	選手会を正式な制度主体として実装する	CORRECTED
EVENT-PNN-058-ADDED-PW-189	EVENT	PNN-058		PW-189	ADDED_SEMANTICALLY_REQUIRED	GOVERNANCE	FA年数短縮等を選手会/球団/NPBの交渉で変更可能	CORRECTED
EVENT-PNN-058-ADDED-PW-129	EVENT	PNN-058		PW-129	ADDED_SEMANTICALLY_REQUIRED	CONTRACT	FA契約を金額だけでなく年数/role/優勝/愛着/地域等で選ぶ	CORRECTED
EVENT-PNN-058-ADDED-PW-139	EVENT	PNN-058		PW-139	ADDED_SEMANTICALLY_REQUIRED	CONTRACT	FA/契約市場価格を供給・年齢・希少性等で変動させる	CORRECTED
EVENT-PNN-059-PW-121	EVENT	PNN-059	PW-121		REMOVED_SEMANTICALLY_MISMATCHED	RESEARCH	特定打者/投手への重点対策をユーザーが指定可能	CORRECTED
EVENT-PNN-059-PW-122	EVENT	PNN-059	PW-122		REMOVED_SEMANTICALLY_MISMATCHED	RESEARCH	研究資源を有限にして重点対象とのtrade-offを作る	CORRECTED
EVENT-PNN-059-PW-181	EVENT	PNN-059	PW-181	PW-181	RETAINED_SEMANTICALLY_CONSISTENT	INTERNATIONAL	WBC/Premier12/五輪/U-18/U-23等を意味ある大会として実装	PASS
EVENT-PNN-059-PW-213	EVENT	PNN-059	PW-213	PW-213	RETAINED_SEMANTICALLY_CONSISTENT	HISTORY	選手のdraft/二軍/一軍/海外/受賞/移籍/契約/代表/引退後staffを一生涯保存	PASS
EVENT-PNN-059-PW-214	EVENT	PNN-059	PW-214	PW-214	RETAINED_SEMANTICALLY_CONSISTENT	HISTORY	球団の順位/人事/補強/革新/不祥事/制度議論等を球団史に保存	PASS
EVENT-PNN-059-ADDED-PW-188	EVENT	PNN-059		PW-188	ADDED_SEMANTICALLY_REQUIRED	GOVERNANCE	選手会を正式な制度主体として実装する	CORRECTED
EVENT-PNN-059-ADDED-PW-189	EVENT	PNN-059		PW-189	ADDED_SEMANTICALLY_REQUIRED	GOVERNANCE	FA年数短縮等を選手会/球団/NPBの交渉で変更可能	CORRECTED
EVENT-PNN-059-ADDED-PW-216	EVENT	PNN-059		PW-216	ADDED_SEMANTICALLY_REQUIRED	HISTORY	ニュースで数字を物語化する	CORRECTED
EVENT-PNW2-001-PW-165	EVENT	PNW2-001	PW-165	PW-165	RETAINED_SEMANTICALLY_CONSISTENT	GLOBAL	海外の全試合をNPB同等詳細にはせずleague別sim粒度を変える	PASS
EVENT-PNW2-001-PW-167	EVENT	PNW2-001	PW-167	PW-167	RETAINED_SEMANTICALLY_CONSISTENT	GLOBAL	海外league qualityを固定せず長期変動させる	PASS
EVENT-PNW2-001-PW-179	EVENT	PNW2-001	PW-179	PW-179	RETAINED_SEMANTICALLY_CONSISTENT	WORLD_GROWTH	十分な基盤が整えば新しいprofessional leagueが稀に誕生する	PASS
EVENT-PNW2-001-PW-180	EVENT	PNW2-001	PW-180	PW-180	RETAINED_SEMANTICALLY_CONSISTENT	WORLD_GROWTH	league縮小/統合/停滞も可能にして世界全体無限成長を防ぐ	PASS
EVENT-PNW2-001-PW-201	EVENT	PNW2-001	PW-201	PW-201	RETAINED_SEMANTICALLY_CONSISTENT	GOVERNANCE	球団数12を初期条件とし14/16等への拡張を可能にする	PASS
EVENT-PNW2-001-PW-203	EVENT	PNW2-001	PW-203	PW-203	RETAINED_SEMANTICALLY_CONSISTENT	GOVERNANCE	league/地区/CS/Japan Series/interleague/試合数を変更可能	PASS
EVENT-PNW2-002-PW-165	EVENT	PNW2-002	PW-165	PW-165	RETAINED_SEMANTICALLY_CONSISTENT	GLOBAL	海外の全試合をNPB同等詳細にはせずleague別sim粒度を変える	PASS
EVENT-PNW2-002-PW-174	EVENT	PNW2-002	PW-174	PW-174	RETAINED_SEMANTICALLY_CONSISTENT	WORLD_GROWTH	世界中で野球普及・競技人口増加・league発展を起こせる	PASS
EVENT-PNW2-002-PW-179	EVENT	PNW2-002	PW-179	PW-179	RETAINED_SEMANTICALLY_CONSISTENT	WORLD_GROWTH	十分な基盤が整えば新しいprofessional leagueが稀に誕生する	PASS
EVENT-PNW2-002-PW-180	EVENT	PNW2-002	PW-180	PW-180	RETAINED_SEMANTICALLY_CONSISTENT	WORLD_GROWTH	league縮小/統合/停滞も可能にして世界全体無限成長を防ぐ	PASS
EVENT-PNW2-002-PW-201	EVENT	PNW2-002	PW-201	PW-201	RETAINED_SEMANTICALLY_CONSISTENT	GOVERNANCE	球団数12を初期条件とし14/16等への拡張を可能にする	PASS
EVENT-PNW2-002-PW-203	EVENT	PNW2-002	PW-203	PW-203	RETAINED_SEMANTICALLY_CONSISTENT	GOVERNANCE	league/地区/CS/Japan Series/interleague/試合数を変更可能	PASS
EVENT-PNW2-002-PW-204	EVENT	PNW2-002	PW-204	PW-204	RETAINED_SEMANTICALLY_CONSISTENT	GOVERNANCE	球団移転/売却/合併は低頻度の大事件として将来候補	PASS
EVENT-PNW2-002-PW-247	EVENT	PNW2-002	PW-247	PW-247	RETAINED_SEMANTICALLY_CONSISTENT	FINANCE	球団ごとの市場規模・資金力差は残すが資金は選択肢を増やす要因であり勝利を自動保証せず小規模球団にも合理的な勝ち筋を残す	PASS
EVENT-PNW2-003-PW-149	EVENT	PNW2-003	PW-149	PW-149	RETAINED_SEMANTICALLY_CONSISTENT	INNOVATION	ソフトバンク型3軍/4軍制を作れる	PASS
EVENT-PNW2-003-PW-150	EVENT	PNW2-003	PW-150	PW-150	RETAINED_SEMANTICALLY_CONSISTENT	INNOVATION	多軍制に選手数/試合機会メリットと大きな維持費を持たせる	PASS
EVENT-PNW2-003-PW-155	EVENT	PNW2-003	PW-155	PW-155	RETAINED_SEMANTICALLY_CONSISTENT	INNOVATION	Network Capitalを蓄積し一朝一夕で海外pipelineを作れないようにする	PASS
EVENT-PNW2-003-PW-156	EVENT	PNW2-003	PW-156	PW-156	RETAINED_SEMANTICALLY_CONSISTENT	INNOVATION	Knowledge Capitalを人材・実績・研究で蓄積する	PASS
EVENT-PNW2-003-PW-168	EVENT	PNW2-003	PW-168	PW-168	RETAINED_SEMANTICALLY_CONSISTENT	GLOBAL	国・地域ごとに異なる契約/移籍/政府/連盟制度を持つ	PASS
EVENT-PNW2-003-PW-179	EVENT	PNW2-003	PW-179	PW-179	RETAINED_SEMANTICALLY_CONSISTENT	WORLD_GROWTH	十分な基盤が整えば新しいprofessional leagueが稀に誕生する	PASS
EVENT-PNW2-003-PW-180	EVENT	PNW2-003	PW-180	PW-180	RETAINED_SEMANTICALLY_CONSISTENT	WORLD_GROWTH	league縮小/統合/停滞も可能にして世界全体無限成長を防ぐ	PASS
EVENT-PNW2-004-PW-053	EVENT	PNW2-004	PW-053	PW-053	RETAINED_SEMANTICALLY_CONSISTENT	DRAFT	ドラフトを長期人材供給システムとして扱う	PASS
EVENT-PNW2-004-PW-054	EVENT	PNW2-004	PW-054	PW-054	RETAINED_SEMANTICALLY_CONSISTENT	DRAFT	高校/大学/社会人/独立を固定成長型でなく年齢・完成度・情報量で差別化	PASS
EVENT-PNW2-004-PW-055	EVENT	PNW2-004	PW-055	PW-055	RETAINED_SEMANTICALLY_CONSISTENT	DRAFT	ドラフト候補の真の能力とスカウト評価を分離する	PASS
EVENT-PNW2-004-PW-056	EVENT	PNW2-004	PW-056	PW-056	RETAINED_SEMANTICALLY_CONSISTENT	DRAFT	CPUもhidden真値でなく自球団スカウト情報を使う	PASS
EVENT-PNW2-004-PW-057	EVENT	PNW2-004	PW-057	PW-057	RETAINED_SEMANTICALLY_CONSISTENT	DRAFT	全球団ごとに独自draft boardを持つ	PASS
EVENT-PNW2-004-PW-195	EVENT	PNW2-004	PW-195	PW-195	RETAINED_SEMANTICALLY_CONSISTENT	GOVERNANCE	ドラフト制度を自由に変更可能なRule Engineにする	PASS
EVENT-PNW2-004-PW-196	EVENT	PNW2-004	PW-196	PW-196	RETAINED_SEMANTICALLY_CONSISTENT	GOVERNANCE	希望枠/自由入団枠/ウェイバー/lottery/NPB型抽選等を組替可能	PASS
EVENT-PNW2-004-PW-198	EVENT	PNW2-004	PW-198	PW-198	RETAINED_SEMANTICALLY_CONSISTENT	GOVERNANCE	制度変更に施行日・経過措置・対象世代を持たせる	PASS
EVENT-PNW2-005-PW-053	EVENT	PNW2-005	PW-053	PW-053	RETAINED_SEMANTICALLY_CONSISTENT	DRAFT	ドラフトを長期人材供給システムとして扱う	PASS
EVENT-PNW2-005-PW-054	EVENT	PNW2-005	PW-054	PW-054	RETAINED_SEMANTICALLY_CONSISTENT	DRAFT	高校/大学/社会人/独立を固定成長型でなく年齢・完成度・情報量で差別化	PASS
EVENT-PNW2-005-PW-055	EVENT	PNW2-005	PW-055	PW-055	RETAINED_SEMANTICALLY_CONSISTENT	DRAFT	ドラフト候補の真の能力とスカウト評価を分離する	PASS
EVENT-PNW2-005-PW-195	EVENT	PNW2-005	PW-195	PW-195	RETAINED_SEMANTICALLY_CONSISTENT	GOVERNANCE	ドラフト制度を自由に変更可能なRule Engineにする	PASS
EVENT-PNW2-005-PW-196	EVENT	PNW2-005	PW-196	PW-196	RETAINED_SEMANTICALLY_CONSISTENT	GOVERNANCE	希望枠/自由入団枠/ウェイバー/lottery/NPB型抽選等を組替可能	PASS
EVENT-PNW2-005-PW-198	EVENT	PNW2-005	PW-198	PW-198	RETAINED_SEMANTICALLY_CONSISTENT	GOVERNANCE	制度変更に施行日・経過措置・対象世代を持たせる	PASS
EVENT-PNW2-005-PW-199	EVENT	PNW2-005	PW-199	PW-199	RETAINED_SEMANTICALLY_CONSISTENT	GOVERNANCE	制度の抜け道をユーザー/CPUが利用し頻発すれば論争・改正へ進む	PASS
EVENT-PNW2-005-PW-200	EVENT	PNW2-005	PW-200	PW-200	RETAINED_SEMANTICALLY_CONSISTENT	GOVERNANCE	いわゆる制度趣旨との摩擦がある移籍経路をrule exploitとして一般化	PASS
EVENT-PNW2-006-PW-129	EVENT	PNW2-006	PW-129	PW-129	RETAINED_SEMANTICALLY_CONSISTENT	CONTRACT	FA契約を金額だけでなく年数/role/優勝/愛着/地域等で選ぶ	PASS
EVENT-PNW2-006-PW-133	EVENT	PNW2-006	PW-133	PW-133	RETAINED_SEMANTICALLY_CONSISTENT	CONTRACT	ポスティング希望→球団容認でも海外契約不成立なら残留する	PASS
EVENT-PNW2-006-PW-134	EVENT	PNW2-006	PW-134	PW-134	RETAINED_SEMANTICALLY_CONSISTENT	CONTRACT	ポスティング不成立理由を市場/条件/role/medical/制度等から生成	PASS
EVENT-PNW2-006-PW-135	EVENT	PNW2-006	PW-135	PW-135	RETAINED_SEMANTICALLY_CONSISTENT	CONTRACT	球団のposting friendliness評判を持つ	PASS
EVENT-PNW2-006-PW-188	EVENT	PNW2-006	PW-188	PW-188	RETAINED_SEMANTICALLY_CONSISTENT	GOVERNANCE	選手会を正式な制度主体として実装する	PASS
EVENT-PNW2-006-PW-189	EVENT	PNW2-006	PW-189	PW-189	RETAINED_SEMANTICALLY_CONSISTENT	GOVERNANCE	FA年数短縮等を選手会/球団/NPBの交渉で変更可能	PASS
EVENT-PNW2-006-PW-198	EVENT	PNW2-006	PW-198	PW-198	RETAINED_SEMANTICALLY_CONSISTENT	GOVERNANCE	制度変更に施行日・経過措置・対象世代を持たせる	PASS
EVENT-PNW2-006-PW-213	EVENT	PNW2-006	PW-213	PW-213	RETAINED_SEMANTICALLY_CONSISTENT	HISTORY	選手のdraft/二軍/一軍/海外/受賞/移籍/契約/代表/引退後staffを一生涯保存	PASS
EVENT-PNW2-007-PW-201	EVENT	PNW2-007	PW-201	PW-201	RETAINED_SEMANTICALLY_CONSISTENT	GOVERNANCE	球団数12を初期条件とし14/16等への拡張を可能にする	PASS
EVENT-PNW2-007-PW-203	EVENT	PNW2-007	PW-203	PW-203	RETAINED_SEMANTICALLY_CONSISTENT	GOVERNANCE	league/地区/CS/Japan Series/interleague/試合数を変更可能	PASS
EVENT-PNW2-007-PW-204	EVENT	PNW2-007	PW-204	PW-204	RETAINED_SEMANTICALLY_CONSISTENT	GOVERNANCE	球団移転/売却/合併は低頻度の大事件として将来候補	PASS
EVENT-PNW2-007-PW-214	EVENT	PNW2-007	PW-214	PW-214	RETAINED_SEMANTICALLY_CONSISTENT	HISTORY	球団の順位/人事/補強/革新/不祥事/制度議論等を球団史に保存	PASS
EVENT-PNW2-007-PW-247	EVENT	PNW2-007	PW-247	PW-247	RETAINED_SEMANTICALLY_CONSISTENT	FINANCE	球団ごとの市場規模・資金力差は残すが資金は選択肢を増やす要因であり勝利を自動保証せず小規模球団にも合理的な勝ち筋を残す	PASS
EVENT-PNW2-007-PW-248	EVENT	PNW2-007	PW-248	PW-248	RETAINED_SEMANTICALLY_CONSISTENT	OWNERSHIP	オーナー/経営陣は短期長期・投資姿勢・リスク・革新志向等で個性を持っても全球団で勝利意欲自体は高く固定する	PASS
EVENT-PNW2-008-PW-149	EVENT	PNW2-008	PW-149	PW-149	RETAINED_SEMANTICALLY_CONSISTENT	INNOVATION	ソフトバンク型3軍/4軍制を作れる	PASS
EVENT-PNW2-008-PW-150	EVENT	PNW2-008	PW-150	PW-150	RETAINED_SEMANTICALLY_CONSISTENT	INNOVATION	多軍制に選手数/試合機会メリットと大きな維持費を持たせる	PASS
EVENT-PNW2-008-PW-165	EVENT	PNW2-008	PW-165	PW-165	RETAINED_SEMANTICALLY_CONSISTENT	GLOBAL	海外の全試合をNPB同等詳細にはせずleague別sim粒度を変える	PASS
EVENT-PNW2-008-PW-167	EVENT	PNW2-008	PW-167	PW-167	RETAINED_SEMANTICALLY_CONSISTENT	GLOBAL	海外league qualityを固定せず長期変動させる	PASS
EVENT-PNW2-008-PW-179	EVENT	PNW2-008	PW-179	PW-179	RETAINED_SEMANTICALLY_CONSISTENT	WORLD_GROWTH	十分な基盤が整えば新しいprofessional leagueが稀に誕生する	PASS
EVENT-PNW2-008-PW-180	EVENT	PNW2-008	PW-180	PW-180	RETAINED_SEMANTICALLY_CONSISTENT	WORLD_GROWTH	league縮小/統合/停滞も可能にして世界全体無限成長を防ぐ	PASS
EVENT-PNW2-008-PW-193	EVENT	PNW2-008	PW-193	PW-193	RETAINED_SEMANTICALLY_CONSISTENT	GOVERNANCE	Rule Proposal Engineで提案主体/目的/試験/採決/施行/副作用/再改正を一般化	PASS
EVENT-PNW2-008-PW-203	EVENT	PNW2-008	PW-203	PW-203	RETAINED_SEMANTICALLY_CONSISTENT	GOVERNANCE	league/地区/CS/Japan Series/interleague/試合数を変更可能	PASS
EVENT-PNW2-009-PW-145	EVENT	PNW2-009	PW-145	PW-145	RETAINED_SEMANTICALLY_CONSISTENT	INNOVATION	球団固有の革新的な獲得・育成・分析施策を大量に導入する	PASS
EVENT-PNW2-009-PW-151	EVENT	PNW2-009	PW-151	PW-151	RETAINED_SEMANTICALLY_CONSISTENT	INNOVATION	MLB AA/海外大学/JUCO/独立等との新pipelineを構築可能	PASS
EVENT-PNW2-009-PW-155	EVENT	PNW2-009	PW-155	PW-155	RETAINED_SEMANTICALLY_CONSISTENT	INNOVATION	Network Capitalを蓄積し一朝一夕で海外pipelineを作れないようにする	PASS
EVENT-PNW2-009-PW-156	EVENT	PNW2-009	PW-156	PW-156	RETAINED_SEMANTICALLY_CONSISTENT	INNOVATION	Knowledge Capitalを人材・実績・研究で蓄積する	PASS
EVENT-PNW2-009-PW-157	EVENT	PNW2-009	PW-157	PW-157	RETAINED_SEMANTICALLY_CONSISTENT	INNOVATION	成功した組織人材を他球団が引き抜きノウハウが拡散する	PASS
EVENT-PNW2-009-PW-168	EVENT	PNW2-009	PW-168	PW-168	RETAINED_SEMANTICALLY_CONSISTENT	GLOBAL	国・地域ごとに異なる契約/移籍/政府/連盟制度を持つ	PASS
EVENT-PNW2-009-PW-177	EVENT	PNW2-009	PW-177	PW-177	RETAINED_SEMANTICALLY_CONSISTENT	WORLD_GROWTH	NPB球団が海外academy/coach/scout等で世界普及へ関与できる	PASS
EVENT-PNW2-010-PW-141	EVENT	PNW2-010	PW-141	PW-141	RETAINED_SEMANTICALLY_CONSISTENT	FINANCE	球団財務を選手年俸/スタッフ/スカウト/多軍/海外/R&D/医療等まで持つ	PASS
EVENT-PNW2-010-PW-149	EVENT	PNW2-010	PW-149	PW-149	RETAINED_SEMANTICALLY_CONSISTENT	INNOVATION	ソフトバンク型3軍/4軍制を作れる	PASS
EVENT-PNW2-010-PW-150	EVENT	PNW2-010	PW-150	PW-150	RETAINED_SEMANTICALLY_CONSISTENT	INNOVATION	多軍制に選手数/試合機会メリットと大きな維持費を持たせる	PASS
EVENT-PNW2-010-PW-155	EVENT	PNW2-010	PW-155	PW-155	RETAINED_SEMANTICALLY_CONSISTENT	INNOVATION	Network Capitalを蓄積し一朝一夕で海外pipelineを作れないようにする	PASS
EVENT-PNW2-010-PW-247	EVENT	PNW2-010	PW-247	PW-247	RETAINED_SEMANTICALLY_CONSISTENT	FINANCE	球団ごとの市場規模・資金力差は残すが資金は選択肢を増やす要因であり勝利を自動保証せず小規模球団にも合理的な勝ち筋を残す	PASS
EVENT-PNW2-011-PW-145	EVENT	PNW2-011	PW-145	PW-145	RETAINED_SEMANTICALLY_CONSISTENT	INNOVATION	球団固有の革新的な獲得・育成・分析施策を大量に導入する	PASS
EVENT-PNW2-011-PW-149	EVENT	PNW2-011	PW-149	PW-149	RETAINED_SEMANTICALLY_CONSISTENT	INNOVATION	ソフトバンク型3軍/4軍制を作れる	PASS
EVENT-PNW2-011-PW-155	EVENT	PNW2-011	PW-155	PW-155	RETAINED_SEMANTICALLY_CONSISTENT	INNOVATION	Network Capitalを蓄積し一朝一夕で海外pipelineを作れないようにする	PASS
EVENT-PNW2-011-PW-156	EVENT	PNW2-011	PW-156	PW-156	RETAINED_SEMANTICALLY_CONSISTENT	INNOVATION	Knowledge Capitalを人材・実績・研究で蓄積する	PASS
EVENT-PNW2-011-PW-157	EVENT	PNW2-011	PW-157	PW-157	RETAINED_SEMANTICALLY_CONSISTENT	INNOVATION	成功した組織人材を他球団が引き抜きノウハウが拡散する	PASS
EVENT-PNW2-011-PW-177	EVENT	PNW2-011	PW-177	PW-177	RETAINED_SEMANTICALLY_CONSISTENT	WORLD_GROWTH	NPB球団が海外academy/coach/scout等で世界普及へ関与できる	PASS
EVENT-PNW2-012-PW-145	EVENT	PNW2-012	PW-145	PW-145	RETAINED_SEMANTICALLY_CONSISTENT	INNOVATION	球団固有の革新的な獲得・育成・分析施策を大量に導入する	PASS
EVENT-PNW2-012-PW-153	EVENT	PNW2-012	PW-153	PW-153	RETAINED_SEMANTICALLY_CONSISTENT	INNOVATION	AI活用・AI開発・映像解析・scouting・mechanics等を継続革新領域にする	PASS
EVENT-PNW2-012-PW-155	EVENT	PNW2-012	PW-155	PW-155	RETAINED_SEMANTICALLY_CONSISTENT	INNOVATION	Network Capitalを蓄積し一朝一夕で海外pipelineを作れないようにする	PASS
EVENT-PNW2-012-PW-156	EVENT	PNW2-012	PW-156	PW-156	RETAINED_SEMANTICALLY_CONSISTENT	INNOVATION	Knowledge Capitalを人材・実績・研究で蓄積する	PASS
EVENT-PNW2-012-PW-157	EVENT	PNW2-012	PW-157	PW-157	RETAINED_SEMANTICALLY_CONSISTENT	INNOVATION	成功した組織人材を他球団が引き抜きノウハウが拡散する	PASS
EVENT-PNW2-012-PW-158	EVENT	PNW2-012	PW-158	PW-158	RETAINED_SEMANTICALLY_CONSISTENT	INNOVATION	新施策をスタッフが提案しユーザーが承認/実験/却下可能	PASS
EVENT-PNW2-013-PW-116	EVENT	PNW2-013	PW-116	PW-116	RETAINED_SEMANTICALLY_CONSISTENT	RESEARCH	2年目のジンクスを相手研究と本人再適応で自然発生させる	PASS
EVENT-PNW2-013-PW-117	EVENT	PNW2-013	PW-117	PW-117	RETAINED_SEMANTICALLY_CONSISTENT	RESEARCH	試合中の1巡目→2巡目→3巡目で相手学習を持つ	PASS
EVENT-PNW2-013-PW-120	EVENT	PNW2-013	PW-120	PW-120	RETAINED_SEMANTICALLY_CONSISTENT	RESEARCH	球団ごとに事前分析/映像/初見対応/試合中調整力を持つ	PASS
EVENT-PNW2-013-PW-145	EVENT	PNW2-013	PW-145	PW-145	RETAINED_SEMANTICALLY_CONSISTENT	INNOVATION	球団固有の革新的な獲得・育成・分析施策を大量に導入する	PASS
EVENT-PNW2-013-PW-153	EVENT	PNW2-013	PW-153	PW-153	RETAINED_SEMANTICALLY_CONSISTENT	INNOVATION	AI活用・AI開発・映像解析・scouting・mechanics等を継続革新領域にする	PASS
EVENT-PNW2-013-PW-155	EVENT	PNW2-013	PW-155	PW-155	RETAINED_SEMANTICALLY_CONSISTENT	INNOVATION	Network Capitalを蓄積し一朝一夕で海外pipelineを作れないようにする	PASS
EVENT-PNW2-013-PW-156	EVENT	PNW2-013	PW-156	PW-156	RETAINED_SEMANTICALLY_CONSISTENT	INNOVATION	Knowledge Capitalを人材・実績・研究で蓄積する	PASS
EVENT-PNW2-013-PW-157	EVENT	PNW2-013	PW-157	PW-157	RETAINED_SEMANTICALLY_CONSISTENT	INNOVATION	成功した組織人材を他球団が引き抜きノウハウが拡散する	PASS
EVENT-PNW2-013-PW-158	EVENT	PNW2-013	PW-158	PW-158	RETAINED_SEMANTICALLY_CONSISTENT	INNOVATION	新施策をスタッフが提案しユーザーが承認/実験/却下可能	PASS
EVENT-PNW2-014-PW-149	EVENT	PNW2-014	PW-149	PW-149	RETAINED_SEMANTICALLY_CONSISTENT	INNOVATION	ソフトバンク型3軍/4軍制を作れる	PASS
EVENT-PNW2-014-PW-151	EVENT	PNW2-014	PW-151	PW-151	RETAINED_SEMANTICALLY_CONSISTENT	INNOVATION	MLB AA/海外大学/JUCO/独立等との新pipelineを構築可能	PASS
EVENT-PNW2-014-PW-174	EVENT	PNW2-014	PW-174	PW-174	RETAINED_SEMANTICALLY_CONSISTENT	WORLD_GROWTH	世界中で野球普及・競技人口増加・league発展を起こせる	PASS
EVENT-PNW2-014-PW-175	EVENT	PNW2-014	PW-175	PW-175	RETAINED_SEMANTICALLY_CONSISTENT	WORLD_GROWTH	国ごとに人気/競技人口/施設/指導/league quality等のecosystem stateを持つ	PASS
EVENT-PNW2-014-PW-177	EVENT	PNW2-014	PW-177	PW-177	RETAINED_SEMANTICALLY_CONSISTENT	WORLD_GROWTH	NPB球団が海外academy/coach/scout等で世界普及へ関与できる	PASS
EVENT-PNW2-015-PW-149	EVENT	PNW2-015	PW-149	PW-149	RETAINED_SEMANTICALLY_CONSISTENT	INNOVATION	ソフトバンク型3軍/4軍制を作れる	PASS
EVENT-PNW2-015-PW-150	EVENT	PNW2-015	PW-150	PW-150	RETAINED_SEMANTICALLY_CONSISTENT	INNOVATION	多軍制に選手数/試合機会メリットと大きな維持費を持たせる	PASS
EVENT-PNW2-015-PW-151	EVENT	PNW2-015	PW-151	PW-151	RETAINED_SEMANTICALLY_CONSISTENT	INNOVATION	MLB AA/海外大学/JUCO/独立等との新pipelineを構築可能	PASS
EVENT-PNW2-015-PW-153	EVENT	PNW2-015	PW-153	PW-153	RETAINED_SEMANTICALLY_CONSISTENT	INNOVATION	AI活用・AI開発・映像解析・scouting・mechanics等を継続革新領域にする	PASS
EVENT-PNW2-015-PW-155	EVENT	PNW2-015	PW-155	PW-155	RETAINED_SEMANTICALLY_CONSISTENT	INNOVATION	Network Capitalを蓄積し一朝一夕で海外pipelineを作れないようにする	PASS
EVENT-PNW2-015-PW-156	EVENT	PNW2-015	PW-156	PW-156	RETAINED_SEMANTICALLY_CONSISTENT	INNOVATION	Knowledge Capitalを人材・実績・研究で蓄積する	PASS
EVENT-PNW2-015-PW-157	EVENT	PNW2-015	PW-157	PW-157	RETAINED_SEMANTICALLY_CONSISTENT	INNOVATION	成功した組織人材を他球団が引き抜きノウハウが拡散する	PASS
EVENT-PNW2-015-PW-158	EVENT	PNW2-015	PW-158	PW-158	RETAINED_SEMANTICALLY_CONSISTENT	INNOVATION	新施策をスタッフが提案しユーザーが承認/実験/却下可能	PASS
EVENT-PNW2-015-PW-179	EVENT	PNW2-015	PW-179	PW-179	RETAINED_SEMANTICALLY_CONSISTENT	WORLD_GROWTH	十分な基盤が整えば新しいprofessional leagueが稀に誕生する	PASS
EVENT-PNW2-015-PW-180	EVENT	PNW2-015	PW-180	PW-180	RETAINED_SEMANTICALLY_CONSISTENT	WORLD_GROWTH	league縮小/統合/停滞も可能にして世界全体無限成長を防ぐ	PASS
EVENT-PNW2-016-PW-141	EVENT	PNW2-016	PW-141	PW-141	RETAINED_SEMANTICALLY_CONSISTENT	FINANCE	球団財務を選手年俸/スタッフ/スカウト/多軍/海外/R&D/医療等まで持つ	PASS
EVENT-PNW2-016-PW-149	EVENT	PNW2-016	PW-149	PW-149	RETAINED_SEMANTICALLY_CONSISTENT	INNOVATION	ソフトバンク型3軍/4軍制を作れる	PASS
EVENT-PNW2-016-PW-150	EVENT	PNW2-016	PW-150	PW-150	RETAINED_SEMANTICALLY_CONSISTENT	INNOVATION	多軍制に選手数/試合機会メリットと大きな維持費を持たせる	PASS
EVENT-PNW2-016-PW-155	EVENT	PNW2-016	PW-155	PW-155	RETAINED_SEMANTICALLY_CONSISTENT	INNOVATION	Network Capitalを蓄積し一朝一夕で海外pipelineを作れないようにする	PASS
EVENT-PNW2-016-PW-247	EVENT	PNW2-016	PW-247	PW-247	RETAINED_SEMANTICALLY_CONSISTENT	FINANCE	球団ごとの市場規模・資金力差は残すが資金は選択肢を増やす要因であり勝利を自動保証せず小規模球団にも合理的な勝ち筋を残す	PASS
EVENT-PNW2-017-PW-149	EVENT	PNW2-017	PW-149	PW-149	RETAINED_SEMANTICALLY_CONSISTENT	INNOVATION	ソフトバンク型3軍/4軍制を作れる	PASS
EVENT-PNW2-017-PW-150	EVENT	PNW2-017	PW-150	PW-150	RETAINED_SEMANTICALLY_CONSISTENT	INNOVATION	多軍制に選手数/試合機会メリットと大きな維持費を持たせる	PASS
EVENT-PNW2-017-PW-165	EVENT	PNW2-017	PW-165	PW-165	RETAINED_SEMANTICALLY_CONSISTENT	GLOBAL	海外の全試合をNPB同等詳細にはせずleague別sim粒度を変える	PASS
EVENT-PNW2-017-PW-179	EVENT	PNW2-017	PW-179	PW-179	RETAINED_SEMANTICALLY_CONSISTENT	WORLD_GROWTH	十分な基盤が整えば新しいprofessional leagueが稀に誕生する	PASS
EVENT-PNW2-017-PW-180	EVENT	PNW2-017	PW-180	PW-180	RETAINED_SEMANTICALLY_CONSISTENT	WORLD_GROWTH	league縮小/統合/停滞も可能にして世界全体無限成長を防ぐ	PASS
EVENT-PNW2-018-PW-149	EVENT	PNW2-018	PW-149	PW-149	RETAINED_SEMANTICALLY_CONSISTENT	INNOVATION	ソフトバンク型3軍/4軍制を作れる	PASS
EVENT-PNW2-018-PW-150	EVENT	PNW2-018	PW-150	PW-150	RETAINED_SEMANTICALLY_CONSISTENT	INNOVATION	多軍制に選手数/試合機会メリットと大きな維持費を持たせる	PASS
EVENT-PNW2-018-PW-168	EVENT	PNW2-018	PW-168	PW-168	RETAINED_SEMANTICALLY_CONSISTENT	GLOBAL	国・地域ごとに異なる契約/移籍/政府/連盟制度を持つ	PASS
EVENT-PNW2-018-PW-179	EVENT	PNW2-018	PW-179	PW-179	RETAINED_SEMANTICALLY_CONSISTENT	WORLD_GROWTH	十分な基盤が整えば新しいprofessional leagueが稀に誕生する	PASS
EVENT-PNW2-018-PW-180	EVENT	PNW2-018	PW-180	PW-180	RETAINED_SEMANTICALLY_CONSISTENT	WORLD_GROWTH	league縮小/統合/停滞も可能にして世界全体無限成長を防ぐ	PASS
EVENT-PNW2-018-PW-247	EVENT	PNW2-018	PW-247	PW-247	RETAINED_SEMANTICALLY_CONSISTENT	FINANCE	球団ごとの市場規模・資金力差は残すが資金は選択肢を増やす要因であり勝利を自動保証せず小規模球団にも合理的な勝ち筋を残す	PASS
EVENT-PNW2-019-PW-053	EVENT	PNW2-019	PW-053	PW-053	RETAINED_SEMANTICALLY_CONSISTENT	DRAFT	ドラフトを長期人材供給システムとして扱う	PASS
EVENT-PNW2-019-PW-054	EVENT	PNW2-019	PW-054	PW-054	RETAINED_SEMANTICALLY_CONSISTENT	DRAFT	高校/大学/社会人/独立を固定成長型でなく年齢・完成度・情報量で差別化	PASS
EVENT-PNW2-019-PW-055	EVENT	PNW2-019	PW-055	PW-055	RETAINED_SEMANTICALLY_CONSISTENT	DRAFT	ドラフト候補の真の能力とスカウト評価を分離する	PASS
EVENT-PNW2-019-PW-145	EVENT	PNW2-019	PW-145	PW-145	RETAINED_SEMANTICALLY_CONSISTENT	INNOVATION	球団固有の革新的な獲得・育成・分析施策を大量に導入する	PASS
EVENT-PNW2-019-PW-151	EVENT	PNW2-019	PW-151	PW-151	RETAINED_SEMANTICALLY_CONSISTENT	INNOVATION	MLB AA/海外大学/JUCO/独立等との新pipelineを構築可能	PASS
EVENT-PNW2-019-PW-239	EVENT	PNW2-019	PW-239	PW-239	RETAINED_SEMANTICALLY_CONSISTENT	GLOBAL	NPBの外国人候補一覧は世界から切り離されたランダム生成ではなくGlobal Baseball Worldに実在する選手からスカウト結果として作る	PASS
EVENT-PNW2-019-PW-240	EVENT	PNW2-019	PW-240	PW-240	RETAINED_SEMANTICALLY_CONSISTENT	GLOBAL	同一の海外選手をNPB・MLB・KBO・CPBL等の複数市場が同時に評価・交渉しNPBが常に獲得できるわけではない	PASS
EVENT-PNW2-019-PW-241	EVENT	PNW2-019	PW-241	PW-241	RETAINED_SEMANTICALLY_CONSISTENT	GLOBAL	海外選手を他球団より早く発見・関係構築すること自体に情報優位と価格優位を持たせる	PASS
EVENT-PNW2-019-PW-260	EVENT	PNW2-019	PW-260	PW-260	RETAINED_SEMANTICALLY_CONSISTENT	PROSPECT	世界中の全アマ選手を個体生成せずdraft圏内と周辺のprospect universeを個体化・永続化して計算量と人物史を両立する	PASS
EVENT-PNW2-020-PW-053	EVENT	PNW2-020	PW-053	PW-053	RETAINED_SEMANTICALLY_CONSISTENT	DRAFT	ドラフトを長期人材供給システムとして扱う	PASS
EVENT-PNW2-020-PW-055	EVENT	PNW2-020	PW-055	PW-055	RETAINED_SEMANTICALLY_CONSISTENT	DRAFT	ドラフト候補の真の能力とスカウト評価を分離する	PASS
EVENT-PNW2-020-PW-120	EVENT	PNW2-020	PW-120	PW-120	RETAINED_SEMANTICALLY_CONSISTENT	RESEARCH	球団ごとに事前分析/映像/初見対応/試合中調整力を持つ	PASS
EVENT-PNW2-020-PW-145	EVENT	PNW2-020	PW-145	PW-145	RETAINED_SEMANTICALLY_CONSISTENT	INNOVATION	球団固有の革新的な獲得・育成・分析施策を大量に導入する	PASS
EVENT-PNW2-020-PW-153	EVENT	PNW2-020	PW-153	PW-153	RETAINED_SEMANTICALLY_CONSISTENT	INNOVATION	AI活用・AI開発・映像解析・scouting・mechanics等を継続革新領域にする	PASS
EVENT-PNW2-020-PW-155	EVENT	PNW2-020	PW-155	PW-155	RETAINED_SEMANTICALLY_CONSISTENT	INNOVATION	Network Capitalを蓄積し一朝一夕で海外pipelineを作れないようにする	PASS
EVENT-PNW2-020-PW-239	EVENT	PNW2-020	PW-239	PW-239	RETAINED_SEMANTICALLY_CONSISTENT	GLOBAL	NPBの外国人候補一覧は世界から切り離されたランダム生成ではなくGlobal Baseball Worldに実在する選手からスカウト結果として作る	PASS
EVENT-PNW2-020-PW-241	EVENT	PNW2-020	PW-241	PW-241	RETAINED_SEMANTICALLY_CONSISTENT	GLOBAL	海外選手を他球団より早く発見・関係構築すること自体に情報優位と価格優位を持たせる	PASS
EVENT-PNW2-020-PW-260	EVENT	PNW2-020	PW-260	PW-260	RETAINED_SEMANTICALLY_CONSISTENT	PROSPECT	世界中の全アマ選手を個体生成せずdraft圏内と周辺のprospect universeを個体化・永続化して計算量と人物史を両立する	PASS
EVENT-PNW2-021-PW-054	EVENT	PNW2-021	PW-054	PW-054	RETAINED_SEMANTICALLY_CONSISTENT	DRAFT	高校/大学/社会人/独立を固定成長型でなく年齢・完成度・情報量で差別化	PASS
EVENT-PNW2-021-PW-055	EVENT	PNW2-021	PW-055	PW-055	RETAINED_SEMANTICALLY_CONSISTENT	DRAFT	ドラフト候補の真の能力とスカウト評価を分離する	PASS
EVENT-PNW2-021-PW-168	EVENT	PNW2-021	PW-168	PW-168	RETAINED_SEMANTICALLY_CONSISTENT	GLOBAL	国・地域ごとに異なる契約/移籍/政府/連盟制度を持つ	PASS
EVENT-PNW2-021-PW-188	EVENT	PNW2-021	PW-188	PW-188	RETAINED_SEMANTICALLY_CONSISTENT	GOVERNANCE	選手会を正式な制度主体として実装する	PASS
EVENT-PNW2-021-PW-205	EVENT	PNW2-021	PW-205	PW-205	RETAINED_SEMANTICALLY_CONSISTENT	INTEGRITY	組織のcompliance/discipline/internal reporting等を持つ	PASS
EVENT-PNW2-021-PW-239	EVENT	PNW2-021	PW-239	PW-239	RETAINED_SEMANTICALLY_CONSISTENT	GLOBAL	NPBの外国人候補一覧は世界から切り離されたランダム生成ではなくGlobal Baseball Worldに実在する選手からスカウト結果として作る	PASS
EVENT-PNW2-021-PW-240	EVENT	PNW2-021	PW-240	PW-240	RETAINED_SEMANTICALLY_CONSISTENT	GLOBAL	同一の海外選手をNPB・MLB・KBO・CPBL等の複数市場が同時に評価・交渉しNPBが常に獲得できるわけではない	PASS
EVENT-PNW2-021-PW-241	EVENT	PNW2-021	PW-241	PW-241	RETAINED_SEMANTICALLY_CONSISTENT	GLOBAL	海外選手を他球団より早く発見・関係構築すること自体に情報優位と価格優位を持たせる	PASS
EVENT-PNW2-021-PW-244	EVENT	PNW2-021	PW-244	PW-244	RETAINED_SEMANTICALLY_CONSISTENT	INTERNATIONAL	自操作球団で代表参加を選手意思に任せるかユーザー最終決定にするか選択可能にする案を保持する	PASS
EVENT-PNW2-021-PW-256	EVENT	PNW2-021	PW-256	PW-256	RETAINED_SEMANTICALLY_CONSISTENT	GOVERNANCE	外国人枠・一軍登録可能数・支配下/育成等のroster制度もRule Proposal Engineで将来変更可能にする	PASS
EVENT-PNW2-022-PW-053	EVENT	PNW2-022	PW-053	PW-053	RETAINED_SEMANTICALLY_CONSISTENT	DRAFT	ドラフトを長期人材供給システムとして扱う	PASS
EVENT-PNW2-022-PW-054	EVENT	PNW2-022	PW-054	PW-054	RETAINED_SEMANTICALLY_CONSISTENT	DRAFT	高校/大学/社会人/独立を固定成長型でなく年齢・完成度・情報量で差別化	PASS
EVENT-PNW2-022-PW-055	EVENT	PNW2-022	PW-055	PW-055	RETAINED_SEMANTICALLY_CONSISTENT	DRAFT	ドラフト候補の真の能力とスカウト評価を分離する	PASS
EVENT-PNW2-022-PW-195	EVENT	PNW2-022	PW-195	PW-195	RETAINED_SEMANTICALLY_CONSISTENT	GOVERNANCE	ドラフト制度を自由に変更可能なRule Engineにする	PASS
EVENT-PNW2-022-PW-196	EVENT	PNW2-022	PW-196	PW-196	RETAINED_SEMANTICALLY_CONSISTENT	GOVERNANCE	希望枠/自由入団枠/ウェイバー/lottery/NPB型抽選等を組替可能	PASS
EVENT-PNW2-022-PW-198	EVENT	PNW2-022	PW-198	PW-198	RETAINED_SEMANTICALLY_CONSISTENT	GOVERNANCE	制度変更に施行日・経過措置・対象世代を持たせる	PASS
EVENT-PNW2-022-PW-239	EVENT	PNW2-022	PW-239	PW-239	RETAINED_SEMANTICALLY_CONSISTENT	GLOBAL	NPBの外国人候補一覧は世界から切り離されたランダム生成ではなくGlobal Baseball Worldに実在する選手からスカウト結果として作る	PASS
EVENT-PNW2-022-PW-240	EVENT	PNW2-022	PW-240	PW-240	RETAINED_SEMANTICALLY_CONSISTENT	GLOBAL	同一の海外選手をNPB・MLB・KBO・CPBL等の複数市場が同時に評価・交渉しNPBが常に獲得できるわけではない	PASS
EVENT-PNW2-022-PW-241	EVENT	PNW2-022	PW-241	PW-241	RETAINED_SEMANTICALLY_CONSISTENT	GLOBAL	海外選手を他球団より早く発見・関係構築すること自体に情報優位と価格優位を持たせる	PASS
EVENT-PNW2-022-PW-260	EVENT	PNW2-022	PW-260	PW-260	RETAINED_SEMANTICALLY_CONSISTENT	PROSPECT	世界中の全アマ選手を個体生成せずdraft圏内と周辺のprospect universeを個体化・永続化して計算量と人物史を両立する	PASS
EVENT-PNW2-023-PW-151	EVENT	PNW2-023	PW-151	PW-151	RETAINED_SEMANTICALLY_CONSISTENT	INNOVATION	MLB AA/海外大学/JUCO/独立等との新pipelineを構築可能	PASS
EVENT-PNW2-023-PW-168	EVENT	PNW2-023	PW-168	PW-168	RETAINED_SEMANTICALLY_CONSISTENT	GLOBAL	国・地域ごとに異なる契約/移籍/政府/連盟制度を持つ	PASS
EVENT-PNW2-023-PW-172	EVENT	PNW2-023	PW-172	PW-172	RETAINED_SEMANTICALLY_CONSISTENT	GLOBAL	国際制度は自由化だけでなく規制強化/協定終了/ビザ問題等もあり得る	PASS
EVENT-PNW2-023-PW-173	EVENT	PNW2-023	PW-173	PW-173	RETAINED_SEMANTICALLY_CONSISTENT	GLOBAL	海外制度変更がNPBの選手市場へ波及する	PASS
EVENT-PNW2-023-PW-195	EVENT	PNW2-023	PW-195	PW-195	RETAINED_SEMANTICALLY_CONSISTENT	GOVERNANCE	ドラフト制度を自由に変更可能なRule Engineにする	PASS
EVENT-PNW2-023-PW-196	EVENT	PNW2-023	PW-196	PW-196	RETAINED_SEMANTICALLY_CONSISTENT	GOVERNANCE	希望枠/自由入団枠/ウェイバー/lottery/NPB型抽選等を組替可能	PASS
EVENT-PNW2-023-PW-198	EVENT	PNW2-023	PW-198	PW-198	RETAINED_SEMANTICALLY_CONSISTENT	GOVERNANCE	制度変更に施行日・経過措置・対象世代を持たせる	PASS
EVENT-PNW2-023-PW-239	EVENT	PNW2-023	PW-239	PW-239	RETAINED_SEMANTICALLY_CONSISTENT	GLOBAL	NPBの外国人候補一覧は世界から切り離されたランダム生成ではなくGlobal Baseball Worldに実在する選手からスカウト結果として作る	PASS
EVENT-PNW2-023-PW-240	EVENT	PNW2-023	PW-240	PW-240	RETAINED_SEMANTICALLY_CONSISTENT	GLOBAL	同一の海外選手をNPB・MLB・KBO・CPBL等の複数市場が同時に評価・交渉しNPBが常に獲得できるわけではない	PASS
EVENT-PNW2-023-PW-241	EVENT	PNW2-023	PW-241	PW-241	RETAINED_SEMANTICALLY_CONSISTENT	GLOBAL	海外選手を他球団より早く発見・関係構築すること自体に情報優位と価格優位を持たせる	PASS
EVENT-PNW2-023-PW-256	EVENT	PNW2-023	PW-256	PW-256	RETAINED_SEMANTICALLY_CONSISTENT	GOVERNANCE	外国人枠・一軍登録可能数・支配下/育成等のroster制度もRule Proposal Engineで将来変更可能にする	PASS
EVENT-PNW2-024-PW-129	EVENT	PNW2-024	PW-129	PW-129	RETAINED_SEMANTICALLY_CONSISTENT	CONTRACT	FA契約を金額だけでなく年数/role/優勝/愛着/地域等で選ぶ	PASS
EVENT-PNW2-024-PW-133	EVENT	PNW2-024	PW-133	PW-133	RETAINED_SEMANTICALLY_CONSISTENT	CONTRACT	ポスティング希望→球団容認でも海外契約不成立なら残留する	PASS
EVENT-PNW2-024-PW-134	EVENT	PNW2-024	PW-134	PW-134	RETAINED_SEMANTICALLY_CONSISTENT	CONTRACT	ポスティング不成立理由を市場/条件/role/medical/制度等から生成	PASS
EVENT-PNW2-024-PW-135	EVENT	PNW2-024	PW-135	PW-135	RETAINED_SEMANTICALLY_CONSISTENT	CONTRACT	球団のposting friendliness評判を持つ	PASS
EVENT-PNW2-024-PW-138	EVENT	PNW2-024	PW-138	PW-138	RETAINED_SEMANTICALLY_CONSISTENT	CONTRACT	長期高額契約が将来財務・若手起用を圧迫する	PASS
EVENT-PNW2-024-PW-139	EVENT	PNW2-024	PW-139	PW-139	RETAINED_SEMANTICALLY_CONSISTENT	CONTRACT	FA/契約市場価格を供給・年齢・希少性等で変動させる	PASS
EVENT-PNW2-024-PW-141	EVENT	PNW2-024	PW-141	PW-141	RETAINED_SEMANTICALLY_CONSISTENT	FINANCE	球団財務を選手年俸/スタッフ/スカウト/多軍/海外/R&D/医療等まで持つ	PASS
EVENT-PNW2-024-PW-188	EVENT	PNW2-024	PW-188	PW-188	RETAINED_SEMANTICALLY_CONSISTENT	GOVERNANCE	選手会を正式な制度主体として実装する	PASS
EVENT-PNW2-024-PW-189	EVENT	PNW2-024	PW-189	PW-189	RETAINED_SEMANTICALLY_CONSISTENT	GOVERNANCE	FA年数短縮等を選手会/球団/NPBの交渉で変更可能	PASS
EVENT-PNW2-024-PW-198	EVENT	PNW2-024	PW-198	PW-198	RETAINED_SEMANTICALLY_CONSISTENT	GOVERNANCE	制度変更に施行日・経過措置・対象世代を持たせる	PASS
EVENT-PNW2-024-PW-247	EVENT	PNW2-024	PW-247	PW-247	RETAINED_SEMANTICALLY_CONSISTENT	FINANCE	球団ごとの市場規模・資金力差は残すが資金は選択肢を増やす要因であり勝利を自動保証せず小規模球団にも合理的な勝ち筋を残す	PASS
EVENT-PNW2-025-PW-149	EVENT	PNW2-025	PW-149	PW-149	RETAINED_SEMANTICALLY_CONSISTENT	INNOVATION	ソフトバンク型3軍/4軍制を作れる	PASS
EVENT-PNW2-025-PW-150	EVENT	PNW2-025	PW-150	PW-150	RETAINED_SEMANTICALLY_CONSISTENT	INNOVATION	多軍制に選手数/試合機会メリットと大きな維持費を持たせる	PASS
EVENT-PNW2-025-PW-151	EVENT	PNW2-025	PW-151	PW-151	RETAINED_SEMANTICALLY_CONSISTENT	INNOVATION	MLB AA/海外大学/JUCO/独立等との新pipelineを構築可能	PASS
EVENT-PNW2-025-PW-155	EVENT	PNW2-025	PW-155	PW-155	RETAINED_SEMANTICALLY_CONSISTENT	INNOVATION	Network Capitalを蓄積し一朝一夕で海外pipelineを作れないようにする	PASS
EVENT-PNW2-025-PW-156	EVENT	PNW2-025	PW-156	PW-156	RETAINED_SEMANTICALLY_CONSISTENT	INNOVATION	Knowledge Capitalを人材・実績・研究で蓄積する	PASS
EVENT-PNW2-025-PW-157	EVENT	PNW2-025	PW-157	PW-157	RETAINED_SEMANTICALLY_CONSISTENT	INNOVATION	成功した組織人材を他球団が引き抜きノウハウが拡散する	PASS
EVENT-PNW2-025-PW-179	EVENT	PNW2-025	PW-179	PW-179	RETAINED_SEMANTICALLY_CONSISTENT	WORLD_GROWTH	十分な基盤が整えば新しいprofessional leagueが稀に誕生する	PASS
EVENT-PNW2-025-PW-180	EVENT	PNW2-025	PW-180	PW-180	RETAINED_SEMANTICALLY_CONSISTENT	WORLD_GROWTH	league縮小/統合/停滞も可能にして世界全体無限成長を防ぐ	PASS
EVENT-PNW2-026-PW-103	EVENT	PNW2-026	PW-103	PW-103	RETAINED_SEMANTICALLY_CONSISTENT	IDENTITY	年俸より出場機会を求めるFAを可能にする	PASS
EVENT-PNW2-026-PW-104	EVENT	PNW2-026	PW-104	PW-104	RETAINED_SEMANTICALLY_CONSISTENT	IDENTITY	海外志向・家族・地元・優勝・安定・role等を選手ごとに異なるweightで持つ	PASS
EVENT-PNW2-026-PW-127	EVENT	PNW2-026	PW-127	PW-127	RETAINED_SEMANTICALLY_CONSISTENT	TRANSFER	戦力外→海外→復活→NPB復帰を可能にする	PASS
EVENT-PNW2-026-PW-128	EVENT	PNW2-026	PW-128	PW-128	RETAINED_SEMANTICALLY_CONSISTENT	TRANSFER	戦力外後のKBO/CPBL/Mexico/独立等の進路を本人価値観で選択	PASS
EVENT-PNW2-026-PW-155	EVENT	PNW2-026	PW-155	PW-155	RETAINED_SEMANTICALLY_CONSISTENT	INNOVATION	Network Capitalを蓄積し一朝一夕で海外pipelineを作れないようにする	PASS
EVENT-PNW2-026-PW-157	EVENT	PNW2-026	PW-157	PW-157	RETAINED_SEMANTICALLY_CONSISTENT	INNOVATION	成功した組織人材を他球団が引き抜きノウハウが拡散する	PASS
EVENT-PNW2-026-PW-213	EVENT	PNW2-026	PW-213	PW-213	RETAINED_SEMANTICALLY_CONSISTENT	HISTORY	選手のdraft/二軍/一軍/海外/受賞/移籍/契約/代表/引退後staffを一生涯保存	PASS
EVENT-PNW2-026-PW-214	EVENT	PNW2-026	PW-214	PW-214	RETAINED_SEMANTICALLY_CONSISTENT	HISTORY	球団の順位/人事/補強/革新/不祥事/制度議論等を球団史に保存	PASS
EVENT-PNW2-027-PW-174	EVENT	PNW2-027	PW-174	PW-174	RETAINED_SEMANTICALLY_CONSISTENT	WORLD_GROWTH	世界中で野球普及・競技人口増加・league発展を起こせる	PASS
EVENT-PNW2-027-PW-178	EVENT	PNW2-027	PW-178	PW-178	RETAINED_SEMANTICALLY_CONSISTENT	WORLD_GROWTH	市場を開拓した球団だけが永遠に独占せず他球団/MLBが参入する	PASS
EVENT-PNW2-027-PW-179	EVENT	PNW2-027	PW-179	PW-179	RETAINED_SEMANTICALLY_CONSISTENT	WORLD_GROWTH	十分な基盤が整えば新しいprofessional leagueが稀に誕生する	PASS
EVENT-PNW2-027-PW-180	EVENT	PNW2-027	PW-180	PW-180	RETAINED_SEMANTICALLY_CONSISTENT	WORLD_GROWTH	league縮小/統合/停滞も可能にして世界全体無限成長を防ぐ	PASS
EVENT-PNW2-027-PW-201	EVENT	PNW2-027	PW-201	PW-201	RETAINED_SEMANTICALLY_CONSISTENT	GOVERNANCE	球団数12を初期条件とし14/16等への拡張を可能にする	PASS
EVENT-PNW2-027-PW-203	EVENT	PNW2-027	PW-203	PW-203	RETAINED_SEMANTICALLY_CONSISTENT	GOVERNANCE	league/地区/CS/Japan Series/interleague/試合数を変更可能	PASS
EVENT-PNW2-027-PW-204	EVENT	PNW2-027	PW-204	PW-204	RETAINED_SEMANTICALLY_CONSISTENT	GOVERNANCE	球団移転/売却/合併は低頻度の大事件として将来候補	PASS
EVENT-PNW2-028-PW-201	EVENT	PNW2-028	PW-201	PW-201	RETAINED_SEMANTICALLY_CONSISTENT	GOVERNANCE	球団数12を初期条件とし14/16等への拡張を可能にする	PASS
EVENT-PNW2-028-PW-202	EVENT	PNW2-028	PW-202	PW-202	RETAINED_SEMANTICALLY_CONSISTENT	GOVERNANCE	拡張時にExpansion Draftを実施可能	PASS
EVENT-PNW2-028-PW-203	EVENT	PNW2-028	PW-203	PW-203	RETAINED_SEMANTICALLY_CONSISTENT	GOVERNANCE	league/地区/CS/Japan Series/interleague/試合数を変更可能	PASS
EVENT-PNW2-028-PW-236	EVENT	PNW2-028	PW-236	PW-236	RETAINED_SEMANTICALLY_CONSISTENT	TRADE	トレードを独立した中核システムとして設計しteam need・契約・年齢・将来価値・competitive windowを統合する	PASS
EVENT-PNW2-028-PW-237	EVENT	PNW2-028	PW-237	PW-237	RETAINED_SEMANTICALLY_CONSISTENT	TRADE	CPUは他球団で出場機会を失っている有望株や余剰戦力を認識し能動的にトレード獲得を狙う	PASS
EVENT-PNW2-028-PW-238	EVENT	PNW2-028	PW-238	PW-238	RETAINED_SEMANTICALLY_CONSISTENT	TRANSACTION	現役ドラフトをFA・通常トレード・戦力外とは別の選手移動経路として扱い制度自体も変更可能にする	PASS
EVENT-PNW2-029-PW-190	EVENT	PNW2-029	PW-190	PW-190	RETAINED_SEMANTICALLY_CONSISTENT	GOVERNANCE	DH/ABS/申告敬遠/牽制制限/base size/延長/tie-break等を変更可能	PASS
EVENT-PNW2-029-PW-191	EVENT	PNW2-029	PW-191	PW-191	RETAINED_SEMANTICALLY_CONSISTENT	GOVERNANCE	ボール反発係数やMLB球導入等の用具変更を可能にする	PASS
EVENT-PNW2-029-PW-192	EVENT	PNW2-029	PW-192	PW-192	RETAINED_SEMANTICALLY_CONSISTENT	GOVERNANCE	ルール変更は能力値直接補正でなくengine物理/確率条件へ作用	PASS
EVENT-PNW2-029-PW-193	EVENT	PNW2-029	PW-193	PW-193	RETAINED_SEMANTICALLY_CONSISTENT	GOVERNANCE	Rule Proposal Engineで提案主体/目的/試験/採決/施行/副作用/再改正を一般化	PASS
EVENT-PNW2-029-PW-213	EVENT	PNW2-029	PW-213	PW-213	RETAINED_SEMANTICALLY_CONSISTENT	HISTORY	選手のdraft/二軍/一軍/海外/受賞/移籍/契約/代表/引退後staffを一生涯保存	PASS
EVENT-PNW2-029-PW-215	EVENT	PNW2-029	PW-215	PW-215	RETAINED_SEMANTICALLY_CONSISTENT	HISTORY	通算・年度・球団記録を充実させる	PASS
EVENT-PNW2-029-PW-216	EVENT	PNW2-029	PW-216	PW-216	RETAINED_SEMANTICALLY_CONSISTENT	HISTORY	ニュースで数字を物語化する	PASS
EVENT-PNW2-030-PW-151	EVENT	PNW2-030	PW-151	PW-151	RETAINED_SEMANTICALLY_CONSISTENT	INNOVATION	MLB AA/海外大学/JUCO/独立等との新pipelineを構築可能	PASS
EVENT-PNW2-030-PW-155	EVENT	PNW2-030	PW-155	PW-155	RETAINED_SEMANTICALLY_CONSISTENT	INNOVATION	Network Capitalを蓄積し一朝一夕で海外pipelineを作れないようにする	PASS
EVENT-PNW2-030-PW-156	EVENT	PNW2-030	PW-156	PW-156	RETAINED_SEMANTICALLY_CONSISTENT	INNOVATION	Knowledge Capitalを人材・実績・研究で蓄積する	PASS
EVENT-PNW2-030-PW-168	EVENT	PNW2-030	PW-168	PW-168	RETAINED_SEMANTICALLY_CONSISTENT	GLOBAL	国・地域ごとに異なる契約/移籍/政府/連盟制度を持つ	PASS
EVENT-PNW2-030-PW-175	EVENT	PNW2-030	PW-175	PW-175	RETAINED_SEMANTICALLY_CONSISTENT	WORLD_GROWTH	国ごとに人気/競技人口/施設/指導/league quality等のecosystem stateを持つ	PASS
EVENT-PNW2-030-PW-177	EVENT	PNW2-030	PW-177	PW-177	RETAINED_SEMANTICALLY_CONSISTENT	WORLD_GROWTH	NPB球団が海外academy/coach/scout等で世界普及へ関与できる	PASS
EVENT-PNW2-030-PW-205	EVENT	PNW2-030	PW-205	PW-205	RETAINED_SEMANTICALLY_CONSISTENT	INTEGRITY	組織のcompliance/discipline/internal reporting等を持つ	PASS
EVENT-PNW2-030-PW-239	EVENT	PNW2-030	PW-239	PW-239	RETAINED_SEMANTICALLY_CONSISTENT	GLOBAL	NPBの外国人候補一覧は世界から切り離されたランダム生成ではなくGlobal Baseball Worldに実在する選手からスカウト結果として作る	PASS
EVENT-PNW2-030-PW-241	EVENT	PNW2-030	PW-241	PW-241	RETAINED_SEMANTICALLY_CONSISTENT	GLOBAL	海外選手を他球団より早く発見・関係構築すること自体に情報優位と価格優位を持たせる	PASS
EVENT-PNW2-031-PW-145	EVENT	PNW2-031	PW-145	PW-145	RETAINED_SEMANTICALLY_CONSISTENT	INNOVATION	球団固有の革新的な獲得・育成・分析施策を大量に導入する	PASS
EVENT-PNW2-031-PW-151	EVENT	PNW2-031	PW-151	PW-151	RETAINED_SEMANTICALLY_CONSISTENT	INNOVATION	MLB AA/海外大学/JUCO/独立等との新pipelineを構築可能	PASS
EVENT-PNW2-031-PW-153	EVENT	PNW2-031	PW-153	PW-153	RETAINED_SEMANTICALLY_CONSISTENT	INNOVATION	AI活用・AI開発・映像解析・scouting・mechanics等を継続革新領域にする	PASS
EVENT-PNW2-031-PW-155	EVENT	PNW2-031	PW-155	PW-155	RETAINED_SEMANTICALLY_CONSISTENT	INNOVATION	Network Capitalを蓄積し一朝一夕で海外pipelineを作れないようにする	PASS
EVENT-PNW2-031-PW-156	EVENT	PNW2-031	PW-156	PW-156	RETAINED_SEMANTICALLY_CONSISTENT	INNOVATION	Knowledge Capitalを人材・実績・研究で蓄積する	PASS
EVENT-PNW2-031-PW-157	EVENT	PNW2-031	PW-157	PW-157	RETAINED_SEMANTICALLY_CONSISTENT	INNOVATION	成功した組織人材を他球団が引き抜きノウハウが拡散する	PASS
EVENT-PNW2-031-PW-177	EVENT	PNW2-031	PW-177	PW-177	RETAINED_SEMANTICALLY_CONSISTENT	WORLD_GROWTH	NPB球団が海外academy/coach/scout等で世界普及へ関与できる	PASS
EVENT-PNW2-031-PW-241	EVENT	PNW2-031	PW-241	PW-241	RETAINED_SEMANTICALLY_CONSISTENT	GLOBAL	海外選手を他球団より早く発見・関係構築すること自体に情報優位と価格優位を持たせる	PASS
EVENT-PNW2-031-PW-242	EVENT	PNW2-031	PW-242	PW-242	RETAINED_SEMANTICALLY_CONSISTENT	GLOBAL	外国人のNPB適応を固定のNPB適応能力1個で決めず underlying skill・役割・league差・環境適応等から自然発生させる	PASS
EVENT-PNW2-032-PW-053	EVENT	PNW2-032	PW-053	PW-053	RETAINED_SEMANTICALLY_CONSISTENT	DRAFT	ドラフトを長期人材供給システムとして扱う	PASS
EVENT-PNW2-032-PW-054	EVENT	PNW2-032	PW-054	PW-054	RETAINED_SEMANTICALLY_CONSISTENT	DRAFT	高校/大学/社会人/独立を固定成長型でなく年齢・完成度・情報量で差別化	PASS
EVENT-PNW2-032-PW-055	EVENT	PNW2-032	PW-055	PW-055	RETAINED_SEMANTICALLY_CONSISTENT	DRAFT	ドラフト候補の真の能力とスカウト評価を分離する	PASS
EVENT-PNW2-032-PW-151	EVENT	PNW2-032	PW-151	PW-151	RETAINED_SEMANTICALLY_CONSISTENT	INNOVATION	MLB AA/海外大学/JUCO/独立等との新pipelineを構築可能	PASS
EVENT-PNW2-032-PW-168	EVENT	PNW2-032	PW-168	PW-168	RETAINED_SEMANTICALLY_CONSISTENT	GLOBAL	国・地域ごとに異なる契約/移籍/政府/連盟制度を持つ	PASS
EVENT-PNW2-032-PW-173	EVENT	PNW2-032	PW-173	PW-173	RETAINED_SEMANTICALLY_CONSISTENT	GLOBAL	海外制度変更がNPBの選手市場へ波及する	PASS
EVENT-PNW2-032-PW-239	EVENT	PNW2-032	PW-239	PW-239	RETAINED_SEMANTICALLY_CONSISTENT	GLOBAL	NPBの外国人候補一覧は世界から切り離されたランダム生成ではなくGlobal Baseball Worldに実在する選手からスカウト結果として作る	PASS
EVENT-PNW2-032-PW-241	EVENT	PNW2-032	PW-241	PW-241	RETAINED_SEMANTICALLY_CONSISTENT	GLOBAL	海外選手を他球団より早く発見・関係構築すること自体に情報優位と価格優位を持たせる	PASS
EVENT-PNW2-033-PW-168	EVENT	PNW2-033	PW-168	PW-168	RETAINED_SEMANTICALLY_CONSISTENT	GLOBAL	国・地域ごとに異なる契約/移籍/政府/連盟制度を持つ	PASS
EVENT-PNW2-033-PW-172	EVENT	PNW2-033	PW-172	PW-172	RETAINED_SEMANTICALLY_CONSISTENT	GLOBAL	国際制度は自由化だけでなく規制強化/協定終了/ビザ問題等もあり得る	PASS
EVENT-PNW2-033-PW-173	EVENT	PNW2-033	PW-173	PW-173	RETAINED_SEMANTICALLY_CONSISTENT	GLOBAL	海外制度変更がNPBの選手市場へ波及する	PASS
EVENT-PNW2-033-PW-174	EVENT	PNW2-033	PW-174	PW-174	RETAINED_SEMANTICALLY_CONSISTENT	WORLD_GROWTH	世界中で野球普及・競技人口増加・league発展を起こせる	PASS
EVENT-PNW2-033-PW-175	EVENT	PNW2-033	PW-175	PW-175	RETAINED_SEMANTICALLY_CONSISTENT	WORLD_GROWTH	国ごとに人気/競技人口/施設/指導/league quality等のecosystem stateを持つ	PASS
EVENT-PNW2-033-PW-179	EVENT	PNW2-033	PW-179	PW-179	RETAINED_SEMANTICALLY_CONSISTENT	WORLD_GROWTH	十分な基盤が整えば新しいprofessional leagueが稀に誕生する	PASS
EVENT-PNW2-033-PW-180	EVENT	PNW2-033	PW-180	PW-180	RETAINED_SEMANTICALLY_CONSISTENT	WORLD_GROWTH	league縮小/統合/停滞も可能にして世界全体無限成長を防ぐ	PASS
EVENT-PNW2-033-PW-256	EVENT	PNW2-033	PW-256	PW-256	RETAINED_SEMANTICALLY_CONSISTENT	GOVERNANCE	外国人枠・一軍登録可能数・支配下/育成等のroster制度もRule Proposal Engineで将来変更可能にする	PASS
EVENT-PNW2-034-PW-168	EVENT	PNW2-034	PW-168	PW-168	RETAINED_SEMANTICALLY_CONSISTENT	GLOBAL	国・地域ごとに異なる契約/移籍/政府/連盟制度を持つ	PASS
EVENT-PNW2-034-PW-172	EVENT	PNW2-034	PW-172	PW-172	RETAINED_SEMANTICALLY_CONSISTENT	GLOBAL	国際制度は自由化だけでなく規制強化/協定終了/ビザ問題等もあり得る	PASS
EVENT-PNW2-034-PW-173	EVENT	PNW2-034	PW-173	PW-173	RETAINED_SEMANTICALLY_CONSISTENT	GLOBAL	海外制度変更がNPBの選手市場へ波及する	PASS
EVENT-PNW2-034-PW-239	EVENT	PNW2-034	PW-239	PW-239	RETAINED_SEMANTICALLY_CONSISTENT	GLOBAL	NPBの外国人候補一覧は世界から切り離されたランダム生成ではなくGlobal Baseball Worldに実在する選手からスカウト結果として作る	PASS
EVENT-PNW2-034-PW-241	EVENT	PNW2-034	PW-241	PW-241	RETAINED_SEMANTICALLY_CONSISTENT	GLOBAL	海外選手を他球団より早く発見・関係構築すること自体に情報優位と価格優位を持たせる	PASS
EVENT-PNW2-034-PW-256	EVENT	PNW2-034	PW-256	PW-256	RETAINED_SEMANTICALLY_CONSISTENT	GOVERNANCE	外国人枠・一軍登録可能数・支配下/育成等のroster制度もRule Proposal Engineで将来変更可能にする	PASS
EVENT-PNW2-035-PW-133	EVENT	PNW2-035	PW-133	PW-133	RETAINED_SEMANTICALLY_CONSISTENT	CONTRACT	ポスティング希望→球団容認でも海外契約不成立なら残留する	PASS
EVENT-PNW2-035-PW-134	EVENT	PNW2-035	PW-134	PW-134	RETAINED_SEMANTICALLY_CONSISTENT	CONTRACT	ポスティング不成立理由を市場/条件/role/medical/制度等から生成	PASS
EVENT-PNW2-035-PW-135	EVENT	PNW2-035	PW-135	PW-135	RETAINED_SEMANTICALLY_CONSISTENT	CONTRACT	球団のposting friendliness評判を持つ	PASS
EVENT-PNW2-035-PW-168	EVENT	PNW2-035	PW-168	PW-168	RETAINED_SEMANTICALLY_CONSISTENT	GLOBAL	国・地域ごとに異なる契約/移籍/政府/連盟制度を持つ	PASS
EVENT-PNW2-035-PW-172	EVENT	PNW2-035	PW-172	PW-172	RETAINED_SEMANTICALLY_CONSISTENT	GLOBAL	国際制度は自由化だけでなく規制強化/協定終了/ビザ問題等もあり得る	PASS
EVENT-PNW2-035-PW-173	EVENT	PNW2-035	PW-173	PW-173	RETAINED_SEMANTICALLY_CONSISTENT	GLOBAL	海外制度変更がNPBの選手市場へ波及する	PASS
EVENT-PNW2-035-PW-240	EVENT	PNW2-035	PW-240	PW-240	RETAINED_SEMANTICALLY_CONSISTENT	GLOBAL	同一の海外選手をNPB・MLB・KBO・CPBL等の複数市場が同時に評価・交渉しNPBが常に獲得できるわけではない	PASS
EVENT-PNW2-035-PW-256	EVENT	PNW2-035	PW-256	PW-256	RETAINED_SEMANTICALLY_CONSISTENT	GOVERNANCE	外国人枠・一軍登録可能数・支配下/育成等のroster制度もRule Proposal Engineで将来変更可能にする	PASS
EVENT-PNW2-036-PW-181	EVENT	PNW2-036	PW-181	PW-181	RETAINED_SEMANTICALLY_CONSISTENT	INTERNATIONAL	WBC/Premier12/五輪/U-18/U-23等を意味ある大会として実装	PASS
EVENT-PNW2-036-PW-182	EVENT	PNW2-036	PW-182	PW-182	RETAINED_SEMANTICALLY_CONSISTENT	INTERNATIONAL	国際大会が人気/スカウト露出/海外評価/知識交流/国の普及へ影響	PASS
EVENT-PNW2-036-PW-183	EVENT	PNW2-036	PW-183	PW-183	RETAINED_SEMANTICALLY_CONSISTENT	INTERNATIONAL	国際大会疲労・故障影響をOFF/LIGHT/REALISTIC等でtoggle可能	PASS
EVENT-PNW2-036-PW-185	EVENT	PNW2-036	PW-185	PW-185	RETAINED_SEMANTICALLY_CONSISTENT	INTERNATIONAL	オールスターに人気/名誉/交流/歴史価値を持たせる	PASS
EVENT-PNW2-036-PW-186	EVENT	PNW2-036	PW-186	PW-186	RETAINED_SEMANTICALLY_CONSISTENT	INTERNATIONAL	国際大会の躍進が国の人気→競技人口→将来選手供給へfeedback	PASS
EVENT-PNW2-036-PW-187	EVENT	PNW2-036	PW-187	PW-187	RETAINED_SEMANTICALLY_CONSISTENT	INTERNATIONAL	国際大会史・新しい国家間ライバル関係を保存する	PASS
EVENT-PNW2-036-PW-257	EVENT	PNW2-036	PW-257	PW-257	RETAINED_SEMANTICALLY_CONSISTENT	INTERNATIONAL	オールスター・代表活動で生まれた他球団選手/コーチとの関係や知識交換が大会後のcareerや移籍判断へ弱く持続し得る	PASS
EVENT-PNW2-037-PW-168	EVENT	PNW2-037	PW-168	PW-168	RETAINED_SEMANTICALLY_CONSISTENT	GLOBAL	国・地域ごとに異なる契約/移籍/政府/連盟制度を持つ	PASS
EVENT-PNW2-037-PW-174	EVENT	PNW2-037	PW-174	PW-174	RETAINED_SEMANTICALLY_CONSISTENT	WORLD_GROWTH	世界中で野球普及・競技人口増加・league発展を起こせる	PASS
EVENT-PNW2-037-PW-175	EVENT	PNW2-037	PW-175	PW-175	RETAINED_SEMANTICALLY_CONSISTENT	WORLD_GROWTH	国ごとに人気/競技人口/施設/指導/league quality等のecosystem stateを持つ	PASS
EVENT-PNW2-037-PW-178	EVENT	PNW2-037	PW-178	PW-178	RETAINED_SEMANTICALLY_CONSISTENT	WORLD_GROWTH	市場を開拓した球団だけが永遠に独占せず他球団/MLBが参入する	PASS
EVENT-PNW2-037-PW-179	EVENT	PNW2-037	PW-179	PW-179	RETAINED_SEMANTICALLY_CONSISTENT	WORLD_GROWTH	十分な基盤が整えば新しいprofessional leagueが稀に誕生する	PASS
EVENT-PNW2-037-PW-180	EVENT	PNW2-037	PW-180	PW-180	RETAINED_SEMANTICALLY_CONSISTENT	WORLD_GROWTH	league縮小/統合/停滞も可能にして世界全体無限成長を防ぐ	PASS
EVENT-PNW2-037-PW-181	EVENT	PNW2-037	PW-181	PW-181	RETAINED_SEMANTICALLY_CONSISTENT	INTERNATIONAL	WBC/Premier12/五輪/U-18/U-23等を意味ある大会として実装	PASS
EVENT-PNW2-037-PW-203	EVENT	PNW2-037	PW-203	PW-203	RETAINED_SEMANTICALLY_CONSISTENT	GOVERNANCE	league/地区/CS/Japan Series/interleague/試合数を変更可能	PASS
EVENT-PNW2-038-PW-145	EVENT	PNW2-038	PW-145	PW-145	RETAINED_SEMANTICALLY_CONSISTENT	INNOVATION	球団固有の革新的な獲得・育成・分析施策を大量に導入する	PASS
EVENT-PNW2-038-PW-155	EVENT	PNW2-038	PW-155	PW-155	RETAINED_SEMANTICALLY_CONSISTENT	INNOVATION	Network Capitalを蓄積し一朝一夕で海外pipelineを作れないようにする	PASS
EVENT-PNW2-038-PW-156	EVENT	PNW2-038	PW-156	PW-156	RETAINED_SEMANTICALLY_CONSISTENT	INNOVATION	Knowledge Capitalを人材・実績・研究で蓄積する	PASS
EVENT-PNW2-038-PW-174	EVENT	PNW2-038	PW-174	PW-174	RETAINED_SEMANTICALLY_CONSISTENT	WORLD_GROWTH	世界中で野球普及・競技人口増加・league発展を起こせる	PASS
EVENT-PNW2-038-PW-175	EVENT	PNW2-038	PW-175	PW-175	RETAINED_SEMANTICALLY_CONSISTENT	WORLD_GROWTH	国ごとに人気/競技人口/施設/指導/league quality等のecosystem stateを持つ	PASS
EVENT-PNW2-038-PW-176	EVENT	PNW2-038	PW-176	PW-176	RETAINED_SEMANTICALLY_CONSISTENT	WORLD_GROWTH	アフリカ等の新地域が数十年で有力選手供給地になり得る	PASS
EVENT-PNW2-038-PW-177	EVENT	PNW2-038	PW-177	PW-177	RETAINED_SEMANTICALLY_CONSISTENT	WORLD_GROWTH	NPB球団が海外academy/coach/scout等で世界普及へ関与できる	PASS
EVENT-PNW2-038-PW-190	EVENT	PNW2-038	PW-190	PW-190	RETAINED_SEMANTICALLY_CONSISTENT	GOVERNANCE	DH/ABS/申告敬遠/牽制制限/base size/延長/tie-break等を変更可能	PASS
EVENT-PNW2-038-PW-205	EVENT	PNW2-038	PW-205	PW-205	RETAINED_SEMANTICALLY_CONSISTENT	INTEGRITY	組織のcompliance/discipline/internal reporting等を持つ	PASS
EVENT-PNW2-039-PW-174	EVENT	PNW2-039	PW-174	PW-174	RETAINED_SEMANTICALLY_CONSISTENT	WORLD_GROWTH	世界中で野球普及・競技人口増加・league発展を起こせる	PASS
EVENT-PNW2-039-PW-175	EVENT	PNW2-039	PW-175	PW-175	RETAINED_SEMANTICALLY_CONSISTENT	WORLD_GROWTH	国ごとに人気/競技人口/施設/指導/league quality等のecosystem stateを持つ	PASS
EVENT-PNW2-039-PW-179	EVENT	PNW2-039	PW-179	PW-179	RETAINED_SEMANTICALLY_CONSISTENT	WORLD_GROWTH	十分な基盤が整えば新しいprofessional leagueが稀に誕生する	PASS
EVENT-PNW2-039-PW-180	EVENT	PNW2-039	PW-180	PW-180	RETAINED_SEMANTICALLY_CONSISTENT	WORLD_GROWTH	league縮小/統合/停滞も可能にして世界全体無限成長を防ぐ	PASS
EVENT-PNW2-039-PW-181	EVENT	PNW2-039	PW-181	PW-181	RETAINED_SEMANTICALLY_CONSISTENT	INTERNATIONAL	WBC/Premier12/五輪/U-18/U-23等を意味ある大会として実装	PASS
EVENT-PNW2-040-PW-181	EVENT	PNW2-040	PW-181	PW-181	RETAINED_SEMANTICALLY_CONSISTENT	INTERNATIONAL	WBC/Premier12/五輪/U-18/U-23等を意味ある大会として実装	PASS
EVENT-PNW2-040-PW-182	EVENT	PNW2-040	PW-182	PW-182	RETAINED_SEMANTICALLY_CONSISTENT	INTERNATIONAL	国際大会が人気/スカウト露出/海外評価/知識交流/国の普及へ影響	PASS
EVENT-PNW2-040-PW-193	EVENT	PNW2-040	PW-193	PW-193	RETAINED_SEMANTICALLY_CONSISTENT	GOVERNANCE	Rule Proposal Engineで提案主体/目的/試験/採決/施行/副作用/再改正を一般化	PASS
EVENT-PNW2-040-PW-198	EVENT	PNW2-040	PW-198	PW-198	RETAINED_SEMANTICALLY_CONSISTENT	GOVERNANCE	制度変更に施行日・経過措置・対象世代を持たせる	PASS
EVENT-PNW2-040-PW-247	EVENT	PNW2-040	PW-247	PW-247	RETAINED_SEMANTICALLY_CONSISTENT	FINANCE	球団ごとの市場規模・資金力差は残すが資金は選択肢を増やす要因であり勝利を自動保証せず小規模球団にも合理的な勝ち筋を残す	PASS
EVENT-PNW2-041-PW-141	EVENT	PNW2-041	PW-141	PW-141	RETAINED_SEMANTICALLY_CONSISTENT	FINANCE	球団財務を選手年俸/スタッフ/スカウト/多軍/海外/R&D/医療等まで持つ	PASS
EVENT-PNW2-041-PW-143	EVENT	PNW2-041	PW-143	PW-143	RETAINED_SEMANTICALLY_CONSISTENT	FINANCE	観客動員を勝率だけでなくスター/若手/地域/記録等から決める	PASS
EVENT-PNW2-041-PW-144	EVENT	PNW2-041	PW-144	PW-144	RETAINED_SEMANTICALLY_CONSISTENT	FINANCE	優勝で収入増だけでなく年俸・期待・スタッフ価格等も上昇	PASS
EVENT-PNW2-041-PW-174	EVENT	PNW2-041	PW-174	PW-174	RETAINED_SEMANTICALLY_CONSISTENT	WORLD_GROWTH	世界中で野球普及・競技人口増加・league発展を起こせる	PASS
EVENT-PNW2-041-PW-179	EVENT	PNW2-041	PW-179	PW-179	RETAINED_SEMANTICALLY_CONSISTENT	WORLD_GROWTH	十分な基盤が整えば新しいprofessional leagueが稀に誕生する	PASS
EVENT-PNW2-041-PW-180	EVENT	PNW2-041	PW-180	PW-180	RETAINED_SEMANTICALLY_CONSISTENT	WORLD_GROWTH	league縮小/統合/停滞も可能にして世界全体無限成長を防ぐ	PASS
EVENT-PNW2-041-PW-204	EVENT	PNW2-041	PW-204	PW-204	RETAINED_SEMANTICALLY_CONSISTENT	GOVERNANCE	球団移転/売却/合併は低頻度の大事件として将来候補	PASS
EVENT-PNW2-041-PW-247	EVENT	PNW2-041	PW-247	PW-247	RETAINED_SEMANTICALLY_CONSISTENT	FINANCE	球団ごとの市場規模・資金力差は残すが資金は選択肢を増やす要因であり勝利を自動保証せず小規模球団にも合理的な勝ち筋を残す	PASS
EVENT-PNW2-041-PW-248	EVENT	PNW2-041	PW-248	PW-248	RETAINED_SEMANTICALLY_CONSISTENT	OWNERSHIP	オーナー/経営陣は短期長期・投資姿勢・リスク・革新志向等で個性を持っても全球団で勝利意欲自体は高く固定する	PASS
EVENT-PNW2-042-PW-149	EVENT	PNW2-042	PW-149	PW-149	RETAINED_SEMANTICALLY_CONSISTENT	INNOVATION	ソフトバンク型3軍/4軍制を作れる	PASS
EVENT-PNW2-042-PW-151	EVENT	PNW2-042	PW-151	PW-151	RETAINED_SEMANTICALLY_CONSISTENT	INNOVATION	MLB AA/海外大学/JUCO/独立等との新pipelineを構築可能	PASS
EVENT-PNW2-042-PW-155	EVENT	PNW2-042	PW-155	PW-155	RETAINED_SEMANTICALLY_CONSISTENT	INNOVATION	Network Capitalを蓄積し一朝一夕で海外pipelineを作れないようにする	PASS
EVENT-PNW2-042-PW-174	EVENT	PNW2-042	PW-174	PW-174	RETAINED_SEMANTICALLY_CONSISTENT	WORLD_GROWTH	世界中で野球普及・競技人口増加・league発展を起こせる	PASS
EVENT-PNW2-042-PW-175	EVENT	PNW2-042	PW-175	PW-175	RETAINED_SEMANTICALLY_CONSISTENT	WORLD_GROWTH	国ごとに人気/競技人口/施設/指導/league quality等のecosystem stateを持つ	PASS
EVENT-PNW2-042-PW-239	EVENT	PNW2-042	PW-239	PW-239	RETAINED_SEMANTICALLY_CONSISTENT	GLOBAL	NPBの外国人候補一覧は世界から切り離されたランダム生成ではなくGlobal Baseball Worldに実在する選手からスカウト結果として作る	PASS
EVENT-PNW2-042-PW-241	EVENT	PNW2-042	PW-241	PW-241	RETAINED_SEMANTICALLY_CONSISTENT	GLOBAL	海外選手を他球団より早く発見・関係構築すること自体に情報優位と価格優位を持たせる	PASS
EVENT-PNW2-043-PW-129	EVENT	PNW2-043	PW-129	PW-129	RETAINED_SEMANTICALLY_CONSISTENT	CONTRACT	FA契約を金額だけでなく年数/role/優勝/愛着/地域等で選ぶ	PASS
EVENT-PNW2-043-PW-133	EVENT	PNW2-043	PW-133	PW-133	RETAINED_SEMANTICALLY_CONSISTENT	CONTRACT	ポスティング希望→球団容認でも海外契約不成立なら残留する	PASS
EVENT-PNW2-043-PW-134	EVENT	PNW2-043	PW-134	PW-134	RETAINED_SEMANTICALLY_CONSISTENT	CONTRACT	ポスティング不成立理由を市場/条件/role/medical/制度等から生成	PASS
EVENT-PNW2-043-PW-135	EVENT	PNW2-043	PW-135	PW-135	RETAINED_SEMANTICALLY_CONSISTENT	CONTRACT	球団のposting friendliness評判を持つ	PASS
EVENT-PNW2-043-PW-188	EVENT	PNW2-043	PW-188	PW-188	RETAINED_SEMANTICALLY_CONSISTENT	GOVERNANCE	選手会を正式な制度主体として実装する	PASS
EVENT-PNW2-043-PW-189	EVENT	PNW2-043	PW-189	PW-189	RETAINED_SEMANTICALLY_CONSISTENT	GOVERNANCE	FA年数短縮等を選手会/球団/NPBの交渉で変更可能	PASS
EVENT-PNW2-043-PW-198	EVENT	PNW2-043	PW-198	PW-198	RETAINED_SEMANTICALLY_CONSISTENT	GOVERNANCE	制度変更に施行日・経過措置・対象世代を持たせる	PASS
EVENT-PNW2-043-PW-213	EVENT	PNW2-043	PW-213	PW-213	RETAINED_SEMANTICALLY_CONSISTENT	HISTORY	選手のdraft/二軍/一軍/海外/受賞/移籍/契約/代表/引退後staffを一生涯保存	PASS
EVENT-PNW2-043-PW-214	EVENT	PNW2-043	PW-214	PW-214	RETAINED_SEMANTICALLY_CONSISTENT	HISTORY	球団の順位/人事/補強/革新/不祥事/制度議論等を球団史に保存	PASS
CANDIDATE-PNC-001-PW-145	CANDIDATE	PNC-001	PW-145	PW-145	RETAINED_SEMANTICALLY_CONSISTENT	INNOVATION	球団固有の革新的な獲得・育成・分析施策を大量に導入する	PASS
CANDIDATE-PNC-001-PW-153	CANDIDATE	PNC-001	PW-153	PW-153	RETAINED_SEMANTICALLY_CONSISTENT	INNOVATION	AI活用・AI開発・映像解析・scouting・mechanics等を継続革新領域にする	PASS
CANDIDATE-PNC-001-PW-158	CANDIDATE	PNC-001	PW-158	PW-158	RETAINED_SEMANTICALLY_CONSISTENT	INNOVATION	新施策をスタッフが提案しユーザーが承認/実験/却下可能	PASS
CANDIDATE-PNC-001-PW-190	CANDIDATE	PNC-001	PW-190	PW-190	RETAINED_SEMANTICALLY_CONSISTENT	GOVERNANCE	DH/ABS/申告敬遠/牽制制限/base size/延長/tie-break等を変更可能	PASS
CANDIDATE-PNC-001-PW-193	CANDIDATE	PNC-001	PW-193	PW-193	RETAINED_SEMANTICALLY_CONSISTENT	GOVERNANCE	Rule Proposal Engineで提案主体/目的/試験/採決/施行/副作用/再改正を一般化	PASS
CANDIDATE-PNC-001-ADDED-PW-191	CANDIDATE	PNC-001		PW-191	ADDED_SEMANTICALLY_REQUIRED	GOVERNANCE	ボール反発係数やMLB球導入等の用具変更を可能にする	CORRECTED
CANDIDATE-PNC-001-ADDED-PW-192	CANDIDATE	PNC-001		PW-192	ADDED_SEMANTICALLY_REQUIRED	GOVERNANCE	ルール変更は能力値直接補正でなくengine物理/確率条件へ作用	CORRECTED
CANDIDATE-PNC-001-ADDED-PW-194	CANDIDATE	PNC-001		PW-194	ADDED_SEMANTICALLY_REQUIRED	GOVERNANCE	MiLB/二軍等で将来ルールを試験導入できる	CORRECTED
CANDIDATE_DEPENDENCY-PNC-001-PW-145	CANDIDATE_DEPENDENCY	PNC-001	PW-145	PW-145	RETAINED_SEMANTICALLY_CONSISTENT	INNOVATION	球団固有の革新的な獲得・育成・分析施策を大量に導入する	PASS
CANDIDATE_DEPENDENCY-PNC-001-PW-153	CANDIDATE_DEPENDENCY	PNC-001	PW-153	PW-153	RETAINED_SEMANTICALLY_CONSISTENT	INNOVATION	AI活用・AI開発・映像解析・scouting・mechanics等を継続革新領域にする	PASS
CANDIDATE_DEPENDENCY-PNC-001-PW-158	CANDIDATE_DEPENDENCY	PNC-001	PW-158	PW-158	RETAINED_SEMANTICALLY_CONSISTENT	INNOVATION	新施策をスタッフが提案しユーザーが承認/実験/却下可能	PASS
CANDIDATE_DEPENDENCY-PNC-001-PW-190	CANDIDATE_DEPENDENCY	PNC-001	PW-190	PW-190	RETAINED_SEMANTICALLY_CONSISTENT	GOVERNANCE	DH/ABS/申告敬遠/牽制制限/base size/延長/tie-break等を変更可能	PASS
CANDIDATE_DEPENDENCY-PNC-001-PW-193	CANDIDATE_DEPENDENCY	PNC-001	PW-193	PW-193	RETAINED_SEMANTICALLY_CONSISTENT	GOVERNANCE	Rule Proposal Engineで提案主体/目的/試験/採決/施行/副作用/再改正を一般化	PASS
CANDIDATE_DEPENDENCY-PNC-001-PW-205	CANDIDATE_DEPENDENCY	PNC-001	PW-205		REMOVED_SEMANTICALLY_MISMATCHED	INTEGRITY	組織のcompliance/discipline/internal reporting等を持つ	CORRECTED
CANDIDATE_DEPENDENCY-PNC-001-ADDED-PW-191	CANDIDATE_DEPENDENCY	PNC-001		PW-191	ADDED_SEMANTICALLY_REQUIRED	GOVERNANCE	ボール反発係数やMLB球導入等の用具変更を可能にする	CORRECTED
CANDIDATE_DEPENDENCY-PNC-001-ADDED-PW-192	CANDIDATE_DEPENDENCY	PNC-001		PW-192	ADDED_SEMANTICALLY_REQUIRED	GOVERNANCE	ルール変更は能力値直接補正でなくengine物理/確率条件へ作用	CORRECTED
CANDIDATE_DEPENDENCY-PNC-001-ADDED-PW-194	CANDIDATE_DEPENDENCY	PNC-001		PW-194	ADDED_SEMANTICALLY_REQUIRED	GOVERNANCE	MiLB/二軍等で将来ルールを試験導入できる	CORRECTED
CANDIDATE_CONFLICT-PNC-001-PW-190	CANDIDATE_CONFLICT	PNC-001	PW-190	PW-190	RETAINED_SEMANTICALLY_CONSISTENT	GOVERNANCE	DH/ABS/申告敬遠/牽制制限/base size/延長/tie-break等を変更可能	PASS
CANDIDATE_CONFLICT-PNC-001-PW-191	CANDIDATE_CONFLICT	PNC-001	PW-191		REMOVED_SEMANTICALLY_MISMATCHED	GOVERNANCE	ボール反発係数やMLB球導入等の用具変更を可能にする	CORRECTED
CANDIDATE_CONFLICT-PNC-001-PW-193	CANDIDATE_CONFLICT	PNC-001	PW-193	PW-193	RETAINED_SEMANTICALLY_CONSISTENT	GOVERNANCE	Rule Proposal Engineで提案主体/目的/試験/採決/施行/副作用/再改正を一般化	PASS
CANDIDATE-PNC-002-PW-149	CANDIDATE	PNC-002	PW-149	PW-149	RETAINED_SEMANTICALLY_CONSISTENT	INNOVATION	ソフトバンク型3軍/4軍制を作れる	PASS
CANDIDATE-PNC-002-PW-150	CANDIDATE	PNC-002	PW-150	PW-150	RETAINED_SEMANTICALLY_CONSISTENT	INNOVATION	多軍制に選手数/試合機会メリットと大きな維持費を持たせる	PASS
CANDIDATE-PNC-002-PW-151	CANDIDATE	PNC-002	PW-151	PW-151	RETAINED_SEMANTICALLY_CONSISTENT	INNOVATION	MLB AA/海外大学/JUCO/独立等との新pipelineを構築可能	PASS
CANDIDATE-PNC-002-PW-157	CANDIDATE	PNC-002	PW-157	PW-157	RETAINED_SEMANTICALLY_CONSISTENT	INNOVATION	成功した組織人材を他球団が引き抜きノウハウが拡散する	PASS
CANDIDATE-PNC-002-PW-179	CANDIDATE	PNC-002	PW-179	PW-179	RETAINED_SEMANTICALLY_CONSISTENT	WORLD_GROWTH	十分な基盤が整えば新しいprofessional leagueが稀に誕生する	PASS
CANDIDATE-PNC-002-PW-180	CANDIDATE	PNC-002	PW-180	PW-180	RETAINED_SEMANTICALLY_CONSISTENT	WORLD_GROWTH	league縮小/統合/停滞も可能にして世界全体無限成長を防ぐ	PASS
CANDIDATE-PNC-002-ADDED-PW-155	CANDIDATE	PNC-002		PW-155	ADDED_SEMANTICALLY_REQUIRED	INNOVATION	Network Capitalを蓄積し一朝一夕で海外pipelineを作れないようにする	CORRECTED
CANDIDATE-PNC-002-ADDED-PW-156	CANDIDATE	PNC-002		PW-156	ADDED_SEMANTICALLY_REQUIRED	INNOVATION	Knowledge Capitalを人材・実績・研究で蓄積する	CORRECTED
CANDIDATE-PNC-002-ADDED-PW-168	CANDIDATE	PNC-002		PW-168	ADDED_SEMANTICALLY_REQUIRED	GLOBAL	国・地域ごとに異なる契約/移籍/政府/連盟制度を持つ	CORRECTED
CANDIDATE-PNC-002-ADDED-PW-175	CANDIDATE	PNC-002		PW-175	ADDED_SEMANTICALLY_REQUIRED	WORLD_GROWTH	国ごとに人気/競技人口/施設/指導/league quality等のecosystem stateを持つ	CORRECTED
CANDIDATE-PNC-002-ADDED-PW-177	CANDIDATE	PNC-002		PW-177	ADDED_SEMANTICALLY_REQUIRED	WORLD_GROWTH	NPB球団が海外academy/coach/scout等で世界普及へ関与できる	CORRECTED
CANDIDATE_DEPENDENCY-PNC-002-PW-149	CANDIDATE_DEPENDENCY	PNC-002	PW-149	PW-149	RETAINED_SEMANTICALLY_CONSISTENT	INNOVATION	ソフトバンク型3軍/4軍制を作れる	PASS
CANDIDATE_DEPENDENCY-PNC-002-PW-150	CANDIDATE_DEPENDENCY	PNC-002	PW-150	PW-150	RETAINED_SEMANTICALLY_CONSISTENT	INNOVATION	多軍制に選手数/試合機会メリットと大きな維持費を持たせる	PASS
CANDIDATE_DEPENDENCY-PNC-002-PW-151	CANDIDATE_DEPENDENCY	PNC-002	PW-151	PW-151	RETAINED_SEMANTICALLY_CONSISTENT	INNOVATION	MLB AA/海外大学/JUCO/独立等との新pipelineを構築可能	PASS
CANDIDATE_DEPENDENCY-PNC-002-PW-157	CANDIDATE_DEPENDENCY	PNC-002	PW-157	PW-157	RETAINED_SEMANTICALLY_CONSISTENT	INNOVATION	成功した組織人材を他球団が引き抜きノウハウが拡散する	PASS
CANDIDATE_DEPENDENCY-PNC-002-PW-179	CANDIDATE_DEPENDENCY	PNC-002	PW-179	PW-179	RETAINED_SEMANTICALLY_CONSISTENT	WORLD_GROWTH	十分な基盤が整えば新しいprofessional leagueが稀に誕生する	PASS
CANDIDATE_DEPENDENCY-PNC-002-PW-180	CANDIDATE_DEPENDENCY	PNC-002	PW-180	PW-180	RETAINED_SEMANTICALLY_CONSISTENT	WORLD_GROWTH	league縮小/統合/停滞も可能にして世界全体無限成長を防ぐ	PASS
CANDIDATE_DEPENDENCY-PNC-002-ADDED-PW-155	CANDIDATE_DEPENDENCY	PNC-002		PW-155	ADDED_SEMANTICALLY_REQUIRED	INNOVATION	Network Capitalを蓄積し一朝一夕で海外pipelineを作れないようにする	CORRECTED
CANDIDATE_DEPENDENCY-PNC-002-ADDED-PW-156	CANDIDATE_DEPENDENCY	PNC-002		PW-156	ADDED_SEMANTICALLY_REQUIRED	INNOVATION	Knowledge Capitalを人材・実績・研究で蓄積する	CORRECTED
CANDIDATE_DEPENDENCY-PNC-002-ADDED-PW-168	CANDIDATE_DEPENDENCY	PNC-002		PW-168	ADDED_SEMANTICALLY_REQUIRED	GLOBAL	国・地域ごとに異なる契約/移籍/政府/連盟制度を持つ	CORRECTED
CANDIDATE_DEPENDENCY-PNC-002-ADDED-PW-175	CANDIDATE_DEPENDENCY	PNC-002		PW-175	ADDED_SEMANTICALLY_REQUIRED	WORLD_GROWTH	国ごとに人気/競技人口/施設/指導/league quality等のecosystem stateを持つ	CORRECTED
CANDIDATE_DEPENDENCY-PNC-002-ADDED-PW-177	CANDIDATE_DEPENDENCY	PNC-002		PW-177	ADDED_SEMANTICALLY_REQUIRED	WORLD_GROWTH	NPB球団が海外academy/coach/scout等で世界普及へ関与できる	CORRECTED
CANDIDATE_CONFLICT-PNC-002-PW-149	CANDIDATE_CONFLICT	PNC-002	PW-149	PW-149	RETAINED_SEMANTICALLY_CONSISTENT	INNOVATION	ソフトバンク型3軍/4軍制を作れる	PASS
CANDIDATE_CONFLICT-PNC-002-PW-179	CANDIDATE_CONFLICT	PNC-002	PW-179	PW-179	RETAINED_SEMANTICALLY_CONSISTENT	WORLD_GROWTH	十分な基盤が整えば新しいprofessional leagueが稀に誕生する	PASS
CANDIDATE_CONFLICT-PNC-002-PW-180	CANDIDATE_CONFLICT	PNC-002	PW-180	PW-180	RETAINED_SEMANTICALLY_CONSISTENT	WORLD_GROWTH	league縮小/統合/停滞も可能にして世界全体無限成長を防ぐ	PASS
CANDIDATE-PNC-003-PW-103	CANDIDATE	PNC-003	PW-103	PW-103	RETAINED_SEMANTICALLY_CONSISTENT	IDENTITY	年俸より出場機会を求めるFAを可能にする	PASS
CANDIDATE-PNC-003-PW-104	CANDIDATE	PNC-003	PW-104	PW-104	RETAINED_SEMANTICALLY_CONSISTENT	IDENTITY	海外志向・家族・地元・優勝・安定・role等を選手ごとに異なるweightで持つ	PASS
CANDIDATE-PNC-003-PW-168	CANDIDATE	PNC-003	PW-168	PW-168	RETAINED_SEMANTICALLY_CONSISTENT	GLOBAL	国・地域ごとに異なる契約/移籍/政府/連盟制度を持つ	PASS
CANDIDATE-PNC-003-PW-169	CANDIDATE	PNC-003	PW-169		REMOVED_SEMANTICALLY_MISMATCHED	GLOBAL	キューバ選手の海外契約自由度・連盟関与等を制度stateとして持つ	CORRECTED
CANDIDATE-PNC-003-PW-172	CANDIDATE	PNC-003	PW-172	PW-172	RETAINED_SEMANTICALLY_CONSISTENT	GLOBAL	国際制度は自由化だけでなく規制強化/協定終了/ビザ問題等もあり得る	PASS
CANDIDATE-PNC-003-PW-236	CANDIDATE	PNC-003	PW-236		REMOVED_SEMANTICALLY_MISMATCHED	TRADE	トレードを独立した中核システムとして設計しteam need・契約・年齢・将来価値・competitive windowを統合する	CORRECTED
CANDIDATE-PNC-003-PW-242	CANDIDATE	PNC-003	PW-242	PW-242	RETAINED_SEMANTICALLY_CONSISTENT	GLOBAL	外国人のNPB適応を固定のNPB適応能力1個で決めず underlying skill・役割・league差・環境適応等から自然発生させる	PASS
CANDIDATE-PNC-003-ADDED-PW-133	CANDIDATE	PNC-003		PW-133	ADDED_SEMANTICALLY_REQUIRED	CONTRACT	ポスティング希望→球団容認でも海外契約不成立なら残留する	CORRECTED
CANDIDATE-PNC-003-ADDED-PW-134	CANDIDATE	PNC-003		PW-134	ADDED_SEMANTICALLY_REQUIRED	CONTRACT	ポスティング不成立理由を市場/条件/role/medical/制度等から生成	CORRECTED
CANDIDATE-PNC-003-ADDED-PW-135	CANDIDATE	PNC-003		PW-135	ADDED_SEMANTICALLY_REQUIRED	CONTRACT	球団のposting friendliness評判を持つ	CORRECTED
CANDIDATE-PNC-003-ADDED-PW-170	CANDIDATE	PNC-003		PW-170	ADDED_SEMANTICALLY_REQUIRED	GLOBAL	キューバ政府/連盟とNPB/MLBの交渉で制度が変化し得る	CORRECTED
CANDIDATE-PNC-003-ADDED-PW-171	CANDIDATE	PNC-003		PW-171	ADDED_SEMANTICALLY_REQUIRED	GLOBAL	キューバ等の国外移住/連盟離脱を高レベルcareer eventとして扱う	CORRECTED
CANDIDATE-PNC-003-ADDED-PW-173	CANDIDATE	PNC-003		PW-173	ADDED_SEMANTICALLY_REQUIRED	GLOBAL	海外制度変更がNPBの選手市場へ波及する	CORRECTED
CANDIDATE-PNC-003-ADDED-PW-238	CANDIDATE	PNC-003		PW-238	ADDED_SEMANTICALLY_REQUIRED	TRANSACTION	現役ドラフトをFA・通常トレード・戦力外とは別の選手移動経路として扱い制度自体も変更可能にする	CORRECTED
CANDIDATE-PNC-003-ADDED-PW-240	CANDIDATE	PNC-003		PW-240	ADDED_SEMANTICALLY_REQUIRED	GLOBAL	同一の海外選手をNPB・MLB・KBO・CPBL等の複数市場が同時に評価・交渉しNPBが常に獲得できるわけではない	CORRECTED
CANDIDATE-PNC-003-ADDED-PW-241	CANDIDATE	PNC-003		PW-241	ADDED_SEMANTICALLY_REQUIRED	GLOBAL	海外選手を他球団より早く発見・関係構築すること自体に情報優位と価格優位を持たせる	CORRECTED
CANDIDATE-PNC-003-ADDED-PW-256	CANDIDATE	PNC-003		PW-256	ADDED_SEMANTICALLY_REQUIRED	GOVERNANCE	外国人枠・一軍登録可能数・支配下/育成等のroster制度もRule Proposal Engineで将来変更可能にする	CORRECTED
CANDIDATE_DEPENDENCY-PNC-003-PW-103	CANDIDATE_DEPENDENCY	PNC-003	PW-103	PW-103	RETAINED_SEMANTICALLY_CONSISTENT	IDENTITY	年俸より出場機会を求めるFAを可能にする	PASS
CANDIDATE_DEPENDENCY-PNC-003-PW-104	CANDIDATE_DEPENDENCY	PNC-003	PW-104	PW-104	RETAINED_SEMANTICALLY_CONSISTENT	IDENTITY	海外志向・家族・地元・優勝・安定・role等を選手ごとに異なるweightで持つ	PASS
CANDIDATE_DEPENDENCY-PNC-003-PW-168	CANDIDATE_DEPENDENCY	PNC-003	PW-168	PW-168	RETAINED_SEMANTICALLY_CONSISTENT	GLOBAL	国・地域ごとに異なる契約/移籍/政府/連盟制度を持つ	PASS
CANDIDATE_DEPENDENCY-PNC-003-PW-169	CANDIDATE_DEPENDENCY	PNC-003	PW-169		REMOVED_SEMANTICALLY_MISMATCHED	GLOBAL	キューバ選手の海外契約自由度・連盟関与等を制度stateとして持つ	CORRECTED
CANDIDATE_DEPENDENCY-PNC-003-PW-172	CANDIDATE_DEPENDENCY	PNC-003	PW-172	PW-172	RETAINED_SEMANTICALLY_CONSISTENT	GLOBAL	国際制度は自由化だけでなく規制強化/協定終了/ビザ問題等もあり得る	PASS
CANDIDATE_DEPENDENCY-PNC-003-PW-236	CANDIDATE_DEPENDENCY	PNC-003	PW-236		REMOVED_SEMANTICALLY_MISMATCHED	TRADE	トレードを独立した中核システムとして設計しteam need・契約・年齢・将来価値・competitive windowを統合する	CORRECTED
CANDIDATE_DEPENDENCY-PNC-003-PW-242	CANDIDATE_DEPENDENCY	PNC-003	PW-242	PW-242	RETAINED_SEMANTICALLY_CONSISTENT	GLOBAL	外国人のNPB適応を固定のNPB適応能力1個で決めず underlying skill・役割・league差・環境適応等から自然発生させる	PASS
CANDIDATE_DEPENDENCY-PNC-003-ADDED-PW-133	CANDIDATE_DEPENDENCY	PNC-003		PW-133	ADDED_SEMANTICALLY_REQUIRED	CONTRACT	ポスティング希望→球団容認でも海外契約不成立なら残留する	CORRECTED
CANDIDATE_DEPENDENCY-PNC-003-ADDED-PW-134	CANDIDATE_DEPENDENCY	PNC-003		PW-134	ADDED_SEMANTICALLY_REQUIRED	CONTRACT	ポスティング不成立理由を市場/条件/role/medical/制度等から生成	CORRECTED
CANDIDATE_DEPENDENCY-PNC-003-ADDED-PW-135	CANDIDATE_DEPENDENCY	PNC-003		PW-135	ADDED_SEMANTICALLY_REQUIRED	CONTRACT	球団のposting friendliness評判を持つ	CORRECTED
CANDIDATE_DEPENDENCY-PNC-003-ADDED-PW-170	CANDIDATE_DEPENDENCY	PNC-003		PW-170	ADDED_SEMANTICALLY_REQUIRED	GLOBAL	キューバ政府/連盟とNPB/MLBの交渉で制度が変化し得る	CORRECTED
CANDIDATE_DEPENDENCY-PNC-003-ADDED-PW-171	CANDIDATE_DEPENDENCY	PNC-003		PW-171	ADDED_SEMANTICALLY_REQUIRED	GLOBAL	キューバ等の国外移住/連盟離脱を高レベルcareer eventとして扱う	CORRECTED
CANDIDATE_DEPENDENCY-PNC-003-ADDED-PW-173	CANDIDATE_DEPENDENCY	PNC-003		PW-173	ADDED_SEMANTICALLY_REQUIRED	GLOBAL	海外制度変更がNPBの選手市場へ波及する	CORRECTED
CANDIDATE_DEPENDENCY-PNC-003-ADDED-PW-238	CANDIDATE_DEPENDENCY	PNC-003		PW-238	ADDED_SEMANTICALLY_REQUIRED	TRANSACTION	現役ドラフトをFA・通常トレード・戦力外とは別の選手移動経路として扱い制度自体も変更可能にする	CORRECTED
CANDIDATE_DEPENDENCY-PNC-003-ADDED-PW-240	CANDIDATE_DEPENDENCY	PNC-003		PW-240	ADDED_SEMANTICALLY_REQUIRED	GLOBAL	同一の海外選手をNPB・MLB・KBO・CPBL等の複数市場が同時に評価・交渉しNPBが常に獲得できるわけではない	CORRECTED
CANDIDATE_DEPENDENCY-PNC-003-ADDED-PW-241	CANDIDATE_DEPENDENCY	PNC-003		PW-241	ADDED_SEMANTICALLY_REQUIRED	GLOBAL	海外選手を他球団より早く発見・関係構築すること自体に情報優位と価格優位を持たせる	CORRECTED
CANDIDATE_DEPENDENCY-PNC-003-ADDED-PW-256	CANDIDATE_DEPENDENCY	PNC-003		PW-256	ADDED_SEMANTICALLY_REQUIRED	GOVERNANCE	外国人枠・一軍登録可能数・支配下/育成等のroster制度もRule Proposal Engineで将来変更可能にする	CORRECTED
CANDIDATE_CONFLICT-PNC-003-PW-168	CANDIDATE_CONFLICT	PNC-003	PW-168	PW-168	RETAINED_SEMANTICALLY_CONSISTENT	GLOBAL	国・地域ごとに異なる契約/移籍/政府/連盟制度を持つ	PASS
CANDIDATE_CONFLICT-PNC-003-PW-172	CANDIDATE_CONFLICT	PNC-003	PW-172	PW-172	RETAINED_SEMANTICALLY_CONSISTENT	GLOBAL	国際制度は自由化だけでなく規制強化/協定終了/ビザ問題等もあり得る	PASS
CANDIDATE_CONFLICT-PNC-003-PW-173	CANDIDATE_CONFLICT	PNC-003	PW-173	PW-173	RETAINED_SEMANTICALLY_CONSISTENT	GLOBAL	海外制度変更がNPBの選手市場へ波及する	PASS
CANDIDATE-PNC-004-PW-141	CANDIDATE	PNC-004	PW-141	PW-141	RETAINED_SEMANTICALLY_CONSISTENT	FINANCE	球団財務を選手年俸/スタッフ/スカウト/多軍/海外/R&D/医療等まで持つ	PASS
CANDIDATE-PNC-004-PW-142	CANDIDATE	PNC-004	PW-142		REMOVED_SEMANTICALLY_MISMATCHED	FINANCE	売店価格等の細かすぎる経営操作は前面に出さない	CORRECTED
CANDIDATE-PNC-004-PW-143	CANDIDATE	PNC-004	PW-143	PW-143	RETAINED_SEMANTICALLY_CONSISTENT	FINANCE	観客動員を勝率だけでなくスター/若手/地域/記録等から決める	PASS
CANDIDATE-PNC-004-PW-144	CANDIDATE	PNC-004	PW-144	PW-144	RETAINED_SEMANTICALLY_CONSISTENT	FINANCE	優勝で収入増だけでなく年俸・期待・スタッフ価格等も上昇	PASS
CANDIDATE-PNC-004-PW-165	CANDIDATE	PNC-004	PW-165		REMOVED_SEMANTICALLY_MISMATCHED	GLOBAL	海外の全試合をNPB同等詳細にはせずleague別sim粒度を変える	CORRECTED
CANDIDATE-PNC-004-PW-247	CANDIDATE	PNC-004	PW-247	PW-247	RETAINED_SEMANTICALLY_CONSISTENT	FINANCE	球団ごとの市場規模・資金力差は残すが資金は選択肢を増やす要因であり勝利を自動保証せず小規模球団にも合理的な勝ち筋を残す	PASS
CANDIDATE-PNC-004-ADDED-PW-204	CANDIDATE	PNC-004		PW-204	ADDED_SEMANTICALLY_REQUIRED	GOVERNANCE	球団移転/売却/合併は低頻度の大事件として将来候補	CORRECTED
CANDIDATE-PNC-004-ADDED-PW-249	CANDIDATE	PNC-004		PW-249	ADDED_SEMANTICALLY_REQUIRED	FINANCE	球団成績へのファン・経営評価は絶対順位だけでなくcompetitive windowと事前期待との差でも変える	CORRECTED
CANDIDATE_DEPENDENCY-PNC-004-PW-141	CANDIDATE_DEPENDENCY	PNC-004	PW-141	PW-141	RETAINED_SEMANTICALLY_CONSISTENT	FINANCE	球団財務を選手年俸/スタッフ/スカウト/多軍/海外/R&D/医療等まで持つ	PASS
CANDIDATE_DEPENDENCY-PNC-004-PW-143	CANDIDATE_DEPENDENCY	PNC-004	PW-143	PW-143	RETAINED_SEMANTICALLY_CONSISTENT	FINANCE	観客動員を勝率だけでなくスター/若手/地域/記録等から決める	PASS
CANDIDATE_DEPENDENCY-PNC-004-PW-144	CANDIDATE_DEPENDENCY	PNC-004	PW-144	PW-144	RETAINED_SEMANTICALLY_CONSISTENT	FINANCE	優勝で収入増だけでなく年俸・期待・スタッフ価格等も上昇	PASS
CANDIDATE_DEPENDENCY-PNC-004-PW-247	CANDIDATE_DEPENDENCY	PNC-004	PW-247	PW-247	RETAINED_SEMANTICALLY_CONSISTENT	FINANCE	球団ごとの市場規模・資金力差は残すが資金は選択肢を増やす要因であり勝利を自動保証せず小規模球団にも合理的な勝ち筋を残す	PASS
CANDIDATE_DEPENDENCY-PNC-004-ADDED-PW-204	CANDIDATE_DEPENDENCY	PNC-004		PW-204	ADDED_SEMANTICALLY_REQUIRED	GOVERNANCE	球団移転/売却/合併は低頻度の大事件として将来候補	CORRECTED
CANDIDATE_DEPENDENCY-PNC-004-ADDED-PW-249	CANDIDATE_DEPENDENCY	PNC-004		PW-249	ADDED_SEMANTICALLY_REQUIRED	FINANCE	球団成績へのファン・経営評価は絶対順位だけでなくcompetitive windowと事前期待との差でも変える	CORRECTED
CANDIDATE_CONFLICT-PNC-004-PW-141	CANDIDATE_CONFLICT	PNC-004	PW-141	PW-141	RETAINED_SEMANTICALLY_CONSISTENT	FINANCE	球団財務を選手年俸/スタッフ/スカウト/多軍/海外/R&D/医療等まで持つ	PASS
CANDIDATE_CONFLICT-PNC-004-PW-247	CANDIDATE_CONFLICT	PNC-004	PW-247	PW-247	RETAINED_SEMANTICALLY_CONSISTENT	FINANCE	球団ごとの市場規模・資金力差は残すが資金は選択肢を増やす要因であり勝利を自動保証せず小規模球団にも合理的な勝ち筋を残す	PASS
CANDIDATE-PNC-005-PW-201	CANDIDATE	PNC-005	PW-201		REMOVED_SEMANTICALLY_MISMATCHED	GOVERNANCE	球団数12を初期条件とし14/16等への拡張を可能にする	CORRECTED
CANDIDATE-PNC-005-PW-205	CANDIDATE	PNC-005	PW-205	PW-205	RETAINED_SEMANTICALLY_CONSISTENT	INTEGRITY	組織のcompliance/discipline/internal reporting等を持つ	PASS
CANDIDATE-PNC-005-PW-209	CANDIDATE	PNC-005	PW-209	PW-209	RETAINED_SEMANTICALLY_CONSISTENT	INTEGRITY	不祥事に注意/謹慎/降格/出場停止/解除/pick剥奪/球団制裁等の結果を持つ	PASS
CANDIDATE-PNC-005-PW-211	CANDIDATE	PNC-005	PW-211	PW-211	RETAINED_SEMANTICALLY_CONSISTENT	INTEGRITY	generated人物は将来不祥事イベント対象にできる	PASS
CANDIDATE-PNC-005-ADDED-PW-190	CANDIDATE	PNC-005		PW-190	ADDED_SEMANTICALLY_REQUIRED	GOVERNANCE	DH/ABS/申告敬遠/牽制制限/base size/延長/tie-break等を変更可能	CORRECTED
CANDIDATE-PNC-005-ADDED-PW-191	CANDIDATE	PNC-005		PW-191	ADDED_SEMANTICALLY_REQUIRED	GOVERNANCE	ボール反発係数やMLB球導入等の用具変更を可能にする	CORRECTED
CANDIDATE-PNC-005-ADDED-PW-193	CANDIDATE	PNC-005		PW-193	ADDED_SEMANTICALLY_REQUIRED	GOVERNANCE	Rule Proposal Engineで提案主体/目的/試験/採決/施行/副作用/再改正を一般化	CORRECTED
CANDIDATE-PNC-005-ADDED-PW-206	CANDIDATE	PNC-005		PW-206	ADDED_SEMANTICALLY_REQUIRED	INTEGRITY	甘い組織では小問題が放置され大問題へ発展しやすい構造	CORRECTED
CANDIDATE-PNC-005-ADDED-PW-207	CANDIDATE	PNC-005		PW-207	ADDED_SEMANTICALLY_REQUIRED	INTEGRITY	規律違反/ハラスメント/窃盗/賭博/八百長/裏金等をスパイスとして扱う	CORRECTED
CANDIDATE-PNC-005-ADDED-PW-208	CANDIDATE	PNC-005		PW-208	ADDED_SEMANTICALLY_REQUIRED	INTEGRITY	重大不祥事は非常に低頻度・高影響に校正する	CORRECTED
CANDIDATE-PNC-005-ADDED-PW-210	CANDIDATE	PNC-005		PW-210	ADDED_SEMANTICALLY_REQUIRED	INTEGRITY	実在人物に架空の重大犯罪/ハラスメントを標準生成しない	CORRECTED
CANDIDATE-PNC-005-ADDED-PW-212	CANDIDATE	PNC-005		PW-212	ADDED_SEMANTICALLY_REQUIRED	INTEGRITY	球団の隠蔽/厳正対応で長期評判影響を変える	CORRECTED
CANDIDATE_DEPENDENCY-PNC-005-PW-201	CANDIDATE_DEPENDENCY	PNC-005	PW-201		REMOVED_SEMANTICALLY_MISMATCHED	GOVERNANCE	球団数12を初期条件とし14/16等への拡張を可能にする	CORRECTED
CANDIDATE_DEPENDENCY-PNC-005-PW-205	CANDIDATE_DEPENDENCY	PNC-005	PW-205	PW-205	RETAINED_SEMANTICALLY_CONSISTENT	INTEGRITY	組織のcompliance/discipline/internal reporting等を持つ	PASS
CANDIDATE_DEPENDENCY-PNC-005-PW-209	CANDIDATE_DEPENDENCY	PNC-005	PW-209	PW-209	RETAINED_SEMANTICALLY_CONSISTENT	INTEGRITY	不祥事に注意/謹慎/降格/出場停止/解除/pick剥奪/球団制裁等の結果を持つ	PASS
CANDIDATE_DEPENDENCY-PNC-005-PW-211	CANDIDATE_DEPENDENCY	PNC-005	PW-211	PW-211	RETAINED_SEMANTICALLY_CONSISTENT	INTEGRITY	generated人物は将来不祥事イベント対象にできる	PASS
CANDIDATE_DEPENDENCY-PNC-005-ADDED-PW-190	CANDIDATE_DEPENDENCY	PNC-005		PW-190	ADDED_SEMANTICALLY_REQUIRED	GOVERNANCE	DH/ABS/申告敬遠/牽制制限/base size/延長/tie-break等を変更可能	CORRECTED
CANDIDATE_DEPENDENCY-PNC-005-ADDED-PW-191	CANDIDATE_DEPENDENCY	PNC-005		PW-191	ADDED_SEMANTICALLY_REQUIRED	GOVERNANCE	ボール反発係数やMLB球導入等の用具変更を可能にする	CORRECTED
CANDIDATE_DEPENDENCY-PNC-005-ADDED-PW-193	CANDIDATE_DEPENDENCY	PNC-005		PW-193	ADDED_SEMANTICALLY_REQUIRED	GOVERNANCE	Rule Proposal Engineで提案主体/目的/試験/採決/施行/副作用/再改正を一般化	CORRECTED
CANDIDATE_DEPENDENCY-PNC-005-ADDED-PW-206	CANDIDATE_DEPENDENCY	PNC-005		PW-206	ADDED_SEMANTICALLY_REQUIRED	INTEGRITY	甘い組織では小問題が放置され大問題へ発展しやすい構造	CORRECTED
CANDIDATE_DEPENDENCY-PNC-005-ADDED-PW-207	CANDIDATE_DEPENDENCY	PNC-005		PW-207	ADDED_SEMANTICALLY_REQUIRED	INTEGRITY	規律違反/ハラスメント/窃盗/賭博/八百長/裏金等をスパイスとして扱う	CORRECTED
CANDIDATE_DEPENDENCY-PNC-005-ADDED-PW-208	CANDIDATE_DEPENDENCY	PNC-005		PW-208	ADDED_SEMANTICALLY_REQUIRED	INTEGRITY	重大不祥事は非常に低頻度・高影響に校正する	CORRECTED
CANDIDATE_DEPENDENCY-PNC-005-ADDED-PW-210	CANDIDATE_DEPENDENCY	PNC-005		PW-210	ADDED_SEMANTICALLY_REQUIRED	INTEGRITY	実在人物に架空の重大犯罪/ハラスメントを標準生成しない	CORRECTED
CANDIDATE_DEPENDENCY-PNC-005-ADDED-PW-212	CANDIDATE_DEPENDENCY	PNC-005		PW-212	ADDED_SEMANTICALLY_REQUIRED	INTEGRITY	球団の隠蔽/厳正対応で長期評判影響を変える	CORRECTED
CANDIDATE_CONFLICT-PNC-005-PW-201	CANDIDATE_CONFLICT	PNC-005	PW-201		REMOVED_SEMANTICALLY_MISMATCHED	GOVERNANCE	球団数12を初期条件とし14/16等への拡張を可能にする	CORRECTED
CANDIDATE_CONFLICT-PNC-005-PW-205	CANDIDATE_CONFLICT	PNC-005	PW-205	PW-205	RETAINED_SEMANTICALLY_CONSISTENT	INTEGRITY	組織のcompliance/discipline/internal reporting等を持つ	PASS
CANDIDATE_CONFLICT-PNC-005-PW-209	CANDIDATE_CONFLICT	PNC-005	PW-209	PW-209	RETAINED_SEMANTICALLY_CONSISTENT	INTEGRITY	不祥事に注意/謹慎/降格/出場停止/解除/pick剥奪/球団制裁等の結果を持つ	PASS
CANDIDATE_CONFLICT-PNC-005-ADDED-PW-211	CANDIDATE_CONFLICT	PNC-005		PW-211	ADDED_SEMANTICALLY_REQUIRED	INTEGRITY	generated人物は将来不祥事イベント対象にできる	CORRECTED
CANDIDATE-PNC-006-PW-190	CANDIDATE	PNC-006	PW-190	PW-190	RETAINED_SEMANTICALLY_CONSISTENT	GOVERNANCE	DH/ABS/申告敬遠/牽制制限/base size/延長/tie-break等を変更可能	PASS
CANDIDATE-PNC-006-PW-191	CANDIDATE	PNC-006	PW-191	PW-191	RETAINED_SEMANTICALLY_CONSISTENT	GOVERNANCE	ボール反発係数やMLB球導入等の用具変更を可能にする	PASS
CANDIDATE-PNC-006-PW-193	CANDIDATE	PNC-006	PW-193	PW-193	RETAINED_SEMANTICALLY_CONSISTENT	GOVERNANCE	Rule Proposal Engineで提案主体/目的/試験/採決/施行/副作用/再改正を一般化	PASS
CANDIDATE-PNC-006-PW-213	CANDIDATE	PNC-006	PW-213	PW-213	RETAINED_SEMANTICALLY_CONSISTENT	HISTORY	選手のdraft/二軍/一軍/海外/受賞/移籍/契約/代表/引退後staffを一生涯保存	PASS
CANDIDATE-PNC-006-PW-214	CANDIDATE	PNC-006	PW-214	PW-214	RETAINED_SEMANTICALLY_CONSISTENT	HISTORY	球団の順位/人事/補強/革新/不祥事/制度議論等を球団史に保存	PASS
CANDIDATE-PNC-006-PW-216	CANDIDATE	PNC-006	PW-216	PW-216	RETAINED_SEMANTICALLY_CONSISTENT	HISTORY	ニュースで数字を物語化する	PASS
CANDIDATE-PNC-006-ADDED-PW-192	CANDIDATE	PNC-006		PW-192	ADDED_SEMANTICALLY_REQUIRED	GOVERNANCE	ルール変更は能力値直接補正でなくengine物理/確率条件へ作用	CORRECTED
CANDIDATE-PNC-006-ADDED-PW-198	CANDIDATE	PNC-006		PW-198	ADDED_SEMANTICALLY_REQUIRED	GOVERNANCE	制度変更に施行日・経過措置・対象世代を持たせる	CORRECTED
CANDIDATE-PNC-006-ADDED-PW-225	CANDIDATE	PNC-006		PW-225	ADDED_SEMANTICALLY_REQUIRED	QA	20/50/100年simulationで能力・年齢・career・talent equilibriumを検証	CORRECTED
CANDIDATE-PNC-006-ADDED-PW-226	CANDIDATE	PNC-006		PW-226	ADDED_SEMANTICALLY_REQUIRED	QA	球団別優勝回数/連覇/王朝duration/再建速度等を長期QA	CORRECTED
CANDIDATE_DEPENDENCY-PNC-006-PW-190	CANDIDATE_DEPENDENCY	PNC-006	PW-190	PW-190	RETAINED_SEMANTICALLY_CONSISTENT	GOVERNANCE	DH/ABS/申告敬遠/牽制制限/base size/延長/tie-break等を変更可能	PASS
CANDIDATE_DEPENDENCY-PNC-006-PW-191	CANDIDATE_DEPENDENCY	PNC-006	PW-191	PW-191	RETAINED_SEMANTICALLY_CONSISTENT	GOVERNANCE	ボール反発係数やMLB球導入等の用具変更を可能にする	PASS
CANDIDATE_DEPENDENCY-PNC-006-PW-193	CANDIDATE_DEPENDENCY	PNC-006	PW-193	PW-193	RETAINED_SEMANTICALLY_CONSISTENT	GOVERNANCE	Rule Proposal Engineで提案主体/目的/試験/採決/施行/副作用/再改正を一般化	PASS
CANDIDATE_DEPENDENCY-PNC-006-PW-213	CANDIDATE_DEPENDENCY	PNC-006	PW-213	PW-213	RETAINED_SEMANTICALLY_CONSISTENT	HISTORY	選手のdraft/二軍/一軍/海外/受賞/移籍/契約/代表/引退後staffを一生涯保存	PASS
CANDIDATE_DEPENDENCY-PNC-006-PW-214	CANDIDATE_DEPENDENCY	PNC-006	PW-214	PW-214	RETAINED_SEMANTICALLY_CONSISTENT	HISTORY	球団の順位/人事/補強/革新/不祥事/制度議論等を球団史に保存	PASS
CANDIDATE_DEPENDENCY-PNC-006-PW-216	CANDIDATE_DEPENDENCY	PNC-006	PW-216	PW-216	RETAINED_SEMANTICALLY_CONSISTENT	HISTORY	ニュースで数字を物語化する	PASS
CANDIDATE_DEPENDENCY-PNC-006-ADDED-PW-192	CANDIDATE_DEPENDENCY	PNC-006		PW-192	ADDED_SEMANTICALLY_REQUIRED	GOVERNANCE	ルール変更は能力値直接補正でなくengine物理/確率条件へ作用	CORRECTED
CANDIDATE_DEPENDENCY-PNC-006-ADDED-PW-198	CANDIDATE_DEPENDENCY	PNC-006		PW-198	ADDED_SEMANTICALLY_REQUIRED	GOVERNANCE	制度変更に施行日・経過措置・対象世代を持たせる	CORRECTED
CANDIDATE_DEPENDENCY-PNC-006-ADDED-PW-225	CANDIDATE_DEPENDENCY	PNC-006		PW-225	ADDED_SEMANTICALLY_REQUIRED	QA	20/50/100年simulationで能力・年齢・career・talent equilibriumを検証	CORRECTED
CANDIDATE_DEPENDENCY-PNC-006-ADDED-PW-226	CANDIDATE_DEPENDENCY	PNC-006		PW-226	ADDED_SEMANTICALLY_REQUIRED	QA	球団別優勝回数/連覇/王朝duration/再建速度等を長期QA	CORRECTED
CANDIDATE_CONFLICT-PNC-006-PW-213	CANDIDATE_CONFLICT	PNC-006	PW-213		REMOVED_SEMANTICALLY_MISMATCHED	HISTORY	選手のdraft/二軍/一軍/海外/受賞/移籍/契約/代表/引退後staffを一生涯保存	CORRECTED
CANDIDATE_CONFLICT-PNC-006-PW-214	CANDIDATE_CONFLICT	PNC-006	PW-214		REMOVED_SEMANTICALLY_MISMATCHED	HISTORY	球団の順位/人事/補強/革新/不祥事/制度議論等を球団史に保存	CORRECTED
CANDIDATE_CONFLICT-PNC-006-PW-216	CANDIDATE_CONFLICT	PNC-006	PW-216		REMOVED_SEMANTICALLY_MISMATCHED	HISTORY	ニュースで数字を物語化する	CORRECTED
CANDIDATE_CONFLICT-PNC-006-ADDED-PW-190	CANDIDATE_CONFLICT	PNC-006		PW-190	ADDED_SEMANTICALLY_REQUIRED	GOVERNANCE	DH/ABS/申告敬遠/牽制制限/base size/延長/tie-break等を変更可能	CORRECTED
CANDIDATE_CONFLICT-PNC-006-ADDED-PW-191	CANDIDATE_CONFLICT	PNC-006		PW-191	ADDED_SEMANTICALLY_REQUIRED	GOVERNANCE	ボール反発係数やMLB球導入等の用具変更を可能にする	CORRECTED
CANDIDATE_CONFLICT-PNC-006-ADDED-PW-193	CANDIDATE_CONFLICT	PNC-006		PW-193	ADDED_SEMANTICALLY_REQUIRED	GOVERNANCE	Rule Proposal Engineで提案主体/目的/試験/採決/施行/副作用/再改正を一般化	CORRECTED
CANDIDATE-PNC-007-PW-108	CANDIDATE	PNC-007	PW-108		REMOVED_SEMANTICALLY_MISMATCHED	REPUTATION	球団にも選手から見た評判を持たせる	CORRECTED
CANDIDATE-PNC-007-PW-111	CANDIDATE	PNC-007	PW-111		REMOVED_SEMANTICALLY_MISMATCHED	REPUTATION	悪評/好評はFA・代理人・若手の球団選好へ影響する	CORRECTED
CANDIDATE-PNC-007-PW-112	CANDIDATE	PNC-007	PW-112		REMOVED_SEMANTICALLY_MISMATCHED	KNOWLEDGE	移籍捕手等が旧リーグ/古巣の情報を持ち込む	CORRECTED
CANDIDATE-PNC-007-PW-121	CANDIDATE	PNC-007	PW-121		REMOVED_SEMANTICALLY_MISMATCHED	RESEARCH	特定打者/投手への重点対策をユーザーが指定可能	CORRECTED
CANDIDATE-PNC-007-PW-123	CANDIDATE	PNC-007	PW-123		REMOVED_SEMANTICALLY_MISMATCHED	RESEARCH	相手研究→対策→本人再適応→再研究cycleを持つ	CORRECTED
CANDIDATE-PNC-007-PW-142	CANDIDATE	PNC-007	PW-142		REMOVED_SEMANTICALLY_MISMATCHED	FINANCE	売店価格等の細かすぎる経営操作は前面に出さない	CORRECTED
CANDIDATE-PNC-007-ADDED-PW-129	CANDIDATE	PNC-007		PW-129	ADDED_SEMANTICALLY_REQUIRED	CONTRACT	FA契約を金額だけでなく年数/role/優勝/愛着/地域等で選ぶ	CORRECTED
CANDIDATE-PNC-007-ADDED-PW-130	CANDIDATE	PNC-007		PW-130	ADDED_SEMANTICALLY_REQUIRED	CONTRACT	起用約束を破ると本人不満・球団信頼低下	CORRECTED
CANDIDATE-PNC-007-ADDED-PW-131	CANDIDATE	PNC-007		PW-131	ADDED_SEMANTICALLY_REQUIRED	CONTRACT	代理人を独立人物として実装する	CORRECTED
CANDIDATE-PNC-007-ADDED-PW-132	CANDIDATE	PNC-007		PW-132	ADDED_SEMANTICALLY_REQUIRED	CONTRACT	代理人に交渉力/国際network/方針差を持たせる	CORRECTED
CANDIDATE-PNC-007-ADDED-PW-138	CANDIDATE	PNC-007		PW-138	ADDED_SEMANTICALLY_REQUIRED	CONTRACT	長期高額契約が将来財務・若手起用を圧迫する	CORRECTED
CANDIDATE-PNC-007-ADDED-PW-139	CANDIDATE	PNC-007		PW-139	ADDED_SEMANTICALLY_REQUIRED	CONTRACT	FA/契約市場価格を供給・年齢・希少性等で変動させる	CORRECTED
CANDIDATE-PNC-007-ADDED-PW-140	CANDIDATE	PNC-007		PW-140	ADDED_SEMANTICALLY_REQUIRED	CONTRACT	高額契約へのsunk-cost biasを一部GM/監督の失敗要因として持つ	CORRECTED
CANDIDATE-PNC-007-ADDED-PW-141	CANDIDATE	PNC-007		PW-141	ADDED_SEMANTICALLY_REQUIRED	FINANCE	球団財務を選手年俸/スタッフ/スカウト/多軍/海外/R&D/医療等まで持つ	CORRECTED
CANDIDATE-PNC-007-ADDED-PW-247	CANDIDATE	PNC-007		PW-247	ADDED_SEMANTICALLY_REQUIRED	FINANCE	球団ごとの市場規模・資金力差は残すが資金は選択肢を増やす要因であり勝利を自動保証せず小規模球団にも合理的な勝ち筋を残す	CORRECTED
CANDIDATE-PNC-007-ADDED-PW-253	CANDIDATE	PNC-007		PW-253	ADDED_SEMANTICALLY_REQUIRED	CONTRACT	FA直前だけでなく権利取得前の早期延長契約・残留交渉を可能にしroleや将来posting方針も交渉材料にできる案を保持する	CORRECTED
CANDIDATE-PNC-007-ADDED-PW-254	CANDIDATE	PNC-007		PW-254	ADDED_SEMANTICALLY_REQUIRED	AGENT	代理人は金額交渉だけでなく交渉時期・市場形成・メディアへの情報発信等で差を持ち得る	CORRECTED
CANDIDATE-PNC-007-ADDED-PW-259	CANDIDATE	PNC-007		PW-259	ADDED_SEMANTICALLY_REQUIRED	PRESSURE	大型FA・高額年俸・高い世間期待は能力値を直接下げず心理適応・起用・ファン/メディア評価を介して成績文脈に作用させる	CORRECTED
CANDIDATE_DEPENDENCY-PNC-007-PW-108	CANDIDATE_DEPENDENCY	PNC-007	PW-108		REMOVED_SEMANTICALLY_MISMATCHED	REPUTATION	球団にも選手から見た評判を持たせる	CORRECTED
CANDIDATE_DEPENDENCY-PNC-007-PW-111	CANDIDATE_DEPENDENCY	PNC-007	PW-111		REMOVED_SEMANTICALLY_MISMATCHED	REPUTATION	悪評/好評はFA・代理人・若手の球団選好へ影響する	CORRECTED
CANDIDATE_DEPENDENCY-PNC-007-PW-112	CANDIDATE_DEPENDENCY	PNC-007	PW-112		REMOVED_SEMANTICALLY_MISMATCHED	KNOWLEDGE	移籍捕手等が旧リーグ/古巣の情報を持ち込む	CORRECTED
CANDIDATE_DEPENDENCY-PNC-007-PW-121	CANDIDATE_DEPENDENCY	PNC-007	PW-121		REMOVED_SEMANTICALLY_MISMATCHED	RESEARCH	特定打者/投手への重点対策をユーザーが指定可能	CORRECTED
CANDIDATE_DEPENDENCY-PNC-007-PW-123	CANDIDATE_DEPENDENCY	PNC-007	PW-123		REMOVED_SEMANTICALLY_MISMATCHED	RESEARCH	相手研究→対策→本人再適応→再研究cycleを持つ	CORRECTED
CANDIDATE_DEPENDENCY-PNC-007-PW-124	CANDIDATE_DEPENDENCY	PNC-007	PW-124		REMOVED_SEMANTICALLY_MISMATCHED	TRANSFER	移籍覚醒を出場機会/役割/コーチ/フォーム/球場/適応等から自然発生	CORRECTED
CANDIDATE_DEPENDENCY-PNC-007-ADDED-PW-129	CANDIDATE_DEPENDENCY	PNC-007		PW-129	ADDED_SEMANTICALLY_REQUIRED	CONTRACT	FA契約を金額だけでなく年数/role/優勝/愛着/地域等で選ぶ	CORRECTED
CANDIDATE_DEPENDENCY-PNC-007-ADDED-PW-130	CANDIDATE_DEPENDENCY	PNC-007		PW-130	ADDED_SEMANTICALLY_REQUIRED	CONTRACT	起用約束を破ると本人不満・球団信頼低下	CORRECTED
CANDIDATE_DEPENDENCY-PNC-007-ADDED-PW-131	CANDIDATE_DEPENDENCY	PNC-007		PW-131	ADDED_SEMANTICALLY_REQUIRED	CONTRACT	代理人を独立人物として実装する	CORRECTED
CANDIDATE_DEPENDENCY-PNC-007-ADDED-PW-132	CANDIDATE_DEPENDENCY	PNC-007		PW-132	ADDED_SEMANTICALLY_REQUIRED	CONTRACT	代理人に交渉力/国際network/方針差を持たせる	CORRECTED
CANDIDATE_DEPENDENCY-PNC-007-ADDED-PW-138	CANDIDATE_DEPENDENCY	PNC-007		PW-138	ADDED_SEMANTICALLY_REQUIRED	CONTRACT	長期高額契約が将来財務・若手起用を圧迫する	CORRECTED
CANDIDATE_DEPENDENCY-PNC-007-ADDED-PW-139	CANDIDATE_DEPENDENCY	PNC-007		PW-139	ADDED_SEMANTICALLY_REQUIRED	CONTRACT	FA/契約市場価格を供給・年齢・希少性等で変動させる	CORRECTED
CANDIDATE_DEPENDENCY-PNC-007-ADDED-PW-140	CANDIDATE_DEPENDENCY	PNC-007		PW-140	ADDED_SEMANTICALLY_REQUIRED	CONTRACT	高額契約へのsunk-cost biasを一部GM/監督の失敗要因として持つ	CORRECTED
CANDIDATE_DEPENDENCY-PNC-007-ADDED-PW-141	CANDIDATE_DEPENDENCY	PNC-007		PW-141	ADDED_SEMANTICALLY_REQUIRED	FINANCE	球団財務を選手年俸/スタッフ/スカウト/多軍/海外/R&D/医療等まで持つ	CORRECTED
CANDIDATE_DEPENDENCY-PNC-007-ADDED-PW-247	CANDIDATE_DEPENDENCY	PNC-007		PW-247	ADDED_SEMANTICALLY_REQUIRED	FINANCE	球団ごとの市場規模・資金力差は残すが資金は選択肢を増やす要因であり勝利を自動保証せず小規模球団にも合理的な勝ち筋を残す	CORRECTED
CANDIDATE_DEPENDENCY-PNC-007-ADDED-PW-253	CANDIDATE_DEPENDENCY	PNC-007		PW-253	ADDED_SEMANTICALLY_REQUIRED	CONTRACT	FA直前だけでなく権利取得前の早期延長契約・残留交渉を可能にしroleや将来posting方針も交渉材料にできる案を保持する	CORRECTED
CANDIDATE_DEPENDENCY-PNC-007-ADDED-PW-254	CANDIDATE_DEPENDENCY	PNC-007		PW-254	ADDED_SEMANTICALLY_REQUIRED	AGENT	代理人は金額交渉だけでなく交渉時期・市場形成・メディアへの情報発信等で差を持ち得る	CORRECTED
CANDIDATE_DEPENDENCY-PNC-007-ADDED-PW-259	CANDIDATE_DEPENDENCY	PNC-007		PW-259	ADDED_SEMANTICALLY_REQUIRED	PRESSURE	大型FA・高額年俸・高い世間期待は能力値を直接下げず心理適応・起用・ファン/メディア評価を介して成績文脈に作用させる	CORRECTED
CANDIDATE_CONFLICT-PNC-007-PW-121	CANDIDATE_CONFLICT	PNC-007	PW-121		REMOVED_SEMANTICALLY_MISMATCHED	RESEARCH	特定打者/投手への重点対策をユーザーが指定可能	CORRECTED
CANDIDATE_CONFLICT-PNC-007-PW-123	CANDIDATE_CONFLICT	PNC-007	PW-123		REMOVED_SEMANTICALLY_MISMATCHED	RESEARCH	相手研究→対策→本人再適応→再研究cycleを持つ	CORRECTED
CANDIDATE_CONFLICT-PNC-007-ADDED-PW-129	CANDIDATE_CONFLICT	PNC-007		PW-129	ADDED_SEMANTICALLY_REQUIRED	CONTRACT	FA契約を金額だけでなく年数/role/優勝/愛着/地域等で選ぶ	CORRECTED
CANDIDATE_CONFLICT-PNC-007-ADDED-PW-139	CANDIDATE_CONFLICT	PNC-007		PW-139	ADDED_SEMANTICALLY_REQUIRED	CONTRACT	FA/契約市場価格を供給・年齢・希少性等で変動させる	CORRECTED
CANDIDATE_CONFLICT-PNC-007-ADDED-PW-141	CANDIDATE_CONFLICT	PNC-007		PW-141	ADDED_SEMANTICALLY_REQUIRED	FINANCE	球団財務を選手年俸/スタッフ/スカウト/多軍/海外/R&D/医療等まで持つ	CORRECTED
CANDIDATE-PNC-008-PW-145	CANDIDATE	PNC-008	PW-145	PW-145	RETAINED_SEMANTICALLY_CONSISTENT	INNOVATION	球団固有の革新的な獲得・育成・分析施策を大量に導入する	PASS
CANDIDATE-PNC-008-PW-153	CANDIDATE	PNC-008	PW-153	PW-153	RETAINED_SEMANTICALLY_CONSISTENT	INNOVATION	AI活用・AI開発・映像解析・scouting・mechanics等を継続革新領域にする	PASS
CANDIDATE-PNC-008-PW-157	CANDIDATE	PNC-008	PW-157	PW-157	RETAINED_SEMANTICALLY_CONSISTENT	INNOVATION	成功した組織人材を他球団が引き抜きノウハウが拡散する	PASS
CANDIDATE-PNC-008-PW-158	CANDIDATE	PNC-008	PW-158	PW-158	RETAINED_SEMANTICALLY_CONSISTENT	INNOVATION	新施策をスタッフが提案しユーザーが承認/実験/却下可能	PASS
CANDIDATE-PNC-008-PW-179	CANDIDATE	PNC-008	PW-179	PW-179	RETAINED_SEMANTICALLY_CONSISTENT	WORLD_GROWTH	十分な基盤が整えば新しいprofessional leagueが稀に誕生する	PASS
CANDIDATE-PNC-008-PW-185	CANDIDATE	PNC-008	PW-185	PW-185	RETAINED_SEMANTICALLY_CONSISTENT	INTERNATIONAL	オールスターに人気/名誉/交流/歴史価値を持たせる	PASS
CANDIDATE-PNC-008-ADDED-PW-155	CANDIDATE	PNC-008		PW-155	ADDED_SEMANTICALLY_REQUIRED	INNOVATION	Network Capitalを蓄積し一朝一夕で海外pipelineを作れないようにする	CORRECTED
CANDIDATE-PNC-008-ADDED-PW-156	CANDIDATE	PNC-008		PW-156	ADDED_SEMANTICALLY_REQUIRED	INNOVATION	Knowledge Capitalを人材・実績・研究で蓄積する	CORRECTED
CANDIDATE-PNC-008-ADDED-PW-168	CANDIDATE	PNC-008		PW-168	ADDED_SEMANTICALLY_REQUIRED	GLOBAL	国・地域ごとに異なる契約/移籍/政府/連盟制度を持つ	CORRECTED
CANDIDATE-PNC-008-ADDED-PW-175	CANDIDATE	PNC-008		PW-175	ADDED_SEMANTICALLY_REQUIRED	WORLD_GROWTH	国ごとに人気/競技人口/施設/指導/league quality等のecosystem stateを持つ	CORRECTED
CANDIDATE-PNC-008-ADDED-PW-177	CANDIDATE	PNC-008		PW-177	ADDED_SEMANTICALLY_REQUIRED	WORLD_GROWTH	NPB球団が海外academy/coach/scout等で世界普及へ関与できる	CORRECTED
CANDIDATE-PNC-008-ADDED-PW-182	CANDIDATE	PNC-008		PW-182	ADDED_SEMANTICALLY_REQUIRED	INTERNATIONAL	国際大会が人気/スカウト露出/海外評価/知識交流/国の普及へ影響	CORRECTED
CANDIDATE-PNC-008-ADDED-PW-257	CANDIDATE	PNC-008		PW-257	ADDED_SEMANTICALLY_REQUIRED	INTERNATIONAL	オールスター・代表活動で生まれた他球団選手/コーチとの関係や知識交換が大会後のcareerや移籍判断へ弱く持続し得る	CORRECTED
CANDIDATE_DEPENDENCY-PNC-008-PW-145	CANDIDATE_DEPENDENCY	PNC-008	PW-145	PW-145	RETAINED_SEMANTICALLY_CONSISTENT	INNOVATION	球団固有の革新的な獲得・育成・分析施策を大量に導入する	PASS
CANDIDATE_DEPENDENCY-PNC-008-PW-153	CANDIDATE_DEPENDENCY	PNC-008	PW-153	PW-153	RETAINED_SEMANTICALLY_CONSISTENT	INNOVATION	AI活用・AI開発・映像解析・scouting・mechanics等を継続革新領域にする	PASS
CANDIDATE_DEPENDENCY-PNC-008-PW-157	CANDIDATE_DEPENDENCY	PNC-008	PW-157	PW-157	RETAINED_SEMANTICALLY_CONSISTENT	INNOVATION	成功した組織人材を他球団が引き抜きノウハウが拡散する	PASS
CANDIDATE_DEPENDENCY-PNC-008-PW-158	CANDIDATE_DEPENDENCY	PNC-008	PW-158	PW-158	RETAINED_SEMANTICALLY_CONSISTENT	INNOVATION	新施策をスタッフが提案しユーザーが承認/実験/却下可能	PASS
CANDIDATE_DEPENDENCY-PNC-008-PW-179	CANDIDATE_DEPENDENCY	PNC-008	PW-179	PW-179	RETAINED_SEMANTICALLY_CONSISTENT	WORLD_GROWTH	十分な基盤が整えば新しいprofessional leagueが稀に誕生する	PASS
CANDIDATE_DEPENDENCY-PNC-008-PW-185	CANDIDATE_DEPENDENCY	PNC-008	PW-185	PW-185	RETAINED_SEMANTICALLY_CONSISTENT	INTERNATIONAL	オールスターに人気/名誉/交流/歴史価値を持たせる	PASS
CANDIDATE_DEPENDENCY-PNC-008-ADDED-PW-155	CANDIDATE_DEPENDENCY	PNC-008		PW-155	ADDED_SEMANTICALLY_REQUIRED	INNOVATION	Network Capitalを蓄積し一朝一夕で海外pipelineを作れないようにする	CORRECTED
CANDIDATE_DEPENDENCY-PNC-008-ADDED-PW-156	CANDIDATE_DEPENDENCY	PNC-008		PW-156	ADDED_SEMANTICALLY_REQUIRED	INNOVATION	Knowledge Capitalを人材・実績・研究で蓄積する	CORRECTED
CANDIDATE_DEPENDENCY-PNC-008-ADDED-PW-168	CANDIDATE_DEPENDENCY	PNC-008		PW-168	ADDED_SEMANTICALLY_REQUIRED	GLOBAL	国・地域ごとに異なる契約/移籍/政府/連盟制度を持つ	CORRECTED
CANDIDATE_DEPENDENCY-PNC-008-ADDED-PW-175	CANDIDATE_DEPENDENCY	PNC-008		PW-175	ADDED_SEMANTICALLY_REQUIRED	WORLD_GROWTH	国ごとに人気/競技人口/施設/指導/league quality等のecosystem stateを持つ	CORRECTED
CANDIDATE_DEPENDENCY-PNC-008-ADDED-PW-177	CANDIDATE_DEPENDENCY	PNC-008		PW-177	ADDED_SEMANTICALLY_REQUIRED	WORLD_GROWTH	NPB球団が海外academy/coach/scout等で世界普及へ関与できる	CORRECTED
CANDIDATE_DEPENDENCY-PNC-008-ADDED-PW-182	CANDIDATE_DEPENDENCY	PNC-008		PW-182	ADDED_SEMANTICALLY_REQUIRED	INTERNATIONAL	国際大会が人気/スカウト露出/海外評価/知識交流/国の普及へ影響	CORRECTED
CANDIDATE_DEPENDENCY-PNC-008-ADDED-PW-257	CANDIDATE_DEPENDENCY	PNC-008		PW-257	ADDED_SEMANTICALLY_REQUIRED	INTERNATIONAL	オールスター・代表活動で生まれた他球団選手/コーチとの関係や知識交換が大会後のcareerや移籍判断へ弱く持続し得る	CORRECTED
CANDIDATE_CONFLICT-PNC-008-PW-145	CANDIDATE_CONFLICT	PNC-008	PW-145	PW-145	RETAINED_SEMANTICALLY_CONSISTENT	INNOVATION	球団固有の革新的な獲得・育成・分析施策を大量に導入する	PASS
CANDIDATE_CONFLICT-PNC-008-PW-157	CANDIDATE_CONFLICT	PNC-008	PW-157	PW-157	RETAINED_SEMANTICALLY_CONSISTENT	INNOVATION	成功した組織人材を他球団が引き抜きノウハウが拡散する	PASS
CANDIDATE_CONFLICT-PNC-008-PW-179	CANDIDATE_CONFLICT	PNC-008	PW-179	PW-179	RETAINED_SEMANTICALLY_CONSISTENT	WORLD_GROWTH	十分な基盤が整えば新しいprofessional leagueが稀に誕生する	PASS
CANDIDATE-PNC-009-ADDED-PW-168	CANDIDATE	PNC-009		PW-168	ADDED_SEMANTICALLY_REQUIRED	GLOBAL	国・地域ごとに異なる契約/移籍/政府/連盟制度を持つ	CORRECTED
CANDIDATE-PNC-009-ADDED-PW-174	CANDIDATE	PNC-009		PW-174	ADDED_SEMANTICALLY_REQUIRED	WORLD_GROWTH	世界中で野球普及・競技人口増加・league発展を起こせる	CORRECTED
CANDIDATE-PNC-009-ADDED-PW-175	CANDIDATE	PNC-009		PW-175	ADDED_SEMANTICALLY_REQUIRED	WORLD_GROWTH	国ごとに人気/競技人口/施設/指導/league quality等のecosystem stateを持つ	CORRECTED
CANDIDATE-PNC-009-ADDED-PW-178	CANDIDATE	PNC-009		PW-178	ADDED_SEMANTICALLY_REQUIRED	WORLD_GROWTH	市場を開拓した球団だけが永遠に独占せず他球団/MLBが参入する	CORRECTED
CANDIDATE-PNC-009-ADDED-PW-179	CANDIDATE	PNC-009		PW-179	ADDED_SEMANTICALLY_REQUIRED	WORLD_GROWTH	十分な基盤が整えば新しいprofessional leagueが稀に誕生する	CORRECTED
CANDIDATE-PNC-009-ADDED-PW-180	CANDIDATE	PNC-009		PW-180	ADDED_SEMANTICALLY_REQUIRED	WORLD_GROWTH	league縮小/統合/停滞も可能にして世界全体無限成長を防ぐ	CORRECTED
CANDIDATE-PNC-009-ADDED-PW-181	CANDIDATE	PNC-009		PW-181	ADDED_SEMANTICALLY_REQUIRED	INTERNATIONAL	WBC/Premier12/五輪/U-18/U-23等を意味ある大会として実装	CORRECTED
CANDIDATE-PNC-009-ADDED-PW-203	CANDIDATE	PNC-009		PW-203	ADDED_SEMANTICALLY_REQUIRED	GOVERNANCE	league/地区/CS/Japan Series/interleague/試合数を変更可能	CORRECTED
CANDIDATE_DEPENDENCY-PNC-009-PW-168	CANDIDATE_DEPENDENCY	PNC-009	PW-168	PW-168	RETAINED_SEMANTICALLY_CONSISTENT	GLOBAL	国・地域ごとに異なる契約/移籍/政府/連盟制度を持つ	PASS
CANDIDATE_DEPENDENCY-PNC-009-PW-174	CANDIDATE_DEPENDENCY	PNC-009	PW-174	PW-174	RETAINED_SEMANTICALLY_CONSISTENT	WORLD_GROWTH	世界中で野球普及・競技人口増加・league発展を起こせる	PASS
CANDIDATE_DEPENDENCY-PNC-009-PW-175	CANDIDATE_DEPENDENCY	PNC-009	PW-175	PW-175	RETAINED_SEMANTICALLY_CONSISTENT	WORLD_GROWTH	国ごとに人気/競技人口/施設/指導/league quality等のecosystem stateを持つ	PASS
CANDIDATE_DEPENDENCY-PNC-009-PW-178	CANDIDATE_DEPENDENCY	PNC-009	PW-178	PW-178	RETAINED_SEMANTICALLY_CONSISTENT	WORLD_GROWTH	市場を開拓した球団だけが永遠に独占せず他球団/MLBが参入する	PASS
CANDIDATE_DEPENDENCY-PNC-009-PW-179	CANDIDATE_DEPENDENCY	PNC-009	PW-179	PW-179	RETAINED_SEMANTICALLY_CONSISTENT	WORLD_GROWTH	十分な基盤が整えば新しいprofessional leagueが稀に誕生する	PASS
CANDIDATE_DEPENDENCY-PNC-009-PW-180	CANDIDATE_DEPENDENCY	PNC-009	PW-180	PW-180	RETAINED_SEMANTICALLY_CONSISTENT	WORLD_GROWTH	league縮小/統合/停滞も可能にして世界全体無限成長を防ぐ	PASS
CANDIDATE_DEPENDENCY-PNC-009-PW-181	CANDIDATE_DEPENDENCY	PNC-009	PW-181	PW-181	RETAINED_SEMANTICALLY_CONSISTENT	INTERNATIONAL	WBC/Premier12/五輪/U-18/U-23等を意味ある大会として実装	PASS
CANDIDATE_DEPENDENCY-PNC-009-PW-203	CANDIDATE_DEPENDENCY	PNC-009	PW-203	PW-203	RETAINED_SEMANTICALLY_CONSISTENT	GOVERNANCE	league/地区/CS/Japan Series/interleague/試合数を変更可能	PASS
CANDIDATE_CONFLICT-PNC-009-PW-179	CANDIDATE_CONFLICT	PNC-009	PW-179	PW-179	RETAINED_SEMANTICALLY_CONSISTENT	WORLD_GROWTH	十分な基盤が整えば新しいprofessional leagueが稀に誕生する	PASS
CANDIDATE_CONFLICT-PNC-009-PW-180	CANDIDATE_CONFLICT	PNC-009	PW-180	PW-180	RETAINED_SEMANTICALLY_CONSISTENT	WORLD_GROWTH	league縮小/統合/停滞も可能にして世界全体無限成長を防ぐ	PASS
CANDIDATE_CONFLICT-PNC-009-PW-203	CANDIDATE_CONFLICT	PNC-009	PW-203	PW-203	RETAINED_SEMANTICALLY_CONSISTENT	GOVERNANCE	league/地区/CS/Japan Series/interleague/試合数を変更可能	PASS
