pid,name,years,raw_first,raw_last,raw_changes,pct_first,pct_last,pct_drift,raw_flat_but_pct_moved
proeye:71475139,"",12,54,51,1,0.35960591133004927,0.18863049095607234,-0.17097542037397692,false
proeye:21725112,"",7,54,54,0,0.3804878048780488,0.2537688442211055,-0.12671896065694327,true
proeye:51055135,"",9,51,54,1,0.3024390243902439,0.2669902912621359,-0.03544873312810798,false
proeye:41245132,"",11,50,41,1,0.22815533980582525,0.06201550387596899,-0.16613983592985626,false
proeye:01405135,"",6,61,61,0,0.5707317073170731,0.43073047858942065,-0.14000122872765247,true
proeye:93195137,"",7,48,49,2,0.23658536585365852,0.16080402010050251,-0.07578134575315601,false
proeye:21725137,"",7,55,68,1,0.4121951219512195,0.6306532663316583,0.2184581443804388,false
proeye:81685112,"",3,53,53,0,0.35853658536585364,0.2961165048543689,-0.06242008051148473,true
proeye:91795130,"",7,59,59,0,0.44902912621359226,0.3786407766990291,-0.07038834951456313,true
proeye:91695135,"",7,51,51,0,0.3024390243902439,0.20351758793969849,-0.09892143645054541,true
proeye:81685118,"",6,56,56,0,0.44634146341463415,0.30982367758186397,-0.1365177858327702,true
proeye:51455137,"",13,55,33,4,0.4121951219512195,0.012919896640826873,-0.3992752253103926,false
proeye:81885130,"",7,62,62,0,0.5194174757281553,0.4538834951456311,-0.06553398058252424,true
proeye:41945135,"",3,35,35,0,0.038834951456310676,0.03712871287128713,-0.0017062385850235492,false
proeye:31835130,"",5,78,78,0,0.8616504854368932,0.8316582914572864,-0.02999219397960673,false
proeye:41945132,"",11,58,58,0,0.41504854368932037,0.29457364341085274,-0.12047490027846763,true
proeye:91195110,"",7,70,70,0,0.7536585365853659,0.678391959798995,-0.07526657678637083,true
proeye:73975132,"",1,59,59,0,0.44902912621359226,0.44902912621359226,,false
proeye:11915117,"",5,31,31,0,0.02195121951219512,0.019801980198019802,-0.0021492393141753184,false
unresolved:2016:default:BA:54:渡辺雄,"",1,57,57,0,0.39141414141414144,0.39141414141414144,,false
proeye:71375116,"",3,86,86,0,0.9512195121951219,0.9611650485436893,0.00994553634856743,false
proeye:61565114,"",11,75,69,3,0.8585365853658536,0.6182266009852216,-0.240309984380632,false
proeye:41945131,"",9,52,45,3,0.33170731707317075,0.10594315245478036,-0.22576416461839038,false
proeye:51755135,"",12,70,82,1,0.7536585365853659,0.8581907090464548,0.10453217246108892,false
proeye:91395115,"",3,55,55,0,0.4121951219512195,0.33495145631067963,-0.07724366564053986,true
proeye:51655118,"",4,70,70,0,0.7536585365853659,0.7055961070559611,-0.04806242952940476,false
proeye:01105133,"",5,89,74,2,0.975609756097561,0.7821782178217822,-0.19343153827577875,false
proeye:81985114,"",4,53,53,0,0.35853658536585364,0.2798053527980535,-0.07873123256780012,true
proeye:31935139,"",12,77,77,0,0.8571428571428571,0.7829457364341085,-0.07419712070874862,true
proeye:41345135,"",9,68,71,1,0.7073170731707317,0.6723716381418093,-0.034945435028922334,false
unresolved:2016:default:BA:65:青柳,"",1,65,65,0,0.5782828282828283,0.5782828282828283,,false
proeye:51355115,"",7,43,43,0,0.16341463414634147,0.07788944723618091,-0.08552518691016056,true
unresolved:2016:default:C:33:倉,"",1,46,46,0,0.15151515151515152,0.15151515151515152,,false
proeye:81185133,"",12,39,45,1,0.08048780487804878,0.11491442542787286,0.03442662054982408,false
unresolved:2016:default:C:35:多田,"",1,44,44,0,0.12626262626262627,0.12626262626262627,,false
proeye:81685132,"",4,50,50,0,0.22815533980582525,0.17380352644836272,-0.05435181335746253,true
unresolved:2016:default:C:37:中村亘,"",1,40,40,0,0.06313131313131314,0.06313131313131314,,false
proeye:31135114,"",13,44,43,1,0.16585365853658537,0.09043927648578812,-0.07541438205079726,false
proeye:41745119,"",9,36,36,0,0.046341463414634146,0.03155339805825243,-0.014788065356381719,false
proeye:61565135,"",13,82,72,1,0.9219512195121952,0.6847545219638242,-0.23719669754837092,false
proeye:53155137,"",3,54,63,2,0.3804878048780488,0.5509708737864077,0.17048306890835896,false
proeye:01103888,"",3,44,44,0,0.12864077669902912,0.11633663366336634,-0.012304143035662782,false
unresolved:2016:default:C:43:梵,"",1,59,59,0,0.45202020202020204,0.45202020202020204,,false
proeye:61965139,"",11,64,74,2,0.6083743842364532,0.7310513447432763,0.12267696050682309,false
proeye:51755116,"",8,49,49,0,0.25609756097560976,0.16790123456790124,-0.08819632640770853,true
proeye:91195116,"",9,72,72,0,0.8097560975609757,0.7257281553398058,-0.08402794222116983,true
proeye:81785131,"",6,52,52,0,0.33170731707317075,0.21914357682619648,-0.11256374024697427,true
proeye:11415137,"",6,49,49,0,0.25609756097560976,0.16624685138539042,-0.08985070959021935,true
proeye:31335137,"",12,62,62,0,0.5975609756097561,0.4132029339853301,-0.18435804162442598,true
proeye:21725130,"",6,64,64,0,0.5752427184466019,0.5111111111111111,-0.06413160733549084,true
proeye:71475132,"",11,69,72,1,0.7014563106796117,0.6847545219638242,-0.016701788715787425,false
proeye:13515135,"",5,48,23,1,0.23658536585365852,0.007425742574257425,-0.2291596232794011,false
proeye:61965131,"",13,56,56,0,0.44634146341463415,0.24806201550387597,-0.1982794479107582,true
unresolved:2016:default:C:54:青木,"",1,44,44,0,0.12626262626262627,0.12626262626262627,,false
proeye:61265114,"",3,71,71,0,0.7951219512195122,0.7669902912621359,-0.02813165995737632,false
proeye:01405116,"",12,50,45,1,0.2731707317073171,0.11491442542787286,-0.15825630627944423,false
proeye:81785137,"",8,70,68,1,0.7536585365853659,0.6222222222222222,-0.13143631436314362,false
proeye:71375118,"",6,42,40,1,0.14878048780487804,0.04534005037783375,-0.10344043742704429,false
proeye:71275113,"",3,59,59,0,0.5317073170731708,0.44902912621359226,-0.0826781908595785,true
unresolved:2016:default:C:60:丸,"",1,70,70,0,0.7146464646464646,0.7146464646464646,,false
proeye:01405130,"",11,85,88,2,0.9514563106796117,0.9560723514211886,0.004616040741576954,false
proeye:51155110,"",6,91,61,1,0.9926829268292683,0.43073047858942065,-0.5619524482398477,false
proeye:01105115,"",5,84,84,0,0.9390243902439024,0.948019801980198,0.008995411736295589,false
proeye:91795137,"",8,68,68,0,0.7073170731707317,0.6222222222222222,-0.08509485094850944,true
proeye:41445135,"",5,58,58,0,0.5121951219512195,0.37376237623762376,-0.13843274571359576,true
proeye:51955137,"",8,56,56,0,0.44634146341463415,0.3012345679012346,-0.14510689551339956,true
unresolved:2016:default:C:67:プライディ,"",1,70,70,0,0.7146464646464646,0.7146464646464646,,false
unresolved:2016:default:D:35:桂,"",1,47,47,0,0.1691919191919192,0.1691919191919192,,false
proeye:41545130,"",10,60,60,0,0.4684466019417476,0.34366925064599485,-0.12477735129575274,true
proeye:31735132,"",11,45,39,1,0.14805825242718446,0.046511627906976744,-0.10154662452020771,false
proeye:51455131,"",9,56,63,3,0.44634146341463415,0.49029126213592233,0.04394979872128818,false
proeye:61765137,"",6,54,63,1,0.3804878048780488,0.49370277078085645,0.11321496590280766,false
proeye:61065117,"",6,59,54,1,0.5317073170731708,0.24937027707808565,-0.2823370399950851,false
proeye:31135131,"",4,40,40,0,0.1,0.0705596107055961,-0.0294403892944039,false
proeye:71575135,"",4,78,69,1,0.8616504854368932,0.6574307304785895,-0.2042197549583037,false
proeye:21223884,"",4,48,48,0,0.23658536585365852,0.18491484184914841,-0.05167052400451011,true
proeye:01205114,"",10,56,55,2,0.44634146341463415,0.2665036674816626,-0.17983779593297156,false
unresolved:2016:default:D:45:谷,"",1,67,67,0,0.6414141414141414,0.6414141414141414,,false
proeye:51655133,"",11,50,50,0,0.2731707317073171,0.1748768472906404,-0.09829388441667669,true
proeye:41145130,"",5,62,62,0,0.5194174757281553,0.4623115577889447,-0.057105917939210604,true
proeye:81285137,"",10,64,72,2,0.6341463414634146,0.6919315403422983,0.05778519887888367,false
proeye:61165132,"",11,55,49,1,0.33495145631067963,0.17054263565891473,-0.1644088206517649,false
proeye:13715132,"",11,52,42,2,0.279126213592233,0.07751937984496124,-0.20160683374727176,false
proeye:91095135,"",13,50,46,2,0.2731707317073171,0.11886304909560723,-0.15430768261170985,false
proeye:41345130,"",6,78,75,1,0.8616504854368932,0.7753086419753087,-0.08634184346158447,false
proeye:31635114,"",10,46,53,2,0.20243902439024392,0.24938875305623473,0.046949728665990814,false
proeye:31835139,"",2,57,57,0,0.4605911330049261,0.3907766990291262,-0.0698144339757999,true
proeye:71173882,"",5,71,69,1,0.7951219512195122,0.6683168316831684,-0.12680511953634388,false
proeye:31135116,"",3,50,55,1,0.2512315270935961,0.3260340632603406,0.07480253616674454,false
proeye:31435118,"",5,56,56,0,0.44634146341463415,0.32425742574257427,-0.12208403767205989,true
proeye:23325130,"",1,48,48,0,0.19902912621359223,0.19902912621359223,,false
proeye:51355132,"",7,76,76,0,0.837378640776699,0.7677261613691931,-0.06965247940750585,true
proeye:01305131,"",13,87,74,4,0.9560975609756097,0.7312661498708011,-0.22483141110480864,false
proeye:61265112,"",9,55,65,4,0.4121951219512195,0.5509708737864077,0.13877575183518825,false
proeye:51455112,"",8,75,63,2,0.8585365853658536,0.4839506172839506,-0.37458596808190303,false
proeye:41545110,"",5,82,78,1,0.9219512195121952,0.8539603960396039,-0.06799082347259122,false
proeye:81285130,"",4,79,79,0,0.8810679611650486,0.8740554156171285,-0.007012545547920079,false
proeye:71475131,"",7,60,55,1,0.551219512195122,0.271356783919598,-0.279862728275524,false
proeye:71375130,"",6,65,62,1,0.5898058252427184,0.4419753086419753,-0.1478305166007431,false
proeye:81085137,"",4,51,51,0,0.3024390243902439,0.24087591240875914,-0.06156311198148476,true
unresolved:2016:default:E:34:嶋,"",1,60,60,0,0.4722222222222222,0.4722222222222222,,false
proeye:21725131,"",4,62,62,0,0.5975609756097561,0.5012165450121655,-0.09634443059759057,true
proeye:01705137,"",7,48,48,0,0.23658536585365852,0.1506172839506173,-0.08596808190304123,true
proeye:11815132,"",11,56,56,0,0.3616504854368932,0.24806201550387597,-0.11358846993301724,true
proeye:41145132,"",6,62,62,0,0.5194174757281553,0.4419753086419753,-0.07744216708618001,true
proeye:61165116,"",5,56,60,2,0.44634146341463415,0.41089108910891087,-0.03545037430572329,false
proeye:31535110,"",3,61,61,0,0.5707317073170731,0.5048543689320388,-0.06587733838503429,true
proeye:21225110,"",10,59,53,2,0.5317073170731708,0.24938875305623473,-0.282318564016936,false
proeye:01305115,"",6,54,54,0,0.3804878048780488,0.24937027707808565,-0.13111752779996314,true
proeye:71175133,"",4,66,66,0,0.6707317073170732,0.5936739659367397,-0.0770577413803335,true
proeye:81185114,"",4,73,73,0,0.8414634146341463,0.7907542579075426,-0.0507091567266037,true
proeye:41045131,"",7,68,71,1,0.7073170731707317,0.7110552763819096,0.003738203211177904,false
unresolved:2016:default:E:46:栗原,"",1,49,49,0,0.20202020202020202,0.20202020202020202,,false
proeye:11815135,"",10,68,70,1,0.7073170731707317,0.6308068459657702,-0.07651022720496148,false
proeye:33335132,"",3,86,86,0,0.9611650485436893,0.9702970297029703,0.009131981159280933,false
proeye:61865132,"",11,69,72,1,0.7014563106796117,0.6847545219638242,-0.016701788715787425,false
proeye:41845132,"",11,60,69,1,0.4684466019417476,0.6227390180878553,0.15429241614610767,false
proeye:23325132,"",3,18,18,0,0.0024271844660194173,0.0024752475247524753,0.00004806305873305801,false
proeye:71375112,"",10,55,47,2,0.4121951219512195,0.1393643031784841,-0.2728308187727354,false
proeye:71775115,"",2,52,62,1,0.3103448275862069,0.5194174757281553,0.20907264814194843,false
proeye:03105130,"",7,46,54,1,0.16262135922330098,0.2669902912621359,0.10436893203883493,false
proeye:41045118,"",6,40,40,0,0.1,0.04534005037783375,-0.054659949622166255,true
proeye:01305139,"",8,46,46,0,0.16995073891625614,0.12864077669902912,-0.04130996221722702,false
proeye:31335130,"",1,55,55,0,0.33495145631067963,0.33495145631067963,,false
proeye:21325135,"",12,63,66,2,0.6195121951219512,0.5427872860635696,-0.07672490905838159,false
proeye:81983889,"",5,72,62,2,0.8097560975609757,0.47277227722772275,-0.3369838203332529,false
proeye:81485112,"",5,57,60,1,0.4951219512195122,0.41089108910891087,-0.08423086211060132,false
proeye:61265113,"",3,66,66,0,0.6707317073170732,0.6116504854368932,-0.05908122188018006,true
proeye:61265116,"",5,88,72,1,0.9682926829268292,0.7400990099009901,-0.22819367302583915,false
proeye:81485130,"",5,58,58,0,0.41504854368932037,0.3442211055276382,-0.07082743816168219,true
proeye:11615130,"",2,72,72,0,0.779126213592233,0.754257907542579,-0.024868306049653954,false
proeye:71975135,"",12,70,61,1,0.7536585365853659,0.38141809290953543,-0.3722404436758304,false
proeye:11715135,"",3,44,60,2,0.16585365853658537,0.4684466019417476,0.3025929434051622,false
proeye:01505132,"",10,80,79,1,0.8859223300970874,0.8141809290953546,-0.07174140100173287,false
proeye:01305137,"",4,65,65,2,0.6463414634146342,0.5669099756690997,-0.07943148774553443,false
proeye:61365118,"",10,46,48,1,0.20243902439024392,0.15647921760391198,-0.045959806786331936,false
proeye:81185131,"",6,62,56,3,0.5975609756097561,0.30982367758186397,-0.2877372980278921,false
proeye:81185139,"",12,34,46,1,0.022167487684729065,0.11886304909560723,0.09669556141087816,false
proeye:61965130,"",11,50,44,1,0.22815533980582525,0.10077519379844961,-0.12738014600737563,false
proeye:41745135,"",13,40,64,3,0.1,0.4599483204134367,0.3599483204134367,false
proeye:91395135,"",5,34,34,0,0.03170731707317073,0.024752475247524754,-0.0069548418256459785,false
unresolved:2016:default:F:42:荒張,"",1,40,40,0,0.06313131313131314,0.06313131313131314,,false
proeye:81685139,"",11,68,63,1,0.6896551724137931,0.43765281173594134,-0.2520023606778518,false
proeye:01605132,"",10,72,62,2,0.779126213592233,0.4132029339853301,-0.3659232796069029,false
proeye:03105132,"",8,50,46,1,0.22815533980582525,0.1198044009779951,-0.10835093882783015,false
proeye:01005130,"",7,54,59,1,0.308252427184466,0.3786407766990291,0.07038834951456313,false
proeye:81385130,"",10,63,63,0,0.5509708737864077,0.43765281173594134,-0.1133180620504664,true
unresolved:2016:default:F:48:森本,"",1,68,68,0,0.6717171717171717,0.6717171717171717,,false
proeye:11215118,"",13,75,82,4,0.8585365853658536,0.8578811369509044,-0.0006554484149492446,false
proeye:71173886,"",4,66,66,0,0.6707317073170732,0.5936739659367397,-0.0770577413803335,true
proeye:11915111,"",4,69,66,1,0.7014563106796117,0.5743073047858942,-0.12714900589371747,false
proeye:61065116,"",12,52,42,4,0.33170731707317075,0.08068459657701711,-0.25102272049615365,false
proeye:23525130,"",7,42,37,1,0.10194174757281553,0.038834951456310676,-0.06310679611650485,false
proeye:21225133,"",13,79,83,4,0.9024390243902439,0.8785529715762274,-0.023886052814016567,false
proeye:81785118,"",9,70,70,0,0.7536585365853659,0.6577669902912622,-0.09589154629410368,true
proeye:21625135,"",12,58,69,2,0.5121951219512195,0.628361858190709,0.11616673623948948,false
unresolved:2016:default:F:57:岡,"",1,90,90,0,0.9848484848484849,0.9848484848484849,,false
proeye:21425111,"",3,55,55,0,0.4121951219512195,0.33495145631067963,-0.07724366564053986,true
unresolved:2016:default:F:59:宇佐美,"",1,59,59,0,0.45202020202020204,0.45202020202020204,,false
unresolved:2016:default:F:60:陽,"",1,82,82,0,0.9040404040404041,0.9040404040404041,,false
proeye:41045133,"",8,68,64,4,0.7073170731707317,0.5111111111111111,-0.1962059620596206,false
proeye:31135130,"",11,66,70,1,0.6116504854368932,0.6382428940568475,0.026592408619954377,false
proeye:01105135,"",13,60,66,1,0.551219512195122,0.5348837209302325,-0.016335791264889488,false
proeye:51655117,"",5,65,57,1,0.6463414634146342,0.35396039603960394,-0.2923810673750302,false
proeye:11715139,"",5,72,72,0,0.7857142857142857,0.7329974811083123,-0.05271680460597339,true
proeye:71675132,"",5,69,69,0,0.7014563106796117,0.6582914572864321,-0.04316485339317955,false
proeye:91795139,"",12,56,29,2,0.41379310344827586,0.00516795865633075,-0.4086251447919451,false
proeye:41443880,"",4,50,47,1,0.2731707317073171,0.170316301703163,-0.10285443000415409,false
proeye:21323888,"",3,39,39,0,0.08048780487804878,0.055825242718446605,-0.024662562159602178,false
proeye:81585131,"",5,47,47,0,0.22682926829268293,0.1608910891089109,-0.06593817918377204,true
proeye:71775131,"",4,58,58,0,0.5121951219512195,0.40875912408759124,-0.10343599786362828,true
proeye:61365132,"",11,35,29,2,0.038834951456310676,0.00516795865633075,-0.03366699279997993,false
proeye:51753888,"",6,39,39,0,0.08048780487804878,0.04030226700251889,-0.04018553787552989,false
unresolved:2016:default:G:37:松崎,"",1,54,54,0,0.2878787878787879,0.2878787878787879,,false
proeye:01305110,"",4,72,69,1,0.8097560975609757,0.6885644768856448,-0.12119162067533085,false
proeye:51955114,"",13,74,57,4,0.8512195121951219,0.2713178294573643,-0.5799016827377577,false
proeye:01805139,"",3,56,56,0,0.41379310344827586,0.35036496350364965,-0.0634281399446262,true
proeye:81485117,"",4,40,40,0,0.1,0.0705596107055961,-0.0294403892944039,false
proeye:11515130,"",10,43,44,2,0.11650485436893204,0.10268948655256724,-0.013815367816364804,false
proeye:51255114,"",5,67,67,0,0.6951219512195121,0.6014851485148515,-0.09363680270466068,true
unresolved:2016:default:G:44:辻,"",1,61,61,0,0.5075757575757576,0.5075757575757576,,false
proeye:93195132,"",11,67,67,0,0.6456310679611651,0.5684754521963824,-0.07715561576478269,true
proeye:21125113,"",6,24,15,1,0.004878048780487805,0,-0.004878048780487805,false
proeye:13115112,"",5,71,67,1,0.7951219512195122,0.6014851485148515,-0.19363680270466077,false
proeye:21825133,"",7,70,70,0,0.7536585365853659,0.678391959798995,-0.07526657678637083,true
proeye:21025116,"",8,50,50,0,0.2731707317073171,0.17037037037037037,-0.10280036133694673,true
proeye:61665139,"",9,47,47,0,0.19704433497536947,0.1393643031784841,-0.057680031796885356,true
proeye:61365137,"",5,87,87,0,0.9560975609756097,0.9752475247524752,0.01914996377686551,false
proeye:31435116,"",4,94,94,0,0.9975609756097561,0.9975669099756691,0.000005934365913007333,false
proeye:81985118,"",10,68,70,1,0.7073170731707317,0.6379310344827587,-0.069386038687973,false
proeye:43345132,"",2,41,41,0,0.09466019417475728,0.09245742092457421,-0.002202773250183074,false
proeye:81385110,"",8,72,66,3,0.8097560975609757,0.562962962962963,-0.24679313459801266,false
proeye:01905119,"",4,51,51,0,0.3024390243902439,0.24087591240875914,-0.06156311198148476,true
proeye:41345118,"",11,66,67,2,0.6707317073170732,0.5640394088669951,-0.1066922984500781,false
proeye:11815139,"",2,51,51,0,0.2832512315270936,0.25728155339805825,-0.025969678129035334,false
unresolved:2016:default:G:59:北,"",1,66,66,0,0.6060606060606061,0.6060606060606061,,false
proeye:91995131,"",12,72,50,4,0.8097560975609757,0.19559902200489,-0.6141570755560857,false
proeye:61763884,"",3,84,82,1,0.9390243902439024,0.9053398058252428,-0.033684584418659624,false
proeye:51455118,"",6,65,65,2,0.6463414634146342,0.5314861460957179,-0.1148553173189163,false
proeye:01605114,"",4,77,77,0,0.8731707317073171,0.8540145985401459,-0.01915613316717113,false
proeye:21925132,"",10,83,90,1,0.9296116504854369,0.9682151589242054,0.038603508438768475,false
proeye:71475115,"",7,36,34,1,0.046341463414634146,0.005025125628140704,-0.04131633778649344,false
proeye:71275117,"",8,55,47,1,0.4121951219512195,0.13333333333333333,-0.27886178861788613,false
proeye:01705130,"",11,56,59,6,0.3616504854368932,0.3281653746770026,-0.033485110759890635,false
proeye:11215132,"",11,67,69,1,0.6456310679611651,0.6227390180878553,-0.02289204987330984,false
proeye:41045114,"",8,50,57,3,0.2731707317073171,0.3234567901234568,0.0502860584161397,false
proeye:91595133,"",12,38,59,4,0.054187192118226604,0.3281653746770026,0.273978182558776,false
proeye:71875133,"",9,73,66,1,0.8414634146341463,0.5752427184466019,-0.2662206961875444,false
proeye:51655112,"",10,68,53,3,0.7073170731707317,0.24938875305623473,-0.4579283201144969,false
proeye:31335131,"",13,66,66,3,0.6707317073170732,0.5348837209302325,-0.1358479863868407,false
proeye:41445112,"",5,83,87,1,0.9317073170731708,0.9752475247524752,0.04354020767930444,false
proeye:11915137,"",9,64,64,0,0.6341463414634146,0.5242718446601942,-0.10987449680322048,true
proeye:71275132,"",10,68,68,0,0.6723300970873787,0.6020671834625323,-0.07026291362484638,true
unresolved:2016:default:H:46:古沢,"",1,61,61,0,0.5075757575757576,0.5075757575757576,,false
proeye:11715132,"",11,63,79,4,0.5509708737864077,0.8217054263565892,0.2707345525701814,false
proeye:51155119,"",9,78,68,3,0.8853658536585366,0.6213592233009708,-0.2640066303575658,false
proeye:81585112,"",9,75,69,2,0.8585365853658536,0.6383495145631068,-0.2201870708027468,false
proeye:81185118,"",3,45,45,0,0.15517241379310345,0.145985401459854,-0.00918701233324945,false
proeye:61365119,"",3,65,67,1,0.6463414634146342,0.6456310679611651,-0.0007103954534690704,false
proeye:91895139,"",2,43,43,0,0.13054187192118227,0.11650485436893204,-0.01403701755225023,false
proeye:71775132,"",4,21,27,1,0.0048543689320388345,0.0024271844660194173,-0.0024271844660194173,false
proeye:61465133,"",13,82,82,0,0.9219512195121952,0.8578811369509044,-0.06407008256129076,true
proeye:21325113,"",9,52,45,3,0.33170731707317075,0.11893203883495146,-0.2127752782382193,false
proeye:11215116,"",13,60,61,3,0.551219512195122,0.37209302325581395,-0.17912648893930805,false
proeye:11615114,"",8,80,78,1,0.9073170731707317,0.8019559902200489,-0.1053610829506828,false
proeye:61665117,"",5,62,50,2,0.5975609756097561,0.20297029702970298,-0.3945906785800531,false
proeye:91395139,"",12,58,75,4,0.4852216748768473,0.7493540051679587,0.2641323302911114,false
proeye:11315110,"",6,68,68,0,0.7073170731707317,0.6297229219143576,-0.07759415125637403,true
proeye:11215135,"",6,72,72,0,0.8097560975609757,0.7329974811083123,-0.07675861645266335,true
proeye:31835133,"",13,72,67,6,0.8097560975609757,0.5684754521963824,-0.24128064536459326,false
proeye:21425114,"",8,65,58,2,0.6463414634146342,0.34814814814814815,-0.298193315266486,false
proeye:31535119,"",5,83,80,1,0.9317073170731708,0.8960396039603961,-0.035667713112774724,false
proeye:51255137,"",9,68,75,1,0.7073170731707317,0.7815533980582524,0.07423632488752074,false
proeye:51555135,"",6,76,80,2,0.837378640776699,0.8716049382716049,0.03422629749490591,false
proeye:91995112,"",13,58,33,3,0.5121951219512195,0.012919896640826873,-0.49927522531039265,false
proeye:31535139,"",10,58,63,1,0.4852216748768473,0.4408866995073892,-0.04433497536945813,false
unresolved:2016:default:L:39:星,"",1,54,54,0,0.2878787878787879,0.2878787878787879,,false
proeye:81085116,"",6,36,31,1,0.046341463414634146,0.007556675062972292,-0.03878478835166185,false
unresolved:2016:default:L:41:藤沢,"",1,39,39,0,0.045454545454545456,0.045454545454545456,,false
unresolved:2016:default:L:42:森,"",1,58,58,0,0.41919191919191917,0.41919191919191917,,false
proeye:71375117,"",4,45,45,0,0.18292682926829268,0.145985401459854,-0.036941427808438676,false
proeye:81085115,"",13,60,39,5,0.551219512195122,0.046511627906976744,-0.5047078842881453,false
proeye:83385139,"",7,51,42,1,0.2832512315270936,0.07304785894206549,-0.21020337258502808,false
proeye:31535116,"",4,63,63,0,0.6195121951219512,0.5328467153284672,-0.08666547979348405,true
proeye:81885114,"",7,61,61,3,0.5707317073170731,0.4321608040201005,-0.13857090329697264,false
proeye:41245130,"",11,70,68,3,0.720873786407767,0.6020671834625323,-0.11880660294523471,false
proeye:11415135,"",7,55,62,1,0.4121951219512195,0.4623115577889447,0.05011643583772524,false
proeye:61565139,"",5,53,65,2,0.33251231527093594,0.5314861460957179,0.19897383082478193,false
proeye:13115130,"",10,57,63,1,0.3907766990291262,0.43765281173594134,0.04687611270681513,false
proeye:61265137,"",5,75,75,0,0.8179611650485437,0.7788944723618091,-0.03906669268673457,false
unresolved:2016:default:L:53:呉,"",1,70,70,0,0.7146464646464646,0.7146464646464646,,false
proeye:51155118,"",13,66,35,5,0.6707317073170732,0.020671834625323,-0.6500598726917503,false
proeye:01505137,"",11,81,78,3,0.9170731707317074,0.7857142857142857,-0.13135888501742166,false
proeye:21425139,"",12,41,47,2,0.10837438423645321,0.1343669250645995,0.025992540828146282,false
proeye:01705135,"",8,57,57,0,0.4951219512195122,0.3234567901234568,-0.1716651610960554,true
unresolved:2016:default:L:58:木村,"",1,75,75,0,0.8156565656565656,0.8156565656565656,,false
proeye:11515114,"",4,54,54,0,0.3804878048780488,0.2944038929440389,-0.08608391193400988,true
proeye:21725133,"",9,78,78,0,0.8853658536585366,0.8155339805825242,-0.06983187307601235,true
proeye:31135133,"",11,72,73,2,0.8097560975609757,0.7157622739018088,-0.09399382365916686,false
proeye:51755115,"",13,60,47,2,0.551219512195122,0.1343669250645995,-0.41685258713052253,false
proeye:21725116,"",6,76,76,0,0.8707317073170732,0.8110831234256927,-0.0596485838913805,true
proeye:01705118,"",5,33,33,0,0.02926829268292683,0.022277227722772276,-0.006991064960154555,false
proeye:41045135,"",7,77,77,0,0.8731707317073171,0.8040201005025126,-0.06915063120480447,true
proeye:01205130,"",7,77,77,0,0.8470873786407767,0.8009708737864077,-0.04611650485436891,false
unresolved:2016:default:L:67:大瀧,"",1,65,65,0,0.5782828282828283,0.5782828282828283,,false
proeye:71975110,"",3,49,60,1,0.25609756097560976,0.4684466019417476,0.21234904096613783,false
proeye:41945137,"",13,42,47,1,0.14878048780487804,0.1343669250645995,-0.014413562740278552,false
proeye:91695139,"",8,56,56,0,0.41379310344827586,0.29854368932038833,-0.11524941412788753,true
proeye:61365133,"",10,40,40,0,0.1,0.0488997555012225,-0.05110024449877751,true
unresolved:2016:default:M:38:寺嶋,"",1,54,54,0,0.2878787878787879,0.2878787878787879,,false
proeye:61565117,"",5,35,35,0,0.03414634146341464,0.03712871287128713,0.0029823714078724903,false
proeye:31235139,"",3,51,51,0,0.25728155339805825,0.23514851485148514,-0.022133038546573114,false
proeye:23525132,"",1,63,63,0,0.5509708737864077,0.5509708737864077,,false
proeye:21923889,"",6,35,35,2,0.03414634146341464,0.020151133501259445,-0.013995207962155191,false
proeye:51153884,"",4,50,40,2,0.2731707317073171,0.0705596107055961,-0.202611121001721,false
proeye:81985135,"",13,65,49,3,0.6463414634146342,0.17054263565891473,-0.47579882775571947,false
proeye:51455139,"",9,63,62,2,0.5935960591133005,0.44987775061124696,-0.14371830850205353,false
proeye:01205112,"",5,64,64,0,0.6341463414634146,0.5222772277227723,-0.11186911374064235,true
proeye:11315139,"",9,23,35,3,0.0024630541871921183,0.022004889975550123,0.019541835788358004,false
proeye:81385131,"",5,56,56,0,0.44634146341463415,0.325,-0.12134146341463414,true
proeye:91695132,"",11,60,65,1,0.4684466019417476,0.5090439276485789,0.04059732570683128,false
proeye:21525130,"",8,42,42,0,0.10194174757281553,0.06845965770171149,-0.03348208987110404,false
proeye:21925116,"",7,62,57,1,0.5975609756097561,0.3234567901234568,-0.2741041854862993,false
proeye:51455130,"",11,69,61,2,0.7014563106796117,0.37209302325581395,-0.3293632874237977,false
proeye:21425112,"",7,42,60,2,0.14878048780487804,0.39195979899497485,0.2431793111900968,false
proeye:71375110,"",5,39,34,1,0.08048780487804878,0.024752475247524754,-0.05573532963052403,false
proeye:31135110,"",3,40,40,0,0.1,0.07524271844660194,-0.02475728155339807,false
proeye:91595137,"",11,82,82,0,0.9219512195121952,0.8620689655172413,-0.05988225399495384,true
proeye:71575131,"",12,90,76,5,0.9829268292682927,0.7652811735941321,-0.2176456556741606,false
proeye:41545114,"",13,65,57,4,0.6463414634146342,0.2713178294573643,-0.37502363395726984,false
proeye:91795131,"",8,66,61,1,0.6707317073170732,0.41919191919191917,-0.25153978812515404,false
proeye:03505139,"",9,51,46,3,0.2832512315270936,0.1198044009779951,-0.16344683054909848,false
unresolved:2016:default:M:61:サブロー,"",1,48,48,0,0.18434343434343434,0.18434343434343434,,false
proeye:81385118,"",5,90,70,3,0.9829268292682927,0.6856435643564357,-0.29728326491185697,false
proeye:61165133,"",6,87,82,2,0.9560975609756097,0.9118387909319899,-0.04425877004361978,false
unresolved:2016:default:M:64:脇本,"",1,70,70,0,0.7146464646464646,0.7146464646464646,,false
proeye:81185116,"",12,54,58,1,0.3804878048780488,0.3056234718826406,-0.07486433299540818,false
proeye:71475113,"",7,51,36,3,0.3024390243902439,0.02512562814070352,-0.2773133962495404,false
proeye:41645139,"",12,63,48,4,0.5935960591133005,0.14987080103359174,-0.44372525807970875,false
proeye:61065137,"",12,44,40,1,0.16585365853658537,0.061124694376528114,-0.10472896416005725,false
proeye:71775110,"",3,50,48,1,0.2731707317073171,0.19902912621359223,-0.07414160549372487,false
proeye:81085114,"",3,47,41,1,0.22682926829268293,0.09466019417475728,-0.13216907411792567,false
proeye:91495130,"",11,71,76,1,0.7669902912621359,0.7674418604651163,0.00045156920298039527,false
proeye:31135135,"",11,70,77,3,0.7536585365853659,0.7586206896551724,0.004962153069806519,false
proeye:01005113,"",9,40,34,1,0.07524271844660194,0.024630541871921183,-0.050612176574680756,false
proeye:23125118,"",3,42,28,1,0.14878048780487804,0.012135922330097087,-0.13664456547478096,false
unresolved:2016:default:OBU:43:原,"",1,47,47,0,0.1691919191919192,0.1691919191919192,,false
proeye:13915132,"",2,63,63,0,0.5509708737864077,0.5328467153284672,-0.018124158457940576,false
proeye:71575139,"",3,53,53,0,0.33251231527093594,0.2798053527980535,-0.052706962472882424,true
proeye:11515132,"",11,77,72,1,0.8470873786407767,0.6847545219638242,-0.1623328566769524,false
unresolved:2016:default:OBU:47:堤,"",1,61,61,0,0.5075757575757576,0.5075757575757576,,false
unresolved:2016:default:OBU:48:鈴木昴,"",1,60,60,0,0.4722222222222222,0.4722222222222222,,false
proeye:71975117,"",5,54,38,4,0.3804878048780488,0.0594059405940594,-0.3210818642839894,false
proeye:31335118,"",4,70,88,1,0.7536585365853659,0.9805352798053528,0.22687674321998696,false
proeye:91995135,"",5,68,75,1,0.7073170731707317,0.7995049504950495,0.09218787732431788,false
proeye:91795135,"",7,89,75,3,0.975609756097561,0.7788944723618091,-0.19671528373575187,false
unresolved:2016:default:OBU:53:宗,"",1,86,86,0,0.952020202020202,0.952020202020202,,false
proeye:61365112,"",11,52,47,1,0.33170731707317075,0.13054187192118227,-0.20116544515198848,false
proeye:43745132,"",1,85,85,0,0.9514563106796117,0.9514563106796117,,false
proeye:63165132,"",7,62,57,2,0.5194174757281553,0.32524271844660196,-0.19417475728155337,false
proeye:91095110,"",3,74,71,1,0.8512195121951219,0.7669902912621359,-0.08422922093298602,false
proeye:41645133,"",6,67,64,1,0.6951219512195121,0.5113350125944585,-0.1837869386250537,false
proeye:91195119,"",9,86,63,5,0.9512195121951219,0.49029126213592233,-0.4609282500591996,false
proeye:81785133,"",11,78,78,0,0.8853658536585366,0.7857142857142857,-0.0996515679442509,true
proeye:31535130,"",9,83,82,1,0.9296116504854369,0.8620689655172413,-0.0675426849681956,false
proeye:41545135,"",4,72,73,2,0.8097560975609757,0.7907542579075426,-0.01900183965343305,false
proeye:91995137,"",8,72,67,1,0.8097560975609757,0.5925925925925926,-0.2171635049683831,false
proeye:01605139,"",4,70,70,0,0.7413793103448276,0.6856435643564357,-0.05573574598839193,true
proeye:61965132,"",11,69,66,1,0.7014563106796117,0.5348837209302325,-0.16657258974937916,false
proeye:51255118,"",13,65,56,2,0.6463414634146342,0.24806201550387597,-0.3982794479107582,false
proeye:41245133,"",11,51,51,0,0.3024390243902439,0.18472906403940886,-0.11770996035083503,true
proeye:31235137,"",4,40,39,1,0.1,0.058394160583941604,-0.0416058394160584,false
proeye:81185112,"",7,44,44,0,0.16585365853658537,0.09045226130653267,-0.07540139723005271,true
unresolved:2016:default:S:38:山川,"",1,48,48,0,0.18434343434343434,0.18434343434343434,,false
proeye:71975119,"",3,63,63,0,0.6195121951219512,0.5509708737864077,-0.06854132133554347,true
proeye:91295139,"",6,75,75,0,0.8349753694581281,0.7788944723618091,-0.05608089709631903,true
proeye:31735112,"",12,70,58,3,0.7536585365853659,0.3056234718826406,-0.44803506470272525,false
proeye:91895133,"",13,71,60,4,0.7951219512195122,0.34366925064599485,-0.4514527005735174,false
proeye:91595114,"",6,67,67,0,0.6951219512195121,0.6070528967254408,-0.08806905449407132,true
proeye:11615117,"",3,53,43,1,0.35853658536585364,0.11650485436893204,-0.2420317309969216,false
proeye:11615137,"",10,57,61,2,0.4951219512195122,0.42053789731051344,-0.07458405390899875,false
proeye:91095139,"",10,60,60,0,0.5369458128078818,0.35714285714285715,-0.17980295566502463,true
proeye:91595139,"",8,62,62,0,0.5194174757281553,0.44987775061124696,-0.06953972511690837,true
proeye:21625132,"",11,54,75,2,0.308252427184466,0.7493540051679587,0.4411015779834927,false
proeye:73375132,"",8,75,79,1,0.8179611650485437,0.8215158924205379,0.0035547273719942485,false
proeye:31235113,"",6,29,29,0,0.012195121951219513,0.0025188916876574307,-0.009676230263562083,false
proeye:61165114,"",4,56,56,0,0.44634146341463415,0.35036496350364965,-0.0959764999109845,true
proeye:81485116,"",6,88,88,0,0.9682926829268292,0.9748110831234257,0.006518400196596441,false
proeye:01105131,"",10,64,60,2,0.6341463414634146,0.39119804400978,-0.24294829745363467,false
proeye:21925110,"",5,67,67,0,0.6951219512195121,0.6014851485148515,-0.09363680270466068,true
proeye:31035112,"",5,48,48,0,0.23658536585365852,0.17326732673267325,-0.06331803912098527,true
proeye:13315133,"",8,56,36,2,0.44634146341463415,0.027160493827160494,-0.41918096958747364,false
proeye:71375114,"",7,80,80,0,0.9073170731707317,0.8844221105527639,-0.022894962617967862,false
proeye:61165112,"",4,78,78,0,0.8853658536585366,0.8686131386861314,-0.01675271497240516,false
proeye:31435131,"",3,59,59,0,0.5317073170731708,0.44902912621359226,-0.0826781908595785,true
proeye:61165110,"",5,46,46,0,0.20243902439024392,0.14603960396039603,-0.056399420429847885,true
proeye:21925117,"",9,70,67,2,0.7536585365853659,0.5970873786407767,-0.1565711579445892,false
proeye:01005117,"",8,51,71,2,0.3024390243902439,0.6987654320987654,0.3963264077085215,false
proeye:61465135,"",5,90,90,0,0.9829268292682927,0.995049504950495,0.012122675682202377,false
unresolved:2016:default:S:64:川上,"",1,65,65,0,0.5782828282828283,0.5782828282828283,,false
unresolved:2016:default:S:65:原泉,"",1,43,43,0,0.11363636363636363,0.11363636363636363,,false
proeye:33135132,"",9,78,82,1,0.8616504854368932,0.8620689655172413,0.0004184800803481714,false
proeye:21325139,"",12,61,57,1,0.5517241379310345,0.2713178294573643,-0.28040630847367015,false
proeye:21723882,"",3,46,45,2,0.20243902439024392,0.14805825242718446,-0.05438077196305946,false
proeye:11915132,"",11,53,56,1,0.2961165048543689,0.24806201550387597,-0.048054489350492946,false
proeye:41945114,"",3,53,52,1,0.35853658536585364,0.279126213592233,-0.07941037177362065,false
unresolved:2016:default:T:37:小豆畑,"",1,55,55,0,0.3181818181818182,0.3181818181818182,,false
proeye:41545119,"",6,58,55,1,0.5121951219512195,0.27455919395465994,-0.23763592799655958,false
proeye:91395110,"",7,46,46,0,0.20243902439024392,0.11809045226130653,-0.08434857212893739,true
proeye:21925119,"",8,72,58,3,0.8097560975609757,0.34814814814814815,-0.4616079494128275,false
proeye:01305118,"",7,75,65,1,0.8585365853658536,0.5452261306532663,-0.31331045471258734,false
proeye:41845139,"",2,39,39,0,0.06896551724137931,0.055825242718446605,-0.013140274522932704,false
proeye:31435117,"",5,77,59,3,0.8731707317073171,0.400990099009901,-0.47218063269741606,false
proeye:11215137,"",10,61,57,1,0.5707317073170731,0.3154034229828851,-0.255328284334188,false
proeye:11615139,"",10,64,55,3,0.6083743842364532,0.2512315270935961,-0.3571428571428571,false
proeye:01305130,"",11,82,84,2,0.9053398058252428,0.9043927648578811,-0.0009470409673616453,false
proeye:91495135,"",5,56,57,2,0.44634146341463415,0.35396039603960394,-0.09238106737503021,false
proeye:81685133,"",6,63,64,2,0.6195121951219512,0.5113350125944585,-0.10817718252749275,false
proeye:31335112,"",5,56,56,0,0.44634146341463415,0.32425742574257427,-0.12208403767205989,true
unresolved:2016:default:T:50:坂,"",1,67,67,0,0.6414141414141414,0.6414141414141414,,false
proeye:73775132,"",1,47,47,0,0.1820388349514563,0.1820388349514563,,false
proeye:01105112,"",4,51,51,2,0.3024390243902439,0.24087591240875914,-0.06156311198148476,false
proeye:91195133,"",8,84,78,5,0.9390243902439024,0.8222222222222222,-0.1168021680216802,false
proeye:61465112,"",11,79,58,3,0.9024390243902439,0.29802955665024633,-0.6044094677399976,false
proeye:51255133,"",9,48,60,2,0.23658536585365852,0.3883495145631068,0.15176414870944827,false
proeye:93795130,"",1,60,60,0,0.4684466019417476,0.4684466019417476,,false
proeye:61963888,"",9,61,36,4,0.5707317073170731,0.03155339805825243,-0.5391783092588207,false
proeye:01005132,"",6,74,74,0,0.8131067961165048,0.7669902912621359,-0.04611650485436891,false
proeye:21325130,"",9,84,85,1,0.9393203883495146,0.9236453201970444,-0.015675068152470217,false
proeye:11715113,"",4,58,53,2,0.5121951219512195,0.2798053527980535,-0.232389769153166,false
proeye:51255131,"",8,77,75,2,0.8731707317073171,0.7753086419753087,-0.09786208973200838,false
proeye:81185135,"",7,71,62,2,0.7951219512195122,0.4623115577889447,-0.3328103934305675,false
proeye:21725118,"",4,83,83,0,0.9317073170731708,0.9318734793187348,0.0001661622455639833,false
proeye:81385137,"",5,72,78,3,0.8097560975609757,0.8539603960396039,0.04420429847862828,false
proeye:31635139,"",3,68,81,1,0.6896551724137931,0.9075425790754258,0.21788740666163264,false
proeye:91395132,"",11,72,72,0,0.779126213592233,0.6847545219638242,-0.09437169162840875,true
unresolved:2016:1_01:BA:57:渡辺雄,"",1,57,57,0,0.39195979899497485,0.39195979899497485,,false
unresolved:2016:1_01:BA:65:青柳,"",1,65,65,0,0.5753768844221105,0.5753768844221105,,false
unresolved:2016:1_01:C:33:倉,"",1,46,46,0,0.15829145728643215,0.15829145728643215,,false
unresolved:2016:1_01:C:35:多田,"",1,44,44,0,0.12814070351758794,0.12814070351758794,,false
unresolved:2016:1_01:C:37:中村亘,"",1,40,40,0,0.0678391959798995,0.0678391959798995,,false
unresolved:2016:1_01:C:47:梵,"",1,59,59,0,0.45226130653266333,0.45226130653266333,,false
unresolved:2016:1_01:C:54:青木,"",1,44,44,0,0.12814070351758794,0.12814070351758794,,false
unresolved:2016:1_01:C:60:丸,"",1,70,70,0,0.7160804020100503,0.7160804020100503,,false
unresolved:2016:1_01:C:67:プライディ,"",1,70,70,0,0.7160804020100503,0.7160804020100503,,false
unresolved:2016:1_01:D:35:桂,"",1,47,47,0,0.17336683417085427,0.17336683417085427,,false
unresolved:2016:1_01:D:45:谷,"",1,67,67,0,0.6407035175879398,0.6407035175879398,,false
unresolved:2016:1_01:E:34:嶋,"",1,60,60,0,0.4723618090452261,0.4723618090452261,,false
unresolved:2016:1_01:E:43:栗原,"",1,49,49,0,0.20351758793969849,0.20351758793969849,,false
proeye:03905132,"",1,39,39,0,0.055825242718446605,0.055825242718446605,,false
unresolved:2016:1_01:F:42:荒張,"",1,40,40,0,0.0678391959798995,0.0678391959798995,,false
unresolved:2016:1_01:F:48:森本,"",1,68,68,0,0.6708542713567839,0.6708542713567839,,false
unresolved:2016:1_01:F:57:岡,"",1,90,90,0,0.9849246231155779,0.9849246231155779,,false
unresolved:2016:1_01:F:59:宇佐美,"",1,59,59,0,0.45226130653266333,0.45226130653266333,,false
unresolved:2016:1_01:F:60:陽,"",1,82,82,0,0.9045226130653267,0.9045226130653267,,false
unresolved:2016:1_01:G:38:松崎,"",1,54,54,0,0.2864321608040201,0.2864321608040201,,false
unresolved:2016:1_01:G:45:辻,"",1,61,61,0,0.507537688442211,0.507537688442211,,false
unresolved:2016:1_01:G:59:北,"",1,66,66,0,0.6030150753768844,0.6030150753768844,,false
unresolved:2016:1_01:H:46:古沢,"",1,61,61,0,0.507537688442211,0.507537688442211,,false
unresolved:2016:1_01:L:39:星,"",1,54,54,0,0.2864321608040201,0.2864321608040201,,false
unresolved:2016:1_01:L:41:藤沢,"",1,39,39,0,0.04522613065326633,0.04522613065326633,,false
unresolved:2016:1_01:L:42:森,"",1,58,58,0,0.41959798994974873,0.41959798994974873,,false
unresolved:2016:1_01:L:53:呉,"",1,70,70,0,0.7160804020100503,0.7160804020100503,,false
proeye:01705117,"",4,67,58,1,0.6951219512195121,0.40875912408759124,-0.2863628271319209,false
proeye:41745114,"",10,68,75,1,0.7073170731707317,0.7506112469437652,0.04329417377303357,false
unresolved:2016:1_01:L:69:大瀧,"",1,65,65,0,0.5753768844221105,0.5753768844221105,,false
unresolved:2016:1_01:M:38:寺嶋,"",1,54,54,0,0.2864321608040201,0.2864321608040201,,false
unresolved:2016:1_01:M:62:サブロー,"",1,45,45,0,0.1457286432160804,0.1457286432160804,,false
unresolved:2016:1_01:M:64:脇本,"",1,70,70,0,0.7160804020100503,0.7160804020100503,,false
unresolved:2016:1_01:OBU:43:鈴木昴,"",1,60,60,0,0.4723618090452261,0.4723618090452261,,false
unresolved:2016:1_01:OBU:46:原,"",1,47,47,0,0.17336683417085427,0.17336683417085427,,false
unresolved:2016:1_01:OBU:49:堤,"",1,66,66,0,0.6030150753768844,0.6030150753768844,,false
unresolved:2016:1_01:OBU:54:宗,"",1,81,81,0,0.8894472361809045,0.8894472361809045,,false
unresolved:2016:1_01:S:38:山川,"",1,48,48,0,0.1884422110552764,0.1884422110552764,,false
unresolved:2016:1_01:S:64:川上,"",1,65,65,0,0.5753768844221105,0.5753768844221105,,false
unresolved:2016:1_01:S:65:原,"",1,43,43,0,0.11557788944723618,0.11557788944723618,,false
unresolved:2016:1_01:T:38:小豆畑,"",1,55,55,0,0.3165829145728643,0.3165829145728643,,false
unresolved:2016:1_01:T:53:坂,"",1,67,67,0,0.6407035175879398,0.6407035175879398,,false
proeye:13015132,"",2,62,62,0,0.5194174757281553,0.5012165450121655,-0.018200930715989827,false
unresolved:2016:1_03:BA:62:渡辺雄,"",1,57,57,0,0.3870967741935484,0.3870967741935484,,false
unresolved:2016:1_03:BA:68:青柳,"",1,65,65,0,0.5781637717121588,0.5781637717121588,,false
unresolved:2016:1_03:C:34:倉,"",1,46,46,0,0.15632754342431762,0.15632754342431762,,false
unresolved:2016:1_03:C:35:多田,"",1,44,44,0,0.12406947890818859,0.12406947890818859,,false
unresolved:2016:1_03:C:37:中村亘,"",1,40,40,0,0.06947890818858561,0.06947890818858561,,false
unresolved:2016:1_03:C:48:梵,"",1,59,59,0,0.4491315136476427,0.4491315136476427,,false
unresolved:2016:1_03:C:54:青木,"",1,44,44,0,0.12406947890818859,0.12406947890818859,,false
unresolved:2016:1_03:C:60:丸,"",1,70,70,0,0.71712158808933,0.71712158808933,,false
unresolved:2016:1_03:C:67:プライディ,"",1,70,70,0,0.71712158808933,0.71712158808933,,false
unresolved:2016:1_03:D:35:桂,"",1,47,47,0,0.17121588089330025,0.17121588089330025,,false
unresolved:2016:1_03:D:46:谷,"",1,67,67,0,0.6401985111662531,0.6401985111662531,,false
unresolved:2016:1_03:E:36:嶋,"",1,60,60,0,0.4665012406947891,0.4665012406947891,,false
unresolved:2016:1_03:E:50:栗原,"",1,49,49,0,0.20595533498759305,0.20595533498759305,,false
unresolved:2016:1_03:F:40:荒張,"",1,40,40,0,0.06947890818858561,0.06947890818858561,,false
unresolved:2016:1_03:F:49:森本,"",1,68,68,0,0.6699751861042184,0.6699751861042184,,false
unresolved:2016:1_03:F:57:宇佐美,"",1,59,59,0,0.4491315136476427,0.4491315136476427,,false
unresolved:2016:1_03:F:58:陽,"",1,82,82,0,0.9057071960297767,0.9057071960297767,,false
unresolved:2016:1_03:F:62:岡,"",1,90,90,0,0.9851116625310173,0.9851116625310173,,false
unresolved:2016:1_03:G:41:松崎,"",1,54,54,0,0.29280397022332505,0.29280397022332505,,false
unresolved:2016:1_03:G:50:辻,"",1,61,61,0,0.5012406947890818,0.5012406947890818,,false
unresolved:2016:1_03:G:60:北,"",1,66,66,0,0.6054590570719603,0.6054590570719603,,false
unresolved:2016:1_03:G:61:アブレイユ,"",1,58,58,0,0.4143920595533499,0.4143920595533499,,false
proeye:33035132,"",1,70,70,0,0.720873786407767,0.720873786407767,,false
unresolved:2016:1_03:H:48:古沢,"",1,61,61,0,0.5012406947890818,0.5012406947890818,,false
unresolved:2016:1_03:L:41:森,"",1,58,58,0,0.4143920595533499,0.4143920595533499,,false
unresolved:2016:1_03:L:42:星,"",1,54,54,0,0.29280397022332505,0.29280397022332505,,false
unresolved:2016:1_03:L:44:藤沢,"",1,39,39,0,0.05459057071960298,0.05459057071960298,,false
unresolved:2016:1_03:L:53:呉,"",1,70,70,0,0.71712158808933,0.71712158808933,,false
unresolved:2016:1_03:L:70:大瀧,"",1,65,65,0,0.5781637717121588,0.5781637717121588,,false
unresolved:2016:1_03:M:39:寺嶋,"",1,54,54,0,0.29280397022332505,0.29280397022332505,,false
unresolved:2016:1_03:M:63:サブロー,"",1,45,45,0,0.14392059553349876,0.14392059553349876,,false
unresolved:2016:1_03:M:64:脇本,"",1,70,70,0,0.71712158808933,0.71712158808933,,false
proeye:21625137,"",2,41,23,1,0.13902439024390245,0.007281553398058253,-0.1317428368458442,false
unresolved:2016:1_03:OBU:48:原,"",1,47,47,0,0.17121588089330025,0.17121588089330025,,false
unresolved:2016:1_03:OBU:49:鈴木昴,"",1,60,60,0,0.4665012406947891,0.4665012406947891,,false
unresolved:2016:1_03:OBU:51:堤,"",1,66,66,0,0.6054590570719603,0.6054590570719603,,false
unresolved:2016:1_03:OBU:56:宗,"",1,81,81,0,0.8933002481389578,0.8933002481389578,,false
unresolved:2016:1_03:S:39:山川,"",1,48,48,0,0.18858560794044665,0.18858560794044665,,false
unresolved:2016:1_03:S:65:川上,"",1,65,65,0,0.5781637717121588,0.5781637717121588,,false
unresolved:2016:1_03:S:66:原,"",1,43,43,0,0.10918114143920596,0.10918114143920596,,false
proeye:53055132,"",1,61,61,0,0.5048543689320388,0.5048543689320388,,false
proeye:61065131,"",10,44,44,0,0.12864077669902912,0.10268948655256724,-0.025951290146461886,false
unresolved:2016:1_03:T:41:小豆畑,"",1,55,55,0,0.3200992555831266,0.3200992555831266,,false
unresolved:2016:1_03:T:55:坂,"",1,67,67,0,0.6401985111662531,0.6401985111662531,,false
unresolved:2016:1_05:BA:63:渡辺雄,"",1,57,57,0,0.3932038834951456,0.3932038834951456,,false
unresolved:2016:1_05:BA:69:青柳,"",1,65,65,0,0.587378640776699,0.587378640776699,,false
unresolved:2016:1_05:C:35:倉,"",1,46,46,0,0.16262135922330098,0.16262135922330098,,false
unresolved:2016:1_05:C:36:多田,"",1,44,44,0,0.12864077669902912,0.12864077669902912,,false
unresolved:2016:1_05:C:38:中村亘,"",1,40,40,0,0.07524271844660194,0.07524271844660194,,false
unresolved:2016:1_05:C:49:梵,"",1,59,59,0,0.45145631067961167,0.45145631067961167,,false
unresolved:2016:1_05:C:55:青木,"",1,44,44,0,0.12864077669902912,0.12864077669902912,,false
unresolved:2016:1_05:C:61:丸,"",1,70,70,0,0.7184466019417476,0.7184466019417476,,false
unresolved:2016:1_05:C:68:プライディ,"",1,70,70,0,0.7184466019417476,0.7184466019417476,,false
unresolved:2016:1_05:D:36:桂,"",1,47,47,0,0.1820388349514563,0.1820388349514563,,false
unresolved:2016:1_05:D:47:谷,"",1,67,67,0,0.6407766990291263,0.6407766990291263,,false
proeye:81785130,"",4,62,62,0,0.5194174757281553,0.45591939546599497,-0.06349808026216036,true
unresolved:2016:1_05:E:35:嶋,"",1,58,58,0,0.41504854368932037,0.41504854368932037,,false
unresolved:2016:1_05:E:51:栗原,"",1,49,49,0,0.21601941747572814,0.21601941747572814,,false
unresolved:2016:1_05:E:58:柿沢,"",1,68,68,0,0.6674757281553398,0.6674757281553398,,false
proeye:63065132,"",1,50,50,0,0.22815533980582525,0.22815533980582525,,false
proeye:83085132,"",3,52,52,0,0.279126213592233,0.24752475247524752,-0.031601461116985474,false
unresolved:2016:1_05:F:40:荒張,"",1,40,40,0,0.07524271844660194,0.07524271844660194,,false
unresolved:2016:1_05:F:49:森本,"",1,68,68,0,0.6674757281553398,0.6674757281553398,,false
unresolved:2016:1_05:F:57:宇佐美,"",1,59,59,0,0.45145631067961167,0.45145631067961167,,false
unresolved:2016:1_05:F:58:岡,"",1,90,90,0,0.9878640776699029,0.9878640776699029,,false
unresolved:2016:1_05:F:59:陽,"",1,82,82,0,0.9053398058252428,0.9053398058252428,,false
unresolved:2016:1_05:G:42:松崎,"",1,54,54,0,0.3058252427184466,0.3058252427184466,,false
unresolved:2016:1_05:G:52:辻,"",1,61,61,0,0.5024271844660194,0.5024271844660194,,false
unresolved:2016:1_05:G:61:北,"",1,66,66,0,0.6092233009708737,0.6092233009708737,,false
unresolved:2016:1_05:G:62:アブレイユ,"",1,58,58,0,0.41504854368932037,0.41504854368932037,,false
unresolved:2016:1_05:H:42:張本,"",1,39,39,0,0.055825242718446605,0.055825242718446605,,false
unresolved:2016:1_05:H:50:古沢,"",1,61,61,0,0.5024271844660194,0.5024271844660194,,false
unresolved:2016:1_05:L:42:森,"",1,58,58,0,0.41504854368932037,0.41504854368932037,,false
unresolved:2016:1_05:L:43:星,"",1,54,54,0,0.3058252427184466,0.3058252427184466,,false
unresolved:2016:1_05:L:45:藤沢,"",1,39,39,0,0.055825242718446605,0.055825242718446605,,false
unresolved:2016:1_05:L:54:呉,"",1,70,70,0,0.7184466019417476,0.7184466019417476,,false
proeye:31535132,"",11,65,65,0,0.5898058252427184,0.5090439276485789,-0.08076189759413954,true
proeye:21525132,"",10,29,39,1,0.01699029126213592,0.05134474327628362,0.0343544520141477,false
unresolved:2016:1_05:M:40:寺嶋,"",1,54,54,0,0.3058252427184466,0.3058252427184466,,false
proeye:81385132,"",4,77,77,0,0.8470873786407767,0.8211586901763224,-0.025928688464454286,false
unresolved:2016:1_05:M:64:サブロー,"",1,45,45,0,0.14805825242718446,0.14805825242718446,,false
unresolved:2016:1_05:M:66:脇本,"",1,70,70,0,0.7184466019417476,0.7184466019417476,,false
unresolved:2016:1_05:OBU:46:鈴木昴,"",1,60,60,0,0.4684466019417476,0.4684466019417476,,false
unresolved:2016:1_05:OBU:50:原,"",1,47,47,0,0.1820388349514563,0.1820388349514563,,false
proeye:71975139,"",4,45,42,1,0.15517241379310345,0.08415841584158416,-0.07101399795151929,false
unresolved:2016:1_05:OBU:53:堤,"",1,66,66,0,0.6092233009708737,0.6092233009708737,,false
unresolved:2016:1_05:OBU:58:宗,"",1,81,81,0,0.8956310679611651,0.8956310679611651,,false
unresolved:2016:1_05:S:40:山川,"",1,48,48,0,0.19902912621359223,0.19902912621359223,,false
unresolved:2016:1_05:S:69:川上,"",1,65,65,0,0.587378640776699,0.587378640776699,,false
unresolved:2016:1_05:S:70:原,"",1,43,43,0,0.11650485436893204,0.11650485436893204,,false
unresolved:2016:1_05:T:41:小豆畑,"",1,55,55,0,0.3325242718446602,0.3325242718446602,,false
unresolved:2016:1_05:T:57:坂,"",1,67,67,0,0.6407766990291263,0.6407766990291263,,false
unresolved:2016:1_06:BA:63:渡辺雄,"",1,57,57,0,0.3907766990291262,0.3907766990291262,,false
unresolved:2016:1_06:BA:69:青柳,"",1,65,65,0,0.5898058252427184,0.5898058252427184,,false
unresolved:2016:1_06:C:35:倉,"",1,46,46,0,0.16262135922330098,0.16262135922330098,,false
unresolved:2016:1_06:C:36:多田,"",1,44,44,0,0.12864077669902912,0.12864077669902912,,false
unresolved:2016:1_06:C:38:中村亘,"",1,40,40,0,0.07524271844660194,0.07524271844660194,,false
unresolved:2016:1_06:C:50:梵,"",1,59,59,0,0.44902912621359226,0.44902912621359226,,false
unresolved:2016:1_06:C:55:青木,"",1,44,44,0,0.12864077669902912,0.12864077669902912,,false
unresolved:2016:1_06:C:61:丸,"",1,70,70,0,0.720873786407767,0.720873786407767,,false
unresolved:2016:1_06:C:68:プライディ,"",1,70,70,0,0.720873786407767,0.720873786407767,,false
unresolved:2016:1_06:D:36:桂,"",1,47,47,0,0.1820388349514563,0.1820388349514563,,false
unresolved:2016:1_06:D:47:谷,"",1,67,67,0,0.6456310679611651,0.6456310679611651,,false
unresolved:2016:1_06:E:35:嶋,"",1,58,58,0,0.41504854368932037,0.41504854368932037,,false
unresolved:2016:1_06:E:52:栗原,"",1,49,49,0,0.220873786407767,0.220873786407767,,false
unresolved:2016:1_06:E:57:柿沢,"",1,68,68,0,0.6723300970873787,0.6723300970873787,,false
unresolved:2016:1_06:F:40:荒張,"",1,40,40,0,0.07524271844660194,0.07524271844660194,,false
unresolved:2016:1_06:F:49:森本,"",1,68,68,0,0.6723300970873787,0.6723300970873787,,false
unresolved:2016:1_06:F:57:宇佐美,"",1,59,59,0,0.44902912621359226,0.44902912621359226,,false
unresolved:2016:1_06:F:58:陽,"",1,82,82,0,0.9053398058252428,0.9053398058252428,,false
unresolved:2016:1_06:F:59:岡,"",1,90,90,0,0.9878640776699029,0.9878640776699029,,false
unresolved:2016:1_06:G:42:松崎,"",1,54,54,0,0.308252427184466,0.308252427184466,,false
unresolved:2016:1_06:G:51:辻,"",1,61,61,0,0.5048543689320388,0.5048543689320388,,false
unresolved:2016:1_06:G:61:北,"",1,66,66,0,0.6116504854368932,0.6116504854368932,,false
unresolved:2016:1_06:G:62:アブレイユ,"",1,58,58,0,0.41504854368932037,0.41504854368932037,,false
unresolved:2016:1_06:H:42:張本,"",1,39,39,0,0.055825242718446605,0.055825242718446605,,false
unresolved:2016:1_06:H:50:古沢,"",1,61,61,0,0.5048543689320388,0.5048543689320388,,false
unresolved:2016:1_06:L:41:森,"",1,58,58,0,0.41504854368932037,0.41504854368932037,,false
unresolved:2016:1_06:L:43:藤沢,"",1,39,39,0,0.055825242718446605,0.055825242718446605,,false
unresolved:2016:1_06:L:44:星,"",1,54,54,0,0.308252427184466,0.308252427184466,,false
unresolved:2016:1_06:L:53:呉,"",1,70,70,0,0.720873786407767,0.720873786407767,,false
unresolved:2016:1_06:M:40:寺嶋,"",1,54,54,0,0.308252427184466,0.308252427184466,,false
unresolved:2016:1_06:M:64:サブロー,"",1,45,45,0,0.14805825242718446,0.14805825242718446,,false
unresolved:2016:1_06:M:66:脇本,"",1,70,70,0,0.720873786407767,0.720873786407767,,false
unresolved:2016:1_06:OBU:48:鈴木昴,"",1,60,60,0,0.4684466019417476,0.4684466019417476,,false
unresolved:2016:1_06:OBU:50:堤,"",1,66,66,0,0.6116504854368932,0.6116504854368932,,false
unresolved:2016:1_06:OBU:53:原,"",1,47,47,0,0.1820388349514563,0.1820388349514563,,false
unresolved:2016:1_06:OBU:58:宗,"",1,81,81,0,0.8956310679611651,0.8956310679611651,,false
unresolved:2016:1_06:S:40:山川,"",1,48,48,0,0.19902912621359223,0.19902912621359223,,false
unresolved:2016:1_06:S:69:川上,"",1,65,65,0,0.5898058252427184,0.5898058252427184,,false
unresolved:2016:1_06:S:70:原,"",1,43,43,0,0.11650485436893204,0.11650485436893204,,false
unresolved:2016:1_06:T:40:小豆畑,"",1,54,54,0,0.308252427184466,0.308252427184466,,false
unresolved:2016:1_06:T:56:坂,"",1,67,67,0,0.6456310679611651,0.6456310679611651,,false
proeye:21825157,"",5,75,63,1,0.8175182481751825,0.4289405684754522,-0.3885776796997303,false
unresolved:2016:1_07:BA:48:狩野,"",1,74,74,0,0.7913486005089059,0.7913486005089059,,false
proeye:53755134,"",1,51,51,0,0.24087591240875914,0.24087591240875914,,false
proeye:91995134,"",10,53,48,1,0.2798053527980535,0.14987080103359174,-0.12993455176446178,false
unresolved:2016:1_07:BA:66:青柳,"",1,65,65,0,0.5623409669211196,0.5623409669211196,,false
proeye:31835134,"",10,60,60,0,0.45012165450121655,0.34366925064599485,-0.1064524038552217,true
unresolved:2016:1_07:C:37:多田,"",1,44,44,0,0.11704834605597965,0.11704834605597965,,false
unresolved:2016:1_07:C:39:中村亘,"",1,40,40,0,0.06870229007633588,0.06870229007633588,,false
proeye:11915134,"",10,71,68,1,0.7469586374695864,0.6020671834625323,-0.14489145400705405,false
unresolved:2016:1_07:C:51:梵,"",1,59,59,0,0.44529262086513993,0.44529262086513993,,false
unresolved:2016:1_07:C:56:青木,"",1,44,44,0,0.11704834605597965,0.11704834605597965,,false
proeye:03905134,"",1,57,57,0,0.3844282238442822,0.3844282238442822,,false
unresolved:2016:1_07:C:61:丸,"",1,70,70,0,0.6997455470737913,0.6997455470737913,,false
unresolved:2016:1_07:D:34:桂,"",1,47,47,0,0.16793893129770993,0.16793893129770993,,false
unresolved:2016:1_07:D:45:谷,"",1,67,67,0,0.6234096692111959,0.6234096692111959,,false
proeye:81585134,"",10,85,78,3,0.9537712895377128,0.8036175710594315,-0.1501537184782813,false
proeye:43545134,"",3,48,48,0,0.18491484184914841,0.15113350125944586,-0.03378134058970256,false
proeye:41145134,"",10,72,72,0,0.754257907542579,0.6847545219638242,-0.0695033855787548,true
unresolved:2016:1_07:E:34:嶋,"",1,58,58,0,0.4122137404580153,0.4122137404580153,,false
proeye:61165134,"",10,56,39,1,0.35036496350364965,0.046511627906976744,-0.30385333559667294,false
proeye:11215134,"",10,78,78,0,0.8686131386861314,0.8036175710594315,-0.06499556762669989,true
unresolved:2016:1_07:F:40:郡,"",1,66,66,0,0.5877862595419847,0.5877862595419847,,false
proeye:41445137,"",1,68,68,0,0.6520681265206812,0.6520681265206812,,false
proeye:21125134,"",9,68,79,1,0.6520681265206812,0.8141809290953546,0.1621128025746733,false
proeye:11315134,"",5,50,50,0,0.2141119221411192,0.17037037037037037,-0.04374155177074884,false
unresolved:2016:1_07:F:60:宇佐美,"",1,59,59,0,0.44529262086513993,0.44529262086513993,,false
unresolved:2016:1_07:F:61:岡,"",1,90,90,0,0.9872773536895675,0.9872773536895675,,false
proeye:03105134,"",3,55,55,0,0.3260340632603406,0.27455919395465994,-0.05147486930568068,true
unresolved:2016:1_07:G:39:松崎,"",1,54,54,0,0.2951653944020356,0.2951653944020356,,false
proeye:21825137,"",3,29,35,1,0.012195121951219513,0.03712871287128713,0.024933590920067614,false
proeye:73375134,"",10,80,80,0,0.8978102189781022,0.834625322997416,-0.06318489598068622,true
unresolved:2016:1_07:G:49:辻,"",1,61,61,0,0.4910941475826972,0.4910941475826972,,false
unresolved:2016:1_07:G:54:柿沢,"",1,68,68,0,0.648854961832061,0.648854961832061,,false
unresolved:2016:1_07:G:62:北,"",1,66,66,0,0.5877862595419847,0.5877862595419847,,false
unresolved:2016:1_07:G:63:陽,"",1,80,80,0,0.8829516539440203,0.8829516539440203,,false
proeye:31735134,"",9,58,58,0,0.40875912408759124,0.29457364341085274,-0.1141854806767385,true
unresolved:2016:1_07:H:39:張本,"",1,39,39,0,0.05597964376590331,0.05597964376590331,,false
proeye:33135134,"",10,73,92,2,0.7907542579075426,0.9741602067183462,0.18340594881080363,false
unresolved:2016:1_07:H:46:古沢,"",1,61,61,0,0.4910941475826972,0.4910941475826972,,false
proeye:83585134,"",1,41,41,0,0.09245742092457421,0.09245742092457421,,false
unresolved:2016:1_07:L:39:森,"",1,58,58,0,0.4122137404580153,0.4122137404580153,,false
unresolved:2016:1_07:L:42:藤沢,"",1,39,39,0,0.05597964376590331,0.05597964376590331,,false
unresolved:2016:1_07:L:47:呉,"",1,70,70,0,0.6997455470737913,0.6997455470737913,,false
proeye:71775134,"",10,86,80,1,0.9659367396593674,0.834625322997416,-0.13131141666195145,false
unresolved:2016:1_07:L:58:木村,"",1,75,75,0,0.7989821882951654,0.7989821882951654,,false
proeye:31035134,"",8,79,71,2,0.8880778588807786,0.6699507389162561,-0.2181271199645225,false
proeye:73175134,"",5,65,65,0,0.5669099756690997,0.5333333333333333,-0.033576642335766405,false
unresolved:2016:1_07:M:41:寺嶋,"",1,54,54,0,0.2951653944020356,0.2951653944020356,,false
proeye:23725134,"",1,62,62,0,0.5012165450121655,0.5012165450121655,,false
proeye:73775134,"",1,39,39,0,0.058394160583941604,0.058394160583941604,,false
proeye:81685135,"",4,68,68,0,0.6520681265206812,0.6306532663316583,-0.021414860189022944,false
unresolved:2016:1_07:M:67:脇本,"",1,70,70,0,0.6997455470737913,0.6997455470737913,,false
unresolved:2016:1_07:OBU:27:根本,"",1,72,72,0,0.7506361323155216,0.7506361323155216,,false
proeye:71175134,"",4,41,41,0,0.09245742092457421,0.052763819095477386,-0.03969360182909682,false
unresolved:2016:1_07:OBU:48:鈴木昴,"",1,60,60,0,0.4580152671755725,0.4580152671755725,,false
proeye:41345134,"",4,63,63,0,0.5328467153284672,0.4839506172839506,-0.048896098044516556,false
unresolved:2016:1_07:OBU:56:宗,"",1,81,81,0,0.8982188295165394,0.8982188295165394,,false
proeye:73975134,"",5,64,61,1,0.5498783454987834,0.42065491183879095,-0.1292234336599925,false
unresolved:2016:1_07:S:38:山川,"",1,48,48,0,0.1806615776081425,0.1806615776081425,,false
proeye:01705134,"",10,46,46,0,0.15571776155717762,0.11886304909560723,-0.03685471246157039,false
proeye:23525134,"",1,27,27,0,0.009732360097323601,0.009732360097323601,,false
unresolved:2016:1_07:S:64:原,"",1,43,43,0,0.10941475826972011,0.10941475826972011,,false
proeye:41345133,"",3,69,69,0,0.7463414634146341,0.6885644768856448,-0.05777698652898933,true
proeye:91495134,"",10,48,54,1,0.18491484184914841,0.22997416020671835,0.04505931835756993,false
unresolved:2016:1_07:T:39:小豆畑,"",1,54,54,0,0.2951653944020356,0.2951653944020356,,false
proeye:21325134,"",10,58,58,0,0.40875912408759124,0.29457364341085274,-0.1141854806767385,true
proeye:81185134,"",10,66,57,3,0.5936739659367397,0.2713178294573643,-0.3223561364793754,false
proeye:73575134,"",1,54,54,0,0.2944038929440389,0.2944038929440389,,false
unresolved:2016:1_09:BA:47:狩野,"",1,74,74,0,0.7959697732997482,0.7959697732997482,,false
unresolved:2016:1_09:BA:66:青柳,"",1,65,65,0,0.5667506297229219,0.5667506297229219,,false
unresolved:2016:1_09:C:37:多田,"",1,44,44,0,0.1309823677581864,0.1309823677581864,,false
unresolved:2016:1_09:C:39:中村亘,"",1,40,40,0,0.07304785894206549,0.07304785894206549,,false
unresolved:2016:1_09:C:51:梵,"",1,59,59,0,0.43828715365239296,0.43828715365239296,,false
unresolved:2016:1_09:C:57:青木,"",1,44,44,0,0.1309823677581864,0.1309823677581864,,false
unresolved:2016:1_09:C:61:丸,"",1,70,70,0,0.7052896725440806,0.7052896725440806,,false
unresolved:2016:1_09:D:35:桂,"",1,47,47,0,0.17380352644836272,0.17380352644836272,,false
unresolved:2016:1_09:D:48:谷,"",1,67,67,0,0.6246851385390428,0.6246851385390428,,false
unresolved:2016:1_09:E:36:嶋,"",1,58,58,0,0.40554156171284633,0.40554156171284633,,false
unresolved:2016:1_09:F:40:郡,"",1,66,66,0,0.5869017632241813,0.5869017632241813,,false
unresolved:2016:1_09:F:60:宇佐美,"",1,59,59,0,0.43828715365239296,0.43828715365239296,,false
unresolved:2016:1_09:F:62:岡,"",1,90,90,0,0.9874055415617129,0.9874055415617129,,false
unresolved:2016:1_09:G:40:松崎,"",1,54,54,0,0.2947103274559194,0.2947103274559194,,false
unresolved:2016:1_09:G:50:辻,"",1,61,61,0,0.491183879093199,0.491183879093199,,false
unresolved:2016:1_09:G:55:柿沢,"",1,68,68,0,0.6523929471032746,0.6523929471032746,,false
unresolved:2016:1_09:G:63:北,"",1,66,66,0,0.5869017632241813,0.5869017632241813,,false
unresolved:2016:1_09:G:67:陽,"",1,80,80,0,0.8816120906801007,0.8816120906801007,,false
unresolved:2016:1_09:H:39:張本,"",1,39,39,0,0.060453400503778336,0.060453400503778336,,false
proeye:41345111,"",2,75,75,0,0.8175182481751825,0.8055555555555556,-0.011962692619626902,false
unresolved:2016:1_09:H:48:古沢,"",1,61,61,0,0.491183879093199,0.491183879093199,,false
proeye:51955139,"",8,73,73,0,0.7907542579075426,0.7241379310344828,-0.06661632687305985,true
unresolved:2016:1_09:L:40:森,"",1,58,58,0,0.40554156171284633,0.40554156171284633,,false
unresolved:2016:1_09:L:42:藤沢,"",1,39,39,0,0.060453400503778336,0.060453400503778336,,false
unresolved:2016:1_09:L:52:呉,"",1,70,70,0,0.7052896725440806,0.7052896725440806,,false
unresolved:2016:1_09:L:58:木村,"",1,75,75,0,0.8035264483627204,0.8035264483627204,,false
unresolved:2016:1_09:M:41:寺嶋,"",1,54,54,0,0.2947103274559194,0.2947103274559194,,false
proeye:13015134,"",1,88,88,0,0.9805352798053528,0.9805352798053528,,false
unresolved:2016:1_09:M:68:脇本,"",1,70,70,0,0.7052896725440806,0.7052896725440806,,false
unresolved:2016:1_09:OBU:29:根本,"",1,72,72,0,0.7556675062972292,0.7556675062972292,,false
unresolved:2016:1_09:OBU:48:鈴木昴,"",1,60,60,0,0.4508816120906801,0.4508816120906801,,false
unresolved:2016:1_09:OBU:49:宗,"",1,81,81,0,0.8967254408060453,0.8967254408060453,,false
unresolved:2016:1_09:S:38:山川,"",1,48,48,0,0.1889168765743073,0.1889168765743073,,false
unresolved:2016:1_09:S:65:原,"",1,43,43,0,0.12342569269521411,0.12342569269521411,,false
unresolved:2016:1_09:T:40:小豆畑,"",1,54,54,0,0.2947103274559194,0.2947103274559194,,false
unresolved:2016:1_10:BA:46:狩野,"",1,74,74,0,0.8073170731707318,0.8073170731707318,,false
unresolved:2016:1_10:BA:66:青柳,"",1,65,65,0,0.5682926829268292,0.5682926829268292,,false
unresolved:2016:1_10:C:37:多田,"",1,44,44,0,0.13414634146341464,0.13414634146341464,,false
unresolved:2016:1_10:C:39:中村亘,"",1,40,40,0,0.07073170731707316,0.07073170731707316,,false
unresolved:2016:1_10:C:51:梵,"",1,59,59,0,0.43658536585365854,0.43658536585365854,,false
proeye:43945132,"",5,55,55,0,0.3260340632603406,0.2765432098765432,-0.04949085338379744,false
proeye:23925132,"",3,53,53,0,0.2798053527980535,0.2367758186397985,-0.04302953415825503,false
unresolved:2016:1_10:C:58:青木,"",1,44,44,0,0.13414634146341464,0.13414634146341464,,false
unresolved:2016:1_10:C:63:丸,"",1,70,70,0,0.7073170731707317,0.7073170731707317,,false
unresolved:2016:1_10:D:36:桂,"",1,47,47,0,0.17317073170731706,0.17317073170731706,,false
unresolved:2016:1_10:D:43:谷,"",1,67,67,0,0.6219512195121951,0.6219512195121951,,false
unresolved:2016:1_10:E:38:嶋,"",1,58,58,0,0.4024390243902439,0.4024390243902439,,false
proeye:71875130,"",5,68,71,1,0.6520681265206812,0.691747572815534,0.03967944629485276,false
unresolved:2016:1_10:F:39:郡,"",1,66,66,0,0.5878048780487805,0.5878048780487805,,false
unresolved:2016:1_10:F:59:宇佐美,"",1,59,59,0,0.43658536585365854,0.43658536585365854,,false
unresolved:2016:1_10:F:60:岡,"",1,90,90,0,0.9902439024390244,0.9902439024390244,,false
proeye:93095134,"",1,58,58,0,0.40875912408759124,0.40875912408759124,,false
unresolved:2016:1_10:G:40:田中,"",1,41,41,0,0.09024390243902439,0.09024390243902439,,false
unresolved:2016:1_10:G:41:松崎,"",1,54,54,0,0.2926829268292683,0.2926829268292683,,false
unresolved:2016:1_10:G:50:辻,"",1,61,61,0,0.4902439024390244,0.4902439024390244,,false
unresolved:2016:1_10:G:51:増田,"",1,68,68,0,0.6463414634146342,0.6463414634146342,,false
unresolved:2016:1_10:G:56:柿沢,"",1,68,68,0,0.6463414634146342,0.6463414634146342,,false
unresolved:2016:1_10:G:64:北,"",1,66,66,0,0.5878048780487805,0.5878048780487805,,false
unresolved:2016:1_10:G:65:陽,"",1,72,72,0,0.7609756097560976,0.7609756097560976,,false
unresolved:2016:1_10:G:70:青山,"",1,60,60,0,0.45121951219512196,0.45121951219512196,,false
unresolved:2016:1_10:H:40:張本,"",1,39,39,0,0.05853658536585366,0.05853658536585366,,false
unresolved:2016:1_10:H:49:古沢,"",1,61,61,0,0.4902439024390244,0.4902439024390244,,false
unresolved:2016:1_10:L:41:森,"",1,58,58,0,0.4024390243902439,0.4024390243902439,,false
unresolved:2016:1_10:L:43:藤沢,"",1,39,39,0,0.05853658536585366,0.05853658536585366,,false
unresolved:2016:1_10:L:58:呉,"",1,70,70,0,0.7073170731707317,0.7073170731707317,,false
unresolved:2016:1_10:M:41:寺嶋,"",1,54,54,0,0.2926829268292683,0.2926829268292683,,false
proeye:93195135,"",3,38,48,2,0.06585365853658537,0.18491484184914841,0.11906118331256305,false
unresolved:2016:1_10:M:69:脇本,"",1,70,70,0,0.7073170731707317,0.7073170731707317,,false
unresolved:2016:1_10:OBU:27:根本,"",1,72,72,0,0.7609756097560976,0.7609756097560976,,false
unresolved:2016:1_10:OBU:47:鈴木昴,"",1,60,60,0,0.45121951219512196,0.45121951219512196,,false
unresolved:2016:1_10:OBU:49:宗,"",1,81,81,0,0.9024390243902439,0.9024390243902439,,false
proeye:33035134,"",3,42,42,0,0.10948905109489052,0.06297229219143577,-0.04651675890345475,false
unresolved:2016:1_10:S:38:山川,"",1,48,48,0,0.18536585365853658,0.18536585365853658,,false
proeye:03005134,"",1,60,60,0,0.45012165450121655,0.45012165450121655,,false
unresolved:2016:1_10:S:66:原,"",1,43,43,0,0.12439024390243902,0.12439024390243902,,false
unresolved:2016:1_10:T:40:小豆畑,"",1,54,54,0,0.2926829268292683,0.2926829268292683,,false
proeye:23025134,"",1,38,38,0,0.05596107055961071,0.05596107055961071,,false
unresolved:2016:1_11:BA:46:狩野,"",1,74,74,0,0.805352798053528,0.805352798053528,,false
unresolved:2016:1_11:BA:66:青柳,"",1,65,65,0,0.5669099756690997,0.5669099756690997,,false
unresolved:2016:1_11:C:38:多田,"",1,44,44,0,0.12895377128953772,0.12895377128953772,,false
unresolved:2016:1_11:C:40:中村亘,"",1,40,40,0,0.0705596107055961,0.0705596107055961,,false
unresolved:2016:1_11:C:51:梵,"",1,54,54,0,0.2944038929440389,0.2944038929440389,,false
unresolved:2016:1_11:C:59:青木,"",1,44,44,0,0.12895377128953772,0.12895377128953772,,false
unresolved:2016:1_11:C:63:丸,"",1,70,70,0,0.7055961070559611,0.7055961070559611,,false
unresolved:2016:1_11:D:37:桂,"",1,47,47,0,0.170316301703163,0.170316301703163,,false
unresolved:2016:1_11:D:48:谷,"",1,67,67,0,0.6277372262773723,0.6277372262773723,,false
unresolved:2016:1_11:E:38:嶋,"",1,58,58,0,0.40875912408759124,0.40875912408759124,,false
unresolved:2016:1_11:F:38:郡,"",1,66,66,0,0.5936739659367397,0.5936739659367397,,false
unresolved:2016:1_11:F:58:宇佐美,"",1,59,59,0,0.43795620437956206,0.43795620437956206,,false
unresolved:2016:1_11:F:61:岡,"",1,90,90,0,0.9902676399026764,0.9902676399026764,,false
unresolved:2016:1_11:G:40:田中,"",1,41,41,0,0.09245742092457421,0.09245742092457421,,false
unresolved:2016:1_11:G:41:松崎,"",1,54,54,0,0.2944038929440389,0.2944038929440389,,false
unresolved:2016:1_11:G:50:辻,"",1,61,61,0,0.48661800486618007,0.48661800486618007,,false
unresolved:2016:1_11:G:51:増田,"",1,68,68,0,0.6520681265206812,0.6520681265206812,,false
unresolved:2016:1_11:G:56:柿沢,"",1,68,68,0,0.6520681265206812,0.6520681265206812,,false
unresolved:2016:1_11:G:64:北,"",1,66,66,0,0.5936739659367397,0.5936739659367397,,false
unresolved:2016:1_11:G:65:陽,"",1,72,72,0,0.754257907542579,0.754257907542579,,false
unresolved:2016:1_11:G:70:青山,"",1,60,60,0,0.45012165450121655,0.45012165450121655,,false
unresolved:2016:1_11:H:40:張本,"",1,39,39,0,0.058394160583941604,0.058394160583941604,,false
unresolved:2016:1_11:H:47:古沢,"",1,61,61,0,0.48661800486618007,0.48661800486618007,,false
unresolved:2016:1_11:L:40:森,"",1,65,65,0,0.5669099756690997,0.5669099756690997,,false
unresolved:2016:1_11:L:42:藤沢,"",1,39,39,0,0.058394160583941604,0.058394160583941604,,false
unresolved:2016:1_11:L:57:呉,"",1,70,70,0,0.7055961070559611,0.7055961070559611,,false
unresolved:2016:1_11:M:41:寺嶋,"",1,54,54,0,0.2944038929440389,0.2944038929440389,,false
unresolved:2016:1_11:M:69:脇本,"",1,70,70,0,0.7055961070559611,0.7055961070559611,,false
unresolved:2016:1_11:OBU:27:根本,"",1,72,72,0,0.754257907542579,0.754257907542579,,false
unresolved:2016:1_11:OBU:47:鈴木昴,"",1,60,60,0,0.45012165450121655,0.45012165450121655,,false
unresolved:2016:1_11:OBU:49:宗,"",1,84,84,0,0.9440389294403893,0.9440389294403893,,false
unresolved:2016:1_11:S:38:山川,"",1,48,48,0,0.18491484184914841,0.18491484184914841,,false
unresolved:2016:1_11:S:66:原,"",1,43,43,0,0.12165450121654502,0.12165450121654502,,false
unresolved:2016:1_11:T:41:小豆畑,"",1,54,54,0,0.2944038929440389,0.2944038929440389,,false
proeye:23125136,"",9,50,61,1,0.20297029702970298,0.37209302325581395,0.16912272622611096,false
unresolved:2018:default:BA:44:狩野,"",1,74,74,0,0.7878787878787878,0.7878787878787878,,false
unresolved:2018:default:BA:45:大河,"",1,75,75,0,0.8055555555555556,0.8055555555555556,,false
proeye:91895136,"",5,78,78,0,0.8539603960396039,0.8155339805825242,-0.0384264154570797,false
proeye:03505136,"",9,42,40,1,0.08415841584158416,0.056847545219638244,-0.02731087062194592,false
proeye:61565136,"",8,73,67,1,0.7698019801980198,0.5721271393643031,-0.19767484083371667,false
proeye:71575136,"",9,78,83,1,0.8539603960396039,0.8785529715762274,0.024592575536623418,false
unresolved:2018:default:BA:66:青柳,"",1,65,65,0,0.5505050505050505,0.5505050505050505,,false
proeye:81285136,"",9,61,71,2,0.44801980198019803,0.6640826873385013,0.21606288535830326,false
unresolved:2018:default:C:56:青木,"",1,44,44,0,0.11363636363636363,0.11363636363636363,,false
unresolved:2018:default:C:60:丸,"",1,70,70,0,0.6944444444444444,0.6944444444444444,,false
unresolved:2018:default:C:67:永井敦,"",1,66,66,0,0.5782828282828283,0.5782828282828283,,false
unresolved:2018:default:D:33:加藤,"",1,60,60,0,0.41414141414141414,0.41414141414141414,,false
unresolved:2018:default:D:34:桂,"",1,47,47,0,0.15404040404040403,0.15404040404040403,,false
unresolved:2018:default:D:43:谷,"",1,67,67,0,0.6085858585858586,0.6085858585858586,,false
proeye:21025136,"",9,84,90,1,0.948019801980198,0.9638242894056848,0.01580448742548679,false
proeye:81185136,"",6,80,80,0,0.8960396039603961,0.8361858190709046,-0.059853784889491446,true
proeye:43345136,"",4,62,52,2,0.47277227722772275,0.2273838630806846,-0.24538841414703816,false
proeye:53755136,"",4,55,55,0,0.297029702970297,0.2765432098765432,-0.020486493093753833,false
unresolved:2018:default:E:34:嶋,"",1,58,58,0,0.37373737373737376,0.37373737373737376,,false
proeye:73175136,"",8,73,68,2,0.7698019801980198,0.60880195599022,-0.1610000242077998,false
proeye:71475136,"",7,69,69,0,0.6683168316831684,0.6182266009852216,-0.050090230697946714,true
proeye:23525136,"",1,52,52,0,0.24752475247524752,0.24752475247524752,,false
proeye:71775137,"",4,87,87,0,0.9560975609756097,0.964735516372796,0.008637955397186259,false
proeye:51355136,"",5,56,56,0,0.32425742574257427,0.29854368932038833,-0.02571373642218594,false
unresolved:2018:default:E:67:耀飛,"",1,54,54,0,0.2702020202020202,0.2702020202020202,,false
unresolved:2018:default:F:36:市川,"",1,56,56,0,0.3181818181818182,0.3181818181818182,,false
unresolved:2018:default:F:41:郡,"",1,66,66,0,0.5782828282828283,0.5782828282828283,,false
proeye:41545136,"",9,45,56,1,0.1311881188118812,0.24806201550387597,0.11687389669199477,false
unresolved:2018:default:F:56:森本,"",1,68,68,0,0.6363636363636364,0.6363636363636364,,false
unresolved:2018:default:F:58:難波,"",1,62,62,0,0.4823232323232323,0.4823232323232323,,false
proeye:03305136,"",1,48,48,0,0.17326732673267325,0.17326732673267325,,false
unresolved:2018:default:F:63:岡,"",1,90,90,0,0.9924242424242424,0.9924242424242424,,false
proeye:31235130,"",9,41,41,0,0.07673267326732673,0.06201550387596899,-0.01471716939135774,false
proeye:91595136,"",9,55,55,0,0.297029702970297,0.2351421188630491,-0.06188758410724793,true
proeye:21325136,"",9,43,24,2,0.10643564356435643,0,-0.10643564356435643,false
proeye:81085136,"",6,60,66,1,0.41089108910891087,0.5525672371638142,0.1416761480549033,false
unresolved:2018:default:G:44:増田,"",1,68,68,0,0.6363636363636364,0.6363636363636364,,false
unresolved:2018:default:G:45:辻,"",1,61,61,0,0.4595959595959596,0.4595959595959596,,false
proeye:21525136,"",8,52,52,0,0.24752475247524752,0.22249388753056235,-0.025030864944685177,false
proeye:13315136,"",8,70,70,0,0.6856435643564357,0.6430317848410758,-0.04261177951535988,false
proeye:43145136,"",9,58,63,1,0.37376237623762376,0.4289405684754522,0.05517819223782844,false
unresolved:2018:default:G:54:柿沢,"",1,68,68,0,0.6363636363636364,0.6363636363636364,,false
unresolved:2018:default:G:58:陽,"",1,72,72,0,0.7449494949494949,0.7449494949494949,,false
unresolved:2018:default:G:62:青山,"",1,60,60,0,0.41414141414141414,0.41414141414141414,,false
unresolved:2018:default:G:63:村上,"",1,68,68,0,0.6363636363636364,0.6363636363636364,,false
unresolved:2018:default:H:37:張本,"",1,39,39,0,0.05555555555555555,0.05555555555555555,,false
unresolved:2018:default:H:44:古沢,"",1,61,61,0,0.4595959595959596,0.4595959595959596,,false
proeye:11815136,"",9,61,61,0,0.44801980198019803,0.37209302325581395,-0.07592677872438408,true
unresolved:2018:default:L:39:森,"",1,65,65,0,0.5505050505050505,0.5505050505050505,,false
unresolved:2018:default:L:42:藤沢,"",1,39,39,0,0.05555555555555555,0.05555555555555555,,false
unresolved:2018:default:L:53:呉,"",1,70,70,0,0.6944444444444444,0.6944444444444444,,false
proeye:51255136,"",4,68,70,1,0.6287128712871287,0.6617283950617284,0.03301552377459971,false
proeye:51455136,"",9,62,84,3,0.47277227722772275,0.9043927648578811,0.43162048763015837,false
proeye:43545136,"",1,42,42,0,0.08415841584158416,0.08415841584158416,,false
proeye:81885136,"",9,46,46,0,0.14603960396039603,0.11886304909560723,-0.0271765548647888,false
proeye:41645136,"",9,67,65,1,0.6014851485148515,0.5090439276485789,-0.0924412208662726,false
proeye:41945136,"",7,60,59,1,0.41089108910891087,0.33497536945812806,-0.07591571965078281,false
proeye:01405136,"",5,78,78,0,0.8539603960396039,0.8155339805825242,-0.0384264154570797,false
unresolved:2018:default:OBU:44:鈴木昴,"",1,60,60,0,0.41414141414141414,0.41414141414141414,,false
proeye:01605136,"",8,84,81,1,0.948019801980198,0.8386308068459658,-0.10938899513423217,false
proeye:51655136,"",4,77,77,0,0.8341584158415841,0.7975308641975308,-0.03662755164405329,false
unresolved:2018:default:OBU:51:宗,"",1,84,84,0,0.9444444444444444,0.9444444444444444,,false
proeye:13115136,"",8,83,82,1,0.9356435643564357,0.8581907090464548,-0.07745285530998092,false
unresolved:2018:default:OBU:64:根本,"",1,78,78,0,0.8611111111111112,0.8611111111111112,,false
proeye:31435136,"",3,74,79,1,0.7821782178217822,0.8668341708542714,0.08465595303248918,false
unresolved:2018:default:S:37:山川,"",1,48,48,0,0.16666666666666666,0.16666666666666666,,false
proeye:51855136,"",9,50,50,0,0.20297029702970298,0.18087855297157623,-0.02209174405812675,false
proeye:41845136,"",8,64,64,0,0.5222772277227723,0.46943765281173594,-0.05283957491103636,true
proeye:01805136,"",9,62,62,0,0.47277227722772275,0.40310077519379844,-0.0696715020339243,true
proeye:71975136,"",9,82,83,1,0.9183168316831684,0.8785529715762274,-0.039763860106940996,false
unresolved:2018:default:T:40:小豆畑,"",1,54,54,0,0.2702020202020202,0.2702020202020202,,false
proeye:81585136,"",9,79,79,0,0.8836633663366337,0.8217054263565892,-0.06195793998004451,true
proeye:23725136,"",1,49,49,0,0.19306930693069307,0.19306930693069307,,false
proeye:91995136,"",9,87,87,0,0.9752475247524752,0.9431524547803618,-0.03209506997211342,false
unresolved:2018:1_01:BA:45:狩野,"",1,74,74,0,0.7889447236180904,0.7889447236180904,,false
unresolved:2018:1_01:BA:46:大河,"",1,75,75,0,0.8040201005025126,0.8040201005025126,,false
unresolved:2018:1_01:BA:67:青柳,"",1,65,65,0,0.550251256281407,0.550251256281407,,false
unresolved:2018:1_01:C:56:青木,"",1,44,44,0,0.11306532663316583,0.11306532663316583,,false
unresolved:2018:1_01:C:60:丸,"",1,70,70,0,0.6909547738693468,0.6909547738693468,,false
unresolved:2018:1_01:C:67:永井敦,"",1,66,66,0,0.5778894472361809,0.5778894472361809,,false
unresolved:2018:1_01:D:34:加藤,"",1,60,60,0,0.41457286432160806,0.41457286432160806,,false
unresolved:2018:1_01:D:35:桂,"",1,47,47,0,0.15577889447236182,0.15577889447236182,,false
unresolved:2018:1_01:D:44:谷,"",1,67,67,0,0.6080402010050251,0.6080402010050251,,false
unresolved:2018:1_01:E:34:嶋,"",1,58,58,0,0.3743718592964824,0.3743718592964824,,false
unresolved:2018:1_01:E:67:耀飛,"",1,54,54,0,0.271356783919598,0.271356783919598,,false
unresolved:2018:1_01:F:36:市川,"",1,56,56,0,0.31909547738693467,0.31909547738693467,,false
unresolved:2018:1_01:F:41:郡,"",1,66,66,0,0.5778894472361809,0.5778894472361809,,false
unresolved:2018:1_01:F:56:森本,"",1,68,68,0,0.635678391959799,0.635678391959799,,false
unresolved:2018:1_01:F:58:難波,"",1,62,62,0,0.4798994974874372,0.4798994974874372,,false
unresolved:2018:1_01:F:64:岡,"",1,90,90,0,0.992462311557789,0.992462311557789,,false
unresolved:2018:1_01:G:46:増田,"",1,68,68,0,0.635678391959799,0.635678391959799,,false
unresolved:2018:1_01:G:47:辻,"",1,61,61,0,0.45979899497487436,0.45979899497487436,,false
unresolved:2018:1_01:G:56:柿沢,"",1,68,68,0,0.635678391959799,0.635678391959799,,false
unresolved:2018:1_01:G:60:陽,"",1,72,72,0,0.7437185929648241,0.7437185929648241,,false
unresolved:2018:1_01:G:64:青山,"",1,60,60,0,0.41457286432160806,0.41457286432160806,,false
unresolved:2018:1_01:G:65:村上,"",1,68,68,0,0.635678391959799,0.635678391959799,,false
unresolved:2018:1_01:H:37:張本,"",1,39,39,0,0.05527638190954774,0.05527638190954774,,false
unresolved:2018:1_01:H:46:古沢,"",1,61,61,0,0.45979899497487436,0.45979899497487436,,false
proeye:83785136,"",5,60,60,0,0.41089108910891087,0.3883495145631068,-0.022541574545804077,false
unresolved:2018:1_01:L:39:森,"",1,65,65,0,0.550251256281407,0.550251256281407,,false
unresolved:2018:1_01:L:42:藤沢,"",1,39,39,0,0.05527638190954774,0.05527638190954774,,false
unresolved:2018:1_01:L:53:呉,"",1,70,70,0,0.6909547738693468,0.6909547738693468,,false
proeye:91295114,"",3,56,52,1,0.41379310344827586,0.21914357682619648,-0.19464952662207938,false
unresolved:2018:1_01:OBU:44:鈴木昴,"",1,60,60,0,0.41457286432160806,0.41457286432160806,,false
unresolved:2018:1_01:OBU:56:宗,"",1,84,84,0,0.9422110552763819,0.9422110552763819,,false
unresolved:2018:1_01:OBU:64:根本,"",1,78,78,0,0.8542713567839196,0.8542713567839196,,false
unresolved:2018:1_01:S:37:山川,"",1,48,48,0,0.16834170854271358,0.16834170854271358,,false
proeye:31135119,"",7,75,59,4,0.7995049504950495,0.33497536945812806,-0.4645295810369215,false
unresolved:2018:1_01:T:40:小豆畑,"",1,54,54,0,0.271356783919598,0.271356783919598,,false
unresolved:2018:1_05:BA:45:狩野,"",1,74,74,0,0.785,0.785,,false
unresolved:2018:1_05:BA:46:大河,"",1,75,75,0,0.8,0.8,,false
unresolved:2018:1_05:BA:67:青柳,"",1,65,65,0,0.545,0.545,,false
unresolved:2018:1_05:C:56:青木,"",1,44,44,0,0.1125,0.1125,,false
unresolved:2018:1_05:C:60:丸,"",1,70,70,0,0.69,0.69,,false
unresolved:2018:1_05:C:67:永井敦,"",1,66,66,0,0.575,0.575,,false
unresolved:2018:1_05:D:36:加藤,"",1,60,60,0,0.4175,0.4175,,false
unresolved:2018:1_05:D:37:桂,"",1,47,47,0,0.16,0.16,,false
unresolved:2018:1_05:D:46:谷,"",1,67,67,0,0.605,0.605,,false
unresolved:2018:1_05:E:35:嶋,"",1,58,58,0,0.3775,0.3775,,false
unresolved:2018:1_05:E:67:耀飛,"",1,54,54,0,0.275,0.275,,false
unresolved:2018:1_05:F:40:郡,"",1,66,66,0,0.575,0.575,,false
unresolved:2018:1_05:F:55:森本,"",1,68,68,0,0.6325,0.6325,,false
unresolved:2018:1_05:F:57:難波,"",1,62,62,0,0.48,0.48,,false
unresolved:2018:1_05:F:63:岡,"",1,90,90,0,0.9925,0.9925,,false
unresolved:2018:1_05:G:45:増田,"",1,68,68,0,0.6325,0.6325,,false
unresolved:2018:1_05:G:46:辻,"",1,61,61,0,0.46,0.46,,false
unresolved:2018:1_05:G:57:柿沢,"",1,68,68,0,0.6325,0.6325,,false
unresolved:2018:1_05:G:61:陽,"",1,72,72,0,0.7375,0.7375,,false
unresolved:2018:1_05:G:65:青山,"",1,60,60,0,0.4175,0.4175,,false
unresolved:2018:1_05:G:66:村上,"",1,68,68,0,0.6325,0.6325,,false
unresolved:2018:1_05:H:35:堀内,"",1,44,44,0,0.1125,0.1125,,false
unresolved:2018:1_05:H:39:張本,"",1,39,39,0,0.055,0.055,,false
unresolved:2018:1_05:H:48:古沢,"",1,61,61,0,0.46,0.46,,false
unresolved:2018:1_05:L:39:森,"",1,65,65,0,0.545,0.545,,false
unresolved:2018:1_05:L:42:藤沢,"",1,39,39,0,0.055,0.055,,false
unresolved:2018:1_05:L:53:呉,"",1,70,70,0,0.69,0.69,,false
unresolved:2018:1_05:OBU:47:鈴木昴,"",1,60,60,0,0.4175,0.4175,,false
unresolved:2018:1_05:OBU:57:宗,"",1,84,84,0,0.945,0.945,,false
unresolved:2018:1_05:OBU:64:根本,"",1,78,78,0,0.855,0.855,,false
unresolved:2018:1_05:S:39:山川,"",1,48,48,0,0.1725,0.1725,,false
proeye:91395134,"",4,45,45,0,0.1311881188118812,0.10123456790123457,-0.029953550910646623,false
unresolved:2018:1_05:T:40:小豆畑,"",1,54,54,0,0.275,0.275,,false
unresolved:2018:1_07:BA:47:狩野,"",1,74,74,0,0.7761194029850746,0.7761194029850746,,false
unresolved:2018:1_07:BA:48:大河,"",1,75,75,0,0.7960199004975125,0.7960199004975125,,false
unresolved:2018:1_07:BA:69:青柳,"",1,65,65,0,0.5472636815920398,0.5472636815920398,,false
unresolved:2018:1_07:C:56:青木,"",1,44,44,0,0.11442786069651742,0.11442786069651742,,false
unresolved:2018:1_07:C:62:丸,"",1,70,70,0,0.6840796019900498,0.6840796019900498,,false
unresolved:2018:1_07:C:69:永井敦,"",1,66,66,0,0.5746268656716418,0.5746268656716418,,false
unresolved:2018:1_07:D:37:加藤,"",1,60,60,0,0.4129353233830846,0.4129353233830846,,false
unresolved:2018:1_07:D:38:桂,"",1,47,47,0,0.16169154228855723,0.16169154228855723,,false
unresolved:2018:1_07:D:47:谷,"",1,67,67,0,0.6019900497512438,0.6019900497512438,,false
unresolved:2018:1_07:E:36:嶋,"",1,58,58,0,0.3756218905472637,0.3756218905472637,,false
unresolved:2018:1_07:E:68:耀飛,"",1,54,54,0,0.27611940298507465,0.27611940298507465,,false
unresolved:2018:1_07:F:41:郡,"",1,66,66,0,0.5746268656716418,0.5746268656716418,,false
unresolved:2018:1_07:F:55:森本,"",1,68,68,0,0.6268656716417911,0.6268656716417911,,false
unresolved:2018:1_07:F:58:難波,"",1,62,62,0,0.47512437810945274,0.47512437810945274,,false
unresolved:2018:1_07:G:47:増田,"",1,68,68,0,0.6268656716417911,0.6268656716417911,,false
unresolved:2018:1_07:G:48:辻,"",1,61,61,0,0.4577114427860697,0.4577114427860697,,false
proeye:13915134,"",2,71,71,0,0.7252475247524752,0.7128463476070529,-0.012401177145422326,false
unresolved:2018:1_07:G:61:陽,"",1,72,72,0,0.7338308457711443,0.7338308457711443,,false
unresolved:2018:1_07:G:67:青山,"",1,60,60,0,0.4129353233830846,0.4129353233830846,,false
unresolved:2018:1_07:G:68:村上,"",1,68,68,0,0.6268656716417911,0.6268656716417911,,false
proeye:21825134,"",8,75,81,2,0.7995049504950495,0.8386308068459658,0.039125856350916255,false
unresolved:2018:1_07:H:37:堀内,"",1,42,42,0,0.0845771144278607,0.0845771144278607,,false
unresolved:2018:1_07:H:41:張本,"",1,39,39,0,0.05721393034825871,0.05721393034825871,,false
unresolved:2018:1_07:H:50:古沢,"",1,61,61,0,0.4577114427860697,0.4577114427860697,,false
unresolved:2018:1_07:L:42:森,"",1,65,65,0,0.5472636815920398,0.5472636815920398,,false
unresolved:2018:1_07:L:45:藤沢,"",1,39,39,0,0.05721393034825871,0.05721393034825871,,false
unresolved:2018:1_07:L:56:呉,"",1,70,70,0,0.6840796019900498,0.6840796019900498,,false
proeye:11515139,"",9,85,82,1,0.9603960396039604,0.8578811369509044,-0.10251490265305596,false
unresolved:2018:1_07:OBU:49:鈴木昴,"",1,60,60,0,0.4129353233830846,0.4129353233830846,,false
proeye:91995130,"",7,81,93,2,0.9108910891089109,0.9901477832512315,0.07925669414232062,false
unresolved:2018:1_07:OBU:63:宗,"",1,84,84,0,0.9477611940298507,0.9477611940298507,,false
unresolved:2018:1_07:OBU:67:根本,"",1,78,78,0,0.8532338308457711,0.8532338308457711,,false
unresolved:2018:1_07:S:39:山川,"",1,48,48,0,0.17661691542288557,0.17661691542288557,,false
unresolved:2018:1_07:T:41:小豆畑,"",1,54,54,0,0.27611940298507465,0.27611940298507465,,false
proeye:93995136,"",2,42,42,0,0.08415841584158416,0.06297229219143577,-0.021186123650148395,false
unresolved:2018:1_09:BA:50:狩野,"",1,74,74,0,0.7821782178217822,0.7821782178217822,,false
unresolved:2018:1_09:BA:51:大河,"",1,75,75,0,0.7995049504950495,0.7995049504950495,,false
unresolved:2018:1_09:BA:69:青柳,"",1,65,65,0,0.5445544554455446,0.5445544554455446,,false
unresolved:2018:1_09:C:57:青木,"",1,44,44,0,0.11633663366336634,0.11633663366336634,,false
unresolved:2018:1_09:C:62:丸,"",1,70,70,0,0.6856435643564357,0.6856435643564357,,false
unresolved:2018:1_09:C:69:永井敦,"",1,66,66,0,0.5767326732673267,0.5767326732673267,,false
unresolved:2018:1_09:D:37:加藤,"",1,60,60,0,0.41089108910891087,0.41089108910891087,,false
unresolved:2018:1_09:D:38:桂,"",1,47,47,0,0.1608910891089109,0.1608910891089109,,false
unresolved:2018:1_09:D:47:谷,"",1,67,67,0,0.6014851485148515,0.6014851485148515,,false
unresolved:2018:1_09:E:36:嶋,"",1,58,58,0,0.37376237623762376,0.37376237623762376,,false
unresolved:2018:1_09:E:68:耀飛,"",1,54,54,0,0.2698019801980198,0.2698019801980198,,false
unresolved:2018:1_09:F:41:郡,"",1,66,66,0,0.5767326732673267,0.5767326732673267,,false
unresolved:2018:1_09:F:56:森本,"",1,68,68,0,0.6287128712871287,0.6287128712871287,,false
unresolved:2018:1_09:F:58:難波,"",1,62,62,0,0.47277227722772275,0.47277227722772275,,false
unresolved:2018:1_09:G:48:辻,"",1,61,61,0,0.44801980198019803,0.44801980198019803,,false
unresolved:2018:1_09:G:59:増田,"",1,68,68,0,0.6287128712871287,0.6287128712871287,,false
unresolved:2018:1_09:G:64:陽,"",1,72,72,0,0.7400990099009901,0.7400990099009901,,false
unresolved:2018:1_09:G:68:村上,"",1,68,68,0,0.6287128712871287,0.6287128712871287,,false
unresolved:2018:1_09:G:69:青山,"",1,60,60,0,0.41089108910891087,0.41089108910891087,,false
unresolved:2018:1_09:H:37:堀内,"",1,42,42,0,0.08415841584158416,0.08415841584158416,,false
unresolved:2018:1_09:H:41:張本,"",1,39,39,0,0.06188118811881188,0.06188118811881188,,false
unresolved:2018:1_09:H:50:古沢,"",1,61,61,0,0.44801980198019803,0.44801980198019803,,false
proeye:81585132,"",9,71,77,1,0.7252475247524752,0.7829457364341085,0.05769821168163325,false
unresolved:2018:1_09:L:42:森,"",1,65,65,0,0.5445544554455446,0.5445544554455446,,false
unresolved:2018:1_09:L:45:藤沢,"",1,39,39,0,0.06188118811881188,0.06188118811881188,,false
unresolved:2018:1_09:L:56:呉,"",1,70,70,0,0.6856435643564357,0.6856435643564357,,false
unresolved:2018:1_09:OBU:49:鈴木昴,"",1,60,60,0,0.41089108910891087,0.41089108910891087,,false
unresolved:2018:1_09:OBU:60:宗,"",1,84,84,0,0.948019801980198,0.948019801980198,,false
unresolved:2018:1_09:OBU:68:根本,"",1,78,78,0,0.8539603960396039,0.8539603960396039,,false
unresolved:2018:1_09:S:39:山川,"",1,48,48,0,0.17326732673267325,0.17326732673267325,,false
unresolved:2018:1_09:T:40:小豆畑,"",1,54,54,0,0.2698019801980198,0.2698019801980198,,false
unresolved:2018:1_09:T:61:藤谷,"",1,61,61,0,0.44801980198019803,0.44801980198019803,,false
proeye:91695138,"",8,45,45,0,0.10579345088161209,0.10594315245478036,0.0001497015731682788,false
unresolved:2018:1_10:BA:49:狩野,"",1,74,74,0,0.772020725388601,0.772020725388601,,false
unresolved:2018:1_10:BA:50:大河,"",1,75,75,0,0.7875647668393783,0.7875647668393783,,false
proeye:91095138,"",8,70,64,1,0.6750629722921915,0.4599483204134367,-0.21511465187875478,false
proeye:41145138,"",8,55,55,0,0.27455919395465994,0.2351421188630491,-0.039417075091610854,false
unresolved:2018:1_10:BA:68:青柳,"",1,65,65,0,0.5233160621761658,0.5233160621761658,,false
proeye:01705138,"",8,86,79,2,0.9596977329974811,0.8217054263565892,-0.1379923066408919,false
unresolved:2018:1_10:C:52:林,"",1,42,42,0,0.05699481865284974,0.05699481865284974,,false
unresolved:2018:1_10:C:53:中神,"",1,71,71,0,0.7124352331606217,0.7124352331606217,,false
proeye:71475138,"",7,80,86,2,0.8942065491183879,0.9364303178484108,0.04222376873002287,false
unresolved:2018:1_10:C:67:永井敦,"",1,66,66,0,0.5621761658031088,0.5621761658031088,,false
proeye:71975138,"",4,53,53,0,0.2367758186397985,0.2524271844660194,0.015651365826220925,false
unresolved:2018:1_10:D:37:桂,"",1,42,42,0,0.05699481865284974,0.05699481865284974,,false
proeye:91195138,"",8,48,48,0,0.15113350125944586,0.14987080103359174,-0.0012627002258541187,false
proeye:81285138,"",7,65,65,0,0.5314861460957179,0.51338199513382,-0.01810415096189788,false
proeye:81985138,"",4,69,69,0,0.6574307304785895,0.6383495145631068,-0.01908121591548262,false
proeye:03305132,"",4,65,65,0,0.5314861460957179,0.5509708737864077,0.019484727690689874,false
unresolved:2018:1_10:E:36:嶋,"",1,58,58,0,0.3549222797927461,0.3549222797927461,,false
proeye:71375138,"",8,52,44,2,0.21914357682619648,0.10077519379844961,-0.11836838302774687,false
proeye:73175138,"",8,50,50,0,0.17380352644836272,0.18087855297157623,0.007075026523213512,false
proeye:23325138,"",2,58,58,0,0.35768261964735515,0.3442211055276382,-0.013461514119716966,false
proeye:11015138,"",8,87,74,2,0.964735516372796,0.7312661498708011,-0.2334693665019949,false
proeye:81385138,"",8,78,84,1,0.8463476070528967,0.9043927648578811,0.058045157804984426,false
unresolved:2018:1_10:E:64:耀飛,"",1,54,54,0,0.24611398963730569,0.24611398963730569,,false
proeye:51055138,"",8,61,68,1,0.43073047858942065,0.6020671834625323,0.17133670487311164,false
unresolved:2018:1_10:F:44:郡,"",1,66,66,0,0.5621761658031088,0.5621761658031088,,false
unresolved:2018:1_10:F:58:難波,"",1,62,62,0,0.4533678756476684,0.4533678756476684,,false
proeye:31435138,"",8,45,52,2,0.10579345088161209,0.20671834625322996,0.10092489537161788,false
proeye:11815138,"",8,58,64,1,0.35768261964735515,0.4599483204134367,0.10226570076608155,false
proeye:23525138,"",1,66,66,0,0.5621761658031088,0.5621761658031088,,false
proeye:93395138,"",2,51,51,0,0.20151133501259447,0.20351758793969849,0.0020062529271040186,false
proeye:01605138,"",8,62,67,1,0.45591939546599497,0.5684754521963824,0.11255605673038743,false
proeye:51855132,"",8,73,71,2,0.760705289672544,0.6640826873385013,-0.09662260233404274,false
unresolved:2018:1_10:G:54:松井,"",1,67,67,0,0.5958549222797928,0.5958549222797928,,false
unresolved:2018:1_10:G:57:丸,"",1,70,70,0,0.6735751295336787,0.6735751295336787,,false
unresolved:2018:1_10:G:59:陽,"",1,72,72,0,0.7305699481865285,0.7305699481865285,,false
unresolved:2018:1_10:G:64:村上,"",1,68,68,0,0.6217616580310881,0.6217616580310881,,false
unresolved:2018:1_10:H:37:堀内,"",1,42,42,0,0.05699481865284974,0.05699481865284974,,false
proeye:11415138,"",6,48,61,2,0.15113350125944586,0.38141809290953543,0.23028459165008958,false
unresolved:2018:1_10:H:65:水谷,"",1,66,66,0,0.5621761658031088,0.5621761658031088,,false
unresolved:2018:1_10:L:38:森,"",1,65,65,0,0.5233160621761658,0.5233160621761658,,false
proeye:71675138,"",7,60,55,1,0.3979848866498741,0.2351421188630491,-0.162842767786825,false
proeye:21825138,"",8,71,71,0,0.7128463476070529,0.6640826873385013,-0.04876366026855161,false
proeye:81785138,"",6,55,44,2,0.27455919395465994,0.10268948655256724,-0.1718697074020927,false
unresolved:2018:1_10:L:53:呉,"",1,70,70,0,0.6735751295336787,0.6735751295336787,,false
proeye:71075136,"",6,79,66,2,0.8740554156171285,0.5344827586206896,-0.3395726569964389,false
proeye:53355138,"",1,34,34,0,0.010075566750629723,0.010075566750629723,,false
proeye:41645138,"",3,60,60,0,0.3979848866498741,0.3851851851851852,-0.012799701464688895,false
proeye:31635138,"",8,85,85,0,0.9521410579345088,0.9250645994832042,-0.027076458451304575,false
proeye:91895138,"",8,52,52,0,0.21914357682619648,0.20671834625322996,-0.012425230572966517,false
unresolved:2018:1_10:OBU:42:鈴木昴,"",1,60,60,0,0.39378238341968913,0.39378238341968913,,false
proeye:91395138,"",8,61,64,1,0.43073047858942065,0.4599483204134367,0.029217841824016044,false
proeye:51755138,"",6,77,77,0,0.8211586901763224,0.7586206896551724,-0.06253800052115,true
proeye:51255138,"",8,65,74,2,0.5314861460957179,0.7312661498708011,0.1997800037750832,false
proeye:83385138,"",1,46,46,0,0.12564102564102564,0.12564102564102564,,false
proeye:81085138,"",8,52,43,1,0.21914357682619648,0.09043927648578812,-0.12870430034040836,false
unresolved:2018:1_10:OBU:58:宗,"",1,84,84,0,0.9430051813471503,0.9430051813471503,,false
unresolved:2018:1_10:OBU:65:根本,"",1,78,78,0,0.8471502590673575,0.8471502590673575,,false
unresolved:2018:1_10:S:39:山川,"",1,48,48,0,0.14766839378238342,0.14766839378238342,,false
proeye:33135138,"",4,67,67,0,0.6070528967254408,0.5970873786407767,-0.009965518084664171,false
proeye:21225138,"",4,61,61,0,0.43073047858942065,0.42718446601941745,-0.0035460125700031986,false
proeye:91495138,"",7,58,58,0,0.35768261964735515,0.3056234718826406,-0.05205914776471454,true
proeye:31735138,"",8,64,59,1,0.5113350125944585,0.3281653746770026,-0.18316963791745589,false
proeye:31535138,"",8,77,77,0,0.8211586901763224,0.7829457364341085,-0.038212953742213895,false
proeye:63365138,"",4,35,23,2,0.020151133501259445,0,-0.020151133501259445,false
proeye:71075138,"",8,90,86,1,0.9848866498740554,0.9354005167958657,-0.04948613307818972,false
unresolved:2018:1_11:BA:49:狩野,"",1,74,74,0,0.7717948717948718,0.7717948717948718,,false
unresolved:2018:1_11:BA:50:大河,"",1,75,75,0,0.7846153846153846,0.7846153846153846,,false
unresolved:2018:1_11:BA:68:青柳,"",1,65,65,0,0.5230769230769231,0.5230769230769231,,false
unresolved:2018:1_11:C:52:林,"",1,42,42,0,0.05641025641025641,0.05641025641025641,,false
unresolved:2018:1_11:C:53:中神,"",1,71,71,0,0.7128205128205128,0.7128205128205128,,false
unresolved:2018:1_11:C:67:永井敦,"",1,66,66,0,0.5615384615384615,0.5615384615384615,,false
unresolved:2018:1_11:D:38:桂,"",1,42,42,0,0.05641025641025641,0.05641025641025641,,false
unresolved:2018:1_11:E:36:嶋,"",1,58,58,0,0.3564102564102564,0.3564102564102564,,false
unresolved:2018:1_11:E:53:ヒメネス,"",1,55,55,0,0.2743589743589744,0.2743589743589744,,false
unresolved:2018:1_11:E:65:耀飛,"",1,54,54,0,0.24615384615384617,0.24615384615384617,,false
unresolved:2018:1_11:F:43:郡,"",1,66,66,0,0.5615384615384615,0.5615384615384615,,false
unresolved:2018:1_11:F:57:難波,"",1,62,62,0,0.45384615384615384,0.45384615384615384,,false
unresolved:2018:1_11:F:65:王,"",1,66,66,0,0.5615384615384615,0.5615384615384615,,false
proeye:41045139,"",2,67,67,0,0.6070528967254408,0.6055276381909548,-0.0015252585344860403,false
unresolved:2018:1_11:G:55:松井,"",1,67,67,0,0.5948717948717949,0.5948717948717949,,false
unresolved:2018:1_11:G:58:丸,"",1,70,70,0,0.6743589743589744,0.6743589743589744,,false
unresolved:2018:1_11:G:59:陽,"",1,72,72,0,0.7307692307692307,0.7307692307692307,,false
unresolved:2018:1_11:G:65:村上,"",1,68,68,0,0.6230769230769231,0.6230769230769231,,false
unresolved:2018:1_11:H:38:堀内,"",1,42,42,0,0.05641025641025641,0.05641025641025641,,false
proeye:21925136,"",8,94,96,1,0.9974811083123426,0.9870801033591732,-0.010401004953169424,false
unresolved:2018:1_11:H:67:水谷,"",1,66,66,0,0.5615384615384615,0.5615384615384615,,false
unresolved:2018:1_11:L:38:森,"",1,65,65,0,0.5230769230769231,0.5230769230769231,,false
unresolved:2018:1_11:L:53:呉,"",1,70,70,0,0.6743589743589744,0.6743589743589744,,false
unresolved:2018:1_11:OBU:44:鈴木昴,"",1,60,60,0,0.39487179487179486,0.39487179487179486,,false
unresolved:2018:1_11:OBU:64:宗,"",1,84,84,0,0.9384615384615385,0.9384615384615385,,false
unresolved:2018:1_11:OBU:67:根本,"",1,78,78,0,0.8435897435897436,0.8435897435897436,,false
unresolved:2018:1_11:S:41:山川,"",1,48,48,0,0.14871794871794872,0.14871794871794872,,false
unresolved:2018:1_12:BA:49:狩野,"",1,74,74,0,0.7717948717948718,0.7717948717948718,,false
unresolved:2018:1_12:BA:50:大河,"",1,75,75,0,0.782051282051282,0.782051282051282,,false
unresolved:2018:1_12:BA:68:青柳,"",1,65,65,0,0.5256410256410257,0.5256410256410257,,false
unresolved:2018:1_12:C:52:林,"",1,42,42,0,0.05641025641025641,0.05641025641025641,,false
unresolved:2018:1_12:C:53:中神,"",1,71,71,0,0.7128205128205128,0.7128205128205128,,false
unresolved:2018:1_12:C:67:永井敦,"",1,66,66,0,0.5666666666666667,0.5666666666666667,,false
unresolved:2018:1_12:D:38:桂,"",1,42,42,0,0.05641025641025641,0.05641025641025641,,false
unresolved:2018:1_12:E:36:嶋,"",1,58,58,0,0.3564102564102564,0.3564102564102564,,false
unresolved:2018:1_12:E:52:ヒメネス,"",1,55,55,0,0.2743589743589744,0.2743589743589744,,false
unresolved:2018:1_12:E:66:耀飛,"",1,54,54,0,0.24615384615384617,0.24615384615384617,,false
unresolved:2018:1_12:F:43:郡,"",1,66,66,0,0.5666666666666667,0.5666666666666667,,false
unresolved:2018:1_12:F:57:難波,"",1,62,62,0,0.45384615384615384,0.45384615384615384,,false
unresolved:2018:1_12:F:65:王,"",1,66,66,0,0.5666666666666667,0.5666666666666667,,false
unresolved:2018:1_12:G:55:松井,"",1,67,67,0,0.5974358974358974,0.5974358974358974,,false
unresolved:2018:1_12:G:58:丸,"",1,70,70,0,0.6743589743589744,0.6743589743589744,,false
unresolved:2018:1_12:G:60:陽,"",1,72,72,0,0.7307692307692307,0.7307692307692307,,false
unresolved:2018:1_12:G:65:村上,"",1,68,68,0,0.6230769230769231,0.6230769230769231,,false
unresolved:2018:1_12:H:38:堀内,"",1,42,42,0,0.05641025641025641,0.05641025641025641,,false
unresolved:2018:1_12:H:67:水谷,"",1,66,66,0,0.5666666666666667,0.5666666666666667,,false
unresolved:2018:1_12:L:38:森,"",1,65,65,0,0.5256410256410257,0.5256410256410257,,false
unresolved:2018:1_12:L:54:呉,"",1,70,70,0,0.6743589743589744,0.6743589743589744,,false
unresolved:2018:1_12:OBU:45:鈴木昴,"",1,60,60,0,0.3923076923076923,0.3923076923076923,,false
unresolved:2018:1_12:OBU:65:宗,"",1,84,84,0,0.9384615384615385,0.9384615384615385,,false
unresolved:2018:1_12:OBU:68:根本,"",1,78,78,0,0.841025641025641,0.841025641025641,,false
unresolved:2018:1_12:S:40:山川,"",1,48,48,0,0.15384615384615385,0.15384615384615385,,false
unresolved:2018:1_14:BA:51:狩野,"",1,74,74,0,0.7763819095477387,0.7763819095477387,,false
unresolved:2018:1_14:BA:52:大河,"",1,75,75,0,0.7864321608040201,0.7864321608040201,,false
unresolved:2018:1_14:BA:70:青柳,"",1,65,65,0,0.5301507537688442,0.5301507537688442,,false
unresolved:2018:1_14:C:54:林,"",1,42,42,0,0.06281407035175879,0.06281407035175879,,false
unresolved:2018:1_14:C:55:中神,"",1,71,71,0,0.7185929648241206,0.7185929648241206,,false
proeye:83585138,"",1,43,43,0,0.08564231738035265,0.08564231738035265,,false
unresolved:2018:1_14:C:69:永井敦,"",1,66,66,0,0.5728643216080402,0.5728643216080402,,false
unresolved:2018:1_14:D:39:桂,"",1,42,42,0,0.06281407035175879,0.06281407035175879,,false
unresolved:2018:1_14:E:37:嶋,"",1,58,58,0,0.3592964824120603,0.3592964824120603,,false
unresolved:2018:1_14:E:51:ヒメネス,"",1,55,55,0,0.27889447236180903,0.27889447236180903,,false
unresolved:2018:1_14:E:67:耀飛,"",1,54,54,0,0.25125628140703515,0.25125628140703515,,false
unresolved:2018:1_14:F:43:郡,"",1,66,66,0,0.5728643216080402,0.5728643216080402,,false
unresolved:2018:1_14:F:57:難波,"",1,62,62,0,0.4547738693467337,0.4547738693467337,,false
unresolved:2018:1_14:F:65:王,"",1,66,66,0,0.5728643216080402,0.5728643216080402,,false
unresolved:2018:1_14:G:56:松井,"",1,67,67,0,0.6030150753768844,0.6030150753768844,,false
proeye:51555134,"",2,68,68,0,0.6297229219143576,0.6306532663316583,0.0009303444173006659,false
proeye:01805138,"",2,51,51,0,0.20151133501259447,0.20351758793969849,0.0020062529271040186,false
unresolved:2018:1_14:G:61:丸,"",1,70,70,0,0.6809045226130653,0.6809045226130653,,false
unresolved:2018:1_14:G:62:陽,"",1,72,72,0,0.7361809045226131,0.7361809045226131,,false
unresolved:2018:1_14:G:68:村上,"",1,68,68,0,0.628140703517588,0.628140703517588,,false
unresolved:2018:1_14:H:39:堀内,"",1,42,42,0,0.06281407035175879,0.06281407035175879,,false
proeye:83985134,"",1,53,53,0,0.2367758186397985,0.2367758186397985,,false
unresolved:2018:1_14:H:69:水谷,"",1,66,66,0,0.5728643216080402,0.5728643216080402,,false
proeye:61765136,"",5,51,51,0,0.20151133501259447,0.20048899755501223,-0.0010223374575822342,false
unresolved:2018:1_14:L:38:森,"",1,65,65,0,0.5301507537688442,0.5301507537688442,,false
unresolved:2018:1_14:L:54:呉,"",1,70,70,0,0.6809045226130653,0.6809045226130653,,false
proeye:23725138,"",4,65,65,0,0.5314861460957179,0.5509708737864077,0.019484727690689874,false
unresolved:2018:1_14:OBU:46:鈴木昴,"",1,60,60,0,0.3944723618090452,0.3944723618090452,,false
unresolved:2018:1_14:OBU:66:宗,"",1,84,84,0,0.9396984924623115,0.9396984924623115,,false
unresolved:2018:1_14:OBU:70:根本,"",1,78,78,0,0.8467336683417085,0.8467336683417085,,false
unresolved:2018:1_14:S:41:山川,"",1,48,48,0,0.15577889447236182,0.15577889447236182,,false
proeye:01505138,"",6,58,58,0,0.35768261964735515,0.29802955665024633,-0.05965306299710882,true
proeye:03705138,"",1,39,39,0,0.03768844221105527,0.03768844221105527,,false
unresolved:2018:1_15:BA:51:狩野,"",1,74,74,0,0.7783375314861462,0.7783375314861462,,false
unresolved:2018:1_15:BA:52:大河,"",1,75,75,0,0.7884130982367759,0.7884130982367759,,false
unresolved:2018:1_15:BA:70:青柳,"",1,65,65,0,0.5314861460957179,0.5314861460957179,,false
unresolved:2018:1_15:C:54:林,"",1,42,42,0,0.06297229219143577,0.06297229219143577,,false
unresolved:2018:1_15:C:55:中神,"",1,71,71,0,0.7128463476070529,0.7128463476070529,,false
unresolved:2018:1_15:C:68:永井敦,"",1,66,66,0,0.5743073047858942,0.5743073047858942,,false
unresolved:2018:1_15:D:39:桂,"",1,42,42,0,0.06297229219143577,0.06297229219143577,,false
unresolved:2018:1_15:E:37:嶋,"",1,58,58,0,0.35768261964735515,0.35768261964735515,,false
unresolved:2018:1_15:E:50:ヒメネス,"",1,55,55,0,0.27455919395465994,0.27455919395465994,,false
unresolved:2018:1_15:E:70:耀飛,"",1,54,54,0,0.24937027707808565,0.24937027707808565,,false
unresolved:2018:1_15:F:43:郡,"",1,66,66,0,0.5743073047858942,0.5743073047858942,,false
unresolved:2018:1_15:F:57:難波,"",1,62,62,0,0.45591939546599497,0.45591939546599497,,false
unresolved:2018:1_15:F:66:王,"",1,66,66,0,0.5743073047858942,0.5743073047858942,,false
unresolved:2018:1_15:G:57:松井,"",1,67,67,0,0.6070528967254408,0.6070528967254408,,false
unresolved:2018:1_15:G:61:丸,"",1,70,70,0,0.6750629722921915,0.6750629722921915,,false
unresolved:2018:1_15:G:64:陽,"",1,72,72,0,0.7329974811083123,0.7329974811083123,,false
unresolved:2018:1_15:G:68:村上,"",1,68,68,0,0.6297229219143576,0.6297229219143576,,false
unresolved:2018:1_15:H:39:堀内,"",1,42,42,0,0.06297229219143577,0.06297229219143577,,false
unresolved:2018:1_15:H:69:水谷,"",1,66,66,0,0.5743073047858942,0.5743073047858942,,false
unresolved:2018:1_15:L:38:森,"",1,65,65,0,0.5314861460957179,0.5314861460957179,,false
unresolved:2018:1_15:L:54:呉,"",1,70,70,0,0.6750629722921915,0.6750629722921915,,false
unresolved:2018:1_15:OBU:45:鈴木昴,"",1,60,60,0,0.3979848866498741,0.3979848866498741,,false
unresolved:2018:1_15:OBU:61:宗,"",1,84,84,0,0.9395465994962217,0.9395465994962217,,false
unresolved:2018:1_15:OBU:69:根本,"",1,78,78,0,0.8463476070528967,0.8463476070528967,,false
unresolved:2018:1_15:S:41:山川,"",1,48,48,0,0.15113350125944586,0.15113350125944586,,false
proeye:51155151,"",7,60,60,0,0.39195979899497485,0.34366925064599485,-0.04829054834898,false
proeye:01205151,"",3,51,51,0,0.20351758793969849,0.20631067961165048,0.0027930916719519916,false
unresolved:2020:default:BA:58:森,"",1,81,81,0,0.9048843187660668,0.9048843187660668,,false
proeye:73375151,"",6,50,50,0,0.16834170854271358,0.19559902200489,0.027257313462176413,false
proeye:51555151,"",7,70,75,1,0.678391959798995,0.7493540051679587,0.07096204536896367,false
proeye:21125151,"",6,35,35,0,0.01507537688442211,0.020671834625323,0.005596457740900888,false
unresolved:2020:default:C:50:林,"",1,42,42,0,0.05912596401028278,0.05912596401028278,,false
unresolved:2020:default:C:51:中神,"",1,71,71,0,0.7043701799485861,0.7043701799485861,,false
proeye:01405151,"",6,44,52,1,0.09045226130653267,0.22249388753056235,0.13204162622402968,false
proeye:23725151,"",1,62,62,0,0.4623115577889447,0.4623115577889447,,false
unresolved:2020:default:C:64:永井,"",1,66,66,0,0.5655526992287918,0.5655526992287918,,false
proeye:21325138,"",7,83,83,0,0.9271356783919598,0.8785529715762274,-0.0485827068157324,false
proeye:41345151,"",6,81,81,0,0.9020100502512562,0.8386308068459658,-0.06337924340529044,true
unresolved:2020:default:D:40:桂,"",1,42,42,0,0.05912596401028278,0.05912596401028278,,false
proeye:21925151,"",7,61,61,0,0.4321608040201005,0.37209302325581395,-0.06006778076428654,true
proeye:91195151,"",7,55,41,1,0.271356783919598,0.06201550387596899,-0.209341280043629,false
proeye:81585151,"",7,78,81,1,0.8316582914572864,0.8449612403100775,0.013302948852791041,false
unresolved:2020:default:E:39:水上,"",1,50,50,0,0.16452442159383032,0.16452442159383032,,false
proeye:61965151,"",7,78,84,1,0.8316582914572864,0.9043927648578811,0.07273447340059469,false
proeye:01905151,"",7,62,62,0,0.4623115577889447,0.40310077519379844,-0.05921078259514628,true
unresolved:2020:default:E:64:田中,"",1,78,78,0,0.8329048843187661,0.8329048843187661,,false
proeye:01805151,"",7,67,75,1,0.6055276381909548,0.7493540051679587,0.1438263669770039,false
proeye:11515151,"",7,60,60,0,0.39195979899497485,0.34366925064599485,-0.04829054834898,false
unresolved:2020:default:F:42:郡,"",1,66,66,0,0.5655526992287918,0.5655526992287918,,false
proeye:01305151,"",3,62,64,1,0.4623115577889447,0.5242718446601942,0.06196028687124944,false
unresolved:2020:default:F:55:難波,"",1,62,62,0,0.442159383033419,0.442159383033419,,false
unresolved:2020:default:F:63:王,"",1,66,66,0,0.5655526992287918,0.5655526992287918,,false
proeye:01705151,"",3,71,71,0,0.7110552763819096,0.691747572815534,-0.019307703566375567,false
proeye:03105151,"",7,41,41,0,0.052763819095477386,0.06201550387596899,0.009251684780491605,false
unresolved:2020:default:G:52:松井,"",1,67,67,0,0.5989717223650386,0.5989717223650386,,false
proeye:31935151,"",5,40,51,2,0.04522613065326633,0.18472906403940886,0.13950293338614253,false
proeye:53755151,"",1,53,53,0,0.24371859296482412,0.24371859296482412,,false
unresolved:2020:default:G:56:陽,"",1,72,72,0,0.7249357326478149,0.7249357326478149,,false
proeye:13515138,"",1,72,72,0,0.7361809045226131,0.7361809045226131,,false
unresolved:2020:default:G:60:丸,"",1,70,70,0,0.6606683804627249,0.6606683804627249,,false
unresolved:2020:default:G:65:村上,"",1,68,68,0,0.6195372750642674,0.6195372750642674,,false
unresolved:2020:default:G:66:伊藤,"",1,50,50,0,0.16452442159383032,0.16452442159383032,,false
proeye:81385151,"",7,52,52,0,0.228643216080402,0.20671834625322996,-0.02192486982717204,false
proeye:11015136,"",7,51,51,0,0.20351758793969849,0.18863049095607234,-0.014887096983626141,false
unresolved:2020:default:H:53:野村,"",1,48,48,0,0.14395886889460155,0.14395886889460155,,false
unresolved:2020:default:H:55:小林,"",1,73,73,0,0.7480719794344473,0.7480719794344473,,false
proeye:73175151,"",7,67,67,2,0.6055276381909548,0.5684754521963824,-0.037052185994572384,false
unresolved:2020:default:H:66:水谷,"",1,66,66,0,0.5655526992287918,0.5655526992287918,,false
proeye:91095151,"",6,82,82,0,0.9095477386934674,0.8581907090464548,-0.05135702964701261,true
proeye:61265151,"",7,34,46,1,0.005025125628140704,0.11886304909560723,0.11383792346746653,false
unresolved:2020:default:L:38:森,"",1,65,65,0,0.5295629820051414,0.5295629820051414,,false
unresolved:2020:default:L:46:佐藤,"",1,55,55,0,0.2647814910025707,0.2647814910025707,,false
proeye:11915151,"",4,75,75,0,0.7788944723618091,0.7506112469437652,-0.028283225418043845,false
unresolved:2020:default:L:53:呉,"",1,70,70,0,0.6606683804627249,0.6606683804627249,,false
unresolved:2020:default:L:54:森越,"",1,64,64,0,0.5089974293059126,0.5089974293059126,,false
proeye:23525151,"",2,84,84,0,0.9422110552763819,0.9333333333333333,-0.008877721943048589,false
unresolved:2020:default:L:59:岸,"",1,80,80,0,0.8868894601542416,0.8868894601542416,,false
proeye:71075151,"",7,71,71,0,0.7110552763819096,0.6640826873385013,-0.046972589043408286,false
proeye:51655151,"",5,58,58,0,0.3442211055276382,0.29802955665024633,-0.04619154887739185,false
unresolved:2020:default:M:56:福田,"",1,78,78,0,0.8329048843187661,0.8329048843187661,,false
proeye:11215151,"",7,80,90,1,0.8844221105527639,0.9638242894056848,0.07940217885292089,false
proeye:91995151,"",7,63,56,1,0.507537688442211,0.24806201550387597,-0.25947567293833507,false
proeye:13915151,"",2,36,36,0,0.02512562814070352,0.03155339805825243,0.006427769917548908,false
proeye:21725151,"",2,48,48,0,0.1457286432160804,0.1506172839506173,0.004888640734536903,false
unresolved:2020:default:OBU:54:宗,"",1,84,84,0,0.9434447300771208,0.9434447300771208,,false
proeye:73575151,"",2,49,24,1,0.16080402010050251,0,-0.16080402010050251,false
unresolved:2020:default:OBU:66:根本,"",1,78,78,0,0.8329048843187661,0.8329048843187661,,false
unresolved:2020:default:S:38:嶋,"",1,58,58,0,0.33676092544987146,0.33676092544987146,,false
unresolved:2020:default:S:41:松本,"",1,50,50,0,0.16452442159383032,0.16452442159383032,,false
proeye:33335151,"",1,60,60,0,0.39195979899497485,0.39195979899497485,,false
proeye:51455151,"",7,66,58,1,0.5778894472361809,0.29457364341085274,-0.2833158038253281,false
proeye:71275151,"",7,70,70,0,0.678391959798995,0.6382428940568475,-0.040149065742147494,false
unresolved:2020:default:T:40:藤田,"",1,60,60,0,0.37789203084832906,0.37789203084832906,,false
proeye:63765151,"",1,29,29,0,0,0,,false
unresolved:2020:default:T:52:遠藤,"",1,63,63,0,0.4884318766066838,0.4884318766066838,,false
proeye:63365151,"",2,41,36,1,0.052763819095477386,0.027160493827160494,-0.025603325268316893,false
proeye:31335151,"",6,52,52,0,0.228643216080402,0.22249388753056235,-0.0061493285498396555,false
unresolved:2020:1_05:BA:58:森,"",1,81,81,0,0.9010152284263959,0.9010152284263959,,false
unresolved:2020:1_05:C:49:林,"",1,42,42,0,0.06091370558375635,0.06091370558375635,,false
unresolved:2020:1_05:C:50:中神,"",1,71,71,0,0.7055837563451777,0.7055837563451777,,false
unresolved:2020:1_05:C:65:永井,"",1,66,66,0,0.5710659898477157,0.5710659898477157,,false
unresolved:2020:1_05:D:40:桂,"",1,42,42,0,0.06091370558375635,0.06091370558375635,,false
proeye:73975136,"",7,43,43,0,0.07788944723618091,0.09043927648578812,0.012549829249607208,false
proeye:33535151,"",1,59,59,0,0.3869346733668342,0.3869346733668342,,false
unresolved:2020:1_05:E:40:水上,"",1,50,50,0,0.16243654822335024,0.16243654822335024,,false
unresolved:2020:1_05:E:66:田中,"",1,78,78,0,0.8299492385786802,0.8299492385786802,,false
unresolved:2020:1_05:F:42:郡,"",1,66,66,0,0.5710659898477157,0.5710659898477157,,false
unresolved:2020:1_05:F:56:難波,"",1,62,62,0,0.44923857868020306,0.44923857868020306,,false
unresolved:2020:1_05:F:67:王,"",1,66,66,0,0.5710659898477157,0.5710659898477157,,false
unresolved:2020:1_05:G:55:松井,"",1,67,67,0,0.6015228426395939,0.6015228426395939,,false
unresolved:2020:1_05:G:59:陽,"",1,72,72,0,0.7284263959390863,0.7284263959390863,,false
unresolved:2020:1_05:G:63:丸,"",1,70,70,0,0.6624365482233503,0.6624365482233503,,false
unresolved:2020:1_05:G:68:村上,"",1,68,68,0,0.6218274111675127,0.6218274111675127,,false
unresolved:2020:1_05:G:69:伊藤,"",1,50,50,0,0.16243654822335024,0.16243654822335024,,false
unresolved:2020:1_05:H:51:野村,"",1,48,48,0,0.14213197969543148,0.14213197969543148,,false
unresolved:2020:1_05:H:55:小林,"",1,73,73,0,0.751269035532995,0.751269035532995,,false
unresolved:2020:1_05:H:66:水谷,"",1,66,66,0,0.5710659898477157,0.5710659898477157,,false
unresolved:2020:1_05:L:39:森,"",1,65,65,0,0.5355329949238579,0.5355329949238579,,false
unresolved:2020:1_05:L:47:佐藤,"",1,55,55,0,0.2639593908629442,0.2639593908629442,,false
unresolved:2020:1_05:L:52:呉,"",1,70,70,0,0.6624365482233503,0.6624365482233503,,false
unresolved:2020:1_05:L:55:森越,"",1,64,64,0,0.5152284263959391,0.5152284263959391,,false
unresolved:2020:1_05:L:60:岸,"",1,80,80,0,0.883248730964467,0.883248730964467,,false
unresolved:2020:1_05:M:56:福田,"",1,78,78,0,0.8299492385786802,0.8299492385786802,,false
proeye:33335136,"",7,92,92,0,0.992462311557789,0.9741602067183462,-0.018302104839442723,false
unresolved:2020:1_05:OBU:55:宗,"",1,84,84,0,0.9416243654822335,0.9416243654822335,,false
unresolved:2020:1_05:OBU:66:根本,"",1,78,78,0,0.8299492385786802,0.8299492385786802,,false
unresolved:2020:1_05:S:40:嶋,"",1,58,58,0,0.3401015228426396,0.3401015228426396,,false
proeye:61665138,"",4,64,64,0,0.5276381909547738,0.508557457212714,-0.019080733742059874,false
unresolved:2020:1_05:T:40:藤田,"",1,60,60,0,0.38578680203045684,0.38578680203045684,,false
unresolved:2020:1_05:T:51:遠藤,"",1,63,63,0,0.4949238578680203,0.4949238578680203,,false
unresolved:2020:1_06:BA:57:森,"",1,81,81,0,0.9017632241813602,0.9017632241813602,,false
unresolved:2020:1_06:C:49:林,"",1,42,42,0,0.0654911838790932,0.0654911838790932,,false
unresolved:2020:1_06:C:50:中神,"",1,71,71,0,0.7128463476070529,0.7128463476070529,,false
unresolved:2020:1_06:C:65:永井,"",1,66,66,0,0.5768261964735516,0.5768261964735516,,false
unresolved:2020:1_06:D:42:桂,"",1,42,42,0,0.0654911838790932,0.0654911838790932,,false
unresolved:2020:1_06:E:41:水上,"",1,50,50,0,0.16876574307304787,0.16876574307304787,,false
unresolved:2020:1_06:F:42:郡,"",1,66,66,0,0.5768261964735516,0.5768261964735516,,false
proeye:81485151,"",2,38,38,0,0.04020100502512563,0.04197530864197531,0.0017743036168496804,false
unresolved:2020:1_06:F:57:難波,"",1,62,62,0,0.4634760705289673,0.4634760705289673,,false
unresolved:2020:1_06:F:68:王,"",1,66,66,0,0.5768261964735516,0.5768261964735516,,false
unresolved:2020:1_06:G:53:松井,"",1,67,67,0,0.6045340050377834,0.6045340050377834,,false
proeye:13315151,"",3,51,51,0,0.20351758793969849,0.18472906403940886,-0.018788523900289622,false
unresolved:2020:1_06:G:59:陽,"",1,72,72,0,0.7380352644836272,0.7380352644836272,,false
unresolved:2020:1_06:G:62:伊藤,"",1,50,50,0,0.16876574307304787,0.16876574307304787,,false
unresolved:2020:1_06:G:65:丸,"",1,70,70,0,0.6750629722921915,0.6750629722921915,,false
unresolved:2020:1_06:G:69:村上,"",1,68,68,0,0.6297229219143576,0.6297229219143576,,false
unresolved:2020:1_06:H:53:野村,"",1,48,48,0,0.14609571788413098,0.14609571788413098,,false
unresolved:2020:1_06:H:56:小林,"",1,73,73,0,0.760705289672544,0.760705289672544,,false
unresolved:2020:1_06:H:67:水谷,"",1,66,66,0,0.5768261964735516,0.5768261964735516,,false
unresolved:2020:1_06:L:36:森,"",1,65,65,0,0.5440806045340051,0.5440806045340051,,false
unresolved:2020:1_06:L:49:佐藤,"",1,55,55,0,0.27204030226700254,0.27204030226700254,,false
unresolved:2020:1_06:L:52:呉,"",1,70,70,0,0.6750629722921915,0.6750629722921915,,false
unresolved:2020:1_06:L:55:森越,"",1,64,64,0,0.5264483627204031,0.5264483627204031,,false
unresolved:2020:1_06:L:60:岸,"",1,80,80,0,0.8841309823677582,0.8841309823677582,,false
unresolved:2020:1_06:M:58:福田,"",1,78,78,0,0.8312342569269522,0.8312342569269522,,false
unresolved:2020:1_06:OBU:57:宗,"",1,84,84,0,0.9420654911838791,0.9420654911838791,,false
proeye:91595151,"",6,46,46,0,0.11809045226130653,0.1271393643031785,0.009048912041871957,false
unresolved:2020:1_06:OBU:67:根本,"",1,78,78,0,0.8312342569269522,0.8312342569269522,,false
unresolved:2020:1_06:S:41:嶋,"",1,58,58,0,0.345088161209068,0.345088161209068,,false
unresolved:2020:1_06:T:42:藤田,"",1,60,60,0,0.3929471032745592,0.3929471032745592,,false
unresolved:2020:1_06:T:53:遠藤,"",1,63,63,0,0.5088161209068011,0.5088161209068011,,false
unresolved:2020:1_07:BA:57:森,"",1,81,81,0,0.9020100502512562,0.9020100502512562,,false
unresolved:2020:1_07:C:49:林,"",1,42,42,0,0.06532663316582915,0.06532663316582915,,false
unresolved:2020:1_07:C:50:中神,"",1,71,71,0,0.7110552763819096,0.7110552763819096,,false
unresolved:2020:1_07:C:65:永井,"",1,66,66,0,0.5778894472361809,0.5778894472361809,,false
unresolved:2020:1_07:D:42:桂,"",1,42,42,0,0.06532663316582915,0.06532663316582915,,false
unresolved:2020:1_07:E:41:水上,"",1,50,50,0,0.16834170854271358,0.16834170854271358,,false
unresolved:2020:1_07:F:42:郡,"",1,66,66,0,0.5778894472361809,0.5778894472361809,,false
unresolved:2020:1_07:F:57:難波,"",1,62,62,0,0.4623115577889447,0.4623115577889447,,false
unresolved:2020:1_07:F:68:王,"",1,66,66,0,0.5778894472361809,0.5778894472361809,,false
unresolved:2020:1_07:G:29:戸根,"",1,63,63,0,0.507537688442211,0.507537688442211,,false
unresolved:2020:1_07:G:53:松井,"",1,67,67,0,0.6055276381909548,0.6055276381909548,,false
unresolved:2020:1_07:G:59:陽,"",1,72,72,0,0.7361809045226131,0.7361809045226131,,false
unresolved:2020:1_07:G:62:伊藤海,"",1,50,50,0,0.16834170854271358,0.16834170854271358,,false
unresolved:2020:1_07:G:65:丸,"",1,70,70,0,0.678391959798995,0.678391959798995,,false
unresolved:2020:1_07:G:69:村上,"",1,68,68,0,0.6306532663316583,0.6306532663316583,,false
unresolved:2020:1_07:H:54:野村,"",1,48,48,0,0.1457286432160804,0.1457286432160804,,false
unresolved:2020:1_07:H:57:小林,"",1,73,73,0,0.7587939698492462,0.7587939698492462,,false
unresolved:2020:1_07:H:67:水谷,"",1,66,66,0,0.5778894472361809,0.5778894472361809,,false
unresolved:2020:1_07:L:36:森,"",1,65,65,0,0.5452261306532663,0.5452261306532663,,false
unresolved:2020:1_07:L:49:佐藤,"",1,55,55,0,0.271356783919598,0.271356783919598,,false
unresolved:2020:1_07:L:52:呉,"",1,70,70,0,0.678391959798995,0.678391959798995,,false
unresolved:2020:1_07:L:55:森越,"",1,64,64,0,0.5276381909547738,0.5276381909547738,,false
unresolved:2020:1_07:L:60:岸,"",1,80,80,0,0.8844221105527639,0.8844221105527639,,false
unresolved:2020:1_07:M:58:福田,"",1,78,78,0,0.8316582914572864,0.8316582914572864,,false
unresolved:2020:1_07:OBU:57:宗,"",1,84,84,0,0.9422110552763819,0.9422110552763819,,false
unresolved:2020:1_07:OBU:67:根本,"",1,78,78,0,0.8316582914572864,0.8316582914572864,,false
unresolved:2020:1_07:S:40:嶋,"",1,58,58,0,0.3442211055276382,0.3442211055276382,,false
unresolved:2020:1_07:T:42:藤田,"",1,60,60,0,0.39195979899497485,0.39195979899497485,,false
unresolved:2020:1_07:T:53:遠藤,"",1,63,63,0,0.507537688442211,0.507537688442211,,false
unresolved:2020:1_09:BA:46:小深田,"",1,33,33,0,0.0025380710659898475,0.0025380710659898475,,false
unresolved:2020:1_09:BA:53:牧,"",1,53,53,0,0.24619289340101522,0.24619289340101522,,false
unresolved:2020:1_09:BA:54:森,"",1,81,81,0,0.8934010152284264,0.8934010152284264,,false
proeye:83585153,"",1,38,38,0,0.04197530864197531,0.04197530864197531,,false
unresolved:2020:1_09:C:50:林,"",1,42,42,0,0.06598984771573604,0.06598984771573604,,false
unresolved:2020:1_09:C:51:中神,"",1,71,71,0,0.7055837563451777,0.7055837563451777,,false
proeye:93395153,"",6,71,78,1,0.6987654320987654,0.8036175710594315,0.10485213896066614,false
unresolved:2020:1_09:C:65:永井,"",1,66,66,0,0.5736040609137056,0.5736040609137056,,false
unresolved:2020:1_09:D:38:桂,"",1,42,42,0,0.06598984771573604,0.06598984771573604,,false
proeye:51455153,"",6,62,66,2,0.4419753086419753,0.5348837209302325,0.09290841228825719,false
proeye:43545153,"",1,67,67,0,0.5925925925925926,0.5925925925925926,,false
proeye:83185153,"",4,79,79,0,0.854320987654321,0.812807881773399,-0.04151310588092194,false
unresolved:2020:1_09:E:42:水上,"",1,50,50,0,0.1700507614213198,0.1700507614213198,,false
proeye:41345153,"",6,51,51,0,0.2074074074074074,0.18863049095607234,-0.018776916451335057,false
proeye:63765153,"",1,64,64,0,0.5111111111111111,0.5111111111111111,,false
proeye:63565153,"",1,77,77,0,0.7975308641975308,0.7975308641975308,,false
unresolved:2020:1_09:F:37:郡,"",1,66,66,0,0.5736040609137056,0.5736040609137056,,false
proeye:01805153,"",5,67,67,0,0.5925925925925926,0.5721271393643031,-0.02046545322828941,false
unresolved:2020:1_09:F:53:難波,"",1,62,62,0,0.45685279187817257,0.45685279187817257,,false
proeye:61865153,"",6,82,84,1,0.8938271604938272,0.9043927648578811,0.01056560436405396,false
proeye:03905153,"",1,53,53,0,0.24691358024691357,0.24691358024691357,,false
unresolved:2020:1_09:F:62:王,"",1,66,66,0,0.5736040609137056,0.5736040609137056,,false
proeye:11315153,"",6,94,97,1,0.9925925925925926,0.9922480620155039,-0.0003445305770887197,false
proeye:21325153,"",6,64,64,0,0.5111111111111111,0.4599483204134367,-0.051162790697674376,true
unresolved:2020:1_09:G:34:萩原,"",1,44,44,0,0.09137055837563451,0.09137055837563451,,false
proeye:51655153,"",6,70,70,0,0.6617283950617284,0.6382428940568475,-0.023485501004880893,false
proeye:71175153,"",6,62,62,0,0.4419753086419753,0.40310077519379844,-0.03887453344817687,false
proeye:23725153,"",1,35,35,0,0.015113350125944584,0.015113350125944584,,false
unresolved:2020:1_09:G:50:松井,"",1,67,67,0,0.6015228426395939,0.6015228426395939,,false
unresolved:2020:1_09:G:56:陽,"",1,72,72,0,0.7309644670050761,0.7309644670050761,,false
unresolved:2020:1_09:G:57:伊藤海,"",1,50,50,0,0.1700507614213198,0.1700507614213198,,false
proeye:83785153,"",1,36,36,0,0.027707808564231738,0.027707808564231738,,false
unresolved:2020:1_09:G:60:丸,"",1,70,70,0,0.6725888324873096,0.6725888324873096,,false
unresolved:2020:1_09:H:36:牧原巧,"",1,58,58,0,0.34517766497461927,0.34517766497461927,,false
proeye:81785153,"",4,66,66,0,0.562962962962963,0.5344827586206896,-0.028480204342273385,false
unresolved:2020:1_09:H:55:小林,"",1,73,73,0,0.7538071065989848,0.7538071065989848,,false
proeye:01305153,"",6,63,63,0,0.4839506172839506,0.4289405684754522,-0.05501004880849841,true
unresolved:2020:1_09:H:66:水谷,"",1,66,66,0,0.5736040609137056,0.5736040609137056,,false
proeye:91095153,"",6,62,66,1,0.4419753086419753,0.5348837209302325,0.09290841228825719,false
unresolved:2020:1_09:L:34:森,"",1,65,65,0,0.5431472081218274,0.5431472081218274,,false
proeye:73575153,"",5,47,50,2,0.13333333333333333,0.19559902200489,0.06226568867155666,false
proeye:83385153,"",6,51,56,1,0.2074074074074074,0.24806201550387597,0.040654608096468564,false
unresolved:2020:1_09:L:52:呉,"",1,70,70,0,0.6725888324873096,0.6725888324873096,,false
proeye:91295153,"",4,69,69,0,0.6444444444444445,0.6182266009852216,-0.026217843459222845,false
unresolved:2020:1_09:L:58:岸,"",1,80,80,0,0.8756345177664975,0.8756345177664975,,false
proeye:53555153,"",6,85,85,0,0.9555555555555556,0.9250645994832042,-0.030490956072351416,false
proeye:61465153,"",5,43,43,0,0.08148148148148149,0.09043927648578812,0.008957795004306629,false
proeye:33035153,"",2,61,61,0,0.41975308641975306,0.42718446601941745,0.0074313795996643894,false
proeye:11715153,"",6,73,86,1,0.7530864197530864,0.9354005167958657,0.18231409704277923,false
proeye:21625150,"",5,50,62,1,0.17037037037037037,0.40310077519379844,0.23273040482342808,false
unresolved:2020:1_09:M:62:加藤,"",1,82,82,0,0.9010152284263959,0.9010152284263959,,false
unresolved:2020:1_09:OBU:38:中川拓,"",1,37,37,0,0.03299492385786802,0.03299492385786802,,false
unresolved:2020:1_09:OBU:57:宗,"",1,84,84,0,0.9365482233502538,0.9365482233502538,,false
unresolved:2020:1_09:OBU:59:元,"",1,70,70,0,0.6725888324873096,0.6725888324873096,,false
unresolved:2020:1_09:OBU:63:佐野,"",1,93,93,0,0.9898477157360406,0.9898477157360406,,false
proeye:51955153,"",6,83,85,1,0.9135802469135802,0.9250645994832042,0.01148435256962399,false
unresolved:2020:1_09:S:35:嶋,"",1,58,58,0,0.34517766497461927,0.34517766497461927,,false
proeye:91595153,"",6,56,56,0,0.3012345679012346,0.24806201550387597,-0.05317255239735863,true
proeye:33335153,"",5,61,53,1,0.41975308641975306,0.24449877750611246,-0.1752543089136406,false
proeye:23525153,"",6,41,41,0,0.06172839506172839,0.06201550387596899,0.00028710881424059975,false
proeye:53755153,"",6,47,47,0,0.13333333333333333,0.1343669250645995,0.001033591731266159,false
proeye:91695153,"",6,95,97,1,0.9950617283950617,0.9922480620155039,-0.002813666379557822,false
proeye:51055153,"",6,63,63,0,0.4839506172839506,0.4289405684754522,-0.05501004880849841,true
unresolved:2020:1_09:T:41:藤田,"",1,60,60,0,0.3883248730964467,0.3883248730964467,,false
proeye:41445153,"",6,75,75,0,0.7753086419753087,0.7493540051679587,-0.025954636807349996,false
unresolved:2020:1_09:T:51:遠藤,"",1,63,63,0,0.5,0.5,,false
proeye:41245153,"",6,78,78,0,0.8222222222222222,0.8036175710594315,-0.018604651162790642,false
proeye:41045153,"",6,68,68,0,0.6222222222222222,0.6020671834625323,-0.020155038759689936,false
unresolved:2020:1_09:T:64:ロハスJr,"",1,67,67,0,0.6015228426395939,0.6015228426395939,,false
unresolved:2020:1_09:T:67:高山,"",1,74,74,0,0.7690355329949239,0.7690355329949239,,false
unresolved:2020:1_12:BA:46:小深田,"",1,33,33,0,0.0025252525252525255,0.0025252525252525255,,false
unresolved:2020:1_12:BA:49:牧,"",1,53,53,0,0.24494949494949494,0.24494949494949494,,false
unresolved:2020:1_12:BA:55:森,"",1,81,81,0,0.8939393939393939,0.8939393939393939,,false
unresolved:2020:1_12:C:51:林,"",1,42,42,0,0.06565656565656566,0.06565656565656566,,false
unresolved:2020:1_12:C:52:中神,"",1,71,71,0,0.6994949494949495,0.6994949494949495,,false
unresolved:2020:1_12:C:67:永井,"",1,70,70,0,0.6641414141414141,0.6641414141414141,,false
unresolved:2020:1_12:D:38:桂,"",1,42,42,0,0.06565656565656566,0.06565656565656566,,false
unresolved:2020:1_12:E:43:水上,"",1,50,50,0,0.1691919191919192,0.1691919191919192,,false
unresolved:2020:1_12:F:39:郡,"",1,66,66,0,0.5656565656565656,0.5656565656565656,,false
unresolved:2020:1_12:F:54:難波,"",1,62,62,0,0.4494949494949495,0.4494949494949495,,false
unresolved:2020:1_12:F:63:王,"",1,66,66,0,0.5656565656565656,0.5656565656565656,,false
unresolved:2020:1_12:G:34:萩原,"",1,44,44,0,0.09090909090909091,0.09090909090909091,,false
unresolved:2020:1_12:G:50:松井,"",1,67,67,0,0.5934343434343434,0.5934343434343434,,false
unresolved:2020:1_12:G:58:陽,"",1,72,72,0,0.7297979797979798,0.7297979797979798,,false
unresolved:2020:1_12:G:59:伊藤海,"",1,50,50,0,0.1691919191919192,0.1691919191919192,,false
unresolved:2020:1_12:G:61:丸,"",1,70,70,0,0.6641414141414141,0.6641414141414141,,false
unresolved:2020:1_12:H:36:牧原巧,"",1,58,58,0,0.3434343434343434,0.3434343434343434,,false
unresolved:2020:1_12:H:55:小林,"",1,73,73,0,0.75,0.75,,false
unresolved:2020:1_12:H:66:水谷,"",1,66,66,0,0.5656565656565656,0.5656565656565656,,false
unresolved:2020:1_12:L:34:森,"",1,65,65,0,0.5353535353535354,0.5353535353535354,,false
unresolved:2020:1_12:L:53:呉,"",1,70,70,0,0.6641414141414141,0.6641414141414141,,false
unresolved:2020:1_12:L:58:岸,"",1,80,80,0,0.8762626262626263,0.8762626262626263,,false
unresolved:2020:1_12:M:66:加藤,"",1,82,82,0,0.9015151515151515,0.9015151515151515,,false
unresolved:2020:1_12:OBU:39:中川拓,"",1,37,37,0,0.03282828282828283,0.03282828282828283,,false
unresolved:2020:1_12:OBU:58:宗,"",1,84,84,0,0.9368686868686869,0.9368686868686869,,false
unresolved:2020:1_12:OBU:61:元,"",1,70,70,0,0.6641414141414141,0.6641414141414141,,false
proeye:11215153,"",3,71,71,0,0.6987654320987654,0.6650366748166259,-0.03372875728213953,false
unresolved:2020:1_12:S:38:嶋,"",1,58,58,0,0.3434343434343434,0.3434343434343434,,false
unresolved:2020:1_12:T:41:藤田,"",1,60,60,0,0.38636363636363635,0.38636363636363635,,false
unresolved:2020:1_12:T:51:遠藤,"",1,63,63,0,0.4898989898989899,0.4898989898989899,,false
unresolved:2020:1_12:T:66:ロハスJr,"",1,67,67,0,0.5934343434343434,0.5934343434343434,,false
unresolved:2020:1_12:T:67:高山,"",1,74,74,0,0.7676767676767676,0.7676767676767676,,false
unresolved:2020:1_13:BA:47:小深田,"",1,33,33,0,0.005037783375314861,0.005037783375314861,,false
unresolved:2020:1_13:BA:50:牧,"",1,53,53,0,0.24433249370277077,0.24433249370277077,,false
unresolved:2020:1_13:BA:56:森,"",1,81,81,0,0.8866498740554156,0.8866498740554156,,false
unresolved:2020:1_13:C:51:林,"",1,42,42,0,0.07304785894206549,0.07304785894206549,,false
unresolved:2020:1_13:C:52:中神,"",1,71,71,0,0.7002518891687658,0.7002518891687658,,false
unresolved:2020:1_13:C:68:永井,"",1,70,70,0,0.6599496221662469,0.6599496221662469,,false
unresolved:2020:1_13:D:37:桂,"",1,42,42,0,0.07304785894206549,0.07304785894206549,,false
unresolved:2020:1_13:E:43:水上,"",1,50,50,0,0.16876574307304787,0.16876574307304787,,false
unresolved:2020:1_13:F:40:郡,"",1,66,66,0,0.5692695214105793,0.5692695214105793,,false
unresolved:2020:1_13:F:55:難波,"",1,62,62,0,0.44836272040302266,0.44836272040302266,,false
unresolved:2020:1_13:F:65:王,"",1,66,66,0,0.5692695214105793,0.5692695214105793,,false
unresolved:2020:1_13:G:36:萩原,"",1,44,44,0,0.09319899244332494,0.09319899244332494,,false
unresolved:2020:1_13:G:52:松井,"",1,67,67,0,0.5944584382871536,0.5944584382871536,,false
unresolved:2020:1_13:G:57:陽,"",1,72,72,0,0.7329974811083123,0.7329974811083123,,false
unresolved:2020:1_13:G:58:伊藤海,"",1,50,50,0,0.16876574307304787,0.16876574307304787,,false
unresolved:2020:1_13:G:61:丸,"",1,70,70,0,0.6599496221662469,0.6599496221662469,,false
unresolved:2020:1_13:H:37:牧原巧,"",1,58,58,0,0.34760705289672544,0.34760705289672544,,false
unresolved:2020:1_13:H:56:小林,"",1,73,73,0,0.7531486146095718,0.7531486146095718,,false
unresolved:2020:1_13:H:67:水谷,"",1,71,71,0,0.7002518891687658,0.7002518891687658,,false
unresolved:2020:1_13:L:35:森,"",1,65,65,0,0.5390428211586902,0.5390428211586902,,false
unresolved:2020:1_13:L:50:呉,"",1,70,70,0,0.6599496221662469,0.6599496221662469,,false
unresolved:2020:1_13:L:58:岸,"",1,80,80,0,0.8740554156171285,0.8740554156171285,,false
unresolved:2020:1_13:M:65:加藤,"",1,82,82,0,0.8942065491183879,0.8942065491183879,,false
unresolved:2020:1_13:OBU:38:中川拓,"",1,37,37,0,0.037783375314861464,0.037783375314861464,,false
unresolved:2020:1_13:OBU:53:宗,"",1,84,84,0,0.9345088161209067,0.9345088161209067,,false
unresolved:2020:1_13:OBU:60:元,"",1,70,70,0,0.6599496221662469,0.6599496221662469,,false
unresolved:2020:1_13:S:38:嶋,"",1,58,58,0,0.34760705289672544,0.34760705289672544,,false
unresolved:2020:1_13:T:40:藤田,"",1,60,60,0,0.3879093198992443,0.3879093198992443,,false
unresolved:2020:1_13:T:50:遠藤,"",1,63,63,0,0.491183879093199,0.491183879093199,,false
proeye:71775151,"",6,62,64,1,0.4419753086419753,0.4599483204134367,0.017973011771461378,false
unresolved:2020:1_13:T:66:ロハスJr,"",1,67,67,0,0.5944584382871536,0.5944584382871536,,false
unresolved:2020:1_13:T:67:高山,"",1,74,74,0,0.7682619647355163,0.7682619647355163,,false
unresolved:2020:1_15:BA:49:小深田,"",1,33,33,0,0.009876543209876543,0.009876543209876543,,false
unresolved:2020:1_15:BA:52:牧,"",1,53,53,0,0.24691358024691357,0.24691358024691357,,false
unresolved:2020:1_15:BA:55:森,"",1,81,81,0,0.8864197530864197,0.8864197530864197,,false
unresolved:2020:1_15:C:46:林,"",1,42,42,0,0.07160493827160494,0.07160493827160494,,false
unresolved:2020:1_15:C:52:中神,"",1,71,71,0,0.6987654320987654,0.6987654320987654,,false
unresolved:2020:1_15:C:66:永井,"",1,70,70,0,0.6592592592592592,0.6592592592592592,,false
unresolved:2020:1_15:D:36:桂,"",1,42,42,0,0.07160493827160494,0.07160493827160494,,false
unresolved:2020:1_15:E:44:水上,"",1,50,50,0,0.17037037037037037,0.17037037037037037,,false
unresolved:2020:1_15:F:38:郡,"",1,66,66,0,0.562962962962963,0.562962962962963,,false
unresolved:2020:1_15:F:53:難波,"",1,62,62,0,0.4419753086419753,0.4419753086419753,,false
unresolved:2020:1_15:F:63:王,"",1,66,66,0,0.562962962962963,0.562962962962963,,false
proeye:91895151,"",2,84,84,0,0.9333333333333333,0.9271844660194175,-0.00614886731391584,false
proeye:31935153,"",5,48,48,0,0.1506172839506173,0.15892420537897312,0.008306921428355818,false
unresolved:2020:1_15:G:40:萩原,"",1,44,44,0,0.08888888888888889,0.08888888888888889,,false
unresolved:2020:1_15:G:53:松井,"",1,67,67,0,0.5925925925925926,0.5925925925925926,,false
proeye:31635151,"",1,78,78,0,0.8222222222222222,0.8222222222222222,,false
unresolved:2020:1_15:G:62:陽,"",1,72,72,0,0.7308641975308642,0.7308641975308642,,false
unresolved:2020:1_15:G:63:伊藤海,"",1,50,50,0,0.17037037037037037,0.17037037037037037,,false
proeye:23025153,"",1,68,68,0,0.6222222222222222,0.6222222222222222,,false
unresolved:2020:1_15:G:66:丸,"",1,70,70,0,0.6592592592592592,0.6592592592592592,,false
unresolved:2020:1_15:H:35:牧原巧,"",1,58,58,0,0.34814814814814815,0.34814814814814815,,false
proeye:93195138,"",6,59,59,0,0.3802469135802469,0.3281653746770026,-0.05208153890324435,true
unresolved:2020:1_15:H:55:小林,"",1,73,73,0,0.7530864197530864,0.7530864197530864,,false
proeye:73075153,"",1,48,48,0,0.1506172839506173,0.1506172839506173,,false
unresolved:2020:1_15:H:69:水谷,"",1,71,71,0,0.6987654320987654,0.6987654320987654,,false
unresolved:2020:1_15:L:36:森,"",1,65,65,0,0.5333333333333333,0.5333333333333333,,false
unresolved:2020:1_15:L:52:呉,"",1,70,70,0,0.6592592592592592,0.6592592592592592,,false
unresolved:2020:1_15:L:57:岸,"",1,80,80,0,0.8716049382716049,0.8716049382716049,,false
proeye:91395151,"",6,28,28,0,0.0024691358024691358,0.002583979328165375,0.00011484352569623903,false
unresolved:2020:1_15:M:42:加藤,"",1,60,60,0,0.3851851851851852,0.3851851851851852,,false
unresolved:2020:1_15:OBU:40:中川拓,"",1,37,37,0,0.0345679012345679,0.0345679012345679,,false
proeye:93095153,"",2,44,44,0,0.08888888888888889,0.10194174757281553,0.013052858683926638,false
unresolved:2020:1_15:OBU:57:宗,"",1,84,84,0,0.9333333333333333,0.9333333333333333,,false
unresolved:2020:1_15:OBU:63:元,"",1,70,70,0,0.6592592592592592,0.6592592592592592,,false
unresolved:2020:1_15:S:39:嶋,"",1,58,58,0,0.34814814814814815,0.34814814814814815,,false
unresolved:2020:1_15:T:41:藤田,"",1,60,60,0,0.3851851851851852,0.3851851851851852,,false
unresolved:2020:1_15:T:52:遠藤,"",1,63,63,0,0.4839506172839506,0.4839506172839506,,false
unresolved:2020:1_15:T:66:ロハスJr,"",1,67,67,0,0.5925925925925926,0.5925925925925926,,false
unresolved:2020:1_15:T:67:高山,"",1,74,74,0,0.7679012345679013,0.7679012345679013,,false
unresolved:2020:1_16:BA:49:小深田,"",1,33,33,0,0.009876543209876543,0.009876543209876543,,false
unresolved:2020:1_16:BA:52:牧,"",1,53,53,0,0.24691358024691357,0.24691358024691357,,false
unresolved:2020:1_16:BA:58:森,"",1,81,81,0,0.8864197530864197,0.8864197530864197,,false
unresolved:2020:1_16:C:47:林,"",1,42,42,0,0.07160493827160494,0.07160493827160494,,false
unresolved:2020:1_16:C:52:中神,"",1,71,71,0,0.6987654320987654,0.6987654320987654,,false
unresolved:2020:1_16:C:66:永井,"",1,70,70,0,0.6617283950617284,0.6617283950617284,,false
unresolved:2020:1_16:D:36:桂,"",1,42,42,0,0.07160493827160494,0.07160493827160494,,false
unresolved:2020:1_16:E:44:水上,"",1,50,50,0,0.17037037037037037,0.17037037037037037,,false
unresolved:2020:1_16:F:38:郡,"",1,66,66,0,0.562962962962963,0.562962962962963,,false
unresolved:2020:1_16:F:54:難波,"",1,62,62,0,0.4419753086419753,0.4419753086419753,,false
unresolved:2020:1_16:F:63:王,"",1,66,66,0,0.562962962962963,0.562962962962963,,false
unresolved:2020:1_16:G:40:萩原,"",1,44,44,0,0.08888888888888889,0.08888888888888889,,false
unresolved:2020:1_16:G:53:松井,"",1,67,67,0,0.5925925925925926,0.5925925925925926,,false
unresolved:2020:1_16:G:62:陽,"",1,72,72,0,0.7308641975308642,0.7308641975308642,,false
unresolved:2020:1_16:G:63:伊藤海,"",1,50,50,0,0.17037037037037037,0.17037037037037037,,false
unresolved:2020:1_16:G:66:丸,"",1,70,70,0,0.6617283950617284,0.6617283950617284,,false
unresolved:2020:1_16:H:35:牧原巧,"",1,58,58,0,0.34814814814814815,0.34814814814814815,,false
unresolved:2020:1_16:H:55:小林,"",1,73,73,0,0.7530864197530864,0.7530864197530864,,false
unresolved:2020:1_16:H:68:水谷,"",1,71,71,0,0.6987654320987654,0.6987654320987654,,false
unresolved:2020:1_16:L:36:森,"",1,65,65,0,0.5333333333333333,0.5333333333333333,,false
unresolved:2020:1_16:L:51:呉,"",1,70,70,0,0.6617283950617284,0.6617283950617284,,false
unresolved:2020:1_16:L:56:岸,"",1,80,80,0,0.8716049382716049,0.8716049382716049,,false
unresolved:2020:1_16:M:42:加藤,"",1,60,60,0,0.3851851851851852,0.3851851851851852,,false
unresolved:2020:1_16:OBU:40:中川拓,"",1,37,37,0,0.037037037037037035,0.037037037037037035,,false
unresolved:2020:1_16:OBU:57:宗,"",1,84,84,0,0.9333333333333333,0.9333333333333333,,false
unresolved:2020:1_16:OBU:63:元,"",1,70,70,0,0.6617283950617284,0.6617283950617284,,false
unresolved:2020:1_16:S:39:嶋,"",1,58,58,0,0.34814814814814815,0.34814814814814815,,false
unresolved:2020:1_16:T:41:藤田,"",1,60,60,0,0.3851851851851852,0.3851851851851852,,false
unresolved:2020:1_16:T:52:遠藤,"",1,63,63,0,0.4839506172839506,0.4839506172839506,,false
unresolved:2020:1_16:T:66:ロハスJr,"",1,67,67,0,0.5925925925925926,0.5925925925925926,,false
unresolved:2020:1_16:T:67:高山,"",1,74,74,0,0.7679012345679013,0.7679012345679013,,false
unresolved:2022:default:BA:44:小深田,"",1,33,33,0,0.010126582278481013,0.010126582278481013,,false
unresolved:2022:default:BA:48:牧,"",1,53,53,0,0.2430379746835443,0.2430379746835443,,false
unresolved:2022:default:BA:53:森,"",1,81,81,0,0.8734177215189873,0.8734177215189873,,false
unresolved:2022:default:BA:54:粟飯原,"",1,75,75,0,0.7721518987341772,0.7721518987341772,,false
proeye:51555155,"",5,83,90,1,0.9077669902912622,0.9638242894056848,0.05605729911442259,false
unresolved:2022:default:C:38:高木,"",1,33,33,0,0.010126582278481013,0.010126582278481013,,false
unresolved:2022:default:C:45:林,"",1,42,42,0,0.07848101265822785,0.07848101265822785,,false
unresolved:2022:default:C:49:中神,"",1,71,71,0,0.6936708860759494,0.6936708860759494,,false
proeye:13215155,"",2,42,42,0,0.07524271844660194,0.06845965770171149,-0.006783060744890448,false
proeye:61265155,"",5,62,62,0,0.4538834951456311,0.40310077519379844,-0.050782719951832644,true
proeye:01405155,"",4,60,60,0,0.3883495145631068,0.35207823960880197,-0.03627127495430482,false
proeye:51055155,"",5,61,64,1,0.42718446601941745,0.4599483204134367,0.03276385439401924,false
unresolved:2022:default:D:33:桂,"",1,42,42,0,0.07848101265822785,0.07848101265822785,,false
proeye:83185155,"",5,65,65,0,0.5509708737864077,0.5090439276485789,-0.04192694613782888,false
unresolved:2022:default:D:44:星野,"",1,60,60,0,0.37468354430379747,0.37468354430379747,,false
proeye:71375155,"",5,64,64,0,0.5242718446601942,0.4599483204134367,-0.06432352424675747,true
proeye:31835155,"",2,44,44,0,0.10194174757281553,0.09290953545232274,-0.009032212120492794,false
proeye:71875155,"",5,78,78,0,0.8155339805825242,0.8036175710594315,-0.011916409523092697,false
unresolved:2022:default:E:40:水上,"",1,50,50,0,0.17215189873417722,0.17215189873417722,,false
proeye:43345155,"",4,49,49,0,0.17718446601941748,0.18581907090464547,0.008634604885227992,false
proeye:33935155,"",2,29,29,0,0.007281553398058253,0.0024449877750611247,-0.004836565622997128,false
proeye:53255155,"",1,41,41,0,0.06067961165048544,0.06067961165048544,,false
proeye:43545155,"",5,58,58,0,0.3422330097087379,0.29457364341085274,-0.04765936629788514,false
unresolved:2022:default:E:68:前田,"",1,67,67,0,0.5924050632911393,0.5924050632911393,,false
unresolved:2022:default:F:14:上原,"",1,86,86,0,0.959493670886076,0.959493670886076,,false
unresolved:2022:default:F:37:郡,"",1,66,66,0,0.5620253164556962,0.5620253164556962,,false
proeye:63165155,"",5,68,71,1,0.6213592233009708,0.6640826873385013,0.04272346403753047,false
proeye:01505155,"",5,64,64,0,0.5242718446601942,0.4599483204134367,-0.06432352424675747,true
proeye:53055155,"",1,41,41,0,0.06067961165048544,0.06067961165048544,,false
proeye:01105155,"",5,63,63,0,0.49029126213592233,0.4289405684754522,-0.061350693660470135,true
proeye:71975155,"",5,41,47,1,0.06067961165048544,0.1343669250645995,0.07368731341411405,false
proeye:83585155,"",2,71,71,0,0.691747572815534,0.6650366748166259,-0.026710897998908134,false
unresolved:2022:default:F:62:王,"",1,66,66,0,0.5620253164556962,0.5620253164556962,,false
unresolved:2022:default:G:36:萩原,"",1,44,44,0,0.09620253164556962,0.09620253164556962,,false
unresolved:2022:default:G:47:増田,"",1,77,77,0,0.7924050632911392,0.7924050632911392,,false
unresolved:2022:default:G:53:丸,"",1,70,70,0,0.6582278481012658,0.6582278481012658,,false
proeye:81385155,"",5,66,66,0,0.5752427184466019,0.5348837209302325,-0.0403589975163694,false
proeye:03705155,"",3,74,67,1,0.7669902912621359,0.5640394088669951,-0.2029508823951408,false
proeye:63065155,"",5,67,63,1,0.5970873786407767,0.4289405684754522,-0.16814681016532446,false
unresolved:2022:default:H:34:牧原巧,"",1,58,58,0,0.3341772151898734,0.3341772151898734,,false
proeye:83785155,"",2,52,52,0,0.23058252427184467,0.2273838630806846,-0.0031986611911600793,false
unresolved:2022:default:H:52:小林,"",1,73,73,0,0.7443037974683544,0.7443037974683544,,false
proeye:11615155,"",5,85,81,1,0.941747572815534,0.8449612403100775,-0.09678633250545654,false
proeye:81885155,"",5,48,48,0,0.16019417475728157,0.14987080103359174,-0.010323373723689827,false
unresolved:2022:default:H:64:水谷,"",1,71,71,0,0.6936708860759494,0.6936708860759494,,false
unresolved:2022:default:L:30:森,"",1,65,65,0,0.5316455696202531,0.5316455696202531,,false
proeye:81785155,"",5,35,47,1,0.024271844660194174,0.1343669250645995,0.11009508040440531,false
proeye:41445155,"",2,55,55,0,0.2815533980582524,0.2665036674816626,-0.015049730576589815,false
unresolved:2022:default:L:46:呉,"",1,70,70,0,0.6582278481012658,0.6582278481012658,,false
proeye:43945155,"",1,63,63,0,0.49029126213592233,0.49029126213592233,,false
unresolved:2022:default:L:50:岸,"",1,80,80,0,0.8607594936708861,0.8607594936708861,,false
proeye:43745155,"",1,67,67,0,0.5970873786407767,0.5970873786407767,,false
proeye:53155155,"",5,37,37,0,0.038834951456310676,0.028423772609819122,-0.010411178846491554,false
proeye:21125155,"",5,62,62,0,0.4538834951456311,0.40310077519379844,-0.050782719951832644,true
unresolved:2022:default:M:59:福田,"",1,78,78,0,0.8126582278481013,0.8126582278481013,,false
unresolved:2022:default:OBU:36:中川拓,"",1,37,37,0,0.0379746835443038,0.0379746835443038,,false
proeye:11815155,"",5,58,58,0,0.3422330097087379,0.29457364341085274,-0.04765936629788514,false
unresolved:2022:default:OBU:45:宗,"",1,84,84,0,0.9316455696202531,0.9316455696202531,,false
proeye:73075155,"",1,62,62,0,0.4538834951456311,0.4538834951456311,,false
proeye:81485155,"",5,65,67,1,0.5509708737864077,0.5684754521963824,0.017504578409974658,false
unresolved:2022:default:OBU:56:元,"",1,70,70,0,0.6582278481012658,0.6582278481012658,,false
proeye:63565155,"",5,81,84,1,0.8689320388349514,0.9043927648578811,0.03546072602292971,false
proeye:41145155,"",5,60,60,0,0.3883495145631068,0.34366925064599485,-0.04468026391711194,false
unresolved:2022:default:S:38:嶋,"",1,58,58,0,0.3341772151898734,0.3341772151898734,,false
proeye:51955155,"",5,74,83,2,0.7669902912621359,0.8785529715762274,0.11156268031409144,false
proeye:93195155,"",5,86,86,0,0.9563106796116505,0.9354005167958657,-0.02091016281578484,false
unresolved:2022:default:T:38:藤田,"",1,60,60,0,0.37468354430379747,0.37468354430379747,,false
proeye:51455155,"",5,63,63,0,0.49029126213592233,0.4289405684754522,-0.061350693660470135,true
unresolved:2022:default:T:50:遠藤,"",1,63,63,0,0.4810126582278481,0.4810126582278481,,false
unresolved:2022:default:T:60:ロハスJr,"",1,67,67,0,0.5924050632911393,0.5924050632911393,,false
proeye:31435155,"",5,58,58,0,0.3422330097087379,0.29457364341085274,-0.04765936629788514,false
proeye:21825155,"",5,57,57,0,0.32524271844660196,0.2713178294573643,-0.05392488898923764,true
unresolved:2022:1_02:BA:45:小深田,"",1,33,33,0,0.010101010101010102,0.010101010101010102,,false
unresolved:2022:1_02:BA:48:牧,"",1,53,53,0,0.24242424242424243,0.24242424242424243,,false
unresolved:2022:1_02:BA:53:森,"",1,81,81,0,0.8712121212121212,0.8712121212121212,,false
unresolved:2022:1_02:BA:55:粟飯原,"",1,75,75,0,0.7752525252525253,0.7752525252525253,,false
unresolved:2022:1_02:C:38:高木,"",1,33,33,0,0.010101010101010102,0.010101010101010102,,false
unresolved:2022:1_02:C:48:林,"",1,42,42,0,0.07828282828282829,0.07828282828282829,,false
unresolved:2022:1_02:C:49:中神,"",1,71,71,0,0.6944444444444444,0.6944444444444444,,false
unresolved:2022:1_02:D:32:桂,"",1,42,42,0,0.07828282828282829,0.07828282828282829,,false
unresolved:2022:1_02:D:44:星野,"",1,60,60,0,0.37373737373737376,0.37373737373737376,,false
unresolved:2022:1_02:E:42:水上,"",1,50,50,0,0.1717171717171717,0.1717171717171717,,false
unresolved:2022:1_02:E:69:前田,"",1,67,67,0,0.5934343434343434,0.5934343434343434,,false
unresolved:2022:1_02:F:15:上原,"",1,86,86,0,0.9595959595959596,0.9595959595959596,,false
unresolved:2022:1_02:F:39:郡,"",1,66,66,0,0.5631313131313131,0.5631313131313131,,false
unresolved:2022:1_02:F:62:王,"",1,66,66,0,0.5631313131313131,0.5631313131313131,,false
unresolved:2022:1_02:G:39:萩原,"",1,44,44,0,0.09595959595959595,0.09595959595959595,,false
unresolved:2022:1_02:G:49:増田,"",1,71,71,0,0.6944444444444444,0.6944444444444444,,false
unresolved:2022:1_02:G:58:丸,"",1,70,70,0,0.6590909090909091,0.6590909090909091,,false
unresolved:2022:1_02:H:35:牧原巧,"",1,58,58,0,0.33585858585858586,0.33585858585858586,,false
unresolved:2022:1_02:H:54:小林,"",1,73,73,0,0.7474747474747475,0.7474747474747475,,false
unresolved:2022:1_02:H:66:水谷,"",1,71,71,0,0.6944444444444444,0.6944444444444444,,false
unresolved:2022:1_02:L:31:森,"",1,65,65,0,0.5353535353535354,0.5353535353535354,,false
unresolved:2022:1_02:L:47:呉,"",1,70,70,0,0.6590909090909091,0.6590909090909091,,false
unresolved:2022:1_02:L:52:岸,"",1,80,80,0,0.8585858585858586,0.8585858585858586,,false
unresolved:2022:1_02:M:61:福田,"",1,78,78,0,0.8131313131313131,0.8131313131313131,,false
unresolved:2022:1_02:OBU:36:中川拓,"",1,37,37,0,0.03787878787878788,0.03787878787878788,,false
unresolved:2022:1_02:OBU:45:宗,"",1,84,84,0,0.9292929292929293,0.9292929292929293,,false
unresolved:2022:1_02:OBU:57:元,"",1,70,70,0,0.6590909090909091,0.6590909090909091,,false
unresolved:2022:1_02:S:38:嶋,"",1,58,58,0,0.33585858585858586,0.33585858585858586,,false
unresolved:2022:1_02:T:39:藤田,"",1,60,60,0,0.37373737373737376,0.37373737373737376,,false
unresolved:2022:1_02:T:50:遠藤,"",1,63,63,0,0.4823232323232323,0.4823232323232323,,false
unresolved:2022:1_02:T:62:ロハスJr,"",1,67,67,0,0.5934343434343434,0.5934343434343434,,false
unresolved:2022:1_04:BA:43:牧,"",1,53,53,0,0.2475,0.2475,,false
unresolved:2022:1_04:BA:46:小深田,"",1,33,33,0,0.01,0.01,,false
unresolved:2022:1_04:BA:53:森,"",1,81,81,0,0.865,0.865,,false
unresolved:2022:1_04:BA:55:粟飯原,"",1,75,75,0,0.775,0.775,,false
unresolved:2022:1_04:C:38:高木,"",1,33,33,0,0.01,0.01,,false
unresolved:2022:1_04:C:48:林,"",1,42,42,0,0.08,0.08,,false
unresolved:2022:1_04:C:49:中神,"",1,71,71,0,0.69,0.69,,false
unresolved:2022:1_04:D:34:桂,"",1,42,42,0,0.08,0.08,,false
unresolved:2022:1_04:D:46:星野,"",1,60,60,0,0.385,0.385,,false
unresolved:2022:1_04:E:41:水上,"",1,50,50,0,0.1725,0.1725,,false
unresolved:2022:1_04:E:69:前田,"",1,67,67,0,0.5975,0.5975,,false
unresolved:2022:1_04:F:3:上原,"",1,86,86,0,0.9575,0.9575,,false
unresolved:2022:1_04:F:39:郡,"",1,66,66,0,0.5675,0.5675,,false
unresolved:2022:1_04:F:62:王,"",1,66,66,0,0.5675,0.5675,,false
unresolved:2022:1_04:G:41:萩原,"",1,44,44,0,0.1025,0.1025,,false
unresolved:2022:1_04:G:50:増田,"",1,71,71,0,0.69,0.69,,false
unresolved:2022:1_04:G:59:丸,"",1,70,70,0,0.6575,0.6575,,false
unresolved:2022:1_04:H:36:牧原巧,"",1,58,58,0,0.34,0.34,,false
unresolved:2022:1_04:H:54:小林,"",1,73,73,0,0.7475,0.7475,,false
unresolved:2022:1_04:H:66:水谷,"",1,71,71,0,0.69,0.69,,false
unresolved:2022:1_04:L:31:森,"",1,65,65,0,0.5425,0.5425,,false
proeye:51255155,"",5,81,85,1,0.8689320388349514,0.9250645994832042,0.05613256064825278,false
unresolved:2022:1_04:L:48:呉,"",1,70,70,0,0.6575,0.6575,,false
unresolved:2022:1_04:L:54:岸,"",1,80,80,0,0.8525,0.8525,,false
unresolved:2022:1_04:M:61:福田,"",1,78,78,0,0.8125,0.8125,,false
unresolved:2022:1_04:OBU:37:中川拓,"",1,37,37,0,0.0375,0.0375,,false
unresolved:2022:1_04:OBU:46:宗,"",1,84,84,0,0.9275,0.9275,,false
unresolved:2022:1_04:OBU:59:元,"",1,70,70,0,0.6575,0.6575,,false
proeye:03205155,"",1,58,58,0,0.3422330097087379,0.3422330097087379,,false
unresolved:2022:1_04:S:38:嶋,"",1,58,58,0,0.34,0.34,,false
proeye:63265155,"",1,51,51,0,0.20631067961165048,0.20631067961165048,,false
unresolved:2022:1_04:T:42:藤田,"",1,60,60,0,0.385,0.385,,false
unresolved:2022:1_04:T:51:遠藤,"",1,63,63,0,0.49,0.49,,false
unresolved:2022:1_04:T:65:ロハスJr,"",1,59,59,0,0.375,0.375,,false
unresolved:2022:1_07:BA:45:牧,"",1,53,53,0,0.25,0.25,,false
unresolved:2022:1_07:BA:51:小深田,"",1,33,33,0,0.014563106796116505,0.014563106796116505,,false
unresolved:2022:1_07:BA:55:森,"",1,81,81,0,0.8689320388349514,0.8689320388349514,,false
unresolved:2022:1_07:BA:58:粟飯原,"",1,75,75,0,0.7815533980582524,0.7815533980582524,,false
unresolved:2022:1_07:C:38:高木,"",1,33,33,0,0.014563106796116505,0.014563106796116505,,false
proeye:81885151,"",5,42,42,0,0.07524271844660194,0.07751937984496124,0.002276661398359303,false
unresolved:2022:1_07:C:48:林,"",1,42,42,0,0.07524271844660194,0.07524271844660194,,false
unresolved:2022:1_07:C:50:中神,"",1,71,71,0,0.691747572815534,0.691747572815534,,false
unresolved:2022:1_07:D:36:桂,"",1,42,42,0,0.07524271844660194,0.07524271844660194,,false
unresolved:2022:1_07:D:47:星野,"",1,60,60,0,0.3859223300970874,0.3859223300970874,,false
proeye:63965153,"",1,69,69,0,0.6383495145631068,0.6383495145631068,,false
proeye:33435155,"",1,43,43,0,0.09223300970873786,0.09223300970873786,,false
proeye:63765155,"",1,48,48,0,0.16019417475728157,0.16019417475728157,,false
unresolved:2022:1_07:E:41:水上,"",1,50,50,0,0.17718446601941748,0.17718446601941748,,false
unresolved:2022:1_07:E:70:前田,"",1,67,67,0,0.5970873786407767,0.5970873786407767,,false
unresolved:2022:1_07:F:3:上原,"",1,86,86,0,0.9563106796116505,0.9563106796116505,,false
unresolved:2022:1_07:F:38:郡,"",1,66,66,0,0.5728155339805825,0.5728155339805825,,false
unresolved:2022:1_07:F:64:王,"",1,63,63,0,0.4878640776699029,0.4878640776699029,,false
unresolved:2022:1_07:G:43:萩原,"",1,44,44,0,0.09951456310679611,0.09951456310679611,,false
unresolved:2022:1_07:G:60:勝俣,"",1,48,48,0,0.15776699029126215,0.15776699029126215,,false
unresolved:2022:1_07:G:63:丸,"",1,70,70,0,0.6553398058252428,0.6553398058252428,,false
unresolved:2022:1_07:H:37:牧原巧,"",1,58,58,0,0.33980582524271846,0.33980582524271846,,false
unresolved:2022:1_07:H:56:小林,"",1,73,73,0,0.7524271844660194,0.7524271844660194,,false
unresolved:2022:1_07:H:69:水谷,"",1,71,71,0,0.691747572815534,0.691747572815534,,false
unresolved:2022:1_07:L:32:森,"",1,65,65,0,0.5485436893203883,0.5485436893203883,,false
proeye:71275138,"",2,50,50,0,0.1796116504854369,0.1784841075794621,-0.0011275429059748043,false
unresolved:2022:1_07:L:51:呉,"",1,70,70,0,0.6553398058252428,0.6553398058252428,,false
proeye:81685153,"",5,78,81,1,0.8155339805825242,0.8449612403100775,0.029427259727553223,false
unresolved:2022:1_07:L:57:岸,"",1,80,80,0,0.8567961165048543,0.8567961165048543,,false
unresolved:2022:1_07:M:63:福田,"",1,78,78,0,0.8155339805825242,0.8155339805825242,,false
proeye:33535153,"",5,56,58,1,0.29854368932038833,0.29457364341085274,-0.003970045909535591,false
unresolved:2022:1_07:OBU:40:中川拓,"",1,37,37,0,0.038834951456310676,0.038834951456310676,,false
unresolved:2022:1_07:OBU:49:宗,"",1,84,84,0,0.9271844660194175,0.9271844660194175,,false
unresolved:2022:1_07:OBU:68:元,"",1,70,70,0,0.6553398058252428,0.6553398058252428,,false
unresolved:2022:1_07:S:39:嶋,"",1,58,58,0,0.33980582524271846,0.33980582524271846,,false
proeye:51155153,"",5,72,72,0,0.7257281553398058,0.6847545219638242,-0.04097363337598159,false
unresolved:2022:1_07:T:43:藤田,"",1,60,60,0,0.3859223300970874,0.3859223300970874,,false
unresolved:2022:1_07:T:52:遠藤,"",1,63,63,0,0.4878640776699029,0.4878640776699029,,false
unresolved:2022:1_07:T:68:ロハスJr,"",1,59,59,0,0.3737864077669903,0.3737864077669903,,false
unresolved:2022:1_08:BA:45:牧,"",1,53,53,0,0.2524271844660194,0.2524271844660194,,false
unresolved:2022:1_08:BA:50:小深田,"",1,33,33,0,0.014563106796116505,0.014563106796116505,,false
unresolved:2022:1_08:BA:54:森,"",1,81,81,0,0.8689320388349514,0.8689320388349514,,false
unresolved:2022:1_08:BA:58:粟飯原,"",1,75,75,0,0.7815533980582524,0.7815533980582524,,false
unresolved:2022:1_08:C:38:高木,"",1,33,33,0,0.014563106796116505,0.014563106796116505,,false
unresolved:2022:1_08:C:48:林,"",1,42,42,0,0.07524271844660194,0.07524271844660194,,false
unresolved:2022:1_08:C:50:中神,"",1,71,71,0,0.691747572815534,0.691747572815534,,false
unresolved:2022:1_08:D:36:桂,"",1,42,42,0,0.07524271844660194,0.07524271844660194,,false
unresolved:2022:1_08:D:47:星野,"",1,60,60,0,0.3883495145631068,0.3883495145631068,,false
unresolved:2022:1_08:E:41:水上,"",1,50,50,0,0.1796116504854369,0.1796116504854369,,false
unresolved:2022:1_08:E:70:前田,"",1,67,67,0,0.5970873786407767,0.5970873786407767,,false
unresolved:2022:1_08:F:20:上原,"",1,86,86,0,0.9563106796116505,0.9563106796116505,,false
unresolved:2022:1_08:F:40:郡,"",1,66,66,0,0.5752427184466019,0.5752427184466019,,false
unresolved:2022:1_08:F:64:王,"",1,63,63,0,0.49029126213592233,0.49029126213592233,,false
unresolved:2022:1_08:G:43:萩原,"",1,44,44,0,0.10194174757281553,0.10194174757281553,,false
unresolved:2022:1_08:G:60:勝俣,"",1,48,48,0,0.16019417475728157,0.16019417475728157,,false
unresolved:2022:1_08:G:62:丸,"",1,70,70,0,0.6577669902912622,0.6577669902912622,,false
unresolved:2022:1_08:H:37:牧原巧,"",1,58,58,0,0.3422330097087379,0.3422330097087379,,false
unresolved:2022:1_08:H:56:小林,"",1,73,73,0,0.7524271844660194,0.7524271844660194,,false
unresolved:2022:1_08:H:69:水谷,"",1,71,71,0,0.691747572815534,0.691747572815534,,false
unresolved:2022:1_08:L:32:森,"",1,65,65,0,0.5509708737864077,0.5509708737864077,,false
unresolved:2022:1_08:L:50:呉,"",1,70,70,0,0.6577669902912622,0.6577669902912622,,false
unresolved:2022:1_08:L:57:岸,"",1,80,80,0,0.8567961165048543,0.8567961165048543,,false
unresolved:2022:1_08:M:63:福田,"",1,78,78,0,0.8155339805825242,0.8155339805825242,,false
unresolved:2022:1_08:OBU:41:中川拓,"",1,37,37,0,0.038834951456310676,0.038834951456310676,,false
unresolved:2022:1_08:OBU:49:宗,"",1,84,84,0,0.9271844660194175,0.9271844660194175,,false
unresolved:2022:1_08:OBU:68:元,"",1,70,70,0,0.6577669902912622,0.6577669902912622,,false
unresolved:2022:1_08:S:39:嶋,"",1,58,58,0,0.3422330097087379,0.3422330097087379,,false
unresolved:2022:1_08:T:43:藤田,"",1,60,60,0,0.3883495145631068,0.3883495145631068,,false
unresolved:2022:1_08:T:52:遠藤,"",1,63,63,0,0.49029126213592233,0.49029126213592233,,false
unresolved:2022:1_08:T:64:ロハスJr,"",1,59,59,0,0.3786407766990291,0.3786407766990291,,false
unresolved:2022:1_09:BA:41:牧,"",1,53,53,0,0.24936386768447838,0.24936386768447838,,false
unresolved:2022:1_09:BA:46:小深田,"",1,33,33,0,0.01272264631043257,0.01272264631043257,,false
proeye:91695157,"",4,87,82,1,0.9584352078239609,0.8578811369509044,-0.10055407087305646,false
unresolved:2022:1_09:BA:51:森,"",1,81,81,0,0.8498727735368957,0.8498727735368957,,false
unresolved:2022:1_09:BA:53:粟飯原,"",1,75,75,0,0.7557251908396947,0.7557251908396947,,false
proeye:83585157,"",1,71,71,0,0.6650366748166259,0.6650366748166259,,false
unresolved:2022:1_09:C:36:石原,"",1,35,35,0,0.022900763358778626,0.022900763358778626,,false
unresolved:2022:1_09:C:37:高木,"",1,33,33,0,0.01272264631043257,0.01272264631043257,,false
proeye:91995157,"",4,52,52,0,0.2273838630806846,0.20671834625322996,-0.020665516827454627,false
unresolved:2022:1_09:C:47:林,"",1,42,42,0,0.06870229007633588,0.06870229007633588,,false
proeye:51355157,"",4,58,58,0,0.33496332518337407,0.29457364341085274,-0.040389681772521335,false
proeye:53955157,"",1,35,35,0,0.022004889975550123,0.022004889975550123,,false
proeye:91895153,"",4,63,63,0,0.4718826405867971,0.4289405684754522,-0.042942072111344876,false
proeye:81585157,"",4,71,71,0,0.6650366748166259,0.6640826873385013,-0.000953987478124585,false
proeye:93395157,"",3,57,57,0,0.3154034229828851,0.2860635696821516,-0.02933985330073352,false
unresolved:2022:1_09:D:42:星野,"",1,60,60,0,0.3842239185750636,0.3842239185750636,,false
proeye:03105157,"",4,78,80,1,0.8019559902200489,0.834625322997416,0.032669332777367055,false
proeye:21025157,"",4,83,83,0,0.8973105134474327,0.8785529715762274,-0.018757541871205374,false
proeye:81685157,"",4,64,64,0,0.508557457212714,0.4599483204134367,-0.04860913679927725,false
unresolved:2022:1_09:D:52:浜,"",1,77,77,0,0.7811704834605598,0.7811704834605598,,false
proeye:93795157,"",4,82,82,0,0.8753056234718827,0.8578811369509044,-0.017424486520978277,false
proeye:43545157,"",1,77,77,0,0.7775061124694377,0.7775061124694377,,false
proeye:11015157,"",3,67,72,1,0.5745721271393643,0.6847545219638242,0.1101823948244599,false
proeye:63965157,"",3,41,41,0,0.05623471882640587,0.06601466992665037,0.009779951100244495,false
unresolved:2022:1_09:E:66:前田,"",1,67,67,0,0.5750636132315522,0.5750636132315522,,false
unresolved:2022:1_09:E:67:正髄,"",1,53,53,0,0.24936386768447838,0.24936386768447838,,false
unresolved:2022:1_09:F:20:上原,"",1,86,86,0,0.9465648854961832,0.9465648854961832,,false
proeye:73375157,"",4,87,87,0,0.9584352078239609,0.9431524547803618,-0.015282753043599051,false
unresolved:2022:1_09:F:43:郡,"",1,66,66,0,0.55470737913486,0.55470737913486,,false
proeye:31435157,"",4,64,64,0,0.508557457212714,0.4599483204134367,-0.04860913679927725,false
proeye:81385157,"",2,72,72,0,0.6919315403422983,0.6921182266009852,0.0001866862586868967,false
proeye:11515157,"",4,77,77,0,0.7775061124694377,0.7829457364341085,0.005439623964670792,false
unresolved:2022:1_09:G:48:丸,"",1,70,70,0,0.628498727735369,0.628498727735369,,false
proeye:91195157,"",4,70,70,0,0.6308068459657702,0.6382428940568475,0.007436048091077341,false
proeye:81485157,"",4,67,67,0,0.5745721271393643,0.5684754521963824,-0.006096674942981939,false
proeye:83985157,"",1,84,84,0,0.921760391198044,0.921760391198044,,false
unresolved:2022:1_09:H:37:牧原巧,"",1,58,58,0,0.33587786259541985,0.33587786259541985,,false
proeye:13515157,"",4,42,42,0,0.06845965770171149,0.07751937984496124,0.009059722143249752,false
proeye:11315157,"",4,67,77,2,0.5745721271393643,0.7829457364341085,0.20837360929474413,false
proeye:63565157,"",1,35,35,0,0.022004889975550123,0.022004889975550123,,false
proeye:21125157,"",2,51,51,0,0.20048899755501223,0.18472906403940886,-0.01575993351560337,false
unresolved:2022:1_09:H:65:水谷,"",1,71,71,0,0.6615776081424937,0.6615776081424937,,false
proeye:33035157,"",1,36,36,0,0.03178484107579462,0.03178484107579462,,false
proeye:11215113,"",2,57,57,0,0.3154034229828851,0.2832512315270936,-0.03215219145579151,false
proeye:51755157,"",4,73,74,2,0.7310513447432763,0.7312661498708011,0.00021480512752480863,false
proeye:53055157,"",1,56,56,0,0.2860635696821516,0.2860635696821516,,false
unresolved:2022:1_09:L:48:呉,"",1,70,70,0,0.628498727735369,0.628498727735369,,false
unresolved:2022:1_09:L:54:岸,"",1,80,80,0,0.8371501272264631,0.8371501272264631,,false
proeye:61665157,"",4,75,68,1,0.7506112469437652,0.6020671834625323,-0.14854406348123295,false
proeye:51855157,"",4,72,72,0,0.6919315403422983,0.6847545219638242,-0.007177018378474065,false
proeye:13015157,"",1,71,71,0,0.6650366748166259,0.6650366748166259,,false
proeye:71275157,"",4,87,87,0,0.9584352078239609,0.9431524547803618,-0.015282753043599051,false
unresolved:2022:1_09:M:48:金田,"",1,59,59,0,0.37404580152671757,0.37404580152671757,,false
proeye:91495139,"",4,65,65,0,0.5354523227383863,0.5090439276485789,-0.026408395089807413,false
unresolved:2022:1_09:OBU:33:中川拓,"",1,37,37,0,0.03816793893129771,0.03816793893129771,,false
proeye:83785157,"",1,43,43,0,0.08557457212713937,0.08557457212713937,,false
proeye:91295157,"",4,31,31,0,0.007334963325183374,0.0103359173126615,0.003000953987478125,false
unresolved:2022:1_09:OBU:43:宗,"",1,84,84,0,0.916030534351145,0.916030534351145,,false
unresolved:2022:1_09:OBU:57:元,"",1,70,70,0,0.628498727735369,0.628498727735369,,false
proeye:61965157,"",4,63,63,0,0.4718826405867971,0.4289405684754522,-0.042942072111344876,false
proeye:01505157,"",3,45,45,0,0.1100244498777506,0.11491442542787286,0.004889975550122258,false
proeye:91495157,"",4,64,64,0,0.508557457212714,0.4599483204134367,-0.04860913679927725,false
proeye:51955157,"",4,48,48,0,0.15647921760391198,0.14987080103359174,-0.006608416570320241,false
unresolved:2022:1_09:T:40:藤田,"",1,60,60,0,0.3842239185750636,0.3842239185750636,,false
unresolved:2022:1_09:T:48:戸井,"",1,48,48,0,0.15267175572519084,0.15267175572519084,,false
unresolved:2022:1_09:T:49:高浜,"",1,59,59,0,0.37404580152671757,0.37404580152671757,,false
unresolved:2022:1_09:T:50:遠藤,"",1,63,63,0,0.4732824427480916,0.4732824427480916,,false
proeye:73975157,"",2,59,59,0,0.37163814180929094,0.33497536945812806,-0.03666277235116289,false
proeye:43145157,"",4,60,60,0,0.39119804400978,0.34366925064599485,-0.04752879336378513,false
unresolved:2022:1_09:T:64:高山,"",1,74,74,0,0.7430025445292621,0.7430025445292621,,false
proeye:41145157,"",4,76,76,0,0.7677261613691931,0.7674418604651163,-0.0002843009040768285,false
proeye:73075157,"",2,49,49,0,0.17359413202933985,0.16748768472906403,-0.006106447300275819,false
unresolved:2022:1_10:BA:44:牧,"",1,53,53,0,0.25,0.25,,false
unresolved:2022:1_10:BA:47:小深田,"",1,33,33,0,0.012626262626262626,0.012626262626262626,,false
unresolved:2022:1_10:BA:52:森,"",1,81,81,0,0.8459595959595959,0.8459595959595959,,false
unresolved:2022:1_10:BA:54:粟飯原,"",1,75,75,0,0.7525252525252525,0.7525252525252525,,false
unresolved:2022:1_10:C:36:石原,"",1,35,35,0,0.022727272727272728,0.022727272727272728,,false
unresolved:2022:1_10:C:37:高木,"",1,33,33,0,0.012626262626262626,0.012626262626262626,,false
unresolved:2022:1_10:C:49:林,"",1,42,42,0,0.06818181818181818,0.06818181818181818,,false
unresolved:2022:1_10:D:43:星野,"",1,60,60,0,0.3838383838383838,0.3838383838383838,,false
unresolved:2022:1_10:D:53:浜,"",1,77,77,0,0.7777777777777778,0.7777777777777778,,false
unresolved:2022:1_10:E:66:前田,"",1,67,67,0,0.5732323232323232,0.5732323232323232,,false
unresolved:2022:1_10:E:67:正髄,"",1,53,53,0,0.25,0.25,,false
unresolved:2022:1_10:F:43:郡,"",1,66,66,0,0.553030303030303,0.553030303030303,,false
unresolved:2022:1_10:F:5:上原,"",1,86,86,0,0.946969696969697,0.946969696969697,,false
unresolved:2022:1_10:G:53:丸,"",1,70,70,0,0.6262626262626263,0.6262626262626263,,false
unresolved:2022:1_10:H:37:牧原巧,"",1,58,58,0,0.3383838383838384,0.3383838383838384,,false
unresolved:2022:1_10:H:65:水谷,"",1,71,71,0,0.6590909090909091,0.6590909090909091,,false
unresolved:2022:1_10:L:50:呉,"",1,70,70,0,0.6262626262626263,0.6262626262626263,,false
unresolved:2022:1_10:L:54:岸,"",1,80,80,0,0.8333333333333334,0.8333333333333334,,false
unresolved:2022:1_10:M:48:金田,"",1,59,59,0,0.37373737373737376,0.37373737373737376,,false
unresolved:2022:1_10:OBU:34:中川拓,"",1,37,37,0,0.03787878787878788,0.03787878787878788,,false
proeye:83085157,"",2,56,56,0,0.2860635696821516,0.26108374384236455,-0.02497982583978703,false
unresolved:2022:1_10:OBU:46:宗,"",1,84,84,0,0.9166666666666666,0.9166666666666666,,false
proeye:61065157,"",3,83,83,0,0.8973105134474327,0.882640586797066,-0.014669926650366705,false
unresolved:2022:1_10:OBU:60:元,"",1,70,70,0,0.6262626262626263,0.6262626262626263,,false
unresolved:2022:1_10:T:40:藤田,"",1,60,60,0,0.3838383838383838,0.3838383838383838,,false
unresolved:2022:1_10:T:48:戸井,"",1,48,48,0,0.15404040404040403,0.15404040404040403,,false
unresolved:2022:1_10:T:49:遠藤,"",1,63,63,0,0.4722222222222222,0.4722222222222222,,false
unresolved:2022:1_10:T:60:高浜,"",1,59,59,0,0.37373737373737376,0.37373737373737376,,false
unresolved:2022:1_10:T:66:高山,"",1,74,74,0,0.73989898989899,0.73989898989899,,false
unresolved:2022:1_11:BA:45:牧,"",1,53,53,0,0.2462686567164179,0.2462686567164179,,false
unresolved:2022:1_11:BA:49:小深田,"",1,33,33,0,0.014925373134328358,0.014925373134328358,,false
unresolved:2022:1_11:BA:53:森,"",1,81,81,0,0.8507462686567164,0.8507462686567164,,false
unresolved:2022:1_11:BA:55:粟飯原,"",1,75,75,0,0.753731343283582,0.753731343283582,,false
unresolved:2022:1_11:C:36:石原,"",1,35,35,0,0.024875621890547265,0.024875621890547265,,false
unresolved:2022:1_11:C:37:高木,"",1,33,33,0,0.014925373134328358,0.014925373134328358,,false
unresolved:2022:1_11:C:49:林,"",1,42,42,0,0.06716417910447761,0.06716417910447761,,false
proeye:61265157,"",4,61,61,0,0.42053789731051344,0.37209302325581395,-0.048444874054699494,false
unresolved:2022:1_11:D:45:星野,"",1,60,60,0,0.3855721393034826,0.3855721393034826,,false
unresolved:2022:1_11:D:53:浜,"",1,77,77,0,0.7786069651741293,0.7786069651741293,,false
unresolved:2022:1_11:E:66:前田,"",1,67,67,0,0.5746268656716418,0.5746268656716418,,false
unresolved:2022:1_11:E:67:正髄,"",1,53,53,0,0.2462686567164179,0.2462686567164179,,false
unresolved:2022:1_11:F:43:郡,"",1,66,66,0,0.554726368159204,0.554726368159204,,false
unresolved:2022:1_11:F:5:上原,"",1,86,86,0,0.9502487562189055,0.9502487562189055,,false
proeye:73275157,"",1,77,77,0,0.7775061124694377,0.7775061124694377,,false
unresolved:2022:1_11:G:56:丸,"",1,70,70,0,0.6268656716417911,0.6268656716417911,,false
unresolved:2022:1_11:H:37:牧原巧,"",1,58,58,0,0.3358208955223881,0.3358208955223881,,false
unresolved:2022:1_11:H:65:水谷,"",1,71,71,0,0.6592039800995025,0.6592039800995025,,false
proeye:91895155,"",3,64,64,0,0.508557457212714,0.46943765281173594,-0.03911980440097801,false
unresolved:2022:1_11:L:51:呉,"",1,70,70,0,0.6268656716417911,0.6268656716417911,,false
unresolved:2022:1_11:L:55:岸,"",1,80,80,0,0.8383084577114428,0.8383084577114428,,false
unresolved:2022:1_11:M:48:金田,"",1,59,59,0,0.373134328358209,0.373134328358209,,false
unresolved:2022:1_11:OBU:34:中川拓,"",1,37,37,0,0.03980099502487562,0.03980099502487562,,false
proeye:01305155,"",3,72,78,1,0.6919315403422983,0.7970660146699267,0.10513447432762835,false
unresolved:2022:1_11:OBU:45:宗,"",1,84,84,0,0.917910447761194,0.917910447761194,,false
proeye:13915157,"",3,32,32,0,0.012224938875305624,0.012224938875305624,0,false
unresolved:2022:1_11:OBU:63:元,"",1,70,70,0,0.6268656716417911,0.6268656716417911,,false
unresolved:2022:1_11:T:40:藤田,"",1,60,60,0,0.3855721393034826,0.3855721393034826,,false
unresolved:2022:1_11:T:48:戸井,"",1,48,48,0,0.1517412935323383,0.1517412935323383,,false
unresolved:2022:1_11:T:49:遠藤,"",1,63,63,0,0.472636815920398,0.472636815920398,,false
unresolved:2022:1_11:T:60:高浜,"",1,59,59,0,0.373134328358209,0.373134328358209,,false
unresolved:2022:1_11:T:67:高山,"",1,74,74,0,0.7412935323383084,0.7412935323383084,,false
unresolved:2022:1_12:BA:41:上甲,"",1,51,51,0,0.20048899755501223,0.20048899755501223,,false
unresolved:2022:1_12:BA:44:牧,"",1,53,53,0,0.25183374083129584,0.25183374083129584,,false
unresolved:2022:1_12:BA:50:小深田,"",1,33,33,0,0.014669926650366748,0.014669926650366748,,false
unresolved:2022:1_12:BA:54:森,"",1,81,81,0,0.8484107579462102,0.8484107579462102,,false
unresolved:2022:1_12:BA:56:粟飯原,"",1,75,75,0,0.7481662591687042,0.7481662591687042,,false
unresolved:2022:1_12:C:36:石原,"",1,35,35,0,0.022004889975550123,0.022004889975550123,,false
unresolved:2022:1_12:C:37:高木,"",1,33,33,0,0.014669926650366748,0.014669926650366748,,false
unresolved:2022:1_12:C:48:林,"",1,42,42,0,0.06356968215158924,0.06356968215158924,,false
unresolved:2022:1_12:D:47:星野,"",1,60,60,0,0.3863080684596577,0.3863080684596577,,false
unresolved:2022:1_12:D:54:浜,"",1,77,77,0,0.7750611246943765,0.7750611246943765,,false
proeye:21625157,"",4,84,84,0,0.921760391198044,0.9043927648578811,-0.017367626340162867,false
proeye:71075157,"",3,91,91,0,0.980440097799511,0.9779951100244498,-0.0024449877750611915,false
unresolved:2022:1_12:E:67:前田,"",1,67,67,0,0.5770171149144254,0.5770171149144254,,false
unresolved:2022:1_12:E:68:正髄,"",1,53,53,0,0.25183374083129584,0.25183374083129584,,false
unresolved:2022:1_12:F:42:郡,"",1,66,66,0,0.5550122249388753,0.5550122249388753,,false
unresolved:2022:1_12:F:5:上原,"",1,86,86,0,0.9486552567237164,0.9486552567237164,,false
unresolved:2022:1_12:F:64:王,"",1,63,63,0,0.4718826405867971,0.4718826405867971,,false
unresolved:2022:1_12:G:60:丸,"",1,70,70,0,0.6259168704156479,0.6259168704156479,,false
unresolved:2022:1_12:H:39:牧原巧,"",1,58,58,0,0.33496332518337407,0.33496332518337407,,false
unresolved:2022:1_12:H:68:水谷,"",1,63,63,0,0.4718826405867971,0.4718826405867971,,false
unresolved:2022:1_12:L:52:呉,"",1,70,70,0,0.6259168704156479,0.6259168704156479,,false
unresolved:2022:1_12:L:58:岸,"",1,80,80,0,0.8312958435207825,0.8312958435207825,,false
unresolved:2022:1_12:M:47:金田,"",1,59,59,0,0.3691931540342298,0.3691931540342298,,false
proeye:13415157,"",1,72,72,0,0.6919315403422983,0.6919315403422983,,false
unresolved:2022:1_12:OBU:33:中川拓,"",1,37,37,0,0.03667481662591687,0.03667481662591687,,false
unresolved:2022:1_12:OBU:45:宗,"",1,80,80,0,0.8312958435207825,0.8312958435207825,,false
unresolved:2022:1_12:OBU:59:元,"",1,70,70,0,0.6259168704156479,0.6259168704156479,,false
proeye:11615151,"",1,81,81,0,0.8484107579462102,0.8484107579462102,,false
unresolved:2022:1_12:T:40:藤田,"",1,60,60,0,0.3863080684596577,0.3863080684596577,,false
unresolved:2022:1_12:T:48:戸井,"",1,48,48,0,0.15403422982885084,0.15403422982885084,,false
unresolved:2022:1_12:T:49:遠藤,"",1,63,63,0,0.4718826405867971,0.4718826405867971,,false
unresolved:2022:1_12:T:60:高浜,"",1,59,59,0,0.3691931540342298,0.3691931540342298,,false
unresolved:2022:1_12:T:68:高山,"",1,74,74,0,0.7383863080684596,0.7383863080684596,,false
unresolved:2022:1_13:BA:41:上甲,"",1,51,51,0,0.20048899755501223,0.20048899755501223,,false
unresolved:2022:1_13:BA:44:牧,"",1,56,56,0,0.2860635696821516,0.2860635696821516,,false
unresolved:2022:1_13:BA:51:小深田,"",1,33,33,0,0.014669926650366748,0.014669926650366748,,false
unresolved:2022:1_13:BA:55:森,"",1,81,81,0,0.8484107579462102,0.8484107579462102,,false
unresolved:2022:1_13:BA:57:粟飯原,"",1,75,75,0,0.7506112469437652,0.7506112469437652,,false
unresolved:2022:1_13:C:36:石原,"",1,35,35,0,0.022004889975550123,0.022004889975550123,,false
unresolved:2022:1_13:C:37:高木,"",1,33,33,0,0.014669926650366748,0.014669926650366748,,false
unresolved:2022:1_13:C:48:林,"",1,42,42,0,0.06845965770171149,0.06845965770171149,,false
unresolved:2022:1_13:D:47:星野,"",1,60,60,0,0.39119804400978,0.39119804400978,,false
unresolved:2022:1_13:D:55:浜,"",1,77,77,0,0.7775061124694377,0.7775061124694377,,false
unresolved:2022:1_13:E:67:前田,"",1,67,67,0,0.5745721271393643,0.5745721271393643,,false
unresolved:2022:1_13:E:68:正髄,"",1,53,53,0,0.24938875305623473,0.24938875305623473,,false
unresolved:2022:1_13:F:42:郡,"",1,66,66,0,0.5525672371638142,0.5525672371638142,,false
unresolved:2022:1_13:F:5:上原,"",1,86,86,0,0.9511002444987775,0.9511002444987775,,false
unresolved:2022:1_13:F:62:王,"",1,63,63,0,0.4718826405867971,0.4718826405867971,,false
unresolved:2022:1_13:G:59:丸,"",1,65,65,0,0.5354523227383863,0.5354523227383863,,false
unresolved:2022:1_13:H:39:牧原巧,"",1,58,58,0,0.33496332518337407,0.33496332518337407,,false
unresolved:2022:1_13:H:68:水谷,"",1,63,63,0,0.4718826405867971,0.4718826405867971,,false
unresolved:2022:1_13:L:53:呉,"",1,70,70,0,0.6308068459657702,0.6308068459657702,,false
unresolved:2022:1_13:L:58:岸,"",1,80,80,0,0.8361858190709046,0.8361858190709046,,false
unresolved:2022:1_13:M:47:金田,"",1,59,59,0,0.37163814180929094,0.37163814180929094,,false
unresolved:2022:1_13:OBU:34:中川拓,"",1,37,37,0,0.03667481662591687,0.03667481662591687,,false
unresolved:2022:1_13:OBU:45:宗,"",1,79,79,0,0.8215158924205379,0.8215158924205379,,false
unresolved:2022:1_13:OBU:59:元,"",1,70,70,0,0.6308068459657702,0.6308068459657702,,false
unresolved:2022:1_13:T:40:藤田,"",1,60,60,0,0.39119804400978,0.39119804400978,,false
unresolved:2022:1_13:T:48:戸井,"",1,48,48,0,0.15647921760391198,0.15647921760391198,,false
unresolved:2022:1_13:T:49:遠藤,"",1,63,63,0,0.4718826405867971,0.4718826405867971,,false
unresolved:2022:1_13:T:60:高浜,"",1,59,59,0,0.37163814180929094,0.37163814180929094,,false
unresolved:2022:1_13:T:68:高山,"",1,74,74,0,0.7408312958435208,0.7408312958435208,,false
unresolved:2024:default:BA:39:上甲,"",1,51,51,0,0.17525773195876287,0.17525773195876287,,false
unresolved:2024:default:BA:42:牧,"",1,56,56,0,0.25,0.25,,false
proeye:91195159,"",3,70,70,0,0.6379310344827587,0.6382428940568475,0.00031185957408885745,false
proeye:33135151,"",3,81,81,0,0.8399014778325123,0.8449612403100775,0.005059762477565122,false
proeye:31335159,"",3,72,72,0,0.6921182266009852,0.6847545219638242,-0.007363704637160962,false
proeye:33535159,"",3,65,65,0,0.5147783251231527,0.5090439276485789,-0.005734397474573827,false
unresolved:2024:default:BA:64:武田,"",1,64,64,0,0.48711340206185566,0.48711340206185566,,false
proeye:41545138,"",3,68,68,0,0.603448275862069,0.6020671834625323,-0.0013810923995366542,false
unresolved:2024:default:C:38:高木,"",1,33,33,0,0.015463917525773196,0.015463917525773196,,false
unresolved:2024:default:C:46:林,"",1,42,42,0,0.06443298969072164,0.06443298969072164,,false
proeye:41445159,"",3,37,37,0,0.034482758620689655,0.028423772609819122,-0.0060589860108705325,false
proeye:93095159,"",1,61,61,0,0.3842239185750636,0.3842239185750636,,false
proeye:23725159,"",1,59,59,0,0.33497536945812806,0.33497536945812806,,false
proeye:03005159,"",3,72,72,0,0.6921182266009852,0.6847545219638242,-0.007363704637160962,false
proeye:81285159,"",2,82,82,0,0.8620689655172413,0.8581907090464548,-0.0038782564707865452,false
proeye:61265159,"",3,67,67,0,0.5640394088669951,0.5684754521963824,0.004436043329387296,false
unresolved:2024:default:D:57:浜,"",1,77,77,0,0.7680412371134021,0.7680412371134021,,false
proeye:33935159,"",1,48,48,0,0.1477832512315271,0.1477832512315271,,false
proeye:71575159,"",3,81,81,0,0.8399014778325123,0.8449612403100775,0.005059762477565122,false
unresolved:2024:default:E:44:ワォーターズ,"",1,80,80,0,0.8221649484536082,0.8221649484536082,,false
unresolved:2024:default:E:54:青野,"",1,61,61,0,0.38402061855670105,0.38402061855670105,,false
unresolved:2024:default:E:63:前田,"",1,67,67,0,0.5618556701030928,0.5618556701030928,,false
proeye:21425159,"",3,85,88,1,0.9236453201970444,0.9560723514211886,0.032427031224144254,false
unresolved:2024:default:F:3:上原,"",1,86,86,0,0.9432989690721649,0.9432989690721649,,false
proeye:11015159,"",3,52,52,0,0.20935960591133004,0.20671834625322996,-0.0026412596581000813,false
unresolved:2024:default:F:44:明瀬,"",1,38,38,0,0.03865979381443299,0.03865979381443299,,false
proeye:73075159,"",3,54,48,1,0.23891625615763548,0.14987080103359174,-0.08904545512404374,false
proeye:63765159,"",1,88,88,0,0.9605911330049262,0.9605911330049262,,false
proeye:83185159,"",3,88,88,0,0.9605911330049262,0.9560723514211886,-0.00451878158373753,false
unresolved:2024:default:F:65:星野,"",1,63,63,0,0.44587628865979384,0.44587628865979384,,false
proeye:31835138,"",3,78,78,0,0.7857142857142857,0.8036175710594315,0.017903285345145847,false
unresolved:2024:default:G:40:郡,"",1,66,66,0,0.538659793814433,0.538659793814433,,false
proeye:61165159,"",3,61,61,0,0.3866995073891626,0.37209302325581395,-0.01460648413334864,false
unresolved:2024:default:G:56:丸,"",1,65,65,0,0.5180412371134021,0.5180412371134021,,false
proeye:51955159,"",3,76,76,0,0.7487684729064039,0.7674418604651163,0.018673387558712395,false
unresolved:2024:default:H:36:牧原巧,"",1,58,58,0,0.2963917525773196,0.2963917525773196,,false
proeye:91895159,"",3,58,58,0,0.29802955665024633,0.29457364341085274,-0.003455913239393593,false
proeye:61665159,"",3,61,61,0,0.3866995073891626,0.37209302325581395,-0.01460648413334864,false
proeye:91495155,"",3,66,70,1,0.5344827586206896,0.6382428940568475,0.10376013543615792,false
proeye:81585153,"",3,82,82,0,0.8620689655172413,0.8578811369509044,-0.004187828566336926,false
proeye:11715155,"",3,69,69,0,0.6182266009852216,0.6227390180878553,0.004512417102633615,false
proeye:53555159,"",1,27,27,0,0.0024630541871921183,0.0024630541871921183,,false
proeye:93395159,"",3,35,35,0,0.027093596059113302,0.020671834625323,-0.006421761433790304,false
proeye:53755159,"",1,53,53,0,0.23399014778325122,0.23399014778325122,,false
unresolved:2024:default:L:55:岸,"",1,80,80,0,0.8221649484536082,0.8221649484536082,,false
proeye:51455159,"",3,62,62,0,0.4187192118226601,0.40310077519379844,-0.015618436628861643,false
unresolved:2024:default:M:46:井上,"",1,35,35,0,0.020618556701030927,0.020618556701030927,,false
unresolved:2024:default:M:47:金田,"",1,59,59,0,0.33505154639175255,0.33505154639175255,,false
proeye:71375159,"",3,60,60,0,0.35714285714285715,0.34366925064599485,-0.0134736064968623,false
unresolved:2024:default:OBU:35:堀,"",1,67,67,0,0.5618556701030928,0.5618556701030928,,false
proeye:83385159,"",3,60,64,1,0.35714285714285715,0.4599483204134367,0.10280546327057954,false
unresolved:2024:default:OBU:46:宗,"",1,76,76,0,0.7577319587628866,0.7577319587628866,,false
unresolved:2024:default:OBU:60:元,"",1,70,70,0,0.634020618556701,0.634020618556701,,false
proeye:53955159,"",1,74,74,0,0.7266009852216748,0.7266009852216748,,false
proeye:01005159,"",3,54,54,0,0.23891625615763548,0.22997416020671835,-0.008942095950917134,false
proeye:81185159,"",3,69,69,0,0.6182266009852216,0.6227390180878553,0.004512417102633615,false
unresolved:2024:default:T:38:藤田,"",1,60,60,0,0.3582474226804124,0.3582474226804124,,false
unresolved:2024:default:T:44:遠藤,"",1,63,63,0,0.44587628865979384,0.44587628865979384,,false
unresolved:2024:default:T:46:戸井,"",1,48,48,0,0.13144329896907217,0.13144329896907217,,false
unresolved:2024:default:T:47:山田,"",1,64,64,0,0.48711340206185566,0.48711340206185566,,false
unresolved:2024:default:T:48:百崎,"",1,77,77,0,0.7680412371134021,0.7680412371134021,,false
unresolved:2024:default:T:57:高浜,"",1,59,59,0,0.33505154639175255,0.33505154639175255,,false
proeye:01405157,"",1,62,62,0,0.4187192118226601,0.4187192118226601,,false
unresolved:2024:1_01:BA:38:上甲,"",1,51,51,0,0.17048346055979643,0.17048346055979643,,false
unresolved:2024:1_01:BA:42:牧,"",1,56,56,0,0.2544529262086514,0.2544529262086514,,false
unresolved:2024:1_01:BA:65:武田,"",1,64,64,0,0.4860050890585242,0.4860050890585242,,false
unresolved:2024:1_01:C:38:高木,"",1,33,33,0,0.015267175572519083,0.015267175572519083,,false
unresolved:2024:1_01:C:55:林,"",1,42,42,0,0.06361323155216285,0.06361323155216285,,false
unresolved:2024:1_01:D:57:浜,"",1,77,77,0,0.7659033078880407,0.7659033078880407,,false
unresolved:2024:1_01:E:45:ワォーターズ,"",1,80,80,0,0.821882951653944,0.821882951653944,,false
unresolved:2024:1_01:E:54:青野,"",1,61,61,0,0.3842239185750636,0.3842239185750636,,false
unresolved:2024:1_01:E:64:前田,"",1,67,67,0,0.5597964376590331,0.5597964376590331,,false
unresolved:2024:1_01:F:19:上原,"",1,86,86,0,0.9414758269720102,0.9414758269720102,,false
unresolved:2024:1_01:F:46:明瀬,"",1,38,38,0,0.03816793893129771,0.03816793893129771,,false
unresolved:2024:1_01:F:66:星野,"",1,63,63,0,0.44529262086513993,0.44529262086513993,,false
unresolved:2024:1_01:G:42:郡,"",1,66,66,0,0.5368956743002544,0.5368956743002544,,false
proeye:33235159,"",2,79,79,0,0.812807881773399,0.8141809290953546,0.001373047321955534,false
unresolved:2024:1_01:G:57:丸,"",1,65,65,0,0.5165394402035624,0.5165394402035624,,false
unresolved:2024:1_01:H:36:牧原巧,"",1,58,58,0,0.29770992366412213,0.29770992366412213,,false
unresolved:2024:1_01:L:55:岸,"",1,80,80,0,0.821882951653944,0.821882951653944,,false
unresolved:2024:1_01:M:47:井上,"",1,35,35,0,0.020356234096692113,0.020356234096692113,,false
unresolved:2024:1_01:M:48:金田,"",1,59,59,0,0.33587786259541985,0.33587786259541985,,false
unresolved:2024:1_01:OBU:35:堀,"",1,67,67,0,0.5597964376590331,0.5597964376590331,,false
unresolved:2024:1_01:OBU:46:宗,"",1,76,76,0,0.7557251908396947,0.7557251908396947,,false
unresolved:2024:1_01:OBU:60:元,"",1,70,70,0,0.628498727735369,0.628498727735369,,false
proeye:51355155,"",3,91,96,1,0.9802955665024631,0.9870801033591732,0.006784536856710099,false
unresolved:2024:1_01:T:37:藤田,"",1,60,60,0,0.35877862595419846,0.35877862595419846,,false
unresolved:2024:1_01:T:43:遠藤,"",1,63,63,0,0.44529262086513993,0.44529262086513993,,false
unresolved:2024:1_01:T:45:戸井,"",1,48,48,0,0.1297709923664122,0.1297709923664122,,false
unresolved:2024:1_01:T:46:山田,"",1,64,64,0,0.4860050890585242,0.4860050890585242,,false
unresolved:2024:1_01:T:47:百崎,"",1,77,77,0,0.7659033078880407,0.7659033078880407,,false
unresolved:2024:1_01:T:57:高浜,"",1,59,59,0,0.33587786259541985,0.33587786259541985,,false
unresolved:2024:1_04:BA:38:上甲,"",1,51,51,0,0.18518518518518517,0.18518518518518517,,false
unresolved:2024:1_04:BA:44:牧,"",1,64,64,0,0.4765432098765432,0.4765432098765432,,false
proeye:03205159,"",2,32,32,0,0.014778325123152709,0.012224938875305624,-0.0025533862478470844,false
unresolved:2024:1_04:BA:68:武田,"",1,64,64,0,0.4765432098765432,0.4765432098765432,,false
unresolved:2024:1_04:C:39:高木,"",1,33,33,0,0.01728395061728395,0.01728395061728395,,false
proeye:71975159,"",3,70,70,0,0.6379310344827587,0.6382428940568475,0.00031185957408885745,false
unresolved:2024:1_04:C:58:林,"",1,42,42,0,0.07160493827160494,0.07160493827160494,,false
unresolved:2024:1_04:D:60:浜,"",1,77,77,0,0.7580246913580246,0.7580246913580246,,false
unresolved:2024:1_04:E:45:ワォーターズ,"",1,80,80,0,0.8271604938271605,0.8271604938271605,,false
unresolved:2024:1_04:E:54:青野,"",1,61,61,0,0.38765432098765434,0.38765432098765434,,false
unresolved:2024:1_04:E:65:前田,"",1,67,67,0,0.562962962962963,0.562962962962963,,false
unresolved:2024:1_04:F:20:上原,"",1,86,86,0,0.9407407407407408,0.9407407407407408,,false
unresolved:2024:1_04:F:49:明瀬,"",1,38,38,0,0.04197530864197531,0.04197530864197531,,false
unresolved:2024:1_04:F:69:星野,"",1,63,63,0,0.43950617283950616,0.43950617283950616,,false
unresolved:2024:1_04:G:43:郡,"",1,66,66,0,0.5333333333333333,0.5333333333333333,,false
proeye:23225159,"",1,71,71,0,0.6699507389162561,0.6699507389162561,,false
unresolved:2024:1_04:G:60:丸,"",1,65,65,0,0.5135802469135803,0.5135802469135803,,false
unresolved:2024:1_04:H:43:牧原巧,"",1,58,58,0,0.29876543209876544,0.29876543209876544,,false
proeye:43245159,"",3,83,83,0,0.8916256157635468,0.8785529715762274,-0.01307264418731946,false
unresolved:2024:1_04:L:57:岸,"",1,72,72,0,0.6864197530864198,0.6864197530864198,,false
proeye:83585159,"",1,72,72,0,0.6921182266009852,0.6921182266009852,,false
proeye:51555159,"",2,88,88,0,0.9605911330049262,0.9584352078239609,-0.0021559251809653013,false
unresolved:2024:1_04:M:49:井上,"",1,35,35,0,0.024691358024691357,0.024691358024691357,,false
unresolved:2024:1_04:M:50:金田,"",1,59,59,0,0.3358024691358025,0.3358024691358025,,false
unresolved:2024:1_04:M:62:フェルナンデス,"",1,59,59,0,0.3358024691358025,0.3358024691358025,,false
unresolved:2024:1_04:OBU:39:堀,"",1,67,67,0,0.562962962962963,0.562962962962963,,false
unresolved:2024:1_04:OBU:50:宗,"",1,76,76,0,0.7481481481481481,0.7481481481481481,,false
unresolved:2024:1_04:OBU:64:元,"",1,70,70,0,0.6345679012345679,0.6345679012345679,,false
unresolved:2024:1_04:S:39:中川,"",1,37,37,0,0.0345679012345679,0.0345679012345679,,false
proeye:11615157,"",3,67,67,0,0.5640394088669951,0.5684754521963824,0.004436043329387296,false
unresolved:2024:1_04:T:40:藤田,"",1,60,60,0,0.35802469135802467,0.35802469135802467,,false
unresolved:2024:1_04:T:46:遠藤,"",1,63,63,0,0.43950617283950616,0.43950617283950616,,false
unresolved:2024:1_04:T:48:戸井,"",1,48,48,0,0.14814814814814814,0.14814814814814814,,false
unresolved:2024:1_04:T:49:山田,"",1,64,64,0,0.4765432098765432,0.4765432098765432,,false
unresolved:2024:1_04:T:50:百崎,"",1,77,77,0,0.7580246913580246,0.7580246913580246,,false
unresolved:2024:1_04:T:60:高浜,"",1,59,59,0,0.3358024691358025,0.3358024691358025,,false
unresolved:2024:1_05:BA:38:上甲,"",1,51,51,0,0.18472906403940886,0.18472906403940886,,false
unresolved:2024:1_05:BA:44:牧,"",1,64,64,0,0.47783251231527096,0.47783251231527096,,false
unresolved:2024:1_05:BA:68:武田,"",1,64,64,0,0.47783251231527096,0.47783251231527096,,false
unresolved:2024:1_05:C:39:高木,"",1,33,33,0,0.017241379310344827,0.017241379310344827,,false
unresolved:2024:1_05:C:58:林,"",1,42,42,0,0.07142857142857142,0.07142857142857142,,false
unresolved:2024:1_05:D:60:浜,"",1,77,77,0,0.7586206896551724,0.7586206896551724,,false
unresolved:2024:1_05:E:45:ワォーターズ,"",1,80,80,0,0.8275862068965517,0.8275862068965517,,false
unresolved:2024:1_05:E:54:青野,"",1,61,61,0,0.3891625615763547,0.3891625615763547,,false
unresolved:2024:1_05:E:65:前田,"",1,67,67,0,0.5640394088669951,0.5640394088669951,,false
unresolved:2024:1_05:F:20:上原,"",1,86,86,0,0.9408866995073891,0.9408866995073891,,false
unresolved:2024:1_05:F:49:明瀬,"",1,38,38,0,0.04187192118226601,0.04187192118226601,,false
unresolved:2024:1_05:F:69:星野,"",1,63,63,0,0.4408866995073892,0.4408866995073892,,false
unresolved:2024:1_05:G:43:郡,"",1,66,66,0,0.5344827586206896,0.5344827586206896,,false
unresolved:2024:1_05:G:60:丸,"",1,65,65,0,0.5147783251231527,0.5147783251231527,,false
proeye:01105151,"",3,51,51,0,0.18472906403940886,0.18863049095607234,0.0039014269166634807,false
unresolved:2024:1_05:H:43:牧原巧,"",1,58,58,0,0.30049261083743845,0.30049261083743845,,false
unresolved:2024:1_05:L:57:岸,"",1,72,72,0,0.687192118226601,0.687192118226601,,false
unresolved:2024:1_05:M:49:井上,"",1,35,35,0,0.024630541871921183,0.024630541871921183,,false
unresolved:2024:1_05:M:50:金田,"",1,59,59,0,0.3374384236453202,0.3374384236453202,,false
unresolved:2024:1_05:OBU:39:堀,"",1,67,67,0,0.5640394088669951,0.5640394088669951,,false
unresolved:2024:1_05:OBU:50:宗,"",1,76,76,0,0.7487684729064039,0.7487684729064039,,false
unresolved:2024:1_05:OBU:64:元,"",1,70,70,0,0.6354679802955665,0.6354679802955665,,false
unresolved:2024:1_05:S:39:中川,"",1,37,37,0,0.034482758620689655,0.034482758620689655,,false
unresolved:2024:1_05:T:40:藤田,"",1,60,60,0,0.35960591133004927,0.35960591133004927,,false
unresolved:2024:1_05:T:46:遠藤,"",1,63,63,0,0.4408866995073892,0.4408866995073892,,false
unresolved:2024:1_05:T:48:戸井,"",1,48,48,0,0.1477832512315271,0.1477832512315271,,false
unresolved:2024:1_05:T:49:山田,"",1,64,64,0,0.47783251231527096,0.47783251231527096,,false
unresolved:2024:1_05:T:50:百崎,"",1,77,77,0,0.7586206896551724,0.7586206896551724,,false
unresolved:2024:1_05:T:60:高浜,"",1,59,59,0,0.3374384236453202,0.3374384236453202,,false
unresolved:2024:1_07:BA:42:上甲,"",1,51,51,0,0.18472906403940886,0.18472906403940886,,false
unresolved:2024:1_07:BA:44:牧,"",1,67,67,0,0.5640394088669951,0.5640394088669951,,false
unresolved:2024:1_07:BA:68:武田,"",1,64,64,0,0.4802955665024631,0.4802955665024631,,false
unresolved:2024:1_07:C:39:高木,"",1,33,33,0,0.019704433497536946,0.019704433497536946,,false
unresolved:2024:1_07:C:57:林,"",1,42,42,0,0.07389162561576355,0.07389162561576355,,false
unresolved:2024:1_07:D:60:浜,"",1,77,77,0,0.7586206896551724,0.7586206896551724,,false
unresolved:2024:1_07:E:46:ワォーターズ,"",1,80,80,0,0.8275862068965517,0.8275862068965517,,false
unresolved:2024:1_07:E:54:青野,"",1,61,61,0,0.3866995073891626,0.3866995073891626,,false
unresolved:2024:1_07:E:64:前田,"",1,67,67,0,0.5640394088669951,0.5640394088669951,,false
unresolved:2024:1_07:F:20:上原,"",1,86,86,0,0.9384236453201971,0.9384236453201971,,false
unresolved:2024:1_07:F:49:明瀬,"",1,38,38,0,0.04187192118226601,0.04187192118226601,,false
unresolved:2024:1_07:F:69:星野,"",1,63,63,0,0.4408866995073892,0.4408866995073892,,false
unresolved:2024:1_07:G:43:郡,"",1,66,66,0,0.5344827586206896,0.5344827586206896,,false
unresolved:2024:1_07:G:60:丸,"",1,65,65,0,0.5147783251231527,0.5147783251231527,,false
unresolved:2024:1_07:H:43:牧原巧,"",1,58,58,0,0.29802955665024633,0.29802955665024633,,false
unresolved:2024:1_07:L:58:岸,"",1,72,72,0,0.6921182266009852,0.6921182266009852,,false
unresolved:2024:1_07:M:49:井上,"",1,35,35,0,0.027093596059113302,0.027093596059113302,,false
unresolved:2024:1_07:M:50:金田,"",1,59,59,0,0.33497536945812806,0.33497536945812806,,false
unresolved:2024:1_07:OBU:39:堀,"",1,67,67,0,0.5640394088669951,0.5640394088669951,,false
unresolved:2024:1_07:OBU:50:宗,"",1,76,76,0,0.7487684729064039,0.7487684729064039,,false
unresolved:2024:1_07:OBU:64:元,"",1,70,70,0,0.6379310344827587,0.6379310344827587,,false
unresolved:2024:1_07:S:42:中川,"",1,37,37,0,0.034482758620689655,0.034482758620689655,,false
unresolved:2024:1_07:T:40:藤田,"",1,60,60,0,0.35714285714285715,0.35714285714285715,,false
unresolved:2024:1_07:T:48:戸井,"",1,48,48,0,0.1477832512315271,0.1477832512315271,,false
unresolved:2024:1_07:T:49:山田,"",1,64,64,0,0.4802955665024631,0.4802955665024631,,false
unresolved:2024:1_07:T:50:百崎,"",1,77,77,0,0.7586206896551724,0.7586206896551724,,false
unresolved:2024:1_07:T:51:遠藤,"",1,63,63,0,0.4408866995073892,0.4408866995073892,,false
unresolved:2024:1_07:T:59:高浜,"",1,59,59,0,0.33497536945812806,0.33497536945812806,,false
unresolved:2024:1_08:BA:42:牧,"",1,67,67,0,0.5743589743589743,0.5743589743589743,,false
proeye:21525150,"",3,64,65,1,0.6083743842364532,0.5090439276485789,-0.09933045658787432,false
proeye:91495150,"",2,66,66,0,0.5427872860635696,0.5348837209302325,-0.00790356513333712,false
unresolved:2024:1_08:BA:63:武田,"",1,64,64,0,0.46923076923076923,0.46923076923076923,,false
unresolved:2024:1_08:C:35:高木,"",1,33,33,0,0.015384615384615385,0.015384615384615385,,false
proeye:11015150,"",2,65,65,0,0.5183374083129584,0.5090439276485789,-0.009293480664379516,false
proeye:53955150,"",2,49,49,0,0.18581907090464547,0.17054263565891473,-0.015276435245730746,false
unresolved:2024:1_08:C:54:林,"",1,42,42,0,0.06923076923076923,0.06923076923076923,,false
proeye:13515150,"",2,38,38,0,0.04156479217603912,0.03617571059431524,-0.005389081581723874,false
proeye:43745150,"",2,61,61,0,0.38141809290953543,0.37209302325581395,-0.009325069653721485,false
proeye:21125150,"",2,48,48,0,0.15892420537897312,0.14987080103359174,-0.009053404345381377,false
proeye:03105150,"",2,66,66,0,0.5427872860635696,0.5348837209302325,-0.00790356513333712,false
unresolved:2024:1_08:D:55:浜,"",1,77,77,0,0.7666666666666667,0.7666666666666667,,false
proeye:83785150,"",2,55,55,0,0.254278728606357,0.2351421188630491,-0.019136609743307886,false
unresolved:2024:1_08:D:63:駿太,"",1,78,78,0,0.7897435897435897,0.7897435897435897,,false
proeye:53155150,"",2,64,64,0,0.46943765281173594,0.4599483204134367,-0.009489332398299244,false
unresolved:2024:1_08:E:47:ワォーターズ,"",1,80,80,0,0.8282051282051283,0.8282051282051283,,false
unresolved:2024:1_08:E:55:青野,"",1,61,61,0,0.3717948717948718,0.3717948717948718,,false
unresolved:2024:1_08:E:56:陽,"",1,68,68,0,0.6128205128205129,0.6128205128205129,,false
proeye:03305150,"",2,61,61,0,0.38141809290953543,0.37209302325581395,-0.009325069653721485,false
unresolved:2024:1_08:E:67:前田,"",1,67,67,0,0.5743589743589743,0.5743589743589743,,false
unresolved:2024:1_08:F:19:上原,"",1,86,86,0,0.9358974358974359,0.9358974358974359,,false
unresolved:2024:1_08:F:24:柴田,"",1,48,48,0,0.14871794871794872,0.14871794871794872,,false
unresolved:2024:1_08:F:48:明瀬,"",1,38,38,0,0.03333333333333333,0.03333333333333333,,false
proeye:63165150,"",2,67,67,0,0.5721271393643031,0.5684754521963824,-0.0036516871679207474,false
unresolved:2024:1_08:F:66:星野,"",1,63,63,0,0.43333333333333335,0.43333333333333335,,false
unresolved:2024:1_08:G:38:郡,"",1,66,66,0,0.5435897435897435,0.5435897435897435,,false
proeye:61165150,"",2,64,64,0,0.46943765281173594,0.4599483204134367,-0.009489332398299244,false
proeye:81385150,"",2,84,84,0,0.9046454767726161,0.9043927648578811,-0.000252711914734971,false
proeye:71175150,"",2,52,52,0,0.22249388753056235,0.20671834625322996,-0.015775541277332383,false
proeye:73575150,"",2,74,74,0,0.7310513447432763,0.7312661498708011,0.00021480512752480863,false
unresolved:2024:1_08:G:55:丸,"",1,65,65,0,0.5153846153846153,0.5153846153846153,,false
unresolved:2024:1_08:H:38:牧原巧,"",1,58,58,0,0.29743589743589743,0.29743589743589743,,false
unresolved:2024:1_08:H:49:宇野,"",1,65,65,0,0.5153846153846153,0.5153846153846153,,false
proeye:01205150,"",2,87,87,0,0.9486552567237164,0.9431524547803618,-0.005502801943354618,false
unresolved:2024:1_08:H:56:石見,"",1,70,70,0,0.6461538461538462,0.6461538461538462,,false
unresolved:2024:1_08:L:34:龍山,"",1,60,60,0,0.3384615384615385,0.3384615384615385,,false
proeye:21925150,"",2,73,73,0,0.7237163814180929,0.7157622739018088,-0.007954107516284115,false
unresolved:2024:1_08:L:43:古賀輝,"",1,67,67,0,0.5743589743589743,0.5743589743589743,,false
unresolved:2024:1_08:L:53:岸,"",1,72,72,0,0.6974358974358974,0.6974358974358974,,false
proeye:83385150,"",2,66,66,0,0.5427872860635696,0.5348837209302325,-0.00790356513333712,false
proeye:53755150,"",2,38,38,0,0.04156479217603912,0.03617571059431524,-0.005389081581723874,false
unresolved:2024:1_08:L:64:林,"",1,66,66,0,0.5435897435897435,0.5435897435897435,,false
unresolved:2024:1_08:M:45:金田,"",1,59,59,0,0.3282051282051282,0.3282051282051282,,false
proeye:81885150,"",2,73,73,0,0.7237163814180929,0.7157622739018088,-0.007954107516284115,false
proeye:71475150,"",2,57,57,0,0.2860635696821516,0.2713178294573643,-0.014745740224787252,false
unresolved:2024:1_08:OBU:39:堀,"",1,67,67,0,0.5743589743589743,0.5743589743589743,,false
proeye:33335150,"",2,64,64,0,0.46943765281173594,0.4599483204134367,-0.009489332398299244,false
proeye:83585150,"",1,47,47,0,0.14180929095354522,0.14180929095354522,,false
unresolved:2024:1_08:OBU:50:宗,"",1,76,76,0,0.7564102564102564,0.7564102564102564,,false
unresolved:2024:1_08:OBU:59:佐野,"",1,93,93,0,0.9871794871794872,0.9871794871794872,,false
unresolved:2024:1_08:OBU:60:元,"",1,70,70,0,0.6461538461538462,0.6461538461538462,,false
proeye:33135150,"",2,94,94,0,0.9877750611246944,0.9819121447028424,-0.005862916421851994,false
unresolved:2024:1_08:S:35:矢野,"",1,55,55,0,0.24615384615384617,0.24615384615384617,,false
unresolved:2024:1_08:S:38:中川,"",1,37,37,0,0.02564102564102564,0.02564102564102564,,false
proeye:01405150,"",2,51,51,0,0.21026894865525672,0.18863049095607234,-0.021638457699184377,false
unresolved:2024:1_08:S:64:モイセエフ,"",1,64,64,0,0.46923076923076923,0.46923076923076923,,false
unresolved:2024:1_08:T:38:藤田,"",1,60,60,0,0.3384615384615385,0.3384615384615385,,false
proeye:91493885,"",2,57,57,0,0.2860635696821516,0.2713178294573643,-0.014745740224787252,false
unresolved:2024:1_08:T:47:戸井,"",1,48,48,0,0.14871794871794872,0.14871794871794872,,false
unresolved:2024:1_08:T:48:山田,"",1,64,64,0,0.46923076923076923,0.46923076923076923,,false
unresolved:2024:1_08:T:49:百崎,"",1,77,77,0,0.7666666666666667,0.7666666666666667,,false
unresolved:2024:1_08:T:55:佐野,"",1,73,73,0,0.7256410256410256,0.7256410256410256,,false
proeye:63765150,"",1,48,48,0,0.15892420537897312,0.15892420537897312,,false
unresolved:2024:1_08:T:64:野口,"",1,62,62,0,0.41025641025641024,0.41025641025641024,,false
unresolved:2024:1_09:BA:44:牧,"",1,67,67,0,0.5750636132315522,0.5750636132315522,,false
unresolved:2024:1_09:BA:65:武田,"",1,64,64,0,0.4681933842239186,0.4681933842239186,,false
unresolved:2024:1_09:C:35:高木,"",1,33,33,0,0.015267175572519083,0.015267175572519083,,false
unresolved:2024:1_09:C:54:林,"",1,42,42,0,0.06870229007633588,0.06870229007633588,,false
unresolved:2024:1_09:D:57:浜,"",1,77,77,0,0.7659033078880407,0.7659033078880407,,false
unresolved:2024:1_09:D:65:駿太,"",1,78,78,0,0.7913486005089059,0.7913486005089059,,false
unresolved:2024:1_09:E:48:ワォーターズ,"",1,80,80,0,0.8295165394402035,0.8295165394402035,,false
unresolved:2024:1_09:E:56:青野,"",1,61,61,0,0.37150127226463103,0.37150127226463103,,false
unresolved:2024:1_09:E:57:陽,"",1,68,68,0,0.6132315521628499,0.6132315521628499,,false
unresolved:2024:1_09:E:68:前田,"",1,67,67,0,0.5750636132315522,0.5750636132315522,,false
unresolved:2024:1_09:F:19:上原,"",1,86,86,0,0.9363867684478372,0.9363867684478372,,false
unresolved:2024:1_09:F:24:柴田,"",1,48,48,0,0.1475826972010178,0.1475826972010178,,false
unresolved:2024:1_09:F:49:明瀬,"",1,38,38,0,0.03307888040712468,0.03307888040712468,,false
unresolved:2024:1_09:F:67:星野,"",1,63,63,0,0.43256997455470736,0.43256997455470736,,false
unresolved:2024:1_09:G:38:郡,"",1,66,66,0,0.5419847328244275,0.5419847328244275,,false
unresolved:2024:1_09:G:55:丸,"",1,65,65,0,0.5139949109414759,0.5139949109414759,,false
unresolved:2024:1_09:H:38:牧原巧,"",1,58,58,0,0.2951653944020356,0.2951653944020356,,false
unresolved:2024:1_09:H:49:宇野,"",1,65,65,0,0.5139949109414759,0.5139949109414759,,false
unresolved:2024:1_09:H:56:石見,"",1,70,70,0,0.6463104325699746,0.6463104325699746,,false
unresolved:2024:1_09:L:35:龍山,"",1,60,60,0,0.3384223918575064,0.3384223918575064,,false
unresolved:2024:1_09:L:44:古賀輝,"",1,67,67,0,0.5750636132315522,0.5750636132315522,,false
unresolved:2024:1_09:L:55:岸,"",1,72,72,0,0.6972010178117048,0.6972010178117048,,false
unresolved:2024:1_09:L:66:林,"",1,66,66,0,0.5419847328244275,0.5419847328244275,,false
unresolved:2024:1_09:M:46:金田,"",1,59,59,0,0.3282442748091603,0.3282442748091603,,false
unresolved:2024:1_09:OBU:39:堀,"",1,67,67,0,0.5750636132315522,0.5750636132315522,,false
unresolved:2024:1_09:OBU:50:宗,"",1,76,76,0,0.7557251908396947,0.7557251908396947,,false
unresolved:2024:1_09:OBU:59:佐野,"",1,93,93,0,0.9872773536895675,0.9872773536895675,,false
unresolved:2024:1_09:OBU:60:元,"",1,70,70,0,0.6463104325699746,0.6463104325699746,,false
proeye:43945150,"",1,77,77,0,0.7775061124694377,0.7775061124694377,,false
unresolved:2024:1_09:S:36:矢野,"",1,55,55,0,0.24427480916030533,0.24427480916030533,,false
unresolved:2024:1_09:S:39:中川,"",1,37,37,0,0.02544529262086514,0.02544529262086514,,false
unresolved:2024:1_09:S:65:モイセエフ,"",1,64,64,0,0.4681933842239186,0.4681933842239186,,false
unresolved:2024:1_09:T:39:藤田,"",1,60,60,0,0.3384223918575064,0.3384223918575064,,false
unresolved:2024:1_09:T:48:戸井,"",1,48,48,0,0.1475826972010178,0.1475826972010178,,false
unresolved:2024:1_09:T:49:山田,"",1,64,64,0,0.4681933842239186,0.4681933842239186,,false
unresolved:2024:1_09:T:50:百崎,"",1,77,77,0,0.7659033078880407,0.7659033078880407,,false
unresolved:2024:1_09:T:56:佐野,"",1,73,73,0,0.7251908396946565,0.7251908396946565,,false
unresolved:2024:1_09:T:65:野口,"",1,62,62,0,0.40966921119592875,0.40966921119592875,,false
unresolved:2024:1_10:BA:45:牧,"",1,67,67,0,0.5717884130982368,0.5717884130982368,,false
unresolved:2024:1_10:BA:66:武田,"",1,64,64,0,0.4659949622166247,0.4659949622166247,,false
unresolved:2024:1_10:C:35:高木,"",1,33,33,0,0.015113350125944584,0.015113350125944584,,false
unresolved:2024:1_10:C:55:林,"",1,42,42,0,0.06801007556675064,0.06801007556675064,,false
unresolved:2024:1_10:D:60:浜,"",1,77,77,0,0.7657430730478589,0.7657430730478589,,false
unresolved:2024:1_10:D:66:駿太,"",1,78,78,0,0.7909319899244333,0.7909319899244333,,false
unresolved:2024:1_10:E:48:ワォーターズ,"",1,80,80,0,0.8287153652392947,0.8287153652392947,,false
unresolved:2024:1_10:E:56:青野,"",1,61,61,0,0.3702770780856423,0.3702770780856423,,false
unresolved:2024:1_10:E:58:陽,"",1,68,68,0,0.6095717884130982,0.6095717884130982,,false
unresolved:2024:1_10:E:68:前田,"",1,67,67,0,0.5717884130982368,0.5717884130982368,,false
proeye:93095150,"",2,74,74,0,0.7310513447432763,0.7312661498708011,0.00021480512752480863,false
unresolved:2024:1_10:F:19:上原,"",1,86,86,0,0.9370277078085643,0.9370277078085643,,false
unresolved:2024:1_10:F:25:柴田,"",1,48,48,0,0.14609571788413098,0.14609571788413098,,false
unresolved:2024:1_10:F:50:明瀬,"",1,38,38,0,0.0327455919395466,0.0327455919395466,,false
unresolved:2024:1_10:F:68:星野,"",1,63,63,0,0.43073047858942065,0.43073047858942065,,false
unresolved:2024:1_10:G:39:郡,"",1,66,66,0,0.5390428211586902,0.5390428211586902,,false
unresolved:2024:1_10:G:59:丸,"",1,65,65,0,0.5113350125944585,0.5113350125944585,,false
proeye:21925155,"",1,72,72,0,0.6919315403422983,0.6919315403422983,,false
unresolved:2024:1_10:H:40:牧原巧,"",1,58,58,0,0.29219143576826195,0.29219143576826195,,false
unresolved:2024:1_10:H:49:宇野,"",1,65,65,0,0.5113350125944585,0.5113350125944585,,false
unresolved:2024:1_10:H:56:石見,"",1,70,70,0,0.6423173803526449,0.6423173803526449,,false
proeye:93595155,"",2,60,60,0,0.35207823960880197,0.34366925064599485,-0.008408988962807118,false
unresolved:2024:1_10:L:36:龍山,"",1,60,60,0,0.3350125944584383,0.3350125944584383,,false
unresolved:2024:1_10:L:45:古賀輝,"",1,67,67,0,0.5717884130982368,0.5717884130982368,,false
unresolved:2024:1_10:L:59:岸,"",1,72,72,0,0.6926952141057935,0.6926952141057935,,false
unresolved:2024:1_10:L:67:林,"",1,66,66,0,0.5390428211586902,0.5390428211586902,,false
proeye:23125157,"",1,84,84,0,0.9046454767726161,0.9046454767726161,,false
unresolved:2024:1_10:M:46:金田,"",1,59,59,0,0.3249370277078086,0.3249370277078086,,false
unresolved:2024:1_10:OBU:39:堀,"",1,67,67,0,0.5717884130982368,0.5717884130982368,,false
unresolved:2024:1_10:OBU:51:宗,"",1,76,76,0,0.7556675062972292,0.7556675062972292,,false
unresolved:2024:1_10:OBU:58:佐野,"",1,93,93,0,0.9874055415617129,0.9874055415617129,,false
unresolved:2024:1_10:OBU:60:元,"",1,70,70,0,0.6423173803526449,0.6423173803526449,,false
unresolved:2024:1_10:S:37:矢野,"",1,55,55,0,0.24181360201511334,0.24181360201511334,,false
unresolved:2024:1_10:S:40:中川,"",1,37,37,0,0.02518891687657431,0.02518891687657431,,false
unresolved:2024:1_10:S:66:モイセエフ,"",1,64,64,0,0.4659949622166247,0.4659949622166247,,false
unresolved:2024:1_10:T:39:藤田,"",1,60,60,0,0.3350125944584383,0.3350125944584383,,false
unresolved:2024:1_10:T:47:戸井,"",1,48,48,0,0.14609571788413098,0.14609571788413098,,false
unresolved:2024:1_10:T:48:山田,"",1,64,64,0,0.4659949622166247,0.4659949622166247,,false
unresolved:2024:1_10:T:49:百崎,"",1,77,77,0,0.7657430730478589,0.7657430730478589,,false
unresolved:2024:1_10:T:57:佐野,"",1,73,73,0,0.7229219143576826,0.7229219143576826,,false
unresolved:2024:1_10:T:65:野口,"",1,62,62,0,0.4080604534005038,0.4080604534005038,,false
unresolved:2024:1_11:BA:45:牧,"",1,67,67,0,0.5717884130982368,0.5717884130982368,,false
unresolved:2024:1_11:BA:66:武田,"",1,64,64,0,0.4659949622166247,0.4659949622166247,,false
unresolved:2024:1_11:C:35:高木,"",1,33,33,0,0.015113350125944584,0.015113350125944584,,false
unresolved:2024:1_11:C:51:林,"",1,42,42,0,0.06801007556675064,0.06801007556675064,,false
unresolved:2024:1_11:D:59:浜,"",1,77,77,0,0.7657430730478589,0.7657430730478589,,false
unresolved:2024:1_11:D:65:駿太,"",1,78,78,0,0.7909319899244333,0.7909319899244333,,false
unresolved:2024:1_11:E:48:ワォーターズ,"",1,80,80,0,0.8287153652392947,0.8287153652392947,,false
unresolved:2024:1_11:E:56:青野,"",1,61,61,0,0.3702770780856423,0.3702770780856423,,false
unresolved:2024:1_11:E:58:陽,"",1,68,68,0,0.6095717884130982,0.6095717884130982,,false
unresolved:2024:1_11:E:68:前田,"",1,67,67,0,0.5717884130982368,0.5717884130982368,,false
unresolved:2024:1_11:F:19:上原,"",1,86,86,0,0.9370277078085643,0.9370277078085643,,false
unresolved:2024:1_11:F:25:柴田,"",1,48,48,0,0.14609571788413098,0.14609571788413098,,false
unresolved:2024:1_11:F:50:明瀬,"",1,38,38,0,0.0327455919395466,0.0327455919395466,,false
unresolved:2024:1_11:F:68:星野,"",1,63,63,0,0.43073047858942065,0.43073047858942065,,false
unresolved:2024:1_11:G:38:郡,"",1,66,66,0,0.5390428211586902,0.5390428211586902,,false
unresolved:2024:1_11:G:58:丸,"",1,65,65,0,0.5113350125944585,0.5113350125944585,,false
unresolved:2024:1_11:H:39:牧原巧,"",1,58,58,0,0.29219143576826195,0.29219143576826195,,false
unresolved:2024:1_11:H:49:宇野,"",1,65,65,0,0.5113350125944585,0.5113350125944585,,false
unresolved:2024:1_11:H:56:石見,"",1,70,70,0,0.6448362720403022,0.6448362720403022,,false
unresolved:2024:1_11:L:36:龍山,"",1,60,60,0,0.3350125944584383,0.3350125944584383,,false
unresolved:2024:1_11:L:45:古賀輝,"",1,67,67,0,0.5717884130982368,0.5717884130982368,,false
unresolved:2024:1_11:L:58:岸,"",1,72,72,0,0.6926952141057935,0.6926952141057935,,false
unresolved:2024:1_11:L:66:林,"",1,66,66,0,0.5390428211586902,0.5390428211586902,,false
unresolved:2024:1_11:M:46:金田,"",1,59,59,0,0.3249370277078086,0.3249370277078086,,false
unresolved:2024:1_11:OBU:40:堀,"",1,67,67,0,0.5717884130982368,0.5717884130982368,,false
unresolved:2024:1_11:OBU:53:宗,"",1,76,76,0,0.7556675062972292,0.7556675062972292,,false
unresolved:2024:1_11:OBU:59:佐野,"",1,93,93,0,0.9874055415617129,0.9874055415617129,,false
unresolved:2024:1_11:OBU:61:元,"",1,70,70,0,0.6448362720403022,0.6448362720403022,,false
unresolved:2024:1_11:S:37:矢野,"",1,55,55,0,0.24181360201511334,0.24181360201511334,,false
unresolved:2024:1_11:S:40:中川,"",1,37,37,0,0.02518891687657431,0.02518891687657431,,false
unresolved:2024:1_11:S:67:モイセエフ,"",1,64,64,0,0.4659949622166247,0.4659949622166247,,false
unresolved:2024:1_11:T:39:藤田,"",1,60,60,0,0.3350125944584383,0.3350125944584383,,false
unresolved:2024:1_11:T:47:戸井,"",1,48,48,0,0.14609571788413098,0.14609571788413098,,false
unresolved:2024:1_11:T:48:山田,"",1,64,64,0,0.4659949622166247,0.4659949622166247,,false
unresolved:2024:1_11:T:49:百崎,"",1,77,77,0,0.7657430730478589,0.7657430730478589,,false
unresolved:2024:1_11:T:56:佐野,"",1,73,73,0,0.7229219143576826,0.7229219143576826,,false
unresolved:2024:1_11:T:65:野口,"",1,62,62,0,0.4080604534005038,0.4080604534005038,,false
unresolved:2024:1_12:BA:47:牧,"",1,67,67,0,0.5717761557177615,0.5717761557177615,,false
unresolved:2024:1_12:BA:70:武田,"",1,64,64,0,0.46715328467153283,0.46715328467153283,,false
unresolved:2024:1_12:C:36:高木,"",1,33,33,0,0.0170316301703163,0.0170316301703163,,false
unresolved:2024:1_12:C:52:林,"",1,42,42,0,0.08029197080291971,0.08029197080291971,,false
proeye:41845155,"",2,61,61,0,0.38141809290953543,0.37209302325581395,-0.009325069653721485,false
proeye:63065150,"",1,70,70,0,0.6430317848410758,0.6430317848410758,,false
unresolved:2024:1_12:D:62:浜,"",1,77,77,0,0.7712895377128953,0.7712895377128953,,false
unresolved:2024:1_12:D:68:駿太,"",1,76,76,0,0.7591240875912408,0.7591240875912408,,false
proeye:03005150,"",2,38,38,0,0.04156479217603912,0.03617571059431524,-0.005389081581723874,false
unresolved:2024:1_12:E:49:ワォーターズ,"",1,80,80,0,0.8248175182481752,0.8248175182481752,,false
unresolved:2024:1_12:E:50:青野,"",1,53,53,0,0.2384428223844282,0.2384428223844282,,false
unresolved:2024:1_12:E:58:陽,"",1,74,74,0,0.7299270072992701,0.7299270072992701,,false
unresolved:2024:1_12:E:70:前田,"",1,67,67,0,0.5717761557177615,0.5717761557177615,,false
unresolved:2024:1_12:F:19:上原,"",1,86,86,0,0.9318734793187348,0.9318734793187348,,false
unresolved:2024:1_12:F:24:柴田,"",1,48,48,0,0.15815085158150852,0.15815085158150852,,false
unresolved:2024:1_12:F:52:明瀬,"",1,38,38,0,0.038929440389294405,0.038929440389294405,,false
unresolved:2024:1_12:F:69:星野,"",1,63,63,0,0.43309002433090027,0.43309002433090027,,false
unresolved:2024:1_12:G:40:郡,"",1,66,66,0,0.5401459854014599,0.5401459854014599,,false
proeye:13115157,"",2,50,50,0,0.19559902200489,0.18087855297157623,-0.014720469033313754,false
unresolved:2024:1_12:G:58:丸,"",1,65,65,0,0.51338199513382,0.51338199513382,,false
proeye:91095155,"",1,86,86,0,0.9364303178484108,0.9364303178484108,,false
proeye:83285159,"",1,64,64,0,0.46943765281173594,0.46943765281173594,,false
unresolved:2024:1_12:H:42:牧原巧,"",1,58,58,0,0.29927007299270075,0.29927007299270075,,false
unresolved:2024:1_12:H:51:宇野,"",1,65,65,0,0.51338199513382,0.51338199513382,,false
unresolved:2024:1_12:H:58:石見,"",1,70,70,0,0.6447688564476886,0.6447688564476886,,false
unresolved:2024:1_12:L:37:龍山,"",1,60,60,0,0.34306569343065696,0.34306569343065696,,false
proeye:51055150,"",2,83,83,0,0.882640586797066,0.8785529715762274,-0.00408761522083867,false
unresolved:2024:1_12:L:47:古賀輝,"",1,67,67,0,0.5717761557177615,0.5717761557177615,,false
proeye:23025150,"",1,37,37,0,0.03178484107579462,0.03178484107579462,,false
unresolved:2024:1_12:L:61:岸,"",1,72,72,0,0.6885644768856448,0.6885644768856448,,false
unresolved:2024:1_12:L:66:林,"",1,66,66,0,0.5401459854014599,0.5401459854014599,,false
unresolved:2024:1_12:M:48:金田,"",1,59,59,0,0.3333333333333333,0.3333333333333333,,false
proeye:23925150,"",1,72,72,0,0.6919315403422983,0.6919315403422983,,false
unresolved:2024:1_12:OBU:42:堀,"",1,67,67,0,0.5717761557177615,0.5717761557177615,,false
unresolved:2024:1_12:OBU:54:宗,"",1,76,76,0,0.7591240875912408,0.7591240875912408,,false
unresolved:2024:1_12:OBU:61:佐野,"",1,93,93,0,0.9878345498783455,0.9878345498783455,,false
unresolved:2024:1_12:OBU:63:元,"",1,70,70,0,0.6447688564476886,0.6447688564476886,,false
unresolved:2024:1_12:S:39:矢野,"",1,55,55,0,0.25304136253041365,0.25304136253041365,,false
unresolved:2024:1_12:S:42:中川,"",1,37,37,0,0.029197080291970802,0.029197080291970802,,false
unresolved:2024:1_12:S:69:モイセエフ,"",1,64,64,0,0.46715328467153283,0.46715328467153283,,false
unresolved:2024:1_12:T:41:藤田,"",1,60,60,0,0.34306569343065696,0.34306569343065696,,false
unresolved:2024:1_12:T:50:佐野,"",1,73,73,0,0.7226277372262774,0.7226277372262774,,false
unresolved:2024:1_12:T:51:百崎,"",1,77,77,0,0.7712895377128953,0.7712895377128953,,false
unresolved:2024:1_12:T:52:戸井,"",1,48,48,0,0.15815085158150852,0.15815085158150852,,false
unresolved:2024:1_12:T:53:山田,"",1,69,69,0,0.6301703163017032,0.6301703163017032,,false
unresolved:2024:1_12:T:70:野口,"",1,62,62,0,0.41119221411192214,0.41119221411192214,,false
unresolved:2024:1_14:BA:47:牧,"",1,67,67,0,0.5721271393643031,0.5721271393643031,,false
unresolved:2024:1_14:BA:70:武田,"",1,64,64,0,0.46943765281173594,0.46943765281173594,,false
unresolved:2024:1_14:C:36:高木,"",1,33,33,0,0.017114914425427872,0.017114914425427872,,false
unresolved:2024:1_14:C:51:林,"",1,42,42,0,0.08068459657701711,0.08068459657701711,,false
unresolved:2024:1_14:D:62:浜,"",1,77,77,0,0.7775061124694377,0.7775061124694377,,false
unresolved:2024:1_14:D:68:駿太,"",1,74,74,0,0.7310513447432763,0.7310513447432763,,false
unresolved:2024:1_14:E:49:ワォーターズ,"",1,80,80,0,0.8264058679706602,0.8264058679706602,,false
unresolved:2024:1_14:E:50:青野,"",1,53,53,0,0.24449877750611246,0.24449877750611246,,false
unresolved:2024:1_14:E:58:陽,"",1,74,74,0,0.7310513447432763,0.7310513447432763,,false
unresolved:2024:1_14:E:70:前田,"",1,67,67,0,0.5721271393643031,0.5721271393643031,,false
unresolved:2024:1_14:F:23:柴田,"",1,48,48,0,0.15892420537897312,0.15892420537897312,,false
unresolved:2024:1_14:F:52:明瀬,"",1,38,38,0,0.04156479217603912,0.04156479217603912,,false
unresolved:2024:1_14:F:69:星野,"",1,63,63,0,0.43765281173594134,0.43765281173594134,,false
unresolved:2024:1_14:G:40:郡,"",1,66,66,0,0.5427872860635696,0.5427872860635696,,false
unresolved:2024:1_14:G:58:丸,"",1,65,65,0,0.5183374083129584,0.5183374083129584,,false
unresolved:2024:1_14:H:41:牧原巧,"",1,58,58,0,0.3056234718826406,0.3056234718826406,,false
unresolved:2024:1_14:H:51:宇野,"",1,65,65,0,0.5183374083129584,0.5183374083129584,,false
unresolved:2024:1_14:H:58:石見,"",1,70,70,0,0.6430317848410758,0.6430317848410758,,false
unresolved:2024:1_14:L:36:龍山,"",1,60,60,0,0.35207823960880197,0.35207823960880197,,false
unresolved:2024:1_14:L:46:古賀輝,"",1,67,67,0,0.5721271393643031,0.5721271393643031,,false
unresolved:2024:1_14:L:61:岸,"",1,72,72,0,0.6919315403422983,0.6919315403422983,,false
unresolved:2024:1_14:L:67:林,"",1,66,66,0,0.5427872860635696,0.5427872860635696,,false
unresolved:2024:1_14:M:50:金田,"",1,59,59,0,0.33985330073349634,0.33985330073349634,,false
unresolved:2024:1_14:OBU:42:堀,"",1,67,67,0,0.5721271393643031,0.5721271393643031,,false
unresolved:2024:1_14:OBU:55:宗,"",1,76,76,0,0.7652811735941321,0.7652811735941321,,false
unresolved:2024:1_14:OBU:60:佐野,"",1,93,93,0,0.9853300733496333,0.9853300733496333,,false
unresolved:2024:1_14:OBU:62:元,"",1,70,70,0,0.6430317848410758,0.6430317848410758,,false
unresolved:2024:1_14:S:39:矢野,"",1,55,55,0,0.254278728606357,0.254278728606357,,false
unresolved:2024:1_14:S:42:中川,"",1,37,37,0,0.03178484107579462,0.03178484107579462,,false
unresolved:2024:1_14:S:69:モイセエフ,"",1,64,64,0,0.46943765281173594,0.46943765281173594,,false
unresolved:2024:1_14:T:43:藤田,"",1,60,60,0,0.35207823960880197,0.35207823960880197,,false
unresolved:2024:1_14:T:50:佐野,"",1,73,73,0,0.7237163814180929,0.7237163814180929,,false
unresolved:2024:1_14:T:51:百崎,"",1,77,77,0,0.7775061124694377,0.7775061124694377,,false
unresolved:2024:1_14:T:52:山田,"",1,69,69,0,0.628361858190709,0.628361858190709,,false
unresolved:2024:1_14:T:53:戸井,"",1,48,48,0,0.15892420537897312,0.15892420537897312,,false
unresolved:2024:1_14:T:70:野口,"",1,62,62,0,0.4132029339853301,0.4132029339853301,,false
unresolved:2024:1_15:BA:47:牧,"",1,67,67,0,0.5721271393643031,0.5721271393643031,,false
unresolved:2024:1_15:BA:70:武田,"",1,64,64,0,0.46943765281173594,0.46943765281173594,,false
unresolved:2024:1_15:C:36:高木,"",1,33,33,0,0.017114914425427872,0.017114914425427872,,false
unresolved:2024:1_15:C:51:林,"",1,42,42,0,0.08068459657701711,0.08068459657701711,,false
unresolved:2024:1_15:D:62:浜,"",1,77,77,0,0.7775061124694377,0.7775061124694377,,false
unresolved:2024:1_15:D:68:駿太,"",1,74,74,0,0.7310513447432763,0.7310513447432763,,false
unresolved:2024:1_15:E:49:ワォーターズ,"",1,80,80,0,0.8288508557457213,0.8288508557457213,,false
unresolved:2024:1_15:E:50:青野,"",1,53,53,0,0.24449877750611246,0.24449877750611246,,false
unresolved:2024:1_15:E:58:陽,"",1,74,74,0,0.7310513447432763,0.7310513447432763,,false
unresolved:2024:1_15:E:70:前田,"",1,67,67,0,0.5721271393643031,0.5721271393643031,,false
unresolved:2024:1_15:F:23:柴田,"",1,48,48,0,0.15892420537897312,0.15892420537897312,,false
unresolved:2024:1_15:F:52:明瀬,"",1,38,38,0,0.04156479217603912,0.04156479217603912,,false
unresolved:2024:1_15:F:69:星野,"",1,63,63,0,0.43765281173594134,0.43765281173594134,,false
unresolved:2024:1_15:G:40:郡,"",1,66,66,0,0.5427872860635696,0.5427872860635696,,false
unresolved:2024:1_15:G:58:丸,"",1,65,65,0,0.5183374083129584,0.5183374083129584,,false
unresolved:2024:1_15:H:41:牧原巧,"",1,58,58,0,0.3056234718826406,0.3056234718826406,,false
unresolved:2024:1_15:H:51:宇野,"",1,65,65,0,0.5183374083129584,0.5183374083129584,,false
unresolved:2024:1_15:H:58:石見,"",1,70,70,0,0.6430317848410758,0.6430317848410758,,false
unresolved:2024:1_15:L:36:龍山,"",1,60,60,0,0.35207823960880197,0.35207823960880197,,false
unresolved:2024:1_15:L:46:古賀輝,"",1,67,67,0,0.5721271393643031,0.5721271393643031,,false
unresolved:2024:1_15:L:61:岸,"",1,72,72,0,0.6919315403422983,0.6919315403422983,,false
unresolved:2024:1_15:L:67:林,"",1,66,66,0,0.5427872860635696,0.5427872860635696,,false
unresolved:2024:1_15:M:50:金田,"",1,59,59,0,0.33985330073349634,0.33985330073349634,,false
unresolved:2024:1_15:OBU:42:堀,"",1,67,67,0,0.5721271393643031,0.5721271393643031,,false
unresolved:2024:1_15:OBU:55:宗,"",1,76,76,0,0.7652811735941321,0.7652811735941321,,false
unresolved:2024:1_15:OBU:60:佐野,"",1,93,93,0,0.9853300733496333,0.9853300733496333,,false
unresolved:2024:1_15:OBU:62:元,"",1,70,70,0,0.6430317848410758,0.6430317848410758,,false
unresolved:2024:1_15:S:39:矢野,"",1,55,55,0,0.254278728606357,0.254278728606357,,false
unresolved:2024:1_15:S:42:中川,"",1,37,37,0,0.03178484107579462,0.03178484107579462,,false
unresolved:2024:1_15:S:69:モイセエフ,"",1,64,64,0,0.46943765281173594,0.46943765281173594,,false
unresolved:2024:1_15:T:43:藤田,"",1,60,60,0,0.35207823960880197,0.35207823960880197,,false
unresolved:2024:1_15:T:50:佐野,"",1,73,73,0,0.7237163814180929,0.7237163814180929,,false
unresolved:2024:1_15:T:51:百崎,"",1,77,77,0,0.7775061124694377,0.7775061124694377,,false
unresolved:2024:1_15:T:52:山田,"",1,69,69,0,0.628361858190709,0.628361858190709,,false
unresolved:2024:1_15:T:53:戸井,"",1,48,48,0,0.15892420537897312,0.15892420537897312,,false
unresolved:2024:1_15:T:70:野口,"",1,62,62,0,0.4132029339853301,0.4132029339853301,,false
unresolved:2026:default:BA:42:牧,"",1,67,67,0,0.5677083333333334,0.5677083333333334,,false
unresolved:2026:default:BA:48:宮下,"",1,58,58,0,0.2916666666666667,0.2916666666666667,,false
unresolved:2026:default:BA:52:成瀬,"",1,63,63,0,0.4270833333333333,0.4270833333333333,,false
unresolved:2026:default:BA:55:小田,"",1,57,57,0,0.2682291666666667,0.2682291666666667,,false
unresolved:2026:default:BA:60:ヒュンメル,"",1,79,79,0,0.8229166666666666,0.8229166666666666,,false
unresolved:2026:default:BA:61:浜,"",1,77,77,0,0.7838541666666666,0.7838541666666666,,false
unresolved:2026:default:C:37:高木翔,"",1,33,33,0,0.013020833333333334,0.013020833333333334,,false
unresolved:2026:default:C:44:勝田,"",1,66,66,0,0.5338541666666666,0.5338541666666666,,false
unresolved:2026:default:C:49:林,"",1,42,42,0,0.07552083333333333,0.07552083333333333,,false
unresolved:2026:default:C:56:辰見,"",1,91,91,0,0.9713541666666666,0.9713541666666666,,false
unresolved:2026:default:C:60:平川,"",1,83,83,0,0.8802083333333334,0.8802083333333334,,false
unresolved:2026:default:D:47:新保,"",1,51,51,0,0.1875,0.1875,,false
unresolved:2026:default:D:48:サノー,"",1,46,46,0,0.1171875,0.1171875,,false
unresolved:2026:default:D:54:知野,"",1,70,70,0,0.6380208333333334,0.6380208333333334,,false
unresolved:2026:default:D:58:能戸,"",1,71,71,0,0.6640625,0.6640625,,false
unresolved:2026:default:D:65:花田,"",1,63,63,0,0.4270833333333333,0.4270833333333333,,false
unresolved:2026:default:E:39:伊藤光,"",1,58,58,0,0.2916666666666667,0.2916666666666667,,false
unresolved:2026:default:E:41:YG安田,"",1,49,49,0,0.16927083333333334,0.16927083333333334,,false
unresolved:2026:default:E:42:大栄,"",1,42,42,0,0.07552083333333333,0.07552083333333333,,false
unresolved:2026:default:E:49:ワォーターズ,"",1,80,80,0,0.8359375,0.8359375,,false
unresolved:2026:default:E:50:青野,"",1,53,53,0,0.22395833333333334,0.22395833333333334,,false
unresolved:2026:default:E:51:繁永,"",1,66,66,0,0.5338541666666666,0.5338541666666666,,false
unresolved:2026:default:E:56:陽,"",1,74,74,0,0.7317708333333334,0.7317708333333334,,false
unresolved:2026:default:E:67:阪上,"",1,73,73,0,0.7161458333333334,0.7161458333333334,,false
unresolved:2026:default:E:68:佐藤,"",1,82,82,0,0.859375,0.859375,,false
unresolved:2026:default:E:69:マッカスカー,"",1,78,78,0,0.8046875,0.8046875,,false
unresolved:2026:default:F:21:柴田,"",1,48,48,0,0.1484375,0.1484375,,false
unresolved:2026:default:F:43:藤森,"",1,67,67,0,0.5677083333333334,0.5677083333333334,,false
unresolved:2026:default:F:48:明瀬,"",1,38,38,0,0.033854166666666664,0.033854166666666664,,false
unresolved:2026:default:F:49:大塚,"",1,75,75,0,0.75,0.75,,false
unresolved:2026:default:F:50:半田,"",1,62,62,0,0.4010416666666667,0.4010416666666667,,false
unresolved:2026:default:F:57:カストロ,"",1,67,67,0,0.5677083333333334,0.5677083333333334,,false
unresolved:2026:default:F:66:エドポロ,"",1,68,68,0,0.6015625,0.6015625,,false
unresolved:2026:default:G:37:郡,"",1,66,66,0,0.5338541666666666,0.5338541666666666,,false
unresolved:2026:default:G:48:小浜,"",1,76,76,0,0.7682291666666666,0.7682291666666666,,false
unresolved:2026:default:G:49:藤井,"",1,45,45,0,0.10416666666666667,0.10416666666666667,,false
unresolved:2026:default:G:51:ダルベック,"",1,77,77,0,0.7838541666666666,0.7838541666666666,,false
unresolved:2026:default:G:56:丸,"",1,65,65,0,0.5078125,0.5078125,,false
unresolved:2026:default:G:57:松本剛,"",1,69,69,0,0.6223958333333334,0.6223958333333334,,false
unresolved:2026:default:G:62:皆川,"",1,70,70,0,0.6380208333333334,0.6380208333333334,,false
unresolved:2026:default:H:44:宇野,"",1,65,65,0,0.5078125,0.5078125,,false
unresolved:2026:default:H:52:石見,"",1,70,70,0,0.6380208333333334,0.6380208333333334,,false
unresolved:2026:default:H:54:高橋,"",1,41,41,0,0.059895833333333336,0.059895833333333336,,false
unresolved:2026:default:L:34:龍山,"",1,60,60,0,0.3411458333333333,0.3411458333333333,,false
unresolved:2026:default:L:36:小島,"",1,61,61,0,0.3697916666666667,0.3697916666666667,,false
unresolved:2026:default:L:43:横田,"",1,57,57,0,0.2682291666666667,0.2682291666666667,,false
proeye:91193884,"",3,58,79,1,0.5121951219512195,0.8217054263565892,0.30951030440536964,false
unresolved:2026:default:L:54:岸,"",1,72,72,0,0.6848958333333334,0.6848958333333334,,false
unresolved:2026:default:L:56:川田,"",1,94,94,0,0.9817708333333334,0.9817708333333334,,false
unresolved:2026:default:L:58:桑原,"",1,82,82,0,0.859375,0.859375,,false
unresolved:2026:default:L:60:林安可,"",1,62,62,0,0.4010416666666667,0.4010416666666667,,false
unresolved:2026:default:L:63:林冠臣,"",1,66,66,0,0.5338541666666666,0.5338541666666666,,false
unresolved:2026:default:L:65:茶野,"",1,83,83,0,0.8802083333333334,0.8802083333333334,,false
unresolved:2026:default:L:66:カナリオ,"",1,76,76,0,0.7682291666666666,0.7682291666666666,,false
unresolved:2026:default:M:41:岡村,"",1,71,71,0,0.6640625,0.6640625,,false
unresolved:2026:default:M:49:櫻井,"",1,59,59,0,0.3255208333333333,0.3255208333333333,,false
unresolved:2026:default:M:59:井上,"",1,52,52,0,0.20572916666666666,0.20572916666666666,,false
unresolved:2026:default:OBU:41:堀,"",1,67,67,0,0.5677083333333334,0.5677083333333334,,false
unresolved:2026:default:OBU:42:野上,"",1,51,51,0,0.1875,0.1875,,false
unresolved:2026:default:OBU:51:シーモア,"",1,45,45,0,0.10416666666666667,0.10416666666666667,,false
unresolved:2026:default:OBU:54:宗,"",1,76,76,0,0.7682291666666666,0.7682291666666666,,false
unresolved:2026:default:OBU:59:平沼,"",1,62,62,0,0.4010416666666667,0.4010416666666667,,false
unresolved:2026:default:OBU:65:窪田,"",1,73,73,0,0.7161458333333334,0.7161458333333334,,false
unresolved:2026:default:S:38:矢野,"",1,55,55,0,0.234375,0.234375,,false
unresolved:2026:default:S:39:柿沼,"",1,39,39,0,0.044270833333333336,0.044270833333333336,,false
unresolved:2026:default:S:46:松下,"",1,64,64,0,0.4583333333333333,0.4583333333333333,,false
unresolved:2026:default:S:47:松川,"",1,92,92,0,0.9739583333333334,0.9739583333333334,,false
unresolved:2026:default:S:48:石井,"",1,64,64,0,0.4583333333333333,0.4583333333333333,,false
unresolved:2026:default:S:55:北村,"",1,45,45,0,0.10416666666666667,0.10416666666666667,,false
unresolved:2026:default:S:65:モイセエフ,"",1,64,64,0,0.4583333333333333,0.4583333333333333,,false
unresolved:2026:default:T:38:藤田,"",1,60,60,0,0.3411458333333333,0.3411458333333333,,false
unresolved:2026:default:T:39:伏見,"",1,40,40,0,0.0546875,0.0546875,,false
unresolved:2026:default:T:46:佐野,"",1,73,73,0,0.7161458333333334,0.7161458333333334,,false
unresolved:2026:default:T:47:百崎,"",1,77,77,0,0.7838541666666666,0.7838541666666666,,false
unresolved:2026:default:T:48:山田,"",1,69,69,0,0.6223958333333334,0.6223958333333334,,false
unresolved:2026:default:T:49:元山,"",1,53,53,0,0.22395833333333334,0.22395833333333334,,false
unresolved:2026:default:T:54:立石,"",1,75,75,0,0.75,0.75,,false
unresolved:2026:default:T:55:谷端,"",1,63,63,0,0.4270833333333333,0.4270833333333333,,false
unresolved:2026:default:T:56:ディベイニー,"",1,59,59,0,0.3255208333333333,0.3255208333333333,,false
unresolved:2026:default:T:59:浜田,"",1,58,58,0,0.2916666666666667,0.2916666666666667,,false
unresolved:2026:default:T:63:岡城,"",1,97,97,0,0.9921875,0.9921875,,false
unresolved:2026:1_10:BA:42:牧,"",1,67,67,0,0.5684754521963824,0.5684754521963824,,false
unresolved:2026:1_10:BA:48:宮下,"",1,58,58,0,0.29457364341085274,0.29457364341085274,,false
unresolved:2026:1_10:BA:52:成瀬,"",1,63,63,0,0.4289405684754522,0.4289405684754522,,false
unresolved:2026:1_10:BA:55:小田,"",1,57,57,0,0.2713178294573643,0.2713178294573643,,false
unresolved:2026:1_10:BA:57:ヒュンメル,"",1,79,79,0,0.8217054263565892,0.8217054263565892,,false
unresolved:2026:1_10:BA:62:浜,"",1,77,77,0,0.7829457364341085,0.7829457364341085,,false
unresolved:2026:1_10:C:37:高木翔,"",1,33,33,0,0.012919896640826873,0.012919896640826873,,false
unresolved:2026:1_10:C:44:勝田,"",1,66,66,0,0.5348837209302325,0.5348837209302325,,false
unresolved:2026:1_10:C:47:辰見,"",1,91,91,0,0.9715762273901809,0.9715762273901809,,false
unresolved:2026:1_10:C:51:林,"",1,42,42,0,0.07751937984496124,0.07751937984496124,,false
unresolved:2026:1_10:C:58:平川,"",1,83,83,0,0.8785529715762274,0.8785529715762274,,false
unresolved:2026:1_10:D:40:サノー,"",1,46,46,0,0.11886304909560723,0.11886304909560723,,false
unresolved:2026:1_10:D:47:新保,"",1,51,51,0,0.18863049095607234,0.18863049095607234,,false
unresolved:2026:1_10:D:55:知野,"",1,70,70,0,0.6382428940568475,0.6382428940568475,,false
unresolved:2026:1_10:D:59:能戸,"",1,71,71,0,0.6640826873385013,0.6640826873385013,,false
unresolved:2026:1_10:D:66:花田,"",1,63,63,0,0.4289405684754522,0.4289405684754522,,false
unresolved:2026:1_10:E:39:伊藤光,"",1,58,58,0,0.29457364341085274,0.29457364341085274,,false
unresolved:2026:1_10:E:40:YG安田,"",1,49,49,0,0.17054263565891473,0.17054263565891473,,false
unresolved:2026:1_10:E:42:大栄,"",1,42,42,0,0.07751937984496124,0.07751937984496124,,false
unresolved:2026:1_10:E:49:ワォーターズ,"",1,80,80,0,0.834625322997416,0.834625322997416,,false
unresolved:2026:1_10:E:50:青野,"",1,53,53,0,0.2248062015503876,0.2248062015503876,,false
unresolved:2026:1_10:E:51:繁永,"",1,66,66,0,0.5348837209302325,0.5348837209302325,,false
unresolved:2026:1_10:E:57:陽,"",1,74,74,0,0.7312661498708011,0.7312661498708011,,false
unresolved:2026:1_10:E:60:佐藤,"",1,82,82,0,0.8578811369509044,0.8578811369509044,,false
unresolved:2026:1_10:E:62:マッカスカー,"",1,78,78,0,0.8036175710594315,0.8036175710594315,,false
unresolved:2026:1_10:E:69:阪上,"",1,73,73,0,0.7157622739018088,0.7157622739018088,,false
unresolved:2026:1_10:F:20:柴田,"",1,48,48,0,0.14987080103359174,0.14987080103359174,,false
unresolved:2026:1_10:F:37:リン,"",1,56,56,0,0.24806201550387597,0.24806201550387597,,false
unresolved:2026:1_10:F:44:藤森,"",1,67,67,0,0.5684754521963824,0.5684754521963824,,false
unresolved:2026:1_10:F:49:明瀬,"",1,38,38,0,0.03617571059431524,0.03617571059431524,,false
unresolved:2026:1_10:F:50:大塚,"",1,75,75,0,0.7493540051679587,0.7493540051679587,,false
unresolved:2026:1_10:F:51:半田,"",1,62,62,0,0.40310077519379844,0.40310077519379844,,false
unresolved:2026:1_10:F:54:カストロ,"",1,67,67,0,0.5684754521963824,0.5684754521963824,,false
unresolved:2026:1_10:F:67:エドポロ,"",1,68,68,0,0.6020671834625323,0.6020671834625323,,false
unresolved:2026:1_10:G:38:郡,"",1,66,66,0,0.5348837209302325,0.5348837209302325,,false
unresolved:2026:1_10:G:48:小浜,"",1,76,76,0,0.7674418604651163,0.7674418604651163,,false
unresolved:2026:1_10:G:49:藤井,"",1,45,45,0,0.10594315245478036,0.10594315245478036,,false
unresolved:2026:1_10:G:50:ダルベック,"",1,77,77,0,0.7829457364341085,0.7829457364341085,,false
unresolved:2026:1_10:G:53:宇都宮,"",1,87,87,0,0.9431524547803618,0.9431524547803618,,false
unresolved:2026:1_10:G:58:松本剛,"",1,69,69,0,0.6227390180878553,0.6227390180878553,,false
unresolved:2026:1_10:G:59:丸,"",1,65,65,0,0.5090439276485789,0.5090439276485789,,false
unresolved:2026:1_10:G:64:皆川,"",1,70,70,0,0.6382428940568475,0.6382428940568475,,false
unresolved:2026:1_10:H:44:宇野,"",1,65,65,0,0.5090439276485789,0.5090439276485789,,false
unresolved:2026:1_10:H:52:石見,"",1,70,70,0,0.6382428940568475,0.6382428940568475,,false
unresolved:2026:1_10:H:54:高橋,"",1,41,41,0,0.06201550387596899,0.06201550387596899,,false
unresolved:2026:1_10:L:36:龍山,"",1,60,60,0,0.34366925064599485,0.34366925064599485,,false
unresolved:2026:1_10:L:37:小島,"",1,61,61,0,0.37209302325581395,0.37209302325581395,,false
unresolved:2026:1_10:L:44:横田,"",1,57,57,0,0.2713178294573643,0.2713178294573643,,false
unresolved:2026:1_10:L:55:岸,"",1,72,72,0,0.6847545219638242,0.6847545219638242,,false
unresolved:2026:1_10:L:57:川田,"",1,94,94,0,0.9819121447028424,0.9819121447028424,,false
unresolved:2026:1_10:L:58:桑原,"",1,82,82,0,0.8578811369509044,0.8578811369509044,,false
unresolved:2026:1_10:L:60:林安可,"",1,62,62,0,0.40310077519379844,0.40310077519379844,,false
unresolved:2026:1_10:L:64:林冠臣,"",1,66,66,0,0.5348837209302325,0.5348837209302325,,false
unresolved:2026:1_10:L:66:茶野,"",1,83,83,0,0.8785529715762274,0.8785529715762274,,false
unresolved:2026:1_10:L:67:カナリオ,"",1,76,76,0,0.7674418604651163,0.7674418604651163,,false
unresolved:2026:1_10:M:41:岡村,"",1,71,71,0,0.6640826873385013,0.6640826873385013,,false
unresolved:2026:1_10:M:49:櫻井,"",1,59,59,0,0.3281653746770026,0.3281653746770026,,false
unresolved:2026:1_10:M:59:井上,"",1,52,52,0,0.20671834625322996,0.20671834625322996,,false
unresolved:2026:1_10:OBU:41:堀,"",1,67,67,0,0.5684754521963824,0.5684754521963824,,false
unresolved:2026:1_10:OBU:42:野上,"",1,51,51,0,0.18863049095607234,0.18863049095607234,,false
unresolved:2026:1_10:OBU:49:シーモア,"",1,45,45,0,0.10594315245478036,0.10594315245478036,,false
unresolved:2026:1_10:OBU:52:宗,"",1,76,76,0,0.7674418604651163,0.7674418604651163,,false
unresolved:2026:1_10:OBU:60:平沼,"",1,62,62,0,0.40310077519379844,0.40310077519379844,,false
unresolved:2026:1_10:OBU:65:窪田,"",1,73,73,0,0.7157622739018088,0.7157622739018088,,false
unresolved:2026:1_10:S:39:矢野,"",1,55,55,0,0.2351421188630491,0.2351421188630491,,false
unresolved:2026:1_10:S:40:柿沼,"",1,39,39,0,0.046511627906976744,0.046511627906976744,,false
unresolved:2026:1_10:S:47:松下,"",1,64,64,0,0.4599483204134367,0.4599483204134367,,false
unresolved:2026:1_10:S:48:松川,"",1,92,92,0,0.9741602067183462,0.9741602067183462,,false
unresolved:2026:1_10:S:49:石井,"",1,64,64,0,0.4599483204134367,0.4599483204134367,,false
unresolved:2026:1_10:S:56:北村,"",1,45,45,0,0.10594315245478036,0.10594315245478036,,false
unresolved:2026:1_10:S:66:モイセエフ,"",1,64,64,0,0.4599483204134367,0.4599483204134367,,false
unresolved:2026:1_10:T:38:藤田,"",1,60,60,0,0.34366925064599485,0.34366925064599485,,false
unresolved:2026:1_10:T:39:嶋村,"",1,37,37,0,0.028423772609819122,0.028423772609819122,,false
unresolved:2026:1_10:T:40:伏見,"",1,40,40,0,0.056847545219638244,0.056847545219638244,,false
unresolved:2026:1_10:T:47:佐野,"",1,73,73,0,0.7157622739018088,0.7157622739018088,,false
unresolved:2026:1_10:T:48:百崎,"",1,77,77,0,0.7829457364341085,0.7829457364341085,,false
unresolved:2026:1_10:T:49:山田,"",1,69,69,0,0.6227390180878553,0.6227390180878553,,false
unresolved:2026:1_10:T:50:元山,"",1,53,53,0,0.2248062015503876,0.2248062015503876,,false
unresolved:2026:1_10:T:55:立石,"",1,75,75,0,0.7493540051679587,0.7493540051679587,,false
unresolved:2026:1_10:T:56:谷端,"",1,63,63,0,0.4289405684754522,0.4289405684754522,,false
unresolved:2026:1_10:T:57:ディベイニー,"",1,59,59,0,0.3281653746770026,0.3281653746770026,,false
unresolved:2026:1_10:T:58:浜田,"",1,58,58,0,0.29457364341085274,0.29457364341085274,,false
unresolved:2026:1_10:T:63:岡城,"",1,97,97,0,0.9922480620155039,0.9922480620155039,,false
unresolved:2026:1_11:BA:42:牧,"",1,67,67,0,0.5684754521963824,0.5684754521963824,,false
unresolved:2026:1_11:BA:48:宮下,"",1,58,58,0,0.29457364341085274,0.29457364341085274,,false
unresolved:2026:1_11:BA:52:成瀬,"",1,63,63,0,0.4289405684754522,0.4289405684754522,,false
unresolved:2026:1_11:BA:55:小田,"",1,57,57,0,0.2713178294573643,0.2713178294573643,,false
unresolved:2026:1_11:BA:57:ヒュンメル,"",1,79,79,0,0.8217054263565892,0.8217054263565892,,false
unresolved:2026:1_11:BA:62:浜,"",1,77,77,0,0.7829457364341085,0.7829457364341085,,false
unresolved:2026:1_11:C:37:高木翔,"",1,33,33,0,0.012919896640826873,0.012919896640826873,,false
unresolved:2026:1_11:C:44:勝田,"",1,66,66,0,0.5348837209302325,0.5348837209302325,,false
unresolved:2026:1_11:C:47:辰見,"",1,91,91,0,0.9715762273901809,0.9715762273901809,,false
unresolved:2026:1_11:C:51:林,"",1,42,42,0,0.07751937984496124,0.07751937984496124,,false
unresolved:2026:1_11:C:58:平川,"",1,83,83,0,0.8785529715762274,0.8785529715762274,,false
unresolved:2026:1_11:D:40:サノー,"",1,46,46,0,0.11886304909560723,0.11886304909560723,,false
unresolved:2026:1_11:D:47:新保,"",1,51,51,0,0.18863049095607234,0.18863049095607234,,false
unresolved:2026:1_11:D:55:知野,"",1,70,70,0,0.6382428940568475,0.6382428940568475,,false
unresolved:2026:1_11:D:59:能戸,"",1,71,71,0,0.6640826873385013,0.6640826873385013,,false
unresolved:2026:1_11:D:66:花田,"",1,63,63,0,0.4289405684754522,0.4289405684754522,,false
unresolved:2026:1_11:E:39:伊藤光,"",1,58,58,0,0.29457364341085274,0.29457364341085274,,false
unresolved:2026:1_11:E:40:YG安田,"",1,49,49,0,0.17054263565891473,0.17054263565891473,,false
unresolved:2026:1_11:E:42:大栄,"",1,42,42,0,0.07751937984496124,0.07751937984496124,,false
unresolved:2026:1_11:E:49:ワォーターズ,"",1,80,80,0,0.834625322997416,0.834625322997416,,false
unresolved:2026:1_11:E:50:青野,"",1,53,53,0,0.2248062015503876,0.2248062015503876,,false
unresolved:2026:1_11:E:51:繁永,"",1,66,66,0,0.5348837209302325,0.5348837209302325,,false
unresolved:2026:1_11:E:57:陽,"",1,74,74,0,0.7312661498708011,0.7312661498708011,,false
unresolved:2026:1_11:E:60:佐藤,"",1,82,82,0,0.8578811369509044,0.8578811369509044,,false
unresolved:2026:1_11:E:62:マッカスカー,"",1,78,78,0,0.8036175710594315,0.8036175710594315,,false
unresolved:2026:1_11:E:69:阪上,"",1,73,73,0,0.7157622739018088,0.7157622739018088,,false
unresolved:2026:1_11:F:20:柴田,"",1,48,48,0,0.14987080103359174,0.14987080103359174,,false
unresolved:2026:1_11:F:37:リン,"",1,56,56,0,0.24806201550387597,0.24806201550387597,,false
unresolved:2026:1_11:F:44:藤森,"",1,67,67,0,0.5684754521963824,0.5684754521963824,,false
unresolved:2026:1_11:F:49:明瀬,"",1,38,38,0,0.03617571059431524,0.03617571059431524,,false
unresolved:2026:1_11:F:50:大塚,"",1,75,75,0,0.7493540051679587,0.7493540051679587,,false
unresolved:2026:1_11:F:51:半田,"",1,62,62,0,0.40310077519379844,0.40310077519379844,,false
unresolved:2026:1_11:F:54:カストロ,"",1,67,67,0,0.5684754521963824,0.5684754521963824,,false
unresolved:2026:1_11:F:67:エドポロ,"",1,68,68,0,0.6020671834625323,0.6020671834625323,,false
unresolved:2026:1_11:G:38:郡,"",1,66,66,0,0.5348837209302325,0.5348837209302325,,false
unresolved:2026:1_11:G:48:小浜,"",1,76,76,0,0.7674418604651163,0.7674418604651163,,false
unresolved:2026:1_11:G:49:藤井,"",1,45,45,0,0.10594315245478036,0.10594315245478036,,false
unresolved:2026:1_11:G:50:ダルベック,"",1,77,77,0,0.7829457364341085,0.7829457364341085,,false
unresolved:2026:1_11:G:53:宇都宮,"",1,87,87,0,0.9431524547803618,0.9431524547803618,,false
unresolved:2026:1_11:G:58:松本剛,"",1,69,69,0,0.6227390180878553,0.6227390180878553,,false
unresolved:2026:1_11:G:59:丸,"",1,65,65,0,0.5090439276485789,0.5090439276485789,,false
unresolved:2026:1_11:G:64:皆川,"",1,70,70,0,0.6382428940568475,0.6382428940568475,,false
unresolved:2026:1_11:H:44:宇野,"",1,65,65,0,0.5090439276485789,0.5090439276485789,,false
unresolved:2026:1_11:H:52:石見,"",1,70,70,0,0.6382428940568475,0.6382428940568475,,false
unresolved:2026:1_11:H:54:高橋,"",1,41,41,0,0.06201550387596899,0.06201550387596899,,false
unresolved:2026:1_11:L:36:龍山,"",1,60,60,0,0.34366925064599485,0.34366925064599485,,false
unresolved:2026:1_11:L:37:小島,"",1,61,61,0,0.37209302325581395,0.37209302325581395,,false
unresolved:2026:1_11:L:44:横田,"",1,57,57,0,0.2713178294573643,0.2713178294573643,,false
unresolved:2026:1_11:L:55:岸,"",1,72,72,0,0.6847545219638242,0.6847545219638242,,false
unresolved:2026:1_11:L:57:川田,"",1,94,94,0,0.9819121447028424,0.9819121447028424,,false
unresolved:2026:1_11:L:58:桑原,"",1,82,82,0,0.8578811369509044,0.8578811369509044,,false
unresolved:2026:1_11:L:60:林安可,"",1,62,62,0,0.40310077519379844,0.40310077519379844,,false
unresolved:2026:1_11:L:64:林冠臣,"",1,66,66,0,0.5348837209302325,0.5348837209302325,,false
unresolved:2026:1_11:L:66:茶野,"",1,83,83,0,0.8785529715762274,0.8785529715762274,,false
unresolved:2026:1_11:L:67:カナリオ,"",1,76,76,0,0.7674418604651163,0.7674418604651163,,false
unresolved:2026:1_11:M:41:岡村,"",1,71,71,0,0.6640826873385013,0.6640826873385013,,false
unresolved:2026:1_11:M:49:櫻井,"",1,59,59,0,0.3281653746770026,0.3281653746770026,,false
unresolved:2026:1_11:M:59:井上,"",1,52,52,0,0.20671834625322996,0.20671834625322996,,false
unresolved:2026:1_11:OBU:41:堀,"",1,67,67,0,0.5684754521963824,0.5684754521963824,,false
unresolved:2026:1_11:OBU:42:野上,"",1,51,51,0,0.18863049095607234,0.18863049095607234,,false
unresolved:2026:1_11:OBU:49:シーモア,"",1,45,45,0,0.10594315245478036,0.10594315245478036,,false
unresolved:2026:1_11:OBU:52:宗,"",1,76,76,0,0.7674418604651163,0.7674418604651163,,false
unresolved:2026:1_11:OBU:60:平沼,"",1,62,62,0,0.40310077519379844,0.40310077519379844,,false
unresolved:2026:1_11:OBU:65:窪田,"",1,73,73,0,0.7157622739018088,0.7157622739018088,,false
unresolved:2026:1_11:S:39:矢野,"",1,55,55,0,0.2351421188630491,0.2351421188630491,,false
unresolved:2026:1_11:S:40:柿沼,"",1,39,39,0,0.046511627906976744,0.046511627906976744,,false
unresolved:2026:1_11:S:47:松下,"",1,64,64,0,0.4599483204134367,0.4599483204134367,,false
unresolved:2026:1_11:S:48:松川,"",1,92,92,0,0.9741602067183462,0.9741602067183462,,false
unresolved:2026:1_11:S:49:石井,"",1,64,64,0,0.4599483204134367,0.4599483204134367,,false
unresolved:2026:1_11:S:56:北村,"",1,45,45,0,0.10594315245478036,0.10594315245478036,,false
unresolved:2026:1_11:S:66:モイセエフ,"",1,64,64,0,0.4599483204134367,0.4599483204134367,,false
unresolved:2026:1_11:T:38:藤田,"",1,60,60,0,0.34366925064599485,0.34366925064599485,,false
unresolved:2026:1_11:T:39:嶋村,"",1,37,37,0,0.028423772609819122,0.028423772609819122,,false
unresolved:2026:1_11:T:40:伏見,"",1,40,40,0,0.056847545219638244,0.056847545219638244,,false
unresolved:2026:1_11:T:47:佐野,"",1,73,73,0,0.7157622739018088,0.7157622739018088,,false
unresolved:2026:1_11:T:48:百崎,"",1,77,77,0,0.7829457364341085,0.7829457364341085,,false
unresolved:2026:1_11:T:49:山田,"",1,69,69,0,0.6227390180878553,0.6227390180878553,,false
unresolved:2026:1_11:T:50:元山,"",1,53,53,0,0.2248062015503876,0.2248062015503876,,false
unresolved:2026:1_11:T:55:立石,"",1,75,75,0,0.7493540051679587,0.7493540051679587,,false
unresolved:2026:1_11:T:56:谷端,"",1,63,63,0,0.4289405684754522,0.4289405684754522,,false
unresolved:2026:1_11:T:57:ディベイニー,"",1,59,59,0,0.3281653746770026,0.3281653746770026,,false
unresolved:2026:1_11:T:58:浜田,"",1,58,58,0,0.29457364341085274,0.29457364341085274,,false
unresolved:2026:1_11:T:63:岡城,"",1,97,97,0,0.9922480620155039,0.9922480620155039,,false
proeye:81085133,"",2,47,47,0,0.22682926829268293,0.19704433497536947,-0.029784933317313467,false
unresolved:2013:default:BA:42:細山田,"",1,52,52,0,0.32682926829268294,0.32682926829268294,,false
proeye:21023885,"",2,38,38,0,0.06585365853658537,0.054187192118226604,-0.011666466418358765,false
proeye:01705119,"",1,51,51,0,0.3024390243902439,0.3024390243902439,,false
proeye:21523888,"",1,53,53,0,0.35853658536585364,0.35853658536585364,,false
proeye:81085112,"",1,54,54,0,0.3804878048780488,0.3804878048780488,,false
proeye:61865137,"",1,80,80,0,0.9073170731707317,0.9073170731707317,,false
proeye:91593888,"",2,61,59,1,0.5707317073170731,0.5172413793103449,-0.05349032800672826,false
proeye:41743880,"",2,51,51,0,0.3024390243902439,0.2832512315270936,-0.01918779286315031,false
proeye:63165113,"",1,37,37,0,0.06097560975609756,0.06097560975609756,,false
proeye:41243888,"",2,69,69,0,0.7463414634146341,0.729064039408867,-0.01727742400576715,false
proeye:31135137,"",2,56,56,0,0.44634146341463415,0.41379310344827586,-0.0325483599663583,false
unresolved:2013:default:C:33:倉,"",1,46,46,0,0.20243902439024392,0.20243902439024392,,false
proeye:01305113,"",2,61,61,0,0.5707317073170731,0.5517241379310345,-0.019007569386038647,false
unresolved:2013:default:C:38:梵,"",1,59,59,0,0.524390243902439,0.524390243902439,,false
proeye:13315137,"",2,46,46,0,0.20243902439024392,0.16995073891625614,-0.03248828547398777,false
unresolved:2013:default:C:45:申,"",1,45,45,0,0.18292682926829268,0.18292682926829268,,false
proeye:21923888,"",2,77,77,0,0.8731707317073171,0.8571428571428571,-0.016027874564459976,false
proeye:31535111,"",2,49,49,0,0.25609756097560976,0.2413793103448276,-0.014718250630782165,false
proeye:21425117,"",2,81,81,0,0.9170731707317074,0.9039408866995073,-0.013132284032200015,false
unresolved:2013:default:C:58:迎,"",1,70,70,0,0.7585365853658537,0.7585365853658537,,false
proeye:73175135,"",1,39,39,0,0.08048780487804878,0.08048780487804878,,false
unresolved:2013:default:C:61:丸,"",1,70,70,0,0.7585365853658537,0.7585365853658537,,false
proeye:33135137,"",1,78,78,0,0.8853658536585366,0.8853658536585366,,false
proeye:31633881,"",1,19,19,0,0,0,,false
proeye:71975112,"",2,73,73,0,0.8414634146341463,0.812807881773399,-0.02865553286074729,false
unresolved:2013:default:C:67:中村憲,"",1,68,68,0,0.7146341463414634,0.7146341463414634,,false
proeye:91393886,"",2,28,28,0,0.007317073170731708,0.007389162561576354,0.00007208939084464659,false
proeye:85583868,"",2,38,38,0,0.06585365853658537,0.054187192118226604,-0.011666466418358765,false
proeye:91495115,"",1,40,40,0,0.1,0.1,,false
proeye:41143886,"",2,57,57,0,0.4951219512195122,0.4605911330049261,-0.03453081821458609,false
proeye:01303868,"",1,28,28,0,0.007317073170731708,0.007317073170731708,,false
proeye:71075131,"",2,56,56,0,0.44634146341463415,0.41379310344827586,-0.0325483599663583,false
unresolved:2013:default:D:47:谷,"",1,68,68,0,0.7146341463414634,0.7146341463414634,,false
unresolved:2013:default:D:59:吉田,"",1,54,54,0,0.3804878048780488,0.3804878048780488,,false
proeye:31433884,"",2,45,44,1,0.18292682926829268,0.13793103448275862,-0.04499579478553406,false
proeye:41145118,"",2,47,50,1,0.22682926829268293,0.2512315270935961,0.02440225880091315,false
unresolved:2013:default:E:34:嶋,"",1,60,60,0,0.5487804878048781,0.5487804878048781,,false
proeye:11515112,"",2,63,63,0,0.6195121951219512,0.5935960591133005,-0.025916136008650725,false
unresolved:2013:default:E:40:山本,"",1,71,71,0,0.7951219512195122,0.7951219512195122,,false
proeye:81085118,"",2,68,68,0,0.7073170731707317,0.6896551724137931,-0.01766190075693852,false
proeye:41743886,"",1,56,56,0,0.44634146341463415,0.44634146341463415,,false
proeye:11715112,"",1,36,36,0,0.046341463414634146,0.046341463414634146,,false
unresolved:2013:default:E:52:勧野,"",1,49,49,0,0.25365853658536586,0.25365853658536586,,false
proeye:71275112,"",2,61,61,0,0.5707317073170731,0.5517241379310345,-0.019007569386038647,false
proeye:81685137,"",2,39,39,0,0.08048780487804878,0.06896551724137931,-0.011522287636669473,false
proeye:41745112,"",2,45,45,0,0.18292682926829268,0.15517241379310345,-0.027754415475189226,false
proeye:91795110,"",1,30,30,0,0.01707317073170732,0.01707317073170732,,false
proeye:41645112,"",2,89,89,0,0.975609756097561,0.9778325123152709,0.0022227562177099536,false
proeye:21225117,"",2,68,68,0,0.7073170731707317,0.6896551724137931,-0.01766190075693852,false
proeye:31035113,"",2,70,71,1,0.7536585365853659,0.7733990147783252,0.01974047819295932,false
proeye:91393880,"",1,70,70,0,0.7536585365853659,0.7536585365853659,,false
unresolved:2013:default:E:69:柿沢,"",1,68,68,0,0.7146341463414634,0.7146341463414634,,false
proeye:91793864,"",2,30,30,0,0.01707317073170732,0.012315270935960592,-0.004757899795746727,false
proeye:11515117,"",2,46,46,0,0.20243902439024392,0.16995073891625614,-0.03248828547398777,false
unresolved:2013:default:F:39:荒張,"",1,40,40,0,0.1,0.1,,false
proeye:03105137,"",2,36,36,0,0.046341463414634146,0.04433497536945813,-0.0020064880451760164,false
proeye:21323889,"",2,50,50,0,0.2731707317073171,0.2512315270935961,-0.02193920461372101,false
proeye:01903888,"",1,32,32,0,0.024390243902439025,0.024390243902439025,,false
proeye:21125119,"",1,52,52,0,0.33170731707317075,0.33170731707317075,,false
proeye:41545131,"",1,64,64,0,0.6341463414634146,0.6341463414634146,,false
unresolved:2013:default:F:50:宇佐美,"",1,55,55,0,0.4121951219512195,0.4121951219512195,,false
unresolved:2013:default:F:51:森本,"",1,60,60,0,0.5487804878048781,0.5487804878048781,,false
proeye:91193880,"",2,50,42,1,0.2731707317073171,0.11330049261083744,-0.15987023909647965,false
proeye:63365133,"",1,40,40,0,0.1,0.1,,false
unresolved:2013:default:F:58:北,"",1,66,66,0,0.6780487804878049,0.6780487804878049,,false
proeye:51155116,"",1,54,54,0,0.3804878048780488,0.3804878048780488,,false
unresolved:2013:default:F:61:陽,"",1,85,85,0,0.9439024390243902,0.9439024390243902,,false
proeye:11615116,"",2,78,78,0,0.8853658536585366,0.8669950738916257,-0.018370779766910927,false
proeye:51153888,"",2,62,62,0,0.5975609756097561,0.5738916256157636,-0.023669349993992506,false
proeye:91995114,"",2,56,56,0,0.44634146341463415,0.41379310344827586,-0.0325483599663583,false
proeye:21323884,"",2,44,44,0,0.16585365853658537,0.13793103448275862,-0.027922624053826756,false
proeye:21223886,"",1,55,55,0,0.4121951219512195,0.4121951219512195,,false
unresolved:2013:default:G:48:辻,"",1,61,61,0,0.5707317073170731,0.5707317073170731,,false
proeye:11715137,"",2,51,51,0,0.3024390243902439,0.2832512315270936,-0.01918779286315031,false
proeye:43145135,"",2,53,53,0,0.35853658536585364,0.33251231527093594,-0.0260242700949177,false
proeye:81985112,"",1,55,55,0,0.4121951219512195,0.4121951219512195,,false
unresolved:2013:default:G:57:高橋洸,"",1,66,66,0,0.6780487804878049,0.6780487804878049,,false
proeye:51953886,"",2,46,46,0,0.20243902439024392,0.16995073891625614,-0.03248828547398777,false
unresolved:2013:default:G:61:谷,"",1,45,45,0,0.18292682926829268,0.18292682926829268,,false
proeye:01805114,"",2,56,56,0,0.44634146341463415,0.41379310344827586,-0.0325483599663583,false
proeye:31335114,"",2,65,65,0,0.6463414634146342,0.625615763546798,-0.020725699867836123,false
proeye:71575116,"",2,52,52,0,0.33170731707317075,0.3103448275862069,-0.021362489486963843,false
proeye:61965115,"",1,32,32,0,0.024390243902439025,0.024390243902439025,,false
unresolved:2013:default:H:47:白根,"",1,35,35,0,0.03414634146341464,0.03414634146341464,,false
unresolved:2013:default:H:50:李社軒,"",1,56,56,0,0.44146341463414634,0.44146341463414634,,false
proeye:81885137,"",1,42,42,0,0.14878048780487804,0.14878048780487804,,false
proeye:21425118,"",1,66,66,0,0.6707317073170732,0.6707317073170732,,false
proeye:61063884,"",2,40,34,1,0.1,0.022167487684729065,-0.07783251231527094,false
proeye:71075110,"",1,62,62,0,0.5975609756097561,0.5975609756097561,,false
unresolved:2013:default:H:67:中原,"",1,59,59,0,0.524390243902439,0.524390243902439,,false
proeye:61265110,"",1,54,54,0,0.3804878048780488,0.3804878048780488,,false
unresolved:2013:default:L:35:藤沢,"",1,39,39,0,0.08048780487804878,0.08048780487804878,,false
proeye:41945118,"",1,36,36,0,0.046341463414634146,0.046341463414634146,,false
proeye:61265133,"",2,57,57,0,0.4951219512195122,0.4605911330049261,-0.03453081821458609,false
proeye:21425131,"",2,74,74,0,0.8512195121951219,0.8275862068965517,-0.023633305298570217,false
proeye:51453888,"",2,53,53,0,0.35853658536585364,0.33251231527093594,-0.0260242700949177,false
proeye:03105135,"",2,85,87,1,0.9463414634146341,0.9532019704433498,0.006860507028715657,false
proeye:13115135,"",1,45,45,0,0.18292682926829268,0.18292682926829268,,false
proeye:91395116,"",2,46,46,0,0.20243902439024392,0.16995073891625614,-0.03248828547398777,false
proeye:11815137,"",1,58,58,0,0.5121951219512195,0.5121951219512195,,false
proeye:61165131,"",2,78,78,0,0.8853658536585366,0.8669950738916257,-0.018370779766910927,false
unresolved:2013:default:L:58:嶋,"",1,41,41,0,0.13414634146341464,0.13414634146341464,,false
proeye:81285110,"",1,70,70,0,0.7536585365853659,0.7536585365853659,,false
proeye:31733888,"",2,40,40,0,0.1,0.08866995073891626,-0.011330049261083747,false
proeye:61765133,"",2,40,40,0,0.1,0.08866995073891626,-0.011330049261083747,false
unresolved:2013:default:M:48:角,"",1,59,59,0,0.524390243902439,0.524390243902439,,false
proeye:21025111,"",2,53,53,0,0.35853658536585364,0.33251231527093594,-0.0260242700949177,false
proeye:53155116,"",2,38,38,0,0.06585365853658537,0.054187192118226604,-0.011666466418358765,false
proeye:73375131,"",1,38,38,0,0.06585365853658537,0.06585365853658537,,false
proeye:51455117,"",2,85,85,0,0.9463414634146341,0.9408866995073891,-0.005454763907244975,false
proeye:71175113,"",1,49,49,0,0.25609756097560976,0.25609756097560976,,false
unresolved:2013:default:M:60:GG佐藤,"",1,48,48,0,0.23414634146341465,0.23414634146341465,,false
proeye:81785114,"",2,35,35,0,0.03414634146341464,0.034482758620689655,0.000336417157275018,false
unresolved:2013:default:M:67:サブロー,"",1,54,54,0,0.3804878048780488,0.3804878048780488,,false
unresolved:2013:default:OBU:36:庄司,"",1,52,52,0,0.32682926829268294,0.32682926829268294,,false
unresolved:2013:default:OBU:38:辻,"",1,42,42,0,0.14390243902439023,0.14390243902439023,,false
unresolved:2013:default:OBU:39:横山,"",1,41,41,0,0.13414634146341464,0.13414634146341464,,false
proeye:61865135,"",2,22,22,0,0.0024390243902439024,0,-0.0024390243902439024,false
unresolved:2013:default:OBU:41:後藤,"",1,57,57,0,0.4878048780487805,0.4878048780487805,,false
proeye:03305117,"",1,48,48,0,0.23658536585365852,0.23658536585365852,,false
unresolved:2013:default:OBU:43:原,"",1,53,53,0,0.35609756097560974,0.35609756097560974,,false
unresolved:2013:default:OBU:45:堤,"",1,52,52,0,0.32682926829268294,0.32682926829268294,,false
proeye:31933884,"",2,44,44,0,0.16585365853658537,0.13793103448275862,-0.027922624053826756,false
proeye:73375116,"",2,54,54,0,0.3804878048780488,0.35960591133004927,-0.02088189354799952,false
proeye:11815118,"",2,61,56,1,0.5707317073170731,0.41379310344827586,-0.15693860386879727,false
proeye:61265115,"",2,69,69,0,0.7463414634146341,0.729064039408867,-0.01727742400576715,false
proeye:91595115,"",1,63,63,0,0.6195121951219512,0.6195121951219512,,false
proeye:73175137,"",1,56,56,0,0.44634146341463415,0.44634146341463415,,false
proeye:11215115,"",1,90,90,0,0.9829268292682927,0.9829268292682927,,false
proeye:11415133,"",2,93,93,0,0.9951219512195122,0.9950738916256158,-0.000048059593896421227,false
proeye:31035137,"",1,87,87,0,0.9560975609756097,0.9560975609756097,,false
proeye:41245118,"",2,50,50,0,0.2731707317073171,0.2512315270935961,-0.02193920461372101,false
unresolved:2013:default:S:42:水野,"",1,52,52,0,0.32682926829268294,0.32682926829268294,,false
proeye:51053880,"",1,45,45,0,0.18292682926829268,0.18292682926829268,,false
proeye:11313884,"",2,45,45,0,0.18292682926829268,0.15517241379310345,-0.027754415475189226,false
proeye:21225113,"",1,50,50,0,0.2731707317073171,0.2731707317073171,,false
unresolved:2013:default:S:50:又野,"",1,37,37,0,0.06341463414634146,0.06341463414634146,,false
proeye:81985111,"",2,72,72,0,0.8097560975609757,0.7857142857142857,-0.024041811846689964,false
proeye:31435113,"",1,62,62,0,0.5975609756097561,0.5975609756097561,,false
proeye:21823888,"",2,38,38,0,0.06585365853658537,0.054187192118226604,-0.011666466418358765,false
proeye:13315135,"",2,73,73,0,0.8414634146341463,0.812807881773399,-0.02865553286074729,false
unresolved:2013:default:S:67:楠城,"",1,59,59,0,0.524390243902439,0.524390243902439,,false
proeye:11715133,"",2,62,62,0,0.5975609756097561,0.5738916256157636,-0.023669349993992506,false
unresolved:2013:default:S:69:川上,"",1,65,65,0,0.651219512195122,0.651219512195122,,false
proeye:51053888,"",2,39,34,1,0.08048780487804878,0.022167487684729065,-0.05832031719331972,false
unresolved:2013:default:T:36:小豆畑,"",1,55,55,0,0.4121951219512195,0.4121951219512195,,false
unresolved:2013:default:T:37:橋本,"",1,41,41,0,0.13414634146341464,0.13414634146341464,,false
proeye:81983882,"",2,35,35,0,0.03414634146341464,0.034482758620689655,0.000336417157275018,false
unresolved:2013:default:T:43:新井,"",1,44,44,0,0.16585365853658537,0.16585365853658537,,false
proeye:81783884,"",2,40,33,1,0.1,0.017241379310344827,-0.08275862068965517,false
proeye:41645137,"",1,40,40,0,0.1,0.1,,false
proeye:71675116,"",2,52,51,1,0.33170731707317075,0.2832512315270936,-0.048456085546077166,false
proeye:71475114,"",1,56,56,0,0.44634146341463415,0.44634146341463415,,false
proeye:01505119,"",2,60,60,0,0.551219512195122,0.5369458128078818,-0.014273699387240213,false
unresolved:2013:default:T:54:坂,"",1,70,70,0,0.7585365853658537,0.7585365853658537,,false
proeye:51155115,"",1,57,57,0,0.4951219512195122,0.4951219512195122,,false
proeye:81685117,"",1,55,55,0,0.4121951219512195,0.4121951219512195,,false
proeye:53155131,"",2,53,53,0,0.35853658536585364,0.33251231527093594,-0.0260242700949177,false
proeye:31433885,"",1,40,40,0,0.1,0.1,,false
proeye:61765111,"",1,49,49,0,0.25609756097560976,0.25609756097560976,,false
proeye:51955131,"",2,80,80,0,0.9073170731707317,0.8916256157635468,-0.015691457407184917,false
unresolved:2013:default:T:68:一二三,"",1,61,61,0,0.5707317073170731,0.5707317073170731,,false
unresolved:2013:20131108:BA:42:細山田,"",1,52,52,0,0.33170731707317075,0.33170731707317075,,false
unresolved:2013:20131108:C:33:倉,"",1,46,46,0,0.20243902439024392,0.20243902439024392,,false
unresolved:2013:20131108:C:38:梵,"",1,59,59,0,0.5317073170731708,0.5317073170731708,,false
unresolved:2013:20131108:C:48:申,"",1,45,45,0,0.18292682926829268,0.18292682926829268,,false
unresolved:2013:20131108:C:58:迎,"",1,70,70,0,0.7536585365853659,0.7536585365853659,,false
unresolved:2013:20131108:C:61:丸,"",1,70,70,0,0.7536585365853659,0.7536585365853659,,false
unresolved:2013:20131108:C:67:中村憲,"",1,68,68,0,0.7073170731707317,0.7073170731707317,,false
unresolved:2013:20131108:D:48:谷,"",1,68,68,0,0.7073170731707317,0.7073170731707317,,false
unresolved:2013:20131108:D:59:吉田,"",1,54,54,0,0.3804878048780488,0.3804878048780488,,false
unresolved:2013:20131108:E:34:嶋,"",1,60,60,0,0.551219512195122,0.551219512195122,,false
unresolved:2013:20131108:E:39:山本,"",1,71,71,0,0.7951219512195122,0.7951219512195122,,false
unresolved:2013:20131108:E:50:勧野,"",1,49,49,0,0.25609756097560976,0.25609756097560976,,false
unresolved:2013:20131108:E:69:柿沢,"",1,68,68,0,0.7073170731707317,0.7073170731707317,,false
unresolved:2013:20131108:F:39:荒張,"",1,40,40,0,0.1,0.1,,false
unresolved:2013:20131108:F:45:森本,"",1,60,60,0,0.551219512195122,0.551219512195122,,false
unresolved:2013:20131108:F:47:宇佐美,"",1,55,55,0,0.4121951219512195,0.4121951219512195,,false
unresolved:2013:20131108:F:60:北,"",1,66,66,0,0.6707317073170732,0.6707317073170732,,false
unresolved:2013:20131108:F:62:陽,"",1,88,88,0,0.9682926829268292,0.9682926829268292,,false
unresolved:2013:20131108:G:48:辻,"",1,61,61,0,0.5707317073170731,0.5707317073170731,,false
unresolved:2013:20131108:G:57:高橋洸,"",1,66,66,0,0.6707317073170732,0.6707317073170732,,false
unresolved:2013:20131108:G:61:谷,"",1,45,45,0,0.18292682926829268,0.18292682926829268,,false
unresolved:2013:20131108:H:47:白根,"",1,35,35,0,0.03414634146341464,0.03414634146341464,,false
unresolved:2013:20131108:H:50:李社軒,"",1,56,56,0,0.44634146341463415,0.44634146341463415,,false
unresolved:2013:20131108:H:67:中原,"",1,59,59,0,0.5317073170731708,0.5317073170731708,,false
unresolved:2013:20131108:L:35:藤沢,"",1,39,39,0,0.08048780487804878,0.08048780487804878,,false
unresolved:2013:20131108:L:59:嶋,"",1,41,41,0,0.13902439024390245,0.13902439024390245,,false
unresolved:2013:20131108:M:48:角,"",1,59,59,0,0.5317073170731708,0.5317073170731708,,false
unresolved:2013:20131108:M:60:GG佐藤,"",1,48,48,0,0.23658536585365852,0.23658536585365852,,false
unresolved:2013:20131108:M:67:サブロー,"",1,54,54,0,0.3804878048780488,0.3804878048780488,,false
unresolved:2013:20131108:OBU:36:庄司,"",1,52,52,0,0.33170731707317075,0.33170731707317075,,false
unresolved:2013:20131108:OBU:38:辻,"",1,42,42,0,0.14878048780487804,0.14878048780487804,,false
unresolved:2013:20131108:OBU:39:横山,"",1,41,41,0,0.13902439024390245,0.13902439024390245,,false
unresolved:2013:20131108:OBU:42:後藤,"",1,55,55,0,0.4121951219512195,0.4121951219512195,,false
unresolved:2013:20131108:OBU:43:原,"",1,51,51,0,0.3024390243902439,0.3024390243902439,,false
unresolved:2013:20131108:OBU:46:堤,"",1,57,57,0,0.4951219512195122,0.4951219512195122,,false
unresolved:2013:20131108:S:42:水野,"",1,52,52,0,0.33170731707317075,0.33170731707317075,,false
unresolved:2013:20131108:S:50:又野,"",1,37,37,0,0.06097560975609756,0.06097560975609756,,false
unresolved:2013:20131108:S:67:楠城,"",1,59,59,0,0.5317073170731708,0.5317073170731708,,false
unresolved:2013:20131108:S:69:川上,"",1,65,65,0,0.6463414634146342,0.6463414634146342,,false
unresolved:2013:20131108:T:36:小豆畑,"",1,55,55,0,0.4121951219512195,0.4121951219512195,,false
unresolved:2013:20131108:T:37:橋本,"",1,41,41,0,0.13902439024390245,0.13902439024390245,,false
unresolved:2013:20131108:T:43:新井,"",1,44,44,0,0.16585365853658537,0.16585365853658537,,false
unresolved:2013:20131108:T:52:坂,"",1,70,70,0,0.7536585365853659,0.7536585365853659,,false
unresolved:2013:20131108:T:68:一二三,"",1,61,61,0,0.5707317073170731,0.5707317073170731,,false
proeye:13515139,"",1,75,75,0,0.8349753694581281,0.8349753694581281,,false
unresolved:2014:default:BA:56:渡辺雄,"",1,57,57,0,0.4605911330049261,0.4605911330049261,,false
unresolved:2014:default:C:33:倉,"",1,46,46,0,0.16995073891625614,0.16995073891625614,,false
unresolved:2014:default:C:40:梵,"",1,59,59,0,0.5147783251231527,0.5147783251231527,,false
proeye:53355139,"",1,73,73,0,0.812807881773399,0.812807881773399,,false
unresolved:2014:default:C:61:迎,"",1,70,70,0,0.7389162561576355,0.7389162561576355,,false
unresolved:2014:default:C:62:中村憲,"",1,68,68,0,0.6822660098522167,0.6822660098522167,,false
unresolved:2014:default:C:63:丸,"",1,70,70,0,0.7389162561576355,0.7389162561576355,,false
unresolved:2014:default:D:37:桂,"",1,47,47,0,0.19704433497536947,0.19704433497536947,,false
unresolved:2014:default:D:46:谷,"",1,68,68,0,0.6822660098522167,0.6822660098522167,,false
unresolved:2014:default:D:51:藤沢,"",1,57,57,0,0.4605911330049261,0.4605911330049261,,false
proeye:61865139,"",1,52,52,0,0.3103448275862069,0.3103448275862069,,false
unresolved:2014:default:E:35:嶋,"",1,60,60,0,0.5344827586206896,0.5344827586206896,,false
proeye:43545139,"",1,58,58,0,0.4852216748768473,0.4852216748768473,,false
proeye:83185139,"",1,55,55,0,0.3817733990147783,0.3817733990147783,,false
proeye:73575139,"",1,47,47,0,0.19704433497536947,0.19704433497536947,,false
unresolved:2014:default:E:67:柿沢,"",1,68,68,0,0.6822660098522167,0.6822660098522167,,false
unresolved:2014:default:F:42:荒張,"",1,40,40,0,0.09113300492610837,0.09113300492610837,,false
proeye:03105139,"",1,38,38,0,0.054187192118226604,0.054187192118226604,,false
unresolved:2014:default:F:49:森本,"",1,68,68,0,0.6822660098522167,0.6822660098522167,,false
unresolved:2014:default:F:50:宇佐美,"",1,55,55,0,0.3817733990147783,0.3817733990147783,,false
unresolved:2014:default:F:59:岡,"",1,86,86,0,0.9433497536945813,0.9433497536945813,,false
unresolved:2014:default:F:60:北,"",1,66,66,0,0.6477832512315271,0.6477832512315271,,false
unresolved:2014:default:F:64:陽,"",1,86,86,0,0.9433497536945813,0.9433497536945813,,false
unresolved:2014:default:G:47:辻,"",1,61,61,0,0.5492610837438424,0.5492610837438424,,false
unresolved:2014:default:G:48:奥村,"",1,62,62,0,0.5738916256157636,0.5738916256157636,,false
proeye:43345139,"",1,53,53,0,0.33251231527093594,0.33251231527093594,,false
unresolved:2014:default:H:47:白根,"",1,35,35,0,0.034482758620689655,0.034482758620689655,,false
unresolved:2014:default:L:35:森,"",1,58,58,0,0.4852216748768473,0.4852216748768473,,false
unresolved:2014:default:L:36:星,"",1,54,54,0,0.35714285714285715,0.35714285714285715,,false
unresolved:2014:default:L:38:藤沢,"",1,39,39,0,0.07142857142857142,0.07142857142857142,,false
proeye:91695137,"",1,58,58,0,0.4852216748768473,0.4852216748768473,,false
unresolved:2014:default:M:49:角,"",1,59,59,0,0.5147783251231527,0.5147783251231527,,false
proeye:33135139,"",1,50,50,0,0.2512315270935961,0.2512315270935961,,false
unresolved:2014:default:M:59:GG佐藤,"",1,48,48,0,0.22167487684729065,0.22167487684729065,,false
unresolved:2014:default:M:62:サブロー,"",1,54,54,0,0.35714285714285715,0.35714285714285715,,false
unresolved:2014:default:OBU:39:庄司,"",1,52,52,0,0.3103448275862069,0.3103448275862069,,false
unresolved:2014:default:OBU:42:原,"",1,47,47,0,0.19704433497536947,0.19704433497536947,,false
unresolved:2014:default:OBU:43:堤,"",1,61,61,0,0.5492610837438424,0.5492610837438424,,false
proeye:53555139,"",1,59,59,0,0.5172413793103449,0.5172413793103449,,false
unresolved:2014:default:OBU:58:谷,"",1,45,45,0,0.15517241379310345,0.15517241379310345,,false
proeye:31635133,"",1,80,80,0,0.8916256157635468,0.8916256157635468,,false
unresolved:2014:default:OBU:70:西川,"",1,87,87,0,0.9556650246305419,0.9556650246305419,,false
unresolved:2014:default:S:50:又野,"",1,37,37,0,0.054187192118226604,0.054187192118226604,,false
unresolved:2014:default:S:66:川上,"",1,65,65,0,0.6231527093596059,0.6231527093596059,,false
unresolved:2014:default:T:37:小豆畑,"",1,55,55,0,0.3817733990147783,0.3817733990147783,,false
unresolved:2014:default:T:44:新井,"",1,44,44,0,0.13793103448275862,0.13793103448275862,,false
unresolved:2014:default:T:53:坂,"",1,69,69,0,0.7241379310344828,0.7241379310344828,,false
unresolved:2014:default:T:65:一二三,"",1,62,62,0,0.5738916256157636,0.5738916256157636,,false
unresolved:2014:default:T:68:高山,"",1,49,49,0,0.23891625615763548,0.23891625615763548,,false
unresolved:2014:1_01:BA:56:渡辺雄,"",1,57,57,0,0.4605911330049261,0.4605911330049261,,false
unresolved:2014:1_01:C:33:倉,"",1,46,46,0,0.16995073891625614,0.16995073891625614,,false
unresolved:2014:1_01:C:40:梵,"",1,59,59,0,0.5147783251231527,0.5147783251231527,,false
unresolved:2014:1_01:C:61:迎,"",1,70,70,0,0.7413793103448276,0.7413793103448276,,false
unresolved:2014:1_01:C:62:中村憲,"",1,68,68,0,0.6847290640394089,0.6847290640394089,,false
unresolved:2014:1_01:C:63:丸,"",1,70,70,0,0.7413793103448276,0.7413793103448276,,false
unresolved:2014:1_01:D:37:桂,"",1,47,47,0,0.19704433497536947,0.19704433497536947,,false
unresolved:2014:1_01:D:46:谷,"",1,68,68,0,0.6847290640394089,0.6847290640394089,,false
unresolved:2014:1_01:D:51:藤沢,"",1,57,57,0,0.4605911330049261,0.4605911330049261,,false
unresolved:2014:1_01:E:35:嶋,"",1,60,60,0,0.5344827586206896,0.5344827586206896,,false
unresolved:2014:1_01:E:67:柿沢,"",1,68,68,0,0.6847290640394089,0.6847290640394089,,false
unresolved:2014:1_01:F:42:荒張,"",1,40,40,0,0.09113300492610837,0.09113300492610837,,false
unresolved:2014:1_01:F:49:森本,"",1,68,68,0,0.6847290640394089,0.6847290640394089,,false
unresolved:2014:1_01:F:50:宇佐美,"",1,55,55,0,0.3817733990147783,0.3817733990147783,,false
unresolved:2014:1_01:F:59:岡,"",1,86,86,0,0.9458128078817734,0.9458128078817734,,false
unresolved:2014:1_01:F:60:北,"",1,66,66,0,0.6502463054187192,0.6502463054187192,,false
unresolved:2014:1_01:F:64:陽,"",1,82,82,0,0.916256157635468,0.916256157635468,,false
unresolved:2014:1_01:G:47:辻,"",1,61,61,0,0.5517241379310345,0.5517241379310345,,false
unresolved:2014:1_01:G:48:奥村,"",1,62,62,0,0.5763546798029556,0.5763546798029556,,false
unresolved:2014:1_01:H:47:白根,"",1,35,35,0,0.034482758620689655,0.034482758620689655,,false
unresolved:2014:1_01:L:35:森,"",1,58,58,0,0.4852216748768473,0.4852216748768473,,false
unresolved:2014:1_01:L:36:星,"",1,54,54,0,0.35714285714285715,0.35714285714285715,,false
unresolved:2014:1_01:L:38:藤沢,"",1,39,39,0,0.07142857142857142,0.07142857142857142,,false
unresolved:2014:1_01:M:49:角,"",1,59,59,0,0.5147783251231527,0.5147783251231527,,false
unresolved:2014:1_01:M:59:GG佐藤,"",1,48,48,0,0.22167487684729065,0.22167487684729065,,false
unresolved:2014:1_01:M:62:サブロー,"",1,54,54,0,0.35714285714285715,0.35714285714285715,,false
unresolved:2014:1_01:OBU:39:庄司,"",1,52,52,0,0.3103448275862069,0.3103448275862069,,false
unresolved:2014:1_01:OBU:42:原,"",1,47,47,0,0.19704433497536947,0.19704433497536947,,false
unresolved:2014:1_01:OBU:43:堤,"",1,61,61,0,0.5517241379310345,0.5517241379310345,,false
unresolved:2014:1_01:OBU:58:谷,"",1,45,45,0,0.15517241379310345,0.15517241379310345,,false
unresolved:2014:1_01:OBU:70:西川,"",1,87,87,0,0.9556650246305419,0.9556650246305419,,false
unresolved:2014:1_01:S:50:又野,"",1,37,37,0,0.054187192118226604,0.054187192118226604,,false
unresolved:2014:1_01:S:66:川上,"",1,65,65,0,0.625615763546798,0.625615763546798,,false
unresolved:2014:1_01:T:37:小豆畑,"",1,55,55,0,0.3817733990147783,0.3817733990147783,,false
unresolved:2014:1_01:T:44:新井,"",1,44,44,0,0.13793103448275862,0.13793103448275862,,false
unresolved:2014:1_01:T:53:坂,"",1,69,69,0,0.7266009852216748,0.7266009852216748,,false
unresolved:2014:1_01:T:65:一二三,"",1,62,62,0,0.5763546798029556,0.5763546798029556,,false
unresolved:2014:1_01:T:68:高山,"",1,49,49,0,0.23891625615763548,0.23891625615763548,,false
unresolved:2014:1_02:BA:56:渡辺雄,"",1,57,57,0,0.4605911330049261,0.4605911330049261,,false
unresolved:2014:1_02:C:34:倉,"",1,46,46,0,0.16995073891625614,0.16995073891625614,,false
unresolved:2014:1_02:C:40:梵,"",1,59,59,0,0.5172413793103449,0.5172413793103449,,false
unresolved:2014:1_02:C:61:迎,"",1,70,70,0,0.7413793103448276,0.7413793103448276,,false
unresolved:2014:1_02:C:62:中村憲,"",1,68,68,0,0.6896551724137931,0.6896551724137931,,false
unresolved:2014:1_02:C:63:丸,"",1,70,70,0,0.7413793103448276,0.7413793103448276,,false
unresolved:2014:1_02:D:36:桂,"",1,47,47,0,0.19704433497536947,0.19704433497536947,,false
unresolved:2014:1_02:D:46:谷,"",1,66,66,0,0.6502463054187192,0.6502463054187192,,false
unresolved:2014:1_02:D:49:藤沢,"",1,57,57,0,0.4605911330049261,0.4605911330049261,,false
unresolved:2014:1_02:E:35:嶋,"",1,60,60,0,0.5369458128078818,0.5369458128078818,,false
unresolved:2014:1_02:E:67:柿沢,"",1,68,68,0,0.6896551724137931,0.6896551724137931,,false
unresolved:2014:1_02:F:43:荒張,"",1,40,40,0,0.08866995073891626,0.08866995073891626,,false
unresolved:2014:1_02:F:49:森本,"",1,68,68,0,0.6896551724137931,0.6896551724137931,,false
unresolved:2014:1_02:F:50:宇佐美,"",1,55,55,0,0.3817733990147783,0.3817733990147783,,false
unresolved:2014:1_02:F:59:岡,"",1,86,86,0,0.9433497536945813,0.9433497536945813,,false
unresolved:2014:1_02:F:61:北,"",1,66,66,0,0.6502463054187192,0.6502463054187192,,false
unresolved:2014:1_02:F:64:陽,"",1,82,82,0,0.9137931034482759,0.9137931034482759,,false
unresolved:2014:1_02:G:47:辻,"",1,61,61,0,0.5517241379310345,0.5517241379310345,,false
unresolved:2014:1_02:G:48:奥村,"",1,62,62,0,0.5738916256157636,0.5738916256157636,,false
unresolved:2014:1_02:H:47:白根,"",1,42,42,0,0.11330049261083744,0.11330049261083744,,false
unresolved:2014:1_02:L:34:森,"",1,58,58,0,0.4852216748768473,0.4852216748768473,,false
unresolved:2014:1_02:L:36:星,"",1,54,54,0,0.35960591133004927,0.35960591133004927,,false
unresolved:2014:1_02:L:38:藤沢,"",1,39,39,0,0.06896551724137931,0.06896551724137931,,false
unresolved:2014:1_02:M:55:角,"",1,59,59,0,0.5172413793103449,0.5172413793103449,,false
unresolved:2014:1_02:M:59:GG佐藤,"",1,48,48,0,0.22413793103448276,0.22413793103448276,,false
unresolved:2014:1_02:M:64:サブロー,"",1,54,54,0,0.35960591133004927,0.35960591133004927,,false
unresolved:2014:1_02:OBU:39:庄司,"",1,52,52,0,0.3103448275862069,0.3103448275862069,,false
unresolved:2014:1_02:OBU:42:原,"",1,47,47,0,0.19704433497536947,0.19704433497536947,,false
unresolved:2014:1_02:OBU:43:堤,"",1,61,61,0,0.5517241379310345,0.5517241379310345,,false
unresolved:2014:1_02:OBU:58:谷,"",1,45,45,0,0.15517241379310345,0.15517241379310345,,false
unresolved:2014:1_02:OBU:70:西川,"",1,87,87,0,0.9532019704433498,0.9532019704433498,,false
unresolved:2014:1_02:S:50:又野,"",1,37,37,0,0.05172413793103448,0.05172413793103448,,false
unresolved:2014:1_02:S:66:川上,"",1,65,65,0,0.625615763546798,0.625615763546798,,false
unresolved:2014:1_02:T:37:小豆畑,"",1,55,55,0,0.3817733990147783,0.3817733990147783,,false
unresolved:2014:1_02:T:44:新井,"",1,44,44,0,0.13793103448275862,0.13793103448275862,,false
unresolved:2014:1_02:T:53:坂,"",1,69,69,0,0.729064039408867,0.729064039408867,,false
unresolved:2014:1_02:T:57:一二三,"",1,62,62,0,0.5738916256157636,0.5738916256157636,,false
unresolved:2014:1_02:T:68:高山,"",1,49,49,0,0.2413793103448276,0.2413793103448276,,false
