stable_player_key,mlbam_id,npb_name,npb_name_en,mlb_name,season,league,game_type,regular_season_games,plate_appearances,source_url_or_endpoint,retrieval_date,payload_hash,identity_confidence,evidence_state
MLBAM:430945,430945,ジョーンズ,Adam Jones,Adam Jones,2006,MLB,R,32,76,https://statsapi.mlb.com/api/v1/people/430945/stats?stats=yearByYear&group=hitting&sportIds=1,2026-08-18,966d3960c029e52c2ef6d4dfb8c58174852ba40f2e1c16241417e5a8662fae28,CURATED_MLB_BRIDGE,VERIFIED_REGULAR_SEASON_APPEARANCE
MLBAM:430945,430945,ジョーンズ,Adam Jones,Adam Jones,2007,MLB,R,41,71,https://statsapi.mlb.com/api/v1/people/430945/stats?stats=yearByYear&group=hitting&sportIds=1,2026-08-18,966d3960c029e52c2ef6d4dfb8c58174852ba40f2e1c16241417e5a8662fae28,CURATED_MLB_BRIDGE,VERIFIED_REGULAR_SEASON_APPEARANCE
MLBAM:430945,430945,ジョーンズ,Adam Jones,Adam Jones,2008,MLB,R,132,514,https://statsapi.mlb.com/api/v1/people/430945/stats?stats=yearByYear&group=hitting&sportIds=1,2026-08-18,966d3960c029e52c2ef6d4dfb8c58174852ba40f2e1c16241417e5a8662fae28,CURATED_MLB_BRIDGE,VERIFIED_REGULAR_SEASON_APPEARANCE
MLBAM:430945,430945,ジョーンズ,Adam Jones,Adam Jones,2009,MLB,R,119,519,https://statsapi.mlb.com/api/v1/people/430945/stats?stats=yearByYear&group=hitting&sportIds=1,2026-08-18,966d3960c029e52c2ef6d4dfb8c58174852ba40f2e1c16241417e5a8662fae28,CURATED_MLB_BRIDGE,VERIFIED_REGULAR_SEASON_APPEARANCE
MLBAM:430945,430945,ジョーンズ,Adam Jones,Adam Jones,2010,MLB,R,149,621,https://statsapi.mlb.com/api/v1/people/430945/stats?stats=yearByYear&group=hitting&sportIds=1,2026-08-18,966d3960c029e52c2ef6d4dfb8c58174852ba40f2e1c16241417e5a8662fae28,CURATED_MLB_BRIDGE,VERIFIED_REGULAR_SEASON_APPEARANCE
MLBAM:430945,430945,ジョーンズ,Adam Jones,Adam Jones,2011,MLB,R,151,618,https://statsapi.mlb.com/api/v1/people/430945/stats?stats=yearByYear&group=hitting&sportIds=1,2026-08-18,966d3960c029e52c2ef6d4dfb8c58174852ba40f2e1c16241417e5a8662fae28,CURATED_MLB_BRIDGE,VERIFIED_REGULAR_SEASON_APPEARANCE
MLBAM:430945,430945,ジョーンズ,Adam Jones,Adam Jones,2012,MLB,R,162,697,https://statsapi.mlb.com/api/v1/people/430945/stats?stats=yearByYear&group=hitting&sportIds=1,2026-08-18,966d3960c029e52c2ef6d4dfb8c58174852ba40f2e1c16241417e5a8662fae28,CURATED_MLB_BRIDGE,VERIFIED_REGULAR_SEASON_APPEARANCE
MLBAM:430945,430945,ジョーンズ,Adam Jones,Adam Jones,2013,MLB,R,160,689,https://statsapi.mlb.com/api/v1/people/430945/stats?stats=yearByYear&group=hitting&sportIds=1,2026-08-18,966d3960c029e52c2ef6d4dfb8c58174852ba40f2e1c16241417e5a8662fae28,CURATED_MLB_BRIDGE,VERIFIED_REGULAR_SEASON_APPEARANCE
MLBAM:430945,430945,ジョーンズ,Adam Jones,Adam Jones,2014,MLB,R,159,682,https://statsapi.mlb.com/api/v1/people/430945/stats?stats=yearByYear&group=hitting&sportIds=1,2026-08-18,966d3960c029e52c2ef6d4dfb8c58174852ba40f2e1c16241417e5a8662fae28,CURATED_MLB_BRIDGE,VERIFIED_REGULAR_SEASON_APPEARANCE
MLBAM:430945,430945,ジョーンズ,Adam Jones,Adam Jones,2015,MLB,R,137,581,https://statsapi.mlb.com/api/v1/people/430945/stats?stats=yearByYear&group=hitting&sportIds=1,2026-08-18,966d3960c029e52c2ef6d4dfb8c58174852ba40f2e1c16241417e5a8662fae28,CURATED_MLB_BRIDGE,VERIFIED_REGULAR_SEASON_APPEARANCE
MLBAM:430945,430945,ジョーンズ,Adam Jones,Adam Jones,2016,MLB,R,152,672,https://statsapi.mlb.com/api/v1/people/430945/stats?stats=yearByYear&group=hitting&sportIds=1,2026-08-18,966d3960c029e52c2ef6d4dfb8c58174852ba40f2e1c16241417e5a8662fae28,CURATED_MLB_BRIDGE,VERIFIED_REGULAR_SEASON_APPEARANCE
MLBAM:430945,430945,ジョーンズ,Adam Jones,Adam Jones,2017,MLB,R,147,635,https://statsapi.mlb.com/api/v1/people/430945/stats?stats=yearByYear&group=hitting&sportIds=1,2026-08-18,966d3960c029e52c2ef6d4dfb8c58174852ba40f2e1c16241417e5a8662fae28,CURATED_MLB_BRIDGE,VERIFIED_REGULAR_SEASON_APPEARANCE
MLBAM:430945,430945,ジョーンズ,Adam Jones,Adam Jones,2018,MLB,R,145,613,https://statsapi.mlb.com/api/v1/people/430945/stats?stats=yearByYear&group=hitting&sportIds=1,2026-08-18,966d3960c029e52c2ef6d4dfb8c58174852ba40f2e1c16241417e5a8662fae28,CURATED_MLB_BRIDGE,VERIFIED_REGULAR_SEASON_APPEARANCE
MLBAM:430945,430945,ジョーンズ,Adam Jones,Adam Jones,2019,MLB,R,137,528,https://statsapi.mlb.com/api/v1/people/430945/stats?stats=yearByYear&group=hitting&sportIds=1,2026-08-18,966d3960c029e52c2ef6d4dfb8c58174852ba40f2e1c16241417e5a8662fae28,CURATED_MLB_BRIDGE,VERIFIED_REGULAR_SEASON_APPEARANCE
MLBAM:444876,444876,エスコバー,Alcides Escobar,Alcides Escobar,2008,MLB,R,9,4,https://statsapi.mlb.com/api/v1/people/444876/stats?stats=yearByYear&group=hitting&sportIds=1,2026-08-18,09464652b91dedf1c61cbc4594480e86f50ffaee5864c842e642fe7025a6f224,CURATED_MLB_BRIDGE,VERIFIED_REGULAR_SEASON_APPEARANCE
MLBAM:444876,444876,エスコバー,Alcides Escobar,Alcides Escobar,2009,MLB,R,38,134,https://statsapi.mlb.com/api/v1/people/444876/stats?stats=yearByYear&group=hitting&sportIds=1,2026-08-18,09464652b91dedf1c61cbc4594480e86f50ffaee5864c842e642fe7025a6f224,CURATED_MLB_BRIDGE,VERIFIED_REGULAR_SEASON_APPEARANCE
MLBAM:444876,444876,エスコバー,Alcides Escobar,Alcides Escobar,2010,MLB,R,145,552,https://statsapi.mlb.com/api/v1/people/444876/stats?stats=yearByYear&group=hitting&sportIds=1,2026-08-18,09464652b91dedf1c61cbc4594480e86f50ffaee5864c842e642fe7025a6f224,CURATED_MLB_BRIDGE,VERIFIED_REGULAR_SEASON_APPEARANCE
MLBAM:444876,444876,エスコバー,Alcides Escobar,Alcides Escobar,2011,MLB,R,158,598,https://statsapi.mlb.com/api/v1/people/444876/stats?stats=yearByYear&group=hitting&sportIds=1,2026-08-18,09464652b91dedf1c61cbc4594480e86f50ffaee5864c842e642fe7025a6f224,CURATED_MLB_BRIDGE,VERIFIED_REGULAR_SEASON_APPEARANCE
MLBAM:444876,444876,エスコバー,Alcides Escobar,Alcides Escobar,2012,MLB,R,155,648,https://statsapi.mlb.com/api/v1/people/444876/stats?stats=yearByYear&group=hitting&sportIds=1,2026-08-18,09464652b91dedf1c61cbc4594480e86f50ffaee5864c842e642fe7025a6f224,CURATED_MLB_BRIDGE,VERIFIED_REGULAR_SEASON_APPEARANCE
MLBAM:444876,444876,エスコバー,Alcides Escobar,Alcides Escobar,2013,MLB,R,158,642,https://statsapi.mlb.com/api/v1/people/444876/stats?stats=yearByYear&group=hitting&sportIds=1,2026-08-18,09464652b91dedf1c61cbc4594480e86f50ffaee5864c842e642fe7025a6f224,CURATED_MLB_BRIDGE,VERIFIED_REGULAR_SEASON_APPEARANCE
MLBAM:444876,444876,エスコバー,Alcides Escobar,Alcides Escobar,2014,MLB,R,162,620,https://statsapi.mlb.com/api/v1/people/444876/stats?stats=yearByYear&group=hitting&sportIds=1,2026-08-18,09464652b91dedf1c61cbc4594480e86f50ffaee5864c842e642fe7025a6f224,CURATED_MLB_BRIDGE,VERIFIED_REGULAR_SEASON_APPEARANCE
MLBAM:444876,444876,エスコバー,Alcides Escobar,Alcides Escobar,2015,MLB,R,148,662,https://statsapi.mlb.com/api/v1/people/444876/stats?stats=yearByYear&group=hitting&sportIds=1,2026-08-18,09464652b91dedf1c61cbc4594480e86f50ffaee5864c842e642fe7025a6f224,CURATED_MLB_BRIDGE,VERIFIED_REGULAR_SEASON_APPEARANCE
MLBAM:444876,444876,エスコバー,Alcides Escobar,Alcides Escobar,2016,MLB,R,162,682,https://statsapi.mlb.com/api/v1/people/444876/stats?stats=yearByYear&group=hitting&sportIds=1,2026-08-18,09464652b91dedf1c61cbc4594480e86f50ffaee5864c842e642fe7025a6f224,CURATED_MLB_BRIDGE,VERIFIED_REGULAR_SEASON_APPEARANCE
MLBAM:444876,444876,エスコバー,Alcides Escobar,Alcides Escobar,2017,MLB,R,162,629,https://statsapi.mlb.com/api/v1/people/444876/stats?stats=yearByYear&group=hitting&sportIds=1,2026-08-18,09464652b91dedf1c61cbc4594480e86f50ffaee5864c842e642fe7025a6f224,CURATED_MLB_BRIDGE,VERIFIED_REGULAR_SEASON_APPEARANCE
MLBAM:444876,444876,エスコバー,Alcides Escobar,Alcides Escobar,2018,MLB,R,140,531,https://statsapi.mlb.com/api/v1/people/444876/stats?stats=yearByYear&group=hitting&sportIds=1,2026-08-18,09464652b91dedf1c61cbc4594480e86f50ffaee5864c842e642fe7025a6f224,CURATED_MLB_BRIDGE,VERIFIED_REGULAR_SEASON_APPEARANCE
MLBAM:444876,444876,エスコバー,Alcides Escobar,Alcides Escobar,2021,MLB,R,75,349,https://statsapi.mlb.com/api/v1/people/444876/stats?stats=yearByYear&group=hitting&sportIds=1,2026-08-18,09464652b91dedf1c61cbc4594480e86f50ffaee5864c842e642fe7025a6f224,CURATED_MLB_BRIDGE,VERIFIED_REGULAR_SEASON_APPEARANCE
MLBAM:444876,444876,エスコバー,Alcides Escobar,Alcides Escobar,2022,MLB,R,42,131,https://statsapi.mlb.com/api/v1/people/444876/stats?stats=yearByYear&group=hitting&sportIds=1,2026-08-18,09464652b91dedf1c61cbc4594480e86f50ffaee5864c842e642fe7025a6f224,CURATED_MLB_BRIDGE,VERIFIED_REGULAR_SEASON_APPEARANCE
MLBAM:467827,467827,パーラ,Gerardo Parra,Gerardo Parra,2009,MLB,R,120,491,https://statsapi.mlb.com/api/v1/people/467827/stats?stats=yearByYear&group=hitting&sportIds=1,2026-08-18,b0e3cab74974cc700fdd5578741b4ad8e5f834f45cf1366d12a402956fbf0ec6,CURATED_MLB_BRIDGE,VERIFIED_REGULAR_SEASON_APPEARANCE
MLBAM:467827,467827,パーラ,Gerardo Parra,Gerardo Parra,2010,MLB,R,133,393,https://statsapi.mlb.com/api/v1/people/467827/stats?stats=yearByYear&group=hitting&sportIds=1,2026-08-18,b0e3cab74974cc700fdd5578741b4ad8e5f834f45cf1366d12a402956fbf0ec6,CURATED_MLB_BRIDGE,VERIFIED_REGULAR_SEASON_APPEARANCE
MLBAM:467827,467827,パーラ,Gerardo Parra,Gerardo Parra,2011,MLB,R,141,493,https://statsapi.mlb.com/api/v1/people/467827/stats?stats=yearByYear&group=hitting&sportIds=1,2026-08-18,b0e3cab74974cc700fdd5578741b4ad8e5f834f45cf1366d12a402956fbf0ec6,CURATED_MLB_BRIDGE,VERIFIED_REGULAR_SEASON_APPEARANCE
MLBAM:467827,467827,パーラ,Gerardo Parra,Gerardo Parra,2012,MLB,R,133,430,https://statsapi.mlb.com/api/v1/people/467827/stats?stats=yearByYear&group=hitting&sportIds=1,2026-08-18,b0e3cab74974cc700fdd5578741b4ad8e5f834f45cf1366d12a402956fbf0ec6,CURATED_MLB_BRIDGE,VERIFIED_REGULAR_SEASON_APPEARANCE
MLBAM:467827,467827,パーラ,Gerardo Parra,Gerardo Parra,2013,MLB,R,156,663,https://statsapi.mlb.com/api/v1/people/467827/stats?stats=yearByYear&group=hitting&sportIds=1,2026-08-18,b0e3cab74974cc700fdd5578741b4ad8e5f834f45cf1366d12a402956fbf0ec6,CURATED_MLB_BRIDGE,VERIFIED_REGULAR_SEASON_APPEARANCE
MLBAM:467827,467827,パーラ,Gerardo Parra,Gerardo Parra,2014,MLB,R,300,1148,https://statsapi.mlb.com/api/v1/people/467827/stats?stats=yearByYear&group=hitting&sportIds=1,2026-08-18,b0e3cab74974cc700fdd5578741b4ad8e5f834f45cf1366d12a402956fbf0ec6,CURATED_MLB_BRIDGE,VERIFIED_REGULAR_SEASON_APPEARANCE
MLBAM:467827,467827,パーラ,Gerardo Parra,Gerardo Parra,2015,MLB,R,310,1178,https://statsapi.mlb.com/api/v1/people/467827/stats?stats=yearByYear&group=hitting&sportIds=1,2026-08-18,b0e3cab74974cc700fdd5578741b4ad8e5f834f45cf1366d12a402956fbf0ec6,CURATED_MLB_BRIDGE,VERIFIED_REGULAR_SEASON_APPEARANCE
MLBAM:467827,467827,パーラ,Gerardo Parra,Gerardo Parra,2016,MLB,R,102,381,https://statsapi.mlb.com/api/v1/people/467827/stats?stats=yearByYear&group=hitting&sportIds=1,2026-08-18,b0e3cab74974cc700fdd5578741b4ad8e5f834f45cf1366d12a402956fbf0ec6,CURATED_MLB_BRIDGE,VERIFIED_REGULAR_SEASON_APPEARANCE
MLBAM:467827,467827,パーラ,Gerardo Parra,Gerardo Parra,2017,MLB,R,115,425,https://statsapi.mlb.com/api/v1/people/467827/stats?stats=yearByYear&group=hitting&sportIds=1,2026-08-18,b0e3cab74974cc700fdd5578741b4ad8e5f834f45cf1366d12a402956fbf0ec6,CURATED_MLB_BRIDGE,VERIFIED_REGULAR_SEASON_APPEARANCE
MLBAM:467827,467827,パーラ,Gerardo Parra,Gerardo Parra,2018,MLB,R,142,443,https://statsapi.mlb.com/api/v1/people/467827/stats?stats=yearByYear&group=hitting&sportIds=1,2026-08-18,b0e3cab74974cc700fdd5578741b4ad8e5f834f45cf1366d12a402956fbf0ec6,CURATED_MLB_BRIDGE,VERIFIED_REGULAR_SEASON_APPEARANCE
MLBAM:467827,467827,パーラ,Gerardo Parra,Gerardo Parra,2019,MLB,R,238,602,https://statsapi.mlb.com/api/v1/people/467827/stats?stats=yearByYear&group=hitting&sportIds=1,2026-08-18,b0e3cab74974cc700fdd5578741b4ad8e5f834f45cf1366d12a402956fbf0ec6,CURATED_MLB_BRIDGE,VERIFIED_REGULAR_SEASON_APPEARANCE
MLBAM:467827,467827,パーラ,Gerardo Parra,Gerardo Parra,2021,MLB,R,53,107,https://statsapi.mlb.com/api/v1/people/467827/stats?stats=yearByYear&group=hitting&sportIds=1,2026-08-18,b0e3cab74974cc700fdd5578741b4ad8e5f834f45cf1366d12a402956fbf0ec6,CURATED_MLB_BRIDGE,VERIFIED_REGULAR_SEASON_APPEARANCE
MLBAM:475253,475253,スモーク,Justin Smoak,Justin Smoak,2010,MLB,R,200,794,https://statsapi.mlb.com/api/v1/people/475253/stats?stats=yearByYear&group=hitting&sportIds=1,2026-08-18,90c03814ce41a83cf3efbe130525c6a462d323f7085fda11652e8659d35b79b0,CURATED_MLB_BRIDGE,VERIFIED_REGULAR_SEASON_APPEARANCE
MLBAM:475253,475253,スモーク,Justin Smoak,Justin Smoak,2011,MLB,R,123,489,https://statsapi.mlb.com/api/v1/people/475253/stats?stats=yearByYear&group=hitting&sportIds=1,2026-08-18,90c03814ce41a83cf3efbe130525c6a462d323f7085fda11652e8659d35b79b0,CURATED_MLB_BRIDGE,VERIFIED_REGULAR_SEASON_APPEARANCE
MLBAM:475253,475253,スモーク,Justin Smoak,Justin Smoak,2012,MLB,R,132,535,https://statsapi.mlb.com/api/v1/people/475253/stats?stats=yearByYear&group=hitting&sportIds=1,2026-08-18,90c03814ce41a83cf3efbe130525c6a462d323f7085fda11652e8659d35b79b0,CURATED_MLB_BRIDGE,VERIFIED_REGULAR_SEASON_APPEARANCE
MLBAM:475253,475253,スモーク,Justin Smoak,Justin Smoak,2013,MLB,R,131,521,https://statsapi.mlb.com/api/v1/people/475253/stats?stats=yearByYear&group=hitting&sportIds=1,2026-08-18,90c03814ce41a83cf3efbe130525c6a462d323f7085fda11652e8659d35b79b0,CURATED_MLB_BRIDGE,VERIFIED_REGULAR_SEASON_APPEARANCE
MLBAM:475253,475253,スモーク,Justin Smoak,Justin Smoak,2014,MLB,R,80,276,https://statsapi.mlb.com/api/v1/people/475253/stats?stats=yearByYear&group=hitting&sportIds=1,2026-08-18,90c03814ce41a83cf3efbe130525c6a462d323f7085fda11652e8659d35b79b0,CURATED_MLB_BRIDGE,VERIFIED_REGULAR_SEASON_APPEARANCE
MLBAM:475253,475253,スモーク,Justin Smoak,Justin Smoak,2015,MLB,R,132,328,https://statsapi.mlb.com/api/v1/people/475253/stats?stats=yearByYear&group=hitting&sportIds=1,2026-08-18,90c03814ce41a83cf3efbe130525c6a462d323f7085fda11652e8659d35b79b0,CURATED_MLB_BRIDGE,VERIFIED_REGULAR_SEASON_APPEARANCE
MLBAM:475253,475253,スモーク,Justin Smoak,Justin Smoak,2016,MLB,R,126,341,https://statsapi.mlb.com/api/v1/people/475253/stats?stats=yearByYear&group=hitting&sportIds=1,2026-08-18,90c03814ce41a83cf3efbe130525c6a462d323f7085fda11652e8659d35b79b0,CURATED_MLB_BRIDGE,VERIFIED_REGULAR_SEASON_APPEARANCE
MLBAM:475253,475253,スモーク,Justin Smoak,Justin Smoak,2017,MLB,R,158,637,https://statsapi.mlb.com/api/v1/people/475253/stats?stats=yearByYear&group=hitting&sportIds=1,2026-08-18,90c03814ce41a83cf3efbe130525c6a462d323f7085fda11652e8659d35b79b0,CURATED_MLB_BRIDGE,VERIFIED_REGULAR_SEASON_APPEARANCE
MLBAM:475253,475253,スモーク,Justin Smoak,Justin Smoak,2018,MLB,R,147,594,https://statsapi.mlb.com/api/v1/people/475253/stats?stats=yearByYear&group=hitting&sportIds=1,2026-08-18,90c03814ce41a83cf3efbe130525c6a462d323f7085fda11652e8659d35b79b0,CURATED_MLB_BRIDGE,VERIFIED_REGULAR_SEASON_APPEARANCE
MLBAM:475253,475253,スモーク,Justin Smoak,Justin Smoak,2019,MLB,R,121,500,https://statsapi.mlb.com/api/v1/people/475253/stats?stats=yearByYear&group=hitting&sportIds=1,2026-08-18,90c03814ce41a83cf3efbe130525c6a462d323f7085fda11652e8659d35b79b0,CURATED_MLB_BRIDGE,VERIFIED_REGULAR_SEASON_APPEARANCE
MLBAM:475253,475253,スモーク,Justin Smoak,Justin Smoak,2020,MLB,R,72,264,https://statsapi.mlb.com/api/v1/people/475253/stats?stats=yearByYear&group=hitting&sportIds=1,2026-08-18,90c03814ce41a83cf3efbe130525c6a462d323f7085fda11652e8659d35b79b0,CURATED_MLB_BRIDGE,VERIFIED_REGULAR_SEASON_APPEARANCE
MLBAM:493114,493114,青木 宣親,Norichika Aoki,Norichika Aoki,2012,MLB,R,151,588,https://statsapi.mlb.com/api/v1/people/493114/stats?stats=yearByYear&group=hitting&sportIds=1,2026-08-18,cafbffb325e10f364fcb8f365952732e954f611726379303af0feb2fa7e36af3,CURATED_MLB_BRIDGE,VERIFIED_REGULAR_SEASON_APPEARANCE
MLBAM:493114,493114,青木 宣親,Norichika Aoki,Norichika Aoki,2013,MLB,R,155,674,https://statsapi.mlb.com/api/v1/people/493114/stats?stats=yearByYear&group=hitting&sportIds=1,2026-08-18,cafbffb325e10f364fcb8f365952732e954f611726379303af0feb2fa7e36af3,CURATED_MLB_BRIDGE,VERIFIED_REGULAR_SEASON_APPEARANCE
MLBAM:493114,493114,青木 宣親,Norichika Aoki,Norichika Aoki,2014,MLB,R,132,549,https://statsapi.mlb.com/api/v1/people/493114/stats?stats=yearByYear&group=hitting&sportIds=1,2026-08-18,cafbffb325e10f364fcb8f365952732e954f611726379303af0feb2fa7e36af3,CURATED_MLB_BRIDGE,VERIFIED_REGULAR_SEASON_APPEARANCE
MLBAM:493114,493114,青木 宣親,Norichika Aoki,Norichika Aoki,2015,MLB,R,93,392,https://statsapi.mlb.com/api/v1/people/493114/stats?stats=yearByYear&group=hitting&sportIds=1,2026-08-18,cafbffb325e10f364fcb8f365952732e954f611726379303af0feb2fa7e36af3,CURATED_MLB_BRIDGE,VERIFIED_REGULAR_SEASON_APPEARANCE
MLBAM:493114,493114,青木 宣親,Norichika Aoki,Norichika Aoki,2016,MLB,R,118,467,https://statsapi.mlb.com/api/v1/people/493114/stats?stats=yearByYear&group=hitting&sportIds=1,2026-08-18,cafbffb325e10f364fcb8f365952732e954f611726379303af0feb2fa7e36af3,CURATED_MLB_BRIDGE,VERIFIED_REGULAR_SEASON_APPEARANCE
MLBAM:493114,493114,青木 宣親,Norichika Aoki,Norichika Aoki,2017,MLB,R,220,748,https://statsapi.mlb.com/api/v1/people/493114/stats?stats=yearByYear&group=hitting&sportIds=1,2026-08-18,cafbffb325e10f364fcb8f365952732e954f611726379303af0feb2fa7e36af3,CURATED_MLB_BRIDGE,VERIFIED_REGULAR_SEASON_APPEARANCE
MLBAM:500135,500135,R.ロドリゲス,Ronny Rodriguez,Ronny Rodríguez,2018,MLB,R,62,206,https://statsapi.mlb.com/api/v1/people/500135/stats?stats=yearByYear&group=hitting&sportIds=1,2026-08-18,3533d390efc5d0c7e6c4bfa1739730b5ad8ce2ee51f69ea0dd8512fefffa6951,CURATED_MLB_BRIDGE,VERIFIED_REGULAR_SEASON_APPEARANCE
MLBAM:500135,500135,R.ロドリゲス,Ronny Rodriguez,Ronny Rodríguez,2019,MLB,R,84,294,https://statsapi.mlb.com/api/v1/people/500135/stats?stats=yearByYear&group=hitting&sportIds=1,2026-08-18,3533d390efc5d0c7e6c4bfa1739730b5ad8ce2ee51f69ea0dd8512fefffa6951,CURATED_MLB_BRIDGE,VERIFIED_REGULAR_SEASON_APPEARANCE
MLBAM:501213,501213,シエラ,Moises Sierra,Moisés Sierra,2012,MLB,R,49,157,https://statsapi.mlb.com/api/v1/people/501213/stats?stats=yearByYear&group=hitting&sportIds=1,2026-08-18,0c3eb34db8cb310be6e6239c588862463b1f5600302a839159f2f373c84013b6,CURATED_MLB_BRIDGE,VERIFIED_REGULAR_SEASON_APPEARANCE
MLBAM:501213,501213,シエラ,Moises Sierra,Moisés Sierra,2013,MLB,R,35,122,https://statsapi.mlb.com/api/v1/people/501213/stats?stats=yearByYear&group=hitting&sportIds=1,2026-08-18,0c3eb34db8cb310be6e6239c588862463b1f5600302a839159f2f373c84013b6,CURATED_MLB_BRIDGE,VERIFIED_REGULAR_SEASON_APPEARANCE
MLBAM:501213,501213,シエラ,Moises Sierra,Moisés Sierra,2014,MLB,R,192,340,https://statsapi.mlb.com/api/v1/people/501213/stats?stats=yearByYear&group=hitting&sportIds=1,2026-08-18,0c3eb34db8cb310be6e6239c588862463b1f5600302a839159f2f373c84013b6,CURATED_MLB_BRIDGE,VERIFIED_REGULAR_SEASON_APPEARANCE
MLBAM:501213,501213,シエラ,Moises Sierra,Moisés Sierra,2018,MLB,R,27,60,https://statsapi.mlb.com/api/v1/people/501213/stats?stats=yearByYear&group=hitting&sportIds=1,2026-08-18,0c3eb34db8cb310be6e6239c588862463b1f5600302a839159f2f373c84013b6,CURATED_MLB_BRIDGE,VERIFIED_REGULAR_SEASON_APPEARANCE
MLBAM:518466,518466,ブラッシュ,Jabari Blash,Jabari Blash,2016,MLB,R,38,84,https://statsapi.mlb.com/api/v1/people/518466/stats?stats=yearByYear&group=hitting&sportIds=1,2026-08-18,1c72a6932b3d7aaaffa5275f9abab8c6f762da49f711a6d1f99b8a8592c338cb,CURATED_MLB_BRIDGE,VERIFIED_REGULAR_SEASON_APPEARANCE
MLBAM:518466,518466,ブラッシュ,Jabari Blash,Jabari Blash,2017,MLB,R,61,195,https://statsapi.mlb.com/api/v1/people/518466/stats?stats=yearByYear&group=hitting&sportIds=1,2026-08-18,1c72a6932b3d7aaaffa5275f9abab8c6f762da49f711a6d1f99b8a8592c338cb,CURATED_MLB_BRIDGE,VERIFIED_REGULAR_SEASON_APPEARANCE
MLBAM:518466,518466,ブラッシュ,Jabari Blash,Jabari Blash,2018,MLB,R,24,45,https://statsapi.mlb.com/api/v1/people/518466/stats?stats=yearByYear&group=hitting&sportIds=1,2026-08-18,1c72a6932b3d7aaaffa5275f9abab8c6f762da49f711a6d1f99b8a8592c338cb,CURATED_MLB_BRIDGE,VERIFIED_REGULAR_SEASON_APPEARANCE
MLBAM:519346,519346,テームズ,Eric Thames,Eric Thames,2011,MLB,R,95,394,https://statsapi.mlb.com/api/v1/people/519346/stats?stats=yearByYear&group=hitting&sportIds=1,2026-08-18,635c643d85bf28d4e8fda104bba1052b8e816683af49c93af6b1c9c04ad15112,CURATED_MLB_BRIDGE,VERIFIED_REGULAR_SEASON_APPEARANCE
MLBAM:519346,519346,テームズ,Eric Thames,Eric Thames,2012,MLB,R,172,580,https://statsapi.mlb.com/api/v1/people/519346/stats?stats=yearByYear&group=hitting&sportIds=1,2026-08-18,635c643d85bf28d4e8fda104bba1052b8e816683af49c93af6b1c9c04ad15112,CURATED_MLB_BRIDGE,VERIFIED_REGULAR_SEASON_APPEARANCE
MLBAM:519346,519346,テームズ,Eric Thames,Eric Thames,2017,MLB,R,138,551,https://statsapi.mlb.com/api/v1/people/519346/stats?stats=yearByYear&group=hitting&sportIds=1,2026-08-18,635c643d85bf28d4e8fda104bba1052b8e816683af49c93af6b1c9c04ad15112,CURATED_MLB_BRIDGE,VERIFIED_REGULAR_SEASON_APPEARANCE
MLBAM:519346,519346,テームズ,Eric Thames,Eric Thames,2018,MLB,R,96,278,https://statsapi.mlb.com/api/v1/people/519346/stats?stats=yearByYear&group=hitting&sportIds=1,2026-08-18,635c643d85bf28d4e8fda104bba1052b8e816683af49c93af6b1c9c04ad15112,CURATED_MLB_BRIDGE,VERIFIED_REGULAR_SEASON_APPEARANCE
MLBAM:519346,519346,テームズ,Eric Thames,Eric Thames,2019,MLB,R,149,459,https://statsapi.mlb.com/api/v1/people/519346/stats?stats=yearByYear&group=hitting&sportIds=1,2026-08-18,635c643d85bf28d4e8fda104bba1052b8e816683af49c93af6b1c9c04ad15112,CURATED_MLB_BRIDGE,VERIFIED_REGULAR_SEASON_APPEARANCE
MLBAM:519346,519346,テームズ,Eric Thames,Eric Thames,2020,MLB,R,41,140,https://statsapi.mlb.com/api/v1/people/519346/stats?stats=yearByYear&group=hitting&sportIds=1,2026-08-18,635c643d85bf28d4e8fda104bba1052b8e816683af49c93af6b1c9c04ad15112,CURATED_MLB_BRIDGE,VERIFIED_REGULAR_SEASON_APPEARANCE
MLBAM:520471,520471,ガルビス,Freddy Galvis,Freddy Galvis,2012,MLB,R,58,200,https://statsapi.mlb.com/api/v1/people/520471/stats?stats=yearByYear&group=hitting&sportIds=1,2026-08-18,e8363bc603d3394ba907b3b55734c942ad8a408149c3661788823181e04cdc62,CURATED_MLB_BRIDGE,VERIFIED_REGULAR_SEASON_APPEARANCE
MLBAM:520471,520471,ガルビス,Freddy Galvis,Freddy Galvis,2013,MLB,R,70,222,https://statsapi.mlb.com/api/v1/people/520471/stats?stats=yearByYear&group=hitting&sportIds=1,2026-08-18,e8363bc603d3394ba907b3b55734c942ad8a408149c3661788823181e04cdc62,CURATED_MLB_BRIDGE,VERIFIED_REGULAR_SEASON_APPEARANCE
MLBAM:520471,520471,ガルビス,Freddy Galvis,Freddy Galvis,2014,MLB,R,43,128,https://statsapi.mlb.com/api/v1/people/520471/stats?stats=yearByYear&group=hitting&sportIds=1,2026-08-18,e8363bc603d3394ba907b3b55734c942ad8a408149c3661788823181e04cdc62,CURATED_MLB_BRIDGE,VERIFIED_REGULAR_SEASON_APPEARANCE
MLBAM:520471,520471,ガルビス,Freddy Galvis,Freddy Galvis,2015,MLB,R,151,603,https://statsapi.mlb.com/api/v1/people/520471/stats?stats=yearByYear&group=hitting&sportIds=1,2026-08-18,e8363bc603d3394ba907b3b55734c942ad8a408149c3661788823181e04cdc62,CURATED_MLB_BRIDGE,VERIFIED_REGULAR_SEASON_APPEARANCE
MLBAM:520471,520471,ガルビス,Freddy Galvis,Freddy Galvis,2016,MLB,R,158,624,https://statsapi.mlb.com/api/v1/people/520471/stats?stats=yearByYear&group=hitting&sportIds=1,2026-08-18,e8363bc603d3394ba907b3b55734c942ad8a408149c3661788823181e04cdc62,CURATED_MLB_BRIDGE,VERIFIED_REGULAR_SEASON_APPEARANCE
MLBAM:520471,520471,ガルビス,Freddy Galvis,Freddy Galvis,2017,MLB,R,162,663,https://statsapi.mlb.com/api/v1/people/520471/stats?stats=yearByYear&group=hitting&sportIds=1,2026-08-18,e8363bc603d3394ba907b3b55734c942ad8a408149c3661788823181e04cdc62,CURATED_MLB_BRIDGE,VERIFIED_REGULAR_SEASON_APPEARANCE
MLBAM:520471,520471,ガルビス,Freddy Galvis,Freddy Galvis,2018,MLB,R,162,656,https://statsapi.mlb.com/api/v1/people/520471/stats?stats=yearByYear&group=hitting&sportIds=1,2026-08-18,e8363bc603d3394ba907b3b55734c942ad8a408149c3661788823181e04cdc62,CURATED_MLB_BRIDGE,VERIFIED_REGULAR_SEASON_APPEARANCE
MLBAM:520471,520471,ガルビス,Freddy Galvis,Freddy Galvis,2019,MLB,R,294,1178,https://statsapi.mlb.com/api/v1/people/520471/stats?stats=yearByYear&group=hitting&sportIds=1,2026-08-18,e8363bc603d3394ba907b3b55734c942ad8a408149c3661788823181e04cdc62,CURATED_MLB_BRIDGE,VERIFIED_REGULAR_SEASON_APPEARANCE
MLBAM:520471,520471,ガルビス,Freddy Galvis,Freddy Galvis,2020,MLB,R,47,159,https://statsapi.mlb.com/api/v1/people/520471/stats?stats=yearByYear&group=hitting&sportIds=1,2026-08-18,e8363bc603d3394ba907b3b55734c942ad8a408149c3661788823181e04cdc62,CURATED_MLB_BRIDGE,VERIFIED_REGULAR_SEASON_APPEARANCE
MLBAM:520471,520471,ガルビス,Freddy Galvis,Freddy Galvis,2021,MLB,R,208,788,https://statsapi.mlb.com/api/v1/people/520471/stats?stats=yearByYear&group=hitting&sportIds=1,2026-08-18,e8363bc603d3394ba907b3b55734c942ad8a408149c3661788823181e04cdc62,CURATED_MLB_BRIDGE,VERIFIED_REGULAR_SEASON_APPEARANCE
MLBAM:527043,527043,マルテ,Jefry Marte,Jefry Marte,2015,MLB,R,33,90,https://statsapi.mlb.com/api/v1/people/527043/stats?stats=yearByYear&group=hitting&sportIds=1,2026-08-18,6c1fc985abbbb8f24dfd38e45914bf02315e71d5dfa7560c24a6aeb06dc84d70,CURATED_MLB_BRIDGE,VERIFIED_REGULAR_SEASON_APPEARANCE
MLBAM:527043,527043,マルテ,Jefry Marte,Jefry Marte,2016,MLB,R,88,284,https://statsapi.mlb.com/api/v1/people/527043/stats?stats=yearByYear&group=hitting&sportIds=1,2026-08-18,6c1fc985abbbb8f24dfd38e45914bf02315e71d5dfa7560c24a6aeb06dc84d70,CURATED_MLB_BRIDGE,VERIFIED_REGULAR_SEASON_APPEARANCE
MLBAM:527043,527043,マルテ,Jefry Marte,Jefry Marte,2017,MLB,R,45,145,https://statsapi.mlb.com/api/v1/people/527043/stats?stats=yearByYear&group=hitting&sportIds=1,2026-08-18,6c1fc985abbbb8f24dfd38e45914bf02315e71d5dfa7560c24a6aeb06dc84d70,CURATED_MLB_BRIDGE,VERIFIED_REGULAR_SEASON_APPEARANCE
MLBAM:527043,527043,マルテ,Jefry Marte,Jefry Marte,2018,MLB,R,90,209,https://statsapi.mlb.com/api/v1/people/527043/stats?stats=yearByYear&group=hitting&sportIds=1,2026-08-18,6c1fc985abbbb8f24dfd38e45914bf02315e71d5dfa7560c24a6aeb06dc84d70,CURATED_MLB_BRIDGE,VERIFIED_REGULAR_SEASON_APPEARANCE
MLBAM:542583,542583,アギラー,Jesus Aguilar,Jesús Aguilar,2014,MLB,R,19,38,https://statsapi.mlb.com/api/v1/people/542583/stats?stats=yearByYear&group=hitting&sportIds=1,2026-08-18,6ad9748f0f5117f8963562b2e2b4ccf682d33bdbbcf08d07e97a671b43d1f5f9,CURATED_MLB_BRIDGE,VERIFIED_REGULAR_SEASON_APPEARANCE
MLBAM:542583,542583,アギラー,Jesus Aguilar,Jesús Aguilar,2015,MLB,R,7,20,https://statsapi.mlb.com/api/v1/people/542583/stats?stats=yearByYear&group=hitting&sportIds=1,2026-08-18,6ad9748f0f5117f8963562b2e2b4ccf682d33bdbbcf08d07e97a671b43d1f5f9,CURATED_MLB_BRIDGE,VERIFIED_REGULAR_SEASON_APPEARANCE
MLBAM:542583,542583,アギラー,Jesus Aguilar,Jesús Aguilar,2016,MLB,R,9,6,https://statsapi.mlb.com/api/v1/people/542583/stats?stats=yearByYear&group=hitting&sportIds=1,2026-08-18,6ad9748f0f5117f8963562b2e2b4ccf682d33bdbbcf08d07e97a671b43d1f5f9,CURATED_MLB_BRIDGE,VERIFIED_REGULAR_SEASON_APPEARANCE
MLBAM:542583,542583,アギラー,Jesus Aguilar,Jesús Aguilar,2017,MLB,R,133,311,https://statsapi.mlb.com/api/v1/people/542583/stats?stats=yearByYear&group=hitting&sportIds=1,2026-08-18,6ad9748f0f5117f8963562b2e2b4ccf682d33bdbbcf08d07e97a671b43d1f5f9,CURATED_MLB_BRIDGE,VERIFIED_REGULAR_SEASON_APPEARANCE
MLBAM:542583,542583,アギラー,Jesus Aguilar,Jesús Aguilar,2018,MLB,R,149,566,https://statsapi.mlb.com/api/v1/people/542583/stats?stats=yearByYear&group=hitting&sportIds=1,2026-08-18,6ad9748f0f5117f8963562b2e2b4ccf682d33bdbbcf08d07e97a671b43d1f5f9,CURATED_MLB_BRIDGE,VERIFIED_REGULAR_SEASON_APPEARANCE
MLBAM:542583,542583,アギラー,Jesus Aguilar,Jesús Aguilar,2019,MLB,R,262,738,https://statsapi.mlb.com/api/v1/people/542583/stats?stats=yearByYear&group=hitting&sportIds=1,2026-08-18,6ad9748f0f5117f8963562b2e2b4ccf682d33bdbbcf08d07e97a671b43d1f5f9,CURATED_MLB_BRIDGE,VERIFIED_REGULAR_SEASON_APPEARANCE
MLBAM:542583,542583,アギラー,Jesus Aguilar,Jesús Aguilar,2020,MLB,R,51,216,https://statsapi.mlb.com/api/v1/people/542583/stats?stats=yearByYear&group=hitting&sportIds=1,2026-08-18,6ad9748f0f5117f8963562b2e2b4ccf682d33bdbbcf08d07e97a671b43d1f5f9,CURATED_MLB_BRIDGE,VERIFIED_REGULAR_SEASON_APPEARANCE
MLBAM:542583,542583,アギラー,Jesus Aguilar,Jesús Aguilar,2021,MLB,R,131,510,https://statsapi.mlb.com/api/v1/people/542583/stats?stats=yearByYear&group=hitting&sportIds=1,2026-08-18,6ad9748f0f5117f8963562b2e2b4ccf682d33bdbbcf08d07e97a671b43d1f5f9,CURATED_MLB_BRIDGE,VERIFIED_REGULAR_SEASON_APPEARANCE
MLBAM:542583,542583,アギラー,Jesus Aguilar,Jesús Aguilar,2022,MLB,R,258,1014,https://statsapi.mlb.com/api/v1/people/542583/stats?stats=yearByYear&group=hitting&sportIds=1,2026-08-18,6ad9748f0f5117f8963562b2e2b4ccf682d33bdbbcf08d07e97a671b43d1f5f9,CURATED_MLB_BRIDGE,VERIFIED_REGULAR_SEASON_APPEARANCE
MLBAM:542583,542583,アギラー,Jesus Aguilar,Jesús Aguilar,2023,MLB,R,36,115,https://statsapi.mlb.com/api/v1/people/542583/stats?stats=yearByYear&group=hitting&sportIds=1,2026-08-18,6ad9748f0f5117f8963562b2e2b4ccf682d33bdbbcf08d07e97a671b43d1f5f9,CURATED_MLB_BRIDGE,VERIFIED_REGULAR_SEASON_APPEARANCE
MLBAM:543105,543105,ディカーソン,Alex Dickerson,Alex Dickerson,2015,MLB,R,11,8,https://statsapi.mlb.com/api/v1/people/543105/stats?stats=yearByYear&group=hitting&sportIds=1,2026-08-18,8b1ea601aaa90673da9736ec617316f79fd9262f69f9a2a83d04f6951b545e85,CURATED_MLB_BRIDGE,VERIFIED_REGULAR_SEASON_APPEARANCE
MLBAM:543105,543105,ディカーソン,Alex Dickerson,Alex Dickerson,2016,MLB,R,84,285,https://statsapi.mlb.com/api/v1/people/543105/stats?stats=yearByYear&group=hitting&sportIds=1,2026-08-18,8b1ea601aaa90673da9736ec617316f79fd9262f69f9a2a83d04f6951b545e85,CURATED_MLB_BRIDGE,VERIFIED_REGULAR_SEASON_APPEARANCE
MLBAM:543105,543105,ディカーソン,Alex Dickerson,Alex Dickerson,2019,MLB,R,136,380,https://statsapi.mlb.com/api/v1/people/543105/stats?stats=yearByYear&group=hitting&sportIds=1,2026-08-18,8b1ea601aaa90673da9736ec617316f79fd9262f69f9a2a83d04f6951b545e85,CURATED_MLB_BRIDGE,VERIFIED_REGULAR_SEASON_APPEARANCE
MLBAM:543105,543105,ディカーソン,Alex Dickerson,Alex Dickerson,2020,MLB,R,52,170,https://statsapi.mlb.com/api/v1/people/543105/stats?stats=yearByYear&group=hitting&sportIds=1,2026-08-18,8b1ea601aaa90673da9736ec617316f79fd9262f69f9a2a83d04f6951b545e85,CURATED_MLB_BRIDGE,VERIFIED_REGULAR_SEASON_APPEARANCE
MLBAM:543105,543105,ディカーソン,Alex Dickerson,Alex Dickerson,2021,MLB,R,111,312,https://statsapi.mlb.com/api/v1/people/543105/stats?stats=yearByYear&group=hitting&sportIds=1,2026-08-18,8b1ea601aaa90673da9736ec617316f79fd9262f69f9a2a83d04f6951b545e85,CURATED_MLB_BRIDGE,VERIFIED_REGULAR_SEASON_APPEARANCE
MLBAM:543105,543105,ディカーソン,Alex Dickerson,Alex Dickerson,2022,MLB,R,13,36,https://statsapi.mlb.com/api/v1/people/543105/stats?stats=yearByYear&group=hitting&sportIds=1,2026-08-18,8b1ea601aaa90673da9736ec617316f79fd9262f69f9a2a83d04f6951b545e85,CURATED_MLB_BRIDGE,VERIFIED_REGULAR_SEASON_APPEARANCE
MLBAM:543742,543742,サンズ,Jerry Sands,Jerry Sands,2011,MLB,R,61,227,https://statsapi.mlb.com/api/v1/people/543742/stats?stats=yearByYear&group=hitting&sportIds=1,2026-08-18,c057aef86996db2ae57aaa9fe45784fc64b68308577e157ad16be8cf50b6ab9a,CURATED_MLB_BRIDGE,VERIFIED_REGULAR_SEASON_APPEARANCE
MLBAM:543742,543742,サンズ,Jerry Sands,Jerry Sands,2012,MLB,R,9,24,https://statsapi.mlb.com/api/v1/people/543742/stats?stats=yearByYear&group=hitting&sportIds=1,2026-08-18,c057aef86996db2ae57aaa9fe45784fc64b68308577e157ad16be8cf50b6ab9a,CURATED_MLB_BRIDGE,VERIFIED_REGULAR_SEASON_APPEARANCE
MLBAM:543742,543742,サンズ,Jerry Sands,Jerry Sands,2014,MLB,R,12,22,https://statsapi.mlb.com/api/v1/people/543742/stats?stats=yearByYear&group=hitting&sportIds=1,2026-08-18,c057aef86996db2ae57aaa9fe45784fc64b68308577e157ad16be8cf50b6ab9a,CURATED_MLB_BRIDGE,VERIFIED_REGULAR_SEASON_APPEARANCE
MLBAM:543742,543742,サンズ,Jerry Sands,Jerry Sands,2015,MLB,R,50,133,https://statsapi.mlb.com/api/v1/people/543742/stats?stats=yearByYear&group=hitting&sportIds=1,2026-08-18,c057aef86996db2ae57aaa9fe45784fc64b68308577e157ad16be8cf50b6ab9a,CURATED_MLB_BRIDGE,VERIFIED_REGULAR_SEASON_APPEARANCE
MLBAM:543742,543742,サンズ,Jerry Sands,Jerry Sands,2016,MLB,R,24,58,https://statsapi.mlb.com/api/v1/people/543742/stats?stats=yearByYear&group=hitting&sportIds=1,2026-08-18,c057aef86996db2ae57aaa9fe45784fc64b68308577e157ad16be8cf50b6ab9a,CURATED_MLB_BRIDGE,VERIFIED_REGULAR_SEASON_APPEARANCE
MLBAM:553902,553902,アストゥディーヨ,Willians Astudillo,Willians Astudillo,2018,MLB,R,30,97,https://statsapi.mlb.com/api/v1/people/553902/stats?stats=yearByYear&group=hitting&sportIds=1,2026-08-18,4044d1e4a97d0453eeefa6bd96f8617b530e177141b1b82e48a28351fa27840a,CURATED_MLB_BRIDGE,VERIFIED_REGULAR_SEASON_APPEARANCE
MLBAM:553902,553902,アストゥディーヨ,Willians Astudillo,Willians Astudillo,2019,MLB,R,58,204,https://statsapi.mlb.com/api/v1/people/553902/stats?stats=yearByYear&group=hitting&sportIds=1,2026-08-18,4044d1e4a97d0453eeefa6bd96f8617b530e177141b1b82e48a28351fa27840a,CURATED_MLB_BRIDGE,VERIFIED_REGULAR_SEASON_APPEARANCE
MLBAM:553902,553902,アストゥディーヨ,Willians Astudillo,Willians Astudillo,2020,MLB,R,8,16,https://statsapi.mlb.com/api/v1/people/553902/stats?stats=yearByYear&group=hitting&sportIds=1,2026-08-18,4044d1e4a97d0453eeefa6bd96f8617b530e177141b1b82e48a28351fa27840a,CURATED_MLB_BRIDGE,VERIFIED_REGULAR_SEASON_APPEARANCE
MLBAM:553902,553902,アストゥディーヨ,Willians Astudillo,Willians Astudillo,2021,MLB,R,73,216,https://statsapi.mlb.com/api/v1/people/553902/stats?stats=yearByYear&group=hitting&sportIds=1,2026-08-18,4044d1e4a97d0453eeefa6bd96f8617b530e177141b1b82e48a28351fa27840a,CURATED_MLB_BRIDGE,VERIFIED_REGULAR_SEASON_APPEARANCE
MLBAM:553902,553902,アストゥディーヨ,Willians Astudillo,Willians Astudillo,2022,MLB,R,21,55,https://statsapi.mlb.com/api/v1/people/553902/stats?stats=yearByYear&group=hitting&sportIds=1,2026-08-18,4044d1e4a97d0453eeefa6bd96f8617b530e177141b1b82e48a28351fa27840a,CURATED_MLB_BRIDGE,VERIFIED_REGULAR_SEASON_APPEARANCE
MLBAM:570256,570256,ポランコ,Gregory Polanco,Gregory Polanco,2014,MLB,R,89,312,https://statsapi.mlb.com/api/v1/people/570256/stats?stats=yearByYear&group=hitting&sportIds=1,2026-08-18,fdb55c81c614f6a3a6a198ccea75cf327b8ca648659758896f991462b6f7f7bf,CURATED_MLB_BRIDGE,VERIFIED_REGULAR_SEASON_APPEARANCE
MLBAM:570256,570256,ポランコ,Gregory Polanco,Gregory Polanco,2015,MLB,R,153,652,https://statsapi.mlb.com/api/v1/people/570256/stats?stats=yearByYear&group=hitting&sportIds=1,2026-08-18,fdb55c81c614f6a3a6a198ccea75cf327b8ca648659758896f991462b6f7f7bf,CURATED_MLB_BRIDGE,VERIFIED_REGULAR_SEASON_APPEARANCE
MLBAM:570256,570256,ポランコ,Gregory Polanco,Gregory Polanco,2016,MLB,R,144,587,https://statsapi.mlb.com/api/v1/people/570256/stats?stats=yearByYear&group=hitting&sportIds=1,2026-08-18,fdb55c81c614f6a3a6a198ccea75cf327b8ca648659758896f991462b6f7f7bf,CURATED_MLB_BRIDGE,VERIFIED_REGULAR_SEASON_APPEARANCE
MLBAM:570256,570256,ポランコ,Gregory Polanco,Gregory Polanco,2017,MLB,R,108,411,https://statsapi.mlb.com/api/v1/people/570256/stats?stats=yearByYear&group=hitting&sportIds=1,2026-08-18,fdb55c81c614f6a3a6a198ccea75cf327b8ca648659758896f991462b6f7f7bf,CURATED_MLB_BRIDGE,VERIFIED_REGULAR_SEASON_APPEARANCE
MLBAM:570256,570256,ポランコ,Gregory Polanco,Gregory Polanco,2018,MLB,R,130,535,https://statsapi.mlb.com/api/v1/people/570256/stats?stats=yearByYear&group=hitting&sportIds=1,2026-08-18,fdb55c81c614f6a3a6a198ccea75cf327b8ca648659758896f991462b6f7f7bf,CURATED_MLB_BRIDGE,VERIFIED_REGULAR_SEASON_APPEARANCE
MLBAM:570256,570256,ポランコ,Gregory Polanco,Gregory Polanco,2019,MLB,R,42,167,https://statsapi.mlb.com/api/v1/people/570256/stats?stats=yearByYear&group=hitting&sportIds=1,2026-08-18,fdb55c81c614f6a3a6a198ccea75cf327b8ca648659758896f991462b6f7f7bf,CURATED_MLB_BRIDGE,VERIFIED_REGULAR_SEASON_APPEARANCE
MLBAM:570256,570256,ポランコ,Gregory Polanco,Gregory Polanco,2020,MLB,R,50,174,https://statsapi.mlb.com/api/v1/people/570256/stats?stats=yearByYear&group=hitting&sportIds=1,2026-08-18,fdb55c81c614f6a3a6a198ccea75cf327b8ca648659758896f991462b6f7f7bf,CURATED_MLB_BRIDGE,VERIFIED_REGULAR_SEASON_APPEARANCE
MLBAM:570256,570256,ポランコ,Gregory Polanco,Gregory Polanco,2021,MLB,R,107,382,https://statsapi.mlb.com/api/v1/people/570256/stats?stats=yearByYear&group=hitting&sportIds=1,2026-08-18,fdb55c81c614f6a3a6a198ccea75cf327b8ca648659758896f991462b6f7f7bf,CURATED_MLB_BRIDGE,VERIFIED_REGULAR_SEASON_APPEARANCE
MLBAM:570267,570267,サンタナ,Domingo Santana,Domingo Santana,2014,MLB,R,6,18,https://statsapi.mlb.com/api/v1/people/570267/stats?stats=yearByYear&group=hitting&sportIds=1,2026-08-18,def1424cec8ad5cec70f0bc929ec4d4c754def67e4a1087386a0b02f883a3e98,CURATED_MLB_BRIDGE,VERIFIED_REGULAR_SEASON_APPEARANCE
MLBAM:570267,570267,サンタナ,Domingo Santana,Domingo Santana,2015,MLB,R,104,374,https://statsapi.mlb.com/api/v1/people/570267/stats?stats=yearByYear&group=hitting&sportIds=1,2026-08-18,def1424cec8ad5cec70f0bc929ec4d4c754def67e4a1087386a0b02f883a3e98,CURATED_MLB_BRIDGE,VERIFIED_REGULAR_SEASON_APPEARANCE
MLBAM:570267,570267,サンタナ,Domingo Santana,Domingo Santana,2016,MLB,R,77,281,https://statsapi.mlb.com/api/v1/people/570267/stats?stats=yearByYear&group=hitting&sportIds=1,2026-08-18,def1424cec8ad5cec70f0bc929ec4d4c754def67e4a1087386a0b02f883a3e98,CURATED_MLB_BRIDGE,VERIFIED_REGULAR_SEASON_APPEARANCE
MLBAM:570267,570267,サンタナ,Domingo Santana,Domingo Santana,2017,MLB,R,151,607,https://statsapi.mlb.com/api/v1/people/570267/stats?stats=yearByYear&group=hitting&sportIds=1,2026-08-18,def1424cec8ad5cec70f0bc929ec4d4c754def67e4a1087386a0b02f883a3e98,CURATED_MLB_BRIDGE,VERIFIED_REGULAR_SEASON_APPEARANCE
MLBAM:570267,570267,サンタナ,Domingo Santana,Domingo Santana,2018,MLB,R,85,235,https://statsapi.mlb.com/api/v1/people/570267/stats?stats=yearByYear&group=hitting&sportIds=1,2026-08-18,def1424cec8ad5cec70f0bc929ec4d4c754def67e4a1087386a0b02f883a3e98,CURATED_MLB_BRIDGE,VERIFIED_REGULAR_SEASON_APPEARANCE
MLBAM:570267,570267,サンタナ,Domingo Santana,Domingo Santana,2019,MLB,R,121,507,https://statsapi.mlb.com/api/v1/people/570267/stats?stats=yearByYear&group=hitting&sportIds=1,2026-08-18,def1424cec8ad5cec70f0bc929ec4d4c754def67e4a1087386a0b02f883a3e98,CURATED_MLB_BRIDGE,VERIFIED_REGULAR_SEASON_APPEARANCE
MLBAM:570267,570267,サンタナ,Domingo Santana,Domingo Santana,2020,MLB,R,24,84,https://statsapi.mlb.com/api/v1/people/570267/stats?stats=yearByYear&group=hitting&sportIds=1,2026-08-18,def1424cec8ad5cec70f0bc929ec4d4c754def67e4a1087386a0b02f883a3e98,CURATED_MLB_BRIDGE,VERIFIED_REGULAR_SEASON_APPEARANCE
MLBAM:570489,570489,アルカンタラ,Arismendy Alcantara,Arismendy Alcántara,2014,MLB,R,70,300,https://statsapi.mlb.com/api/v1/people/570489/stats?stats=yearByYear&group=hitting&sportIds=1,2026-08-18,b239c2fa6d0a6c23774411b1cdd10418bdbe2db5fd447772dd928b5d3842176d,CURATED_MLB_BRIDGE,VERIFIED_REGULAR_SEASON_APPEARANCE
MLBAM:570489,570489,アルカンタラ,Arismendy Alcantara,Arismendy Alcántara,2015,MLB,R,11,32,https://statsapi.mlb.com/api/v1/people/570489/stats?stats=yearByYear&group=hitting&sportIds=1,2026-08-18,b239c2fa6d0a6c23774411b1cdd10418bdbe2db5fd447772dd928b5d3842176d,CURATED_MLB_BRIDGE,VERIFIED_REGULAR_SEASON_APPEARANCE
MLBAM:570489,570489,アルカンタラ,Arismendy Alcantara,Arismendy Alcántara,2016,MLB,R,16,19,https://statsapi.mlb.com/api/v1/people/570489/stats?stats=yearByYear&group=hitting&sportIds=1,2026-08-18,b239c2fa6d0a6c23774411b1cdd10418bdbe2db5fd447772dd928b5d3842176d,CURATED_MLB_BRIDGE,VERIFIED_REGULAR_SEASON_APPEARANCE
MLBAM:570489,570489,アルカンタラ,Arismendy Alcantara,Arismendy Alcántara,2017,MLB,R,70,108,https://statsapi.mlb.com/api/v1/people/570489/stats?stats=yearByYear&group=hitting&sportIds=1,2026-08-18,b239c2fa6d0a6c23774411b1cdd10418bdbe2db5fd447772dd928b5d3842176d,CURATED_MLB_BRIDGE,VERIFIED_REGULAR_SEASON_APPEARANCE
MLBAM:570615,570615,モヤ,Steven Moya,Steven Moya,2014,MLB,R,11,8,https://statsapi.mlb.com/api/v1/people/570615/stats?stats=yearByYear&group=hitting&sportIds=1,2026-08-18,9a9219c9424777d2c03d2e35258b8f3a5528bba2f0508e2031e28707cb428f6e,CURATED_MLB_BRIDGE,VERIFIED_REGULAR_SEASON_APPEARANCE
MLBAM:570615,570615,モヤ,Steven Moya,Steven Moya,2015,MLB,R,9,25,https://statsapi.mlb.com/api/v1/people/570615/stats?stats=yearByYear&group=hitting&sportIds=1,2026-08-18,9a9219c9424777d2c03d2e35258b8f3a5528bba2f0508e2031e28707cb428f6e,CURATED_MLB_BRIDGE,VERIFIED_REGULAR_SEASON_APPEARANCE
MLBAM:570615,570615,モヤ,Steven Moya,Steven Moya,2016,MLB,R,31,100,https://statsapi.mlb.com/api/v1/people/570615/stats?stats=yearByYear&group=hitting&sportIds=1,2026-08-18,9a9219c9424777d2c03d2e35258b8f3a5528bba2f0508e2031e28707cb428f6e,CURATED_MLB_BRIDGE,VERIFIED_REGULAR_SEASON_APPEARANCE
MLBAM:570799,570799,ビヤヌエバ,Christian Villanueva,Christian Villanueva,2017,MLB,R,12,32,https://statsapi.mlb.com/api/v1/people/570799/stats?stats=yearByYear&group=hitting&sportIds=1,2026-08-18,eb68fa92eeee04cbcd8d9a52edd06510d23962d66c360cd2d717548a1d9bc354,CURATED_MLB_BRIDGE,VERIFIED_REGULAR_SEASON_APPEARANCE
MLBAM:570799,570799,ビヤヌエバ,Christian Villanueva,Christian Villanueva,2018,MLB,R,110,384,https://statsapi.mlb.com/api/v1/people/570799/stats?stats=yearByYear&group=hitting&sportIds=1,2026-08-18,eb68fa92eeee04cbcd8d9a52edd06510d23962d66c360cd2d717548a1d9bc354,CURATED_MLB_BRIDGE,VERIFIED_REGULAR_SEASON_APPEARANCE
MLBAM:571506,571506,ボーア,Justin Bour,Justin Bour,2014,MLB,R,39,83,https://statsapi.mlb.com/api/v1/people/571506/stats?stats=yearByYear&group=hitting&sportIds=1,2026-08-18,211cbd3fdb8ecd9c5e499180f6448d6b08a7a4feb52da244adb3b14d45f41929,CURATED_MLB_BRIDGE,VERIFIED_REGULAR_SEASON_APPEARANCE
MLBAM:571506,571506,ボーア,Justin Bour,Justin Bour,2015,MLB,R,129,446,https://statsapi.mlb.com/api/v1/people/571506/stats?stats=yearByYear&group=hitting&sportIds=1,2026-08-18,211cbd3fdb8ecd9c5e499180f6448d6b08a7a4feb52da244adb3b14d45f41929,CURATED_MLB_BRIDGE,VERIFIED_REGULAR_SEASON_APPEARANCE
MLBAM:571506,571506,ボーア,Justin Bour,Justin Bour,2016,MLB,R,90,321,https://statsapi.mlb.com/api/v1/people/571506/stats?stats=yearByYear&group=hitting&sportIds=1,2026-08-18,211cbd3fdb8ecd9c5e499180f6448d6b08a7a4feb52da244adb3b14d45f41929,CURATED_MLB_BRIDGE,VERIFIED_REGULAR_SEASON_APPEARANCE
MLBAM:571506,571506,ボーア,Justin Bour,Justin Bour,2017,MLB,R,108,429,https://statsapi.mlb.com/api/v1/people/571506/stats?stats=yearByYear&group=hitting&sportIds=1,2026-08-18,211cbd3fdb8ecd9c5e499180f6448d6b08a7a4feb52da244adb3b14d45f41929,CURATED_MLB_BRIDGE,VERIFIED_REGULAR_SEASON_APPEARANCE
MLBAM:571506,571506,ボーア,Justin Bour,Justin Bour,2018,MLB,R,282,1002,https://statsapi.mlb.com/api/v1/people/571506/stats?stats=yearByYear&group=hitting&sportIds=1,2026-08-18,211cbd3fdb8ecd9c5e499180f6448d6b08a7a4feb52da244adb3b14d45f41929,CURATED_MLB_BRIDGE,VERIFIED_REGULAR_SEASON_APPEARANCE
MLBAM:571506,571506,ボーア,Justin Bour,Justin Bour,2019,MLB,R,52,170,https://statsapi.mlb.com/api/v1/people/571506/stats?stats=yearByYear&group=hitting&sportIds=1,2026-08-18,211cbd3fdb8ecd9c5e499180f6448d6b08a7a4feb52da244adb3b14d45f41929,CURATED_MLB_BRIDGE,VERIFIED_REGULAR_SEASON_APPEARANCE
MLBAM:571602,571602,デビッドソン,Matt Davidson,Matt Davidson,2013,MLB,R,31,87,https://statsapi.mlb.com/api/v1/people/571602/stats?stats=yearByYear&group=hitting&sportIds=1,2026-08-18,e834694f865ba524a3742cb19c82a37fd9166d41ca04f2c88dd42968c5476069,CURATED_MLB_BRIDGE,VERIFIED_REGULAR_SEASON_APPEARANCE
MLBAM:571602,571602,デビッドソン,Matt Davidson,Matt Davidson,2016,MLB,R,1,2,https://statsapi.mlb.com/api/v1/people/571602/stats?stats=yearByYear&group=hitting&sportIds=1,2026-08-18,e834694f865ba524a3742cb19c82a37fd9166d41ca04f2c88dd42968c5476069,CURATED_MLB_BRIDGE,VERIFIED_REGULAR_SEASON_APPEARANCE
MLBAM:571602,571602,デビッドソン,Matt Davidson,Matt Davidson,2017,MLB,R,118,443,https://statsapi.mlb.com/api/v1/people/571602/stats?stats=yearByYear&group=hitting&sportIds=1,2026-08-18,e834694f865ba524a3742cb19c82a37fd9166d41ca04f2c88dd42968c5476069,CURATED_MLB_BRIDGE,VERIFIED_REGULAR_SEASON_APPEARANCE
MLBAM:571602,571602,デビッドソン,Matt Davidson,Matt Davidson,2018,MLB,R,126,496,https://statsapi.mlb.com/api/v1/people/571602/stats?stats=yearByYear&group=hitting&sportIds=1,2026-08-18,e834694f865ba524a3742cb19c82a37fd9166d41ca04f2c88dd42968c5476069,CURATED_MLB_BRIDGE,VERIFIED_REGULAR_SEASON_APPEARANCE
MLBAM:571602,571602,デビッドソン,Matt Davidson,Matt Davidson,2020,MLB,R,22,47,https://statsapi.mlb.com/api/v1/people/571602/stats?stats=yearByYear&group=hitting&sportIds=1,2026-08-18,e834694f865ba524a3742cb19c82a37fd9166d41ca04f2c88dd42968c5476069,CURATED_MLB_BRIDGE,VERIFIED_REGULAR_SEASON_APPEARANCE
MLBAM:571602,571602,デビッドソン,Matt Davidson,Matt Davidson,2022,MLB,R,26,74,https://statsapi.mlb.com/api/v1/people/571602/stats?stats=yearByYear&group=hitting&sportIds=1,2026-08-18,e834694f865ba524a3742cb19c82a37fd9166d41ca04f2c88dd42968c5476069,CURATED_MLB_BRIDGE,VERIFIED_REGULAR_SEASON_APPEARANCE
MLBAM:572228,572228,ボイト,Luke Voit,Luke Voit,2017,MLB,R,62,124,https://statsapi.mlb.com/api/v1/people/572228/stats?stats=yearByYear&group=hitting&sportIds=1,2026-08-18,b9d37c027b2ef295bd013e6728e486c2a0d339f7d0aeda513f7a070bdcc891ef,CURATED_MLB_BRIDGE,VERIFIED_REGULAR_SEASON_APPEARANCE
MLBAM:572228,572228,ボイト,Luke Voit,Luke Voit,2018,MLB,R,94,322,https://statsapi.mlb.com/api/v1/people/572228/stats?stats=yearByYear&group=hitting&sportIds=1,2026-08-18,b9d37c027b2ef295bd013e6728e486c2a0d339f7d0aeda513f7a070bdcc891ef,CURATED_MLB_BRIDGE,VERIFIED_REGULAR_SEASON_APPEARANCE
MLBAM:572228,572228,ボイト,Luke Voit,Luke Voit,2019,MLB,R,118,510,https://statsapi.mlb.com/api/v1/people/572228/stats?stats=yearByYear&group=hitting&sportIds=1,2026-08-18,b9d37c027b2ef295bd013e6728e486c2a0d339f7d0aeda513f7a070bdcc891ef,CURATED_MLB_BRIDGE,VERIFIED_REGULAR_SEASON_APPEARANCE
MLBAM:572228,572228,ボイト,Luke Voit,Luke Voit,2020,MLB,R,56,234,https://statsapi.mlb.com/api/v1/people/572228/stats?stats=yearByYear&group=hitting&sportIds=1,2026-08-18,b9d37c027b2ef295bd013e6728e486c2a0d339f7d0aeda513f7a070bdcc891ef,CURATED_MLB_BRIDGE,VERIFIED_REGULAR_SEASON_APPEARANCE
MLBAM:572228,572228,ボイト,Luke Voit,Luke Voit,2021,MLB,R,68,241,https://statsapi.mlb.com/api/v1/people/572228/stats?stats=yearByYear&group=hitting&sportIds=1,2026-08-18,b9d37c027b2ef295bd013e6728e486c2a0d339f7d0aeda513f7a070bdcc891ef,CURATED_MLB_BRIDGE,VERIFIED_REGULAR_SEASON_APPEARANCE
MLBAM:572228,572228,ボイト,Luke Voit,Luke Voit,2022,MLB,R,270,1136,https://statsapi.mlb.com/api/v1/people/572228/stats?stats=yearByYear&group=hitting&sportIds=1,2026-08-18,b9d37c027b2ef295bd013e6728e486c2a0d339f7d0aeda513f7a070bdcc891ef,CURATED_MLB_BRIDGE,VERIFIED_REGULAR_SEASON_APPEARANCE
MLBAM:572228,572228,ボイト,Luke Voit,Luke Voit,2023,MLB,R,22,74,https://statsapi.mlb.com/api/v1/people/572228/stats?stats=yearByYear&group=hitting&sportIds=1,2026-08-18,b9d37c027b2ef295bd013e6728e486c2a0d339f7d0aeda513f7a070bdcc891ef,CURATED_MLB_BRIDGE,VERIFIED_REGULAR_SEASON_APPEARANCE
MLBAM:588751,588751,エチェバリア,Adeiny Hechavarria,Adeiny Hechavarría,2012,MLB,R,41,137,https://statsapi.mlb.com/api/v1/people/588751/stats?stats=yearByYear&group=hitting&sportIds=1,2026-08-18,b49f0d6ee3a5fdfc0437dffbaac339dec8f346a34598db4551a90f0d77ee32dc,CURATED_MLB_BRIDGE,VERIFIED_REGULAR_SEASON_APPEARANCE
MLBAM:588751,588751,エチェバリア,Adeiny Hechavarria,Adeiny Hechavarría,2013,MLB,R,148,578,https://statsapi.mlb.com/api/v1/people/588751/stats?stats=yearByYear&group=hitting&sportIds=1,2026-08-18,b49f0d6ee3a5fdfc0437dffbaac339dec8f346a34598db4551a90f0d77ee32dc,CURATED_MLB_BRIDGE,VERIFIED_REGULAR_SEASON_APPEARANCE
MLBAM:588751,588751,エチェバリア,Adeiny Hechavarria,Adeiny Hechavarría,2014,MLB,R,146,574,https://statsapi.mlb.com/api/v1/people/588751/stats?stats=yearByYear&group=hitting&sportIds=1,2026-08-18,b49f0d6ee3a5fdfc0437dffbaac339dec8f346a34598db4551a90f0d77ee32dc,CURATED_MLB_BRIDGE,VERIFIED_REGULAR_SEASON_APPEARANCE
MLBAM:588751,588751,エチェバリア,Adeiny Hechavarria,Adeiny Hechavarría,2015,MLB,R,130,499,https://statsapi.mlb.com/api/v1/people/588751/stats?stats=yearByYear&group=hitting&sportIds=1,2026-08-18,b49f0d6ee3a5fdfc0437dffbaac339dec8f346a34598db4551a90f0d77ee32dc,CURATED_MLB_BRIDGE,VERIFIED_REGULAR_SEASON_APPEARANCE
MLBAM:588751,588751,エチェバリア,Adeiny Hechavarria,Adeiny Hechavarría,2016,MLB,R,155,547,https://statsapi.mlb.com/api/v1/people/588751/stats?stats=yearByYear&group=hitting&sportIds=1,2026-08-18,b49f0d6ee3a5fdfc0437dffbaac339dec8f346a34598db4551a90f0d77ee32dc,CURATED_MLB_BRIDGE,VERIFIED_REGULAR_SEASON_APPEARANCE
MLBAM:588751,588751,エチェバリア,Adeiny Hechavarria,Adeiny Hechavarría,2017,MLB,R,194,696,https://statsapi.mlb.com/api/v1/people/588751/stats?stats=yearByYear&group=hitting&sportIds=1,2026-08-18,b49f0d6ee3a5fdfc0437dffbaac339dec8f346a34598db4551a90f0d77ee32dc,CURATED_MLB_BRIDGE,VERIFIED_REGULAR_SEASON_APPEARANCE
MLBAM:588751,588751,エチェバリア,Adeiny Hechavarria,Adeiny Hechavarría,2018,MLB,R,188,642,https://statsapi.mlb.com/api/v1/people/588751/stats?stats=yearByYear&group=hitting&sportIds=1,2026-08-18,b49f0d6ee3a5fdfc0437dffbaac339dec8f346a34598db4551a90f0d77ee32dc,CURATED_MLB_BRIDGE,VERIFIED_REGULAR_SEASON_APPEARANCE
MLBAM:588751,588751,エチェバリア,Adeiny Hechavarria,Adeiny Hechavarría,2019,MLB,R,168,442,https://statsapi.mlb.com/api/v1/people/588751/stats?stats=yearByYear&group=hitting&sportIds=1,2026-08-18,b49f0d6ee3a5fdfc0437dffbaac339dec8f346a34598db4551a90f0d77ee32dc,CURATED_MLB_BRIDGE,VERIFIED_REGULAR_SEASON_APPEARANCE
MLBAM:588751,588751,エチェバリア,Adeiny Hechavarria,Adeiny Hechavarría,2020,MLB,R,27,63,https://statsapi.mlb.com/api/v1/people/588751/stats?stats=yearByYear&group=hitting&sportIds=1,2026-08-18,b49f0d6ee3a5fdfc0437dffbaac339dec8f346a34598db4551a90f0d77ee32dc,CURATED_MLB_BRIDGE,VERIFIED_REGULAR_SEASON_APPEARANCE
MLBAM:591971,591971,バレラ,Breyvic Valera,Breyvic Valera,2017,MLB,R,5,11,https://statsapi.mlb.com/api/v1/people/591971/stats?stats=yearByYear&group=hitting&sportIds=1,2026-08-18,e47dad032088e91216f209d9cb47acaf650869ea005617351c17c9d038288fad,CURATED_MLB_BRIDGE,VERIFIED_REGULAR_SEASON_APPEARANCE
MLBAM:591971,591971,バレラ,Breyvic Valera,Breyvic Valera,2018,MLB,R,64,150,https://statsapi.mlb.com/api/v1/people/591971/stats?stats=yearByYear&group=hitting&sportIds=1,2026-08-18,e47dad032088e91216f209d9cb47acaf650869ea005617351c17c9d038288fad,CURATED_MLB_BRIDGE,VERIFIED_REGULAR_SEASON_APPEARANCE
MLBAM:591971,591971,バレラ,Breyvic Valera,Breyvic Valera,2019,MLB,R,34,104,https://statsapi.mlb.com/api/v1/people/591971/stats?stats=yearByYear&group=hitting&sportIds=1,2026-08-18,e47dad032088e91216f209d9cb47acaf650869ea005617351c17c9d038288fad,CURATED_MLB_BRIDGE,VERIFIED_REGULAR_SEASON_APPEARANCE
MLBAM:591971,591971,バレラ,Breyvic Valera,Breyvic Valera,2021,MLB,R,39,97,https://statsapi.mlb.com/api/v1/people/591971/stats?stats=yearByYear&group=hitting&sportIds=1,2026-08-18,e47dad032088e91216f209d9cb47acaf650869ea005617351c17c9d038288fad,CURATED_MLB_BRIDGE,VERIFIED_REGULAR_SEASON_APPEARANCE
MLBAM:592530,592530,マルモレホス,Jose Marmolejos,José Marmolejos,2020,MLB,R,35,115,https://statsapi.mlb.com/api/v1/people/592530/stats?stats=yearByYear&group=hitting&sportIds=1,2026-08-18,9e209c98e785c824e66f91ca368a28e4ba37070ca44db93a060199937c6717c8,CURATED_MLB_BRIDGE,VERIFIED_REGULAR_SEASON_APPEARANCE
MLBAM:592530,592530,マルモレホス,Jose Marmolejos,José Marmolejos,2021,MLB,R,41,122,https://statsapi.mlb.com/api/v1/people/592530/stats?stats=yearByYear&group=hitting&sportIds=1,2026-08-18,9e209c98e785c824e66f91ca368a28e4ba37070ca44db93a060199937c6717c8,CURATED_MLB_BRIDGE,VERIFIED_REGULAR_SEASON_APPEARANCE
MLBAM:592622,592622,ペイトン,Mark Payton,Mark Payton,2020,MLB,R,8,20,https://statsapi.mlb.com/api/v1/people/592622/stats?stats=yearByYear&group=hitting&sportIds=1,2026-08-18,ec0805fc16e5eab3a7e63f712e7919353a1433f516f1997dbebe2323da22eb69,CURATED_MLB_BRIDGE,VERIFIED_REGULAR_SEASON_APPEARANCE
MLBAM:592622,592622,ペイトン,Mark Payton,Mark Payton,2021,MLB,R,24,24,https://statsapi.mlb.com/api/v1/people/592622/stats?stats=yearByYear&group=hitting&sportIds=1,2026-08-18,ec0805fc16e5eab3a7e63f712e7919353a1433f516f1997dbebe2323da22eb69,CURATED_MLB_BRIDGE,VERIFIED_REGULAR_SEASON_APPEARANCE
MLBAM:592622,592622,ペイトン,Mark Payton,Mark Payton,2022,MLB,R,8,25,https://statsapi.mlb.com/api/v1/people/592622/stats?stats=yearByYear&group=hitting&sportIds=1,2026-08-18,ec0805fc16e5eab3a7e63f712e7919353a1433f516f1997dbebe2323da22eb69,CURATED_MLB_BRIDGE,VERIFIED_REGULAR_SEASON_APPEARANCE
MLBAM:592660,592660,ラベロ,Rangel Ravelo,Rangel Ravelo,2019,MLB,R,29,43,https://statsapi.mlb.com/api/v1/people/592660/stats?stats=yearByYear&group=hitting&sportIds=1,2026-08-18,25a3c17fa5619c9184f0bc4b66107077b4d40c285ca7434bd66887e6e41b1988,CURATED_MLB_BRIDGE,VERIFIED_REGULAR_SEASON_APPEARANCE
MLBAM:592660,592660,ラベロ,Rangel Ravelo,Rangel Ravelo,2020,MLB,R,13,41,https://statsapi.mlb.com/api/v1/people/592660/stats?stats=yearByYear&group=hitting&sportIds=1,2026-08-18,25a3c17fa5619c9184f0bc4b66107077b4d40c285ca7434bd66887e6e41b1988,CURATED_MLB_BRIDGE,VERIFIED_REGULAR_SEASON_APPEARANCE
MLBAM:593525,593525,カリステ,Orlando Calixte,Orlando Calixte,2015,MLB,R,2,3,https://statsapi.mlb.com/api/v1/people/593525/stats?stats=yearByYear&group=hitting&sportIds=1,2026-08-18,ed1d7554bfd0ef96ba32f3383f98aae97be8aa61c0ddfa16575cfa769f14c0ef,CURATED_MLB_BRIDGE,VERIFIED_REGULAR_SEASON_APPEARANCE
MLBAM:593525,593525,カリステ,Orlando Calixte,Orlando Calixte,2017,MLB,R,29,55,https://statsapi.mlb.com/api/v1/people/593525/stats?stats=yearByYear&group=hitting&sportIds=1,2026-08-18,ed1d7554bfd0ef96ba32f3383f98aae97be8aa61c0ddfa16575cfa769f14c0ef,CURATED_MLB_BRIDGE,VERIFIED_REGULAR_SEASON_APPEARANCE
MLBAM:593700,593700,ハンソン,Alen Hanson,Alen Hanson,2016,MLB,R,27,33,https://statsapi.mlb.com/api/v1/people/593700/stats?stats=yearByYear&group=hitting&sportIds=1,2026-08-18,985fb2e546d733fe0774f05ea6fbe3cd6344a9584935efa74210ef32d0d18744,CURATED_MLB_BRIDGE,VERIFIED_REGULAR_SEASON_APPEARANCE
MLBAM:593700,593700,ハンソン,Alen Hanson,Alen Hanson,2017,MLB,R,212,468,https://statsapi.mlb.com/api/v1/people/593700/stats?stats=yearByYear&group=hitting&sportIds=1,2026-08-18,985fb2e546d733fe0774f05ea6fbe3cd6344a9584935efa74210ef32d0d18744,CURATED_MLB_BRIDGE,VERIFIED_REGULAR_SEASON_APPEARANCE
MLBAM:593700,593700,ハンソン,Alen Hanson,Alen Hanson,2018,MLB,R,110,310,https://statsapi.mlb.com/api/v1/people/593700/stats?stats=yearByYear&group=hitting&sportIds=1,2026-08-18,985fb2e546d733fe0774f05ea6fbe3cd6344a9584935efa74210ef32d0d18744,CURATED_MLB_BRIDGE,VERIFIED_REGULAR_SEASON_APPEARANCE
MLBAM:593700,593700,ハンソン,Alen Hanson,Alen Hanson,2019,MLB,R,18,48,https://statsapi.mlb.com/api/v1/people/593700/stats?stats=yearByYear&group=hitting&sportIds=1,2026-08-18,985fb2e546d733fe0774f05ea6fbe3cd6344a9584935efa74210ef32d0d18744,CURATED_MLB_BRIDGE,VERIFIED_REGULAR_SEASON_APPEARANCE
MLBAM:593934,593934,サノー,Miguel Sano,Miguel Sanó,2015,MLB,R,80,335,https://statsapi.mlb.com/api/v1/people/593934/stats?stats=yearByYear&group=hitting&sportIds=1,2026-08-18,fdd82c4e04abb432ec23c2aeeb42fa8f0e6220cdb270f1eec0556b4a2053a8f6,CURATED_MLB_BRIDGE,VERIFIED_REGULAR_SEASON_APPEARANCE
MLBAM:593934,593934,サノー,Miguel Sano,Miguel Sanó,2016,MLB,R,116,495,https://statsapi.mlb.com/api/v1/people/593934/stats?stats=yearByYear&group=hitting&sportIds=1,2026-08-18,fdd82c4e04abb432ec23c2aeeb42fa8f0e6220cdb270f1eec0556b4a2053a8f6,CURATED_MLB_BRIDGE,VERIFIED_REGULAR_SEASON_APPEARANCE
MLBAM:593934,593934,サノー,Miguel Sano,Miguel Sanó,2017,MLB,R,114,483,https://statsapi.mlb.com/api/v1/people/593934/stats?stats=yearByYear&group=hitting&sportIds=1,2026-08-18,fdd82c4e04abb432ec23c2aeeb42fa8f0e6220cdb270f1eec0556b4a2053a8f6,CURATED_MLB_BRIDGE,VERIFIED_REGULAR_SEASON_APPEARANCE
MLBAM:593934,593934,サノー,Miguel Sano,Miguel Sanó,2018,MLB,R,71,299,https://statsapi.mlb.com/api/v1/people/593934/stats?stats=yearByYear&group=hitting&sportIds=1,2026-08-18,fdd82c4e04abb432ec23c2aeeb42fa8f0e6220cdb270f1eec0556b4a2053a8f6,CURATED_MLB_BRIDGE,VERIFIED_REGULAR_SEASON_APPEARANCE
MLBAM:593934,593934,サノー,Miguel Sano,Miguel Sanó,2019,MLB,R,105,439,https://statsapi.mlb.com/api/v1/people/593934/stats?stats=yearByYear&group=hitting&sportIds=1,2026-08-18,fdd82c4e04abb432ec23c2aeeb42fa8f0e6220cdb270f1eec0556b4a2053a8f6,CURATED_MLB_BRIDGE,VERIFIED_REGULAR_SEASON_APPEARANCE
MLBAM:593934,593934,サノー,Miguel Sano,Miguel Sanó,2020,MLB,R,53,205,https://statsapi.mlb.com/api/v1/people/593934/stats?stats=yearByYear&group=hitting&sportIds=1,2026-08-18,fdd82c4e04abb432ec23c2aeeb42fa8f0e6220cdb270f1eec0556b4a2053a8f6,CURATED_MLB_BRIDGE,VERIFIED_REGULAR_SEASON_APPEARANCE
MLBAM:593934,593934,サノー,Miguel Sano,Miguel Sanó,2021,MLB,R,135,532,https://statsapi.mlb.com/api/v1/people/593934/stats?stats=yearByYear&group=hitting&sportIds=1,2026-08-18,fdd82c4e04abb432ec23c2aeeb42fa8f0e6220cdb270f1eec0556b4a2053a8f6,CURATED_MLB_BRIDGE,VERIFIED_REGULAR_SEASON_APPEARANCE
MLBAM:593934,593934,サノー,Miguel Sano,Miguel Sanó,2022,MLB,R,20,71,https://statsapi.mlb.com/api/v1/people/593934/stats?stats=yearByYear&group=hitting&sportIds=1,2026-08-18,fdd82c4e04abb432ec23c2aeeb42fa8f0e6220cdb270f1eec0556b4a2053a8f6,CURATED_MLB_BRIDGE,VERIFIED_REGULAR_SEASON_APPEARANCE
MLBAM:593934,593934,サノー,Miguel Sano,Miguel Sanó,2024,MLB,R,28,95,https://statsapi.mlb.com/api/v1/people/593934/stats?stats=yearByYear&group=hitting&sportIds=1,2026-08-18,fdd82c4e04abb432ec23c2aeeb42fa8f0e6220cdb270f1eec0556b4a2053a8f6,CURATED_MLB_BRIDGE,VERIFIED_REGULAR_SEASON_APPEARANCE
MLBAM:595981,595981,ハイネマン,Scott Heineman,Scott Heineman,2019,MLB,R,25,85,https://statsapi.mlb.com/api/v1/people/595981/stats?stats=yearByYear&group=hitting&sportIds=1,2026-08-18,2de039459f8eaa0c973117fda446a72667c947c061549280bcc6c3966726549c,CURATED_MLB_BRIDGE,VERIFIED_REGULAR_SEASON_APPEARANCE
MLBAM:595981,595981,ハイネマン,Scott Heineman,Scott Heineman,2020,MLB,R,24,54,https://statsapi.mlb.com/api/v1/people/595981/stats?stats=yearByYear&group=hitting&sportIds=1,2026-08-18,2de039459f8eaa0c973117fda446a72667c947c061549280bcc6c3966726549c,CURATED_MLB_BRIDGE,VERIFIED_REGULAR_SEASON_APPEARANCE
MLBAM:595981,595981,ハイネマン,Scott Heineman,Scott Heineman,2021,MLB,R,19,34,https://statsapi.mlb.com/api/v1/people/595981/stats?stats=yearByYear&group=hitting&sportIds=1,2026-08-18,2de039459f8eaa0c973117fda446a72667c947c061549280bcc6c3966726549c,CURATED_MLB_BRIDGE,VERIFIED_REGULAR_SEASON_APPEARANCE
MLBAM:596748,596748,フランコ,Maikel Franco,Maikel Franco,2014,MLB,R,16,58,https://statsapi.mlb.com/api/v1/people/596748/stats?stats=yearByYear&group=hitting&sportIds=1,2026-08-18,bd94997cbc11bb469d58f94d1659e604a3314aec15e32b302b2342fc0114029b,CURATED_MLB_BRIDGE,VERIFIED_REGULAR_SEASON_APPEARANCE
MLBAM:596748,596748,フランコ,Maikel Franco,Maikel Franco,2015,MLB,R,80,335,https://statsapi.mlb.com/api/v1/people/596748/stats?stats=yearByYear&group=hitting&sportIds=1,2026-08-18,bd94997cbc11bb469d58f94d1659e604a3314aec15e32b302b2342fc0114029b,CURATED_MLB_BRIDGE,VERIFIED_REGULAR_SEASON_APPEARANCE
MLBAM:596748,596748,フランコ,Maikel Franco,Maikel Franco,2016,MLB,R,152,630,https://statsapi.mlb.com/api/v1/people/596748/stats?stats=yearByYear&group=hitting&sportIds=1,2026-08-18,bd94997cbc11bb469d58f94d1659e604a3314aec15e32b302b2342fc0114029b,CURATED_MLB_BRIDGE,VERIFIED_REGULAR_SEASON_APPEARANCE
MLBAM:596748,596748,フランコ,Maikel Franco,Maikel Franco,2017,MLB,R,154,623,https://statsapi.mlb.com/api/v1/people/596748/stats?stats=yearByYear&group=hitting&sportIds=1,2026-08-18,bd94997cbc11bb469d58f94d1659e604a3314aec15e32b302b2342fc0114029b,CURATED_MLB_BRIDGE,VERIFIED_REGULAR_SEASON_APPEARANCE
MLBAM:596748,596748,フランコ,Maikel Franco,Maikel Franco,2018,MLB,R,131,465,https://statsapi.mlb.com/api/v1/people/596748/stats?stats=yearByYear&group=hitting&sportIds=1,2026-08-18,bd94997cbc11bb469d58f94d1659e604a3314aec15e32b302b2342fc0114029b,CURATED_MLB_BRIDGE,VERIFIED_REGULAR_SEASON_APPEARANCE
MLBAM:596748,596748,フランコ,Maikel Franco,Maikel Franco,2019,MLB,R,123,428,https://statsapi.mlb.com/api/v1/people/596748/stats?stats=yearByYear&group=hitting&sportIds=1,2026-08-18,bd94997cbc11bb469d58f94d1659e604a3314aec15e32b302b2342fc0114029b,CURATED_MLB_BRIDGE,VERIFIED_REGULAR_SEASON_APPEARANCE
MLBAM:596748,596748,フランコ,Maikel Franco,Maikel Franco,2020,MLB,R,60,243,https://statsapi.mlb.com/api/v1/people/596748/stats?stats=yearByYear&group=hitting&sportIds=1,2026-08-18,bd94997cbc11bb469d58f94d1659e604a3314aec15e32b302b2342fc0114029b,CURATED_MLB_BRIDGE,VERIFIED_REGULAR_SEASON_APPEARANCE
MLBAM:596748,596748,フランコ,Maikel Franco,Maikel Franco,2021,MLB,R,104,403,https://statsapi.mlb.com/api/v1/people/596748/stats?stats=yearByYear&group=hitting&sportIds=1,2026-08-18,bd94997cbc11bb469d58f94d1659e604a3314aec15e32b302b2342fc0114029b,CURATED_MLB_BRIDGE,VERIFIED_REGULAR_SEASON_APPEARANCE
MLBAM:596748,596748,フランコ,Maikel Franco,Maikel Franco,2022,MLB,R,103,388,https://statsapi.mlb.com/api/v1/people/596748/stats?stats=yearByYear&group=hitting&sportIds=1,2026-08-18,bd94997cbc11bb469d58f94d1659e604a3314aec15e32b302b2342fc0114029b,CURATED_MLB_BRIDGE,VERIFIED_REGULAR_SEASON_APPEARANCE
MLBAM:600524,600524,ヌニエス,Renato Nunez,Renato Núñez,2016,MLB,R,9,15,https://statsapi.mlb.com/api/v1/people/600524/stats?stats=yearByYear&group=hitting&sportIds=1,2026-08-18,c117386babdf22d56453c4fb96548ba92da8c2a5c6634f7e6dbf2a9bfd5949dc,CURATED_MLB_BRIDGE,VERIFIED_REGULAR_SEASON_APPEARANCE
MLBAM:600524,600524,ヌニエス,Renato Nunez,Renato Núñez,2017,MLB,R,8,16,https://statsapi.mlb.com/api/v1/people/600524/stats?stats=yearByYear&group=hitting&sportIds=1,2026-08-18,c117386babdf22d56453c4fb96548ba92da8c2a5c6634f7e6dbf2a9bfd5949dc,CURATED_MLB_BRIDGE,VERIFIED_REGULAR_SEASON_APPEARANCE
MLBAM:600524,600524,ヌニエス,Renato Nunez,Renato Núñez,2018,MLB,R,146,522,https://statsapi.mlb.com/api/v1/people/600524/stats?stats=yearByYear&group=hitting&sportIds=1,2026-08-18,c117386babdf22d56453c4fb96548ba92da8c2a5c6634f7e6dbf2a9bfd5949dc,CURATED_MLB_BRIDGE,VERIFIED_REGULAR_SEASON_APPEARANCE
MLBAM:600524,600524,ヌニエス,Renato Nunez,Renato Núñez,2019,MLB,R,151,599,https://statsapi.mlb.com/api/v1/people/600524/stats?stats=yearByYear&group=hitting&sportIds=1,2026-08-18,c117386babdf22d56453c4fb96548ba92da8c2a5c6634f7e6dbf2a9bfd5949dc,CURATED_MLB_BRIDGE,VERIFIED_REGULAR_SEASON_APPEARANCE
MLBAM:600524,600524,ヌニエス,Renato Nunez,Renato Núñez,2020,MLB,R,52,216,https://statsapi.mlb.com/api/v1/people/600524/stats?stats=yearByYear&group=hitting&sportIds=1,2026-08-18,c117386babdf22d56453c4fb96548ba92da8c2a5c6634f7e6dbf2a9bfd5949dc,CURATED_MLB_BRIDGE,VERIFIED_REGULAR_SEASON_APPEARANCE
MLBAM:600524,600524,ヌニエス,Renato Nunez,Renato Núñez,2021,MLB,R,14,55,https://statsapi.mlb.com/api/v1/people/600524/stats?stats=yearByYear&group=hitting&sportIds=1,2026-08-18,c117386babdf22d56453c4fb96548ba92da8c2a5c6634f7e6dbf2a9bfd5949dc,CURATED_MLB_BRIDGE,VERIFIED_REGULAR_SEASON_APPEARANCE
MLBAM:605486,605486,スパンジェンバーグ,Cory Spangenberg,Cory Spangenberg,2014,MLB,R,20,65,https://statsapi.mlb.com/api/v1/people/605486/stats?stats=yearByYear&group=hitting&sportIds=1,2026-08-18,31c352ca912cc46ef75b1843f3b44b88b1c85587966750a69945598837941032,CURATED_MLB_BRIDGE,VERIFIED_REGULAR_SEASON_APPEARANCE
MLBAM:605486,605486,スパンジェンバーグ,Cory Spangenberg,Cory Spangenberg,2015,MLB,R,108,345,https://statsapi.mlb.com/api/v1/people/605486/stats?stats=yearByYear&group=hitting&sportIds=1,2026-08-18,31c352ca912cc46ef75b1843f3b44b88b1c85587966750a69945598837941032,CURATED_MLB_BRIDGE,VERIFIED_REGULAR_SEASON_APPEARANCE
MLBAM:605486,605486,スパンジェンバーグ,Cory Spangenberg,Cory Spangenberg,2016,MLB,R,14,53,https://statsapi.mlb.com/api/v1/people/605486/stats?stats=yearByYear&group=hitting&sportIds=1,2026-08-18,31c352ca912cc46ef75b1843f3b44b88b1c85587966750a69945598837941032,CURATED_MLB_BRIDGE,VERIFIED_REGULAR_SEASON_APPEARANCE
MLBAM:605486,605486,スパンジェンバーグ,Cory Spangenberg,Cory Spangenberg,2017,MLB,R,129,486,https://statsapi.mlb.com/api/v1/people/605486/stats?stats=yearByYear&group=hitting&sportIds=1,2026-08-18,31c352ca912cc46ef75b1843f3b44b88b1c85587966750a69945598837941032,CURATED_MLB_BRIDGE,VERIFIED_REGULAR_SEASON_APPEARANCE
MLBAM:605486,605486,スパンジェンバーグ,Cory Spangenberg,Cory Spangenberg,2018,MLB,R,116,329,https://statsapi.mlb.com/api/v1/people/605486/stats?stats=yearByYear&group=hitting&sportIds=1,2026-08-18,31c352ca912cc46ef75b1843f3b44b88b1c85587966750a69945598837941032,CURATED_MLB_BRIDGE,VERIFIED_REGULAR_SEASON_APPEARANCE
MLBAM:605486,605486,スパンジェンバーグ,Cory Spangenberg,Cory Spangenberg,2019,MLB,R,32,102,https://statsapi.mlb.com/api/v1/people/605486/stats?stats=yearByYear&group=hitting&sportIds=1,2026-08-18,31c352ca912cc46ef75b1843f3b44b88b1c85587966750a69945598837941032,CURATED_MLB_BRIDGE,VERIFIED_REGULAR_SEASON_APPEARANCE
MLBAM:605486,605486,スパンジェンバーグ,Cory Spangenberg,Cory Spangenberg,2022,MLB,R,1,0,https://statsapi.mlb.com/api/v1/people/605486/stats?stats=yearByYear&group=hitting&sportIds=1,2026-08-18,31c352ca912cc46ef75b1843f3b44b88b1c85587966750a69945598837941032,CURATED_MLB_BRIDGE,VERIFIED_REGULAR_SEASON_APPEARANCE
MLBAM:606157,606157,アキーノ,Aristides Aquino,Aristides Aquino,2018,MLB,R,1,1,https://statsapi.mlb.com/api/v1/people/606157/stats?stats=yearByYear&group=hitting&sportIds=1,2026-08-18,512007c54852bad32969fbbd0e47347bed2cd4a581c81b39a16810f579fa03ff,CURATED_MLB_BRIDGE,VERIFIED_REGULAR_SEASON_APPEARANCE
MLBAM:606157,606157,アキーノ,Aristides Aquino,Aristides Aquino,2019,MLB,R,56,225,https://statsapi.mlb.com/api/v1/people/606157/stats?stats=yearByYear&group=hitting&sportIds=1,2026-08-18,512007c54852bad32969fbbd0e47347bed2cd4a581c81b39a16810f579fa03ff,CURATED_MLB_BRIDGE,VERIFIED_REGULAR_SEASON_APPEARANCE
MLBAM:606157,606157,アキーノ,Aristides Aquino,Aristides Aquino,2020,MLB,R,23,56,https://statsapi.mlb.com/api/v1/people/606157/stats?stats=yearByYear&group=hitting&sportIds=1,2026-08-18,512007c54852bad32969fbbd0e47347bed2cd4a581c81b39a16810f579fa03ff,CURATED_MLB_BRIDGE,VERIFIED_REGULAR_SEASON_APPEARANCE
MLBAM:606157,606157,アキーノ,Aristides Aquino,Aristides Aquino,2021,MLB,R,84,204,https://statsapi.mlb.com/api/v1/people/606157/stats?stats=yearByYear&group=hitting&sportIds=1,2026-08-18,512007c54852bad32969fbbd0e47347bed2cd4a581c81b39a16810f579fa03ff,CURATED_MLB_BRIDGE,VERIFIED_REGULAR_SEASON_APPEARANCE
MLBAM:606157,606157,アキーノ,Aristides Aquino,Aristides Aquino,2022,MLB,R,80,276,https://statsapi.mlb.com/api/v1/people/606157/stats?stats=yearByYear&group=hitting&sportIds=1,2026-08-18,512007c54852bad32969fbbd0e47347bed2cd4a581c81b39a16810f579fa03ff,CURATED_MLB_BRIDGE,VERIFIED_REGULAR_SEASON_APPEARANCE
MLBAM:608703,608703,レイノルズ,Matt Reynolds,Matt Reynolds,2016,MLB,R,47,96,https://statsapi.mlb.com/api/v1/people/608703/stats?stats=yearByYear&group=hitting&sportIds=1,2026-08-18,624947f05d8264835e3bf67648d8b74928b38ab6f54b60bfae3985d6ab99ea6a,CURATED_MLB_BRIDGE,VERIFIED_REGULAR_SEASON_APPEARANCE
MLBAM:608703,608703,レイノルズ,Matt Reynolds,Matt Reynolds,2017,MLB,R,68,130,https://statsapi.mlb.com/api/v1/people/608703/stats?stats=yearByYear&group=hitting&sportIds=1,2026-08-18,624947f05d8264835e3bf67648d8b74928b38ab6f54b60bfae3985d6ab99ea6a,CURATED_MLB_BRIDGE,VERIFIED_REGULAR_SEASON_APPEARANCE
MLBAM:608703,608703,レイノルズ,Matt Reynolds,Matt Reynolds,2018,MLB,R,12,14,https://statsapi.mlb.com/api/v1/people/608703/stats?stats=yearByYear&group=hitting&sportIds=1,2026-08-18,624947f05d8264835e3bf67648d8b74928b38ab6f54b60bfae3985d6ab99ea6a,CURATED_MLB_BRIDGE,VERIFIED_REGULAR_SEASON_APPEARANCE
MLBAM:608703,608703,レイノルズ,Matt Reynolds,Matt Reynolds,2020,MLB,R,3,11,https://statsapi.mlb.com/api/v1/people/608703/stats?stats=yearByYear&group=hitting&sportIds=1,2026-08-18,624947f05d8264835e3bf67648d8b74928b38ab6f54b60bfae3985d6ab99ea6a,CURATED_MLB_BRIDGE,VERIFIED_REGULAR_SEASON_APPEARANCE
MLBAM:608703,608703,レイノルズ,Matt Reynolds,Matt Reynolds,2022,MLB,R,186,544,https://statsapi.mlb.com/api/v1/people/608703/stats?stats=yearByYear&group=hitting&sportIds=1,2026-08-18,624947f05d8264835e3bf67648d8b74928b38ab6f54b60bfae3985d6ab99ea6a,CURATED_MLB_BRIDGE,VERIFIED_REGULAR_SEASON_APPEARANCE
MLBAM:608703,608703,レイノルズ,Matt Reynolds,Matt Reynolds,2023,MLB,R,2,5,https://statsapi.mlb.com/api/v1/people/608703/stats?stats=yearByYear&group=hitting&sportIds=1,2026-08-18,624947f05d8264835e3bf67648d8b74928b38ab6f54b60bfae3985d6ab99ea6a,CURATED_MLB_BRIDGE,VERIFIED_REGULAR_SEASON_APPEARANCE
MLBAM:613564,613564,ボスラー,Jason Vosler,Jason Vosler,2021,MLB,R,41,82,https://statsapi.mlb.com/api/v1/people/613564/stats?stats=yearByYear&group=hitting&sportIds=1,2026-08-18,ea8b9b71e3d0026f05115e7edc3d4cbdbacd443fb829c4fad198182379b2b85e,CURATED_MLB_BRIDGE,VERIFIED_REGULAR_SEASON_APPEARANCE
MLBAM:613564,613564,ボスラー,Jason Vosler,Jason Vosler,2022,MLB,R,36,111,https://statsapi.mlb.com/api/v1/people/613564/stats?stats=yearByYear&group=hitting&sportIds=1,2026-08-18,ea8b9b71e3d0026f05115e7edc3d4cbdbacd443fb829c4fad198182379b2b85e,CURATED_MLB_BRIDGE,VERIFIED_REGULAR_SEASON_APPEARANCE
MLBAM:613564,613564,ボスラー,Jason Vosler,Jason Vosler,2023,MLB,R,20,65,https://statsapi.mlb.com/api/v1/people/613564/stats?stats=yearByYear&group=hitting&sportIds=1,2026-08-18,ea8b9b71e3d0026f05115e7edc3d4cbdbacd443fb829c4fad198182379b2b85e,CURATED_MLB_BRIDGE,VERIFIED_REGULAR_SEASON_APPEARANCE
MLBAM:613564,613564,ボスラー,Jason Vosler,Jason Vosler,2024,MLB,R,10,30,https://statsapi.mlb.com/api/v1/people/613564/stats?stats=yearByYear&group=hitting&sportIds=1,2026-08-18,ea8b9b71e3d0026f05115e7edc3d4cbdbacd443fb829c4fad198182379b2b85e,CURATED_MLB_BRIDGE,VERIFIED_REGULAR_SEASON_APPEARANCE
MLBAM:614173,614173,コルデロ,Franchy Cordero,Franchy Cordero,2017,MLB,R,30,99,https://statsapi.mlb.com/api/v1/people/614173/stats?stats=yearByYear&group=hitting&sportIds=1,2026-08-18,3ea922890911077dc7203be3aea4bb6331ac9f4e667a0208e2588a1805d0d75d,CURATED_MLB_BRIDGE,VERIFIED_REGULAR_SEASON_APPEARANCE
MLBAM:614173,614173,コルデロ,Franchy Cordero,Franchy Cordero,2018,MLB,R,40,154,https://statsapi.mlb.com/api/v1/people/614173/stats?stats=yearByYear&group=hitting&sportIds=1,2026-08-18,3ea922890911077dc7203be3aea4bb6331ac9f4e667a0208e2588a1805d0d75d,CURATED_MLB_BRIDGE,VERIFIED_REGULAR_SEASON_APPEARANCE
MLBAM:614173,614173,コルデロ,Franchy Cordero,Franchy Cordero,2019,MLB,R,9,20,https://statsapi.mlb.com/api/v1/people/614173/stats?stats=yearByYear&group=hitting&sportIds=1,2026-08-18,3ea922890911077dc7203be3aea4bb6331ac9f4e667a0208e2588a1805d0d75d,CURATED_MLB_BRIDGE,VERIFIED_REGULAR_SEASON_APPEARANCE
MLBAM:614173,614173,コルデロ,Franchy Cordero,Franchy Cordero,2020,MLB,R,16,42,https://statsapi.mlb.com/api/v1/people/614173/stats?stats=yearByYear&group=hitting&sportIds=1,2026-08-18,3ea922890911077dc7203be3aea4bb6331ac9f4e667a0208e2588a1805d0d75d,CURATED_MLB_BRIDGE,VERIFIED_REGULAR_SEASON_APPEARANCE
MLBAM:614173,614173,コルデロ,Franchy Cordero,Franchy Cordero,2021,MLB,R,48,136,https://statsapi.mlb.com/api/v1/people/614173/stats?stats=yearByYear&group=hitting&sportIds=1,2026-08-18,3ea922890911077dc7203be3aea4bb6331ac9f4e667a0208e2588a1805d0d75d,CURATED_MLB_BRIDGE,VERIFIED_REGULAR_SEASON_APPEARANCE
MLBAM:614173,614173,コルデロ,Franchy Cordero,Franchy Cordero,2022,MLB,R,84,275,https://statsapi.mlb.com/api/v1/people/614173/stats?stats=yearByYear&group=hitting&sportIds=1,2026-08-18,3ea922890911077dc7203be3aea4bb6331ac9f4e667a0208e2588a1805d0d75d,CURATED_MLB_BRIDGE,VERIFIED_REGULAR_SEASON_APPEARANCE
MLBAM:614173,614173,コルデロ,Franchy Cordero,Franchy Cordero,2023,MLB,R,24,71,https://statsapi.mlb.com/api/v1/people/614173/stats?stats=yearByYear&group=hitting&sportIds=1,2026-08-18,3ea922890911077dc7203be3aea4bb6331ac9f4e667a0208e2588a1805d0d75d,CURATED_MLB_BRIDGE,VERIFIED_REGULAR_SEASON_APPEARANCE
MLBAM:614177,614177,レイエス,Franmil Reyes,Franmil Reyes,2018,MLB,R,87,285,https://statsapi.mlb.com/api/v1/people/614177/stats?stats=yearByYear&group=hitting&sportIds=1,2026-08-18,0ddc03ff6469e002415d9437ef0341f7e7014cdb24be15190d74cb7c0a8e3467,CURATED_MLB_BRIDGE,VERIFIED_REGULAR_SEASON_APPEARANCE
MLBAM:614177,614177,レイエス,Franmil Reyes,Franmil Reyes,2019,MLB,R,300,1096,https://statsapi.mlb.com/api/v1/people/614177/stats?stats=yearByYear&group=hitting&sportIds=1,2026-08-18,0ddc03ff6469e002415d9437ef0341f7e7014cdb24be15190d74cb7c0a8e3467,CURATED_MLB_BRIDGE,VERIFIED_REGULAR_SEASON_APPEARANCE
MLBAM:614177,614177,レイエス,Franmil Reyes,Franmil Reyes,2020,MLB,R,59,241,https://statsapi.mlb.com/api/v1/people/614177/stats?stats=yearByYear&group=hitting&sportIds=1,2026-08-18,0ddc03ff6469e002415d9437ef0341f7e7014cdb24be15190d74cb7c0a8e3467,CURATED_MLB_BRIDGE,VERIFIED_REGULAR_SEASON_APPEARANCE
MLBAM:614177,614177,レイエス,Franmil Reyes,Franmil Reyes,2021,MLB,R,115,466,https://statsapi.mlb.com/api/v1/people/614177/stats?stats=yearByYear&group=hitting&sportIds=1,2026-08-18,0ddc03ff6469e002415d9437ef0341f7e7014cdb24be15190d74cb7c0a8e3467,CURATED_MLB_BRIDGE,VERIFIED_REGULAR_SEASON_APPEARANCE
MLBAM:614177,614177,レイエス,Franmil Reyes,Franmil Reyes,2022,MLB,R,236,946,https://statsapi.mlb.com/api/v1/people/614177/stats?stats=yearByYear&group=hitting&sportIds=1,2026-08-18,0ddc03ff6469e002415d9437ef0341f7e7014cdb24be15190d74cb7c0a8e3467,CURATED_MLB_BRIDGE,VERIFIED_REGULAR_SEASON_APPEARANCE
MLBAM:614177,614177,レイエス,Franmil Reyes,Franmil Reyes,2023,MLB,R,19,65,https://statsapi.mlb.com/api/v1/people/614177/stats?stats=yearByYear&group=hitting&sportIds=1,2026-08-18,0ddc03ff6469e002415d9437ef0341f7e7014cdb24be15190d74cb7c0a8e3467,CURATED_MLB_BRIDGE,VERIFIED_REGULAR_SEASON_APPEARANCE
MLBAM:621446,621446,ブリンソン,Lewis Brinson,Lewis Brinson,2017,MLB,R,21,55,https://statsapi.mlb.com/api/v1/people/621446/stats?stats=yearByYear&group=hitting&sportIds=1,2026-08-18,5c3fe9f0d9b7d38455880ca0fc6eda68cfe96271e76c007cb2e163f764c8eae2,CURATED_MLB_BRIDGE,VERIFIED_REGULAR_SEASON_APPEARANCE
MLBAM:621446,621446,ブリンソン,Lewis Brinson,Lewis Brinson,2018,MLB,R,109,406,https://statsapi.mlb.com/api/v1/people/621446/stats?stats=yearByYear&group=hitting&sportIds=1,2026-08-18,5c3fe9f0d9b7d38455880ca0fc6eda68cfe96271e76c007cb2e163f764c8eae2,CURATED_MLB_BRIDGE,VERIFIED_REGULAR_SEASON_APPEARANCE
MLBAM:621446,621446,ブリンソン,Lewis Brinson,Lewis Brinson,2019,MLB,R,75,248,https://statsapi.mlb.com/api/v1/people/621446/stats?stats=yearByYear&group=hitting&sportIds=1,2026-08-18,5c3fe9f0d9b7d38455880ca0fc6eda68cfe96271e76c007cb2e163f764c8eae2,CURATED_MLB_BRIDGE,VERIFIED_REGULAR_SEASON_APPEARANCE
MLBAM:621446,621446,ブリンソン,Lewis Brinson,Lewis Brinson,2020,MLB,R,47,112,https://statsapi.mlb.com/api/v1/people/621446/stats?stats=yearByYear&group=hitting&sportIds=1,2026-08-18,5c3fe9f0d9b7d38455880ca0fc6eda68cfe96271e76c007cb2e163f764c8eae2,CURATED_MLB_BRIDGE,VERIFIED_REGULAR_SEASON_APPEARANCE
MLBAM:621446,621446,ブリンソン,Lewis Brinson,Lewis Brinson,2021,MLB,R,89,290,https://statsapi.mlb.com/api/v1/people/621446/stats?stats=yearByYear&group=hitting&sportIds=1,2026-08-18,5c3fe9f0d9b7d38455880ca0fc6eda68cfe96271e76c007cb2e163f764c8eae2,CURATED_MLB_BRIDGE,VERIFIED_REGULAR_SEASON_APPEARANCE
MLBAM:621446,621446,ブリンソン,Lewis Brinson,Lewis Brinson,2022,MLB,R,16,39,https://statsapi.mlb.com/api/v1/people/621446/stats?stats=yearByYear&group=hitting&sportIds=1,2026-08-18,5c3fe9f0d9b7d38455880ca0fc6eda68cfe96271e76c007cb2e163f764c8eae2,CURATED_MLB_BRIDGE,VERIFIED_REGULAR_SEASON_APPEARANCE
MLBAM:623182,623182,キブレハン,Patrick Kivlehan,Patrick Kivlehan,2016,MLB,R,16,48,https://statsapi.mlb.com/api/v1/people/623182/stats?stats=yearByYear&group=hitting&sportIds=1,2026-08-18,735c23a923639639c716c02aa3498354267a637efa837c68a6d5f9e873b52093,CURATED_MLB_BRIDGE,VERIFIED_REGULAR_SEASON_APPEARANCE
MLBAM:623182,623182,キブレハン,Patrick Kivlehan,Patrick Kivlehan,2017,MLB,R,115,204,https://statsapi.mlb.com/api/v1/people/623182/stats?stats=yearByYear&group=hitting&sportIds=1,2026-08-18,735c23a923639639c716c02aa3498354267a637efa837c68a6d5f9e873b52093,CURATED_MLB_BRIDGE,VERIFIED_REGULAR_SEASON_APPEARANCE
MLBAM:623182,623182,キブレハン,Patrick Kivlehan,Patrick Kivlehan,2018,MLB,R,9,14,https://statsapi.mlb.com/api/v1/people/623182/stats?stats=yearByYear&group=hitting&sportIds=1,2026-08-18,735c23a923639639c716c02aa3498354267a637efa837c68a6d5f9e873b52093,CURATED_MLB_BRIDGE,VERIFIED_REGULAR_SEASON_APPEARANCE
MLBAM:623182,623182,キブレハン,Patrick Kivlehan,Patrick Kivlehan,2021,MLB,R,5,8,https://statsapi.mlb.com/api/v1/people/623182/stats?stats=yearByYear&group=hitting&sportIds=1,2026-08-18,735c23a923639639c716c02aa3498354267a637efa837c68a6d5f9e873b52093,CURATED_MLB_BRIDGE,VERIFIED_REGULAR_SEASON_APPEARANCE
MLBAM:628329,628329,カスティーヨ,Rusney Castillo,Rusney Castillo,2014,MLB,R,10,40,https://statsapi.mlb.com/api/v1/people/628329/stats?stats=yearByYear&group=hitting&sportIds=1,2026-08-18,ef853c7ffeabfa7493a13f7f8ac42c93a7842fef99daa51e574c3122f0a3aa65,CURATED_MLB_BRIDGE,VERIFIED_REGULAR_SEASON_APPEARANCE
MLBAM:628329,628329,カスティーヨ,Rusney Castillo,Rusney Castillo,2015,MLB,R,80,289,https://statsapi.mlb.com/api/v1/people/628329/stats?stats=yearByYear&group=hitting&sportIds=1,2026-08-18,ef853c7ffeabfa7493a13f7f8ac42c93a7842fef99daa51e574c3122f0a3aa65,CURATED_MLB_BRIDGE,VERIFIED_REGULAR_SEASON_APPEARANCE
MLBAM:628329,628329,カスティーヨ,Rusney Castillo,Rusney Castillo,2016,MLB,R,9,8,https://statsapi.mlb.com/api/v1/people/628329/stats?stats=yearByYear&group=hitting&sportIds=1,2026-08-18,ef853c7ffeabfa7493a13f7f8ac42c93a7842fef99daa51e574c3122f0a3aa65,CURATED_MLB_BRIDGE,VERIFIED_REGULAR_SEASON_APPEARANCE
MLBAM:641505,641505,デービス,Jonathan Davis,Jonathan Davis,2018,MLB,R,20,27,https://statsapi.mlb.com/api/v1/people/641505/stats?stats=yearByYear&group=hitting&sportIds=1,2026-08-18,b7f5eab68df0a9a8ea6c18def1268ae220ea090d79779f3cfeeba526eb398f41,CURATED_MLB_BRIDGE,VERIFIED_REGULAR_SEASON_APPEARANCE
MLBAM:641505,641505,デービス,Jonathan Davis,Jonathan Davis,2019,MLB,R,37,95,https://statsapi.mlb.com/api/v1/people/641505/stats?stats=yearByYear&group=hitting&sportIds=1,2026-08-18,b7f5eab68df0a9a8ea6c18def1268ae220ea090d79779f3cfeeba526eb398f41,CURATED_MLB_BRIDGE,VERIFIED_REGULAR_SEASON_APPEARANCE
MLBAM:641505,641505,デービス,Jonathan Davis,Jonathan Davis,2020,MLB,R,13,34,https://statsapi.mlb.com/api/v1/people/641505/stats?stats=yearByYear&group=hitting&sportIds=1,2026-08-18,b7f5eab68df0a9a8ea6c18def1268ae220ea090d79779f3cfeeba526eb398f41,CURATED_MLB_BRIDGE,VERIFIED_REGULAR_SEASON_APPEARANCE
MLBAM:641505,641505,デービス,Jonathan Davis,Jonathan Davis,2021,MLB,R,128,206,https://statsapi.mlb.com/api/v1/people/641505/stats?stats=yearByYear&group=hitting&sportIds=1,2026-08-18,b7f5eab68df0a9a8ea6c18def1268ae220ea090d79779f3cfeeba526eb398f41,CURATED_MLB_BRIDGE,VERIFIED_REGULAR_SEASON_APPEARANCE
MLBAM:641505,641505,デービス,Jonathan Davis,Jonathan Davis,2022,MLB,R,37,91,https://statsapi.mlb.com/api/v1/people/641505/stats?stats=yearByYear&group=hitting&sportIds=1,2026-08-18,b7f5eab68df0a9a8ea6c18def1268ae220ea090d79779f3cfeeba526eb398f41,CURATED_MLB_BRIDGE,VERIFIED_REGULAR_SEASON_APPEARANCE
MLBAM:641505,641505,デービス,Jonathan Davis,Jonathan Davis,2023,MLB,R,34,104,https://statsapi.mlb.com/api/v1/people/641505/stats?stats=yearByYear&group=hitting&sportIds=1,2026-08-18,b7f5eab68df0a9a8ea6c18def1268ae220ea090d79779f3cfeeba526eb398f41,CURATED_MLB_BRIDGE,VERIFIED_REGULAR_SEASON_APPEARANCE
MLBAM:641525,641525,ディクソン,Brandon Dixon,Brandon Dixon,2018,MLB,R,74,124,https://statsapi.mlb.com/api/v1/people/641525/stats?stats=yearByYear&group=hitting&sportIds=1,2026-08-18,655d9f66673d77d62d98fcc296b8b2f5bc0c53d718de6c221166b5ed1731df43,CURATED_MLB_BRIDGE,VERIFIED_REGULAR_SEASON_APPEARANCE
MLBAM:641525,641525,ディクソン,Brandon Dixon,Brandon Dixon,2019,MLB,R,118,420,https://statsapi.mlb.com/api/v1/people/641525/stats?stats=yearByYear&group=hitting&sportIds=1,2026-08-18,655d9f66673d77d62d98fcc296b8b2f5bc0c53d718de6c221166b5ed1731df43,CURATED_MLB_BRIDGE,VERIFIED_REGULAR_SEASON_APPEARANCE
MLBAM:641525,641525,ディクソン,Brandon Dixon,Brandon Dixon,2020,MLB,R,5,14,https://statsapi.mlb.com/api/v1/people/641525/stats?stats=yearByYear&group=hitting&sportIds=1,2026-08-18,655d9f66673d77d62d98fcc296b8b2f5bc0c53d718de6c221166b5ed1731df43,CURATED_MLB_BRIDGE,VERIFIED_REGULAR_SEASON_APPEARANCE
MLBAM:641525,641525,ディクソン,Brandon Dixon,Brandon Dixon,2022,MLB,R,5,14,https://statsapi.mlb.com/api/v1/people/641525/stats?stats=yearByYear&group=hitting&sportIds=1,2026-08-18,655d9f66673d77d62d98fcc296b8b2f5bc0c53d718de6c221166b5ed1731df43,CURATED_MLB_BRIDGE,VERIFIED_REGULAR_SEASON_APPEARANCE
MLBAM:641525,641525,ディクソン,Brandon Dixon,Brandon Dixon,2023,MLB,R,33,86,https://statsapi.mlb.com/api/v1/people/641525/stats?stats=yearByYear&group=hitting&sportIds=1,2026-08-18,655d9f66673d77d62d98fcc296b8b2f5bc0c53d718de6c221166b5ed1731df43,CURATED_MLB_BRIDGE,VERIFIED_REGULAR_SEASON_APPEARANCE
MLBAM:641914,641914,ノイジー,Sheldon Neuse,Sheldon Neuse,2019,MLB,R,25,61,https://statsapi.mlb.com/api/v1/people/641914/stats?stats=yearByYear&group=hitting&sportIds=1,2026-08-18,56afb07d08033f3beffb89ee4d6b059ae8dedb9397d1cb8f51305405f2a6c680,CURATED_MLB_BRIDGE,VERIFIED_REGULAR_SEASON_APPEARANCE
MLBAM:641914,641914,ノイジー,Sheldon Neuse,Sheldon Neuse,2021,MLB,R,33,66,https://statsapi.mlb.com/api/v1/people/641914/stats?stats=yearByYear&group=hitting&sportIds=1,2026-08-18,56afb07d08033f3beffb89ee4d6b059ae8dedb9397d1cb8f51305405f2a6c680,CURATED_MLB_BRIDGE,VERIFIED_REGULAR_SEASON_APPEARANCE
MLBAM:641914,641914,ノイジー,Sheldon Neuse,Sheldon Neuse,2022,MLB,R,89,293,https://statsapi.mlb.com/api/v1/people/641914/stats?stats=yearByYear&group=hitting&sportIds=1,2026-08-18,56afb07d08033f3beffb89ee4d6b059ae8dedb9397d1cb8f51305405f2a6c680,CURATED_MLB_BRIDGE,VERIFIED_REGULAR_SEASON_APPEARANCE
MLBAM:642137,642137,トーマス,Cody Thomas,Cody Thomas,2022,MLB,R,10,32,https://statsapi.mlb.com/api/v1/people/642137/stats?stats=yearByYear&group=hitting&sportIds=1,2026-08-18,e2bec443aa2b567e58a49a0067b38a5eb06e26e2caab47091102bd6526ea5c87,CURATED_MLB_BRIDGE,VERIFIED_REGULAR_SEASON_APPEARANCE
MLBAM:642137,642137,トーマス,Cody Thomas,Cody Thomas,2023,MLB,R,19,46,https://statsapi.mlb.com/api/v1/people/642137/stats?stats=yearByYear&group=hitting&sportIds=1,2026-08-18,e2bec443aa2b567e58a49a0067b38a5eb06e26e2caab47091102bd6526ea5c87,CURATED_MLB_BRIDGE,VERIFIED_REGULAR_SEASON_APPEARANCE
MLBAM:643436,643436,マクブルーム,Ryan Mcbroom,Ryan McBroom,2019,MLB,R,23,83,https://statsapi.mlb.com/api/v1/people/643436/stats?stats=yearByYear&group=hitting&sportIds=1,2026-08-18,f98577f8237659d54e8ae8385c41c29bab071a8d77cbeb033f25b51fba81c8b9,CURATED_MLB_BRIDGE,VERIFIED_REGULAR_SEASON_APPEARANCE
MLBAM:643436,643436,マクブルーム,Ryan Mcbroom,Ryan McBroom,2020,MLB,R,36,85,https://statsapi.mlb.com/api/v1/people/643436/stats?stats=yearByYear&group=hitting&sportIds=1,2026-08-18,f98577f8237659d54e8ae8385c41c29bab071a8d77cbeb033f25b51fba81c8b9,CURATED_MLB_BRIDGE,VERIFIED_REGULAR_SEASON_APPEARANCE
MLBAM:643436,643436,マクブルーム,Ryan Mcbroom,Ryan McBroom,2021,MLB,R,7,9,https://statsapi.mlb.com/api/v1/people/643436/stats?stats=yearByYear&group=hitting&sportIds=1,2026-08-18,f98577f8237659d54e8ae8385c41c29bab071a8d77cbeb033f25b51fba81c8b9,CURATED_MLB_BRIDGE,VERIFIED_REGULAR_SEASON_APPEARANCE
MLBAM:643524,643524,シュウィンデル,Frank Schwindel,Frank Schwindel,2019,MLB,R,6,15,https://statsapi.mlb.com/api/v1/people/643524/stats?stats=yearByYear&group=hitting&sportIds=1,2026-08-18,d7bba238241b9dea756288955ae6dae6dbed11a9a2fabe74691daaee65241e40,CURATED_MLB_BRIDGE,VERIFIED_REGULAR_SEASON_APPEARANCE
MLBAM:643524,643524,シュウィンデル,Frank Schwindel,Frank Schwindel,2021,MLB,R,128,518,https://statsapi.mlb.com/api/v1/people/643524/stats?stats=yearByYear&group=hitting&sportIds=1,2026-08-18,d7bba238241b9dea756288955ae6dae6dbed11a9a2fabe74691daaee65241e40,CURATED_MLB_BRIDGE,VERIFIED_REGULAR_SEASON_APPEARANCE
MLBAM:643524,643524,シュウィンデル,Frank Schwindel,Frank Schwindel,2022,MLB,R,75,292,https://statsapi.mlb.com/api/v1/people/643524/stats?stats=yearByYear&group=hitting&sportIds=1,2026-08-18,d7bba238241b9dea756288955ae6dae6dbed11a9a2fabe74691daaee65241e40,CURATED_MLB_BRIDGE,VERIFIED_REGULAR_SEASON_APPEARANCE
MLBAM:645801,645801,フォード,Mike Ford,Mike Ford,2019,MLB,R,50,163,https://statsapi.mlb.com/api/v1/people/645801/stats?stats=yearByYear&group=hitting&sportIds=1,2026-08-18,df92d711c4ee18de6b866212476a14ecb0abe8f58bf04a476b919bb7d50a9ecd,CURATED_MLB_BRIDGE,VERIFIED_REGULAR_SEASON_APPEARANCE
MLBAM:645801,645801,フォード,Mike Ford,Mike Ford,2020,MLB,R,29,84,https://statsapi.mlb.com/api/v1/people/645801/stats?stats=yearByYear&group=hitting&sportIds=1,2026-08-18,df92d711c4ee18de6b866212476a14ecb0abe8f58bf04a476b919bb7d50a9ecd,CURATED_MLB_BRIDGE,VERIFIED_REGULAR_SEASON_APPEARANCE
MLBAM:645801,645801,フォード,Mike Ford,Mike Ford,2021,MLB,R,22,72,https://statsapi.mlb.com/api/v1/people/645801/stats?stats=yearByYear&group=hitting&sportIds=1,2026-08-18,df92d711c4ee18de6b866212476a14ecb0abe8f58bf04a476b919bb7d50a9ecd,CURATED_MLB_BRIDGE,VERIFIED_REGULAR_SEASON_APPEARANCE
MLBAM:645801,645801,フォード,Mike Ford,Mike Ford,2022,MLB,R,100,298,https://statsapi.mlb.com/api/v1/people/645801/stats?stats=yearByYear&group=hitting&sportIds=1,2026-08-18,df92d711c4ee18de6b866212476a14ecb0abe8f58bf04a476b919bb7d50a9ecd,CURATED_MLB_BRIDGE,VERIFIED_REGULAR_SEASON_APPEARANCE
MLBAM:645801,645801,フォード,Mike Ford,Mike Ford,2023,MLB,R,84,251,https://statsapi.mlb.com/api/v1/people/645801/stats?stats=yearByYear&group=hitting&sportIds=1,2026-08-18,df92d711c4ee18de6b866212476a14ecb0abe8f58bf04a476b919bb7d50a9ecd,CURATED_MLB_BRIDGE,VERIFIED_REGULAR_SEASON_APPEARANCE
MLBAM:645801,645801,フォード,Mike Ford,Mike Ford,2024,MLB,R,17,62,https://statsapi.mlb.com/api/v1/people/645801/stats?stats=yearByYear&group=hitting&sportIds=1,2026-08-18,df92d711c4ee18de6b866212476a14ecb0abe8f58bf04a476b919bb7d50a9ecd,CURATED_MLB_BRIDGE,VERIFIED_REGULAR_SEASON_APPEARANCE
MLBAM:645848,645848,アルバレス,Dariel Alvarez,Dariel Álvarez,2015,MLB,R,12,31,https://statsapi.mlb.com/api/v1/people/645848/stats?stats=yearByYear&group=hitting&sportIds=1,2026-08-18,ca9e8330f5fa9bbb9165ad4cd8013f3e0dea152c782ec4643a2891c423bebcf9,CURATED_MLB_BRIDGE,VERIFIED_REGULAR_SEASON_APPEARANCE
MLBAM:645848,645848,アルバレス,Dariel Alvarez,Dariel Álvarez,2016,MLB,R,2,4,https://statsapi.mlb.com/api/v1/people/645848/stats?stats=yearByYear&group=hitting&sportIds=1,2026-08-18,ca9e8330f5fa9bbb9165ad4cd8013f3e0dea152c782ec4643a2891c423bebcf9,CURATED_MLB_BRIDGE,VERIFIED_REGULAR_SEASON_APPEARANCE
MLBAM:656308,656308,チェイビス,Michael Chavis,Michael Chavis,2019,MLB,R,95,382,https://statsapi.mlb.com/api/v1/people/656308/stats?stats=yearByYear&group=hitting&sportIds=1,2026-08-18,a145e7870ea87150a7971f67b9f24cc42c7f365eebc15404bdaac679eb380d3c,CURATED_MLB_BRIDGE,VERIFIED_REGULAR_SEASON_APPEARANCE
MLBAM:656308,656308,チェイビス,Michael Chavis,Michael Chavis,2020,MLB,R,42,158,https://statsapi.mlb.com/api/v1/people/656308/stats?stats=yearByYear&group=hitting&sportIds=1,2026-08-18,a145e7870ea87150a7971f67b9f24cc42c7f365eebc15404bdaac679eb380d3c,CURATED_MLB_BRIDGE,VERIFIED_REGULAR_SEASON_APPEARANCE
MLBAM:656308,656308,チェイビス,Michael Chavis,Michael Chavis,2021,MLB,R,86,248,https://statsapi.mlb.com/api/v1/people/656308/stats?stats=yearByYear&group=hitting&sportIds=1,2026-08-18,a145e7870ea87150a7971f67b9f24cc42c7f365eebc15404bdaac679eb380d3c,CURATED_MLB_BRIDGE,VERIFIED_REGULAR_SEASON_APPEARANCE
MLBAM:656308,656308,チェイビス,Michael Chavis,Michael Chavis,2022,MLB,R,129,426,https://statsapi.mlb.com/api/v1/people/656308/stats?stats=yearByYear&group=hitting&sportIds=1,2026-08-18,a145e7870ea87150a7971f67b9f24cc42c7f365eebc15404bdaac679eb380d3c,CURATED_MLB_BRIDGE,VERIFIED_REGULAR_SEASON_APPEARANCE
MLBAM:656308,656308,チェイビス,Michael Chavis,Michael Chavis,2023,MLB,R,48,96,https://statsapi.mlb.com/api/v1/people/656308/stats?stats=yearByYear&group=hitting&sportIds=1,2026-08-18,a145e7870ea87150a7971f67b9f24cc42c7f365eebc15404bdaac679eb380d3c,CURATED_MLB_BRIDGE,VERIFIED_REGULAR_SEASON_APPEARANCE
MLBAM:656467,656467,ギッテンス,Chris Gittens,Chris Gittens,2021,MLB,R,16,44,https://statsapi.mlb.com/api/v1/people/656467/stats?stats=yearByYear&group=hitting&sportIds=1,2026-08-18,46ed2f566c3827e684bdf673a97fe1adda44ef4f65a9fc16ebd64cd660844fdf,CURATED_MLB_BRIDGE,VERIFIED_REGULAR_SEASON_APPEARANCE
MLBAM:657434,657434,オグレディ,Brian Ogrady,Brian O'Grady,2019,MLB,R,28,48,https://statsapi.mlb.com/api/v1/people/657434/stats?stats=yearByYear&group=hitting&sportIds=1,2026-08-18,b413cf1b501f6c01fe9d8790228d5ae67a8249e4b389dec553ae861a6efeb349,CURATED_MLB_BRIDGE,VERIFIED_REGULAR_SEASON_APPEARANCE
MLBAM:657434,657434,オグレディ,Brian Ogrady,Brian O'Grady,2020,MLB,R,2,5,https://statsapi.mlb.com/api/v1/people/657434/stats?stats=yearByYear&group=hitting&sportIds=1,2026-08-18,b413cf1b501f6c01fe9d8790228d5ae67a8249e4b389dec553ae861a6efeb349,CURATED_MLB_BRIDGE,VERIFIED_REGULAR_SEASON_APPEARANCE
MLBAM:657434,657434,オグレディ,Brian Ogrady,Brian O'Grady,2021,MLB,R,32,61,https://statsapi.mlb.com/api/v1/people/657434/stats?stats=yearByYear&group=hitting&sportIds=1,2026-08-18,b413cf1b501f6c01fe9d8790228d5ae67a8249e4b389dec553ae861a6efeb349,CURATED_MLB_BRIDGE,VERIFIED_REGULAR_SEASON_APPEARANCE
MLBAM:658668,658668,オリバレス,Edward Olivares,Edward Olivares,2020,MLB,R,62,202,https://statsapi.mlb.com/api/v1/people/658668/stats?stats=yearByYear&group=hitting&sportIds=1,2026-08-18,2a3de9df4f2990b6f020a2527bf8dc537033f655af3dfd06360760a4055a140e,CURATED_MLB_BRIDGE,VERIFIED_REGULAR_SEASON_APPEARANCE
MLBAM:658668,658668,オリバレス,Edward Olivares,Edward Olivares,2021,MLB,R,39,111,https://statsapi.mlb.com/api/v1/people/658668/stats?stats=yearByYear&group=hitting&sportIds=1,2026-08-18,2a3de9df4f2990b6f020a2527bf8dc537033f655af3dfd06360760a4055a140e,CURATED_MLB_BRIDGE,VERIFIED_REGULAR_SEASON_APPEARANCE
MLBAM:658668,658668,オリバレス,Edward Olivares,Edward Olivares,2022,MLB,R,53,174,https://statsapi.mlb.com/api/v1/people/658668/stats?stats=yearByYear&group=hitting&sportIds=1,2026-08-18,2a3de9df4f2990b6f020a2527bf8dc537033f655af3dfd06360760a4055a140e,CURATED_MLB_BRIDGE,VERIFIED_REGULAR_SEASON_APPEARANCE
MLBAM:658668,658668,オリバレス,Edward Olivares,Edward Olivares,2023,MLB,R,107,385,https://statsapi.mlb.com/api/v1/people/658668/stats?stats=yearByYear&group=hitting&sportIds=1,2026-08-18,2a3de9df4f2990b6f020a2527bf8dc537033f655af3dfd06360760a4055a140e,CURATED_MLB_BRIDGE,VERIFIED_REGULAR_SEASON_APPEARANCE
MLBAM:658668,658668,オリバレス,Edward Olivares,Edward Olivares,2024,MLB,R,55,196,https://statsapi.mlb.com/api/v1/people/658668/stats?stats=yearByYear&group=hitting&sportIds=1,2026-08-18,2a3de9df4f2990b6f020a2527bf8dc537033f655af3dfd06360760a4055a140e,CURATED_MLB_BRIDGE,VERIFIED_REGULAR_SEASON_APPEARANCE
MLBAM:660294,660294,筒香 嘉智,Yoshitomo Tsutsugo,Yoshi Tsutsugo,2020,MLB,R,51,185,https://statsapi.mlb.com/api/v1/people/660294/stats?stats=yearByYear&group=hitting&sportIds=1,2026-08-18,782371c0f77c9fd274a131f807ea1a67d25f0d1414daff1f39a3aac2a320bc3a,VERIFIED_PINNED_MLBAM,VERIFIED_REGULAR_SEASON_APPEARANCE
MLBAM:660294,660294,筒香 嘉智,Yoshitomo Tsutsugo,Yoshi Tsutsugo,2021,MLB,R,162,524,https://statsapi.mlb.com/api/v1/people/660294/stats?stats=yearByYear&group=hitting&sportIds=1,2026-08-18,782371c0f77c9fd274a131f807ea1a67d25f0d1414daff1f39a3aac2a320bc3a,VERIFIED_PINNED_MLBAM,VERIFIED_REGULAR_SEASON_APPEARANCE
MLBAM:660294,660294,筒香 嘉智,Yoshitomo Tsutsugo,Yoshi Tsutsugo,2022,MLB,R,50,193,https://statsapi.mlb.com/api/v1/people/660294/stats?stats=yearByYear&group=hitting&sportIds=1,2026-08-18,782371c0f77c9fd274a131f807ea1a67d25f0d1414daff1f39a3aac2a320bc3a,VERIFIED_PINNED_MLBAM,VERIFIED_REGULAR_SEASON_APPEARANCE
MLBAM:660707,660707,モンテロ,Elehuris Montero,Elehuris Montero,2022,MLB,R,53,185,https://statsapi.mlb.com/api/v1/people/660707/stats?stats=yearByYear&group=hitting&sportIds=1,2026-08-18,69f8434f0ea67fe9a9a962e35140f79d978428a24df4b452b9e7e9779a07b70b,CURATED_MLB_BRIDGE,VERIFIED_REGULAR_SEASON_APPEARANCE
MLBAM:660707,660707,モンテロ,Elehuris Montero,Elehuris Montero,2023,MLB,R,85,307,https://statsapi.mlb.com/api/v1/people/660707/stats?stats=yearByYear&group=hitting&sportIds=1,2026-08-18,69f8434f0ea67fe9a9a962e35140f79d978428a24df4b452b9e7e9779a07b70b,CURATED_MLB_BRIDGE,VERIFIED_REGULAR_SEASON_APPEARANCE
MLBAM:660707,660707,モンテロ,Elehuris Montero,Elehuris Montero,2024,MLB,R,67,247,https://statsapi.mlb.com/api/v1/people/660707/stats?stats=yearByYear&group=hitting&sportIds=1,2026-08-18,69f8434f0ea67fe9a9a962e35140f79d978428a24df4b452b9e7e9779a07b70b,CURATED_MLB_BRIDGE,VERIFIED_REGULAR_SEASON_APPEARANCE
MLBAM:660757,660757,ゴンザレス,Oscar Gonzalez,Oscar Gonzalez,2022,MLB,R,91,382,https://statsapi.mlb.com/api/v1/people/660757/stats?stats=yearByYear&group=hitting&sportIds=1,2026-08-18,12bc364cf8053dc46f0c6eacec5c465ea76c8010ef44db5c3823d4265e032b90,CURATED_MLB_BRIDGE,VERIFIED_REGULAR_SEASON_APPEARANCE
MLBAM:660757,660757,ゴンザレス,Oscar Gonzalez,Oscar Gonzalez,2023,MLB,R,54,180,https://statsapi.mlb.com/api/v1/people/660757/stats?stats=yearByYear&group=hitting&sportIds=1,2026-08-18,12bc364cf8053dc46f0c6eacec5c465ea76c8010ef44db5c3823d4265e032b90,CURATED_MLB_BRIDGE,VERIFIED_REGULAR_SEASON_APPEARANCE
MLBAM:660757,660757,ゴンザレス,Oscar Gonzalez,Oscar Gonzalez,2025,MLB,R,21,61,https://statsapi.mlb.com/api/v1/people/660757/stats?stats=yearByYear&group=hitting&sportIds=1,2026-08-18,12bc364cf8053dc46f0c6eacec5c465ea76c8010ef44db5c3823d4265e032b90,CURATED_MLB_BRIDGE,VERIFIED_REGULAR_SEASON_APPEARANCE
MLBAM:663527,663527,ネビン,Tyler Nevin,Tyler Nevin,2021,MLB,R,6,18,https://statsapi.mlb.com/api/v1/people/663527/stats?stats=yearByYear&group=hitting&sportIds=1,2026-08-18,ae3fa890ef311ab686247430ecd2e3f31c46961bdfe45bf5f4de54f77728bb75,CURATED_MLB_BRIDGE,VERIFIED_REGULAR_SEASON_APPEARANCE
MLBAM:663527,663527,ネビン,Tyler Nevin,Tyler Nevin,2022,MLB,R,58,184,https://statsapi.mlb.com/api/v1/people/663527/stats?stats=yearByYear&group=hitting&sportIds=1,2026-08-18,ae3fa890ef311ab686247430ecd2e3f31c46961bdfe45bf5f4de54f77728bb75,CURATED_MLB_BRIDGE,VERIFIED_REGULAR_SEASON_APPEARANCE
MLBAM:663527,663527,ネビン,Tyler Nevin,Tyler Nevin,2023,MLB,R,41,111,https://statsapi.mlb.com/api/v1/people/663527/stats?stats=yearByYear&group=hitting&sportIds=1,2026-08-18,ae3fa890ef311ab686247430ecd2e3f31c46961bdfe45bf5f4de54f77728bb75,CURATED_MLB_BRIDGE,VERIFIED_REGULAR_SEASON_APPEARANCE
MLBAM:663527,663527,ネビン,Tyler Nevin,Tyler Nevin,2024,MLB,R,87,278,https://statsapi.mlb.com/api/v1/people/663527/stats?stats=yearByYear&group=hitting&sportIds=1,2026-08-18,ae3fa890ef311ab686247430ecd2e3f31c46961bdfe45bf5f4de54f77728bb75,CURATED_MLB_BRIDGE,VERIFIED_REGULAR_SEASON_APPEARANCE
MLBAM:663550,663550,キャベッジ,Trey Cabbage,Trey Cabbage,2023,MLB,R,22,56,https://statsapi.mlb.com/api/v1/people/663550/stats?stats=yearByYear&group=hitting&sportIds=1,2026-08-18,dc63668d0dfbe12f9045d35db7ce790904ed23d23455807ffc7f99e7ed491d08,CURATED_MLB_BRIDGE,VERIFIED_REGULAR_SEASON_APPEARANCE
MLBAM:663550,663550,キャベッジ,Trey Cabbage,Trey Cabbage,2024,MLB,R,45,91,https://statsapi.mlb.com/api/v1/people/663550/stats?stats=yearByYear&group=hitting&sportIds=1,2026-08-18,dc63668d0dfbe12f9045d35db7ce790904ed23d23455807ffc7f99e7ed491d08,CURATED_MLB_BRIDGE,VERIFIED_REGULAR_SEASON_APPEARANCE
MLBAM:663796,663796,モンテス,Coco Montes,Coco Montes,2023,MLB,R,18,41,https://statsapi.mlb.com/api/v1/people/663796/stats?stats=yearByYear&group=hitting&sportIds=1,2026-08-18,a2224d19b46a72dea7089daccd4f11346ef01ffb1724aa7ec2978b37d395256b,CURATED_MLB_BRIDGE,VERIFIED_REGULAR_SEASON_APPEARANCE
MLBAM:663796,663796,モンテス,Coco Montes,Coco Montes,2025,MLB,R,5,10,https://statsapi.mlb.com/api/v1/people/663796/stats?stats=yearByYear&group=hitting&sportIds=1,2026-08-18,a2224d19b46a72dea7089daccd4f11346ef01ffb1724aa7ec2978b37d395256b,CURATED_MLB_BRIDGE,VERIFIED_REGULAR_SEASON_APPEARANCE
MLBAM:664057,664057,スティーブンソン,Andrew Stevenson,Andrew Stevenson,2017,MLB,R,37,66,https://statsapi.mlb.com/api/v1/people/664057/stats?stats=yearByYear&group=hitting&sportIds=1,2026-08-18,703d64cbb91ea68695ece6110f80c2f11a559dc483c3453a0d923c972f2c842d,CURATED_MLB_BRIDGE,VERIFIED_REGULAR_SEASON_APPEARANCE
MLBAM:664057,664057,スティーブンソン,Andrew Stevenson,Andrew Stevenson,2018,MLB,R,57,86,https://statsapi.mlb.com/api/v1/people/664057/stats?stats=yearByYear&group=hitting&sportIds=1,2026-08-18,703d64cbb91ea68695ece6110f80c2f11a559dc483c3453a0d923c972f2c842d,CURATED_MLB_BRIDGE,VERIFIED_REGULAR_SEASON_APPEARANCE
MLBAM:664057,664057,スティーブンソン,Andrew Stevenson,Andrew Stevenson,2019,MLB,R,30,37,https://statsapi.mlb.com/api/v1/people/664057/stats?stats=yearByYear&group=hitting&sportIds=1,2026-08-18,703d64cbb91ea68695ece6110f80c2f11a559dc483c3453a0d923c972f2c842d,CURATED_MLB_BRIDGE,VERIFIED_REGULAR_SEASON_APPEARANCE
MLBAM:664057,664057,スティーブンソン,Andrew Stevenson,Andrew Stevenson,2020,MLB,R,15,47,https://statsapi.mlb.com/api/v1/people/664057/stats?stats=yearByYear&group=hitting&sportIds=1,2026-08-18,703d64cbb91ea68695ece6110f80c2f11a559dc483c3453a0d923c972f2c842d,CURATED_MLB_BRIDGE,VERIFIED_REGULAR_SEASON_APPEARANCE
MLBAM:664057,664057,スティーブンソン,Andrew Stevenson,Andrew Stevenson,2021,MLB,R,109,213,https://statsapi.mlb.com/api/v1/people/664057/stats?stats=yearByYear&group=hitting&sportIds=1,2026-08-18,703d64cbb91ea68695ece6110f80c2f11a559dc483c3453a0d923c972f2c842d,CURATED_MLB_BRIDGE,VERIFIED_REGULAR_SEASON_APPEARANCE
MLBAM:664057,664057,スティーブンソン,Andrew Stevenson,Andrew Stevenson,2023,MLB,R,25,40,https://statsapi.mlb.com/api/v1/people/664057/stats?stats=yearByYear&group=hitting&sportIds=1,2026-08-18,703d64cbb91ea68695ece6110f80c2f11a559dc483c3453a0d923c972f2c842d,CURATED_MLB_BRIDGE,VERIFIED_REGULAR_SEASON_APPEARANCE
MLBAM:665947,665947,アポステル,Sherten Apostel,Sherten Apostel,2020,MLB,R,7,21,https://statsapi.mlb.com/api/v1/people/665947/stats?stats=yearByYear&group=hitting&sportIds=1,2026-08-18,4469738d53468e236a8cbf5fd22a31e81c1ec4aa92358954008dcc3626aea4eb,CURATED_MLB_BRIDGE,VERIFIED_REGULAR_SEASON_APPEARANCE
MLBAM:666464,666464,エンカーナシオン,Jerar Encarnacion,Jerar Encarnacion,2022,MLB,R,23,81,https://statsapi.mlb.com/api/v1/people/666464/stats?stats=yearByYear&group=hitting&sportIds=1,2026-08-18,61e37fab63d98e164c27af33d9ed4014761bf0cc38c566ef6ea9664fb51cc3ff,CURATED_MLB_BRIDGE,VERIFIED_REGULAR_SEASON_APPEARANCE
MLBAM:666464,666464,エンカーナシオン,Jerar Encarnacion,Jerar Encarnacion,2024,MLB,R,35,119,https://statsapi.mlb.com/api/v1/people/666464/stats?stats=yearByYear&group=hitting&sportIds=1,2026-08-18,61e37fab63d98e164c27af33d9ed4014761bf0cc38c566ef6ea9664fb51cc3ff,CURATED_MLB_BRIDGE,VERIFIED_REGULAR_SEASON_APPEARANCE
MLBAM:666464,666464,エンカーナシオン,Jerar Encarnacion,Jerar Encarnacion,2025,MLB,R,19,56,https://statsapi.mlb.com/api/v1/people/666464/stats?stats=yearByYear&group=hitting&sportIds=1,2026-08-18,61e37fab63d98e164c27af33d9ed4014761bf0cc38c566ef6ea9664fb51cc3ff,CURATED_MLB_BRIDGE,VERIFIED_REGULAR_SEASON_APPEARANCE
MLBAM:666464,666464,エンカーナシオン,Jerar Encarnacion,Jerar Encarnacion,2026,MLB,R,17,35,https://statsapi.mlb.com/api/v1/people/666464/stats?stats=yearByYear&group=hitting&sportIds=1,2026-08-18,61e37fab63d98e164c27af33d9ed4014761bf0cc38c566ef6ea9664fb51cc3ff,CURATED_MLB_BRIDGE,VERIFIED_REGULAR_SEASON_APPEARANCE
MLBAM:666801,666801,カストロ,Rodolfo Castro,Rodolfo Castro,2021,MLB,R,31,93,https://statsapi.mlb.com/api/v1/people/666801/stats?stats=yearByYear&group=hitting&sportIds=1,2026-08-18,b46dce5819eadb80e43d6f7436258e8ed90025e8c4d97091f868c8908e05b5ec,CURATED_MLB_BRIDGE,VERIFIED_REGULAR_SEASON_APPEARANCE
MLBAM:666801,666801,カストロ,Rodolfo Castro,Rodolfo Castro,2022,MLB,R,71,278,https://statsapi.mlb.com/api/v1/people/666801/stats?stats=yearByYear&group=hitting&sportIds=1,2026-08-18,b46dce5819eadb80e43d6f7436258e8ed90025e8c4d97091f868c8908e05b5ec,CURATED_MLB_BRIDGE,VERIFIED_REGULAR_SEASON_APPEARANCE
MLBAM:666801,666801,カストロ,Rodolfo Castro,Rodolfo Castro,2023,MLB,R,184,512,https://statsapi.mlb.com/api/v1/people/666801/stats?stats=yearByYear&group=hitting&sportIds=1,2026-08-18,b46dce5819eadb80e43d6f7436258e8ed90025e8c4d97091f868c8908e05b5ec,CURATED_MLB_BRIDGE,VERIFIED_REGULAR_SEASON_APPEARANCE
MLBAM:666915,666915,ダルベック,Bobby Dalbec,Bobby Dalbec,2020,MLB,R,23,92,https://statsapi.mlb.com/api/v1/people/666915/stats?stats=yearByYear&group=hitting&sportIds=1,2026-08-18,2eca6b2552aa8100149e6bcd1bb20e58c7b259771e18ea9c261811f1e905e78e,CURATED_MLB_BRIDGE,VERIFIED_REGULAR_SEASON_APPEARANCE
MLBAM:666915,666915,ダルベック,Bobby Dalbec,Bobby Dalbec,2021,MLB,R,133,453,https://statsapi.mlb.com/api/v1/people/666915/stats?stats=yearByYear&group=hitting&sportIds=1,2026-08-18,2eca6b2552aa8100149e6bcd1bb20e58c7b259771e18ea9c261811f1e905e78e,CURATED_MLB_BRIDGE,VERIFIED_REGULAR_SEASON_APPEARANCE
MLBAM:666915,666915,ダルベック,Bobby Dalbec,Bobby Dalbec,2022,MLB,R,117,353,https://statsapi.mlb.com/api/v1/people/666915/stats?stats=yearByYear&group=hitting&sportIds=1,2026-08-18,2eca6b2552aa8100149e6bcd1bb20e58c7b259771e18ea9c261811f1e905e78e,CURATED_MLB_BRIDGE,VERIFIED_REGULAR_SEASON_APPEARANCE
MLBAM:666915,666915,ダルベック,Bobby Dalbec,Bobby Dalbec,2023,MLB,R,21,53,https://statsapi.mlb.com/api/v1/people/666915/stats?stats=yearByYear&group=hitting&sportIds=1,2026-08-18,2eca6b2552aa8100149e6bcd1bb20e58c7b259771e18ea9c261811f1e905e78e,CURATED_MLB_BRIDGE,VERIFIED_REGULAR_SEASON_APPEARANCE
MLBAM:666915,666915,ダルベック,Bobby Dalbec,Bobby Dalbec,2024,MLB,R,37,93,https://statsapi.mlb.com/api/v1/people/666915/stats?stats=yearByYear&group=hitting&sportIds=1,2026-08-18,2eca6b2552aa8100149e6bcd1bb20e58c7b259771e18ea9c261811f1e905e78e,CURATED_MLB_BRIDGE,VERIFIED_REGULAR_SEASON_APPEARANCE
MLBAM:666915,666915,ダルベック,Bobby Dalbec,Bobby Dalbec,2025,MLB,R,7,21,https://statsapi.mlb.com/api/v1/people/666915/stats?stats=yearByYear&group=hitting&sportIds=1,2026-08-18,2eca6b2552aa8100149e6bcd1bb20e58c7b259771e18ea9c261811f1e905e78e,CURATED_MLB_BRIDGE,VERIFIED_REGULAR_SEASON_APPEARANCE
MLBAM:669450,669450,ヒュンメル,Cooper Hummel,Cooper Hummel,2022,MLB,R,66,201,https://statsapi.mlb.com/api/v1/people/669450/stats?stats=yearByYear&group=hitting&sportIds=1,2026-08-18,0924e7572a50f94d3426783ff9ab01da57117a351d6a3666896ae8ea774b0db3,CURATED_MLB_BRIDGE,VERIFIED_REGULAR_SEASON_APPEARANCE
MLBAM:669450,669450,ヒュンメル,Cooper Hummel,Cooper Hummel,2023,MLB,R,10,26,https://statsapi.mlb.com/api/v1/people/669450/stats?stats=yearByYear&group=hitting&sportIds=1,2026-08-18,0924e7572a50f94d3426783ff9ab01da57117a351d6a3666896ae8ea774b0db3,CURATED_MLB_BRIDGE,VERIFIED_REGULAR_SEASON_APPEARANCE
MLBAM:669450,669450,ヒュンメル,Cooper Hummel,Cooper Hummel,2024,MLB,R,6,8,https://statsapi.mlb.com/api/v1/people/669450/stats?stats=yearByYear&group=hitting&sportIds=1,2026-08-18,0924e7572a50f94d3426783ff9ab01da57117a351d6a3666896ae8ea774b0db3,CURATED_MLB_BRIDGE,VERIFIED_REGULAR_SEASON_APPEARANCE
MLBAM:669450,669450,ヒュンメル,Cooper Hummel,Cooper Hummel,2025,MLB,R,74,210,https://statsapi.mlb.com/api/v1/people/669450/stats?stats=yearByYear&group=hitting&sportIds=1,2026-08-18,0924e7572a50f94d3426783ff9ab01da57117a351d6a3666896ae8ea774b0db3,CURATED_MLB_BRIDGE,VERIFIED_REGULAR_SEASON_APPEARANCE
MLBAM:670768,670768,ゴンサレス,Luis Gonzalez,Luis González,2020,MLB,R,3,2,https://statsapi.mlb.com/api/v1/people/670768/stats?stats=yearByYear&group=hitting&sportIds=1,2026-08-18,e4e7d87f66022ba0f6964432476a1ea6162f6a17bcf98d32d0915aa800de069d,CURATED_MLB_BRIDGE,VERIFIED_REGULAR_SEASON_APPEARANCE
MLBAM:670768,670768,ゴンサレス,Luis Gonzalez,Luis González,2021,MLB,R,6,11,https://statsapi.mlb.com/api/v1/people/670768/stats?stats=yearByYear&group=hitting&sportIds=1,2026-08-18,e4e7d87f66022ba0f6964432476a1ea6162f6a17bcf98d32d0915aa800de069d,CURATED_MLB_BRIDGE,VERIFIED_REGULAR_SEASON_APPEARANCE
MLBAM:670768,670768,ゴンサレス,Luis Gonzalez,Luis González,2022,MLB,R,98,350,https://statsapi.mlb.com/api/v1/people/670768/stats?stats=yearByYear&group=hitting&sportIds=1,2026-08-18,e4e7d87f66022ba0f6964432476a1ea6162f6a17bcf98d32d0915aa800de069d,CURATED_MLB_BRIDGE,VERIFIED_REGULAR_SEASON_APPEARANCE
MLBAM:672478,672478,ディアス,Jordan Diaz,Jordan Diaz,2022,MLB,R,15,51,https://statsapi.mlb.com/api/v1/people/672478/stats?stats=yearByYear&group=hitting&sportIds=1,2026-08-18,4ab15ca52429618e930d8e20edaeefc0a18f6ca9a2d8860f6bead2c0fbd7ad7e,CURATED_MLB_BRIDGE,VERIFIED_REGULAR_SEASON_APPEARANCE
MLBAM:672478,672478,ディアス,Jordan Diaz,Jordan Diaz,2023,MLB,R,90,293,https://statsapi.mlb.com/api/v1/people/672478/stats?stats=yearByYear&group=hitting&sportIds=1,2026-08-18,4ab15ca52429618e930d8e20edaeefc0a18f6ca9a2d8860f6bead2c0fbd7ad7e,CURATED_MLB_BRIDGE,VERIFIED_REGULAR_SEASON_APPEARANCE
MLBAM:672744,672744,カナリオ,Alexander Canario,Alexander Canario,2023,MLB,R,6,17,https://statsapi.mlb.com/api/v1/people/672744/stats?stats=yearByYear&group=hitting&sportIds=1,2026-08-18,78de828eea5179b44128184d7d1dd0bf84761ba38ca2f5c4d23bc50dda62bdef,CURATED_MLB_BRIDGE,VERIFIED_REGULAR_SEASON_APPEARANCE
MLBAM:672744,672744,カナリオ,Alexander Canario,Alexander Canario,2024,MLB,R,15,28,https://statsapi.mlb.com/api/v1/people/672744/stats?stats=yearByYear&group=hitting&sportIds=1,2026-08-18,78de828eea5179b44128184d7d1dd0bf84761ba38ca2f5c4d23bc50dda62bdef,CURATED_MLB_BRIDGE,VERIFIED_REGULAR_SEASON_APPEARANCE
MLBAM:672744,672744,カナリオ,Alexander Canario,Alexander Canario,2025,MLB,R,87,234,https://statsapi.mlb.com/api/v1/people/672744/stats?stats=yearByYear&group=hitting&sportIds=1,2026-08-18,78de828eea5179b44128184d7d1dd0bf84761ba38ca2f5c4d23bc50dda62bdef,CURATED_MLB_BRIDGE,VERIFIED_REGULAR_SEASON_APPEARANCE
MLBAM:673451,673451,秋山 翔吾,Shogo Akiyama,Shogo Akiyama,2020,MLB,R,54,183,https://statsapi.mlb.com/api/v1/people/673451/stats?stats=yearByYear&group=hitting&sportIds=1,2026-08-18,7275d7ac613be5d4e6dcb5ccc1f9f5e162c645ac6484ca14086f8caedac8ce0d,VERIFIED_PINNED_MLBAM,VERIFIED_REGULAR_SEASON_APPEARANCE
MLBAM:673451,673451,秋山 翔吾,Shogo Akiyama,Shogo Akiyama,2021,MLB,R,88,183,https://statsapi.mlb.com/api/v1/people/673451/stats?stats=yearByYear&group=hitting&sportIds=1,2026-08-18,7275d7ac613be5d4e6dcb5ccc1f9f5e162c645ac6484ca14086f8caedac8ce0d,VERIFIED_PINNED_MLBAM,VERIFIED_REGULAR_SEASON_APPEARANCE
MLBAM:673548,673548,鈴木 誠也,Seiya Suzuki,Seiya Suzuki,2022,MLB,R,111,446,https://statsapi.mlb.com/api/v1/people/673548/stats?stats=yearByYear&group=hitting&sportIds=1,2026-08-18,fc2471ba5dfbc86087930be1d55fadb8c40483608c458356265cc29770b83363,CURATED_MLB_BRIDGE,VERIFIED_REGULAR_SEASON_APPEARANCE
MLBAM:673548,673548,鈴木 誠也,Seiya Suzuki,Seiya Suzuki,2023,MLB,R,138,583,https://statsapi.mlb.com/api/v1/people/673548/stats?stats=yearByYear&group=hitting&sportIds=1,2026-08-18,fc2471ba5dfbc86087930be1d55fadb8c40483608c458356265cc29770b83363,CURATED_MLB_BRIDGE,VERIFIED_REGULAR_SEASON_APPEARANCE
MLBAM:673548,673548,鈴木 誠也,Seiya Suzuki,Seiya Suzuki,2024,MLB,R,132,585,https://statsapi.mlb.com/api/v1/people/673548/stats?stats=yearByYear&group=hitting&sportIds=1,2026-08-18,fc2471ba5dfbc86087930be1d55fadb8c40483608c458356265cc29770b83363,CURATED_MLB_BRIDGE,VERIFIED_REGULAR_SEASON_APPEARANCE
MLBAM:673548,673548,鈴木 誠也,Seiya Suzuki,Seiya Suzuki,2025,MLB,R,151,651,https://statsapi.mlb.com/api/v1/people/673548/stats?stats=yearByYear&group=hitting&sportIds=1,2026-08-18,fc2471ba5dfbc86087930be1d55fadb8c40483608c458356265cc29770b83363,CURATED_MLB_BRIDGE,VERIFIED_REGULAR_SEASON_APPEARANCE
MLBAM:673548,673548,鈴木 誠也,Seiya Suzuki,Seiya Suzuki,2026,MLB,R,108,474,https://statsapi.mlb.com/api/v1/people/673548/stats?stats=yearByYear&group=hitting&sportIds=1,2026-08-18,fc2471ba5dfbc86087930be1d55fadb8c40483608c458356265cc29770b83363,CURATED_MLB_BRIDGE,VERIFIED_REGULAR_SEASON_APPEARANCE
MLBAM:676044,676044,シーモア,Bob Seymour,Bob Seymour,2025,MLB,R,26,83,https://statsapi.mlb.com/api/v1/people/676044/stats?stats=yearByYear&group=hitting&sportIds=1,2026-08-18,6f3ad16e22e717161570199dcfffdf4eaf22f24cfb3933938ceae7e0d40f988a,CURATED_MLB_BRIDGE,VERIFIED_REGULAR_SEASON_APPEARANCE
MLBAM:676950,676950,マキノン,David Mackinnon,David MacKinnon,2022,MLB,R,44,114,https://statsapi.mlb.com/api/v1/people/676950/stats?stats=yearByYear&group=hitting&sportIds=1,2026-08-18,545555c67fa2b0148553bdcd7e99112e3e71c3810ef84cb9aeb2cecddab87bae,CURATED_MLB_BRIDGE,VERIFIED_REGULAR_SEASON_APPEARANCE
MLBAM:807799,807799,吉田 正尚,Masataka Yoshida,Masataka Yoshida,2023,MLB,R,140,580,https://statsapi.mlb.com/api/v1/people/807799/stats?stats=yearByYear&group=hitting&sportIds=1,2026-08-18,8812b8ac8a782c28317271305fd3e10db9999d0011b6c69668fb0c659986f61d,CURATED_MLB_BRIDGE,VERIFIED_REGULAR_SEASON_APPEARANCE
MLBAM:807799,807799,吉田 正尚,Masataka Yoshida,Masataka Yoshida,2024,MLB,R,108,421,https://statsapi.mlb.com/api/v1/people/807799/stats?stats=yearByYear&group=hitting&sportIds=1,2026-08-18,8812b8ac8a782c28317271305fd3e10db9999d0011b6c69668fb0c659986f61d,CURATED_MLB_BRIDGE,VERIFIED_REGULAR_SEASON_APPEARANCE
MLBAM:807799,807799,吉田 正尚,Masataka Yoshida,Masataka Yoshida,2025,MLB,R,55,205,https://statsapi.mlb.com/api/v1/people/807799/stats?stats=yearByYear&group=hitting&sportIds=1,2026-08-18,8812b8ac8a782c28317271305fd3e10db9999d0011b6c69668fb0c659986f61d,CURATED_MLB_BRIDGE,VERIFIED_REGULAR_SEASON_APPEARANCE
MLBAM:807799,807799,吉田 正尚,Masataka Yoshida,Masataka Yoshida,2026,MLB,R,87,297,https://statsapi.mlb.com/api/v1/people/807799/stats?stats=yearByYear&group=hitting&sportIds=1,2026-08-18,8812b8ac8a782c28317271305fd3e10db9999d0011b6c69668fb0c659986f61d,CURATED_MLB_BRIDGE,VERIFIED_REGULAR_SEASON_APPEARANCE
