player,player_id,team,position,age,handedness,npb_plus_sprint_speed_kmh,npb_plus_ordinal_band,npb_plus_cohort_rank,npb_plus_cohort_size,exposure,direct_t90,direct_t90_measurement_year,standardized_short_distance_evidence,standardized_30m,standardized_50m,cohort,cohort_ordinal,historical_physical_evidence,measurement_era,anchor_relative_status,acceleration_top_speed_classification,classification_basis,physical_conflict_flags,temporal_comparison_boundary,context_only_hp_to_1b,physical_only_sns_queue_status
中川 圭太,51255138,オリックス・バファローズ,,,,32.6,B2_UPPER_COHORT_OCTILE,23,100,"{""PA"":366,""games"":93,""pa_bucket"":""PA_200_399"",""full_effort_run_proxy_count"":41,""npb_plus_sample_count"":null,""npb_plus_qualified_run_count"":null,""data_completeness"":""partial_tier_A_C_unavailable""}",[],[],[],[],[],"[""npb_plus_2026_current_roster_100""]","{""current_npb_plus_rank"":23,""current_npb_plus_size"":100,""current_npb_plus_band"":""B2_UPPER_COHORT_OCTILE"",""basis"":""WITHIN_SAME_METRIC_SAME_COHORT_ONLY""}",[],[],"{""status"":""ANCHOR_RESOLVED_MODERATE"",""status_reasons"":[""CURRENT_NPB_PLUS_ORDINAL_HAS_FULL_100_ROSTER_BRACKETING_BUT_PUBLIC_SAMPLE_COUNTS_ARE_NOT_PUBLISHED""],""high_confidence_anchor_count"":0,""same_cohort_order_conflict_count"":0}",INSUFFICIENT_SHORT_DISTANCE_EVIDENCE,NO_DIRECTIONALLY_COMPARABLE_SHORT_DISTANCE_EVIDENCE,"[""INSUFFICIENT_SHORT_DISTANCE_EVIDENCE""]","{""current_signal_year"":2026,""comparison_relevant_evidence_count"":0,""known_measurement_years"":[],""known_non_2026_measurement_years"":[],""unknown_measurement_era_count"":0,""has_known_non_2026_measurement"":false,""has_unknown_measurement_era"":false,""all_comparison_relevant_measurements_current_2026"":false}","[{""metric"":""hp_to_1b"",""seconds"":4.01,""value"":null,""unit"":null,""measurement_year"":2021,""measurement_date"":null,""measurement_year_inferred"":false,""cohort"":""2021年3月26日～4月末、右打者の内野安打一塁到達"",""timing_method"":""reported_hp_to_1b_unspecified_origin"",""start_protocol"":""swing_to_run"",""source_tier"":""B"",""usage_class"":""CONTEXT_ONLY"",""numeric_t90_usable"":false,""same_measurement_cluster_id"":""existing_hp_to_1b_中川圭太_2021_4.01_6"",""source_name"":""パ・リーグ.com"",""source_url"":""https://pacificleague.com/news/32690"",""reason"":null}]",NOT_QUEUED
太田 椋,91395138,オリックス・バファローズ,,,,31.7,B4_MID_UPPER_COHORT_OCTILE,42,100,"{""PA"":347,""games"":85,""pa_bucket"":""PA_200_399"",""full_effort_run_proxy_count"":30,""npb_plus_sample_count"":null,""npb_plus_qualified_run_count"":null,""data_completeness"":""partial_tier_A_C_unavailable""}",[],[],[],[],[],"[""npb_plus_2026_current_roster_100""]","{""current_npb_plus_rank"":42,""current_npb_plus_size"":100,""current_npb_plus_band"":""B4_MID_UPPER_COHORT_OCTILE"",""basis"":""WITHIN_SAME_METRIC_SAME_COHORT_ONLY""}",[],[],"{""status"":""ANCHOR_RESOLVED_MODERATE"",""status_reasons"":[""CURRENT_NPB_PLUS_ORDINAL_HAS_FULL_100_ROSTER_BRACKETING_BUT_PUBLIC_SAMPLE_COUNTS_ARE_NOT_PUBLISHED""],""high_confidence_anchor_count"":0,""same_cohort_order_conflict_count"":0}",INSUFFICIENT_SHORT_DISTANCE_EVIDENCE,NO_DIRECTIONALLY_COMPARABLE_SHORT_DISTANCE_EVIDENCE,"[""INSUFFICIENT_SHORT_DISTANCE_EVIDENCE""]","{""current_signal_year"":2026,""comparison_relevant_evidence_count"":0,""known_measurement_years"":[],""known_non_2026_measurement_years"":[],""unknown_measurement_era_count"":0,""has_known_non_2026_measurement"":false,""has_unknown_measurement_era"":false,""all_comparison_relevant_measurements_current_2026"":false}",[],NOT_QUEUED
宗 佑磨,11815130,オリックス・バファローズ,,,,31.9,B4_MID_UPPER_COHORT_OCTILE,38,100,"{""PA"":388,""games"":96,""pa_bucket"":""PA_200_399"",""full_effort_run_proxy_count"":41,""npb_plus_sample_count"":null,""npb_plus_qualified_run_count"":null,""data_completeness"":""partial_tier_A_C_unavailable""}",[],[],[],[],[],"[""npb_plus_2026_current_roster_100""]","{""current_npb_plus_rank"":38,""current_npb_plus_size"":100,""current_npb_plus_band"":""B4_MID_UPPER_COHORT_OCTILE"",""basis"":""WITHIN_SAME_METRIC_SAME_COHORT_ONLY""}",[],[],"{""status"":""ANCHOR_RESOLVED_MODERATE"",""status_reasons"":[""CURRENT_NPB_PLUS_ORDINAL_HAS_FULL_100_ROSTER_BRACKETING_BUT_PUBLIC_SAMPLE_COUNTS_ARE_NOT_PUBLISHED""],""high_confidence_anchor_count"":0,""same_cohort_order_conflict_count"":0}",INSUFFICIENT_SHORT_DISTANCE_EVIDENCE,NO_DIRECTIONALLY_COMPARABLE_SHORT_DISTANCE_EVIDENCE,"[""INSUFFICIENT_SHORT_DISTANCE_EVIDENCE""]","{""current_signal_year"":2026,""comparison_relevant_evidence_count"":0,""known_measurement_years"":[],""known_non_2026_measurement_years"":[],""unknown_measurement_era_count"":0,""has_known_non_2026_measurement"":false,""has_unknown_measurement_era"":false,""all_comparison_relevant_measurements_current_2026"":false}",[],NOT_QUEUED
来田 涼斗,51955153,オリックス・バファローズ,,,,32.4,B3_UPPER_MID_COHORT_OCTILE,28,100,"{""PA"":183,""games"":62,""pa_bucket"":""PA_100_199"",""full_effort_run_proxy_count"":24,""npb_plus_sample_count"":null,""npb_plus_qualified_run_count"":null,""data_completeness"":""partial_tier_A_C_unavailable""}",[],[],[],[],[],"[""npb_plus_2026_current_roster_100""]","{""current_npb_plus_rank"":28,""current_npb_plus_size"":100,""current_npb_plus_band"":""B3_UPPER_MID_COHORT_OCTILE"",""basis"":""WITHIN_SAME_METRIC_SAME_COHORT_ONLY""}","[{""metric"":""50m"",""seconds"":5.9,""value"":null,""unit"":null,""measurement_year"":""unknown"",""measurement_date"":null,""measurement_year_inferred"":false,""cohort"":""unknown"",""timing_method"":""unknown"",""start_protocol"":""unknown"",""source_tier"":""B"",""usage_class"":""HISTORICAL_PROFILE_HINT"",""numeric_t90_usable"":false,""same_measurement_cluster_id"":""kita_50m_profile"",""source_name"":""日刊スポーツ"",""source_url"":""https://www.nikkansports.com/baseball/column/baseballcountry/news/202003140000249.html"",""reason"":null}]","[""unknown""]","{""status"":""ANCHOR_RESOLVED_MODERATE"",""status_reasons"":[""CURRENT_NPB_PLUS_ORDINAL_HAS_FULL_100_ROSTER_BRACKETING_BUT_PUBLIC_SAMPLE_COUNTS_ARE_NOT_PUBLISHED""],""high_confidence_anchor_count"":0,""same_cohort_order_conflict_count"":0}",INSUFFICIENT_SHORT_DISTANCE_EVIDENCE,NO_DIRECTIONALLY_COMPARABLE_SHORT_DISTANCE_EVIDENCE,"[""INSUFFICIENT_SHORT_DISTANCE_EVIDENCE""]","{""current_signal_year"":2026,""comparison_relevant_evidence_count"":0,""known_measurement_years"":[],""known_non_2026_measurement_years"":[],""unknown_measurement_era_count"":0,""has_known_non_2026_measurement"":false,""has_unknown_measurement_era"":false,""all_comparison_relevant_measurements_current_2026"":false}",[],NOT_QUEUED
森 友哉,91495139,オリックス・バファローズ,,,,31.2,B5_MID_LOWER_COHORT_OCTILE,62,100,"{""PA"":250,""games"":65,""pa_bucket"":""PA_200_399"",""full_effort_run_proxy_count"":25,""npb_plus_sample_count"":null,""npb_plus_qualified_run_count"":null,""data_completeness"":""partial_tier_A_C_unavailable""}",[],[],[],[],[],"[""npb_plus_2026_current_roster_100""]","{""current_npb_plus_rank"":62,""current_npb_plus_size"":100,""current_npb_plus_band"":""B5_MID_LOWER_COHORT_OCTILE"",""basis"":""WITHIN_SAME_METRIC_SAME_COHORT_ONLY""}","[{""metric"":""50m"",""seconds"":6.2,""value"":null,""unit"":null,""measurement_year"":""unknown"",""measurement_date"":null,""measurement_year_inferred"":false,""cohort"":""unknown"",""timing_method"":""unknown"",""start_protocol"":""unknown"",""source_tier"":""B"",""usage_class"":""HISTORICAL_PROFILE_HINT"",""numeric_t90_usable"":false,""same_measurement_cluster_id"":""mori_50m_profile"",""source_name"":""日刊スポーツ"",""source_url"":""https://www.nikkansports.com/baseball/professional/draft/2013/news/p-bb-tp0-20131209-1228895.html"",""reason"":null}]","[""unknown""]","{""status"":""ANCHOR_RESOLVED_MODERATE"",""status_reasons"":[""CURRENT_NPB_PLUS_ORDINAL_HAS_FULL_100_ROSTER_BRACKETING_BUT_PUBLIC_SAMPLE_COUNTS_ARE_NOT_PUBLISHED""],""high_confidence_anchor_count"":0,""same_cohort_order_conflict_count"":0}",INSUFFICIENT_SHORT_DISTANCE_EVIDENCE,NO_DIRECTIONALLY_COMPARABLE_SHORT_DISTANCE_EVIDENCE,"[""INSUFFICIENT_SHORT_DISTANCE_EVIDENCE""]","{""current_signal_year"":2026,""comparison_relevant_evidence_count"":0,""known_measurement_years"":[],""known_non_2026_measurement_years"":[],""unknown_measurement_era_count"":0,""has_known_non_2026_measurement"":false,""has_unknown_measurement_era"":false,""all_comparison_relevant_measurements_current_2026"":false}",[],NOT_QUEUED
紅林 弘太郎,91995151,オリックス・バファローズ,,,,30.7,B6_LOWER_MID_COHORT_OCTILE,72,100,"{""PA"":365,""games"":95,""pa_bucket"":""PA_200_399"",""full_effort_run_proxy_count"":28,""npb_plus_sample_count"":null,""npb_plus_qualified_run_count"":null,""data_completeness"":""partial_tier_A_C_unavailable""}",[],[],[],[],[],"[""npb_plus_2026_current_roster_100""]","{""current_npb_plus_rank"":72,""current_npb_plus_size"":100,""current_npb_plus_band"":""B6_LOWER_MID_COHORT_OCTILE"",""basis"":""WITHIN_SAME_METRIC_SAME_COHORT_ONLY""}",[],[],"{""status"":""ANCHOR_RESOLVED_MODERATE"",""status_reasons"":[""CURRENT_NPB_PLUS_ORDINAL_HAS_FULL_100_ROSTER_BRACKETING_BUT_PUBLIC_SAMPLE_COUNTS_ARE_NOT_PUBLISHED""],""high_confidence_anchor_count"":0,""same_cohort_order_conflict_count"":0}",INSUFFICIENT_SHORT_DISTANCE_EVIDENCE,NO_DIRECTIONALLY_COMPARABLE_SHORT_DISTANCE_EVIDENCE,"[""INSUFFICIENT_SHORT_DISTANCE_EVIDENCE""]","{""current_signal_year"":2026,""comparison_relevant_evidence_count"":0,""known_measurement_years"":[],""known_non_2026_measurement_years"":[],""unknown_measurement_era_count"":0,""has_known_non_2026_measurement"":false,""has_unknown_measurement_era"":false,""all_comparison_relevant_measurements_current_2026"":false}",[],NOT_QUEUED
若月 健矢,41645139,オリックス・バファローズ,,,,30.7,B6_LOWER_MID_COHORT_OCTILE,73,100,"{""PA"":244,""games"":80,""pa_bucket"":""PA_200_399"",""full_effort_run_proxy_count"":20,""npb_plus_sample_count"":null,""npb_plus_qualified_run_count"":null,""data_completeness"":""partial_tier_A_C_unavailable""}",[],[],[],[],[],"[""npb_plus_2026_current_roster_100""]","{""current_npb_plus_rank"":73,""current_npb_plus_size"":100,""current_npb_plus_band"":""B6_LOWER_MID_COHORT_OCTILE"",""basis"":""WITHIN_SAME_METRIC_SAME_COHORT_ONLY""}",[],[],"{""status"":""ANCHOR_RESOLVED_MODERATE"",""status_reasons"":[""CURRENT_NPB_PLUS_ORDINAL_HAS_FULL_100_ROSTER_BRACKETING_BUT_PUBLIC_SAMPLE_COUNTS_ARE_NOT_PUBLISHED""],""high_confidence_anchor_count"":0,""same_cohort_order_conflict_count"":0}",INSUFFICIENT_SHORT_DISTANCE_EVIDENCE,NO_DIRECTIONALLY_COMPARABLE_SHORT_DISTANCE_EVIDENCE,"[""INSUFFICIENT_SHORT_DISTANCE_EVIDENCE""]","{""current_signal_year"":2026,""comparison_relevant_evidence_count"":0,""known_measurement_years"":[],""known_non_2026_measurement_years"":[],""unknown_measurement_era_count"":0,""has_known_non_2026_measurement"":false,""has_unknown_measurement_era"":false,""all_comparison_relevant_measurements_current_2026"":false}",[],NOT_QUEUED
西川 龍馬,71475132,オリックス・バファローズ,,,,31.1,B6_LOWER_MID_COHORT_OCTILE,65,100,"{""PA"":436,""games"":102,""pa_bucket"":""PA_400_PLUS"",""full_effort_run_proxy_count"":57,""npb_plus_sample_count"":null,""npb_plus_qualified_run_count"":null,""data_completeness"":""partial_tier_A_C_unavailable""}",[],[],[],[],[],"[""npb_plus_2026_current_roster_100""]","{""current_npb_plus_rank"":65,""current_npb_plus_size"":100,""current_npb_plus_band"":""B6_LOWER_MID_COHORT_OCTILE"",""basis"":""WITHIN_SAME_METRIC_SAME_COHORT_ONLY""}",[],[],"{""status"":""ANCHOR_RESOLVED_MODERATE"",""status_reasons"":[""CURRENT_NPB_PLUS_ORDINAL_HAS_FULL_100_ROSTER_BRACKETING_BUT_PUBLIC_SAMPLE_COUNTS_ARE_NOT_PUBLISHED""],""high_confidence_anchor_count"":0,""same_cohort_order_conflict_count"":0}",INSUFFICIENT_SHORT_DISTANCE_EVIDENCE,NO_DIRECTIONALLY_COMPARABLE_SHORT_DISTANCE_EVIDENCE,"[""INSUFFICIENT_SHORT_DISTANCE_EVIDENCE""]","{""current_signal_year"":2026,""comparison_relevant_evidence_count"":0,""known_measurement_years"":[],""known_non_2026_measurement_years"":[],""unknown_measurement_era_count"":0,""has_known_non_2026_measurement"":false,""has_unknown_measurement_era"":false,""all_comparison_relevant_measurements_current_2026"":false}",[],NOT_QUEUED
西野 真弘,91495130,オリックス・バファローズ,,,,31.6,B4_MID_UPPER_COHORT_OCTILE,49,100,"{""PA"":85,""games"":29,""pa_bucket"":""PA_50_99"",""full_effort_run_proxy_count"":15,""npb_plus_sample_count"":null,""npb_plus_qualified_run_count"":null,""data_completeness"":""partial_tier_A_C_unavailable""}",[],[],[],[],[],"[""npb_plus_2026_current_roster_100""]","{""current_npb_plus_rank"":49,""current_npb_plus_size"":100,""current_npb_plus_band"":""B4_MID_UPPER_COHORT_OCTILE"",""basis"":""WITHIN_SAME_METRIC_SAME_COHORT_ONLY""}",[],[],"{""status"":""SNS_TIEBREAK"",""status_reasons"":[""SOURCE_PA_UNDER_100_AND_QUALIFIED_RUN_COUNT_NOT_PUBLISHED""],""high_confidence_anchor_count"":0,""same_cohort_order_conflict_count"":0}",INSUFFICIENT_SHORT_DISTANCE_EVIDENCE,NO_DIRECTIONALLY_COMPARABLE_SHORT_DISTANCE_EVIDENCE,"[""INSUFFICIENT_SHORT_DISTANCE_EVIDENCE""]","{""current_signal_year"":2026,""comparison_relevant_evidence_count"":0,""known_measurement_years"":[],""known_non_2026_measurement_years"":[],""unknown_measurement_era_count"":0,""has_known_non_2026_measurement"":false,""has_unknown_measurement_era"":false,""all_comparison_relevant_measurements_current_2026"":false}",[],RETAINED_FROM_EXISTING_PHYSICAL_QUEUE
カリステ,93795157,中日ドラゴンズ,,,,31.3,B5_MID_LOWER_COHORT_OCTILE,59,100,"{""PA"":67,""games"":26,""pa_bucket"":""PA_50_99"",""full_effort_run_proxy_count"":7,""npb_plus_sample_count"":null,""npb_plus_qualified_run_count"":null,""data_completeness"":""partial_tier_A_C_unavailable""}","[{""metric"":""T90ft"",""seconds"":3.94,""value"":null,""unit"":null,""measurement_year"":2017,""measurement_date"":null,""measurement_year_inferred"":false,""cohort"":""seasonal qualified MLB runs"",""timing_method"":""Statcast official leaderboard"",""start_protocol"":""qualified home-to-first runs extrapolated to 90ft"",""source_tier"":""A"",""usage_class"":""HISTORICAL_PROFILE_HINT"",""numeric_t90_usable"":false,""same_measurement_cluster_id"":""mlb_statcast_running_splits_カリステ_2017"",""source_name"":""Baseball Savant / Statcast"",""source_url"":""https://baseballsavant.mlb.com/running_splits?bats=&min=5&position=&team=&type=raw&year=2017"",""reason"":null}]",[2017],"[{""metric"":""T10ft"",""seconds"":0.87,""value"":null,""unit"":null,""measurement_year"":2017,""measurement_date"":null,""measurement_year_inferred"":false,""cohort"":""seasonal qualified MLB runs"",""timing_method"":""Statcast official leaderboard"",""start_protocol"":""qualified home-to-first runs extrapolated to 90ft"",""source_tier"":""A"",""usage_class"":""STANDARDIZED_PRIOR"",""numeric_t90_usable"":false,""same_measurement_cluster_id"":""mlb_statcast_running_splits_カリステ_2017"",""source_name"":""Baseball Savant / Statcast"",""source_url"":""https://baseballsavant.mlb.com/running_splits?bats=&min=5&position=&team=&type=raw&year=2017"",""reason"":null},{""metric"":""T30ft"",""seconds"":1.82,""value"":null,""unit"":null,""measurement_year"":2017,""measurement_date"":null,""measurement_year_inferred"":false,""cohort"":""seasonal qualified MLB runs"",""timing_method"":""Statcast official leaderboard"",""start_protocol"":""qualified home-to-first runs extrapolated to 90ft"",""source_tier"":""A"",""usage_class"":""STANDARDIZED_PRIOR"",""numeric_t90_usable"":false,""same_measurement_cluster_id"":""mlb_statcast_running_splits_カリステ_2017"",""source_name"":""Baseball Savant / Statcast"",""source_url"":""https://baseballsavant.mlb.com/running_splits?bats=&min=5&position=&team=&type=raw&year=2017"",""reason"":null}]",[],[],"[""npb_plus_2026_current_roster_100"",""seasonal qualified MLB runs""]","{""current_npb_plus_rank"":59,""current_npb_plus_size"":100,""current_npb_plus_band"":""B5_MID_LOWER_COHORT_OCTILE"",""basis"":""WITHIN_SAME_METRIC_SAME_COHORT_ONLY""}","[{""metric"":""T90ft"",""seconds"":3.94,""value"":null,""unit"":null,""measurement_year"":2017,""measurement_date"":null,""measurement_year_inferred"":false,""cohort"":""seasonal qualified MLB runs"",""timing_method"":""Statcast official leaderboard"",""start_protocol"":""qualified home-to-first runs extrapolated to 90ft"",""source_tier"":""A"",""usage_class"":""HISTORICAL_PROFILE_HINT"",""numeric_t90_usable"":false,""same_measurement_cluster_id"":""mlb_statcast_running_splits_カリステ_2017"",""source_name"":""Baseball Savant / Statcast"",""source_url"":""https://baseballsavant.mlb.com/running_splits?bats=&min=5&position=&team=&type=raw&year=2017"",""reason"":null},{""metric"":""MLB_Sprint_Speed"",""seconds"":null,""value"":29.3,""unit"":""ft/s"",""measurement_year"":2017,""measurement_date"":null,""measurement_year_inferred"":false,""cohort"":""seasonal qualified MLB runs"",""timing_method"":""Statcast official leaderboard"",""start_protocol"":""qualified home-to-first runs extrapolated to 90ft"",""source_tier"":""A"",""usage_class"":""HISTORICAL_PROFILE_HINT"",""numeric_t90_usable"":false,""same_measurement_cluster_id"":""mlb_statcast_running_splits_カリステ_2017"",""source_name"":""Baseball Savant / Statcast"",""source_url"":""https://baseballsavant.mlb.com/leaderboard/sprint_speed?year=2017&position=&team=&min=10"",""reason"":null}]",[2017],"{""status"":""SNS_TIEBREAK"",""status_reasons"":[""SOURCE_PA_UNDER_100_AND_QUALIFIED_RUN_COUNT_NOT_PUBLISHED""],""high_confidence_anchor_count"":1,""same_cohort_order_conflict_count"":0}",TEMPORAL_CONSTRUCT_CONFLICT,V2_KNOWN_NON_2026_COMPARISON_MEASUREMENT,"[""TEMPORAL_CONSTRUCT_CONFLICT""]","{""current_signal_year"":2026,""comparison_relevant_evidence_count"":3,""known_measurement_years"":[2017],""known_non_2026_measurement_years"":[2017],""unknown_measurement_era_count"":0,""has_known_non_2026_measurement"":true,""has_unknown_measurement_era"":false,""all_comparison_relevant_measurements_current_2026"":false}",[],RETAINED_FROM_EXISTING_PHYSICAL_QUEUE
土田 龍空,51455153,中日ドラゴンズ,,,,31.2,B6_LOWER_MID_COHORT_OCTILE,63,100,"{""PA"":43,""games"":38,""pa_bucket"":""PA_25_49"",""full_effort_run_proxy_count"":3,""npb_plus_sample_count"":null,""npb_plus_qualified_run_count"":null,""data_completeness"":""partial_tier_A_C_unavailable""}",[],[],[],[],[],"[""npb_plus_2026_current_roster_100""]","{""current_npb_plus_rank"":63,""current_npb_plus_size"":100,""current_npb_plus_band"":""B6_LOWER_MID_COHORT_OCTILE"",""basis"":""WITHIN_SAME_METRIC_SAME_COHORT_ONLY""}",[],[],"{""status"":""SNS_TIEBREAK"",""status_reasons"":[""SOURCE_PA_UNDER_100_AND_QUALIFIED_RUN_COUNT_NOT_PUBLISHED""],""high_confidence_anchor_count"":0,""same_cohort_order_conflict_count"":0}",INSUFFICIENT_SHORT_DISTANCE_EVIDENCE,NO_DIRECTIONALLY_COMPARABLE_SHORT_DISTANCE_EVIDENCE,"[""INSUFFICIENT_SHORT_DISTANCE_EVIDENCE""]","{""current_signal_year"":2026,""comparison_relevant_evidence_count"":0,""known_measurement_years"":[],""known_non_2026_measurement_years"":[],""unknown_measurement_era_count"":0,""has_known_non_2026_measurement"":false,""has_unknown_measurement_era"":false,""all_comparison_relevant_measurements_current_2026"":false}",[],RETAINED_FROM_EXISTING_PHYSICAL_QUEUE
大島 洋平,01305131,中日ドラゴンズ,,,,31.7,B4_MID_UPPER_COHORT_OCTILE,43,100,"{""PA"":66,""games"":21,""pa_bucket"":""PA_50_99"",""full_effort_run_proxy_count"":13,""npb_plus_sample_count"":null,""npb_plus_qualified_run_count"":null,""data_completeness"":""partial_tier_A_C_unavailable""}",[],[],[],[],[],"[""npb_plus_2026_current_roster_100""]","{""current_npb_plus_rank"":43,""current_npb_plus_size"":100,""current_npb_plus_band"":""B4_MID_UPPER_COHORT_OCTILE"",""basis"":""WITHIN_SAME_METRIC_SAME_COHORT_ONLY""}",[],[],"{""status"":""SNS_TIEBREAK"",""status_reasons"":[""SOURCE_PA_UNDER_100_AND_QUALIFIED_RUN_COUNT_NOT_PUBLISHED""],""high_confidence_anchor_count"":0,""same_cohort_order_conflict_count"":0}",INSUFFICIENT_SHORT_DISTANCE_EVIDENCE,NO_DIRECTIONALLY_COMPARABLE_SHORT_DISTANCE_EVIDENCE,"[""INSUFFICIENT_SHORT_DISTANCE_EVIDENCE""]","{""current_signal_year"":2026,""comparison_relevant_evidence_count"":0,""known_measurement_years"":[],""known_non_2026_measurement_years"":[],""unknown_measurement_era_count"":0,""has_known_non_2026_measurement"":false,""has_unknown_measurement_era"":false,""all_comparison_relevant_measurements_current_2026"":false}","[{""metric"":""hp_to_1b"",""seconds"":3.96,""value"":null,""unit"":null,""measurement_year"":2007,""measurement_date"":null,""measurement_year_inferred"":false,""cohort"":""unknown"",""timing_method"":""unknown"",""start_protocol"":""swing_to_run_in_game_second_base_grounder"",""source_tier"":""B"",""usage_class"":""CONTEXT_ONLY"",""numeric_t90_usable"":false,""same_measurement_cluster_id"":""oshima_hp_to_1b_2007_grounder"",""source_name"":""GOETHE"",""source_url"":""https://goetheweb.jp/person/article/20230907-yohei-oshima"",""reason"":null},{""metric"":""hp_to_1b"",""seconds"":3.79,""value"":null,""unit"":null,""measurement_year"":2007,""measurement_date"":null,""measurement_year_inferred"":false,""cohort"":""unknown"",""timing_method"":""unknown"",""start_protocol"":""swing_to_run_bunt_early_start"",""source_tier"":""B"",""usage_class"":""CONTEXT_ONLY"",""numeric_t90_usable"":false,""same_measurement_cluster_id"":""oshima_hp_to_1b_2007_bunt"",""source_name"":""GOETHE"",""source_url"":""https://goetheweb.jp/person/article/20230907-yohei-oshima"",""reason"":null}]",RETAINED_FROM_EXISTING_PHYSICAL_QUEUE
岡林 勇希,81585151,中日ドラゴンズ,,,,32.5,B3_UPPER_MID_COHORT_OCTILE,26,100,"{""PA"":235,""games"":54,""pa_bucket"":""PA_200_399"",""full_effort_run_proxy_count"":39,""npb_plus_sample_count"":null,""npb_plus_qualified_run_count"":null,""data_completeness"":""partial_tier_A_C_unavailable""}",[],[],[],[],[],"[""npb_plus_2026_current_roster_100""]","{""current_npb_plus_rank"":26,""current_npb_plus_size"":100,""current_npb_plus_band"":""B3_UPPER_MID_COHORT_OCTILE"",""basis"":""WITHIN_SAME_METRIC_SAME_COHORT_ONLY""}","[{""metric"":""50m"",""seconds"":5.8,""value"":null,""unit"":null,""measurement_year"":2019,""measurement_date"":null,""measurement_year_inferred"":false,""cohort"":""unknown"",""timing_method"":""unknown"",""start_protocol"":""unknown"",""source_tier"":""B"",""usage_class"":""HISTORICAL_PROFILE_HINT"",""numeric_t90_usable"":false,""same_measurement_cluster_id"":""okabayashi_komono_50m_profile"",""source_name"":""日刊スポーツ"",""source_url"":""https://www.nikkansports.com/baseball/news/201910290000658.html"",""reason"":null}]",[2019],"{""status"":""ANCHOR_RESOLVED_MODERATE"",""status_reasons"":[""CURRENT_NPB_PLUS_ORDINAL_HAS_FULL_100_ROSTER_BRACKETING_BUT_PUBLIC_SAMPLE_COUNTS_ARE_NOT_PUBLISHED""],""high_confidence_anchor_count"":0,""same_cohort_order_conflict_count"":0}",INSUFFICIENT_SHORT_DISTANCE_EVIDENCE,NO_DIRECTIONALLY_COMPARABLE_SHORT_DISTANCE_EVIDENCE,"[""INSUFFICIENT_SHORT_DISTANCE_EVIDENCE""]","{""current_signal_year"":2026,""comparison_relevant_evidence_count"":0,""known_measurement_years"":[],""known_non_2026_measurement_years"":[],""unknown_measurement_era_count"":0,""has_known_non_2026_measurement"":false,""has_unknown_measurement_era"":false,""all_comparison_relevant_measurements_current_2026"":false}",[],NOT_QUEUED
木下 拓哉,31735132,中日ドラゴンズ,,,,29.4,B8_SLOWEST_COHORT_OCTILE,95,100,"{""PA"":63,""games"":21,""pa_bucket"":""PA_50_99"",""full_effort_run_proxy_count"":4,""npb_plus_sample_count"":null,""npb_plus_qualified_run_count"":null,""data_completeness"":""partial_tier_A_C_unavailable""}",[],[],[],[],[],"[""npb_plus_2026_current_roster_100""]","{""current_npb_plus_rank"":95,""current_npb_plus_size"":100,""current_npb_plus_band"":""B8_SLOWEST_COHORT_OCTILE"",""basis"":""WITHIN_SAME_METRIC_SAME_COHORT_ONLY""}",[],[],"{""status"":""SNS_TIEBREAK"",""status_reasons"":[""SOURCE_PA_UNDER_100_AND_QUALIFIED_RUN_COUNT_NOT_PUBLISHED""],""high_confidence_anchor_count"":0,""same_cohort_order_conflict_count"":0}",INSUFFICIENT_SHORT_DISTANCE_EVIDENCE,NO_DIRECTIONALLY_COMPARABLE_SHORT_DISTANCE_EVIDENCE,"[""INSUFFICIENT_SHORT_DISTANCE_EVIDENCE""]","{""current_signal_year"":2026,""comparison_relevant_evidence_count"":0,""known_measurement_years"":[],""known_non_2026_measurement_years"":[],""unknown_measurement_era_count"":0,""has_known_non_2026_measurement"":false,""has_unknown_measurement_era"":false,""all_comparison_relevant_measurements_current_2026"":false}",[],RETAINED_FROM_EXISTING_PHYSICAL_QUEUE
村松 開人,03105157,中日ドラゴンズ,,,,33.4,B1_FASTEST_COHORT_OCTILE,9,100,"{""PA"":413,""games"":99,""pa_bucket"":""PA_400_PLUS"",""full_effort_run_proxy_count"":55,""npb_plus_sample_count"":null,""npb_plus_qualified_run_count"":null,""data_completeness"":""partial_tier_A_C_unavailable""}",[],[],[],[],[],"[""npb_plus_2026_current_roster_100""]","{""current_npb_plus_rank"":9,""current_npb_plus_size"":100,""current_npb_plus_band"":""B1_FASTEST_COHORT_OCTILE"",""basis"":""WITHIN_SAME_METRIC_SAME_COHORT_ONLY""}",[],[],"{""status"":""ANCHOR_RESOLVED_MODERATE"",""status_reasons"":[""CURRENT_NPB_PLUS_ORDINAL_HAS_FULL_100_ROSTER_BRACKETING_BUT_PUBLIC_SAMPLE_COUNTS_ARE_NOT_PUBLISHED""],""high_confidence_anchor_count"":0,""same_cohort_order_conflict_count"":0}",INSUFFICIENT_SHORT_DISTANCE_EVIDENCE,NO_DIRECTIONALLY_COMPARABLE_SHORT_DISTANCE_EVIDENCE,"[""INSUFFICIENT_SHORT_DISTANCE_EVIDENCE""]","{""current_signal_year"":2026,""comparison_relevant_evidence_count"":0,""known_measurement_years"":[],""known_non_2026_measurement_years"":[],""unknown_measurement_era_count"":0,""has_known_non_2026_measurement"":false,""has_unknown_measurement_era"":false,""all_comparison_relevant_measurements_current_2026"":false}",[],NOT_QUEUED
板山 祐太郎,91395132,中日ドラゴンズ,,,,32,B3_UPPER_MID_COHORT_OCTILE,36,100,"{""PA"":182,""games"":67,""pa_bucket"":""PA_100_199"",""full_effort_run_proxy_count"":18,""npb_plus_sample_count"":null,""npb_plus_qualified_run_count"":null,""data_completeness"":""partial_tier_A_C_unavailable""}",[],[],[],[],[],"[""npb_plus_2026_current_roster_100""]","{""current_npb_plus_rank"":36,""current_npb_plus_size"":100,""current_npb_plus_band"":""B3_UPPER_MID_COHORT_OCTILE"",""basis"":""WITHIN_SAME_METRIC_SAME_COHORT_ONLY""}",[],[],"{""status"":""ANCHOR_RESOLVED_MODERATE"",""status_reasons"":[""CURRENT_NPB_PLUS_ORDINAL_HAS_FULL_100_ROSTER_BRACKETING_BUT_PUBLIC_SAMPLE_COUNTS_ARE_NOT_PUBLISHED""],""high_confidence_anchor_count"":0,""same_cohort_order_conflict_count"":0}",INSUFFICIENT_SHORT_DISTANCE_EVIDENCE,NO_DIRECTIONALLY_COMPARABLE_SHORT_DISTANCE_EVIDENCE,"[""INSUFFICIENT_SHORT_DISTANCE_EVIDENCE""]","{""current_signal_year"":2026,""comparison_relevant_evidence_count"":0,""known_measurement_years"":[],""known_non_2026_measurement_years"":[],""unknown_measurement_era_count"":0,""has_known_non_2026_measurement"":false,""has_unknown_measurement_era"":false,""all_comparison_relevant_measurements_current_2026"":false}",[],NOT_QUEUED
田中 幹也,21025157,中日ドラゴンズ,,,,33.5,B1_FASTEST_COHORT_OCTILE,7,100,"{""PA"":247,""games"":73,""pa_bucket"":""PA_200_399"",""full_effort_run_proxy_count"":48,""npb_plus_sample_count"":null,""npb_plus_qualified_run_count"":null,""data_completeness"":""partial_tier_A_C_unavailable""}",[],[],[],[],[],"[""npb_plus_2026_current_roster_100""]","{""current_npb_plus_rank"":7,""current_npb_plus_size"":100,""current_npb_plus_band"":""B1_FASTEST_COHORT_OCTILE"",""basis"":""WITHIN_SAME_METRIC_SAME_COHORT_ONLY""}","[{""metric"":""50m"",""seconds"":5.9,""value"":null,""unit"":null,""measurement_year"":""unknown"",""measurement_date"":null,""measurement_year_inferred"":false,""cohort"":""unknown"",""timing_method"":""unknown"",""start_protocol"":""unknown"",""source_tier"":""B"",""usage_class"":""HISTORICAL_PROFILE_HINT"",""numeric_t90_usable"":false,""same_measurement_cluster_id"":""tanaka_mikiya_adai_50m_profile"",""source_name"":""日刊スポーツ"",""source_url"":""https://www.nikkansports.com/baseball/news/202210310000557.html"",""reason"":null}]","[""unknown""]","{""status"":""ANCHOR_RESOLVED_MODERATE"",""status_reasons"":[""CURRENT_NPB_PLUS_ORDINAL_HAS_FULL_100_ROSTER_BRACKETING_BUT_PUBLIC_SAMPLE_COUNTS_ARE_NOT_PUBLISHED""],""high_confidence_anchor_count"":0,""same_cohort_order_conflict_count"":0}",INSUFFICIENT_SHORT_DISTANCE_EVIDENCE,NO_DIRECTIONALLY_COMPARABLE_SHORT_DISTANCE_EVIDENCE,"[""INSUFFICIENT_SHORT_DISTANCE_EVIDENCE""]","{""current_signal_year"":2026,""comparison_relevant_evidence_count"":0,""known_measurement_years"":[],""known_non_2026_measurement_years"":[],""unknown_measurement_era_count"":0,""has_known_non_2026_measurement"":false,""has_unknown_measurement_era"":false,""all_comparison_relevant_measurements_current_2026"":false}",[],NOT_QUEUED
石川 昂弥,91195151,中日ドラゴンズ,,,,30.6,B6_LOWER_MID_COHORT_OCTILE,75,100,"{""PA"":236,""games"":64,""pa_bucket"":""PA_200_399"",""full_effort_run_proxy_count"":20,""npb_plus_sample_count"":null,""npb_plus_qualified_run_count"":null,""data_completeness"":""partial_tier_A_C_unavailable""}",[],[],[],[],[],"[""npb_plus_2026_current_roster_100""]","{""current_npb_plus_rank"":75,""current_npb_plus_size"":100,""current_npb_plus_band"":""B6_LOWER_MID_COHORT_OCTILE"",""basis"":""WITHIN_SAME_METRIC_SAME_COHORT_ONLY""}",[],[],"{""status"":""ANCHOR_RESOLVED_MODERATE"",""status_reasons"":[""CURRENT_NPB_PLUS_ORDINAL_HAS_FULL_100_ROSTER_BRACKETING_BUT_PUBLIC_SAMPLE_COUNTS_ARE_NOT_PUBLISHED""],""high_confidence_anchor_count"":0,""same_cohort_order_conflict_count"":0}",INSUFFICIENT_SHORT_DISTANCE_EVIDENCE,NO_DIRECTIONALLY_COMPARABLE_SHORT_DISTANCE_EVIDENCE,"[""INSUFFICIENT_SHORT_DISTANCE_EVIDENCE""]","{""current_signal_year"":2026,""comparison_relevant_evidence_count"":0,""known_measurement_years"":[],""known_non_2026_measurement_years"":[],""unknown_measurement_era_count"":0,""has_known_non_2026_measurement"":false,""has_unknown_measurement_era"":false,""all_comparison_relevant_measurements_current_2026"":false}",[],NOT_QUEUED
福永 裕基,81685157,中日ドラゴンズ,,,,33,B2_UPPER_COHORT_OCTILE,13,100,"{""PA"":256,""games"":73,""pa_bucket"":""PA_200_399"",""full_effort_run_proxy_count"":31,""npb_plus_sample_count"":null,""npb_plus_qualified_run_count"":null,""data_completeness"":""partial_tier_A_C_unavailable""}",[],[],[],[],[],"[""npb_plus_2026_current_roster_100""]","{""current_npb_plus_rank"":13,""current_npb_plus_size"":100,""current_npb_plus_band"":""B2_UPPER_COHORT_OCTILE"",""basis"":""WITHIN_SAME_METRIC_SAME_COHORT_ONLY""}",[],[],"{""status"":""ANCHOR_RESOLVED_MODERATE"",""status_reasons"":[""CURRENT_NPB_PLUS_ORDINAL_HAS_FULL_100_ROSTER_BRACKETING_BUT_PUBLIC_SAMPLE_COUNTS_ARE_NOT_PUBLISHED""],""high_confidence_anchor_count"":0,""same_cohort_order_conflict_count"":0}",INSUFFICIENT_SHORT_DISTANCE_EVIDENCE,NO_DIRECTIONALLY_COMPARABLE_SHORT_DISTANCE_EVIDENCE,"[""INSUFFICIENT_SHORT_DISTANCE_EVIDENCE""]","{""current_signal_year"":2026,""comparison_relevant_evidence_count"":0,""known_measurement_years"":[],""known_non_2026_measurement_years"":[],""unknown_measurement_era_count"":0,""has_known_non_2026_measurement"":false,""has_unknown_measurement_era"":false,""all_comparison_relevant_measurements_current_2026"":false}",[],NOT_QUEUED
細川 成也,31835134,中日ドラゴンズ,,,,32.7,B2_UPPER_COHORT_OCTILE,20,100,"{""PA"":429,""games"":102,""pa_bucket"":""PA_400_PLUS"",""full_effort_run_proxy_count"":37,""npb_plus_sample_count"":null,""npb_plus_qualified_run_count"":null,""data_completeness"":""partial_tier_A_C_unavailable""}",[],[],[],[],[],"[""npb_plus_2026_current_roster_100""]","{""current_npb_plus_rank"":20,""current_npb_plus_size"":100,""current_npb_plus_band"":""B2_UPPER_COHORT_OCTILE"",""basis"":""WITHIN_SAME_METRIC_SAME_COHORT_ONLY""}","[{""metric"":""50m"",""seconds"":6.2,""value"":null,""unit"":null,""measurement_year"":""unknown"",""measurement_date"":null,""measurement_year_inferred"":false,""cohort"":""高卒新人期の紹介で50m6.2秒。測定年・計時方式は特定できない。"",""timing_method"":""unknown"",""start_protocol"":""unknown"",""source_tier"":""B"",""usage_class"":""HISTORICAL_PROFILE_HINT"",""numeric_t90_usable"":false,""same_measurement_cluster_id"":""existing_outlier_細川成也_50m_6.2"",""source_name"":""BASEBALL KING"",""source_url"":""https://baseballking.jp/ns/134127/"",""reason"":null}]","[""unknown""]","{""status"":""ANCHOR_RESOLVED_MODERATE"",""status_reasons"":[""CURRENT_NPB_PLUS_ORDINAL_HAS_FULL_100_ROSTER_BRACKETING_BUT_PUBLIC_SAMPLE_COUNTS_ARE_NOT_PUBLISHED""],""high_confidence_anchor_count"":0,""same_cohort_order_conflict_count"":0}",INSUFFICIENT_SHORT_DISTANCE_EVIDENCE,NO_DIRECTIONALLY_COMPARABLE_SHORT_DISTANCE_EVIDENCE,"[""INSUFFICIENT_SHORT_DISTANCE_EVIDENCE""]","{""current_signal_year"":2026,""comparison_relevant_evidence_count"":0,""known_measurement_years"":[],""known_non_2026_measurement_years"":[],""unknown_measurement_era_count"":0,""has_known_non_2026_measurement"":false,""has_unknown_measurement_era"":false,""all_comparison_relevant_measurements_current_2026"":false}",[],NOT_QUEUED
高橋 周平,91095135,中日ドラゴンズ,,,,29.5,B8_SLOWEST_COHORT_OCTILE,94,100,"{""PA"":102,""games"":48,""pa_bucket"":""PA_100_199"",""full_effort_run_proxy_count"":12,""npb_plus_sample_count"":null,""npb_plus_qualified_run_count"":null,""data_completeness"":""partial_tier_A_C_unavailable""}",[],[],[],[],[],"[""npb_plus_2026_current_roster_100""]","{""current_npb_plus_rank"":94,""current_npb_plus_size"":100,""current_npb_plus_band"":""B8_SLOWEST_COHORT_OCTILE"",""basis"":""WITHIN_SAME_METRIC_SAME_COHORT_ONLY""}",[],[],"{""status"":""ANCHOR_RESOLVED_MODERATE"",""status_reasons"":[""CURRENT_NPB_PLUS_ORDINAL_HAS_FULL_100_ROSTER_BRACKETING_BUT_PUBLIC_SAMPLE_COUNTS_ARE_NOT_PUBLISHED""],""high_confidence_anchor_count"":0,""same_cohort_order_conflict_count"":0}",INSUFFICIENT_SHORT_DISTANCE_EVIDENCE,NO_DIRECTIONALLY_COMPARABLE_SHORT_DISTANCE_EVIDENCE,"[""INSUFFICIENT_SHORT_DISTANCE_EVIDENCE""]","{""current_signal_year"":2026,""comparison_relevant_evidence_count"":0,""known_measurement_years"":[],""known_non_2026_measurement_years"":[],""unknown_measurement_era_count"":0,""has_known_non_2026_measurement"":false,""has_unknown_measurement_era"":false,""all_comparison_relevant_measurements_current_2026"":false}",[],NOT_QUEUED
奈良間 大己,31435157,北海道日本ハムファイターズ,,,,31.7,B4_MID_UPPER_COHORT_OCTILE,44,100,"{""PA"":192,""games"":84,""pa_bucket"":""PA_100_199"",""full_effort_run_proxy_count"":22,""npb_plus_sample_count"":null,""npb_plus_qualified_run_count"":null,""data_completeness"":""partial_tier_A_C_unavailable""}",[],[],"[{""metric"":""50m"",""seconds"":6.31,""value"":null,""unit"":null,""measurement_year"":2022,""measurement_date"":null,""measurement_year_inferred"":false,""cohort"":""侍ジャパン大学代表選考合宿"",""timing_method"":""electronic_photoelectric"",""start_protocol"":""unknown"",""source_tier"":""C"",""usage_class"":""STANDARDIZED_PRIOR"",""numeric_t90_usable"":false,""same_measurement_cluster_id"":""standardized_50m_2022-06-19_奈良間大己"",""source_name"":""Existing standardized 50m reference"",""source_url"":""https://www.youtube.com/watch?v=fC8_8iA7Cao"",""reason"":null}]",[],"[{""metric"":""50m"",""seconds"":6.31,""value"":null,""unit"":null,""measurement_year"":2022,""measurement_date"":null,""measurement_year_inferred"":false,""cohort"":""侍ジャパン大学代表選考合宿"",""timing_method"":""electronic_photoelectric"",""start_protocol"":""unknown"",""source_tier"":""C"",""usage_class"":""STANDARDIZED_PRIOR"",""numeric_t90_usable"":false,""same_measurement_cluster_id"":""standardized_50m_2022-06-19_奈良間大己"",""source_name"":""Existing standardized 50m reference"",""source_url"":""https://www.youtube.com/watch?v=fC8_8iA7Cao"",""reason"":null}]","[""npb_plus_2026_current_roster_100"",""侍ジャパン大学代表選考合宿""]","{""current_npb_plus_rank"":44,""current_npb_plus_size"":100,""current_npb_plus_band"":""B4_MID_UPPER_COHORT_OCTILE"",""basis"":""WITHIN_SAME_METRIC_SAME_COHORT_ONLY""}","[{""metric"":""50m"",""seconds"":5.8,""value"":null,""unit"":null,""measurement_year"":""unknown"",""measurement_date"":null,""measurement_year_inferred"":false,""cohort"":""unknown"",""timing_method"":""unknown"",""start_protocol"":""unknown"",""source_tier"":""B"",""usage_class"":""HISTORICAL_PROFILE_HINT"",""numeric_t90_usable"":false,""same_measurement_cluster_id"":""narama_50m_profile_claim"",""source_name"":""スポニチ"",""source_url"":""https://www.sponichi.co.jp/baseball/news/2022/11/15/kiji/20221115s00001173066000c.html"",""reason"":null}]","[2022,""unknown""]","{""status"":""ANCHOR_RESOLVED_MODERATE"",""status_reasons"":[""CURRENT_NPB_PLUS_ORDINAL_HAS_FULL_100_ROSTER_BRACKETING_BUT_PUBLIC_SAMPLE_COUNTS_ARE_NOT_PUBLISHED""],""high_confidence_anchor_count"":0,""same_cohort_order_conflict_count"":0}",TEMPORAL_CONSTRUCT_CONFLICT,V2_KNOWN_NON_2026_COMPARISON_MEASUREMENT,"[""TEMPORAL_CONSTRUCT_CONFLICT""]","{""current_signal_year"":2026,""comparison_relevant_evidence_count"":1,""known_measurement_years"":[2022],""known_non_2026_measurement_years"":[2022],""unknown_measurement_era_count"":0,""has_known_non_2026_measurement"":true,""has_unknown_measurement_era"":false,""all_comparison_relevant_measurements_current_2026"":false}",[],ADDED_FOR_TEMPORAL_CONSTRUCT_CONFLICT
水野 達稀,63165155,北海道日本ハムファイターズ,,,,33.4,B1_FASTEST_COHORT_OCTILE,10,100,"{""PA"":409,""games"":98,""pa_bucket"":""PA_400_PLUS"",""full_effort_run_proxy_count"":47,""npb_plus_sample_count"":null,""npb_plus_qualified_run_count"":null,""data_completeness"":""partial_tier_A_C_unavailable""}",[],[],[],[],[],"[""npb_plus_2026_current_roster_100""]","{""current_npb_plus_rank"":10,""current_npb_plus_size"":100,""current_npb_plus_band"":""B1_FASTEST_COHORT_OCTILE"",""basis"":""WITHIN_SAME_METRIC_SAME_COHORT_ONLY""}",[],[],"{""status"":""ANCHOR_RESOLVED_MODERATE"",""status_reasons"":[""CURRENT_NPB_PLUS_ORDINAL_HAS_FULL_100_ROSTER_BRACKETING_BUT_PUBLIC_SAMPLE_COUNTS_ARE_NOT_PUBLISHED""],""high_confidence_anchor_count"":0,""same_cohort_order_conflict_count"":0}",INSUFFICIENT_SHORT_DISTANCE_EVIDENCE,NO_DIRECTIONALLY_COMPARABLE_SHORT_DISTANCE_EVIDENCE,"[""INSUFFICIENT_SHORT_DISTANCE_EVIDENCE""]","{""current_signal_year"":2026,""comparison_relevant_evidence_count"":0,""known_measurement_years"":[],""known_non_2026_measurement_years"":[],""unknown_measurement_era_count"":0,""has_known_non_2026_measurement"":false,""has_unknown_measurement_era"":false,""all_comparison_relevant_measurements_current_2026"":false}",[],NOT_QUEUED
清宮 幸太郎,41545136,北海道日本ハムファイターズ,,,,31.7,B4_MID_UPPER_COHORT_OCTILE,45,100,"{""PA"":363,""games"":97,""pa_bucket"":""PA_200_399"",""full_effort_run_proxy_count"":42,""npb_plus_sample_count"":null,""npb_plus_qualified_run_count"":null,""data_completeness"":""partial_tier_A_C_unavailable""}",[],[],[],[],[],"[""npb_plus_2026_current_roster_100""]","{""current_npb_plus_rank"":45,""current_npb_plus_size"":100,""current_npb_plus_band"":""B4_MID_UPPER_COHORT_OCTILE"",""basis"":""WITHIN_SAME_METRIC_SAME_COHORT_ONLY""}","[{""metric"":""50m"",""seconds"":6.5,""value"":null,""unit"":null,""measurement_year"":""unknown"",""measurement_date"":null,""measurement_year_inferred"":false,""cohort"":""unknown"",""timing_method"":""unknown"",""start_protocol"":""unknown"",""source_tier"":""B"",""usage_class"":""HISTORICAL_PROFILE_HINT"",""numeric_t90_usable"":false,""same_measurement_cluster_id"":""kiyomiya_50m_profile"",""source_name"":""web Sportiva"",""source_url"":""https://sportiva.shueisha.co.jp/clm/baseball/hs_other/2016/04/05/post_726/?page=3"",""reason"":null}]","[""unknown""]","{""status"":""ANCHOR_RESOLVED_MODERATE"",""status_reasons"":[""CURRENT_NPB_PLUS_ORDINAL_HAS_FULL_100_ROSTER_BRACKETING_BUT_PUBLIC_SAMPLE_COUNTS_ARE_NOT_PUBLISHED""],""high_confidence_anchor_count"":0,""same_cohort_order_conflict_count"":0}",INSUFFICIENT_SHORT_DISTANCE_EVIDENCE,NO_DIRECTIONALLY_COMPARABLE_SHORT_DISTANCE_EVIDENCE,"[""INSUFFICIENT_SHORT_DISTANCE_EVIDENCE""]","{""current_signal_year"":2026,""comparison_relevant_evidence_count"":0,""known_measurement_years"":[],""known_non_2026_measurement_years"":[],""unknown_measurement_era_count"":0,""has_known_non_2026_measurement"":false,""has_unknown_measurement_era"":false,""all_comparison_relevant_measurements_current_2026"":false}",[],NOT_QUEUED
田宮 裕涼,51055138,北海道日本ハムファイターズ,,,,32.4,B3_UPPER_MID_COHORT_OCTILE,29,100,"{""PA"":236,""games"":74,""pa_bucket"":""PA_200_399"",""full_effort_run_proxy_count"":35,""npb_plus_sample_count"":null,""npb_plus_qualified_run_count"":null,""data_completeness"":""partial_tier_A_C_unavailable""}",[],[],[],[],[],"[""npb_plus_2026_current_roster_100""]","{""current_npb_plus_rank"":29,""current_npb_plus_size"":100,""current_npb_plus_band"":""B3_UPPER_MID_COHORT_OCTILE"",""basis"":""WITHIN_SAME_METRIC_SAME_COHORT_ONLY""}","[{""metric"":""50m"",""seconds"":null,""value"":null,""unit"":null,""measurement_year"":""unknown"",""measurement_date"":null,""measurement_year_inferred"":false,""cohort"":""unknown"",""timing_method"":""unknown"",""start_protocol"":""unknown"",""source_tier"":""B"",""usage_class"":""HISTORICAL_PROFILE_HINT"",""numeric_t90_usable"":false,""same_measurement_cluster_id"":""tamiya_50m_profile_text"",""source_name"":""日刊スポーツ"",""source_url"":""https://www.nikkansports.com/baseball/news/202212100001143.html"",""reason"":null}]","[""unknown""]","{""status"":""ANCHOR_RESOLVED_MODERATE"",""status_reasons"":[""CURRENT_NPB_PLUS_ORDINAL_HAS_FULL_100_ROSTER_BRACKETING_BUT_PUBLIC_SAMPLE_COUNTS_ARE_NOT_PUBLISHED""],""high_confidence_anchor_count"":0,""same_cohort_order_conflict_count"":0}",INSUFFICIENT_SHORT_DISTANCE_EVIDENCE,NO_DIRECTIONALLY_COMPARABLE_SHORT_DISTANCE_EVIDENCE,"[""INSUFFICIENT_SHORT_DISTANCE_EVIDENCE""]","{""current_signal_year"":2026,""comparison_relevant_evidence_count"":0,""known_measurement_years"":[],""known_non_2026_measurement_years"":[],""unknown_measurement_era_count"":0,""has_known_non_2026_measurement"":false,""has_unknown_measurement_era"":false,""all_comparison_relevant_measurements_current_2026"":false}",[],NOT_QUEUED
郡司 裕也,21925151,北海道日本ハムファイターズ,,,,32.7,B2_UPPER_COHORT_OCTILE,21,100,"{""PA"":284,""games"":79,""pa_bucket"":""PA_200_399"",""full_effort_run_proxy_count"":29,""npb_plus_sample_count"":null,""npb_plus_qualified_run_count"":null,""data_completeness"":""partial_tier_A_C_unavailable""}",[],[],[],[],[],"[""npb_plus_2026_current_roster_100""]","{""current_npb_plus_rank"":21,""current_npb_plus_size"":100,""current_npb_plus_band"":""B2_UPPER_COHORT_OCTILE"",""basis"":""WITHIN_SAME_METRIC_SAME_COHORT_ONLY""}",[],[],"{""status"":""ANCHOR_RESOLVED_MODERATE"",""status_reasons"":[""CURRENT_NPB_PLUS_ORDINAL_HAS_FULL_100_ROSTER_BRACKETING_BUT_PUBLIC_SAMPLE_COUNTS_ARE_NOT_PUBLISHED""],""high_confidence_anchor_count"":0,""same_cohort_order_conflict_count"":0}",INSUFFICIENT_SHORT_DISTANCE_EVIDENCE,NO_DIRECTIONALLY_COMPARABLE_SHORT_DISTANCE_EVIDENCE,"[""INSUFFICIENT_SHORT_DISTANCE_EVIDENCE""]","{""current_signal_year"":2026,""comparison_relevant_evidence_count"":0,""known_measurement_years"":[],""known_non_2026_measurement_years"":[],""unknown_measurement_era_count"":0,""has_known_non_2026_measurement"":false,""has_unknown_measurement_era"":false,""all_comparison_relevant_measurements_current_2026"":false}",[],NOT_QUEUED
野村 佑希,31435138,北海道日本ハムファイターズ,,,,31.7,B4_MID_UPPER_COHORT_OCTILE,46,100,"{""PA"":302,""games"":84,""pa_bucket"":""PA_200_399"",""full_effort_run_proxy_count"":25,""npb_plus_sample_count"":null,""npb_plus_qualified_run_count"":null,""data_completeness"":""partial_tier_A_C_unavailable""}",[],[],[],[],[],"[""npb_plus_2026_current_roster_100""]","{""current_npb_plus_rank"":46,""current_npb_plus_size"":100,""current_npb_plus_band"":""B4_MID_UPPER_COHORT_OCTILE"",""basis"":""WITHIN_SAME_METRIC_SAME_COHORT_ONLY""}",[],[],"{""status"":""ANCHOR_RESOLVED_MODERATE"",""status_reasons"":[""CURRENT_NPB_PLUS_ORDINAL_HAS_FULL_100_ROSTER_BRACKETING_BUT_PUBLIC_SAMPLE_COUNTS_ARE_NOT_PUBLISHED""],""high_confidence_anchor_count"":0,""same_cohort_order_conflict_count"":0}",INSUFFICIENT_SHORT_DISTANCE_EVIDENCE,NO_DIRECTIONALLY_COMPARABLE_SHORT_DISTANCE_EVIDENCE,"[""INSUFFICIENT_SHORT_DISTANCE_EVIDENCE""]","{""current_signal_year"":2026,""comparison_relevant_evidence_count"":0,""known_measurement_years"":[],""known_non_2026_measurement_years"":[],""unknown_measurement_era_count"":0,""has_known_non_2026_measurement"":false,""has_unknown_measurement_era"":false,""all_comparison_relevant_measurements_current_2026"":false}",[],NOT_QUEUED
ソト,03505133,千葉ロッテマリーンズ,,,,30.1,B8_SLOWEST_COHORT_OCTILE,91,100,"{""PA"":302,""games"":88,""pa_bucket"":""PA_200_399"",""full_effort_run_proxy_count"":29,""npb_plus_sample_count"":null,""npb_plus_qualified_run_count"":null,""data_completeness"":""partial_tier_A_C_unavailable""}",[],[],[],[],[],"[""npb_plus_2026_current_roster_100""]","{""current_npb_plus_rank"":91,""current_npb_plus_size"":100,""current_npb_plus_band"":""B8_SLOWEST_COHORT_OCTILE"",""basis"":""WITHIN_SAME_METRIC_SAME_COHORT_ONLY""}",[],[],"{""status"":""ANCHOR_RESOLVED_MODERATE"",""status_reasons"":[""CURRENT_NPB_PLUS_ORDINAL_HAS_FULL_100_ROSTER_BRACKETING_BUT_PUBLIC_SAMPLE_COUNTS_ARE_NOT_PUBLISHED""],""high_confidence_anchor_count"":0,""same_cohort_order_conflict_count"":0}",INSUFFICIENT_SHORT_DISTANCE_EVIDENCE,NO_DIRECTIONALLY_COMPARABLE_SHORT_DISTANCE_EVIDENCE,"[""INSUFFICIENT_SHORT_DISTANCE_EVIDENCE""]","{""current_signal_year"":2026,""comparison_relevant_evidence_count"":0,""known_measurement_years"":[],""known_non_2026_measurement_years"":[],""unknown_measurement_era_count"":0,""has_known_non_2026_measurement"":false,""has_unknown_measurement_era"":false,""all_comparison_relevant_measurements_current_2026"":false}",[],NOT_QUEUED
ポランコ,63065155,千葉ロッテマリーンズ,,,,31.1,B6_LOWER_MID_COHORT_OCTILE,66,100,"{""PA"":149,""games"":52,""pa_bucket"":""PA_100_199"",""full_effort_run_proxy_count"":12,""npb_plus_sample_count"":null,""npb_plus_qualified_run_count"":null,""data_completeness"":""partial_tier_A_C_unavailable""}","[{""metric"":""T90ft"",""seconds"":3.99,""value"":null,""unit"":null,""measurement_year"":2021,""measurement_date"":null,""measurement_year_inferred"":false,""cohort"":""seasonal qualified MLB runs"",""timing_method"":""Statcast official leaderboard"",""start_protocol"":""qualified home-to-first runs extrapolated to 90ft"",""source_tier"":""A"",""usage_class"":""HISTORICAL_PROFILE_HINT"",""numeric_t90_usable"":false,""same_measurement_cluster_id"":""mlb_statcast_running_splits_ポランコ_2021"",""source_name"":""Baseball Savant / Statcast"",""source_url"":""https://baseballsavant.mlb.com/running_splits?bats=&min=5&position=&team=&type=raw&year=2021"",""reason"":null}]",[2021],"[{""metric"":""T10ft"",""seconds"":0.84,""value"":null,""unit"":null,""measurement_year"":2021,""measurement_date"":null,""measurement_year_inferred"":false,""cohort"":""seasonal qualified MLB runs"",""timing_method"":""Statcast official leaderboard"",""start_protocol"":""qualified home-to-first runs extrapolated to 90ft"",""source_tier"":""A"",""usage_class"":""STANDARDIZED_PRIOR"",""numeric_t90_usable"":false,""same_measurement_cluster_id"":""mlb_statcast_running_splits_ポランコ_2021"",""source_name"":""Baseball Savant / Statcast"",""source_url"":""https://baseballsavant.mlb.com/running_splits?bats=&min=5&position=&team=&type=raw&year=2021"",""reason"":null},{""metric"":""T30ft"",""seconds"":1.77,""value"":null,""unit"":null,""measurement_year"":2021,""measurement_date"":null,""measurement_year_inferred"":false,""cohort"":""seasonal qualified MLB runs"",""timing_method"":""Statcast official leaderboard"",""start_protocol"":""qualified home-to-first runs extrapolated to 90ft"",""source_tier"":""A"",""usage_class"":""STANDARDIZED_PRIOR"",""numeric_t90_usable"":false,""same_measurement_cluster_id"":""mlb_statcast_running_splits_ポランコ_2021"",""source_name"":""Baseball Savant / Statcast"",""source_url"":""https://baseballsavant.mlb.com/running_splits?bats=&min=5&position=&team=&type=raw&year=2021"",""reason"":null}]",[],[],"[""npb_plus_2026_current_roster_100"",""seasonal qualified MLB runs""]","{""current_npb_plus_rank"":66,""current_npb_plus_size"":100,""current_npb_plus_band"":""B6_LOWER_MID_COHORT_OCTILE"",""basis"":""WITHIN_SAME_METRIC_SAME_COHORT_ONLY""}","[{""metric"":""T90ft"",""seconds"":3.99,""value"":null,""unit"":null,""measurement_year"":2021,""measurement_date"":null,""measurement_year_inferred"":false,""cohort"":""seasonal qualified MLB runs"",""timing_method"":""Statcast official leaderboard"",""start_protocol"":""qualified home-to-first runs extrapolated to 90ft"",""source_tier"":""A"",""usage_class"":""HISTORICAL_PROFILE_HINT"",""numeric_t90_usable"":false,""same_measurement_cluster_id"":""mlb_statcast_running_splits_ポランコ_2021"",""source_name"":""Baseball Savant / Statcast"",""source_url"":""https://baseballsavant.mlb.com/running_splits?bats=&min=5&position=&team=&type=raw&year=2021"",""reason"":null},{""metric"":""MLB_Sprint_Speed"",""seconds"":null,""value"":27.2,""unit"":""ft/s"",""measurement_year"":2021,""measurement_date"":null,""measurement_year_inferred"":false,""cohort"":""seasonal qualified MLB runs"",""timing_method"":""Statcast official leaderboard"",""start_protocol"":""qualified home-to-first runs extrapolated to 90ft"",""source_tier"":""A"",""usage_class"":""HISTORICAL_PROFILE_HINT"",""numeric_t90_usable"":false,""same_measurement_cluster_id"":""mlb_statcast_running_splits_ポランコ_2021"",""source_name"":""Baseball Savant / Statcast"",""source_url"":""https://baseballsavant.mlb.com/leaderboard/sprint_speed?year=2021&position=&team=&min=10"",""reason"":null}]",[2021],"{""status"":""ANCHOR_RESOLVED_MODERATE"",""status_reasons"":[""CURRENT_NPB_PLUS_ORDINAL_HAS_FULL_100_ROSTER_BRACKETING_BUT_PUBLIC_SAMPLE_COUNTS_ARE_NOT_PUBLISHED""],""high_confidence_anchor_count"":1,""same_cohort_order_conflict_count"":0}",TEMPORAL_CONSTRUCT_CONFLICT,V2_KNOWN_NON_2026_COMPARISON_MEASUREMENT,"[""TEMPORAL_CONSTRUCT_CONFLICT""]","{""current_signal_year"":2026,""comparison_relevant_evidence_count"":3,""known_measurement_years"":[2021],""known_non_2026_measurement_years"":[2021],""unknown_measurement_era_count"":0,""has_known_non_2026_measurement"":true,""has_unknown_measurement_era"":false,""all_comparison_relevant_measurements_current_2026"":false}",[],ADDED_FOR_TEMPORAL_CONSTRUCT_CONFLICT
佐藤 都志也,71075151,千葉ロッテマリーンズ,,,,31.3,B5_MID_LOWER_COHORT_OCTILE,60,100,"{""PA"":301,""games"":88,""pa_bucket"":""PA_200_399"",""full_effort_run_proxy_count"":26,""npb_plus_sample_count"":null,""npb_plus_qualified_run_count"":null,""data_completeness"":""partial_tier_A_C_unavailable""}",[],[],[],[],[],"[""npb_plus_2026_current_roster_100""]","{""current_npb_plus_rank"":60,""current_npb_plus_size"":100,""current_npb_plus_band"":""B5_MID_LOWER_COHORT_OCTILE"",""basis"":""WITHIN_SAME_METRIC_SAME_COHORT_ONLY""}","[{""metric"":""50m"",""seconds"":5.9,""value"":null,""unit"":null,""measurement_year"":2018,""measurement_date"":null,""measurement_year_inferred"":true,""cohort"":""unknown"",""timing_method"":""unknown"",""start_protocol"":""unknown"",""source_tier"":""B"",""usage_class"":""HISTORICAL_PROFILE_HINT"",""numeric_t90_usable"":false,""same_measurement_cluster_id"":""sato_toshiya_50m_profile"",""source_name"":""スポニチ"",""source_url"":""https://www.sponichi.co.jp/baseball/news/2019/10/25/kiji/20191024s00001173410000c.html"",""reason"":null}]",[2018],"{""status"":""ANCHOR_RESOLVED_MODERATE"",""status_reasons"":[""CURRENT_NPB_PLUS_ORDINAL_HAS_FULL_100_ROSTER_BRACKETING_BUT_PUBLIC_SAMPLE_COUNTS_ARE_NOT_PUBLISHED""],""high_confidence_anchor_count"":0,""same_cohort_order_conflict_count"":0}",INSUFFICIENT_SHORT_DISTANCE_EVIDENCE,NO_DIRECTIONALLY_COMPARABLE_SHORT_DISTANCE_EVIDENCE,"[""INSUFFICIENT_SHORT_DISTANCE_EVIDENCE""]","{""current_signal_year"":2026,""comparison_relevant_evidence_count"":0,""known_measurement_years"":[],""known_non_2026_measurement_years"":[],""unknown_measurement_era_count"":0,""has_known_non_2026_measurement"":false,""has_unknown_measurement_era"":false,""all_comparison_relevant_measurements_current_2026"":false}",[],NOT_QUEUED
友杉 篤輝,71275157,千葉ロッテマリーンズ,,,,32.7,B2_UPPER_COHORT_OCTILE,22,100,"{""PA"":270,""games"":83,""pa_bucket"":""PA_200_399"",""full_effort_run_proxy_count"":35,""npb_plus_sample_count"":null,""npb_plus_qualified_run_count"":null,""data_completeness"":""partial_tier_A_C_unavailable""}",[],[],"[{""metric"":""50m"",""seconds"":6.1,""value"":null,""unit"":null,""measurement_year"":2022,""measurement_date"":null,""measurement_year_inferred"":false,""cohort"":""侍ジャパン大学代表選考合宿"",""timing_method"":""electronic_photoelectric"",""start_protocol"":""unknown"",""source_tier"":""C"",""usage_class"":""STANDARDIZED_PRIOR"",""numeric_t90_usable"":false,""same_measurement_cluster_id"":""standardized_50m_2022-06-19_友杉篤輝"",""source_name"":""Existing standardized 50m reference"",""source_url"":""https://www.youtube.com/watch?v=fC8_8iA7Cao"",""reason"":null}]",[],"[{""metric"":""50m"",""seconds"":6.1,""value"":null,""unit"":null,""measurement_year"":2022,""measurement_date"":null,""measurement_year_inferred"":false,""cohort"":""侍ジャパン大学代表選考合宿"",""timing_method"":""electronic_photoelectric"",""start_protocol"":""unknown"",""source_tier"":""C"",""usage_class"":""STANDARDIZED_PRIOR"",""numeric_t90_usable"":false,""same_measurement_cluster_id"":""standardized_50m_2022-06-19_友杉篤輝"",""source_name"":""Existing standardized 50m reference"",""source_url"":""https://www.youtube.com/watch?v=fC8_8iA7Cao"",""reason"":null}]","[""npb_plus_2026_current_roster_100"",""侍ジャパン大学代表選考合宿""]","{""current_npb_plus_rank"":22,""current_npb_plus_size"":100,""current_npb_plus_band"":""B2_UPPER_COHORT_OCTILE"",""basis"":""WITHIN_SAME_METRIC_SAME_COHORT_ONLY""}","[{""metric"":""50m"",""seconds"":5.9,""value"":null,""unit"":null,""measurement_year"":2022,""measurement_date"":null,""measurement_year_inferred"":true,""cohort"":""unknown"",""timing_method"":""unknown"",""start_protocol"":""unknown"",""source_tier"":""B"",""usage_class"":""HISTORICAL_PROFILE_HINT"",""numeric_t90_usable"":false,""same_measurement_cluster_id"":""tomosugi_50m_profile_claim"",""source_name"":""日刊スポーツ"",""source_url"":""https://www.nikkansports.com/baseball/news/202210170000769.html"",""reason"":null}]",[2022],"{""status"":""SNS_TIEBREAK"",""status_reasons"":[""COHORT_ORDER_CONFLICT_WITH_CURRENT_NPB_ORDINAL""],""high_confidence_anchor_count"":1,""same_cohort_order_conflict_count"":1}",TEMPORAL_CONSTRUCT_CONFLICT,V2_KNOWN_NON_2026_COMPARISON_MEASUREMENT,"[""TEMPORAL_CONSTRUCT_CONFLICT""]","{""current_signal_year"":2026,""comparison_relevant_evidence_count"":1,""known_measurement_years"":[2022],""known_non_2026_measurement_years"":[2022],""unknown_measurement_era_count"":0,""has_known_non_2026_measurement"":true,""has_unknown_measurement_era"":false,""all_comparison_relevant_measurements_current_2026"":false}","[{""metric"":""hp_to_1b"",""seconds"":3.73,""value"":null,""unit"":null,""measurement_year"":""unknown"",""measurement_date"":null,""measurement_year_inferred"":false,""cohort"":""unknown"",""timing_method"":""unknown"",""start_protocol"":""swing_to_run_in_game"",""source_tier"":""B"",""usage_class"":""CONTEXT_ONLY"",""numeric_t90_usable"":false,""same_measurement_cluster_id"":""tomosugi_hp_to_1b_game"",""source_name"":""4years."",""source_url"":""https://4years.asahi.com/article/14723455"",""reason"":null}]",RETAINED_FROM_EXISTING_PHYSICAL_QUEUE
安田 尚憲,81885136,千葉ロッテマリーンズ,,,,29.6,B8_SLOWEST_COHORT_OCTILE,93,100,"{""PA"":129,""games"":42,""pa_bucket"":""PA_100_199"",""full_effort_run_proxy_count"":10,""npb_plus_sample_count"":null,""npb_plus_qualified_run_count"":null,""data_completeness"":""partial_tier_A_C_unavailable""}",[],[],[],[],[],"[""npb_plus_2026_current_roster_100""]","{""current_npb_plus_rank"":93,""current_npb_plus_size"":100,""current_npb_plus_band"":""B8_SLOWEST_COHORT_OCTILE"",""basis"":""WITHIN_SAME_METRIC_SAME_COHORT_ONLY""}","[{""metric"":""50m"",""seconds"":6.7,""value"":null,""unit"":null,""measurement_year"":2016,""measurement_date"":null,""measurement_year_inferred"":true,""cohort"":""unknown"",""timing_method"":""unknown"",""start_protocol"":""unknown"",""source_tier"":""B"",""usage_class"":""HISTORICAL_PROFILE_HINT"",""numeric_t90_usable"":false,""same_measurement_cluster_id"":""yasuda_50m_profile"",""source_name"":""日刊スポーツ"",""source_url"":""https://www.nikkansports.com/baseball/news/201710250000038.html"",""reason"":null}]",[2016],"{""status"":""ANCHOR_RESOLVED_MODERATE"",""status_reasons"":[""CURRENT_NPB_PLUS_ORDINAL_HAS_FULL_100_ROSTER_BRACKETING_BUT_PUBLIC_SAMPLE_COUNTS_ARE_NOT_PUBLISHED""],""high_confidence_anchor_count"":0,""same_cohort_order_conflict_count"":0}",INSUFFICIENT_SHORT_DISTANCE_EVIDENCE,NO_DIRECTIONALLY_COMPARABLE_SHORT_DISTANCE_EVIDENCE,"[""INSUFFICIENT_SHORT_DISTANCE_EVIDENCE""]","{""current_signal_year"":2026,""comparison_relevant_evidence_count"":0,""known_measurement_years"":[],""known_non_2026_measurement_years"":[],""unknown_measurement_era_count"":0,""has_known_non_2026_measurement"":false,""has_unknown_measurement_era"":false,""all_comparison_relevant_measurements_current_2026"":false}",[],NOT_QUEUED
小川 龍成,11715153,千葉ロッテマリーンズ,,,,33.4,B1_FASTEST_COHORT_OCTILE,11,100,"{""PA"":346,""games"":96,""pa_bucket"":""PA_200_399"",""full_effort_run_proxy_count"":51,""npb_plus_sample_count"":null,""npb_plus_qualified_run_count"":null,""data_completeness"":""partial_tier_A_C_unavailable""}",[],[],[],[],[],"[""npb_plus_2026_current_roster_100""]","{""current_npb_plus_rank"":11,""current_npb_plus_size"":100,""current_npb_plus_band"":""B1_FASTEST_COHORT_OCTILE"",""basis"":""WITHIN_SAME_METRIC_SAME_COHORT_ONLY""}",[],[],"{""status"":""ANCHOR_RESOLVED_MODERATE"",""status_reasons"":[""CURRENT_NPB_PLUS_ORDINAL_HAS_FULL_100_ROSTER_BRACKETING_BUT_PUBLIC_SAMPLE_COUNTS_ARE_NOT_PUBLISHED""],""high_confidence_anchor_count"":0,""same_cohort_order_conflict_count"":0}",INSUFFICIENT_SHORT_DISTANCE_EVIDENCE,NO_DIRECTIONALLY_COMPARABLE_SHORT_DISTANCE_EVIDENCE,"[""INSUFFICIENT_SHORT_DISTANCE_EVIDENCE""]","{""current_signal_year"":2026,""comparison_relevant_evidence_count"":0,""known_measurement_years"":[],""known_non_2026_measurement_years"":[],""unknown_measurement_era_count"":0,""has_known_non_2026_measurement"":false,""has_unknown_measurement_era"":false,""all_comparison_relevant_measurements_current_2026"":false}",[],NOT_QUEUED
山口 航輝,91895138,千葉ロッテマリーンズ,,,,31.9,B4_MID_UPPER_COHORT_OCTILE,39,100,"{""PA"":243,""games"":67,""pa_bucket"":""PA_200_399"",""full_effort_run_proxy_count"":17,""npb_plus_sample_count"":null,""npb_plus_qualified_run_count"":null,""data_completeness"":""partial_tier_A_C_unavailable""}",[],[],[],[],[],"[""npb_plus_2026_current_roster_100""]","{""current_npb_plus_rank"":39,""current_npb_plus_size"":100,""current_npb_plus_band"":""B4_MID_UPPER_COHORT_OCTILE"",""basis"":""WITHIN_SAME_METRIC_SAME_COHORT_ONLY""}","[{""metric"":""50m"",""seconds"":6.3,""value"":null,""unit"":null,""measurement_year"":""unknown"",""measurement_date"":null,""measurement_year_inferred"":false,""cohort"":""unknown"",""timing_method"":""unknown"",""start_protocol"":""unknown"",""source_tier"":""B"",""usage_class"":""HISTORICAL_PROFILE_HINT"",""numeric_t90_usable"":false,""same_measurement_cluster_id"":""yamaguchi_koki_50m_profile"",""source_name"":""日刊スポーツ"",""source_url"":""https://www.nikkansports.com/baseball/news/201810310000259.html"",""reason"":null}]","[""unknown""]","{""status"":""ANCHOR_RESOLVED_MODERATE"",""status_reasons"":[""CURRENT_NPB_PLUS_ORDINAL_HAS_FULL_100_ROSTER_BRACKETING_BUT_PUBLIC_SAMPLE_COUNTS_ARE_NOT_PUBLISHED""],""high_confidence_anchor_count"":0,""same_cohort_order_conflict_count"":0}",INSUFFICIENT_SHORT_DISTANCE_EVIDENCE,NO_DIRECTIONALLY_COMPARABLE_SHORT_DISTANCE_EVIDENCE,"[""INSUFFICIENT_SHORT_DISTANCE_EVIDENCE""]","{""current_signal_year"":2026,""comparison_relevant_evidence_count"":0,""known_measurement_years"":[],""known_non_2026_measurement_years"":[],""unknown_measurement_era_count"":0,""has_known_non_2026_measurement"":false,""has_unknown_measurement_era"":false,""all_comparison_relevant_measurements_current_2026"":false}",[],NOT_QUEUED
岡 大海,11515139,千葉ロッテマリーンズ,,,,32.6,B2_UPPER_COHORT_OCTILE,24,100,"{""PA"":50,""games"":26,""pa_bucket"":""PA_50_99"",""full_effort_run_proxy_count"":7,""npb_plus_sample_count"":null,""npb_plus_qualified_run_count"":null,""data_completeness"":""partial_tier_A_C_unavailable""}",[],[],[],[],[],"[""npb_plus_2026_current_roster_100""]","{""current_npb_plus_rank"":24,""current_npb_plus_size"":100,""current_npb_plus_band"":""B2_UPPER_COHORT_OCTILE"",""basis"":""WITHIN_SAME_METRIC_SAME_COHORT_ONLY""}","[{""metric"":""50m"",""seconds"":6.1,""value"":null,""unit"":null,""measurement_year"":""unknown"",""measurement_date"":null,""measurement_year_inferred"":false,""cohort"":""unknown"",""timing_method"":""unknown"",""start_protocol"":""unknown"",""source_tier"":""B"",""usage_class"":""HISTORICAL_PROFILE_HINT"",""numeric_t90_usable"":false,""same_measurement_cluster_id"":""oka_50m_profile"",""source_name"":""明大スポーツ新聞部"",""source_url"":""https://meisupo.net/news/5690/"",""reason"":null}]","[""unknown""]","{""status"":""SNS_TIEBREAK"",""status_reasons"":[""SOURCE_PA_UNDER_100_AND_QUALIFIED_RUN_COUNT_NOT_PUBLISHED""],""high_confidence_anchor_count"":0,""same_cohort_order_conflict_count"":0}",INSUFFICIENT_SHORT_DISTANCE_EVIDENCE,NO_DIRECTIONALLY_COMPARABLE_SHORT_DISTANCE_EVIDENCE,"[""INSUFFICIENT_SHORT_DISTANCE_EVIDENCE""]","{""current_signal_year"":2026,""comparison_relevant_evidence_count"":0,""known_measurement_years"":[],""known_non_2026_measurement_years"":[],""unknown_measurement_era_count"":0,""has_known_non_2026_measurement"":false,""has_unknown_measurement_era"":false,""all_comparison_relevant_measurements_current_2026"":false}",[],RETAINED_FROM_EXISTING_PHYSICAL_QUEUE
藤原 恭大,31635138,千葉ロッテマリーンズ,,,,33,B2_UPPER_COHORT_OCTILE,14,100,"{""PA"":278,""games"":63,""pa_bucket"":""PA_200_399"",""full_effort_run_proxy_count"":31,""npb_plus_sample_count"":null,""npb_plus_qualified_run_count"":null,""data_completeness"":""partial_tier_A_C_unavailable""}",[],[],[],[],[],"[""npb_plus_2026_current_roster_100""]","{""current_npb_plus_rank"":14,""current_npb_plus_size"":100,""current_npb_plus_band"":""B2_UPPER_COHORT_OCTILE"",""basis"":""WITHIN_SAME_METRIC_SAME_COHORT_ONLY""}","[{""metric"":""50m"",""seconds"":5.7,""value"":null,""unit"":null,""measurement_year"":2017,""measurement_date"":null,""measurement_year_inferred"":true,""cohort"":""unknown"",""timing_method"":""unknown"",""start_protocol"":""training repetition; exact start unknown"",""source_tier"":""B"",""usage_class"":""HISTORICAL_PROFILE_HINT"",""numeric_t90_usable"":false,""same_measurement_cluster_id"":""fujiwara_50m_5_7_highschool_profile"",""source_name"":""デイリースポーツ"",""source_url"":""https://www.daily.co.jp/baseball/2017/08/04/0010433505.shtml"",""reason"":null}]",[2017],"{""status"":""ANCHOR_RESOLVED_MODERATE"",""status_reasons"":[""CURRENT_NPB_PLUS_ORDINAL_HAS_FULL_100_ROSTER_BRACKETING_BUT_PUBLIC_SAMPLE_COUNTS_ARE_NOT_PUBLISHED""],""high_confidence_anchor_count"":0,""same_cohort_order_conflict_count"":0}",INSUFFICIENT_SHORT_DISTANCE_EVIDENCE,NO_DIRECTIONALLY_COMPARABLE_SHORT_DISTANCE_EVIDENCE,"[""INSUFFICIENT_SHORT_DISTANCE_EVIDENCE""]","{""current_signal_year"":2026,""comparison_relevant_evidence_count"":0,""known_measurement_years"":[],""known_non_2026_measurement_years"":[],""unknown_measurement_era_count"":0,""has_known_non_2026_measurement"":false,""has_unknown_measurement_era"":false,""all_comparison_relevant_measurements_current_2026"":false}","[{""metric"":""hp_to_1b"",""seconds"":3.9,""value"":null,""unit"":null,""measurement_year"":2023,""measurement_date"":null,""measurement_year_inferred"":false,""cohort"":""2023年3月30日～5月14日、投手のグラブに当たって後方へ転がった打球の内野安打"",""timing_method"":""reported_hp_to_1b_unspecified_origin"",""start_protocol"":""swing_to_run"",""source_tier"":""B"",""usage_class"":""CONTEXT_ONLY"",""numeric_t90_usable"":false,""same_measurement_cluster_id"":""existing_hp_to_1b_藤原恭大_2023_3.9_9"",""source_name"":""パ・リーグ.com"",""source_url"":""https://pacificleague.com/news/50792"",""reason"":null}]",NOT_QUEUED
藤岡 裕大,41645136,千葉ロッテマリーンズ,,,,30.8,B6_LOWER_MID_COHORT_OCTILE,70,100,"{""PA"":26,""games"":9,""pa_bucket"":""PA_25_49"",""full_effort_run_proxy_count"":3,""npb_plus_sample_count"":null,""npb_plus_qualified_run_count"":null,""data_completeness"":""partial_tier_A_C_unavailable""}",[],[],[],[],[],"[""npb_plus_2026_current_roster_100""]","{""current_npb_plus_rank"":70,""current_npb_plus_size"":100,""current_npb_plus_band"":""B6_LOWER_MID_COHORT_OCTILE"",""basis"":""WITHIN_SAME_METRIC_SAME_COHORT_ONLY""}",[],[],"{""status"":""SNS_TIEBREAK"",""status_reasons"":[""SOURCE_PA_UNDER_100_AND_QUALIFIED_RUN_COUNT_NOT_PUBLISHED""],""high_confidence_anchor_count"":0,""same_cohort_order_conflict_count"":0}",INSUFFICIENT_SHORT_DISTANCE_EVIDENCE,NO_DIRECTIONALLY_COMPARABLE_SHORT_DISTANCE_EVIDENCE,"[""INSUFFICIENT_SHORT_DISTANCE_EVIDENCE""]","{""current_signal_year"":2026,""comparison_relevant_evidence_count"":0,""known_measurement_years"":[],""known_non_2026_measurement_years"":[],""unknown_measurement_era_count"":0,""has_known_non_2026_measurement"":false,""has_unknown_measurement_era"":false,""all_comparison_relevant_measurements_current_2026"":false}",[],RETAINED_FROM_EXISTING_PHYSICAL_QUEUE
髙部 瑛斗,11215151,千葉ロッテマリーンズ,,,,33.6,B1_FASTEST_COHORT_OCTILE,5,100,"{""PA"":130,""games"":44,""pa_bucket"":""PA_100_199"",""full_effort_run_proxy_count"":31,""npb_plus_sample_count"":null,""npb_plus_qualified_run_count"":null,""data_completeness"":""partial_tier_A_C_unavailable""}",[],[],[],[],[],"[""npb_plus_2026_current_roster_100""]","{""current_npb_plus_rank"":5,""current_npb_plus_size"":100,""current_npb_plus_band"":""B1_FASTEST_COHORT_OCTILE"",""basis"":""WITHIN_SAME_METRIC_SAME_COHORT_ONLY""}","[{""metric"":""50m"",""seconds"":5.8,""value"":null,""unit"":null,""measurement_year"":""unknown"",""measurement_date"":null,""measurement_year_inferred"":false,""cohort"":""unknown"",""timing_method"":""unknown"",""start_protocol"":""unknown"",""source_tier"":""B"",""usage_class"":""HISTORICAL_PROFILE_HINT"",""numeric_t90_usable"":false,""same_measurement_cluster_id"":""takabe_50m_profile"",""source_name"":""テレビ東京スポーツ"",""source_url"":""https://www.tv-tokyo.co.jp/sports/articles/2022/03/022229.html"",""reason"":null}]","[""unknown""]","{""status"":""ANCHOR_RESOLVED_MODERATE"",""status_reasons"":[""CURRENT_NPB_PLUS_ORDINAL_HAS_FULL_100_ROSTER_BRACKETING_BUT_PUBLIC_SAMPLE_COUNTS_ARE_NOT_PUBLISHED""],""high_confidence_anchor_count"":0,""same_cohort_order_conflict_count"":0}",INSUFFICIENT_SHORT_DISTANCE_EVIDENCE,NO_DIRECTIONALLY_COMPARABLE_SHORT_DISTANCE_EVIDENCE,"[""INSUFFICIENT_SHORT_DISTANCE_EVIDENCE""]","{""current_signal_year"":2026,""comparison_relevant_evidence_count"":0,""known_measurement_years"":[],""known_non_2026_measurement_years"":[],""unknown_measurement_era_count"":0,""has_known_non_2026_measurement"":false,""has_unknown_measurement_era"":false,""all_comparison_relevant_measurements_current_2026"":false}",[],NOT_QUEUED
古賀 悠斗,81785155,埼玉西武ライオンズ,,,,30.6,B7_LOWER_COHORT_OCTILE,76,100,"{""PA"":193,""games"":76,""pa_bucket"":""PA_100_199"",""full_effort_run_proxy_count"":30,""npb_plus_sample_count"":null,""npb_plus_qualified_run_count"":null,""data_completeness"":""partial_tier_A_C_unavailable""}",[],[],[],[],[],"[""npb_plus_2026_current_roster_100""]","{""current_npb_plus_rank"":76,""current_npb_plus_size"":100,""current_npb_plus_band"":""B7_LOWER_COHORT_OCTILE"",""basis"":""WITHIN_SAME_METRIC_SAME_COHORT_ONLY""}",[],[],"{""status"":""ANCHOR_RESOLVED_MODERATE"",""status_reasons"":[""CURRENT_NPB_PLUS_ORDINAL_HAS_FULL_100_ROSTER_BRACKETING_BUT_PUBLIC_SAMPLE_COUNTS_ARE_NOT_PUBLISHED""],""high_confidence_anchor_count"":0,""same_cohort_order_conflict_count"":0}",INSUFFICIENT_SHORT_DISTANCE_EVIDENCE,NO_DIRECTIONALLY_COMPARABLE_SHORT_DISTANCE_EVIDENCE,"[""INSUFFICIENT_SHORT_DISTANCE_EVIDENCE""]","{""current_signal_year"":2026,""comparison_relevant_evidence_count"":0,""known_measurement_years"":[],""known_non_2026_measurement_years"":[],""unknown_measurement_era_count"":0,""has_known_non_2026_measurement"":false,""has_unknown_measurement_era"":false,""all_comparison_relevant_measurements_current_2026"":false}",[],NOT_QUEUED
外崎 修汰,41245130,埼玉西武ライオンズ,,,,32.3,B3_UPPER_MID_COHORT_OCTILE,31,100,"{""PA"":69,""games"":23,""pa_bucket"":""PA_50_99"",""full_effort_run_proxy_count"":9,""npb_plus_sample_count"":null,""npb_plus_qualified_run_count"":null,""data_completeness"":""partial_tier_A_C_unavailable""}",[],[],[],[],[],"[""npb_plus_2026_current_roster_100""]","{""current_npb_plus_rank"":31,""current_npb_plus_size"":100,""current_npb_plus_band"":""B3_UPPER_MID_COHORT_OCTILE"",""basis"":""WITHIN_SAME_METRIC_SAME_COHORT_ONLY""}",[],[],"{""status"":""SNS_TIEBREAK"",""status_reasons"":[""SOURCE_PA_UNDER_100_AND_QUALIFIED_RUN_COUNT_NOT_PUBLISHED""],""high_confidence_anchor_count"":0,""same_cohort_order_conflict_count"":0}",INSUFFICIENT_SHORT_DISTANCE_EVIDENCE,NO_DIRECTIONALLY_COMPARABLE_SHORT_DISTANCE_EVIDENCE,"[""INSUFFICIENT_SHORT_DISTANCE_EVIDENCE""]","{""current_signal_year"":2026,""comparison_relevant_evidence_count"":0,""known_measurement_years"":[],""known_non_2026_measurement_years"":[],""unknown_measurement_era_count"":0,""has_known_non_2026_measurement"":false,""has_unknown_measurement_era"":false,""all_comparison_relevant_measurements_current_2026"":false}","[{""metric"":""hp_to_1b"",""seconds"":4.13,""value"":null,""unit"":null,""measurement_year"":2024,""measurement_date"":null,""measurement_year_inferred"":false,""cohort"":""2024年開幕～4月30日、右打者の内野安打一塁到達"",""timing_method"":""reported_hp_to_1b_unspecified_origin"",""start_protocol"":""swing_to_run"",""source_tier"":""B"",""usage_class"":""CONTEXT_ONLY"",""numeric_t90_usable"":false,""same_measurement_cluster_id"":""existing_hp_to_1b_外崎修汰_2024_4.13_16"",""source_name"":""パ・リーグ.com"",""source_url"":""https://pacificleague.com/news/61236"",""reason"":null}]",RETAINED_FROM_EXISTING_PHYSICAL_QUEUE
源田 壮亮,71775134,埼玉西武ライオンズ,,,,32.9,B2_UPPER_COHORT_OCTILE,17,100,"{""PA"":209,""games"":81,""pa_bucket"":""PA_200_399"",""full_effort_run_proxy_count"":27,""npb_plus_sample_count"":null,""npb_plus_qualified_run_count"":null,""data_completeness"":""partial_tier_A_C_unavailable""}",[],[],[],[],[],"[""npb_plus_2026_current_roster_100""]","{""current_npb_plus_rank"":17,""current_npb_plus_size"":100,""current_npb_plus_band"":""B2_UPPER_COHORT_OCTILE"",""basis"":""WITHIN_SAME_METRIC_SAME_COHORT_ONLY""}",[],[],"{""status"":""ANCHOR_RESOLVED_MODERATE"",""status_reasons"":[""CURRENT_NPB_PLUS_ORDINAL_HAS_FULL_100_ROSTER_BRACKETING_BUT_PUBLIC_SAMPLE_COUNTS_ARE_NOT_PUBLISHED""],""high_confidence_anchor_count"":0,""same_cohort_order_conflict_count"":0}",INSUFFICIENT_SHORT_DISTANCE_EVIDENCE,NO_DIRECTIONALLY_COMPARABLE_SHORT_DISTANCE_EVIDENCE,"[""INSUFFICIENT_SHORT_DISTANCE_EVIDENCE""]","{""current_signal_year"":2026,""comparison_relevant_evidence_count"":0,""known_measurement_years"":[],""known_non_2026_measurement_years"":[],""unknown_measurement_era_count"":0,""has_known_non_2026_measurement"":false,""has_unknown_measurement_era"":false,""all_comparison_relevant_measurements_current_2026"":false}","[{""metric"":""hp_to_1b"",""seconds"":3.68,""value"":null,""unit"":null,""measurement_year"":2020,""measurement_date"":null,""measurement_year_inferred"":false,""cohort"":""2020年開幕～8月31日、プッシュバントからヘッドスライディングで一塁到達した場面"",""timing_method"":""contact_to_1b"",""start_protocol"":""swing_to_run_bunt"",""source_tier"":""B"",""usage_class"":""CONTEXT_ONLY"",""numeric_t90_usable"":false,""same_measurement_cluster_id"":""existing_hp_to_1b_源田壮亮_2020_3.68_2"",""source_name"":""スポーツナビ（パ・リーグインサイト）"",""source_url"":""https://sports.yahoo.co.jp/official/detail/202009180094-spnaviow"",""reason"":null},{""metric"":""hp_to_1b"",""seconds"":3.85,""value"":null,""unit"":null,""measurement_year"":2021,""measurement_date"":null,""measurement_year_inferred"":false,""cohort"":""2021年3月26日～4月末、スイングによる内野安打の一塁到達"",""timing_method"":""contact_to_1b"",""start_protocol"":""swing_to_run"",""source_tier"":""B"",""usage_class"":""CONTEXT_ONLY"",""numeric_t90_usable"":false,""same_measurement_cluster_id"":""existing_hp_to_1b_源田壮亮_2021_3.85_4"",""source_name"":""パ・リーグ.com"",""source_url"":""https://pacificleague.com/news/32690"",""reason"":null},{""metric"":""hp_to_1b"",""seconds"":3.84,""value"":null,""unit"":null,""measurement_year"":2021,""measurement_date"":null,""measurement_year_inferred"":false,""cohort"":""2021年3月26日～4月末、変化球を逆方向へ当てたゴロの内野安打"",""timing_method"":""contact_to_1b"",""start_protocol"":""swing_to_run"",""source_tier"":""B"",""usage_class"":""CONTEXT_ONLY"",""numeric_t90_usable"":false,""same_measurement_cluster_id"":""existing_hp_to_1b_源田壮亮_2021_3.84_5"",""source_name"":""パ・リーグ.com"",""source_url"":""https://pacificleague.com/news/32690"",""reason"":null},{""metric"":""hp_to_1b"",""seconds"":3.8,""value"":null,""unit"":null,""measurement_year"":2021,""measurement_date"":null,""measurement_year_inferred"":false,""cohort"":""2021年3月26日～4月末、一塁ゴロを全力疾走して内野安打にした場面"",""timing_method"":""contact_to_1b"",""start_protocol"":""swing_to_run"",""source_tier"":""B"",""usage_class"":""CONTEXT_ONLY"",""numeric_t90_usable"":false,""same_measurement_cluster_id"":""existing_hp_to_1b_源田壮亮_2021_3.8_7"",""source_name"":""パ・リーグ.com"",""source_url"":""https://pacificleague.com/news/32690"",""reason"":null},{""metric"":""hp_to_1b"",""seconds"":3.77,""value"":null,""unit"":null,""measurement_year"":2024,""measurement_date"":null,""measurement_year_inferred"":false,""cohort"":""2024年開幕～4月30日、投手の右側を抜いたゴロの内野安打"",""timing_method"":""reported_hp_to_1b_unspecified_origin"",""start_protocol"":""swing_to_run"",""source_tier"":""B"",""usage_class"":""CONTEXT_ONLY"",""numeric_t90_usable"":false,""same_measurement_cluster_id"":""existing_hp_to_1b_源田壮亮_2024_3.77_14"",""source_name"":""パ・リーグ.com"",""source_url"":""https://pacificleague.com/news/61236"",""reason"":null}]",NOT_QUEUED
滝澤 夏央,51255155,埼玉西武ライオンズ,,,,33,B2_UPPER_COHORT_OCTILE,15,100,"{""PA"":363,""games"":93,""pa_bucket"":""PA_200_399"",""full_effort_run_proxy_count"":52,""npb_plus_sample_count"":null,""npb_plus_qualified_run_count"":null,""data_completeness"":""partial_tier_A_C_unavailable""}",[],[],[],[],[],"[""npb_plus_2026_current_roster_100""]","{""current_npb_plus_rank"":15,""current_npb_plus_size"":100,""current_npb_plus_band"":""B2_UPPER_COHORT_OCTILE"",""basis"":""WITHIN_SAME_METRIC_SAME_COHORT_ONLY""}","[{""metric"":""50m"",""seconds"":5.8,""value"":null,""unit"":null,""measurement_year"":2021,""measurement_date"":null,""measurement_year_inferred"":true,""cohort"":""unknown"",""timing_method"":""unknown"",""start_protocol"":""unknown"",""source_tier"":""B"",""usage_class"":""HISTORICAL_PROFILE_HINT"",""numeric_t90_usable"":false,""same_measurement_cluster_id"":""takizawa_sekinegakuen_50m_profile"",""source_name"":""Number Web"",""source_url"":""https://number.bunshun.jp/articles/-/851084?page=1"",""reason"":null}]",[2021],"{""status"":""ANCHOR_RESOLVED_MODERATE"",""status_reasons"":[""CURRENT_NPB_PLUS_ORDINAL_HAS_FULL_100_ROSTER_BRACKETING_BUT_PUBLIC_SAMPLE_COUNTS_ARE_NOT_PUBLISHED""],""high_confidence_anchor_count"":0,""same_cohort_order_conflict_count"":0}",INSUFFICIENT_SHORT_DISTANCE_EVIDENCE,NO_DIRECTIONALLY_COMPARABLE_SHORT_DISTANCE_EVIDENCE,"[""INSUFFICIENT_SHORT_DISTANCE_EVIDENCE""]","{""current_signal_year"":2026,""comparison_relevant_evidence_count"":0,""known_measurement_years"":[],""known_non_2026_measurement_years"":[],""unknown_measurement_era_count"":0,""has_known_non_2026_measurement"":false,""has_unknown_measurement_era"":false,""all_comparison_relevant_measurements_current_2026"":false}",[],NOT_QUEUED
石井 一成,21125134,埼玉西武ライオンズ,,,,32.6,B2_UPPER_COHORT_OCTILE,25,100,"{""PA"":216,""games"":62,""pa_bucket"":""PA_200_399"",""full_effort_run_proxy_count"":22,""npb_plus_sample_count"":null,""npb_plus_qualified_run_count"":null,""data_completeness"":""partial_tier_A_C_unavailable""}",[],[],[],[],[],"[""npb_plus_2026_current_roster_100""]","{""current_npb_plus_rank"":25,""current_npb_plus_size"":100,""current_npb_plus_band"":""B2_UPPER_COHORT_OCTILE"",""basis"":""WITHIN_SAME_METRIC_SAME_COHORT_ONLY""}",[],[],"{""status"":""ANCHOR_RESOLVED_MODERATE"",""status_reasons"":[""CURRENT_NPB_PLUS_ORDINAL_HAS_FULL_100_ROSTER_BRACKETING_BUT_PUBLIC_SAMPLE_COUNTS_ARE_NOT_PUBLISHED""],""high_confidence_anchor_count"":0,""same_cohort_order_conflict_count"":0}",INSUFFICIENT_SHORT_DISTANCE_EVIDENCE,NO_DIRECTIONALLY_COMPARABLE_SHORT_DISTANCE_EVIDENCE,"[""INSUFFICIENT_SHORT_DISTANCE_EVIDENCE""]","{""current_signal_year"":2026,""comparison_relevant_evidence_count"":0,""known_measurement_years"":[],""known_non_2026_measurement_years"":[],""unknown_measurement_era_count"":0,""has_known_non_2026_measurement"":false,""has_unknown_measurement_era"":false,""all_comparison_relevant_measurements_current_2026"":false}",[],NOT_QUEUED
ファビアン,43745150,広島東洋カープ,,,,31.4,B5_MID_LOWER_COHORT_OCTILE,55,100,"{""PA"":255,""games"":65,""pa_bucket"":""PA_200_399"",""full_effort_run_proxy_count"":15,""npb_plus_sample_count"":null,""npb_plus_qualified_run_count"":null,""data_completeness"":""partial_tier_A_C_unavailable""}",[],[],[],[],[],"[""npb_plus_2026_current_roster_100""]","{""current_npb_plus_rank"":55,""current_npb_plus_size"":100,""current_npb_plus_band"":""B5_MID_LOWER_COHORT_OCTILE"",""basis"":""WITHIN_SAME_METRIC_SAME_COHORT_ONLY""}",[],[],"{""status"":""ANCHOR_RESOLVED_MODERATE"",""status_reasons"":[""CURRENT_NPB_PLUS_ORDINAL_HAS_FULL_100_ROSTER_BRACKETING_BUT_PUBLIC_SAMPLE_COUNTS_ARE_NOT_PUBLISHED""],""high_confidence_anchor_count"":0,""same_cohort_order_conflict_count"":0}",INSUFFICIENT_SHORT_DISTANCE_EVIDENCE,NO_DIRECTIONALLY_COMPARABLE_SHORT_DISTANCE_EVIDENCE,"[""INSUFFICIENT_SHORT_DISTANCE_EVIDENCE""]","{""current_signal_year"":2026,""comparison_relevant_evidence_count"":0,""known_measurement_years"":[],""known_non_2026_measurement_years"":[],""unknown_measurement_era_count"":0,""has_known_non_2026_measurement"":false,""has_unknown_measurement_era"":false,""all_comparison_relevant_measurements_current_2026"":false}",[],NOT_QUEUED
モンテロ,53955150,広島東洋カープ,,,,31.9,B4_MID_UPPER_COHORT_OCTILE,40,100,"{""PA"":251,""games"":86,""pa_bucket"":""PA_200_399"",""full_effort_run_proxy_count"":13,""npb_plus_sample_count"":null,""npb_plus_qualified_run_count"":null,""data_completeness"":""partial_tier_A_C_unavailable""}","[{""metric"":""T90ft"",""seconds"":4.2,""value"":null,""unit"":null,""measurement_year"":2024,""measurement_date"":null,""measurement_year_inferred"":false,""cohort"":""seasonal qualified MLB runs"",""timing_method"":""Statcast official leaderboard"",""start_protocol"":""qualified home-to-first runs extrapolated to 90ft"",""source_tier"":""A"",""usage_class"":""NUMERIC_T90_CANDIDATE"",""numeric_t90_usable"":true,""same_measurement_cluster_id"":""mlb_statcast_running_splits_モンテロ_2024"",""source_name"":""Baseball Savant / Statcast"",""source_url"":""https://baseballsavant.mlb.com/running_splits?bats=&min=5&position=&team=&type=raw&year=2024"",""reason"":null}]",[2024],"[{""metric"":""T10ft"",""seconds"":0.9,""value"":null,""unit"":null,""measurement_year"":2024,""measurement_date"":null,""measurement_year_inferred"":false,""cohort"":""seasonal qualified MLB runs"",""timing_method"":""Statcast official leaderboard"",""start_protocol"":""qualified home-to-first runs extrapolated to 90ft"",""source_tier"":""A"",""usage_class"":""STANDARDIZED_PRIOR"",""numeric_t90_usable"":false,""same_measurement_cluster_id"":""mlb_statcast_running_splits_モンテロ_2024"",""source_name"":""Baseball Savant / Statcast"",""source_url"":""https://baseballsavant.mlb.com/running_splits?bats=&min=5&position=&team=&type=raw&year=2024"",""reason"":null},{""metric"":""T30ft"",""seconds"":1.88,""value"":null,""unit"":null,""measurement_year"":2024,""measurement_date"":null,""measurement_year_inferred"":false,""cohort"":""seasonal qualified MLB runs"",""timing_method"":""Statcast official leaderboard"",""start_protocol"":""qualified home-to-first runs extrapolated to 90ft"",""source_tier"":""A"",""usage_class"":""STANDARDIZED_PRIOR"",""numeric_t90_usable"":false,""same_measurement_cluster_id"":""mlb_statcast_running_splits_モンテロ_2024"",""source_name"":""Baseball Savant / Statcast"",""source_url"":""https://baseballsavant.mlb.com/running_splits?bats=&min=5&position=&team=&type=raw&year=2024"",""reason"":null}]",[],[],"[""npb_plus_2026_current_roster_100"",""seasonal qualified MLB runs""]","{""current_npb_plus_rank"":40,""current_npb_plus_size"":100,""current_npb_plus_band"":""B4_MID_UPPER_COHORT_OCTILE"",""basis"":""WITHIN_SAME_METRIC_SAME_COHORT_ONLY""}",[],[2024],"{""status"":""ANCHOR_CONTEXT_HIGH_EVIDENCE"",""status_reasons"":[""RECENT_STANDARDIZED_OR_DIRECT_PHYSICAL_RECORD_AVAILABLE""],""high_confidence_anchor_count"":1,""same_cohort_order_conflict_count"":0}",TEMPORAL_CONSTRUCT_CONFLICT,V2_KNOWN_NON_2026_COMPARISON_MEASUREMENT,"[""TEMPORAL_CONSTRUCT_CONFLICT""]","{""current_signal_year"":2026,""comparison_relevant_evidence_count"":3,""known_measurement_years"":[2024],""known_non_2026_measurement_years"":[2024],""unknown_measurement_era_count"":0,""has_known_non_2026_measurement"":true,""has_unknown_measurement_era"":false,""all_comparison_relevant_measurements_current_2026"":false}",[],ADDED_FOR_TEMPORAL_CONSTRUCT_CONFLICT
名原 典彦,null,広島東洋カープ,,,,33.7,B1_FASTEST_COHORT_OCTILE,4,100,"{""PA"":222,""games"":53,""pa_bucket"":""PA_200_399"",""full_effort_run_proxy_count"":28,""npb_plus_sample_count"":null,""npb_plus_qualified_run_count"":null,""data_completeness"":""partial_2025_unavailable_tier_A_C_unavailable""}",[],[],[],[],[],"[""npb_plus_2026_current_roster_100""]","{""current_npb_plus_rank"":4,""current_npb_plus_size"":100,""current_npb_plus_band"":""B1_FASTEST_COHORT_OCTILE"",""basis"":""WITHIN_SAME_METRIC_SAME_COHORT_ONLY""}","[{""metric"":""50m"",""seconds"":6.2,""value"":null,""unit"":null,""measurement_year"":""unknown"",""measurement_date"":null,""measurement_year_inferred"":false,""cohort"":""unknown"",""timing_method"":""manual"",""start_protocol"":""unknown"",""source_tier"":""B"",""usage_class"":""HISTORICAL_PROFILE_HINT"",""numeric_t90_usable"":false,""same_measurement_cluster_id"":""nabara_50m_setouchi_manual"",""source_name"":""web Sportiva"",""source_url"":""https://sportiva.shueisha.co.jp/clm/baseball/hs_other/2022/10/02/post_85/?page=2"",""reason"":null},{""metric"":""50m"",""seconds"":5.9,""value"":null,""unit"":null,""measurement_year"":""unknown"",""measurement_date"":null,""measurement_year_inferred"":false,""cohort"":""unknown"",""timing_method"":""electronic"",""start_protocol"":""unknown"",""source_tier"":""B"",""usage_class"":""HISTORICAL_PROFILE_HINT"",""numeric_t90_usable"":false,""same_measurement_cluster_id"":""nabara_50m_aomoriu_electronic"",""source_name"":""web Sportiva"",""source_url"":""https://sportiva.shueisha.co.jp/clm/baseball/hs_other/2022/10/02/post_85/?page=2"",""reason"":null}]","[""unknown""]","{""status"":""ANCHOR_RESOLVED_MODERATE"",""status_reasons"":[""CURRENT_NPB_PLUS_ORDINAL_HAS_FULL_100_ROSTER_BRACKETING_BUT_PUBLIC_SAMPLE_COUNTS_ARE_NOT_PUBLISHED""],""high_confidence_anchor_count"":0,""same_cohort_order_conflict_count"":0}",INSUFFICIENT_SHORT_DISTANCE_EVIDENCE,NO_DIRECTIONALLY_COMPARABLE_SHORT_DISTANCE_EVIDENCE,"[""INSUFFICIENT_SHORT_DISTANCE_EVIDENCE""]","{""current_signal_year"":2026,""comparison_relevant_evidence_count"":0,""known_measurement_years"":[],""known_non_2026_measurement_years"":[],""unknown_measurement_era_count"":0,""has_known_non_2026_measurement"":false,""has_unknown_measurement_era"":false,""all_comparison_relevant_measurements_current_2026"":false}",[],NOT_QUEUED
坂倉 将吾,11915134,広島東洋カープ,,,,30.6,B7_LOWER_COHORT_OCTILE,77,100,"{""PA"":383,""games"":94,""pa_bucket"":""PA_200_399"",""full_effort_run_proxy_count"":38,""npb_plus_sample_count"":null,""npb_plus_qualified_run_count"":null,""data_completeness"":""partial_tier_A_C_unavailable""}",[],[],[],[],[],"[""npb_plus_2026_current_roster_100""]","{""current_npb_plus_rank"":77,""current_npb_plus_size"":100,""current_npb_plus_band"":""B7_LOWER_COHORT_OCTILE"",""basis"":""WITHIN_SAME_METRIC_SAME_COHORT_ONLY""}","[{""metric"":""50m"",""seconds"":6.4,""value"":null,""unit"":null,""measurement_year"":""unknown"",""measurement_date"":null,""measurement_year_inferred"":false,""cohort"":""unknown"",""timing_method"":""unknown"",""start_protocol"":""unknown"",""source_tier"":""B"",""usage_class"":""HISTORICAL_PROFILE_HINT"",""numeric_t90_usable"":false,""same_measurement_cluster_id"":""sakakura_50m_nichidai3_profile"",""source_name"":""日刊スポーツ"",""source_url"":""https://www.nikkansports.com/baseball/news/1737870.html"",""reason"":null}]","[""unknown""]","{""status"":""ANCHOR_RESOLVED_MODERATE"",""status_reasons"":[""CURRENT_NPB_PLUS_ORDINAL_HAS_FULL_100_ROSTER_BRACKETING_BUT_PUBLIC_SAMPLE_COUNTS_ARE_NOT_PUBLISHED""],""high_confidence_anchor_count"":0,""same_cohort_order_conflict_count"":0}",INSUFFICIENT_SHORT_DISTANCE_EVIDENCE,NO_DIRECTIONALLY_COMPARABLE_SHORT_DISTANCE_EVIDENCE,"[""INSUFFICIENT_SHORT_DISTANCE_EVIDENCE""]","{""current_signal_year"":2026,""comparison_relevant_evidence_count"":0,""known_measurement_years"":[],""known_non_2026_measurement_years"":[],""unknown_measurement_era_count"":0,""has_known_non_2026_measurement"":false,""has_unknown_measurement_era"":false,""all_comparison_relevant_measurements_current_2026"":false}",[],NOT_QUEUED
小園 海斗,01705138,広島東洋カープ,,,,31.5,B5_MID_LOWER_COHORT_OCTILE,53,100,"{""PA"":382,""games"":96,""pa_bucket"":""PA_200_399"",""full_effort_run_proxy_count"":49,""npb_plus_sample_count"":null,""npb_plus_qualified_run_count"":null,""data_completeness"":""partial_tier_A_C_unavailable""}",[],[],[],[],[],"[""npb_plus_2026_current_roster_100""]","{""current_npb_plus_rank"":53,""current_npb_plus_size"":100,""current_npb_plus_band"":""B5_MID_LOWER_COHORT_OCTILE"",""basis"":""WITHIN_SAME_METRIC_SAME_COHORT_ONLY""}","[{""metric"":""50m"",""seconds"":null,""value"":null,""unit"":null,""measurement_year"":2016,""measurement_date"":null,""measurement_year_inferred"":true,""cohort"":""高校時代の紹介値。2016年記事では本人が最速5.9〜6.0秒、2018年記事は5.9秒、2019年記事は5.8秒と表記に幅がある。"",""timing_method"":""unknown"",""start_protocol"":""unknown"",""source_tier"":""B"",""usage_class"":""HISTORICAL_PROFILE_HINT"",""numeric_t90_usable"":false,""same_measurement_cluster_id"":""existing_outlier_小園海斗_50m_5.8_6"",""source_name"":""スポーツナビ"",""source_url"":""https://sports.yahoo.co.jp/column/detail/201607040003-spnavi?p=2"",""reason"":null}]",[2016],"{""status"":""ANCHOR_RESOLVED_MODERATE"",""status_reasons"":[""CURRENT_NPB_PLUS_ORDINAL_HAS_FULL_100_ROSTER_BRACKETING_BUT_PUBLIC_SAMPLE_COUNTS_ARE_NOT_PUBLISHED""],""high_confidence_anchor_count"":0,""same_cohort_order_conflict_count"":0}",INSUFFICIENT_SHORT_DISTANCE_EVIDENCE,NO_DIRECTIONALLY_COMPARABLE_SHORT_DISTANCE_EVIDENCE,"[""INSUFFICIENT_SHORT_DISTANCE_EVIDENCE""]","{""current_signal_year"":2026,""comparison_relevant_evidence_count"":0,""known_measurement_years"":[],""known_non_2026_measurement_years"":[],""unknown_measurement_era_count"":0,""has_known_non_2026_measurement"":false,""has_unknown_measurement_era"":false,""all_comparison_relevant_measurements_current_2026"":false}","[{""metric"":""hp_to_1b"",""seconds"":4.05,""value"":null,""unit"":null,""measurement_year"":2016,""measurement_date"":null,""measurement_year_inferred"":false,""cohort"":""unknown"",""timing_method"":""unknown"",""start_protocol"":""swing_to_run_in_game"",""source_tier"":""B"",""usage_class"":""CONTEXT_ONLY"",""numeric_t90_usable"":false,""same_measurement_cluster_id"":""kozono_hp_to_1b_2016"",""source_name"":""GOETHE"",""source_url"":""https://goetheweb.jp/person/article/20241128-star-kozonokaito"",""reason"":null}]",NOT_QUEUED
矢野 雅哉,93395153,広島東洋カープ,,,,30.7,B6_LOWER_MID_COHORT_OCTILE,74,100,"{""PA"":58,""games"":44,""pa_bucket"":""PA_50_99"",""full_effort_run_proxy_count"":15,""npb_plus_sample_count"":null,""npb_plus_qualified_run_count"":null,""data_completeness"":""partial_tier_A_C_unavailable""}",[],[],[],[],[],"[""npb_plus_2026_current_roster_100""]","{""current_npb_plus_rank"":74,""current_npb_plus_size"":100,""current_npb_plus_band"":""B6_LOWER_MID_COHORT_OCTILE"",""basis"":""WITHIN_SAME_METRIC_SAME_COHORT_ONLY""}","[{""metric"":""50m"",""seconds"":5.9,""value"":null,""unit"":null,""measurement_year"":""unknown"",""measurement_date"":null,""measurement_year_inferred"":false,""cohort"":""選手紹介で50m5.9秒。測定年・計時方式は記事から特定できない。"",""timing_method"":""unknown"",""start_protocol"":""unknown"",""source_tier"":""B"",""usage_class"":""HISTORICAL_PROFILE_HINT"",""numeric_t90_usable"":false,""same_measurement_cluster_id"":""existing_outlier_矢野雅哉_50m_5.9"",""source_name"":""日刊スポーツ"",""source_url"":""https://www.nikkansports.com/baseball/news/202208160001089.html"",""reason"":null}]","[""unknown""]","{""status"":""SNS_TIEBREAK"",""status_reasons"":[""SOURCE_PA_UNDER_100_AND_QUALIFIED_RUN_COUNT_NOT_PUBLISHED""],""high_confidence_anchor_count"":0,""same_cohort_order_conflict_count"":0}",INSUFFICIENT_SHORT_DISTANCE_EVIDENCE,NO_DIRECTIONALLY_COMPARABLE_SHORT_DISTANCE_EVIDENCE,"[""INSUFFICIENT_SHORT_DISTANCE_EVIDENCE""]","{""current_signal_year"":2026,""comparison_relevant_evidence_count"":0,""known_measurement_years"":[],""known_non_2026_measurement_years"":[],""unknown_measurement_era_count"":0,""has_known_non_2026_measurement"":false,""has_unknown_measurement_era"":false,""all_comparison_relevant_measurements_current_2026"":false}",[],RETAINED_FROM_EXISTING_PHYSICAL_QUEUE
秋山 翔吾,31135133,広島東洋カープ,,,,31.6,B4_MID_UPPER_COHORT_OCTILE,50,100,"{""PA"":134,""games"":49,""pa_bucket"":""PA_100_199"",""full_effort_run_proxy_count"":9,""npb_plus_sample_count"":null,""npb_plus_qualified_run_count"":null,""data_completeness"":""partial_tier_A_C_unavailable""}","[{""metric"":""T90ft"",""seconds"":3.97,""value"":null,""unit"":null,""measurement_year"":2021,""measurement_date"":null,""measurement_year_inferred"":false,""cohort"":""seasonal qualified MLB runs"",""timing_method"":""Statcast official leaderboard"",""start_protocol"":""qualified home-to-first runs extrapolated to 90ft"",""source_tier"":""A"",""usage_class"":""HISTORICAL_PROFILE_HINT"",""numeric_t90_usable"":false,""same_measurement_cluster_id"":""mlb_statcast_running_splits_秋山翔吾_2021"",""source_name"":""Baseball Savant / Statcast"",""source_url"":""https://baseballsavant.mlb.com/running_splits?bats=&min=5&position=&team=&type=raw&year=2021"",""reason"":null}]",[2021],"[{""metric"":""T10ft"",""seconds"":0.86,""value"":null,""unit"":null,""measurement_year"":2021,""measurement_date"":null,""measurement_year_inferred"":false,""cohort"":""seasonal qualified MLB runs"",""timing_method"":""Statcast official leaderboard"",""start_protocol"":""qualified home-to-first runs extrapolated to 90ft"",""source_tier"":""A"",""usage_class"":""STANDARDIZED_PRIOR"",""numeric_t90_usable"":false,""same_measurement_cluster_id"":""mlb_statcast_running_splits_秋山翔吾_2021"",""source_name"":""Baseball Savant / Statcast"",""source_url"":""https://baseballsavant.mlb.com/running_splits?bats=&min=5&position=&team=&type=raw&year=2021"",""reason"":null},{""metric"":""T30ft"",""seconds"":1.78,""value"":null,""unit"":null,""measurement_year"":2021,""measurement_date"":null,""measurement_year_inferred"":false,""cohort"":""seasonal qualified MLB runs"",""timing_method"":""Statcast official leaderboard"",""start_protocol"":""qualified home-to-first runs extrapolated to 90ft"",""source_tier"":""A"",""usage_class"":""STANDARDIZED_PRIOR"",""numeric_t90_usable"":false,""same_measurement_cluster_id"":""mlb_statcast_running_splits_秋山翔吾_2021"",""source_name"":""Baseball Savant / Statcast"",""source_url"":""https://baseballsavant.mlb.com/running_splits?bats=&min=5&position=&team=&type=raw&year=2021"",""reason"":null}]",[],[],"[""npb_plus_2026_current_roster_100"",""seasonal qualified MLB runs""]","{""current_npb_plus_rank"":50,""current_npb_plus_size"":100,""current_npb_plus_band"":""B4_MID_UPPER_COHORT_OCTILE"",""basis"":""WITHIN_SAME_METRIC_SAME_COHORT_ONLY""}","[{""metric"":""T90ft"",""seconds"":3.97,""value"":null,""unit"":null,""measurement_year"":2021,""measurement_date"":null,""measurement_year_inferred"":false,""cohort"":""seasonal qualified MLB runs"",""timing_method"":""Statcast official leaderboard"",""start_protocol"":""qualified home-to-first runs extrapolated to 90ft"",""source_tier"":""A"",""usage_class"":""HISTORICAL_PROFILE_HINT"",""numeric_t90_usable"":false,""same_measurement_cluster_id"":""mlb_statcast_running_splits_秋山翔吾_2021"",""source_name"":""Baseball Savant / Statcast"",""source_url"":""https://baseballsavant.mlb.com/running_splits?bats=&min=5&position=&team=&type=raw&year=2021"",""reason"":null},{""metric"":""MLB_Sprint_Speed"",""seconds"":null,""value"":28,""unit"":""ft/s"",""measurement_year"":2021,""measurement_date"":null,""measurement_year_inferred"":false,""cohort"":""seasonal qualified MLB runs"",""timing_method"":""Statcast official leaderboard"",""start_protocol"":""qualified home-to-first runs extrapolated to 90ft"",""source_tier"":""A"",""usage_class"":""HISTORICAL_PROFILE_HINT"",""numeric_t90_usable"":false,""same_measurement_cluster_id"":""mlb_statcast_running_splits_秋山翔吾_2021"",""source_name"":""Baseball Savant / Statcast"",""source_url"":""https://baseballsavant.mlb.com/leaderboard/sprint_speed?year=2021&position=&team=&min=10"",""reason"":null}]",[2021],"{""status"":""ANCHOR_RESOLVED_MODERATE"",""status_reasons"":[""CURRENT_NPB_PLUS_ORDINAL_HAS_FULL_100_ROSTER_BRACKETING_BUT_PUBLIC_SAMPLE_COUNTS_ARE_NOT_PUBLISHED""],""high_confidence_anchor_count"":1,""same_cohort_order_conflict_count"":0}",TEMPORAL_CONSTRUCT_CONFLICT,V2_KNOWN_NON_2026_COMPARISON_MEASUREMENT,"[""TEMPORAL_CONSTRUCT_CONFLICT""]","{""current_signal_year"":2026,""comparison_relevant_evidence_count"":3,""known_measurement_years"":[2021],""known_non_2026_measurement_years"":[2021],""unknown_measurement_era_count"":0,""has_known_non_2026_measurement"":true,""has_unknown_measurement_era"":false,""all_comparison_relevant_measurements_current_2026"":false}",[],ADDED_FOR_TEMPORAL_CONSTRUCT_CONFLICT
菊池 涼介,61565135,広島東洋カープ,,,,31.8,B4_MID_UPPER_COHORT_OCTILE,41,100,"{""PA"":353,""games"":88,""pa_bucket"":""PA_200_399"",""full_effort_run_proxy_count"":36,""npb_plus_sample_count"":null,""npb_plus_qualified_run_count"":null,""data_completeness"":""partial_tier_A_C_unavailable""}",[],[],[],[],[],"[""npb_plus_2026_current_roster_100""]","{""current_npb_plus_rank"":41,""current_npb_plus_size"":100,""current_npb_plus_band"":""B4_MID_UPPER_COHORT_OCTILE"",""basis"":""WITHIN_SAME_METRIC_SAME_COHORT_ONLY""}",[],[],"{""status"":""ANCHOR_RESOLVED_MODERATE"",""status_reasons"":[""CURRENT_NPB_PLUS_ORDINAL_HAS_FULL_100_ROSTER_BRACKETING_BUT_PUBLIC_SAMPLE_COUNTS_ARE_NOT_PUBLISHED""],""high_confidence_anchor_count"":0,""same_cohort_order_conflict_count"":0}",INSUFFICIENT_SHORT_DISTANCE_EVIDENCE,NO_DIRECTIONALLY_COMPARABLE_SHORT_DISTANCE_EVIDENCE,"[""INSUFFICIENT_SHORT_DISTANCE_EVIDENCE""]","{""current_signal_year"":2026,""comparison_relevant_evidence_count"":0,""known_measurement_years"":[],""known_non_2026_measurement_years"":[],""unknown_measurement_era_count"":0,""has_known_non_2026_measurement"":false,""has_unknown_measurement_era"":false,""all_comparison_relevant_measurements_current_2026"":false}",[],NOT_QUEUED
野間 峻祥,01405130,広島東洋カープ,,,,31.7,B4_MID_UPPER_COHORT_OCTILE,47,100,"{""PA"":86,""games"":35,""pa_bucket"":""PA_50_99"",""full_effort_run_proxy_count"":8,""npb_plus_sample_count"":null,""npb_plus_qualified_run_count"":null,""data_completeness"":""partial_tier_A_C_unavailable""}",[],[],[],[],[],"[""npb_plus_2026_current_roster_100""]","{""current_npb_plus_rank"":47,""current_npb_plus_size"":100,""current_npb_plus_band"":""B4_MID_UPPER_COHORT_OCTILE"",""basis"":""WITHIN_SAME_METRIC_SAME_COHORT_ONLY""}",[],[],"{""status"":""SNS_TIEBREAK"",""status_reasons"":[""SOURCE_PA_UNDER_100_AND_QUALIFIED_RUN_COUNT_NOT_PUBLISHED""],""high_confidence_anchor_count"":0,""same_cohort_order_conflict_count"":0}",INSUFFICIENT_SHORT_DISTANCE_EVIDENCE,NO_DIRECTIONALLY_COMPARABLE_SHORT_DISTANCE_EVIDENCE,"[""INSUFFICIENT_SHORT_DISTANCE_EVIDENCE""]","{""current_signal_year"":2026,""comparison_relevant_evidence_count"":0,""known_measurement_years"":[],""known_non_2026_measurement_years"":[],""unknown_measurement_era_count"":0,""has_known_non_2026_measurement"":false,""has_unknown_measurement_era"":false,""all_comparison_relevant_measurements_current_2026"":false}",[],RETAINED_FROM_EXISTING_PHYSICAL_QUEUE
サンタナ,53755153,東京ヤクルトスワローズ,,,,30.8,B6_LOWER_MID_COHORT_OCTILE,71,100,"{""PA"":357,""games"":96,""pa_bucket"":""PA_200_399"",""full_effort_run_proxy_count"":40,""npb_plus_sample_count"":null,""npb_plus_qualified_run_count"":null,""data_completeness"":""partial_tier_A_C_unavailable""}","[{""metric"":""T90ft"",""seconds"":4.13,""value"":null,""unit"":null,""measurement_year"":2020,""measurement_date"":null,""measurement_year_inferred"":false,""cohort"":""seasonal qualified MLB runs"",""timing_method"":""Statcast official leaderboard"",""start_protocol"":""qualified home-to-first runs extrapolated to 90ft"",""source_tier"":""A"",""usage_class"":""HISTORICAL_PROFILE_HINT"",""numeric_t90_usable"":false,""same_measurement_cluster_id"":""mlb_statcast_running_splits_サンタナ_2020"",""source_name"":""Baseball Savant / Statcast"",""source_url"":""https://baseballsavant.mlb.com/running_splits?bats=&min=5&position=&team=&type=raw&year=2020"",""reason"":null}]",[2020],"[{""metric"":""T10ft"",""seconds"":0.91,""value"":null,""unit"":null,""measurement_year"":2020,""measurement_date"":null,""measurement_year_inferred"":false,""cohort"":""seasonal qualified MLB runs"",""timing_method"":""Statcast official leaderboard"",""start_protocol"":""qualified home-to-first runs extrapolated to 90ft"",""source_tier"":""A"",""usage_class"":""STANDARDIZED_PRIOR"",""numeric_t90_usable"":false,""same_measurement_cluster_id"":""mlb_statcast_running_splits_サンタナ_2020"",""source_name"":""Baseball Savant / Statcast"",""source_url"":""https://baseballsavant.mlb.com/running_splits?bats=&min=5&position=&team=&type=raw&year=2020"",""reason"":null},{""metric"":""T30ft"",""seconds"":1.87,""value"":null,""unit"":null,""measurement_year"":2020,""measurement_date"":null,""measurement_year_inferred"":false,""cohort"":""seasonal qualified MLB runs"",""timing_method"":""Statcast official leaderboard"",""start_protocol"":""qualified home-to-first runs extrapolated to 90ft"",""source_tier"":""A"",""usage_class"":""STANDARDIZED_PRIOR"",""numeric_t90_usable"":false,""same_measurement_cluster_id"":""mlb_statcast_running_splits_サンタナ_2020"",""source_name"":""Baseball Savant / Statcast"",""source_url"":""https://baseballsavant.mlb.com/running_splits?bats=&min=5&position=&team=&type=raw&year=2020"",""reason"":null}]",[],[],"[""npb_plus_2026_current_roster_100"",""seasonal qualified MLB runs""]","{""current_npb_plus_rank"":71,""current_npb_plus_size"":100,""current_npb_plus_band"":""B6_LOWER_MID_COHORT_OCTILE"",""basis"":""WITHIN_SAME_METRIC_SAME_COHORT_ONLY""}","[{""metric"":""T90ft"",""seconds"":4.13,""value"":null,""unit"":null,""measurement_year"":2020,""measurement_date"":null,""measurement_year_inferred"":false,""cohort"":""seasonal qualified MLB runs"",""timing_method"":""Statcast official leaderboard"",""start_protocol"":""qualified home-to-first runs extrapolated to 90ft"",""source_tier"":""A"",""usage_class"":""HISTORICAL_PROFILE_HINT"",""numeric_t90_usable"":false,""same_measurement_cluster_id"":""mlb_statcast_running_splits_サンタナ_2020"",""source_name"":""Baseball Savant / Statcast"",""source_url"":""https://baseballsavant.mlb.com/running_splits?bats=&min=5&position=&team=&type=raw&year=2020"",""reason"":null},{""metric"":""MLB_Sprint_Speed"",""seconds"":null,""value"":26.9,""unit"":""ft/s"",""measurement_year"":2020,""measurement_date"":null,""measurement_year_inferred"":false,""cohort"":""seasonal qualified MLB runs"",""timing_method"":""Statcast official leaderboard"",""start_protocol"":""qualified home-to-first runs extrapolated to 90ft"",""source_tier"":""A"",""usage_class"":""HISTORICAL_PROFILE_HINT"",""numeric_t90_usable"":false,""same_measurement_cluster_id"":""mlb_statcast_running_splits_サンタナ_2020"",""source_name"":""Baseball Savant / Statcast"",""source_url"":""https://baseballsavant.mlb.com/leaderboard/sprint_speed?year=2020&position=&team=&min=10"",""reason"":null}]",[2020],"{""status"":""ANCHOR_RESOLVED_MODERATE"",""status_reasons"":[""CURRENT_NPB_PLUS_ORDINAL_HAS_FULL_100_ROSTER_BRACKETING_BUT_PUBLIC_SAMPLE_COUNTS_ARE_NOT_PUBLISHED""],""high_confidence_anchor_count"":1,""same_cohort_order_conflict_count"":0}",TEMPORAL_CONSTRUCT_CONFLICT,V2_KNOWN_NON_2026_COMPARISON_MEASUREMENT,"[""TEMPORAL_CONSTRUCT_CONFLICT""]","{""current_signal_year"":2026,""comparison_relevant_evidence_count"":3,""known_measurement_years"":[2020],""known_non_2026_measurement_years"":[2020],""unknown_measurement_era_count"":0,""has_known_non_2026_measurement"":true,""has_unknown_measurement_era"":false,""all_comparison_relevant_measurements_current_2026"":false}",[],ADDED_FOR_TEMPORAL_CONSTRUCT_CONFLICT
並木 秀尊,91695153,東京ヤクルトスワローズ,,,,33.8,B1_FASTEST_COHORT_OCTILE,3,100,"{""PA"":45,""games"":18,""pa_bucket"":""PA_25_49"",""full_effort_run_proxy_count"":6,""npb_plus_sample_count"":null,""npb_plus_qualified_run_count"":null,""data_completeness"":""partial_tier_A_C_unavailable""}",[],[],[],[],[],"[""npb_plus_2026_current_roster_100""]","{""current_npb_plus_rank"":3,""current_npb_plus_size"":100,""current_npb_plus_band"":""B1_FASTEST_COHORT_OCTILE"",""basis"":""WITHIN_SAME_METRIC_SAME_COHORT_ONLY""}","[{""metric"":""50m"",""seconds"":6.06,""value"":null,""unit"":null,""measurement_year"":2022,""measurement_date"":null,""measurement_year_inferred"":false,""cohort"":""超プロ野球ULTRA収録で計測。記事では通常の50m走として紹介されるが、光電管・スタート規則等は不明。"",""timing_method"":""unknown"",""start_protocol"":""unknown"",""source_tier"":""B"",""usage_class"":""HISTORICAL_PROFILE_HINT"",""numeric_t90_usable"":false,""same_measurement_cluster_id"":""existing_outlier_並木秀尊_50m_6.06"",""source_name"":""日刊スポーツ"",""source_url"":""https://www.nikkansports.com/baseball/news/202306230001335.html"",""reason"":null}]",[2022],"{""status"":""SNS_TIEBREAK"",""status_reasons"":[""SOURCE_PA_UNDER_100_AND_QUALIFIED_RUN_COUNT_NOT_PUBLISHED""],""high_confidence_anchor_count"":0,""same_cohort_order_conflict_count"":0}",INSUFFICIENT_SHORT_DISTANCE_EVIDENCE,NO_DIRECTIONALLY_COMPARABLE_SHORT_DISTANCE_EVIDENCE,"[""INSUFFICIENT_SHORT_DISTANCE_EVIDENCE""]","{""current_signal_year"":2026,""comparison_relevant_evidence_count"":0,""known_measurement_years"":[],""known_non_2026_measurement_years"":[],""unknown_measurement_era_count"":0,""has_known_non_2026_measurement"":false,""has_unknown_measurement_era"":false,""all_comparison_relevant_measurements_current_2026"":false}","[{""metric"":""hp_to_1b"",""seconds"":3.96,""value"":null,""unit"":null,""measurement_year"":""unknown"",""measurement_date"":null,""measurement_year_inferred"":false,""cohort"":""unknown"",""timing_method"":""unknown"",""start_protocol"":""swing_to_run_in_game"",""source_tier"":""B"",""usage_class"":""CONTEXT_ONLY"",""numeric_t90_usable"":false,""same_measurement_cluster_id"":""namiki_hp_to_1b_dokkyo_game"",""source_name"":""Number Web"",""source_url"":""https://number.bunshun.jp/articles/-/846891?page=2"",""reason"":null}]",RETAINED_FROM_EXISTING_PHYSICAL_QUEUE
中村 悠平,51255118,東京ヤクルトスワローズ,,,,30.4,B7_LOWER_COHORT_OCTILE,84,100,"{""PA"":65,""games"":32,""pa_bucket"":""PA_50_99"",""full_effort_run_proxy_count"":8,""npb_plus_sample_count"":null,""npb_plus_qualified_run_count"":null,""data_completeness"":""partial_tier_A_C_unavailable""}",[],[],[],[],[],"[""npb_plus_2026_current_roster_100""]","{""current_npb_plus_rank"":84,""current_npb_plus_size"":100,""current_npb_plus_band"":""B7_LOWER_COHORT_OCTILE"",""basis"":""WITHIN_SAME_METRIC_SAME_COHORT_ONLY""}",[],[],"{""status"":""SNS_TIEBREAK"",""status_reasons"":[""SOURCE_PA_UNDER_100_AND_QUALIFIED_RUN_COUNT_NOT_PUBLISHED""],""high_confidence_anchor_count"":0,""same_cohort_order_conflict_count"":0}",INSUFFICIENT_SHORT_DISTANCE_EVIDENCE,NO_DIRECTIONALLY_COMPARABLE_SHORT_DISTANCE_EVIDENCE,"[""INSUFFICIENT_SHORT_DISTANCE_EVIDENCE""]","{""current_signal_year"":2026,""comparison_relevant_evidence_count"":0,""known_measurement_years"":[],""known_non_2026_measurement_years"":[],""unknown_measurement_era_count"":0,""has_known_non_2026_measurement"":false,""has_unknown_measurement_era"":false,""all_comparison_relevant_measurements_current_2026"":false}",[],RETAINED_FROM_EXISTING_PHYSICAL_QUEUE
丸山 和郁,93195155,東京ヤクルトスワローズ,,,,32.4,B3_UPPER_MID_COHORT_OCTILE,30,100,"{""PA"":112,""games"":39,""pa_bucket"":""PA_100_199"",""full_effort_run_proxy_count"":10,""npb_plus_sample_count"":null,""npb_plus_qualified_run_count"":null,""data_completeness"":""partial_tier_A_C_unavailable""}",[],[],[],[],[],"[""npb_plus_2026_current_roster_100""]","{""current_npb_plus_rank"":30,""current_npb_plus_size"":100,""current_npb_plus_band"":""B3_UPPER_MID_COHORT_OCTILE"",""basis"":""WITHIN_SAME_METRIC_SAME_COHORT_ONLY""}","[{""metric"":""50m"",""seconds"":5.8,""value"":null,""unit"":null,""measurement_year"":2019,""measurement_date"":null,""measurement_year_inferred"":true,""cohort"":""unknown"",""timing_method"":""unknown"",""start_protocol"":""unknown"",""source_tier"":""B"",""usage_class"":""HISTORICAL_PROFILE_HINT"",""numeric_t90_usable"":false,""same_measurement_cluster_id"":""maruyama_50m_meiji_profile"",""source_name"":""4years.（朝日新聞社）"",""source_url"":""https://4years.asahi.com/article/12432940"",""reason"":null}]",[2019],"{""status"":""ANCHOR_RESOLVED_MODERATE"",""status_reasons"":[""CURRENT_NPB_PLUS_ORDINAL_HAS_FULL_100_ROSTER_BRACKETING_BUT_PUBLIC_SAMPLE_COUNTS_ARE_NOT_PUBLISHED""],""high_confidence_anchor_count"":0,""same_cohort_order_conflict_count"":0}",INSUFFICIENT_SHORT_DISTANCE_EVIDENCE,NO_DIRECTIONALLY_COMPARABLE_SHORT_DISTANCE_EVIDENCE,"[""INSUFFICIENT_SHORT_DISTANCE_EVIDENCE""]","{""current_signal_year"":2026,""comparison_relevant_evidence_count"":0,""known_measurement_years"":[],""known_non_2026_measurement_years"":[],""unknown_measurement_era_count"":0,""has_known_non_2026_measurement"":false,""has_unknown_measurement_era"":false,""all_comparison_relevant_measurements_current_2026"":false}","[{""metric"":""hp_to_1b"",""seconds"":3.8,""value"":null,""unit"":null,""measurement_year"":""unknown"",""measurement_date"":null,""measurement_year_inferred"":false,""cohort"":""unknown"",""timing_method"":""unknown"",""start_protocol"":""swing_to_run_in_game"",""source_tier"":""B"",""usage_class"":""CONTEXT_ONLY"",""numeric_t90_usable"":false,""same_measurement_cluster_id"":""maruyama_hp_to_1b_meiji_game"",""source_name"":""4years.（朝日新聞社）"",""source_url"":""https://4years.asahi.com/article/12432940"",""reason"":null}]",NOT_QUEUED
古賀 優大,01705134,東京ヤクルトスワローズ,,,,32.1,B3_UPPER_MID_COHORT_OCTILE,33,100,"{""PA"":252,""games"":69,""pa_bucket"":""PA_200_399"",""full_effort_run_proxy_count"":27,""npb_plus_sample_count"":null,""npb_plus_qualified_run_count"":null,""data_completeness"":""partial_tier_A_C_unavailable""}",[],[],[],[],[],"[""npb_plus_2026_current_roster_100""]","{""current_npb_plus_rank"":33,""current_npb_plus_size"":100,""current_npb_plus_band"":""B3_UPPER_MID_COHORT_OCTILE"",""basis"":""WITHIN_SAME_METRIC_SAME_COHORT_ONLY""}",[],[],"{""status"":""ANCHOR_RESOLVED_MODERATE"",""status_reasons"":[""CURRENT_NPB_PLUS_ORDINAL_HAS_FULL_100_ROSTER_BRACKETING_BUT_PUBLIC_SAMPLE_COUNTS_ARE_NOT_PUBLISHED""],""high_confidence_anchor_count"":0,""same_cohort_order_conflict_count"":0}",INSUFFICIENT_SHORT_DISTANCE_EVIDENCE,NO_DIRECTIONALLY_COMPARABLE_SHORT_DISTANCE_EVIDENCE,"[""INSUFFICIENT_SHORT_DISTANCE_EVIDENCE""]","{""current_signal_year"":2026,""comparison_relevant_evidence_count"":0,""known_measurement_years"":[],""known_non_2026_measurement_years"":[],""unknown_measurement_era_count"":0,""has_known_non_2026_measurement"":false,""has_unknown_measurement_era"":false,""all_comparison_relevant_measurements_current_2026"":false}",[],NOT_QUEUED
塩見 泰隆,71975136,東京ヤクルトスワローズ,,,,32.3,B3_UPPER_MID_COHORT_OCTILE,32,100,"{""PA"":83,""games"":37,""pa_bucket"":""PA_50_99"",""full_effort_run_proxy_count"":8,""npb_plus_sample_count"":null,""npb_plus_qualified_run_count"":null,""data_completeness"":""partial_tier_A_C_unavailable""}",[],[],[],[],[],"[""npb_plus_2026_current_roster_100""]","{""current_npb_plus_rank"":32,""current_npb_plus_size"":100,""current_npb_plus_band"":""B3_UPPER_MID_COHORT_OCTILE"",""basis"":""WITHIN_SAME_METRIC_SAME_COHORT_ONLY""}","[{""metric"":""30m"",""seconds"":3.85,""value"":null,""unit"":null,""measurement_year"":2018,""measurement_date"":null,""measurement_year_inferred"":false,""cohort"":""新人合同自主トレの30m走。"",""timing_method"":""unknown"",""start_protocol"":""unknown"",""source_tier"":""B"",""usage_class"":""HISTORICAL_PROFILE_HINT"",""numeric_t90_usable"":false,""same_measurement_cluster_id"":""existing_30m_塩見泰隆_2018"",""source_name"":""デイリースポーツ"",""source_url"":""https://www.daily.co.jp/baseball/2018/01/17/0010903502.shtml"",""reason"":null}]",[2018],"{""status"":""SNS_TIEBREAK"",""status_reasons"":[""SOURCE_PA_UNDER_100_AND_QUALIFIED_RUN_COUNT_NOT_PUBLISHED""],""high_confidence_anchor_count"":0,""same_cohort_order_conflict_count"":0}",INSUFFICIENT_SHORT_DISTANCE_EVIDENCE,NO_DIRECTIONALLY_COMPARABLE_SHORT_DISTANCE_EVIDENCE,"[""INSUFFICIENT_SHORT_DISTANCE_EVIDENCE""]","{""current_signal_year"":2026,""comparison_relevant_evidence_count"":0,""known_measurement_years"":[],""known_non_2026_measurement_years"":[],""unknown_measurement_era_count"":0,""has_known_non_2026_measurement"":false,""has_unknown_measurement_era"":false,""all_comparison_relevant_measurements_current_2026"":false}","[{""metric"":""hp_to_1b"",""seconds"":4.15,""value"":null,""unit"":null,""measurement_year"":""unknown"",""measurement_date"":null,""measurement_year_inferred"":false,""cohort"":""unknown"",""timing_method"":""unknown"",""start_protocol"":""swing_to_run_in_game"",""source_tier"":""B"",""usage_class"":""CONTEXT_ONLY"",""numeric_t90_usable"":false,""same_measurement_cluster_id"":""shiomi_hp_to_1b_jxeneos_415"",""source_name"":""Number Web"",""source_url"":""https://number.bunshun.jp/articles/-/833298?page=2"",""reason"":null},{""metric"":""hp_to_1b"",""seconds"":4.26,""value"":null,""unit"":null,""measurement_year"":""unknown"",""measurement_date"":null,""measurement_year_inferred"":false,""cohort"":""unknown"",""timing_method"":""unknown"",""start_protocol"":""swing_to_run_in_game"",""source_tier"":""B"",""usage_class"":""CONTEXT_ONLY"",""numeric_t90_usable"":false,""same_measurement_cluster_id"":""shiomi_hp_to_1b_jxeneos_426"",""source_name"":""Number Web"",""source_url"":""https://number.bunshun.jp/articles/-/833298?page=2"",""reason"":null}]",RETAINED_FROM_EXISTING_PHYSICAL_QUEUE
岩田 幸宏,51355155,東京ヤクルトスワローズ,,,,33.6,B1_FASTEST_COHORT_OCTILE,6,100,"{""PA"":330,""games"":91,""pa_bucket"":""PA_200_399"",""full_effort_run_proxy_count"":50,""npb_plus_sample_count"":null,""npb_plus_qualified_run_count"":null,""data_completeness"":""partial_tier_A_C_unavailable""}",[],[],[],[],[],"[""npb_plus_2026_current_roster_100""]","{""current_npb_plus_rank"":6,""current_npb_plus_size"":100,""current_npb_plus_band"":""B1_FASTEST_COHORT_OCTILE"",""basis"":""WITHIN_SAME_METRIC_SAME_COHORT_ONLY""}",[],[],"{""status"":""ANCHOR_RESOLVED_MODERATE"",""status_reasons"":[""CURRENT_NPB_PLUS_ORDINAL_HAS_FULL_100_ROSTER_BRACKETING_BUT_PUBLIC_SAMPLE_COUNTS_ARE_NOT_PUBLISHED""],""high_confidence_anchor_count"":0,""same_cohort_order_conflict_count"":0}",INSUFFICIENT_SHORT_DISTANCE_EVIDENCE,NO_DIRECTIONALLY_COMPARABLE_SHORT_DISTANCE_EVIDENCE,"[""INSUFFICIENT_SHORT_DISTANCE_EVIDENCE""]","{""current_signal_year"":2026,""comparison_relevant_evidence_count"":0,""known_measurement_years"":[],""known_non_2026_measurement_years"":[],""unknown_measurement_era_count"":0,""has_known_non_2026_measurement"":false,""has_unknown_measurement_era"":false,""all_comparison_relevant_measurements_current_2026"":false}",[],NOT_QUEUED
長岡 秀樹,51455151,東京ヤクルトスワローズ,,,,31.6,B5_MID_LOWER_COHORT_OCTILE,51,100,"{""PA"":355,""games"":85,""pa_bucket"":""PA_200_399"",""full_effort_run_proxy_count"":55,""npb_plus_sample_count"":null,""npb_plus_qualified_run_count"":null,""data_completeness"":""partial_tier_A_C_unavailable""}",[],[],[],[],[],"[""npb_plus_2026_current_roster_100""]","{""current_npb_plus_rank"":51,""current_npb_plus_size"":100,""current_npb_plus_band"":""B5_MID_LOWER_COHORT_OCTILE"",""basis"":""WITHIN_SAME_METRIC_SAME_COHORT_ONLY""}",[],[],"{""status"":""ANCHOR_RESOLVED_MODERATE"",""status_reasons"":[""CURRENT_NPB_PLUS_ORDINAL_HAS_FULL_100_ROSTER_BRACKETING_BUT_PUBLIC_SAMPLE_COUNTS_ARE_NOT_PUBLISHED""],""high_confidence_anchor_count"":0,""same_cohort_order_conflict_count"":0}",INSUFFICIENT_SHORT_DISTANCE_EVIDENCE,NO_DIRECTIONALLY_COMPARABLE_SHORT_DISTANCE_EVIDENCE,"[""INSUFFICIENT_SHORT_DISTANCE_EVIDENCE""]","{""current_signal_year"":2026,""comparison_relevant_evidence_count"":0,""known_measurement_years"":[],""known_non_2026_measurement_years"":[],""unknown_measurement_era_count"":0,""has_known_non_2026_measurement"":false,""has_unknown_measurement_era"":false,""all_comparison_relevant_measurements_current_2026"":false}",[],NOT_QUEUED
太田 光,71375138,東北楽天ゴールデンイーグルス,,,,30.5,B7_LOWER_COHORT_OCTILE,80,100,"{""PA"":204,""games"":72,""pa_bucket"":""PA_200_399"",""full_effort_run_proxy_count"":23,""npb_plus_sample_count"":null,""npb_plus_qualified_run_count"":null,""data_completeness"":""partial_tier_A_C_unavailable""}",[],[],[],[],[],"[""npb_plus_2026_current_roster_100""]","{""current_npb_plus_rank"":80,""current_npb_plus_size"":100,""current_npb_plus_band"":""B7_LOWER_COHORT_OCTILE"",""basis"":""WITHIN_SAME_METRIC_SAME_COHORT_ONLY""}",[],[],"{""status"":""ANCHOR_RESOLVED_MODERATE"",""status_reasons"":[""CURRENT_NPB_PLUS_ORDINAL_HAS_FULL_100_ROSTER_BRACKETING_BUT_PUBLIC_SAMPLE_COUNTS_ARE_NOT_PUBLISHED""],""high_confidence_anchor_count"":0,""same_cohort_order_conflict_count"":0}",INSUFFICIENT_SHORT_DISTANCE_EVIDENCE,NO_DIRECTIONALLY_COMPARABLE_SHORT_DISTANCE_EVIDENCE,"[""INSUFFICIENT_SHORT_DISTANCE_EVIDENCE""]","{""current_signal_year"":2026,""comparison_relevant_evidence_count"":0,""known_measurement_years"":[],""known_non_2026_measurement_years"":[],""unknown_measurement_era_count"":0,""has_known_non_2026_measurement"":false,""has_unknown_measurement_era"":false,""all_comparison_relevant_measurements_current_2026"":false}",[],NOT_QUEUED
村林 一輝,41845132,東北楽天ゴールデンイーグルス,,,,34.5,B1_FASTEST_COHORT_OCTILE,2,100,"{""PA"":386,""games"":96,""pa_bucket"":""PA_200_399"",""full_effort_run_proxy_count"":63,""npb_plus_sample_count"":null,""npb_plus_qualified_run_count"":null,""data_completeness"":""partial_tier_A_C_unavailable""}",[],[],[],[],[],"[""npb_plus_2026_current_roster_100""]","{""current_npb_plus_rank"":2,""current_npb_plus_size"":100,""current_npb_plus_band"":""B1_FASTEST_COHORT_OCTILE"",""basis"":""WITHIN_SAME_METRIC_SAME_COHORT_ONLY""}","[{""metric"":""50m"",""seconds"":6.2,""value"":null,""unit"":null,""measurement_year"":2015,""measurement_date"":null,""measurement_year_inferred"":false,""cohort"":""高校時代のドラフト紹介。50m6.2秒・遠投110m。"",""timing_method"":""unknown"",""start_protocol"":""unknown"",""source_tier"":""B"",""usage_class"":""HISTORICAL_PROFILE_HINT"",""numeric_t90_usable"":false,""same_measurement_cluster_id"":""existing_outlier_村林一輝_50m_6.2"",""source_name"":""週刊ベースボールONLINE"",""source_url"":""https://column.sp.baseball.findfriends.jp/?id=055-20151207-01&pid=column_detail"",""reason"":null}]",[2015],"{""status"":""ANCHOR_RESOLVED_MODERATE"",""status_reasons"":[""CURRENT_NPB_PLUS_ORDINAL_HAS_FULL_100_ROSTER_BRACKETING_BUT_PUBLIC_SAMPLE_COUNTS_ARE_NOT_PUBLISHED""],""high_confidence_anchor_count"":0,""same_cohort_order_conflict_count"":0}",INSUFFICIENT_SHORT_DISTANCE_EVIDENCE,NO_DIRECTIONALLY_COMPARABLE_SHORT_DISTANCE_EVIDENCE,"[""INSUFFICIENT_SHORT_DISTANCE_EVIDENCE""]","{""current_signal_year"":2026,""comparison_relevant_evidence_count"":0,""known_measurement_years"":[],""known_non_2026_measurement_years"":[],""unknown_measurement_era_count"":0,""has_known_non_2026_measurement"":false,""has_unknown_measurement_era"":false,""all_comparison_relevant_measurements_current_2026"":false}",[],NOT_QUEUED
浅村 栄斗,51155118,東北楽天ゴールデンイーグルス,,,,30.5,B7_LOWER_COHORT_OCTILE,81,100,"{""PA"":333,""games"":87,""pa_bucket"":""PA_200_399"",""full_effort_run_proxy_count"":27,""npb_plus_sample_count"":null,""npb_plus_qualified_run_count"":null,""data_completeness"":""partial_tier_A_C_unavailable""}",[],[],[],[],[],"[""npb_plus_2026_current_roster_100""]","{""current_npb_plus_rank"":81,""current_npb_plus_size"":100,""current_npb_plus_band"":""B7_LOWER_COHORT_OCTILE"",""basis"":""WITHIN_SAME_METRIC_SAME_COHORT_ONLY""}",[],[],"{""status"":""ANCHOR_RESOLVED_MODERATE"",""status_reasons"":[""CURRENT_NPB_PLUS_ORDINAL_HAS_FULL_100_ROSTER_BRACKETING_BUT_PUBLIC_SAMPLE_COUNTS_ARE_NOT_PUBLISHED""],""high_confidence_anchor_count"":0,""same_cohort_order_conflict_count"":0}",INSUFFICIENT_SHORT_DISTANCE_EVIDENCE,NO_DIRECTIONALLY_COMPARABLE_SHORT_DISTANCE_EVIDENCE,"[""INSUFFICIENT_SHORT_DISTANCE_EVIDENCE""]","{""current_signal_year"":2026,""comparison_relevant_evidence_count"":0,""known_measurement_years"":[],""known_non_2026_measurement_years"":[],""unknown_measurement_era_count"":0,""has_known_non_2026_measurement"":false,""has_unknown_measurement_era"":false,""all_comparison_relevant_measurements_current_2026"":false}",[],NOT_QUEUED
渡邊 佳明,73175138,東北楽天ゴールデンイーグルス,,,,30.3,B7_LOWER_COHORT_OCTILE,86,100,"{""PA"":140,""games"":54,""pa_bucket"":""PA_100_199"",""full_effort_run_proxy_count"":12,""npb_plus_sample_count"":null,""npb_plus_qualified_run_count"":null,""data_completeness"":""partial_tier_A_C_unavailable""}",[],[],[],[],[],"[""npb_plus_2026_current_roster_100""]","{""current_npb_plus_rank"":86,""current_npb_plus_size"":100,""current_npb_plus_band"":""B7_LOWER_COHORT_OCTILE"",""basis"":""WITHIN_SAME_METRIC_SAME_COHORT_ONLY""}",[],[],"{""status"":""ANCHOR_RESOLVED_MODERATE"",""status_reasons"":[""CURRENT_NPB_PLUS_ORDINAL_HAS_FULL_100_ROSTER_BRACKETING_BUT_PUBLIC_SAMPLE_COUNTS_ARE_NOT_PUBLISHED""],""high_confidence_anchor_count"":0,""same_cohort_order_conflict_count"":0}",INSUFFICIENT_SHORT_DISTANCE_EVIDENCE,NO_DIRECTIONALLY_COMPARABLE_SHORT_DISTANCE_EVIDENCE,"[""INSUFFICIENT_SHORT_DISTANCE_EVIDENCE""]","{""current_signal_year"":2026,""comparison_relevant_evidence_count"":0,""known_measurement_years"":[],""known_non_2026_measurement_years"":[],""unknown_measurement_era_count"":0,""has_known_non_2026_measurement"":false,""has_unknown_measurement_era"":false,""all_comparison_relevant_measurements_current_2026"":false}",[],NOT_QUEUED
鈴木 大地,81985135,東北楽天ゴールデンイーグルス,,,,29,B8_SLOWEST_COHORT_OCTILE,100,100,"{""PA"":55,""games"":34,""pa_bucket"":""PA_50_99"",""full_effort_run_proxy_count"":5,""npb_plus_sample_count"":null,""npb_plus_qualified_run_count"":null,""data_completeness"":""partial_tier_A_C_unavailable""}",[],[],[],[],[],"[""npb_plus_2026_current_roster_100""]","{""current_npb_plus_rank"":100,""current_npb_plus_size"":100,""current_npb_plus_band"":""B8_SLOWEST_COHORT_OCTILE"",""basis"":""WITHIN_SAME_METRIC_SAME_COHORT_ONLY""}",[],[],"{""status"":""SNS_TIEBREAK"",""status_reasons"":[""SOURCE_PA_UNDER_100_AND_QUALIFIED_RUN_COUNT_NOT_PUBLISHED""],""high_confidence_anchor_count"":0,""same_cohort_order_conflict_count"":0}",INSUFFICIENT_SHORT_DISTANCE_EVIDENCE,NO_DIRECTIONALLY_COMPARABLE_SHORT_DISTANCE_EVIDENCE,"[""INSUFFICIENT_SHORT_DISTANCE_EVIDENCE""]","{""current_signal_year"":2026,""comparison_relevant_evidence_count"":0,""known_measurement_years"":[],""known_non_2026_measurement_years"":[],""unknown_measurement_era_count"":0,""has_known_non_2026_measurement"":false,""has_unknown_measurement_era"":false,""all_comparison_relevant_measurements_current_2026"":false}",[],RETAINED_FROM_EXISTING_PHYSICAL_QUEUE
京田 陽太,81585134,横浜DeNAベイスターズ,,,,31.1,B6_LOWER_MID_COHORT_OCTILE,67,100,"{""PA"":119,""games"":45,""pa_bucket"":""PA_100_199"",""full_effort_run_proxy_count"":19,""npb_plus_sample_count"":null,""npb_plus_qualified_run_count"":null,""data_completeness"":""partial_tier_A_C_unavailable""}",[],[],[],[],[],"[""npb_plus_2026_current_roster_100""]","{""current_npb_plus_rank"":67,""current_npb_plus_size"":100,""current_npb_plus_band"":""B6_LOWER_MID_COHORT_OCTILE"",""basis"":""WITHIN_SAME_METRIC_SAME_COHORT_ONLY""}","[{""metric"":""50m"",""seconds"":5.9,""value"":null,""unit"":null,""measurement_year"":2016,""measurement_date"":null,""measurement_year_inferred"":true,""cohort"":""unknown"",""timing_method"":""unknown"",""start_protocol"":""unknown"",""source_tier"":""B"",""usage_class"":""HISTORICAL_PROFILE_HINT"",""numeric_t90_usable"":false,""same_measurement_cluster_id"":""kyoda_nihon_u_50m_profile"",""source_name"":""侍ジャパン公式"",""source_url"":""https://www.japan-baseball.jp/jp/news/press/20160710_5.html"",""reason"":null}]",[2016],"{""status"":""ANCHOR_RESOLVED_MODERATE"",""status_reasons"":[""CURRENT_NPB_PLUS_ORDINAL_HAS_FULL_100_ROSTER_BRACKETING_BUT_PUBLIC_SAMPLE_COUNTS_ARE_NOT_PUBLISHED""],""high_confidence_anchor_count"":0,""same_cohort_order_conflict_count"":0}",INSUFFICIENT_SHORT_DISTANCE_EVIDENCE,NO_DIRECTIONALLY_COMPARABLE_SHORT_DISTANCE_EVIDENCE,"[""INSUFFICIENT_SHORT_DISTANCE_EVIDENCE""]","{""current_signal_year"":2026,""comparison_relevant_evidence_count"":0,""known_measurement_years"":[],""known_non_2026_measurement_years"":[],""unknown_measurement_era_count"":0,""has_known_non_2026_measurement"":false,""has_unknown_measurement_era"":false,""all_comparison_relevant_measurements_current_2026"":false}",[],NOT_QUEUED
佐野 恵太,91995134,横浜DeNAベイスターズ,,,,30.6,B7_LOWER_COHORT_OCTILE,78,100,"{""PA"":396,""games"":95,""pa_bucket"":""PA_200_399"",""full_effort_run_proxy_count"":57,""npb_plus_sample_count"":null,""npb_plus_qualified_run_count"":null,""data_completeness"":""partial_tier_A_C_unavailable""}",[],[],[],[],[],"[""npb_plus_2026_current_roster_100""]","{""current_npb_plus_rank"":78,""current_npb_plus_size"":100,""current_npb_plus_band"":""B7_LOWER_COHORT_OCTILE"",""basis"":""WITHIN_SAME_METRIC_SAME_COHORT_ONLY""}",[],[],"{""status"":""ANCHOR_RESOLVED_MODERATE"",""status_reasons"":[""CURRENT_NPB_PLUS_ORDINAL_HAS_FULL_100_ROSTER_BRACKETING_BUT_PUBLIC_SAMPLE_COUNTS_ARE_NOT_PUBLISHED""],""high_confidence_anchor_count"":0,""same_cohort_order_conflict_count"":0}",INSUFFICIENT_SHORT_DISTANCE_EVIDENCE,NO_DIRECTIONALLY_COMPARABLE_SHORT_DISTANCE_EVIDENCE,"[""INSUFFICIENT_SHORT_DISTANCE_EVIDENCE""]","{""current_signal_year"":2026,""comparison_relevant_evidence_count"":0,""known_measurement_years"":[],""known_non_2026_measurement_years"":[],""unknown_measurement_era_count"":0,""has_known_non_2026_measurement"":false,""has_unknown_measurement_era"":false,""all_comparison_relevant_measurements_current_2026"":false}",[],NOT_QUEUED
宮﨑 敏郎,51455137,横浜DeNAベイスターズ,,,,30.3,B7_LOWER_COHORT_OCTILE,87,100,"{""PA"":267,""games"":75,""pa_bucket"":""PA_200_399"",""full_effort_run_proxy_count"":31,""npb_plus_sample_count"":null,""npb_plus_qualified_run_count"":null,""data_completeness"":""partial_tier_A_C_unavailable""}",[],[],[],[],[],"[""npb_plus_2026_current_roster_100""]","{""current_npb_plus_rank"":87,""current_npb_plus_size"":100,""current_npb_plus_band"":""B7_LOWER_COHORT_OCTILE"",""basis"":""WITHIN_SAME_METRIC_SAME_COHORT_ONLY""}",[],[],"{""status"":""ANCHOR_RESOLVED_MODERATE"",""status_reasons"":[""CURRENT_NPB_PLUS_ORDINAL_HAS_FULL_100_ROSTER_BRACKETING_BUT_PUBLIC_SAMPLE_COUNTS_ARE_NOT_PUBLISHED""],""high_confidence_anchor_count"":0,""same_cohort_order_conflict_count"":0}",INSUFFICIENT_SHORT_DISTANCE_EVIDENCE,NO_DIRECTIONALLY_COMPARABLE_SHORT_DISTANCE_EVIDENCE,"[""INSUFFICIENT_SHORT_DISTANCE_EVIDENCE""]","{""current_signal_year"":2026,""comparison_relevant_evidence_count"":0,""known_measurement_years"":[],""known_non_2026_measurement_years"":[],""unknown_measurement_era_count"":0,""has_known_non_2026_measurement"":false,""has_unknown_measurement_era"":false,""all_comparison_relevant_measurements_current_2026"":false}",[],NOT_QUEUED
山本 祐大,23125136,横浜DeNAベイスターズ,,,,31,B6_LOWER_MID_COHORT_OCTILE,69,100,"{""PA"":184,""games"":50,""pa_bucket"":""PA_100_199"",""full_effort_run_proxy_count"":25,""npb_plus_sample_count"":null,""npb_plus_qualified_run_count"":null,""data_completeness"":""partial_tier_A_C_unavailable""}",[],[],[],[],[],"[""npb_plus_2026_current_roster_100""]","{""current_npb_plus_rank"":69,""current_npb_plus_size"":100,""current_npb_plus_band"":""B6_LOWER_MID_COHORT_OCTILE"",""basis"":""WITHIN_SAME_METRIC_SAME_COHORT_ONLY""}",[],[],"{""status"":""ANCHOR_RESOLVED_MODERATE"",""status_reasons"":[""CURRENT_NPB_PLUS_ORDINAL_HAS_FULL_100_ROSTER_BRACKETING_BUT_PUBLIC_SAMPLE_COUNTS_ARE_NOT_PUBLISHED""],""high_confidence_anchor_count"":0,""same_cohort_order_conflict_count"":0}",INSUFFICIENT_SHORT_DISTANCE_EVIDENCE,NO_DIRECTIONALLY_COMPARABLE_SHORT_DISTANCE_EVIDENCE,"[""INSUFFICIENT_SHORT_DISTANCE_EVIDENCE""]","{""current_signal_year"":2026,""comparison_relevant_evidence_count"":0,""known_measurement_years"":[],""known_non_2026_measurement_years"":[],""unknown_measurement_era_count"":0,""has_known_non_2026_measurement"":false,""has_unknown_measurement_era"":false,""all_comparison_relevant_measurements_current_2026"":false}",[],NOT_QUEUED
度会 隆輝,33535159,横浜DeNAベイスターズ,,,,31.7,B4_MID_UPPER_COHORT_OCTILE,48,100,"{""PA"":317,""games"":91,""pa_bucket"":""PA_200_399"",""full_effort_run_proxy_count"":33,""npb_plus_sample_count"":null,""npb_plus_qualified_run_count"":null,""data_completeness"":""partial_tier_A_C_unavailable""}",[],[],[],[],[],"[""npb_plus_2026_current_roster_100""]","{""current_npb_plus_rank"":48,""current_npb_plus_size"":100,""current_npb_plus_band"":""B4_MID_UPPER_COHORT_OCTILE"",""basis"":""WITHIN_SAME_METRIC_SAME_COHORT_ONLY""}",[],[],"{""status"":""ANCHOR_RESOLVED_MODERATE"",""status_reasons"":[""CURRENT_NPB_PLUS_ORDINAL_HAS_FULL_100_ROSTER_BRACKETING_BUT_PUBLIC_SAMPLE_COUNTS_ARE_NOT_PUBLISHED""],""high_confidence_anchor_count"":0,""same_cohort_order_conflict_count"":0}",INSUFFICIENT_SHORT_DISTANCE_EVIDENCE,NO_DIRECTIONALLY_COMPARABLE_SHORT_DISTANCE_EVIDENCE,"[""INSUFFICIENT_SHORT_DISTANCE_EVIDENCE""]","{""current_signal_year"":2026,""comparison_relevant_evidence_count"":0,""known_measurement_years"":[],""known_non_2026_measurement_years"":[],""unknown_measurement_era_count"":0,""has_known_non_2026_measurement"":false,""has_unknown_measurement_era"":false,""all_comparison_relevant_measurements_current_2026"":false}",[],NOT_QUEUED
林 琢真,91695157,横浜DeNAベイスターズ,,,,32,B3_UPPER_MID_COHORT_OCTILE,37,100,"{""PA"":104,""games"":42,""pa_bucket"":""PA_100_199"",""full_effort_run_proxy_count"":8,""npb_plus_sample_count"":null,""npb_plus_qualified_run_count"":null,""data_completeness"":""partial_tier_A_C_unavailable""}",[],[],"[{""metric"":""50m"",""seconds"":5.99,""value"":null,""unit"":null,""measurement_year"":2022,""measurement_date"":null,""measurement_year_inferred"":false,""cohort"":""侍ジャパン大学代表選考合宿"",""timing_method"":""electronic_photoelectric"",""start_protocol"":""unknown"",""source_tier"":""C"",""usage_class"":""STANDARDIZED_PRIOR"",""numeric_t90_usable"":false,""same_measurement_cluster_id"":""standardized_50m_2022-06-19_林琢真"",""source_name"":""Existing standardized 50m reference"",""source_url"":""https://www.youtube.com/watch?v=fC8_8iA7Cao"",""reason"":null}]",[],"[{""metric"":""50m"",""seconds"":5.99,""value"":null,""unit"":null,""measurement_year"":2022,""measurement_date"":null,""measurement_year_inferred"":false,""cohort"":""侍ジャパン大学代表選考合宿"",""timing_method"":""electronic_photoelectric"",""start_protocol"":""unknown"",""source_tier"":""C"",""usage_class"":""STANDARDIZED_PRIOR"",""numeric_t90_usable"":false,""same_measurement_cluster_id"":""standardized_50m_2022-06-19_林琢真"",""source_name"":""Existing standardized 50m reference"",""source_url"":""https://www.youtube.com/watch?v=fC8_8iA7Cao"",""reason"":null}]","[""npb_plus_2026_current_roster_100"",""侍ジャパン大学代表選考合宿""]","{""current_npb_plus_rank"":37,""current_npb_plus_size"":100,""current_npb_plus_band"":""B3_UPPER_MID_COHORT_OCTILE"",""basis"":""WITHIN_SAME_METRIC_SAME_COHORT_ONLY""}","[{""metric"":""50m"",""seconds"":5.7,""value"":null,""unit"":null,""measurement_year"":2022,""measurement_date"":null,""measurement_year_inferred"":true,""cohort"":""unknown"",""timing_method"":""unknown"",""start_protocol"":""unknown"",""source_tier"":""B"",""usage_class"":""HISTORICAL_PROFILE_HINT"",""numeric_t90_usable"":false,""same_measurement_cluster_id"":""hayashi_komazawa_postcamp_selfbest_50m"",""source_name"":""日刊スポーツ"",""source_url"":""https://www.nikkansports.com/baseball/news/202210270001023.html"",""reason"":null}]",[2022],"{""status"":""SNS_TIEBREAK"",""status_reasons"":[""COHORT_ORDER_CONFLICT_WITH_CURRENT_NPB_ORDINAL""],""high_confidence_anchor_count"":1,""same_cohort_order_conflict_count"":1}",TEMPORAL_CONSTRUCT_CONFLICT,V2_KNOWN_NON_2026_COMPARISON_MEASUREMENT,"[""TEMPORAL_CONSTRUCT_CONFLICT""]","{""current_signal_year"":2026,""comparison_relevant_evidence_count"":1,""known_measurement_years"":[2022],""known_non_2026_measurement_years"":[2022],""unknown_measurement_era_count"":0,""has_known_non_2026_measurement"":true,""has_unknown_measurement_era"":false,""all_comparison_relevant_measurements_current_2026"":false}",[],RETAINED_FROM_EXISTING_PHYSICAL_QUEUE
梶原 昂希,51555155,横浜DeNAベイスターズ,,,,33.4,B1_FASTEST_COHORT_OCTILE,12,100,"{""PA"":73,""games"":28,""pa_bucket"":""PA_50_99"",""full_effort_run_proxy_count"":7,""npb_plus_sample_count"":null,""npb_plus_qualified_run_count"":null,""data_completeness"":""partial_tier_A_C_unavailable""}",[],[],[],[],[],"[""npb_plus_2026_current_roster_100""]","{""current_npb_plus_rank"":12,""current_npb_plus_size"":100,""current_npb_plus_band"":""B1_FASTEST_COHORT_OCTILE"",""basis"":""WITHIN_SAME_METRIC_SAME_COHORT_ONLY""}","[{""metric"":""50m"",""seconds"":5.8,""value"":null,""unit"":null,""measurement_year"":""unknown"",""measurement_date"":null,""measurement_year_inferred"":false,""cohort"":""unknown"",""timing_method"":""unknown"",""start_protocol"":""unknown"",""source_tier"":""B"",""usage_class"":""HISTORICAL_PROFILE_HINT"",""numeric_t90_usable"":false,""same_measurement_cluster_id"":""kajihara_50m_profile"",""source_name"":""テレビ朝日ニュース"",""source_url"":""https://news.tv-asahi.co.jp/news_sports/articles/900020068.html"",""reason"":null}]","[""unknown""]","{""status"":""SNS_TIEBREAK"",""status_reasons"":[""SOURCE_PA_UNDER_100_AND_QUALIFIED_RUN_COUNT_NOT_PUBLISHED""],""high_confidence_anchor_count"":0,""same_cohort_order_conflict_count"":0}",INSUFFICIENT_SHORT_DISTANCE_EVIDENCE,NO_DIRECTIONALLY_COMPARABLE_SHORT_DISTANCE_EVIDENCE,"[""INSUFFICIENT_SHORT_DISTANCE_EVIDENCE""]","{""current_signal_year"":2026,""comparison_relevant_evidence_count"":0,""known_measurement_years"":[],""known_non_2026_measurement_years"":[],""unknown_measurement_era_count"":0,""has_known_non_2026_measurement"":false,""has_unknown_measurement_era"":false,""all_comparison_relevant_measurements_current_2026"":false}","[{""metric"":""hp_to_1b"",""seconds"":3.97,""value"":null,""unit"":null,""measurement_year"":""unknown"",""measurement_date"":null,""measurement_year_inferred"":false,""cohort"":""unknown"",""timing_method"":""unknown"",""start_protocol"":""swing_to_run_in_game"",""source_tier"":""B"",""usage_class"":""CONTEXT_ONLY"",""numeric_t90_usable"":false,""same_measurement_cluster_id"":""kajihara_hp_to_1b_2021"",""source_name"":""BASEBALL KING"",""source_url"":""https://baseballking.jp/ns/297434/"",""reason"":null}]",RETAINED_FROM_EXISTING_PHYSICAL_QUEUE
牧 秀悟,13115153,横浜DeNAベイスターズ,,,,31.6,B5_MID_LOWER_COHORT_OCTILE,52,100,"{""PA"":288,""games"":65,""pa_bucket"":""PA_200_399"",""full_effort_run_proxy_count"":36,""npb_plus_sample_count"":null,""npb_plus_qualified_run_count"":null,""data_completeness"":""partial_tier_A_C_unavailable""}",[],[],[],[],[],"[""npb_plus_2026_current_roster_100""]","{""current_npb_plus_rank"":52,""current_npb_plus_size"":100,""current_npb_plus_band"":""B5_MID_LOWER_COHORT_OCTILE"",""basis"":""WITHIN_SAME_METRIC_SAME_COHORT_ONLY""}",[],[],"{""status"":""ANCHOR_RESOLVED_MODERATE"",""status_reasons"":[""CURRENT_NPB_PLUS_ORDINAL_HAS_FULL_100_ROSTER_BRACKETING_BUT_PUBLIC_SAMPLE_COUNTS_ARE_NOT_PUBLISHED""],""high_confidence_anchor_count"":0,""same_cohort_order_conflict_count"":0}",INSUFFICIENT_SHORT_DISTANCE_EVIDENCE,NO_DIRECTIONALLY_COMPARABLE_SHORT_DISTANCE_EVIDENCE,"[""INSUFFICIENT_SHORT_DISTANCE_EVIDENCE""]","{""current_signal_year"":2026,""comparison_relevant_evidence_count"":0,""known_measurement_years"":[],""known_non_2026_measurement_years"":[],""unknown_measurement_era_count"":0,""has_known_non_2026_measurement"":false,""has_unknown_measurement_era"":false,""all_comparison_relevant_measurements_current_2026"":false}",[],NOT_QUEUED
筒香 嘉智,41945131,横浜DeNAベイスターズ,,,,30.2,B8_SLOWEST_COHORT_OCTILE,89,100,"{""PA"":240,""games"":61,""pa_bucket"":""PA_200_399"",""full_effort_run_proxy_count"":21,""npb_plus_sample_count"":null,""npb_plus_qualified_run_count"":null,""data_completeness"":""partial_tier_A_C_unavailable""}","[{""metric"":""T90ft"",""seconds"":4.2,""value"":null,""unit"":null,""measurement_year"":2022,""measurement_date"":null,""measurement_year_inferred"":false,""cohort"":""seasonal qualified MLB runs"",""timing_method"":""Statcast official leaderboard"",""start_protocol"":""qualified home-to-first runs extrapolated to 90ft"",""source_tier"":""A"",""usage_class"":""NUMERIC_T90_CANDIDATE"",""numeric_t90_usable"":true,""same_measurement_cluster_id"":""mlb_statcast_running_splits_筒香嘉智_2022"",""source_name"":""Baseball Savant / Statcast"",""source_url"":""https://baseballsavant.mlb.com/running_splits?bats=&min=5&position=&team=&type=raw&year=2022"",""reason"":null}]",[2022],"[{""metric"":""T10ft"",""seconds"":0.91,""value"":null,""unit"":null,""measurement_year"":2022,""measurement_date"":null,""measurement_year_inferred"":false,""cohort"":""seasonal qualified MLB runs"",""timing_method"":""Statcast official leaderboard"",""start_protocol"":""qualified home-to-first runs extrapolated to 90ft"",""source_tier"":""A"",""usage_class"":""STANDARDIZED_PRIOR"",""numeric_t90_usable"":false,""same_measurement_cluster_id"":""mlb_statcast_running_splits_筒香嘉智_2022"",""source_name"":""Baseball Savant / Statcast"",""source_url"":""https://baseballsavant.mlb.com/running_splits?bats=&min=5&position=&team=&type=raw&year=2022"",""reason"":null},{""metric"":""T30ft"",""seconds"":1.89,""value"":null,""unit"":null,""measurement_year"":2022,""measurement_date"":null,""measurement_year_inferred"":false,""cohort"":""seasonal qualified MLB runs"",""timing_method"":""Statcast official leaderboard"",""start_protocol"":""qualified home-to-first runs extrapolated to 90ft"",""source_tier"":""A"",""usage_class"":""STANDARDIZED_PRIOR"",""numeric_t90_usable"":false,""same_measurement_cluster_id"":""mlb_statcast_running_splits_筒香嘉智_2022"",""source_name"":""Baseball Savant / Statcast"",""source_url"":""https://baseballsavant.mlb.com/running_splits?bats=&min=5&position=&team=&type=raw&year=2022"",""reason"":null}]",[],[],"[""npb_plus_2026_current_roster_100"",""seasonal qualified MLB runs""]","{""current_npb_plus_rank"":89,""current_npb_plus_size"":100,""current_npb_plus_band"":""B8_SLOWEST_COHORT_OCTILE"",""basis"":""WITHIN_SAME_METRIC_SAME_COHORT_ONLY""}",[],[2022],"{""status"":""ANCHOR_RESOLVED_MODERATE"",""status_reasons"":[""CURRENT_NPB_PLUS_ORDINAL_HAS_FULL_100_ROSTER_BRACKETING_BUT_PUBLIC_SAMPLE_COUNTS_ARE_NOT_PUBLISHED""],""high_confidence_anchor_count"":0,""same_cohort_order_conflict_count"":0}",TEMPORAL_CONSTRUCT_CONFLICT,V2_KNOWN_NON_2026_COMPARISON_MEASUREMENT,"[""TEMPORAL_CONSTRUCT_CONFLICT""]","{""current_signal_year"":2026,""comparison_relevant_evidence_count"":3,""known_measurement_years"":[2022],""known_non_2026_measurement_years"":[2022],""unknown_measurement_era_count"":0,""has_known_non_2026_measurement"":true,""has_unknown_measurement_era"":false,""all_comparison_relevant_measurements_current_2026"":false}",[],ADDED_FOR_TEMPORAL_CONSTRUCT_CONFLICT
蝦名 達夫,51555151,横浜DeNAベイスターズ,,,,31.4,B5_MID_LOWER_COHORT_OCTILE,56,100,"{""PA"":283,""games"":77,""pa_bucket"":""PA_200_399"",""full_effort_run_proxy_count"":40,""npb_plus_sample_count"":null,""npb_plus_qualified_run_count"":null,""data_completeness"":""partial_tier_A_C_unavailable""}",[],[],[],[],[],"[""npb_plus_2026_current_roster_100""]","{""current_npb_plus_rank"":56,""current_npb_plus_size"":100,""current_npb_plus_band"":""B5_MID_LOWER_COHORT_OCTILE"",""basis"":""WITHIN_SAME_METRIC_SAME_COHORT_ONLY""}","[{""metric"":""50m"",""seconds"":6,""value"":null,""unit"":null,""measurement_year"":2019,""measurement_date"":null,""measurement_year_inferred"":true,""cohort"":""unknown"",""timing_method"":""unknown"",""start_protocol"":""unknown"",""source_tier"":""B"",""usage_class"":""HISTORICAL_PROFILE_HINT"",""numeric_t90_usable"":false,""same_measurement_cluster_id"":""ebina_aomori_u_50m_profile"",""source_name"":""日刊スポーツ"",""source_url"":""https://www.nikkansports.com/baseball/news/201910280000575.html"",""reason"":null}]",[2019],"{""status"":""ANCHOR_RESOLVED_MODERATE"",""status_reasons"":[""CURRENT_NPB_PLUS_ORDINAL_HAS_FULL_100_ROSTER_BRACKETING_BUT_PUBLIC_SAMPLE_COUNTS_ARE_NOT_PUBLISHED""],""high_confidence_anchor_count"":0,""same_cohort_order_conflict_count"":0}",INSUFFICIENT_SHORT_DISTANCE_EVIDENCE,NO_DIRECTIONALLY_COMPARABLE_SHORT_DISTANCE_EVIDENCE,"[""INSUFFICIENT_SHORT_DISTANCE_EVIDENCE""]","{""current_signal_year"":2026,""comparison_relevant_evidence_count"":0,""known_measurement_years"":[],""known_non_2026_measurement_years"":[],""unknown_measurement_era_count"":0,""has_known_non_2026_measurement"":false,""has_unknown_measurement_era"":false,""all_comparison_relevant_measurements_current_2026"":false}",[],NOT_QUEUED
今宮 健太,31335131,福岡ソフトバンクホークス,,,,30.4,B7_LOWER_COHORT_OCTILE,85,100,"{""PA"":138,""games"":47,""pa_bucket"":""PA_100_199"",""full_effort_run_proxy_count"":15,""npb_plus_sample_count"":null,""npb_plus_qualified_run_count"":null,""data_completeness"":""partial_tier_A_C_unavailable""}",[],[],[],[],[],"[""npb_plus_2026_current_roster_100""]","{""current_npb_plus_rank"":85,""current_npb_plus_size"":100,""current_npb_plus_band"":""B7_LOWER_COHORT_OCTILE"",""basis"":""WITHIN_SAME_METRIC_SAME_COHORT_ONLY""}",[],[],"{""status"":""ANCHOR_RESOLVED_MODERATE"",""status_reasons"":[""CURRENT_NPB_PLUS_ORDINAL_HAS_FULL_100_ROSTER_BRACKETING_BUT_PUBLIC_SAMPLE_COUNTS_ARE_NOT_PUBLISHED""],""high_confidence_anchor_count"":0,""same_cohort_order_conflict_count"":0}",INSUFFICIENT_SHORT_DISTANCE_EVIDENCE,NO_DIRECTIONALLY_COMPARABLE_SHORT_DISTANCE_EVIDENCE,"[""INSUFFICIENT_SHORT_DISTANCE_EVIDENCE""]","{""current_signal_year"":2026,""comparison_relevant_evidence_count"":0,""known_measurement_years"":[],""known_non_2026_measurement_years"":[],""unknown_measurement_era_count"":0,""has_known_non_2026_measurement"":false,""has_unknown_measurement_era"":false,""all_comparison_relevant_measurements_current_2026"":false}",[],NOT_QUEUED
周東 佑京,21925136,福岡ソフトバンクホークス,,,,35,B1_FASTEST_COHORT_OCTILE,1,100,"{""PA"":404,""games"":95,""pa_bucket"":""PA_400_PLUS"",""full_effort_run_proxy_count"":59,""npb_plus_sample_count"":null,""npb_plus_qualified_run_count"":null,""data_completeness"":""partial_tier_A_C_unavailable""}",[],[],[],[],[],"[""npb_plus_2026_current_roster_100""]","{""current_npb_plus_rank"":1,""current_npb_plus_size"":100,""current_npb_plus_band"":""B1_FASTEST_COHORT_OCTILE"",""basis"":""WITHIN_SAME_METRIC_SAME_COHORT_ONLY""}","[{""metric"":""event_max_speed"",""seconds"":null,""value"":30.4,""unit"":""ft/s"",""measurement_year"":2023,""measurement_date"":null,""measurement_year_inferred"":false,""cohort"":""2023 WBC semifinal, one event"",""timing_method"":""Statcast event tracking"",""start_protocol"":""in-game baserunning event"",""source_tier"":""B"",""usage_class"":""HISTORICAL_PROFILE_HINT"",""numeric_t90_usable"":false,""same_measurement_cluster_id"":""shuto_wbc_2023_event_max_speed"",""source_name"":""Full-Count"",""source_url"":""https://full-count.jp/2023/03/21/post1354277/"",""reason"":null},{""metric"":""50m"",""seconds"":5.7,""value"":null,""unit"":null,""measurement_year"":2017,""measurement_date"":null,""measurement_year_inferred"":true,""cohort"":""unknown"",""timing_method"":""unknown"",""start_protocol"":""unknown"",""source_tier"":""B"",""usage_class"":""HISTORICAL_PROFILE_HINT"",""numeric_t90_usable"":false,""same_measurement_cluster_id"":""shuto_50m_profile"",""source_name"":""東京農業大学"",""source_url"":""https://www.nodai.ac.jp/news/article/42017/"",""reason"":null}]","[2023,2017]","{""status"":""ANCHOR_RESOLVED_MODERATE"",""status_reasons"":[""CURRENT_NPB_PLUS_ORDINAL_HAS_FULL_100_ROSTER_BRACKETING_BUT_PUBLIC_SAMPLE_COUNTS_ARE_NOT_PUBLISHED""],""high_confidence_anchor_count"":0,""same_cohort_order_conflict_count"":0}",INSUFFICIENT_SHORT_DISTANCE_EVIDENCE,NO_DIRECTIONALLY_COMPARABLE_SHORT_DISTANCE_EVIDENCE,"[""INSUFFICIENT_SHORT_DISTANCE_EVIDENCE""]","{""current_signal_year"":2026,""comparison_relevant_evidence_count"":0,""known_measurement_years"":[],""known_non_2026_measurement_years"":[],""unknown_measurement_era_count"":0,""has_known_non_2026_measurement"":false,""has_unknown_measurement_era"":false,""all_comparison_relevant_measurements_current_2026"":false}","[{""metric"":""hp_to_1b"",""seconds"":3.69,""value"":null,""unit"":null,""measurement_year"":2020,""measurement_date"":null,""measurement_year_inferred"":false,""cohort"":""2020年開幕～8月31日、セーフティーバントから一塁到達した場面"",""timing_method"":""contact_to_1b"",""start_protocol"":""swing_to_run_bunt"",""source_tier"":""B"",""usage_class"":""CONTEXT_ONLY"",""numeric_t90_usable"":false,""same_measurement_cluster_id"":""existing_hp_to_1b_周東佑京_2020_3.69_1"",""source_name"":""スポーツナビ（パ・リーグインサイト）"",""source_url"":""https://sports.yahoo.co.jp/official/detail/202009180094-spnaviow"",""reason"":null},{""metric"":""hp_to_1b"",""seconds"":3.5,""value"":null,""unit"":null,""measurement_year"":2020,""measurement_date"":null,""measurement_year_inferred"":false,""cohort"":""2020年開幕～8月31日、セーフティーバントから一塁到達し、宇佐見真吾の送球より先に到達した場面"",""timing_method"":""contact_to_1b"",""start_protocol"":""swing_to_run_bunt"",""source_tier"":""B"",""usage_class"":""CONTEXT_ONLY"",""numeric_t90_usable"":false,""same_measurement_cluster_id"":""existing_hp_to_1b_周東佑京_2020_3.5_3"",""source_name"":""スポーツナビ（パ・リーグインサイト）"",""source_url"":""https://sports.yahoo.co.jp/official/detail/202009180094-spnaviow"",""reason"":null},{""metric"":""hp_to_1b"",""seconds"":3.83,""value"":null,""unit"":null,""measurement_year"":2023,""measurement_date"":null,""measurement_year_inferred"":false,""cohort"":""2023年3月30日～5月14日、打ち損ねのゴロを反射的に走り出した内野安打"",""timing_method"":""reported_hp_to_1b_unspecified_origin"",""start_protocol"":""swing_to_run"",""source_tier"":""B"",""usage_class"":""CONTEXT_ONLY"",""numeric_t90_usable"":false,""same_measurement_cluster_id"":""existing_hp_to_1b_周東佑京_2023_3.83_10"",""source_name"":""パ・リーグ.com"",""source_url"":""https://pacificleague.com/news/50792"",""reason"":null},{""metric"":""hp_to_1b"",""seconds"":3.77,""value"":null,""unit"":null,""measurement_year"":2023,""measurement_date"":null,""measurement_year_inferred"":false,""cohort"":""2023年3月30日～5月14日、内野安打の一塁到達"",""timing_method"":""reported_hp_to_1b_unspecified_origin"",""start_protocol"":""swing_to_run"",""source_tier"":""B"",""usage_class"":""CONTEXT_ONLY"",""numeric_t90_usable"":false,""same_measurement_cluster_id"":""existing_hp_to_1b_周東佑京_2023_3.77_11"",""source_name"":""パ・リーグ.com"",""source_url"":""https://pacificleague.com/news/50792"",""reason"":null},{""metric"":""hp_to_1b"",""seconds"":3.81,""value"":null,""unit"":null,""measurement_year"":2024,""measurement_date"":null,""measurement_year_inferred"":false,""cohort"":""2024年開幕～4月30日、一二塁間のゴロで投手との競走になった内野安打"",""timing_method"":""reported_hp_to_1b_unspecified_origin"",""start_protocol"":""swing_to_run"",""source_tier"":""B"",""usage_class"":""CONTEXT_ONLY"",""numeric_t90_usable"":false,""same_measurement_cluster_id"":""existing_hp_to_1b_周東佑京_2024_3.81_12"",""source_name"":""パ・リーグ.com"",""source_url"":""https://pacificleague.com/news/61236"",""reason"":null},{""metric"":""hp_to_1b"",""seconds"":3.8,""value"":null,""unit"":null,""measurement_year"":2024,""measurement_date"":null,""measurement_year_inferred"":false,""cohort"":""2024年開幕～4月30日、二塁手から一塁カバー投手へのトスと競走になった内野安打"",""timing_method"":""reported_hp_to_1b_unspecified_origin"",""start_protocol"":""swing_to_run"",""source_tier"":""B"",""usage_class"":""CONTEXT_ONLY"",""numeric_t90_usable"":false,""same_measurement_cluster_id"":""existing_hp_to_1b_周東佑京_2024_3.8_13"",""source_name"":""パ・リーグ.com"",""source_url"":""https://pacificleague.com/news/61236"",""reason"":null},{""metric"":""hp_to_1b"",""seconds"":3.75,""value"":null,""unit"":null,""measurement_year"":2024,""measurement_date"":null,""measurement_year_inferred"":false,""cohort"":""2024年開幕～4月30日、内野安打の一塁到達"",""timing_method"":""reported_hp_to_1b_unspecified_origin"",""start_protocol"":""swing_to_run"",""source_tier"":""B"",""usage_class"":""CONTEXT_ONLY"",""numeric_t90_usable"":false,""same_measurement_cluster_id"":""existing_hp_to_1b_周東佑京_2024_3.75_15"",""source_name"":""パ・リーグ.com"",""source_url"":""https://pacificleague.com/news/61236"",""reason"":null},{""metric"":""hp_to_1b"",""seconds"":3.4,""value"":null,""unit"":null,""measurement_year"":2024,""measurement_date"":null,""measurement_year_inferred"":false,""cohort"":""2024年開幕～4月30日、三塁線へのセーフティーバント"",""timing_method"":""reported_hp_to_1b_unspecified_origin"",""start_protocol"":""swing_to_run_bunt"",""source_tier"":""B"",""usage_class"":""CONTEXT_ONLY"",""numeric_t90_usable"":false,""same_measurement_cluster_id"":""existing_hp_to_1b_周東佑京_2024_3.4_17"",""source_name"":""パ・リーグ.com"",""source_url"":""https://pacificleague.com/news/61236"",""reason"":null},{""metric"":""hp_to_1b"",""seconds"":3.95,""value"":null,""unit"":null,""measurement_year"":2013,""measurement_date"":null,""measurement_year_inferred"":false,""cohort"":""unknown"",""timing_method"":""unknown"",""start_protocol"":""swing_to_run_in_game"",""source_tier"":""B"",""usage_class"":""CONTEXT_ONLY"",""numeric_t90_usable"":false,""same_measurement_cluster_id"":""shuto_hp_to_1b_highschool_game"",""source_name"":""GOETHE"",""source_url"":""https://goetheweb.jp/person/article/20230209-star-46"",""reason"":null}]",NOT_QUEUED
山川 穂高,21425139,福岡ソフトバンクホークス,,,,29.4,B8_SLOWEST_COHORT_OCTILE,96,100,"{""PA"":168,""games"":46,""pa_bucket"":""PA_100_199"",""full_effort_run_proxy_count"":14,""npb_plus_sample_count"":null,""npb_plus_qualified_run_count"":null,""data_completeness"":""partial_tier_A_C_unavailable""}",[],[],[],[],[],"[""npb_plus_2026_current_roster_100""]","{""current_npb_plus_rank"":96,""current_npb_plus_size"":100,""current_npb_plus_band"":""B8_SLOWEST_COHORT_OCTILE"",""basis"":""WITHIN_SAME_METRIC_SAME_COHORT_ONLY""}","[{""metric"":""50m"",""seconds"":6.2,""value"":null,""unit"":null,""measurement_year"":""unknown"",""measurement_date"":null,""measurement_year_inferred"":false,""cohort"":""unknown"",""timing_method"":""unknown"",""start_protocol"":""unknown"",""source_tier"":""D"",""usage_class"":""HISTORICAL_PROFILE_HINT"",""numeric_t90_usable"":false,""same_measurement_cluster_id"":""yamakawa_50m_profile"",""source_name"":""ドラフト・レポート"",""source_url"":""https://draft-repo.com/blog-entry-1559.html"",""reason"":null}]","[""unknown""]","{""status"":""ANCHOR_RESOLVED_MODERATE"",""status_reasons"":[""CURRENT_NPB_PLUS_ORDINAL_HAS_FULL_100_ROSTER_BRACKETING_BUT_PUBLIC_SAMPLE_COUNTS_ARE_NOT_PUBLISHED""],""high_confidence_anchor_count"":0,""same_cohort_order_conflict_count"":0}",INSUFFICIENT_SHORT_DISTANCE_EVIDENCE,NO_DIRECTIONALLY_COMPARABLE_SHORT_DISTANCE_EVIDENCE,"[""INSUFFICIENT_SHORT_DISTANCE_EVIDENCE""]","{""current_signal_year"":2026,""comparison_relevant_evidence_count"":0,""known_measurement_years"":[],""known_non_2026_measurement_years"":[],""unknown_measurement_era_count"":0,""has_known_non_2026_measurement"":false,""has_unknown_measurement_era"":false,""all_comparison_relevant_measurements_current_2026"":false}",[],NOT_QUEUED
柳田 悠岐,31835133,福岡ソフトバンクホークス,,,,32.1,B3_UPPER_MID_COHORT_OCTILE,34,100,"{""PA"":333,""games"":89,""pa_bucket"":""PA_200_399"",""full_effort_run_proxy_count"":20,""npb_plus_sample_count"":null,""npb_plus_qualified_run_count"":null,""data_completeness"":""partial_tier_A_C_unavailable""}",[],[],[],[],[],"[""npb_plus_2026_current_roster_100""]","{""current_npb_plus_rank"":34,""current_npb_plus_size"":100,""current_npb_plus_band"":""B3_UPPER_MID_COHORT_OCTILE"",""basis"":""WITHIN_SAME_METRIC_SAME_COHORT_ONLY""}","[{""metric"":""50m"",""seconds"":5.94,""value"":null,""unit"":null,""measurement_year"":2010,""measurement_date"":null,""measurement_year_inferred"":true,""cohort"":""unknown"",""timing_method"":""unknown"",""start_protocol"":""unknown"",""source_tier"":""B"",""usage_class"":""HISTORICAL_PROFILE_HINT"",""numeric_t90_usable"":false,""same_measurement_cluster_id"":""yanagita_50m_profile"",""source_name"":""web Sportiva"",""source_url"":""https://sportiva.shueisha.co.jp/clm/baseball/npb/2015/07/14/post_583/"",""reason"":null}]",[2010],"{""status"":""ANCHOR_RESOLVED_MODERATE"",""status_reasons"":[""CURRENT_NPB_PLUS_ORDINAL_HAS_FULL_100_ROSTER_BRACKETING_BUT_PUBLIC_SAMPLE_COUNTS_ARE_NOT_PUBLISHED""],""high_confidence_anchor_count"":0,""same_cohort_order_conflict_count"":0}",INSUFFICIENT_SHORT_DISTANCE_EVIDENCE,NO_DIRECTIONALLY_COMPARABLE_SHORT_DISTANCE_EVIDENCE,"[""INSUFFICIENT_SHORT_DISTANCE_EVIDENCE""]","{""current_signal_year"":2026,""comparison_relevant_evidence_count"":0,""known_measurement_years"":[],""known_non_2026_measurement_years"":[],""unknown_measurement_era_count"":0,""has_known_non_2026_measurement"":false,""has_unknown_measurement_era"":false,""all_comparison_relevant_measurements_current_2026"":false}","[{""metric"":""hp_to_1b"",""seconds"":3.98,""value"":null,""unit"":null,""measurement_year"":2009,""measurement_date"":null,""measurement_year_inferred"":false,""cohort"":""unknown"",""timing_method"":""author observation"",""start_protocol"":""swing_to_run_in_game"",""source_tier"":""B"",""usage_class"":""CONTEXT_ONLY"",""numeric_t90_usable"":false,""same_measurement_cluster_id"":""yanagita_hp_to_1b_college_game"",""source_name"":""GOETHE"",""source_url"":""https://goetheweb.jp/person/article/20210610-yuki_yanagita"",""reason"":null}]",NOT_QUEUED
柳町 達,73175151,福岡ソフトバンクホークス,,,,31.5,B5_MID_LOWER_COHORT_OCTILE,54,100,"{""PA"":214,""games"":60,""pa_bucket"":""PA_200_399"",""full_effort_run_proxy_count"":21,""npb_plus_sample_count"":null,""npb_plus_qualified_run_count"":null,""data_completeness"":""partial_tier_A_C_unavailable""}",[],[],[],[],[],"[""npb_plus_2026_current_roster_100""]","{""current_npb_plus_rank"":54,""current_npb_plus_size"":100,""current_npb_plus_band"":""B5_MID_LOWER_COHORT_OCTILE"",""basis"":""WITHIN_SAME_METRIC_SAME_COHORT_ONLY""}","[{""metric"":""50m"",""seconds"":6.2,""value"":null,""unit"":null,""measurement_year"":2016,""measurement_date"":null,""measurement_year_inferred"":true,""cohort"":""unknown"",""timing_method"":""unknown"",""start_protocol"":""unknown"",""source_tier"":""D"",""usage_class"":""HISTORICAL_PROFILE_HINT"",""numeric_t90_usable"":false,""same_measurement_cluster_id"":""yanagimachi_50m_profile"",""source_name"":""ドラフト・レポート"",""source_url"":""https://draft-repo.com/blog-entry-3199.html"",""reason"":null}]",[2016],"{""status"":""ANCHOR_RESOLVED_MODERATE"",""status_reasons"":[""CURRENT_NPB_PLUS_ORDINAL_HAS_FULL_100_ROSTER_BRACKETING_BUT_PUBLIC_SAMPLE_COUNTS_ARE_NOT_PUBLISHED""],""high_confidence_anchor_count"":0,""same_cohort_order_conflict_count"":0}",INSUFFICIENT_SHORT_DISTANCE_EVIDENCE,NO_DIRECTIONALLY_COMPARABLE_SHORT_DISTANCE_EVIDENCE,"[""INSUFFICIENT_SHORT_DISTANCE_EVIDENCE""]","{""current_signal_year"":2026,""comparison_relevant_evidence_count"":0,""known_measurement_years"":[],""known_non_2026_measurement_years"":[],""unknown_measurement_era_count"":0,""has_known_non_2026_measurement"":false,""has_unknown_measurement_era"":false,""all_comparison_relevant_measurements_current_2026"":false}",[],NOT_QUEUED
栗原 陵矢,01705130,福岡ソフトバンクホークス,,,,31.3,B5_MID_LOWER_COHORT_OCTILE,61,100,"{""PA"":439,""games"":100,""pa_bucket"":""PA_400_PLUS"",""full_effort_run_proxy_count"":40,""npb_plus_sample_count"":null,""npb_plus_qualified_run_count"":null,""data_completeness"":""partial_tier_A_C_unavailable""}",[],[],[],[],[],"[""npb_plus_2026_current_roster_100""]","{""current_npb_plus_rank"":61,""current_npb_plus_size"":100,""current_npb_plus_band"":""B5_MID_LOWER_COHORT_OCTILE"",""basis"":""WITHIN_SAME_METRIC_SAME_COHORT_ONLY""}","[{""metric"":""50m"",""seconds"":6,""value"":null,""unit"":null,""measurement_year"":""unknown"",""measurement_date"":null,""measurement_year_inferred"":false,""cohort"":""unknown"",""timing_method"":""unknown"",""start_protocol"":""unknown"",""source_tier"":""D"",""usage_class"":""HISTORICAL_PROFILE_HINT"",""numeric_t90_usable"":false,""same_measurement_cluster_id"":""kurihara_50m_profile"",""source_name"":""ドラフト・レポート"",""source_url"":""https://draft-repo.com/blog-entry-2032.html"",""reason"":null}]","[""unknown""]","{""status"":""ANCHOR_RESOLVED_MODERATE"",""status_reasons"":[""CURRENT_NPB_PLUS_ORDINAL_HAS_FULL_100_ROSTER_BRACKETING_BUT_PUBLIC_SAMPLE_COUNTS_ARE_NOT_PUBLISHED""],""high_confidence_anchor_count"":0,""same_cohort_order_conflict_count"":0}",INSUFFICIENT_SHORT_DISTANCE_EVIDENCE,NO_DIRECTIONALLY_COMPARABLE_SHORT_DISTANCE_EVIDENCE,"[""INSUFFICIENT_SHORT_DISTANCE_EVIDENCE""]","{""current_signal_year"":2026,""comparison_relevant_evidence_count"":0,""known_measurement_years"":[],""known_non_2026_measurement_years"":[],""unknown_measurement_era_count"":0,""has_known_non_2026_measurement"":false,""has_unknown_measurement_era"":false,""all_comparison_relevant_measurements_current_2026"":false}",[],NOT_QUEUED
正木 智也,81885155,福岡ソフトバンクホークス,,,,31.1,B6_LOWER_MID_COHORT_OCTILE,68,100,"{""PA"":292,""games"":62,""pa_bucket"":""PA_200_399"",""full_effort_run_proxy_count"":31,""npb_plus_sample_count"":null,""npb_plus_qualified_run_count"":null,""data_completeness"":""partial_tier_A_C_unavailable""}",[],[],[],[],[],"[""npb_plus_2026_current_roster_100""]","{""current_npb_plus_rank"":68,""current_npb_plus_size"":100,""current_npb_plus_band"":""B6_LOWER_MID_COHORT_OCTILE"",""basis"":""WITHIN_SAME_METRIC_SAME_COHORT_ONLY""}","[{""metric"":""50m"",""seconds"":6.6,""value"":null,""unit"":null,""measurement_year"":""unknown"",""measurement_date"":null,""measurement_year_inferred"":false,""cohort"":""unknown"",""timing_method"":""unknown"",""start_protocol"":""unknown"",""source_tier"":""D"",""usage_class"":""HISTORICAL_PROFILE_HINT"",""numeric_t90_usable"":false,""same_measurement_cluster_id"":""masaki_50m_profile"",""source_name"":""ドラフト・レポート"",""source_url"":""https://draft-repo.com/blog-entry-3445.html"",""reason"":null}]","[""unknown""]","{""status"":""ANCHOR_RESOLVED_MODERATE"",""status_reasons"":[""CURRENT_NPB_PLUS_ORDINAL_HAS_FULL_100_ROSTER_BRACKETING_BUT_PUBLIC_SAMPLE_COUNTS_ARE_NOT_PUBLISHED""],""high_confidence_anchor_count"":0,""same_cohort_order_conflict_count"":0}",INSUFFICIENT_SHORT_DISTANCE_EVIDENCE,NO_DIRECTIONALLY_COMPARABLE_SHORT_DISTANCE_EVIDENCE,"[""INSUFFICIENT_SHORT_DISTANCE_EVIDENCE""]","{""current_signal_year"":2026,""comparison_relevant_evidence_count"":0,""known_measurement_years"":[],""known_non_2026_measurement_years"":[],""unknown_measurement_era_count"":0,""has_known_non_2026_measurement"":false,""has_unknown_measurement_era"":false,""all_comparison_relevant_measurements_current_2026"":false}",[],NOT_QUEUED
海野 隆司,81385151,福岡ソフトバンクホークス,,,,30.3,B8_SLOWEST_COHORT_OCTILE,88,100,"{""PA"":228,""games"":75,""pa_bucket"":""PA_200_399"",""full_effort_run_proxy_count"":25,""npb_plus_sample_count"":null,""npb_plus_qualified_run_count"":null,""data_completeness"":""partial_tier_A_C_unavailable""}",[],[],[],[],[],"[""npb_plus_2026_current_roster_100""]","{""current_npb_plus_rank"":88,""current_npb_plus_size"":100,""current_npb_plus_band"":""B8_SLOWEST_COHORT_OCTILE"",""basis"":""WITHIN_SAME_METRIC_SAME_COHORT_ONLY""}",[],[],"{""status"":""ANCHOR_RESOLVED_MODERATE"",""status_reasons"":[""CURRENT_NPB_PLUS_ORDINAL_HAS_FULL_100_ROSTER_BRACKETING_BUT_PUBLIC_SAMPLE_COUNTS_ARE_NOT_PUBLISHED""],""high_confidence_anchor_count"":0,""same_cohort_order_conflict_count"":0}",INSUFFICIENT_SHORT_DISTANCE_EVIDENCE,NO_DIRECTIONALLY_COMPARABLE_SHORT_DISTANCE_EVIDENCE,"[""INSUFFICIENT_SHORT_DISTANCE_EVIDENCE""]","{""current_signal_year"":2026,""comparison_relevant_evidence_count"":0,""known_measurement_years"":[],""known_non_2026_measurement_years"":[],""unknown_measurement_era_count"":0,""has_known_non_2026_measurement"":false,""has_unknown_measurement_era"":false,""all_comparison_relevant_measurements_current_2026"":false}",[],NOT_QUEUED
牧原 大成,61465133,福岡ソフトバンクホークス,,,,33.5,B1_FASTEST_COHORT_OCTILE,8,100,"{""PA"":368,""games"":97,""pa_bucket"":""PA_200_399"",""full_effort_run_proxy_count"":35,""npb_plus_sample_count"":null,""npb_plus_qualified_run_count"":null,""data_completeness"":""partial_tier_A_C_unavailable""}",[],[],[],[],[],"[""npb_plus_2026_current_roster_100""]","{""current_npb_plus_rank"":8,""current_npb_plus_size"":100,""current_npb_plus_band"":""B1_FASTEST_COHORT_OCTILE"",""basis"":""WITHIN_SAME_METRIC_SAME_COHORT_ONLY""}","[{""metric"":""50m"",""seconds"":5.8,""value"":null,""unit"":null,""measurement_year"":""unknown"",""measurement_date"":null,""measurement_year_inferred"":false,""cohort"":""unknown"",""timing_method"":""unknown"",""start_protocol"":""unknown"",""source_tier"":""C"",""usage_class"":""HISTORICAL_PROFILE_HINT"",""numeric_t90_usable"":false,""same_measurement_cluster_id"":""makihara_50m_profile"",""source_name"":""田尻耕太郎の鷹バン！"",""source_url"":""https://koutaro-tajiri.theletter.jp/posts/ea6a6ac0-a6b2-11ee-b571-5fc5ffed7957"",""reason"":null}]","[""unknown""]","{""status"":""ANCHOR_RESOLVED_MODERATE"",""status_reasons"":[""CURRENT_NPB_PLUS_ORDINAL_HAS_FULL_100_ROSTER_BRACKETING_BUT_PUBLIC_SAMPLE_COUNTS_ARE_NOT_PUBLISHED""],""high_confidence_anchor_count"":0,""same_cohort_order_conflict_count"":0}",INSUFFICIENT_SHORT_DISTANCE_EVIDENCE,NO_DIRECTIONALLY_COMPARABLE_SHORT_DISTANCE_EVIDENCE,"[""INSUFFICIENT_SHORT_DISTANCE_EVIDENCE""]","{""current_signal_year"":2026,""comparison_relevant_evidence_count"":0,""known_measurement_years"":[],""known_non_2026_measurement_years"":[],""unknown_measurement_era_count"":0,""has_known_non_2026_measurement"":false,""has_unknown_measurement_era"":false,""all_comparison_relevant_measurements_current_2026"":false}","[{""metric"":""hp_to_1b"",""seconds"":3.69,""value"":null,""unit"":null,""measurement_year"":2019,""measurement_date"":null,""measurement_year_inferred"":false,""cohort"":""unknown"",""timing_method"":""bat-ball contact to first-base touch"",""start_protocol"":""swing_to_run_safety_bunt"",""source_tier"":""B"",""usage_class"":""CONTEXT_ONLY"",""numeric_t90_usable"":false,""same_measurement_cluster_id"":""makihara_hp_to_1b_bunt_2019"",""source_name"":""パ・リーグ.com"",""source_url"":""https://pacificleague.com/news/2019/8/18255"",""reason"":null}]",NOT_QUEUED
近藤 健介,41745135,福岡ソフトバンクホークス,,,,31.2,B6_LOWER_MID_COHORT_OCTILE,64,100,"{""PA"":417,""games"":97,""pa_bucket"":""PA_400_PLUS"",""full_effort_run_proxy_count"":37,""npb_plus_sample_count"":null,""npb_plus_qualified_run_count"":null,""data_completeness"":""partial_tier_A_C_unavailable""}",[],[],[],[],[],"[""npb_plus_2026_current_roster_100""]","{""current_npb_plus_rank"":64,""current_npb_plus_size"":100,""current_npb_plus_band"":""B6_LOWER_MID_COHORT_OCTILE"",""basis"":""WITHIN_SAME_METRIC_SAME_COHORT_ONLY""}",[],[],"{""status"":""ANCHOR_RESOLVED_MODERATE"",""status_reasons"":[""CURRENT_NPB_PLUS_ORDINAL_HAS_FULL_100_ROSTER_BRACKETING_BUT_PUBLIC_SAMPLE_COUNTS_ARE_NOT_PUBLISHED""],""high_confidence_anchor_count"":0,""same_cohort_order_conflict_count"":0}",INSUFFICIENT_SHORT_DISTANCE_EVIDENCE,NO_DIRECTIONALLY_COMPARABLE_SHORT_DISTANCE_EVIDENCE,"[""INSUFFICIENT_SHORT_DISTANCE_EVIDENCE""]","{""current_signal_year"":2026,""comparison_relevant_evidence_count"":0,""known_measurement_years"":[],""known_non_2026_measurement_years"":[],""unknown_measurement_era_count"":0,""has_known_non_2026_measurement"":false,""has_unknown_measurement_era"":false,""all_comparison_relevant_measurements_current_2026"":false}",[],NOT_QUEUED
丸 佳浩,21425116,読売ジャイアンツ,,,,31.4,B5_MID_LOWER_COHORT_OCTILE,57,100,"{""PA"":82,""games"":46,""pa_bucket"":""PA_50_99"",""full_effort_run_proxy_count"":8,""npb_plus_sample_count"":null,""npb_plus_qualified_run_count"":null,""data_completeness"":""partial_tier_A_C_unavailable""}",[],[],[],[],[],"[""npb_plus_2026_current_roster_100""]","{""current_npb_plus_rank"":57,""current_npb_plus_size"":100,""current_npb_plus_band"":""B5_MID_LOWER_COHORT_OCTILE"",""basis"":""WITHIN_SAME_METRIC_SAME_COHORT_ONLY""}",[],[],"{""status"":""SNS_TIEBREAK"",""status_reasons"":[""SOURCE_PA_UNDER_100_AND_QUALIFIED_RUN_COUNT_NOT_PUBLISHED""],""high_confidence_anchor_count"":0,""same_cohort_order_conflict_count"":0}",INSUFFICIENT_SHORT_DISTANCE_EVIDENCE,NO_DIRECTIONALLY_COMPARABLE_SHORT_DISTANCE_EVIDENCE,"[""INSUFFICIENT_SHORT_DISTANCE_EVIDENCE""]","{""current_signal_year"":2026,""comparison_relevant_evidence_count"":0,""known_measurement_years"":[],""known_non_2026_measurement_years"":[],""unknown_measurement_era_count"":0,""has_known_non_2026_measurement"":false,""has_unknown_measurement_era"":false,""all_comparison_relevant_measurements_current_2026"":false}",[],RETAINED_FROM_EXISTING_PHYSICAL_QUEUE
佐々木 俊輔,51955159,読売ジャイアンツ,,,,33,B2_UPPER_COHORT_OCTILE,16,100,"{""PA"":249,""games"":81,""pa_bucket"":""PA_200_399"",""full_effort_run_proxy_count"":32,""npb_plus_sample_count"":null,""npb_plus_qualified_run_count"":null,""data_completeness"":""partial_tier_A_C_unavailable""}",[],[],[],[],[],"[""npb_plus_2026_current_roster_100""]","{""current_npb_plus_rank"":16,""current_npb_plus_size"":100,""current_npb_plus_band"":""B2_UPPER_COHORT_OCTILE"",""basis"":""WITHIN_SAME_METRIC_SAME_COHORT_ONLY""}",[],[],"{""status"":""ANCHOR_RESOLVED_MODERATE"",""status_reasons"":[""CURRENT_NPB_PLUS_ORDINAL_HAS_FULL_100_ROSTER_BRACKETING_BUT_PUBLIC_SAMPLE_COUNTS_ARE_NOT_PUBLISHED""],""high_confidence_anchor_count"":0,""same_cohort_order_conflict_count"":0}",INSUFFICIENT_SHORT_DISTANCE_EVIDENCE,NO_DIRECTIONALLY_COMPARABLE_SHORT_DISTANCE_EVIDENCE,"[""INSUFFICIENT_SHORT_DISTANCE_EVIDENCE""]","{""current_signal_year"":2026,""comparison_relevant_evidence_count"":0,""known_measurement_years"":[],""known_non_2026_measurement_years"":[],""unknown_measurement_era_count"":0,""has_known_non_2026_measurement"":false,""has_unknown_measurement_era"":false,""all_comparison_relevant_measurements_current_2026"":false}",[],NOT_QUEUED
吉川 尚輝,73375134,読売ジャイアンツ,,,,32.5,B3_UPPER_MID_COHORT_OCTILE,27,100,"{""PA"":144,""games"":40,""pa_bucket"":""PA_100_199"",""full_effort_run_proxy_count"":31,""npb_plus_sample_count"":null,""npb_plus_qualified_run_count"":null,""data_completeness"":""partial_tier_A_C_unavailable""}",[],[],[],[],[],"[""npb_plus_2026_current_roster_100""]","{""current_npb_plus_rank"":27,""current_npb_plus_size"":100,""current_npb_plus_band"":""B3_UPPER_MID_COHORT_OCTILE"",""basis"":""WITHIN_SAME_METRIC_SAME_COHORT_ONLY""}","[{""metric"":""50m"",""seconds"":5.7,""value"":null,""unit"":null,""measurement_year"":2016,""measurement_date"":null,""measurement_year_inferred"":true,""cohort"":""unknown"",""timing_method"":""unknown"",""start_protocol"":""unknown"",""source_tier"":""B"",""usage_class"":""HISTORICAL_PROFILE_HINT"",""numeric_t90_usable"":false,""same_measurement_cluster_id"":""yoshikawa_50m_chukyo_profile"",""source_name"":""日刊スポーツ"",""source_url"":""https://www.nikkansports.com/baseball/news/1738288.html"",""reason"":null}]",[2016],"{""status"":""ANCHOR_RESOLVED_MODERATE"",""status_reasons"":[""CURRENT_NPB_PLUS_ORDINAL_HAS_FULL_100_ROSTER_BRACKETING_BUT_PUBLIC_SAMPLE_COUNTS_ARE_NOT_PUBLISHED""],""high_confidence_anchor_count"":0,""same_cohort_order_conflict_count"":0}",INSUFFICIENT_SHORT_DISTANCE_EVIDENCE,NO_DIRECTIONALLY_COMPARABLE_SHORT_DISTANCE_EVIDENCE,"[""INSUFFICIENT_SHORT_DISTANCE_EVIDENCE""]","{""current_signal_year"":2026,""comparison_relevant_evidence_count"":0,""known_measurement_years"":[],""known_non_2026_measurement_years"":[],""unknown_measurement_era_count"":0,""has_known_non_2026_measurement"":false,""has_unknown_measurement_era"":false,""all_comparison_relevant_measurements_current_2026"":false}","[{""metric"":""hp_to_1b"",""seconds"":4.36,""value"":null,""unit"":null,""measurement_year"":2016,""measurement_date"":null,""measurement_year_inferred"":false,""cohort"":""unknown"",""timing_method"":""unknown"",""start_protocol"":""swing_to_run_in_game_triple"",""source_tier"":""B"",""usage_class"":""CONTEXT_ONLY"",""numeric_t90_usable"":false,""same_measurement_cluster_id"":""yoshikawa_hp_to_1b_2016_triple"",""source_name"":""日刊スポーツ"",""source_url"":""https://www.nikkansports.com/baseball/news/1658951.html"",""reason"":null},{""metric"":""hp_to_1b"",""seconds"":3.97,""value"":null,""unit"":null,""measurement_year"":2016,""measurement_date"":null,""measurement_year_inferred"":false,""cohort"":""unknown"",""timing_method"":""unknown"",""start_protocol"":""swing_to_run_in_game_grounder"",""source_tier"":""B"",""usage_class"":""CONTEXT_ONLY"",""numeric_t90_usable"":false,""same_measurement_cluster_id"":""yoshikawa_hp_to_1b_2016_grounder"",""source_name"":""日刊スポーツ"",""source_url"":""https://www.nikkansports.com/baseball/news/1658951.html"",""reason"":null}]",NOT_QUEUED
大城 卓三,21325136,読売ジャイアンツ,,,,29.2,B8_SLOWEST_COHORT_OCTILE,98,100,"{""PA"":227,""games"":70,""pa_bucket"":""PA_200_399"",""full_effort_run_proxy_count"":26,""npb_plus_sample_count"":null,""npb_plus_qualified_run_count"":null,""data_completeness"":""partial_tier_A_C_unavailable""}",[],[],[],[],[],"[""npb_plus_2026_current_roster_100""]","{""current_npb_plus_rank"":98,""current_npb_plus_size"":100,""current_npb_plus_band"":""B8_SLOWEST_COHORT_OCTILE"",""basis"":""WITHIN_SAME_METRIC_SAME_COHORT_ONLY""}",[],[],"{""status"":""ANCHOR_RESOLVED_MODERATE"",""status_reasons"":[""CURRENT_NPB_PLUS_ORDINAL_HAS_FULL_100_ROSTER_BRACKETING_BUT_PUBLIC_SAMPLE_COUNTS_ARE_NOT_PUBLISHED""],""high_confidence_anchor_count"":0,""same_cohort_order_conflict_count"":0}",INSUFFICIENT_SHORT_DISTANCE_EVIDENCE,NO_DIRECTIONALLY_COMPARABLE_SHORT_DISTANCE_EVIDENCE,"[""INSUFFICIENT_SHORT_DISTANCE_EVIDENCE""]","{""current_signal_year"":2026,""comparison_relevant_evidence_count"":0,""known_measurement_years"":[],""known_non_2026_measurement_years"":[],""unknown_measurement_era_count"":0,""has_known_non_2026_measurement"":false,""has_unknown_measurement_era"":false,""all_comparison_relevant_measurements_current_2026"":false}",[],NOT_QUEUED
岸田 行倫,91595136,読売ジャイアンツ,,,,29.4,B8_SLOWEST_COHORT_OCTILE,97,100,"{""PA"":196,""games"":56,""pa_bucket"":""PA_100_199"",""full_effort_run_proxy_count"":24,""npb_plus_sample_count"":null,""npb_plus_qualified_run_count"":null,""data_completeness"":""partial_tier_A_C_unavailable""}",[],[],[],[],[],"[""npb_plus_2026_current_roster_100""]","{""current_npb_plus_rank"":97,""current_npb_plus_size"":100,""current_npb_plus_band"":""B8_SLOWEST_COHORT_OCTILE"",""basis"":""WITHIN_SAME_METRIC_SAME_COHORT_ONLY""}",[],[],"{""status"":""ANCHOR_RESOLVED_MODERATE"",""status_reasons"":[""CURRENT_NPB_PLUS_ORDINAL_HAS_FULL_100_ROSTER_BRACKETING_BUT_PUBLIC_SAMPLE_COUNTS_ARE_NOT_PUBLISHED""],""high_confidence_anchor_count"":0,""same_cohort_order_conflict_count"":0}",INSUFFICIENT_SHORT_DISTANCE_EVIDENCE,NO_DIRECTIONALLY_COMPARABLE_SHORT_DISTANCE_EVIDENCE,"[""INSUFFICIENT_SHORT_DISTANCE_EVIDENCE""]","{""current_signal_year"":2026,""comparison_relevant_evidence_count"":0,""known_measurement_years"":[],""known_non_2026_measurement_years"":[],""unknown_measurement_era_count"":0,""has_known_non_2026_measurement"":false,""has_unknown_measurement_era"":false,""all_comparison_relevant_measurements_current_2026"":false}",[],NOT_QUEUED
松本 剛,21625135,読売ジャイアンツ,,,,31.4,B5_MID_LOWER_COHORT_OCTILE,58,100,"{""PA"":290,""games"":88,""pa_bucket"":""PA_200_399"",""full_effort_run_proxy_count"":34,""npb_plus_sample_count"":null,""npb_plus_qualified_run_count"":null,""data_completeness"":""partial_tier_A_C_unavailable""}",[],[],[],[],[],"[""npb_plus_2026_current_roster_100""]","{""current_npb_plus_rank"":58,""current_npb_plus_size"":100,""current_npb_plus_band"":""B5_MID_LOWER_COHORT_OCTILE"",""basis"":""WITHIN_SAME_METRIC_SAME_COHORT_ONLY""}",[],[],"{""status"":""ANCHOR_RESOLVED_MODERATE"",""status_reasons"":[""CURRENT_NPB_PLUS_ORDINAL_HAS_FULL_100_ROSTER_BRACKETING_BUT_PUBLIC_SAMPLE_COUNTS_ARE_NOT_PUBLISHED""],""high_confidence_anchor_count"":0,""same_cohort_order_conflict_count"":0}",INSUFFICIENT_SHORT_DISTANCE_EVIDENCE,NO_DIRECTIONALLY_COMPARABLE_SHORT_DISTANCE_EVIDENCE,"[""INSUFFICIENT_SHORT_DISTANCE_EVIDENCE""]","{""current_signal_year"":2026,""comparison_relevant_evidence_count"":0,""known_measurement_years"":[],""known_non_2026_measurement_years"":[],""unknown_measurement_era_count"":0,""has_known_non_2026_measurement"":false,""has_unknown_measurement_era"":false,""all_comparison_relevant_measurements_current_2026"":false}","[{""metric"":""hp_to_1b"",""seconds"":3.94,""value"":null,""unit"":null,""measurement_year"":2022,""measurement_date"":null,""measurement_year_inferred"":false,""cohort"":""2022年3月25日～4月30日、右打者の内野安打一塁到達"",""timing_method"":""reported_hp_to_1b_unspecified_origin"",""start_protocol"":""swing_to_run"",""source_tier"":""B"",""usage_class"":""CONTEXT_ONLY"",""numeric_t90_usable"":false,""same_measurement_cluster_id"":""existing_hp_to_1b_松本剛_2022_3.94_8"",""source_name"":""パ・リーグ.com"",""source_url"":""https://pacificleague.com/news/41022"",""reason"":null}]",NOT_QUEUED
中野 拓夢,41445153,阪神タイガース,,,,32.9,B2_UPPER_COHORT_OCTILE,18,100,"{""PA"":407,""games"":99,""pa_bucket"":""PA_400_PLUS"",""full_effort_run_proxy_count"":62,""npb_plus_sample_count"":null,""npb_plus_qualified_run_count"":null,""data_completeness"":""partial_tier_A_C_unavailable""}",[],[],[],[],[],"[""npb_plus_2026_current_roster_100""]","{""current_npb_plus_rank"":18,""current_npb_plus_size"":100,""current_npb_plus_band"":""B2_UPPER_COHORT_OCTILE"",""basis"":""WITHIN_SAME_METRIC_SAME_COHORT_ONLY""}",[],[],"{""status"":""ANCHOR_RESOLVED_MODERATE"",""status_reasons"":[""CURRENT_NPB_PLUS_ORDINAL_HAS_FULL_100_ROSTER_BRACKETING_BUT_PUBLIC_SAMPLE_COUNTS_ARE_NOT_PUBLISHED""],""high_confidence_anchor_count"":0,""same_cohort_order_conflict_count"":0}",INSUFFICIENT_SHORT_DISTANCE_EVIDENCE,NO_DIRECTIONALLY_COMPARABLE_SHORT_DISTANCE_EVIDENCE,"[""INSUFFICIENT_SHORT_DISTANCE_EVIDENCE""]","{""current_signal_year"":2026,""comparison_relevant_evidence_count"":0,""known_measurement_years"":[],""known_non_2026_measurement_years"":[],""unknown_measurement_era_count"":0,""has_known_non_2026_measurement"":false,""has_unknown_measurement_era"":false,""all_comparison_relevant_measurements_current_2026"":false}",[],NOT_QUEUED
伏見 寅威,61065137,阪神タイガース,,,,29.1,B8_SLOWEST_COHORT_OCTILE,99,100,"{""PA"":105,""games"":35,""pa_bucket"":""PA_100_199"",""full_effort_run_proxy_count"":9,""npb_plus_sample_count"":null,""npb_plus_qualified_run_count"":null,""data_completeness"":""partial_tier_A_C_unavailable""}",[],[],[],[],[],"[""npb_plus_2026_current_roster_100""]","{""current_npb_plus_rank"":99,""current_npb_plus_size"":100,""current_npb_plus_band"":""B8_SLOWEST_COHORT_OCTILE"",""basis"":""WITHIN_SAME_METRIC_SAME_COHORT_ONLY""}",[],[],"{""status"":""ANCHOR_RESOLVED_MODERATE"",""status_reasons"":[""CURRENT_NPB_PLUS_ORDINAL_HAS_FULL_100_ROSTER_BRACKETING_BUT_PUBLIC_SAMPLE_COUNTS_ARE_NOT_PUBLISHED""],""high_confidence_anchor_count"":0,""same_cohort_order_conflict_count"":0}",INSUFFICIENT_SHORT_DISTANCE_EVIDENCE,NO_DIRECTIONALLY_COMPARABLE_SHORT_DISTANCE_EVIDENCE,"[""INSUFFICIENT_SHORT_DISTANCE_EVIDENCE""]","{""current_signal_year"":2026,""comparison_relevant_evidence_count"":0,""known_measurement_years"":[],""known_non_2026_measurement_years"":[],""unknown_measurement_era_count"":0,""has_known_non_2026_measurement"":false,""has_unknown_measurement_era"":false,""all_comparison_relevant_measurements_current_2026"":false}",[],NOT_QUEUED
佐藤 輝明,41045153,阪神タイガース,,,,32.1,B3_UPPER_MID_COHORT_OCTILE,35,100,"{""PA"":420,""games"":99,""pa_bucket"":""PA_400_PLUS"",""full_effort_run_proxy_count"":49,""npb_plus_sample_count"":null,""npb_plus_qualified_run_count"":null,""data_completeness"":""partial_tier_A_C_unavailable""}",[],[],[],[],[],"[""npb_plus_2026_current_roster_100""]","{""current_npb_plus_rank"":35,""current_npb_plus_size"":100,""current_npb_plus_band"":""B3_UPPER_MID_COHORT_OCTILE"",""basis"":""WITHIN_SAME_METRIC_SAME_COHORT_ONLY""}","[{""metric"":""30m"",""seconds"":4,""value"":null,""unit"":null,""measurement_year"":2020,""measurement_date"":null,""measurement_year_inferred"":false,""cohort"":""新入団選手の体力測定。"",""timing_method"":""unknown"",""start_protocol"":""unknown"",""source_tier"":""B"",""usage_class"":""HISTORICAL_PROFILE_HINT"",""numeric_t90_usable"":false,""same_measurement_cluster_id"":""existing_30m_佐藤輝明_2020"",""source_name"":""デイリースポーツ"",""source_url"":""https://origin.daily.co.jp/tigers/2020/12/07/0013919463.shtml"",""reason"":null},{""metric"":""50m"",""seconds"":6,""value"":null,""unit"":null,""measurement_year"":""unknown"",""measurement_date"":null,""measurement_year_inferred"":false,""cohort"":""unknown"",""timing_method"":""unknown"",""start_protocol"":""unknown"",""source_tier"":""B"",""usage_class"":""HISTORICAL_PROFILE_HINT"",""numeric_t90_usable"":false,""same_measurement_cluster_id"":""sato_50m_kindai_profile"",""source_name"":""スポニチアネックス"",""source_url"":""https://www.sponichi.co.jp/baseball/news/2020/10/26/kiji/20201025s00001728678000c.html"",""reason"":null}]","[2020,""unknown""]","{""status"":""ANCHOR_RESOLVED_MODERATE"",""status_reasons"":[""CURRENT_NPB_PLUS_ORDINAL_HAS_FULL_100_ROSTER_BRACKETING_BUT_PUBLIC_SAMPLE_COUNTS_ARE_NOT_PUBLISHED""],""high_confidence_anchor_count"":0,""same_cohort_order_conflict_count"":0}",INSUFFICIENT_SHORT_DISTANCE_EVIDENCE,NO_DIRECTIONALLY_COMPARABLE_SHORT_DISTANCE_EVIDENCE,"[""INSUFFICIENT_SHORT_DISTANCE_EVIDENCE""]","{""current_signal_year"":2026,""comparison_relevant_evidence_count"":0,""known_measurement_years"":[],""known_non_2026_measurement_years"":[],""unknown_measurement_era_count"":0,""has_known_non_2026_measurement"":false,""has_unknown_measurement_era"":false,""all_comparison_relevant_measurements_current_2026"":false}",[],NOT_QUEUED
坂本 誠志郎,11915132,阪神タイガース,,,,30.2,B8_SLOWEST_COHORT_OCTILE,90,100,"{""PA"":194,""games"":63,""pa_bucket"":""PA_100_199"",""full_effort_run_proxy_count"":17,""npb_plus_sample_count"":null,""npb_plus_qualified_run_count"":null,""data_completeness"":""partial_tier_A_C_unavailable""}",[],[],[],[],[],"[""npb_plus_2026_current_roster_100""]","{""current_npb_plus_rank"":90,""current_npb_plus_size"":100,""current_npb_plus_band"":""B8_SLOWEST_COHORT_OCTILE"",""basis"":""WITHIN_SAME_METRIC_SAME_COHORT_ONLY""}",[],[],"{""status"":""ANCHOR_RESOLVED_MODERATE"",""status_reasons"":[""CURRENT_NPB_PLUS_ORDINAL_HAS_FULL_100_ROSTER_BRACKETING_BUT_PUBLIC_SAMPLE_COUNTS_ARE_NOT_PUBLISHED""],""high_confidence_anchor_count"":0,""same_cohort_order_conflict_count"":0}",INSUFFICIENT_SHORT_DISTANCE_EVIDENCE,NO_DIRECTIONALLY_COMPARABLE_SHORT_DISTANCE_EVIDENCE,"[""INSUFFICIENT_SHORT_DISTANCE_EVIDENCE""]","{""current_signal_year"":2026,""comparison_relevant_evidence_count"":0,""known_measurement_years"":[],""known_non_2026_measurement_years"":[],""unknown_measurement_era_count"":0,""has_known_non_2026_measurement"":false,""has_unknown_measurement_era"":false,""all_comparison_relevant_measurements_current_2026"":false}",[],NOT_QUEUED
大山 悠輔,21325134,阪神タイガース,,,,30.5,B7_LOWER_COHORT_OCTILE,82,100,"{""PA"":402,""games"":97,""pa_bucket"":""PA_400_PLUS"",""full_effort_run_proxy_count"":26,""npb_plus_sample_count"":null,""npb_plus_qualified_run_count"":null,""data_completeness"":""partial_tier_A_C_unavailable""}",[],[],[],[],[],"[""npb_plus_2026_current_roster_100""]","{""current_npb_plus_rank"":82,""current_npb_plus_size"":100,""current_npb_plus_band"":""B7_LOWER_COHORT_OCTILE"",""basis"":""WITHIN_SAME_METRIC_SAME_COHORT_ONLY""}",[],[],"{""status"":""ANCHOR_RESOLVED_MODERATE"",""status_reasons"":[""CURRENT_NPB_PLUS_ORDINAL_HAS_FULL_100_ROSTER_BRACKETING_BUT_PUBLIC_SAMPLE_COUNTS_ARE_NOT_PUBLISHED""],""high_confidence_anchor_count"":0,""same_cohort_order_conflict_count"":0}",INSUFFICIENT_SHORT_DISTANCE_EVIDENCE,NO_DIRECTIONALLY_COMPARABLE_SHORT_DISTANCE_EVIDENCE,"[""INSUFFICIENT_SHORT_DISTANCE_EVIDENCE""]","{""current_signal_year"":2026,""comparison_relevant_evidence_count"":0,""known_measurement_years"":[],""known_non_2026_measurement_years"":[],""unknown_measurement_era_count"":0,""has_known_non_2026_measurement"":false,""has_unknown_measurement_era"":false,""all_comparison_relevant_measurements_current_2026"":false}",[],NOT_QUEUED
小幡 竜平,31535138,阪神タイガース,,,,32.8,B2_UPPER_COHORT_OCTILE,19,100,"{""PA"":104,""games"":36,""pa_bucket"":""PA_100_199"",""full_effort_run_proxy_count"":11,""npb_plus_sample_count"":null,""npb_plus_qualified_run_count"":null,""data_completeness"":""partial_tier_A_C_unavailable""}",[],[],[],[],[],"[""npb_plus_2026_current_roster_100""]","{""current_npb_plus_rank"":19,""current_npb_plus_size"":100,""current_npb_plus_band"":""B2_UPPER_COHORT_OCTILE"",""basis"":""WITHIN_SAME_METRIC_SAME_COHORT_ONLY""}","[{""metric"":""30m"",""seconds"":3.98,""value"":null,""unit"":null,""measurement_year"":2018,""measurement_date"":null,""measurement_year_inferred"":false,""cohort"":""新入団選手の体力測定。参加選手中トップ。"",""timing_method"":""unknown"",""start_protocol"":""unknown"",""source_tier"":""B"",""usage_class"":""HISTORICAL_PROFILE_HINT"",""numeric_t90_usable"":false,""same_measurement_cluster_id"":""existing_30m_小幡竜平_2018"",""source_name"":""スポーツ報知"",""source_url"":""https://hochi.news/articles/20181202-OHT1T50237.html"",""reason"":null},{""metric"":""50m"",""seconds"":6.1,""value"":null,""unit"":null,""measurement_year"":2018,""measurement_date"":null,""measurement_year_inferred"":true,""cohort"":""unknown"",""timing_method"":""unknown"",""start_protocol"":""unknown"",""source_tier"":""B"",""usage_class"":""HISTORICAL_PROFILE_HINT"",""numeric_t90_usable"":false,""same_measurement_cluster_id"":""obata_50m_hanshin_profile"",""source_name"":""日刊スポーツ"",""source_url"":""https://www.nikkansports.com/baseball/news/201901100000575.html"",""reason"":null}]",[2018],"{""status"":""ANCHOR_RESOLVED_MODERATE"",""status_reasons"":[""CURRENT_NPB_PLUS_ORDINAL_HAS_FULL_100_ROSTER_BRACKETING_BUT_PUBLIC_SAMPLE_COUNTS_ARE_NOT_PUBLISHED""],""high_confidence_anchor_count"":0,""same_cohort_order_conflict_count"":0}",INSUFFICIENT_SHORT_DISTANCE_EVIDENCE,NO_DIRECTIONALLY_COMPARABLE_SHORT_DISTANCE_EVIDENCE,"[""INSUFFICIENT_SHORT_DISTANCE_EVIDENCE""]","{""current_signal_year"":2026,""comparison_relevant_evidence_count"":0,""known_measurement_years"":[],""known_non_2026_measurement_years"":[],""unknown_measurement_era_count"":0,""has_known_non_2026_measurement"":false,""has_unknown_measurement_era"":false,""all_comparison_relevant_measurements_current_2026"":false}",[],NOT_QUEUED
木浪 聖也,31735138,阪神タイガース,,,,30,B8_SLOWEST_COHORT_OCTILE,92,100,"{""PA"":134,""games"":46,""pa_bucket"":""PA_100_199"",""full_effort_run_proxy_count"":18,""npb_plus_sample_count"":null,""npb_plus_qualified_run_count"":null,""data_completeness"":""partial_tier_A_C_unavailable""}",[],[],[],[],[],"[""npb_plus_2026_current_roster_100""]","{""current_npb_plus_rank"":92,""current_npb_plus_size"":100,""current_npb_plus_band"":""B8_SLOWEST_COHORT_OCTILE"",""basis"":""WITHIN_SAME_METRIC_SAME_COHORT_ONLY""}",[],[],"{""status"":""ANCHOR_RESOLVED_MODERATE"",""status_reasons"":[""CURRENT_NPB_PLUS_ORDINAL_HAS_FULL_100_ROSTER_BRACKETING_BUT_PUBLIC_SAMPLE_COUNTS_ARE_NOT_PUBLISHED""],""high_confidence_anchor_count"":0,""same_cohort_order_conflict_count"":0}",INSUFFICIENT_SHORT_DISTANCE_EVIDENCE,NO_DIRECTIONALLY_COMPARABLE_SHORT_DISTANCE_EVIDENCE,"[""INSUFFICIENT_SHORT_DISTANCE_EVIDENCE""]","{""current_signal_year"":2026,""comparison_relevant_evidence_count"":0,""known_measurement_years"":[],""known_non_2026_measurement_years"":[],""unknown_measurement_era_count"":0,""has_known_non_2026_measurement"":false,""has_unknown_measurement_era"":false,""all_comparison_relevant_measurements_current_2026"":false}",[],NOT_QUEUED
梅野 隆太郎,21325139,阪神タイガース,,,,30.6,B7_LOWER_COHORT_OCTILE,79,100,"{""PA"":71,""games"":23,""pa_bucket"":""PA_50_99"",""full_effort_run_proxy_count"":6,""npb_plus_sample_count"":null,""npb_plus_qualified_run_count"":null,""data_completeness"":""partial_tier_A_C_unavailable""}",[],[],[],[],[],"[""npb_plus_2026_current_roster_100""]","{""current_npb_plus_rank"":79,""current_npb_plus_size"":100,""current_npb_plus_band"":""B7_LOWER_COHORT_OCTILE"",""basis"":""WITHIN_SAME_METRIC_SAME_COHORT_ONLY""}",[],[],"{""status"":""SNS_TIEBREAK"",""status_reasons"":[""SOURCE_PA_UNDER_100_AND_QUALIFIED_RUN_COUNT_NOT_PUBLISHED""],""high_confidence_anchor_count"":0,""same_cohort_order_conflict_count"":0}",INSUFFICIENT_SHORT_DISTANCE_EVIDENCE,NO_DIRECTIONALLY_COMPARABLE_SHORT_DISTANCE_EVIDENCE,"[""INSUFFICIENT_SHORT_DISTANCE_EVIDENCE""]","{""current_signal_year"":2026,""comparison_relevant_evidence_count"":0,""known_measurement_years"":[],""known_non_2026_measurement_years"":[],""unknown_measurement_era_count"":0,""has_known_non_2026_measurement"":false,""has_unknown_measurement_era"":false,""all_comparison_relevant_measurements_current_2026"":false}",[],RETAINED_FROM_EXISTING_PHYSICAL_QUEUE
森下 翔太,43145157,阪神タイガース,,,,30.5,B7_LOWER_COHORT_OCTILE,83,100,"{""PA"":432,""games"":99,""pa_bucket"":""PA_400_PLUS"",""full_effort_run_proxy_count"":35,""npb_plus_sample_count"":null,""npb_plus_qualified_run_count"":null,""data_completeness"":""partial_tier_A_C_unavailable""}",[],[],[],[],[],"[""npb_plus_2026_current_roster_100""]","{""current_npb_plus_rank"":83,""current_npb_plus_size"":100,""current_npb_plus_band"":""B7_LOWER_COHORT_OCTILE"",""basis"":""WITHIN_SAME_METRIC_SAME_COHORT_ONLY""}",[],[],"{""status"":""ANCHOR_RESOLVED_MODERATE"",""status_reasons"":[""CURRENT_NPB_PLUS_ORDINAL_HAS_FULL_100_ROSTER_BRACKETING_BUT_PUBLIC_SAMPLE_COUNTS_ARE_NOT_PUBLISHED""],""high_confidence_anchor_count"":0,""same_cohort_order_conflict_count"":0}",INSUFFICIENT_SHORT_DISTANCE_EVIDENCE,NO_DIRECTIONALLY_COMPARABLE_SHORT_DISTANCE_EVIDENCE,"[""INSUFFICIENT_SHORT_DISTANCE_EVIDENCE""]","{""current_signal_year"":2026,""comparison_relevant_evidence_count"":0,""known_measurement_years"":[],""known_non_2026_measurement_years"":[],""unknown_measurement_era_count"":0,""has_known_non_2026_measurement"":false,""has_unknown_measurement_era"":false,""all_comparison_relevant_measurements_current_2026"":false}",[],NOT_QUEUED
