inventory_id,game,video_id,title,published_at,source_url,official_channel_id,official_channel_name,discovery_method,matched_terms,relevant_reason,relevant_for_comment_collection,target_players_from_title_if_any,comments_available,comments_retrieved,comment_total_reported,retrieval_method,retrieval_bound_or_missingness,already_in_old_inventory,date_status,metadata_status,description_context_short,error
PPV3-INV-0002,Official channel mixed catalog,sX8nl6eCua0,福留孝介・糸井嘉男の新能力公開！ 福留×糸井 ホンネ！俺の実力話しますSP 後編【プロスピA】,2026-07-16,https://www.youtube.com/watch?v=sX8nl6eCua0,UCWzEh28vj3mQKpe0fzVTOUw,パワプロ・プロスピ公式チャンネル,official_channel_flat_playlist_then_per_video_metadata,"[""プロスピ"",""プロスピA"",""能力"",""能力公開"",""アップデート"",""新能力"",""対決""]",PROSPI_ONLY_EXCLUDED_FROM_SP033: Prospi-only video excluded from SP-033 PowerPro lane.,false,[],,,,,,true,IN_SCOPE,OK,過去対決動画でのご共演などで息ピッタリの名コンビ福留孝介さんと糸井嘉男さんが番組にご出演！ ご自身のプロスピＡゲーム内の能力にホンネでトークいただき、 その内容を基に「新・福留孝介」「新・糸井嘉男」の能力をアップデート！ 後編動画では、「新・福留孝介」「新・糸井嘉男」の能力を大公開しました。 果たしてどのような能力になっているのか・・・気になる詳細は動画でご確認ください！ さらに、動画内では「新・福留孝介」「新・糸井嘉男」を実際に使用してリアルタイム対戦を実施！ 過去対決動画では、糸井さんの2勝でしたが、今回の結果はいかに・・・！？ 動画内で紹介しているプレゼントコードをパワスピ・ポイントクラブで入力すると10エナジーをプレゼント！ ▼パワスピ・ポイントクラブはこちら https://pawaspi-point.konami.net/news/detail?content_id=KON_news_702cc7e571c72221e5f090c2d8b93d92&p_code=CHOJIN ※プレゼントコードは、前編・後編共通となっております。重複して受け取ることはできませんのでご注意ください。 ▼プロスピA ダウンロードはこちら https://app.adjust.com/22tqy36x ▼プロスピA公式X https://x.com/prospiA_PR ▼プロスピA公式サイ,
PPV3-INV-0003,Official channel mixed catalog,QakGxA8TR_s,トーク内容を基に能力アップ！？ 福留×糸井 ホンネ！俺の実力話しますSP 前編【プロスピA】,2026-07-15,https://www.youtube.com/watch?v=QakGxA8TR_s,UCWzEh28vj3mQKpe0fzVTOUw,パワプロ・プロスピ公式チャンネル,official_channel_flat_playlist_then_per_video_metadata,"[""プロスピ"",""プロスピA"",""能力"",""アップデート"",""対決""]",PROSPI_ONLY_EXCLUDED_FROM_SP033: Prospi-only video excluded from SP-033 PowerPro lane.,false,[],,,,,,false,IN_SCOPE,OK,過去対決動画でのご共演などで息ピッタリの名コンビ福留孝介さんと糸井嘉男さんが番組にご出演！ ご自身のプロスピAゲーム内の能力にホンネでトークいただきました。 さらに！トークを基に能力がアップデートされた「新・福留孝介」、「新・糸井嘉男」が 2026年7月17日から「福留孝介・糸井嘉男登場記念スカウト」として登場！ 一体お二人は、自分たちの能力についてなにを語ったのか・・・ 動画内で紹介しているプレゼントコードをパワスピ・ポイントクラブで入力すると10エナジーをプレゼント！ ▼パワスピ・ポイントクラブはこちら https://pawaspi-point.konami.net/news/detail?content_id=KON_news_702cc7e571c72221e5f090c2d8b93d92&p_code=CHOJIN ※プレゼントコードは、前編・後編共通となっております。重複して受け取ることはできませんのでご注意ください。 ▼プロスピA ダウンロードはこちら https://app.adjust.com/22tqy36x ▼プロスピA公式X https://x.com/prospiA_PR ▼プロスピA公式サイト https://www.konami.com/games/prospi_a/ 一般社団法人日本野球機構承認 ©Konami Digital Entertainm,
PPV3-INV-0005,Official channel mixed catalog,RqUAGcmp6z8,新スカウト情報発表！プロスピA ニュース【スピニュース】,2026-06-25,https://www.youtube.com/watch?v=RqUAGcmp6z8,UCWzEh28vj3mQKpe0fzVTOUw,パワプロ・プロスピ公式チャンネル,official_channel_flat_playlist_then_per_video_metadata,"[""プロスピ"",""プロスピA""]",PROSPI_ONLY_EXCLUDED_FROM_SP033: Prospi-only video excluded from SP-033 PowerPro lane.,false,[],,,,,,false,IN_SCOPE,OK,プロスピAの最新情報をお届けする番組「プロスピAニュース」略して「スピニュース」を配信！ 今回は気になる新スカウトの情報を公開します！ 特別ゲストとして真中満さんをお招き！ 真中さんと言えば…？ ▼プロスピAダウンロードはこちら https://app.adjust.com/1qtdbfne ▼プロスピA公式X https://x.com/prospiA_PR ▼プロスピA公式サイト https://www.konami.com/games/prospi_a/ 一般社団法人日本野球機構承認 ©Konami Digital Entertainment,
PPV3-INV-0006,Official channel mixed catalog,rMfw_rxOdu8,「今永セレクション」14名の選出理由を今永選手が語る！​【MLB PRO SPIRIT】,2026-06-23,https://www.youtube.com/watch?v=rMfw_rxOdu8,UCWzEh28vj3mQKpe0fzVTOUw,パワプロ・プロスピ公式チャンネル,official_channel_flat_playlist_then_per_video_metadata,[],NO_POWERPRO_SIGNAL: No PowerPro signal in the fetched title/description.,false,[],,,,,,false,IN_SCOPE,OK,"今永選手が選出したMLB選手14名＋ご本人が登場！ 14選手の選出理由や注目ポイントについて、元プロ野球選手の杉谷拳士さんとともに語るインタビュー映像です。 ◤￣￣￣￣￣￣￣￣￣￣￣￣￣￣￣￣￣￣￣￣ eBaseball™: MLB PRO SPIRIT 新スカウト『 #今永 セレクション』 6/24（水）メンテナンス後～ 登場！ ＿＿＿＿＿＿＿＿＿＿＿＿＿＿＿＿＿＿＿＿◢ ▼MLB PRO SPIRIT ダウンロードはこちら▼ https://konami.go.link/kyhg7 ▼MLB PRO SPIRIT 公式Xはこちら▼ https://x.com/MLBPS_JP Major League Baseball trademarks and copyrights are used with permission of Major League Baseball. Visit MLB.com. Officially Licensed Product of MLB Players, Inc. MLBPA trademarks, copyrighted works and other intellectual property rights are owned and/or held by MLBPA and may not be used without the writt",
PPV3-INV-0008,Official channel mixed catalog,CmBoz1XeAmU,福岡ソフトバンクホークス 牧原大成 選手 VS 野村勇 選手 プロスピAで対決！【エキサイティングプレイヤースペシャルマッチ】,2026-05-27,https://www.youtube.com/watch?v=CmBoz1XeAmU,UCWzEh28vj3mQKpe0fzVTOUw,パワプロ・プロスピ公式チャンネル,official_channel_flat_playlist_then_per_video_metadata,"[""プロスピ"",""プロスピA"",""現役選手"",""対決""]",PROSPI_ONLY_EXCLUDED_FROM_SP033: Prospi-only video excluded from SP-033 PowerPro lane.,false,"[{""player"":""牧原 大成"",""player_id"":""61465133""}]",,,,,,false,IN_SCOPE,OK,#プロスピA エキサイティングプレイヤースペシャルマッチ プロ野球現役選手による「プロスピA」ガチ対決動画！！ #牧原大成 選手 VS #野村勇 選手 全12球団の対決動画はこちら https://www.youtube.com/playlist?list=PLVkLJ-aYi8nJSB7zaomx2Oo7OQULFzTDe ◤￣￣￣￣￣￣￣￣￣￣￣￣￣￣￣￣￣￣￣ エキサイティングプレイヤーセレクション開催決定！ 第1弾：2026年5月28日(木)15:00～6月4日(木)14:59 第2弾：2026年6月4日(木)15:00～6月12日(金)14:59 ＿＿＿＿＿＿＿＿＿＿＿＿＿＿＿＿＿＿＿＿◢ プロスピA公式X / https://x.com/prospiA_PR プロスピA公式サイト https://www.konami.com/games/prospi_a/ ダウンロードはこちら https://app.adjust.com/20adns30,
PPV3-INV-0009,Official channel mixed catalog,lJAT0YaFPfs,横浜DeNAベイスターズ 佐野恵太 選手 VS 牧秀悟 選手 プロスピAで対決！【エキサイティングプレイヤースペシャルマッチ】,2026-05-26,https://www.youtube.com/watch?v=lJAT0YaFPfs,UCWzEh28vj3mQKpe0fzVTOUw,パワプロ・プロスピ公式チャンネル,official_channel_flat_playlist_then_per_video_metadata,"[""プロスピ"",""プロスピA"",""現役選手"",""対決""]",PROSPI_ONLY_EXCLUDED_FROM_SP033: Prospi-only video excluded from SP-033 PowerPro lane.,false,"[{""player"":""佐野 恵太"",""player_id"":""91995134""},{""player"":""牧 秀悟"",""player_id"":""13115153""}]",,,,,,false,IN_SCOPE,OK,#プロスピA エキサイティングプレイヤースペシャルマッチ プロ野球現役選手による「プロスピA」ガチ対決動画！！ #佐野恵太 選手 VS #牧秀悟 選手 ※2026年2月8日 撮影 全12球団の対決動画はこちら https://www.youtube.com/playlist?list=PLVkLJ-aYi8nJSB7zaomx2Oo7OQULFzTDe ◤￣￣￣￣￣￣￣￣￣￣￣￣￣￣￣￣￣￣￣ エキサイティングプレイヤーセレクション開催決定！ 第1弾：2026年5月28日(木)15:00～6月4日(木)14:59 第2弾：2026年6月4日(木)15:00～6月12日(金)14:59 ＿＿＿＿＿＿＿＿＿＿＿＿＿＿＿＿＿＿＿＿◢ プロスピA公式X / https://x.com/prospiA_PR プロスピA公式サイト https://www.konami.com/games/prospi_a/ ダウンロードはこちら https://app.adjust.com/20adns30,
PPV3-INV-0010,Official channel mixed catalog,Cigl41WJeaU,千葉ロッテ 種市篤暉 投手 VS 西川史礁 選手 プロスピAで対決！【エキサイティングプレイヤースペシャルマッチ】,2026-05-25,https://www.youtube.com/watch?v=Cigl41WJeaU,UCWzEh28vj3mQKpe0fzVTOUw,パワプロ・プロスピ公式チャンネル,official_channel_flat_playlist_then_per_video_metadata,"[""プロスピ"",""プロスピA"",""現役選手"",""対決""]",PROSPI_ONLY_EXCLUDED_FROM_SP033: Prospi-only video excluded from SP-033 PowerPro lane.,false,[],,,,,,false,IN_SCOPE,OK,#プロスピA エキサイティングプレイヤースペシャルマッチ プロ野球現役選手による「プロスピA」ガチ対決動画！！ #種市篤暉 投手 VS #西川史礁 選手 全12球団の対決動画はこちら https://www.youtube.com/playlist?list=PLVkLJ-aYi8nJSB7zaomx2Oo7OQULFzTDe ◤￣￣￣￣￣￣￣￣￣￣￣￣￣￣￣￣￣￣￣ エキサイティングプレイヤーセレクション開催決定！ 第1弾：2026年5月28日(木)15:00～6月4日(木)14:59 第2弾：2026年6月4日(木)15:00～6月12日(金)14:59 ＿＿＿＿＿＿＿＿＿＿＿＿＿＿＿＿＿＿＿＿◢ プロスピA公式X / https://x.com/prospiA_PR プロスピA公式サイト https://www.konami.com/games/prospi_a/ ダウンロードはこちら https://app.adjust.com/20adns30,
PPV3-INV-0011,Official channel mixed catalog,lug1RWbPMwI,広島東洋カープ ファビアン 選手 VS モンテロ 選手 プロスピAで対決！【エキサイティングプレイヤースペシャルマッチ】,2026-05-24,https://www.youtube.com/watch?v=lug1RWbPMwI,UCWzEh28vj3mQKpe0fzVTOUw,パワプロ・プロスピ公式チャンネル,official_channel_flat_playlist_then_per_video_metadata,"[""プロスピ"",""プロスピA"",""現役選手"",""対決""]",PROSPI_ONLY_EXCLUDED_FROM_SP033: Prospi-only video excluded from SP-033 PowerPro lane.,false,"[{""player"":""ファビアン"",""player_id"":""43745150""},{""player"":""モンテロ"",""player_id"":""53955150""}]",,,,,,true,IN_SCOPE,OK,#プロスピA エキサイティングプレイヤースペシャルマッチ プロ野球現役選手による「プロスピA」ガチ対決動画！！ #ファビアン 選手 VS #モンテロ 選手 全12球団の対決動画はこちら https://www.youtube.com/playlist?list=PLVkLJ-aYi8nJSB7zaomx2Oo7OQULFzTDe ◤￣￣￣￣￣￣￣￣￣￣￣￣￣￣￣￣￣￣￣ エキサイティングプレイヤーセレクション開催決定！ 第1弾：2026年5月28日(木)15:00～6月4日(木)14:59 第2弾：2026年6月4日(木)15:00～6月12日(金)14:59 ＿＿＿＿＿＿＿＿＿＿＿＿＿＿＿＿＿＿＿＿◢ プロスピA公式X / https://x.com/prospiA_PR プロスピA公式サイト https://www.konami.com/games/prospi_a/ ダウンロードはこちら https://app.adjust.com/20adns30,
PPV3-INV-0012,Official channel mixed catalog,dBlFvhlQNXc,北海道日本ハムファイターズ レイエス 選手 VS 五十幡亮汰 選手 プロスピAで対決！【エキサイティングプレイヤースペシャルマッチ】,2026-05-23,https://www.youtube.com/watch?v=dBlFvhlQNXc,UCWzEh28vj3mQKpe0fzVTOUw,パワプロ・プロスピ公式チャンネル,official_channel_flat_playlist_then_per_video_metadata,"[""プロスピ"",""プロスピA"",""現役選手"",""対決""]",PROSPI_ONLY_EXCLUDED_FROM_SP033: Prospi-only video excluded from SP-033 PowerPro lane.,false,[],,,,,,false,IN_SCOPE,OK,#プロスピA エキサイティングプレイヤースペシャルマッチ プロ野球現役選手による「プロスピA」ガチ対決動画！！ #レイエス 選手 VS #五十幡亮汰 選手 全12球団の対決動画はこちら https://www.youtube.com/playlist?list=PLVkLJ-aYi8nJSB7zaomx2Oo7OQULFzTDe ◤￣￣￣￣￣￣￣￣￣￣￣￣￣￣￣￣￣￣￣ エキサイティングプレイヤーセレクション開催決定！ 第1弾：2026年5月28日(木)15:00～6月4日(木)14:59 第2弾：2026年6月4日(木)15:00～6月12日(金)14:59 ＿＿＿＿＿＿＿＿＿＿＿＿＿＿＿＿＿＿＿＿◢ プロスピA公式X / https://x.com/prospiA_PR プロスピA公式サイト https://www.konami.com/games/prospi_a/ ダウンロードはこちら https://app.adjust.com/20adns30,
PPV3-INV-0013,Official channel mixed catalog,2UxAd74t9CY,中日ドラゴンズ 清水達也 投手 VS 金丸夢斗 投手 プロスピAで対決！【エキサイティングプレイヤースペシャルマッチ】,2026-05-22,https://www.youtube.com/watch?v=2UxAd74t9CY,UCWzEh28vj3mQKpe0fzVTOUw,パワプロ・プロスピ公式チャンネル,official_channel_flat_playlist_then_per_video_metadata,"[""プロスピ"",""プロスピA"",""現役選手"",""対決""]",PROSPI_ONLY_EXCLUDED_FROM_SP033: Prospi-only video excluded from SP-033 PowerPro lane.,false,[],,,,,,false,IN_SCOPE,OK,#プロスピA エキサイティングプレイヤースペシャルマッチ プロ野球現役選手による「プロスピA」ガチ対決動画！！ #清水達也 投手 VS #金丸夢斗 投手 全12球団の対決動画はこちら https://www.youtube.com/playlist?list=PLVkLJ-aYi8nJSB7zaomx2Oo7OQULFzTDe ◤￣￣￣￣￣￣￣￣￣￣￣￣￣￣￣￣￣￣￣ エキサイティングプレイヤーセレクション開催決定！ 第1弾：2026年5月28日(木)15:00～6月4日(木)14:59 第2弾：2026年6月4日(木)15:00～6月12日(金)14:59 ＿＿＿＿＿＿＿＿＿＿＿＿＿＿＿＿＿＿＿＿◢ プロスピA公式X / https://x.com/prospiA_PR プロスピA公式サイト https://www.konami.com/games/prospi_a/ ダウンロードはこちら https://app.adjust.com/20adns30,
PPV3-INV-0014,Official channel mixed catalog,vm6AgZD-vMM,東北楽天ゴールデンイーグルス 中島大輔 選手 VS 宗山塁 選手 プロスピAで対決！【エキサイティングプレイヤースペシャルマッチ】,2026-05-21,https://www.youtube.com/watch?v=vm6AgZD-vMM,UCWzEh28vj3mQKpe0fzVTOUw,パワプロ・プロスピ公式チャンネル,official_channel_flat_playlist_then_per_video_metadata,"[""プロスピ"",""プロスピA"",""現役選手"",""対決""]",PROSPI_ONLY_EXCLUDED_FROM_SP033: Prospi-only video excluded from SP-033 PowerPro lane.,false,[],,,,,,false,IN_SCOPE,OK,#プロスピA エキサイティングプレイヤースペシャルマッチ プロ野球現役選手による「プロスピA」ガチ対決動画！！ #中島大輔 選手 VS #宗山塁 選手 全12球団の対決動画はこちら https://www.youtube.com/playlist?list=PLVkLJ-aYi8nJSB7zaomx2Oo7OQULFzTDe ◤￣￣￣￣￣￣￣￣￣￣￣￣￣￣￣￣￣￣￣ エキサイティングプレイヤーセレクション開催決定！ 第1弾：2026年5月28日(木)15:00～6月4日(木)14:59 第2弾：2026年6月4日(木)15:00～6月12日(金)14:59 ＿＿＿＿＿＿＿＿＿＿＿＿＿＿＿＿＿＿＿＿◢ プロスピA公式X / https://x.com/prospiA_PR プロスピA公式サイト https://www.konami.com/games/prospi_a/ ダウンロードはこちら https://app.adjust.com/20adns30,
PPV3-INV-0015,Official channel mixed catalog,D5Fg3e-E_QY,東京ヤクルト 星知弥 投手 VS 長岡秀樹 選手 プロスピAで対決！【エキサイティングプレイヤースペシャルマッチ】,2026-05-20,https://www.youtube.com/watch?v=D5Fg3e-E_QY,UCWzEh28vj3mQKpe0fzVTOUw,パワプロ・プロスピ公式チャンネル,official_channel_flat_playlist_then_per_video_metadata,"[""プロスピ"",""プロスピA"",""現役選手"",""対決""]",PROSPI_ONLY_EXCLUDED_FROM_SP033: Prospi-only video excluded from SP-033 PowerPro lane.,false,"[{""player"":""長岡 秀樹"",""player_id"":""51455151""}]",,,,,,false,IN_SCOPE,OK,#プロスピA エキサイティングプレイヤースペシャルマッチ プロ野球現役選手による「プロスピA」ガチ対決動画！！ #星知弥 投手 VS #長岡秀樹 選手 全12球団の対決動画はこちら https://www.youtube.com/playlist?list=PLVkLJ-aYi8nJSB7zaomx2Oo7OQULFzTDe ◤￣￣￣￣￣￣￣￣￣￣￣￣￣￣￣￣￣￣￣ エキサイティングプレイヤーセレクション開催決定！ 第1弾：2026年5月28日(木)15:00～6月4日(木)14:59 第2弾：2026年6月4日(木)15:00～6月12日(金)14:59 ＿＿＿＿＿＿＿＿＿＿＿＿＿＿＿＿＿＿＿＿◢ プロスピA公式X / https://x.com/prospiA_PR プロスピA公式サイト https://www.konami.com/games/prospi_a/ ダウンロードはこちら https://app.adjust.com/20adns30 ※5/26 更新 一部表記に誤りがあった為訂正いたしました 兵藤てつ兄 ⇒ 兵頭てつ兄,
PPV3-INV-0016,Official channel mixed catalog,zGF4VfGcAwk,埼玉西武ライオンズ 甲斐野央 投手 VS 山田陽翔 投手 プロスピAで対決！【エキサイティングプレイヤースペシャルマッチ】,2026-05-19,https://www.youtube.com/watch?v=zGF4VfGcAwk,UCWzEh28vj3mQKpe0fzVTOUw,パワプロ・プロスピ公式チャンネル,official_channel_flat_playlist_then_per_video_metadata,"[""プロスピ"",""プロスピA"",""現役選手"",""対決""]",PROSPI_ONLY_EXCLUDED_FROM_SP033: Prospi-only video excluded from SP-033 PowerPro lane.,false,[],,,,,,false,IN_SCOPE,OK,#プロスピA エキサイティングプレイヤースペシャルマッチ プロ野球現役選手による「プロスピA」ガチ対決動画！！ #甲斐野央 投手 VS #山田陽翔 投手 全12球団の対決動画はこちら https://www.youtube.com/playlist?list=PLVkLJ-aYi8nJSB7zaomx2Oo7OQULFzTDe ◤￣￣￣￣￣￣￣￣￣￣￣￣￣￣￣￣￣￣￣ エキサイティングプレイヤーセレクション開催決定！ 第1弾：2026年5月28日(木)15:00～6月4日(木)14:59 第2弾：2026年6月4日(木)15:00～6月12日(金)14:59 ＿＿＿＿＿＿＿＿＿＿＿＿＿＿＿＿＿＿＿＿◢ プロスピA公式X / https://x.com/prospiA_PR プロスピA公式サイト https://www.konami.com/games/prospi_a/ ダウンロードはこちら https://app.adjust.com/20adns30,
PPV3-INV-0017,Official channel mixed catalog,9W_JWgJJS7s,読売ジャイアンツ 大勢 投手 VS 泉口友汰 選手 プロスピAで対決！【エキサイティングプレイヤースペシャルマッチ】,2026-05-18,https://www.youtube.com/watch?v=9W_JWgJJS7s,UCWzEh28vj3mQKpe0fzVTOUw,パワプロ・プロスピ公式チャンネル,official_channel_flat_playlist_then_per_video_metadata,"[""プロスピ"",""プロスピA"",""現役選手"",""対決""]",PROSPI_ONLY_EXCLUDED_FROM_SP033: Prospi-only video excluded from SP-033 PowerPro lane.,false,[],,,,,,false,IN_SCOPE,OK,#プロスピA エキサイティングプレイヤースペシャルマッチ プロ野球現役選手による「プロスピA」ガチ対決動画！！ #大勢 投手 VS #泉口友汰 選手 全12球団の対決動画はこちら https://www.youtube.com/playlist?list=PLVkLJ-aYi8nJSB7zaomx2Oo7OQULFzTDe ◤￣￣￣￣￣￣￣￣￣￣￣￣￣￣￣￣￣￣￣ エキサイティングプレイヤーセレクション開催決定！ 第1弾：2026年5月28日(木)15:00～6月4日(木)14:59 第2弾：2026年6月4日(木)15:00～6月12日(金)14:59 ＿＿＿＿＿＿＿＿＿＿＿＿＿＿＿＿＿＿＿＿◢ プロスピA公式X / https://x.com/prospiA_PR プロスピA公式サイト https://www.konami.com/games/prospi_a/ ダウンロードはこちら https://app.adjust.com/20adns30,
PPV3-INV-0018,Official channel mixed catalog,nzmHFRWHr30,オリックス・バファローズ 山岡泰輔 投手 VS 曽谷龍平 投手 プロスピAで対決！【エキサイティングプレイヤースペシャルマッチ】,2026-05-17,https://www.youtube.com/watch?v=nzmHFRWHr30,UCWzEh28vj3mQKpe0fzVTOUw,パワプロ・プロスピ公式チャンネル,official_channel_flat_playlist_then_per_video_metadata,"[""プロスピ"",""プロスピA"",""現役選手"",""対決""]",PROSPI_ONLY_EXCLUDED_FROM_SP033: Prospi-only video excluded from SP-033 PowerPro lane.,false,[],,,,,,false,IN_SCOPE,OK,#プロスピA エキサイティングプレイヤースペシャルマッチ プロ野球現役選手による「プロスピA」ガチ対決動画！！ #山岡泰輔 投手 VS #曽谷龍平 投手 全12球団の対決動画はこちら https://www.youtube.com/playlist?list=PLVkLJ-aYi8nJSB7zaomx2Oo7OQULFzTDe ◤￣￣￣￣￣￣￣￣￣￣￣￣￣￣￣￣￣￣￣ エキサイティングプレイヤーセレクション開催決定！ 第1弾：2026年5月28日(木)15:00～6月4日(木)14:59 第2弾：2026年6月4日(木)15:00～6月12日(金)14:59 ＿＿＿＿＿＿＿＿＿＿＿＿＿＿＿＿＿＿＿＿◢ プロスピA公式X / https://x.com/prospiA_PR プロスピA公式サイト https://www.konami.com/games/prospi_a/ ダウンロードはこちら https://app.adjust.com/20adns30,
PPV3-INV-0019,Official channel mixed catalog,_h4nmi7mWdg,阪神タイガース 村上頌樹 投手 VS 森下翔太 選手 プロスピAで対決！【エキサイティングプレイヤースペシャルマッチ】,2026-05-16,https://www.youtube.com/watch?v=_h4nmi7mWdg,UCWzEh28vj3mQKpe0fzVTOUw,パワプロ・プロスピ公式チャンネル,official_channel_flat_playlist_then_per_video_metadata,"[""プロスピ"",""プロスピA"",""現役選手"",""対決""]",PROSPI_ONLY_EXCLUDED_FROM_SP033: Prospi-only video excluded from SP-033 PowerPro lane.,false,"[{""player"":""森下 翔太"",""player_id"":""43145157""}]",,,,,,false,IN_SCOPE,OK,#プロスピA エキサイティングプレイヤースペシャルマッチ プロ野球現役選手による「プロスピA」ガチ対決動画！！ #村上頌樹 投手 VS #森下翔太 選手 全12球団の対決動画はこちら https://www.youtube.com/playlist?list=PLVkLJ-aYi8nJSB7zaomx2Oo7OQULFzTDe ◤￣￣￣￣￣￣￣￣￣￣￣￣￣￣￣￣￣￣￣ エキサイティングプレイヤーセレクション開催決定！ 第1弾：2026年5月28日(木)15:00～6月4日(木)14:59 第2弾：2026年6月4日(木)15:00～6月12日(金)14:59 ＿＿＿＿＿＿＿＿＿＿＿＿＿＿＿＿＿＿＿＿◢ プロスピA公式X / https://x.com/prospiA_PR プロスピA公式サイト https://www.konami.com/games/prospi_a/ ダウンロードはこちら https://app.adjust.com/20adns30,
PPV3-INV-0020,Official channel mixed catalog,f4KsZVHUmYs,プロ野球スピリッツA PV 2026年度版,2026-04-22,https://www.youtube.com/watch?v=f4KsZVHUmYs,UCWzEh28vj3mQKpe0fzVTOUw,パワプロ・プロスピ公式チャンネル,official_channel_flat_playlist_then_per_video_metadata,"[""プロスピ"",""プロ野球スピリッツ"",""プロスピA""]",PROSPI_ONLY_EXCLUDED_FROM_SP033: Prospi-only video excluded from SP-033 PowerPro lane.,false,[],,,,,,false,IN_SCOPE,OK,「3Dスキャン」技術を採用し、リアルな選手の見た目やフォームをゲーム内で実現。 スマホとは思えない美麗なグラフィックと、スマホならではの手軽な操作で野球アクションを楽しむことができる本格プロ野球ゲームアプリ。 実在のプロ野球選手を収集・育成して最強のチームを作り上げよう！ そして、リアルタイム対戦の機能も搭載。友だちと一緒にプロスピAを楽しもう！ プロスピA公式X / https://x.com/prospiA_PR プロスピA公式サイト https://www.konami.com/games/prospi_a/ ダウンロードはこちら https://app.adjust.com/na48l57,
PPV3-INV-0025,Official channel mixed catalog,To7CyMZ_gbo,【スピチャン 2025シーズン】エリア大会切り抜き　西日本大会 準決勝 けん VS りぼん,2026-03-06,https://www.youtube.com/watch?v=To7CyMZ_gbo,UCWzEh28vj3mQKpe0fzVTOUw,パワプロ・プロスピ公式チャンネル,official_channel_flat_playlist_then_per_video_metadata,"[""プロスピ"",""プロ野球スピリッツ"",""プロスピA""]",PROSPI_ONLY_EXCLUDED_FROM_SP033: Prospi-only video excluded from SP-033 PowerPro lane.,false,[],,,,,,false,IN_SCOPE,OK,『プロ野球スピリッツA』をお遊びいただいている方のためのファンイベント「プロスピA ファンフェスタ in 東京」が3月7日(土)に有明GYM-EXにて開催！ メインステージで行われる恒例イベント「みんなでスコアバトル」や、 『プロ野球スピリッツA』の最強プレイヤーを決める最高峰の大会「プロスピA チャンピオンシップ(スピチャン) 2025シーズン」決勝大会の模様を配信します！ 激闘のエリア大会を勝ち抜いた4名のプレイヤーに加え、世界ランク枠・スピリーグランキング1位・スピリーグMVPに昨年優勝者が参戦！！2025シーズンの日本一のプレイヤーは誰だ！熱戦をお見逃しなく！ 2026/03/07 10時15分 配信開始予定 https://www.youtube.com/live/0eb1AgveUOE?si=evhmbxZrE0iQ7yo_ ＜プレイヤー＞ 昨年度優勝枠：とものりお スピリーグMVP枠：ハリー スピリーグランキング枠：やほす 世界ランク枠：あさぼー 東日本大会優勝：がくちゃ 東日本大会準優勝：どらのりお 西日本大会優勝：けん 西日本大会準優勝：るんちゃん 「プロスピA チャンピオンシップ 2025シーズン」の詳細はこちら↓ https://e-baseball.konami.net/pawacha... ＜KONAMI Gamesストア＞ KONAMI Gamesストア,
PPV3-INV-0027,Official channel mixed catalog,OVXI4OtVgU4,【スピチャン 2025シーズン】エリア大会切り抜き　東日本大会 準決勝 どらのりお VS いかぽ,2026-03-05,https://www.youtube.com/watch?v=OVXI4OtVgU4,UCWzEh28vj3mQKpe0fzVTOUw,パワプロ・プロスピ公式チャンネル,official_channel_flat_playlist_then_per_video_metadata,"[""プロスピ"",""プロ野球スピリッツ"",""プロスピA""]",PROSPI_ONLY_EXCLUDED_FROM_SP033: Prospi-only video excluded from SP-033 PowerPro lane.,false,[],,,,,,false,IN_SCOPE,OK,『プロ野球スピリッツA』をお遊びいただいている方のためのファンイベント「プロスピA ファンフェスタ in 東京」が3月7日(土)に有明GYM-EXにて開催！ メインステージで行われる恒例イベント「みんなでスコアバトル」や、 『プロ野球スピリッツA』の最強プレイヤーを決める最高峰の大会「プロスピA チャンピオンシップ(スピチャン) 2025シーズン」決勝大会の模様を配信します！ 激闘のエリア大会を勝ち抜いた4名のプレイヤーに加え、世界ランク枠・スピリーグランキング1位・スピリーグMVPに昨年優勝者が参戦！！2025シーズンの日本一のプレイヤーは誰だ！熱戦をお見逃しなく！ 2026/03/07 10時15分 配信開始予定 https://www.youtube.com/live/0eb1AgveUOE?si=evhmbxZrE0iQ7yo_ ＜プレイヤー＞ 昨年度優勝枠：とものりお スピリーグMVP枠：ハリー スピリーグランキング枠：やほす 世界ランク枠：あさぼー 東日本大会優勝：がくちゃ 東日本大会準優勝：どらのりお 西日本大会優勝：けん 西日本大会準優勝：るんちゃん 「プロスピA チャンピオンシップ 2025シーズン」の詳細はこちら↓ https://e-baseball.konami.net/pawacha... ＜KONAMI Gamesストア＞ KONAMI Gamesストア,
PPV3-INV-0028,Official channel mixed catalog,WwG3ffyx7-Y,『eBaseball™: PRO SPIRIT』ティザートレーラー,2026-03-05,https://www.youtube.com/watch?v=WwG3ffyx7-Y,UCWzEh28vj3mQKpe0fzVTOUw,パワプロ・プロスピ公式チャンネル,official_channel_flat_playlist_then_per_video_metadata,[],NO_POWERPRO_SIGNAL: No PowerPro signal in the fetched title/description.,false,[],,,,,,false,IN_SCOPE,OK,"“かかってこい、世界。” 「eBaseball™: PRO SPIRIT」（PlayStation®5、Steam®）配信中！ 無料で楽しめる本格野球ゲーム。 オンライン対戦で世界中のプレイヤーに挑もう。 ▼公式サイト▼ https://www.konami.com/games/pro-spirit/ ▼公式X▼ https://x.com/pawapuro_pro ※実在選手・球団は搭載されていません ※一部の国・地域では配信されておりません ©2026 Sony Interactive Entertainment Inc.""PlayStation""、""PS5""は株式会社ソニー・インタラクティブエンタテインメントの登録商標または商標です。 ©2026 Valve Corporation. Steam及びSteamロゴは、米国及びまたはその他の国のValve Corporationの商標及びまたは登録商標です。 Unreal® is a trademark or registered trademark of Epic Games, Inc. in the United States of America and elsewhere © Copyright 2009-2026 Techno-Speech, Inc. ""eBaseball""および""eBASEBALL""は、株式会社コナ",
PPV3-INV-0029,Official channel mixed catalog,_9XRH8V_wfg,【スピチャン 2025シーズン】エリア大会切り抜き　西日本大会 準々決勝 ななせぇぇぇ VS るんちゃん,2026-03-04,https://www.youtube.com/watch?v=_9XRH8V_wfg,UCWzEh28vj3mQKpe0fzVTOUw,パワプロ・プロスピ公式チャンネル,official_channel_flat_playlist_then_per_video_metadata,"[""プロスピ"",""プロ野球スピリッツ"",""プロスピA""]",PROSPI_ONLY_EXCLUDED_FROM_SP033: Prospi-only video excluded from SP-033 PowerPro lane.,false,[],,,,,,false,IN_SCOPE,OK,『プロ野球スピリッツA』をお遊びいただいている方のためのファンイベント「プロスピA ファンフェスタ in 東京」が3月7日(土)に有明GYM-EXにて開催！ メインステージで行われる恒例イベント「みんなでスコアバトル」や、 『プロ野球スピリッツA』の最強プレイヤーを決める最高峰の大会「プロスピA チャンピオンシップ(スピチャン) 2025シーズン」決勝大会の模様を配信します！ 激闘のエリア大会を勝ち抜いた4名のプレイヤーに加え、世界ランク枠・スピリーグランキング1位・スピリーグMVPに昨年優勝者が参戦！！2025シーズンの日本一のプレイヤーは誰だ！熱戦をお見逃しなく！ 2026/03/07 10時15分 配信開始予定 https://www.youtube.com/live/0eb1AgveUOE?si=evhmbxZrE0iQ7yo_ ＜プレイヤー＞ 昨年度優勝枠：とものりお スピリーグMVP枠：ハリー スピリーグランキング枠：やほす 世界ランク枠：あさぼー 東日本大会優勝：がくちゃ 東日本大会準優勝：どらのりお 西日本大会優勝：けん 西日本大会準優勝：るんちゃん 「プロスピA チャンピオンシップ 2025シーズン」の詳細はこちら↓ https://e-baseball.konami.net/pawacha... ＜KONAMI Gamesストア＞ KONAMI Gamesストア,
PPV3-INV-0030,Official channel mixed catalog,gVZ14uXHFA8,【スピチャン 2025シーズン】エリア大会切り抜き　東日本大会 準々決勝 がくちゃ VS ぬこつ,2026-03-04,https://www.youtube.com/watch?v=gVZ14uXHFA8,UCWzEh28vj3mQKpe0fzVTOUw,パワプロ・プロスピ公式チャンネル,official_channel_flat_playlist_then_per_video_metadata,"[""プロスピ"",""プロ野球スピリッツ"",""プロスピA""]",PROSPI_ONLY_EXCLUDED_FROM_SP033: Prospi-only video excluded from SP-033 PowerPro lane.,false,[],,,,,,false,IN_SCOPE,OK,『プロ野球スピリッツA』をお遊びいただいている方のためのファンイベント「プロスピA ファンフェスタ in 東京」が3月7日(土)に有明GYM-EXにて開催！ メインステージで行われる恒例イベント「みんなでスコアバトル」や、 『プロ野球スピリッツA』の最強プレイヤーを決める最高峰の大会「プロスピA チャンピオンシップ(スピチャン) 2025シーズン」決勝大会の模様を配信します！ 激闘のエリア大会を勝ち抜いた4名のプレイヤーに加え、世界ランク枠・スピリーグランキング1位・スピリーグMVPに昨年優勝者が参戦！！2025シーズンの日本一のプレイヤーは誰だ！熱戦をお見逃しなく！ 2026/03/07 10時15分 配信開始予定 https://www.youtube.com/live/0eb1AgveUOE?si=evhmbxZrE0iQ7yo_ ＜プレイヤー＞ 昨年度優勝枠：とものりお スピリーグMVP枠：ハリー スピリーグランキング枠：やほす 世界ランク枠：あさぼー 東日本大会優勝：がくちゃ 東日本大会準優勝：どらのりお 西日本大会優勝：けん 西日本大会準優勝：るんちゃん 「プロスピA チャンピオンシップ 2025シーズン」の詳細はこちら↓ https://e-baseball.konami.net/pawacha... ＜KONAMI Gamesストア＞ KONAMI Gamesストア,
PPV3-INV-0031,Official channel mixed catalog,7o_Zcxfm52M,開催直前！世界のスーパースターの競演！2026 World Baseball Classic™を語ろうSP ～前編～【MLB PRO SPIRIT】,2026-03-03,https://www.youtube.com/watch?v=7o_Zcxfm52M,UCWzEh28vj3mQKpe0fzVTOUw,パワプロ・プロスピ公式チャンネル,official_channel_flat_playlist_then_per_video_metadata,[],NO_POWERPRO_SIGNAL: No PowerPro signal in the fetched title/description.,false,[],,,,,,false,IN_SCOPE,OK,#メジャスピ #大谷翔平 #mlb MLBが大好きな豪華ゲストとお届けするスペシャル番組。 「日本代表って連覇できる？」「歴代ベストナイン討論」など、2026 World Baseball Classic™について語ります！ この番組を見て、2026 World Baseball Classic™をより一層楽しみましょう！ 番組内ではメジャスピ情報も一部紹介しておりますので、 ぜひご覧ください！ ※1月下旬に収録しています。 ▼MLB PRO SPIRIT ダウンロードはこちら▼ https://konami.go.link/acP44 ▼MLB PRO SPIRIT 公式Xはこちら▼ https://x.com/MLBPS_JP ▼ダイヤを買うならKONAMI Gamesストア▼ https://pawaspi-point.konami.net/general/mlb_games_store 美術協力：Fanatics Japan ▼2026 World Baseball Classic™公式オンラインストア▼ https://www.fanatics.jp/ja/o-37 ■出演者(敬称略) #福田太郎 #山本萩子 #齋藤隆 #マック鈴木 #杉谷拳士 #牧野真莉愛（モーニング娘。’26） #大水洋介（ラバーガール） #村田洋輔 Major League Baseball tra,
PPV3-INV-0039,Official channel mixed catalog,1DDilMy_9zA,【KONAMI Gamesストア】エナジーやパワストーンなどがお得に買える！KONAMI Gamesストアのご紹介,2025-12-22,https://www.youtube.com/watch?v=1DDilMy_9zA,UCWzEh28vj3mQKpe0fzVTOUw,パワプロ・プロスピ公式チャンネル,official_channel_flat_playlist_then_per_video_metadata,[],NO_POWERPRO_SIGNAL: No PowerPro signal in the fetched title/description.,false,[],,,,,,false,IN_SCOPE,OK,「KONAMI Gamesストア」は、KONAMI公式のWEBサイトで、お得にゲーム内アイテムが購入できるサービスです。 https://store.konami.net/?utm_source=youtube&utm_medium=social&utm_content=how_to_store&utm_campaign=web_store_top 「KONAMI Gamesストア」の利用にはパワスピ・ポイントクラブの登録が必要です。 https://pawaspi-point.konami.net/ 「パワスピ・ゴールド」はこちら https://pawaspi-gold.konami.net/?utm_source=youtube&utm_medium=social&utm_content=intromovie&utm_campaign=web_pawaspig,
PPV3-INV-0041,Official channel mixed catalog,wCbxuVhK56A,ダルビッシュが選ぶOB選手12名！2025OBセレクションSPダルビッシュセレクション選手発表【プロスピA】,2025-10-22,https://www.youtube.com/watch?v=wCbxuVhK56A,UCWzEh28vj3mQKpe0fzVTOUw,パワプロ・プロスピ公式チャンネル,official_channel_flat_playlist_then_per_video_metadata,"[""プロスピ"",""プロスピA"",""OB""]",PROSPI_ONLY_EXCLUDED_FROM_SP033: Prospi-only video excluded from SP-033 PowerPro lane.,false,[],,,,,,false,IN_SCOPE,OK,2025OBセレクションSP ダルビッシュセレクションの選手を発表！ 世界で活躍するダルビッシュ選手が選ぶ珠玉の12選手が登場するダルビッシュセレクション。 ダルビッシュ選手が1番憧れると語ったあの選手や駆け引き必須のあのバッターなど選手発表と選出理由をダルビッシュ選手ご自身に語っていただきます。 2025年のダルビッシュセレクションでは一体どんな選手が選ばれるのか、詳細は動画をチェック！ ▼プロスピAダウンロードはこちら https://app.adjust.com/1qtdbfne ▼プロスピA公式X https://x.com/prospiA_PR ▼プロスピA公式サイト https://www.konami.com/games/prospi_a/ 一般社団法人日本野球機構承認 ©Konami Digital Entertainment,
PPV3-INV-0042,Official channel mixed catalog,-1gkOWAxI1c,10周年を振り返ろう！ダルビッシュと作るプロスピA年表【プロスピA】,2025-10-20,https://www.youtube.com/watch?v=-1gkOWAxI1c,UCWzEh28vj3mQKpe0fzVTOUw,パワプロ・プロスピ公式チャンネル,official_channel_flat_playlist_then_per_video_metadata,"[""プロスピ"",""プロスピA""]",PROSPI_ONLY_EXCLUDED_FROM_SP033: Prospi-only video excluded from SP-033 PowerPro lane.,false,[],,,,,,false,IN_SCOPE,OK,プロスピAの10年間の年表をダルビッシュ選手と作ろう！ 2015年リリース当初から2025年に至るまで、プロスピAの10年間の歴史をダルビッシュ選手・〓V.I.P〓さん・CLAYさんと一緒に振り返ります。 ▼出演者 ダルビッシュ有選手 〓V.I.P〓 CLAY ▼プロスピAダウンロードはこちら https://app.adjust.com/1qtdbfne ▼プロスピA公式X https://x.com/prospiA_PR ▼プロスピA公式サイト https://www.konami.com/games/prospi_a/ 一般社団法人日本野球機構承認 ©Konami Digital Entertainment,
PPV3-INV-0044,Official channel mixed catalog,YTqml_AWv6M,プロスピセレクション第1弾、第2弾選手発表！ プロスピAニュース 第1回【プロ野球スピリッツA】,2025-07-24,https://www.youtube.com/watch?v=YTqml_AWv6M,UCWzEh28vj3mQKpe0fzVTOUw,パワプロ・プロスピ公式チャンネル,official_channel_flat_playlist_then_per_video_metadata,"[""プロスピ"",""プロ野球スピリッツ"",""プロスピA"",""プロスピセレクション""]",PROSPI_ONLY_EXCLUDED_FROM_SP033: Prospi-only video excluded from SP-033 PowerPro lane.,false,[],,,,,,false,IN_SCOPE,OK,プロスピAの最新情報を約10分でお届けする新番組「プロスピAニュース」略して「スピニュース」の第1回を配信！ 第1回配信では、プロスピセレクション第1弾、第2弾の登場選手を発表！ シーズン前半で活躍した選手たちの中から一体だれが選ばれるのか。 スピニュース 配信記念キャンペーンも実施中！ キャンペーンに参加して5エナジーをGETしよう！ ※ゲーム内お知らせから動画にアクセスする必要があります。 ※詳細はゲーム内お知らせをご確認ください。 ▼プロスピAダウンロードはこちら https://app.adjust.com/1qtdbfne ▼プロスピA公式X https://x.com/prospiA_PR ▼プロスピA公式サイト https://www.konami.com/games/prospi_a/ 一般社団法人日本野球機構承認 ©Konami Digital Entertainment,
PPV3-INV-0046,Official channel mixed catalog,UAKDuAY6JUM,【ダルビッシュセレクション】ダルビッシュ選手が語る現役MLB選手12名！【MLB PRO SPIRIT】,2025-06-24,https://www.youtube.com/watch?v=UAKDuAY6JUM,UCWzEh28vj3mQKpe0fzVTOUw,パワプロ・プロスピ公式チャンネル,official_channel_flat_playlist_then_per_video_metadata,[],NO_POWERPRO_SIGNAL: No PowerPro signal in the fetched title/description.,false,[],,,,,,false,IN_SCOPE,OK,今回は ダルビッシュ有 選手により12名の現役MLB選手を選んでいただきました。 選出理由となった過去の対戦エピソードや投手視点で語られる各選手の注目ポイントは聞きごたえ十分！ またインタビューでは普段知ることができない選手たちの素顔も…？ 情報公開特番の枠に収まらない、ファン必見のインタビュー動画になっております。 ◤￣￣￣￣￣￣￣￣￣￣￣￣￣￣￣￣￣￣￣￣ eBaseball™: MLB PRO SPIRIT 新スカウト『 #ダルビッシュ セレクション』 6/25（水）メンテナンス後～ 登場！ ＿＿＿＿＿＿＿＿＿＿＿＿＿＿＿＿＿＿＿＿◢ ▼MLB PRO SPIRIT ダウンロードはこちら▼ https://app.adjust.com/1l9ixehz ▼MLB PRO SPIRIT 公式Xはこちら▼ https://x.com/MLBPS_JP ▼ダイヤがお得に買える！KONAMI Gamesストアはこちら▼ https://pawaspi-point.konami.net/general/mlb_games_store Major League Baseball trademarks and copyrights are used with permission of Major League Baseball. Visit MLB.com. Officially Lic,
PPV3-INV-0047,Official channel mixed catalog,XrQVPTPs_F8,メジャスピ　KONAMI Gamesストアの利用方法,2025-06-13,https://www.youtube.com/watch?v=XrQVPTPs_F8,UCWzEh28vj3mQKpe0fzVTOUw,パワプロ・プロスピ公式チャンネル,official_channel_flat_playlist_then_per_video_metadata,[],NO_POWERPRO_SIGNAL: No PowerPro signal in the fetched title/description.,false,[],,,,,,false,IN_SCOPE,OK,「KONAMI Gamesストア」は、KONAMI公式のWEBサイトで、お得にゲーム内アイテムが購入できるサービスです。 https://store.konami.net/?utm_source=youtube&utm_medium=social&utm_content=how_to_store&utm_campaign=web_store_top 「KONAMI Gamesストア」の利用にはパワスピ・ポイントクラブの登録が必要です。 https://pawaspi-point.konami.net/ 「パワスピ・ゴールド」はこちら https://pawaspi-gold.konami.net/?utm_source=youtube&utm_medium=social&utm_content=intromovie&utm_campaign=web_pawaspig,
PPV3-INV-0048,Official channel mixed catalog,1VjtE7UuJFU,松井秀喜が打席で唯一意識させられたキャッチャーとは！？2025OB松井秀喜セレクション選手発表 セ・リーグ編【プロスピA】,2025-06-12,https://www.youtube.com/watch?v=1VjtE7UuJFU,UCWzEh28vj3mQKpe0fzVTOUw,パワプロ・プロスピ公式チャンネル,official_channel_flat_playlist_then_per_video_metadata,"[""プロスピ"",""プロスピA"",""OB""]",PROSPI_ONLY_EXCLUDED_FROM_SP033: Prospi-only video excluded from SP-033 PowerPro lane.,false,[],,,,,,false,IN_SCOPE,OK,松井秀喜さんが12球団から1人ずつ選んだ選手が登場する2025 OB 松井秀喜セレクションの開催が決定！ 2025年6月13日(金)からゲーム内に登場します。 セレクション登場選手発表動画第2弾、セ・リーグ編を公開！ 松井秀喜さんが打席に入るとき、唯一意識したというキャッチャーは一体誰か・・・！ 詳細は動画をチェックしてください！ ▼プロスピAダウンロードはこちら https://app.adjust.com/1pnv0xs9 ▼プロスピA公式X https://x.com/prospiA_PR ▼プロスピA公式サイト https://www.konami.com/games/prospi_a/ 一般社団法人日本野球機構承認 ©Konami Digital Entertainment,
PPV3-INV-0049,Official channel mixed catalog,-VNj79TGAyE,イチローが唯一とんでもない空振りをした投手とは！？2025OB松井秀喜セレクション選手発表 パ・リーグ編【プロスピA】,2025-06-11,https://www.youtube.com/watch?v=-VNj79TGAyE,UCWzEh28vj3mQKpe0fzVTOUw,パワプロ・プロスピ公式チャンネル,official_channel_flat_playlist_then_per_video_metadata,"[""プロスピ"",""プロスピA"",""OB""]",PROSPI_ONLY_EXCLUDED_FROM_SP033: Prospi-only video excluded from SP-033 PowerPro lane.,false,[],,,,,,false,IN_SCOPE,OK,松井秀喜さんが12球団から1人ずつ選んだ選手が登場する2025 OB 松井秀喜セレクションの開催が決定！ 2025年6月13日(金)からゲーム内に登場します。 セレクションの開催を記念して、松井秀喜さんがセレクションに登場するパ・リーグの選手たちの発表と思い出を語るスペシャル動画を公開！ イチローさんが唯一とんでもない空振りをした〇〇選手など、、、 一体だれが選ばれたのか詳細はぜひ本編をチェック！ セ・リーグ編は6月12日(木) 21:00からプレミア公開予定！ ▼プロスピAダウンロードはこちら https://app.adjust.com/1p8g0qtu ▼プロスピA公式X https://x.com/prospiA_PR ▼プロスピA公式サイト https://www.konami.com/games/prospi_a/ 一般社団法人日本野球機構承認 ©Konami Digital Entertainment,
PPV3-INV-0051,Official channel mixed catalog,gn972-2UigM,イチローが新特殊能力でプロスピAに登場！ 松井秀喜は当時イチローをどう思っていた？特別対談 vol.2 【プロ野球スピリッツA】,2025-05-15,https://www.youtube.com/watch?v=gn972-2UigM,UCWzEh28vj3mQKpe0fzVTOUw,パワプロ・プロスピ公式チャンネル,official_channel_flat_playlist_then_per_video_metadata,"[""プロスピ"",""プロ野球スピリッツ"",""プロスピA"",""能力""]",PROSPI_ONLY_EXCLUDED_FROM_SP033: Prospi-only video excluded from SP-033 PowerPro lane.,false,[],,,,,,false,IN_SCOPE,OK,日米通算4367安打を記録したイチロー選手が、2025年5月16日(金)から新特殊能力で登場します。 「新・イチロー」の登場を記念して、「イチロー×松井秀喜 特別対談」の第2弾動画を公開！ 「変化球を待って、真っ直ぐを対応する」スタイルのイチロー選手。 松井秀喜さんはイチロー選手を「特殊能力だらけ」「全てに特化している」と評する。 その真意とは！？ さらに新・イチロー選手が持つ新特殊能力の詳細も動画内で紹介！ ぜひ本編をご覧ください！ ▼プロスピAダウンロードはこちら https://app.adjust.com/1ohnnqkr ▼ゲーム内の最新情報をお届け！プロスピA公式Xはこちら https://x.com/prospiA_PR,
PPV3-INV-0052,Official channel mixed catalog,ri3d7AGW0P8,【大谷セレクション】大谷選手が選ぶ6人のMLB選手！その選出理由とは？【MLB PRO SPIRIT】,2025-03-30,https://www.youtube.com/watch?v=ri3d7AGW0P8,UCWzEh28vj3mQKpe0fzVTOUw,パワプロ・プロスピ公式チャンネル,official_channel_flat_playlist_then_per_video_metadata,[],NO_POWERPRO_SIGNAL: No PowerPro signal in the fetched title/description.,false,[],,,,,,false,IN_SCOPE,OK,"新スカウト「大谷セレクション」情報公開！ 大谷翔平選手が、打者および投手として対戦し 強烈な印象を持った選手や、尊敬するチームメイトなど6名のMLB選手を選出いただきました。 果たして大谷選手が選んだ6名とは…？ ◤￣￣￣￣￣￣￣￣￣￣￣￣￣￣￣￣￣￣￣ #大谷翔平 新スカウト「大谷セレクション」 4月2日（水）メンテナンス後から登場！！ ＿＿＿＿＿＿＿＿＿＿＿＿＿＿＿＿＿＿＿＿◢ ▼MLB PRO SPIRIT ダウンロードはこちら▼ https://app.adjust.com/1l9ixehz ▼MLB PRO SPIRIT 公式Xはこちら▼ https://x.com/MLBPS_JP Major League Baseball trademarks and copyrights are used with permission of Major League Baseball. Visit MLB.com. Officially Licensed Product of MLB Players, Inc. MLBPA trademarks, copyrighted works and other intellectual property rights are owned and/or held by MLBPA and may not be used without th",
PPV3-INV-0053,Official channel mixed catalog,18tbwwPM91A,新・松井秀喜登場記念！ 松井秀喜×イチロー特別対談【プロ野球スピリッツA】,2025-03-28,https://www.youtube.com/watch?v=18tbwwPM91A,UCWzEh28vj3mQKpe0fzVTOUw,パワプロ・プロスピ公式チャンネル,official_channel_flat_playlist_then_per_video_metadata,"[""プロスピ"",""プロ野球スピリッツ"",""プロスピA"",""能力""]",PROSPI_ONLY_EXCLUDED_FROM_SP033: Prospi-only video excluded from SP-033 PowerPro lane.,false,[],,,,,,false,IN_SCOPE,OK,日本とアメリカで活躍した松井秀喜選手が、2025年4月1日(火)から新特殊能力で登場します。 「新・松井秀喜」の登場を記念して、「松井秀喜×イチロー特別対談」動画を公開！ イチローさんから見た松井秀喜選手の印象は、まさに天才！？ なぜイチローさんが松井秀喜選手を天才と評したのか、、、 さらに 新・松井秀喜選手が持つ新特殊能力の詳細も動画内で紹介！ ぜひ本編をご覧ください！ ▼プロスピAダウンロードはこちらから https://app.adjust.com/1me4946o ▼ゲーム内の最新情報をお届け！プロスピA公式Xはこちら https://x.com/prospiA_PR,
PPV3-INV-0054,Official channel mixed catalog,av7vqGoVtcY,プロ野球スピリッツA PV 2025年度版,2025-03-25,https://www.youtube.com/watch?v=av7vqGoVtcY,UCWzEh28vj3mQKpe0fzVTOUw,パワプロ・プロスピ公式チャンネル,official_channel_flat_playlist_then_per_video_metadata,"[""プロスピ"",""プロ野球スピリッツ"",""プロスピA""]",PROSPI_ONLY_EXCLUDED_FROM_SP033: Prospi-only video excluded from SP-033 PowerPro lane.,false,[],,,,,,false,IN_SCOPE,OK,「3Dスキャン」技術を採用し、リアルな選手の見た目やフォームをゲーム内で実現。 スマホとは思えない美麗なグラフィックと、スマホならではの手軽な操作で野球アクションを楽しむことができる本格プロ野球ゲームアプリ。 実在のプロ野球選手を収集・育成して最強のチームを作り上げよう！ そして、リアルタイム対戦の機能も搭載。友だちと一緒にプロスピAを楽しもう！ プロスピA公式X / prospia_pr​​ プロスピA公式Instagram / prospi_a_official プロスピA公式サイト https://www.konami.com/games/prospi_a/​​ ダウンロードはこちら https://app.adjust.com/na48l57,
PPV3-INV-0055,Official channel mixed catalog,QhWN-z3HsW8,【大谷選手インタビュー】2025シーズンの目標・開幕戦への意気込み【MLB PRO SPIRIT】,2025-03-13,https://www.youtube.com/watch?v=QhWN-z3HsW8,UCWzEh28vj3mQKpe0fzVTOUw,パワプロ・プロスピ公式チャンネル,official_channel_flat_playlist_then_per_video_metadata,"[""アップデート""]",NO_POWERPRO_SIGNAL: No PowerPro signal in the fetched title/description.,false,[],,,,,,false,IN_SCOPE,OK,◤￣￣￣￣￣￣￣￣￣￣￣￣￣￣￣￣￣￣￣ 『eBaseball™: MLB PRO SPIRIT』 3月26日（水）メンテナンス後から 2025シーズンアップデート実施！ ＿＿＿＿＿＿＿＿＿＿＿＿＿＿＿＿＿＿＿＿◢ 2025シーズンアップデート記念企画として、カバーアスリート #大谷翔平 選手に 来たる2025シーズンや東京での開幕戦への意気込みを語っていただきました。 ぜひご覧ください！ ゲーム内では現在、好きなチームの選手が手に入る「開幕直前無料10連」（3月26日(水) 9:29まで）や、ログインするだけでグレードⅢの「カバーアスリート：大谷 翔平（DH）」が手に入る「TOKYO SERIES記念プレゼント」（3月26日(水) 9:29まで）など、様々なキャンペーンを開催中！ ログインしてゲーム内でチェックしてみてください。 ▼MLB PRO SPIRIT ダウンロードはこちら▼ https://app.adjust.com/1l9ixehz ▼MLB PRO SPIRIT 公式Xはこちら▼ https://x.com/MLBPS_JP Major League Baseball trademarks and copyrights are used with permission of Major League Baseball. Visit MLB.com. Officia,
PPV3-INV-0057,Official channel mixed catalog,byYb68k8Gb0,【イチロー×松井秀喜】MLB日本人OB選手ドラフト企画！自分のチームに入れたい選手は？【MLB PRO SPIRIT】,2025-03-11,https://www.youtube.com/watch?v=byYb68k8Gb0,UCWzEh28vj3mQKpe0fzVTOUw,パワプロ・プロスピ公式チャンネル,official_channel_flat_playlist_then_per_video_metadata,"[""能力"",""OB""]",NO_POWERPRO_SIGNAL: No PowerPro signal in the fetched title/description.,false,[],,,,,,false,IN_SCOPE,OK,"新スカウト「JAPAN LEGENDS」情報公開！ 今回はイチローさん、松井さんのお二人に ドラフト形式でスカウトに登場する選手から3人ずつ指名していただきました。 選出理由として挙げられたエピソードの数々は必聴です！ 番組後半ではイチローさん、松井さんのビジュアルや選手能力値を先行公開！ 果たしてお二人の反応は…？ ◤￣￣￣￣￣￣￣￣￣￣￣￣￣￣￣￣￣￣￣ #イチロー × #松井秀喜 新スカウト「JAPAN LEGENDS」 3月12日（水）メンテナンス後から登場！！ ＿＿＿＿＿＿＿＿＿＿＿＿＿＿＿＿＿＿＿＿◢ ▼MLB PRO SPIRIT ダウンロードはこちら▼ https://app.adjust.com/1l9ixehz ▼MLB PRO SPIRIT 公式Xはこちら▼ https://x.com/MLBPS_JP Major League Baseball trademarks and copyrights are used with permission of Major League Baseball. Visit MLB.com. Officially Licensed Product of MLB Players, Inc. MLBPA trademarks, copyrighted works and other intellectual property r",
PPV3-INV-0058,Official channel mixed catalog,wJsYVS1chG4,最終回 メジャスピ 初LEGENDスカウト第1弾 Vol.3 登場！【MLB PRO SPIRIT】,2025-01-06,https://www.youtube.com/watch?v=wJsYVS1chG4,UCWzEh28vj3mQKpe0fzVTOUw,パワプロ・プロスピ公式チャンネル,official_channel_flat_playlist_then_per_video_metadata,[],NO_POWERPRO_SIGNAL: No PowerPro signal in the fetched title/description.,false,[],,,,,,false,IN_SCOPE,OK,「最終回 LEGENDスカウトを味わいつくせ！」公開！ 新スカウト「LEGEND第1弾 Vol.3」にて中地区より登場する伝説級の10人の選手を紹介！ また各選手の「ここがスゴイ！」解説や、リアルタイム対戦体験など 見ごたえ十分の特番となっております。 最終回ですのでぜひご覧ください！ ◤￣￣￣￣￣￣￣￣￣￣￣￣￣￣￣￣￣￣￣ LEGEND第1弾 Vol.3 2025年1月8日（水）メンテナンス後から登場！！ ＿＿＿＿＿＿＿＿＿＿＿＿＿＿＿＿＿＿＿＿◢ ■出演者(敬称略) #五十嵐亮太 #VIP #CLAY #槇嶋範彦 ▼MLB PRO SPIRIT ダウンロードはこちら▼ https://app.adjust.com/1jsr89ts ▼MLB PRO SPIRIT 公式Xはこちら▼ https://x.com/MLBPS_JP ▼ダイヤなどのアイテムがお得に買えるKONAMI Gamesストアはこちら▼ https://pawaspi-point.konami.net/general/mlb_games_store Major League Baseball trademarks and copyrights are used with permission of Major League Baseball. Visit MLB.com. Officially Licensed,
PPV3-INV-0059,Official channel mixed catalog,FKhiOrSd4Ws,メジャスピ 初LEGENDスカウト第1弾 Vol.2 登場！【MLB PRO SPIRIT】,2024-12-30,https://www.youtube.com/watch?v=FKhiOrSd4Ws,UCWzEh28vj3mQKpe0fzVTOUw,パワプロ・プロスピ公式チャンネル,official_channel_flat_playlist_then_per_video_metadata,[],NO_POWERPRO_SIGNAL: No PowerPro signal in the fetched title/description.,false,[],,,,,,false,IN_SCOPE,OK,「第2回 LEGENDスカウトを味わいつくせ！」公開！ 新スカウト「LEGEND第1弾 Vol.2」にて東地区より登場する伝説級の10人の選手を紹介！ また各選手の「ここがスゴイ！」解説や、リアルタイム対戦体験など 見ごたえ十分の特番となっております。 ぜひご覧ください！ ◤￣￣￣￣￣￣￣￣￣￣￣￣￣￣￣￣ LEGEND第1弾 Vol.2 2025年1月1日（水）から登場！！ ＿＿＿＿＿＿＿＿＿＿＿＿＿＿＿＿◢ ■出演者(敬称略) #五十嵐亮太 #VIP #CLAY #槇嶋範彦 ▼MLB PRO SPIRIT ダウンロードはこちら▼ https://app.adjust.com/1jsr89ts ▼MLB PRO SPIRIT 公式Xはこちら▼ https://x.com/MLBPS_JP ▼ダイヤなどのアイテムがお得に買えるKONAMI Gamesストアはこちら▼ https://pawaspi-point.konami.net/general/mlb_games_store Major League Baseball trademarks and copyrights are used with permission of Major League Baseball. Visit MLB.com. Officially Licensed Product of MLB Playe,
PPV3-INV-0060,Official channel mixed catalog,-t3uaS6tKok,【プロ野球スピリッツA】古田・里崎セレクション 能力値発表編,2024-12-26,https://www.youtube.com/watch?v=-t3uaS6tKok,UCWzEh28vj3mQKpe0fzVTOUw,パワプロ・プロスピ公式チャンネル,official_channel_flat_playlist_then_per_video_metadata,"[""プロスピ"",""プロ野球スピリッツ"",""プロスピA"",""能力"",""OB""]",PROSPI_ONLY_EXCLUDED_FROM_SP033: Prospi-only video excluded from SP-033 PowerPro lane.,false,[],,,,,,true,IN_SCOPE,OK,「セ・リーグ編」、「パ・リーグ編」にて 古田さん、里崎さんの選んだ12選手の能力値が遂に公開！！ お二人が語った当時の活躍やエピソードを一部反映した選手たちは一体どんな能力値になったのか・・・。 プロスピA初登場清原和博選手の能力値にも注目！！ 古田・里崎セレクションは12月27日(金)15:00から開催決定！ 詳しくは動画をチェック！ ■出演者（敬称略） #古田敦也 #里崎智也 #VIP #清水久嗣 ▼プロスピA ダウンロードはこちら https://app.adjust.com/19wljzb4 ▼プロスピA 公式Xはこちら https://x.com/prospiA_PR ▼エナジーがお得に買えるコナミの公式WEBストア https://pawaspi-point.konami.net/gene... 一般社団法人日本野球機構承認 Konami Digital Entertainment/WBCI ⓒ2024 SAMURAI JAPAN ©世界野球ソフトボール連盟 日本プロ野球名球会公認 日本プロ野球OBクラブ公認 日本プロ野球外国人OB選手会公認 プロ野球フランチャイズ球場公認 ゲーム内に再現された球場内看板は、原則として2023年度プロ野球公式戦のデータを基に制作しています。 データは、Japan Baseball Data(株)が独自に収集したものであり、公式記録とは異,
PPV3-INV-0061,Official channel mixed catalog,t-0dgSQckqQ,【プロ野球スピリッツA】古田・里崎セレクション 登場選手発表 パ・リーグ編,2024-12-25,https://www.youtube.com/watch?v=t-0dgSQckqQ,UCWzEh28vj3mQKpe0fzVTOUw,パワプロ・プロスピ公式チャンネル,official_channel_flat_playlist_then_per_video_metadata,"[""プロスピ"",""プロ野球スピリッツ"",""プロスピA"",""能力"",""OB""]",PROSPI_ONLY_EXCLUDED_FROM_SP033: Prospi-only video excluded from SP-033 PowerPro lane.,false,[],,,,,,false,IN_SCOPE,OK,「古田×里崎セレクション登場選手発表 パ・リーグ編」公開！ ついに待望の企画が実現！ レジェンドキャッチャーの2人が選ぶOB選手とは！？ 今回はパ・リーグ編！ パ・リーグにて捕手として大活躍された里崎さんが選ぶ6人の選手を遂に発表！！ 当時のエピソードも盛りだくさん！！ 遂にあの選手が登場？！ #プロスピA 初登場の瞬間を絶対に見逃すな！ 12月26日(木) にはセレクション12人の選手能力を公開する 【プロ野球スピリッツA】古田・里崎セレクション 能力値発表編を公開予定です！ こちらもお見逃しなく！ ■出演者(敬称略) #古田敦也 #里崎智也 #槇嶋範彦 ▼プロスピA ダウンロードはこちら https://app.adjust.com/19wljzb4 ▼プロスピA 公式Xはこちら https://x.com/prospiA_PR ▼エナジーがお得に買えるコナミの公式WEBストア https://pawaspi-point.konami.net/gene... 一般社団法人日本野球機構承認 Konami Digital Entertainment/WBCI ⓒ2024 SAMURAI JAPAN ©世界野球ソフトボール連盟 日本プロ野球名球会公認 日本プロ野球OBクラブ公認 日本プロ野球外国人OB選手会公認 プロ野球フランチャイズ球場公認 ゲーム内に再現された球場内看板は、原則と,
PPV3-INV-0062,Official channel mixed catalog,ZXlGM3LIxOc,【プロ野球スピリッツA】古田・里崎セレクション 登場選手発表 セ・リーグ編,2024-12-24,https://www.youtube.com/watch?v=ZXlGM3LIxOc,UCWzEh28vj3mQKpe0fzVTOUw,パワプロ・プロスピ公式チャンネル,official_channel_flat_playlist_then_per_video_metadata,"[""プロスピ"",""プロ野球スピリッツ"",""プロスピA"",""能力"",""OB""]",PROSPI_ONLY_EXCLUDED_FROM_SP033: Prospi-only video excluded from SP-033 PowerPro lane.,false,[],,,,,,false,IN_SCOPE,OK,古田さん、里崎さんが選ぶOBが登場する「古田×里崎セレクション」の開催が決定！ 「古田×里崎セレクション」は今までのセレクションとは一味違い古田さん、里崎さんお二人から見た登場選手たちの活躍やエピソード、思い出などが一部の選手の能力値に反映！ 球界を代表するレジェンドキャッチャーのお二人が選ぶ珠玉の12選手。 セ・リーグ編選手発表動画を公開しました！ 一体どんな選手が選ばれ、そしてなにが語られるのか・・・ ■出演者（敬称略） #古田敦也 #里崎智也 #槇嶋範彦 気になるパ・リーグ編は25日(水)19時発表！ お楽しみに！ ▼プロスピA ダウンロードはこちら https://app.adjust.com/19wljzb4 ▼プロスピA 公式Xはこちら https://x.com/prospiA_PR ▼エナジーがお得に買えるコナミの公式WEBストア https://pawaspi-point.konami.net/gene... 一般社団法人日本野球機構承認 Konami Digital Entertainment/WBCI ⓒ2024 SAMURAI JAPAN ©世界野球ソフトボール連盟 日本プロ野球名球会公認 日本プロ野球OBクラブ公認 日本プロ野球外国人OB選手会公認 プロ野球フランチャイズ球場公認 ゲーム内に再現された球場内看板は、原則として2023年度プロ野球公式戦のデー,
PPV3-INV-0063,Official channel mixed catalog,RdgKtbTQcJA,【能力値先行公開！】メジャスピ 初LEGENDスカウト第1弾 Vol.1 登場！【MLB PRO SPIRIT】,2024-12-23,https://www.youtube.com/watch?v=RdgKtbTQcJA,UCWzEh28vj3mQKpe0fzVTOUw,パワプロ・プロスピ公式チャンネル,official_channel_flat_playlist_then_per_video_metadata,"[""能力""]",NO_POWERPRO_SIGNAL: No PowerPro signal in the fetched title/description.,false,[],,,,,,false,IN_SCOPE,OK,「第1回 LEGENDスカウトを味わいつくせ！」公開！ メジャスピ初のLEGENDスカウト実施決定！！ 新スカウト「LEGEND第1弾 Vol.1」にて西地区より登場する伝説級の10人の選手を一挙公開！ さらにその中から6人の能力値を公開いたします！ 一体どんな選手がどのような能力で登場するのか？！ また各選手の「ここがスゴイ！」解説や、リアルタイム対戦での先行体験など 見ごたえ十分の特番となっております。 ぜひご覧ください！ ◤￣￣￣￣￣￣￣￣￣￣￣￣￣￣￣￣￣￣￣ LEGEND第1弾 Vol.1 12月25日（水）メンテナンス後から登場！！ ＿＿＿＿＿＿＿＿＿＿＿＿＿＿＿＿＿＿＿＿◢ ■出演者(敬称略) #五十嵐亮太 #VIP #CLAY #槇嶋範彦 ▼MLB PRO SPIRIT ダウンロードはこちら▼ https://app.adjust.com/1jsr89ts ▼MLB PRO SPIRIT 公式Xはこちら▼ https://x.com/MLBPS_JP ▼ダイヤなどのアイテムがお得に買えるKONAMI Gamesストアはこちら▼ https://pawaspi-point.konami.net/general/mlb_games_store Major League Baseball trademarks and copyrights are used with pe,
PPV3-INV-0065,Official channel mixed catalog,ZlhjLHzUt0A,大谷翔平選手 登場記念『プロ野球スピリッツA』CMメイキング＆インタビュー,2024-10-21,https://www.youtube.com/watch?v=ZlhjLHzUt0A,UCWzEh28vj3mQKpe0fzVTOUw,パワプロ・プロスピ公式チャンネル,official_channel_flat_playlist_then_per_video_metadata,"[""プロスピ"",""プロ野球スピリッツ"",""プロスピA"",""能力"",""OB""]",PROSPI_ONLY_EXCLUDED_FROM_SP033: Prospi-only video excluded from SP-033 PowerPro lane.,false,[],,,,,,false,IN_SCOPE,OK,KONAMI野球ゲームアンバサダー＃大谷翔平 選手が＃プロ野球スピリッツA に登場！ 「2023 WORLD BASEBALL CLASSIC™ 」当時を振り返る貴重なインタビューや、TVCM撮影時に監督に演技指導を受ける姿を記録した貴重なメイキング映像を公開。 「パワーはSでいいんじゃないですか」と自信の能力値について語る＃大谷翔平 選手は必見です！ ▼新CM 野球が日本を元気にする編はこちら https://youtu.be/Oh4JGCYUfD4 ▼新CM 頂点へ編はこちら https://youtu.be/FymIQ2WjaGw ▼プロスピA ダウンロードはこちら https://app.adjust.com/1hr0qvby ▼プロスピA 公式Xはこちら https://x.com/prospiA_PR ▼エナジーがお得に買えるコナミの公式WEBストア https://pawaspi-point.konami.net/general/prospi_games_store?utm_source=youtube&utm_medium=social&utm_content=9th_20241014&utm_campaign=web_store_prospiags 一般社団法人日本野球機構承認 Konami Digital Entertainment/WBCI ⓒ2024 SAM,
PPV3-INV-0066,Official channel mixed catalog,qVl61GKQNhE,プロスピAで規格外の二刀流を体感しよう！【2023WORLD BASEBALL CLASSIC 大谷翔平登場記念特別企画】,2024-10-21,https://www.youtube.com/watch?v=qVl61GKQNhE,UCWzEh28vj3mQKpe0fzVTOUw,パワプロ・プロスピ公式チャンネル,official_channel_flat_playlist_then_per_video_metadata,"[""プロスピ"",""プロスピA"",""能力"",""新能力"",""OB"",""対決""]",PROSPI_ONLY_EXCLUDED_FROM_SP033: Prospi-only video excluded from SP-033 PowerPro lane.,false,[],,,,,,false,IN_SCOPE,OK,2023 WORLD BASEBALL CLASSIC™ の活躍を反映した新能力で大谷翔平選手が登場！ ゲストや2023 WORLD BASEBALL CLASSIC™のチームメイトだった西武 源田壮亮選手と中日 髙橋宏斗選手のインタビューなどで大会を振り返ります。 さらに大谷翔平選手ご本人へのインタビューも公開！2023 WORLD BASEBALL CLASSIC™の思い出や自身の能力値へ対する感想をお聞きしました。 番組内では新能力値も初公開！！ 新しくなった大谷翔平選手は一体どんな能力になるのか・・・ 動画の最後には新・大谷翔平選手を使用して〓V.I.P〓さんやトータルテンボスさんがリアタイ対決で検証します！ ※動画内で投球フォームの変化について言及がございますが、2023年3月に登場しました侍ジャパン選手「2022 Series2 大谷翔平」からは投球フォームに変更ございません。 【出演者】 ■ トータルテンボス さん ■〓V.I.P〓さん ■ CLAY さん ■ サワ さん ■ 槇嶋 範彦 さん ▼プロスピA ダウンロードはこちら https://app.adjust.com/19wljzb4 ▼プロスピA 公式Xはこちら https://x.com/prospiA_PR ▼エナジーがお得に買えるコナミの公式WEBストア https://pawaspi-point.ko,
PPV3-INV-0067,Official channel mixed catalog,nXfOipyoX6k,『プロ野球スピリッツ2024-2025』大谷翔平ができるまで,2024-10-11,https://www.youtube.com/watch?v=nXfOipyoX6k,UCWzEh28vj3mQKpe0fzVTOUw,パワプロ・プロスピ公式チャンネル,official_channel_flat_playlist_then_per_video_metadata,"[""プロ野球スピリッツ"",""アップデート"",""OB""]",PROSPI_ONLY_EXCLUDED_FROM_SP033: Prospi-only video excluded from SP-033 PowerPro lane.,false,[],,,,,,false,IN_SCOPE,OK,“PLAYからFEELへ” 「プロ野球スピリッツ2024-2025」（PlayStation®5、Steam®）10月17日発売！ 次世代の野球エンジン「eBaseball™ Engine」を搭載し、PlayStation®5とSteam®に対応。 ▼公式サイト https://www.konami.com/games/prospi/2024-2025/ ▼公式X https://x.com/pawapuro_pro ※本映像には発売日に配信されるアップデートが反映されたものも含まれています 一般社団法人日本野球機構承認 Konami Digital Entertainment/WBCI ©2024 SAMURAI JAPAN 日本プロ野球名球会公認 日本プロ野球OBクラブ公認 日本プロ野球外国人OB選手会公認 プロ野球フランチャイズ球場公認 Ⓒ阪神タイガース ゲーム内に再現された球場内看板は、原則として2023年度プロ野球公式戦のデータを基に制作しています。 データは、Japan Baseball Data(株)が独自に収集したものであり、公式記録とは異なる場合があります。提供情報の手段を問わず、いかなる目的であれ無断で複製、転送、販売等を行う事を固く禁じます。 All other copyrights or trademarks are the property of thei,
PPV3-INV-0068,Official channel mixed catalog,pcf3nWd3XOc,イチローが球団社長に！？ プロスピ2024 「ｍyBALLPARK」 編 『プロ野球スピリッツ2024-2025』,2024-10-04,https://www.youtube.com/watch?v=pcf3nWd3XOc,UCWzEh28vj3mQKpe0fzVTOUw,パワプロ・プロスピ公式チャンネル,official_channel_flat_playlist_then_per_video_metadata,"[""プロスピ"",""プロ野球スピリッツ"",""OB""]",PROSPI_ONLY_EXCLUDED_FROM_SP033: Prospi-only video excluded from SP-033 PowerPro lane.,false,[],,,,,,false,IN_SCOPE,OK,“PLAYからFEELへ” 「プロ野球スピリッツ2024-2025」（PlayStation®5、Steam®）10月17日発売！ 次世代の野球エンジン「eBaseball™ Engine」を搭載し、PlayStation®5とSteam®に対応。 球団社長イチローが誕生！？ イチローさんが新モード「myBALLPARK」で、理想の球団経営を語る！ https://www.youtube.com/playlist?list=PLVkLJ-aYi8nJ35PMVsigy261HkGcvTdBJ ▼公式サイト https://www.konami.com/games/prospi/2024-2025/ ▼公式X https://x.com/pawapuro_pro ※本映像は2024年1月末に収録されました ※一部、今回の企画用に特別に作成されたデータを使用しております 一般社団法人日本野球機構承認 Konami Digital Entertainment/WBCI ©2024 SAMURAI JAPAN 日本プロ野球名球会公認 日本プロ野球OBクラブ公認 日本プロ野球外国人OB選手会公認 プロ野球フランチャイズ球場公認 Ⓒ阪神タイガース ゲーム内に再現された球場内看板は、原則として2023年度プロ野球公式戦のデータを基に制作しています。 データは、Japan Baseball Dat,
PPV3-INV-0069,Official channel mixed catalog,6P5Z1qOE_oM,イチローがプロスピ2024をプレイ！ KOBE CHIBEN VS オリックス・バファローズ 前編 『プロ野球スピリッツ2024-2025』,2024-09-20,https://www.youtube.com/watch?v=6P5Z1qOE_oM,UCWzEh28vj3mQKpe0fzVTOUw,パワプロ・プロスピ公式チャンネル,official_channel_flat_playlist_then_per_video_metadata,"[""プロスピ"",""プロ野球スピリッツ"",""OB"",""対決""]",PROSPI_ONLY_EXCLUDED_FROM_SP033: Prospi-only video excluded from SP-033 PowerPro lane.,false,[],,,,,,false,IN_SCOPE,OK,“PLAYからFEELへ” 「プロ野球スピリッツ2024-2025」（PlayStation®5、Steam®）10月17日発売！ 次世代の野球エンジン「eBaseball™ Engine」を搭載し、PlayStation®5とSteam®に対応。 イチローさんがプロスピ2024をプレイ！ 現在のイチローさんの顔をゲーム内で再現した、 プレイ動画特別仕様でイチローさん率いるKOBE CHIBEN VS オリックス・バファローズの対決が実現！ ▼イチロー×プロスピ2024 https://www.youtube.com/playlist?list=PLVkLJ-aYi8nJ35PMVsigy261HkGcvTdBJ ▼公式サイト https://www.konami.com/games/prospi/2024-2025/ ▼公式X https://x.com/pawapuro_pro ※本映像は2024年1月末に収録されました ※一部、今回の企画用に特別に作成されたデータを使用しております 一般社団法人日本野球機構承認 Konami Digital Entertainment/WBCI ©2024 SAMURAI JAPAN 日本プロ野球名球会公認 日本プロ野球OBクラブ公認 日本プロ野球外国人OB選手会公認 プロ野球フランチャイズ球場公認 Ⓒ阪神タイガース ゲーム内に再現された球場,
PPV3-INV-0070,Official channel mixed catalog,opjfeVgrOs4,イチローがプロスピ2024をプレイ！ KOBE CHIBEN VS オリックス・バファローズ 後編 『プロ野球スピリッツ2024-2025』,2024-09-20,https://www.youtube.com/watch?v=opjfeVgrOs4,UCWzEh28vj3mQKpe0fzVTOUw,パワプロ・プロスピ公式チャンネル,official_channel_flat_playlist_then_per_video_metadata,"[""プロスピ"",""プロ野球スピリッツ"",""OB"",""対決""]",PROSPI_ONLY_EXCLUDED_FROM_SP033: Prospi-only video excluded from SP-033 PowerPro lane.,false,[],,,,,,false,IN_SCOPE,OK,“PLAYからFEELへ” 「プロ野球スピリッツ2024-2025」（PlayStation®5、Steam®）10月17日発売！ 次世代の野球エンジン「eBaseball™ Engine」を搭載し、PlayStation®5とSteam®に対応。 イチローさんがプロスピ2024をプレイ！ 現在のイチローさんの顔をゲーム内で再現した、 プレイ動画特別仕様でイチローさん率いるKOBE CHIBEN VS オリックス・バファローズの対決が実現！ ▼イチロー×プロスピ2024 https://www.youtube.com/playlist?list=PLVkLJ-aYi8nJ35PMVsigy261HkGcvTdBJ ▼公式サイト https://www.konami.com/games/prospi/2024-2025/ ▼公式X https://x.com/pawapuro_pro ※本映像は2024年1月末に収録されました ※一部、今回の企画用に特別に作成されたデータを使用しております 一般社団法人日本野球機構承認 Konami Digital Entertainment/WBCI ©2024 SAMURAI JAPAN 日本プロ野球名球会公認 日本プロ野球OBクラブ公認 日本プロ野球外国人OB選手会公認 プロ野球フランチャイズ球場公認 Ⓒ阪神タイガース ゲーム内に再現された球場,
PPV3-INV-0071,Official channel mixed catalog,n0rZ1IrWtIA,イチローができるまで：MOTION CAPTURE MAKING #2 バッティング編 『プロ野球スピリッツ2024-2025』,2024-09-20,https://www.youtube.com/watch?v=n0rZ1IrWtIA,UCWzEh28vj3mQKpe0fzVTOUw,パワプロ・プロスピ公式チャンネル,official_channel_flat_playlist_then_per_video_metadata,"[""プロスピ"",""プロ野球スピリッツ"",""OB""]",PROSPI_ONLY_EXCLUDED_FROM_SP033: Prospi-only video excluded from SP-033 PowerPro lane.,false,[],,,,,,false,IN_SCOPE,OK,“PLAYからFEELへ” 「プロ野球スピリッツ2024-2025」（PlayStation®5、Steam®）10月17日発売！ 次世代の野球エンジン「eBaseball™ Engine」を搭載し、PlayStation®5とSteam®に対応。 イチローさんがモーション収録を体験！ ここでしか見られない貴重なメイキング映像を公開！ ▼イチロー×プロスピ2024 https://www.youtube.com/playlist?list=PLVkLJ-aYi8nJ35PMVsigy261HkGcvTdBJ ▼公式サイト https://www.konami.com/games/prospi/2024-2025/ ▼公式X https://x.com/pawapuro_pro 一般社団法人日本野球機構承認 Konami Digital Entertainment/WBCI ©2024 SAMURAI JAPAN 日本プロ野球名球会公認 日本プロ野球OBクラブ公認 日本プロ野球外国人OB選手会公認 プロ野球フランチャイズ球場公認 Ⓒ阪神タイガース ゲーム内に再現された球場内看板は、原則として2023年度プロ野球公式戦のデータを基に制作しています。 データは、Japan Baseball Data(株)が独自に収集したものであり、公式記録とは異なる場合があります。提供情報の手段を問わず,
PPV3-INV-0072,Official channel mixed catalog,q4AsOr1aNCk,イチローができるまで：MOTION CAPTURE MAKING #3 守備・投球編 『プロ野球スピリッツ2024-2025』,2024-09-20,https://www.youtube.com/watch?v=q4AsOr1aNCk,UCWzEh28vj3mQKpe0fzVTOUw,パワプロ・プロスピ公式チャンネル,official_channel_flat_playlist_then_per_video_metadata,"[""プロスピ"",""プロ野球スピリッツ"",""OB""]",PROSPI_ONLY_EXCLUDED_FROM_SP033: Prospi-only video excluded from SP-033 PowerPro lane.,false,[],,,,,,false,IN_SCOPE,OK,“PLAYからFEELへ” 「プロ野球スピリッツ2024-2025」（PlayStation®5、Steam®）10月17日発売！ 次世代の野球エンジン「eBaseball™ Engine」を搭載し、PlayStation®5とSteam®に対応。 イチローさんがモーション収録を体験！ ここでしか見られない貴重なメイキング映像を公開！ ▼イチロー×プロスピ2024 https://www.youtube.com/playlist?list=PLVkLJ-aYi8nJ35PMVsigy261HkGcvTdBJ ▼公式サイト https://www.konami.com/games/prospi/2024-2025/ ▼公式X https://x.com/pawapuro_pro 一般社団法人日本野球機構承認 Konami Digital Entertainment/WBCI ©2024 SAMURAI JAPAN 日本プロ野球名球会公認 日本プロ野球OBクラブ公認 日本プロ野球外国人OB選手会公認 プロ野球フランチャイズ球場公認 Ⓒ阪神タイガース ゲーム内に再現された球場内看板は、原則として2023年度プロ野球公式戦のデータを基に制作しています。 データは、Japan Baseball Data(株)が独自に収集したものであり、公式記録とは異なる場合があります。提供情報の手段を問わず,
PPV3-INV-0073,Official channel mixed catalog,oLYNhSCWjS0,イチローができるまで：3Dフォトスキャンメイキング 『プロ野球スピリッツ2024-2025』,2024-09-20,https://www.youtube.com/watch?v=oLYNhSCWjS0,UCWzEh28vj3mQKpe0fzVTOUw,パワプロ・プロスピ公式チャンネル,official_channel_flat_playlist_then_per_video_metadata,"[""プロスピ"",""プロ野球スピリッツ"",""OB""]",PROSPI_ONLY_EXCLUDED_FROM_SP033: Prospi-only video excluded from SP-033 PowerPro lane.,false,[],,,,,,false,IN_SCOPE,OK,“PLAYからFEELへ” 「プロ野球スピリッツ2024-2025」（PlayStation®5、Steam®）10月17日発売！ 次世代の野球エンジン「eBaseball™ Engine」を搭載し、PlayStation®5とSteam®に対応。 イチローさんがモーション収録を体験！ ここでしか見られない貴重なメイキング映像を公開！ ▼イチロー×プロスピ2024 https://www.youtube.com/playlist?list=PLVkLJ-aYi8nJ35PMVsigy261HkGcvTdBJ ▼公式サイト https://www.konami.com/games/prospi/2024-2025/ ▼公式X https://x.com/pawapuro_pro 一般社団法人日本野球機構承認 Konami Digital Entertainment/WBCI ©2024 SAMURAI JAPAN 日本プロ野球名球会公認 日本プロ野球OBクラブ公認 日本プロ野球外国人OB選手会公認 プロ野球フランチャイズ球場公認 Ⓒ阪神タイガース ゲーム内に再現された球場内看板は、原則として2023年度プロ野球公式戦のデータを基に制作しています。 データは、Japan Baseball Data(株)が独自に収集したものであり、公式記録とは異なる場合があります。提供情報の手段を問わず,
PPV3-INV-0074,Official channel mixed catalog,77ysFGiQ5IM,イチローができるまで：MOTION CAPTURE MAKING #1 準備編 『プロ野球スピリッツ2024-2025』,2024-09-20,https://www.youtube.com/watch?v=77ysFGiQ5IM,UCWzEh28vj3mQKpe0fzVTOUw,パワプロ・プロスピ公式チャンネル,official_channel_flat_playlist_then_per_video_metadata,"[""プロスピ"",""プロ野球スピリッツ"",""OB""]",PROSPI_ONLY_EXCLUDED_FROM_SP033: Prospi-only video excluded from SP-033 PowerPro lane.,false,[],,,,,,false,IN_SCOPE,OK,“PLAYからFEELへ” 「プロ野球スピリッツ2024-2025」（PlayStation®5、Steam®）10月17日発売！ 次世代の野球エンジン「eBaseball™ Engine」を搭載し、PlayStation®5とSteam®に対応。 イチローさんがモーション収録を体験！ ここでしか見られない貴重なメイキング映像を公開！ ▼イチロー×プロスピ2024 https://www.youtube.com/playlist?list=PLVkLJ-aYi8nJ35PMVsigy261HkGcvTdBJ ▼公式サイト https://www.konami.com/games/prospi/2024-2025/ ▼公式X https://x.com/pawapuro_pro 一般社団法人日本野球機構承認 Konami Digital Entertainment/WBCI ©2024 SAMURAI JAPAN 日本プロ野球名球会公認 日本プロ野球OBクラブ公認 日本プロ野球外国人OB選手会公認 プロ野球フランチャイズ球場公認 Ⓒ阪神タイガース ゲーム内に再現された球場内看板は、原則として2023年度プロ野球公式戦のデータを基に制作しています。 データは、Japan Baseball Data(株)が独自に収集したものであり、公式記録とは異なる場合があります。提供情報の手段を問わず,
PPV3-INV-0075,Official channel mixed catalog,e5dwQoPyYsA,『プロ野球スピリッツ2024-2025』プロモーションムービー,2024-09-11,https://www.youtube.com/watch?v=e5dwQoPyYsA,UCWzEh28vj3mQKpe0fzVTOUw,パワプロ・プロスピ公式チャンネル,official_channel_flat_playlist_then_per_video_metadata,"[""プロ野球スピリッツ"",""アップデート"",""OB""]",PROSPI_ONLY_EXCLUDED_FROM_SP033: Prospi-only video excluded from SP-033 PowerPro lane.,false,[],,,,,,false,IN_SCOPE,OK,“PLAYからFEELへ” 「プロ野球スピリッツ2024-2025」（PlayStation®5、Steam®）10月17日発売！ 次世代の野球エンジン「eBaseball™ Engine」を搭載し、PlayStation®5とSteam®に対応。 ▼公式サイト https://www.konami.com/games/prospi/2024-2025/ ▼公式X https://x.com/pawapuro_pro ※本映像には発売日に配信されるアップデートが反映されたものも含まれています 一般社団法人日本野球機構承認 Konami Digital Entertainment/WBCI ©2024 SAMURAI JAPAN 日本プロ野球名球会公認 日本プロ野球OBクラブ公認 日本プロ野球外国人OB選手会公認 プロ野球フランチャイズ球場公認 Ⓒ阪神タイガース ゲーム内に再現された球場内看板は、原則として2023年度プロ野球公式戦のデータを基に制作しています。 データは、Japan Baseball Data(株)が独自に収集したものであり、公式記録とは異なる場合があります。提供情報の手段を問わず、いかなる目的であれ無断で複製、転送、販売等を行う事を固く禁じます。 All other copyrights or trademarks are the property of thei,
PPV3-INV-0077,Official channel mixed catalog,jdfUYFjoQV0,セレクション登場選手 先行公開　レジェンドOB選手と語る【プロスピセレクション 20th SPIRITS】,2024-08-07,https://www.youtube.com/watch?v=jdfUYFjoQV0,UCWzEh28vj3mQKpe0fzVTOUw,パワプロ・プロスピ公式チャンネル,official_channel_flat_playlist_then_per_video_metadata,"[""プロスピ"",""プロ野球スピリッツ"",""プロスピA"",""プロスピセレクション"",""能力"",""OB"",""対決""]",PROSPI_ONLY_EXCLUDED_FROM_SP033: Prospi-only video excluded from SP-033 PowerPro lane.,false,[],,,,,,false,IN_SCOPE,OK,「2024 プロスピセレクション 20th SPIRITS」の選手が登場する特別なスカウト 「セレクションカーニバル」開催決定！ このセレクションは歴代プロ野球スピリッツのパッケージに掲載されていた選手から12名が選出！！ なんとこの動画で 2024セレクション 20th SPIRITS登場選手を先行公開します！ さらに球界のレジェンド小笠原道大さん・松中信彦さんと共に プロスピシリーズのパッケージ選手になったシーズンを振り返る特別企画を実施！ プロスピA内の能力を基に当時のエピソードなどをお聞きします！ そして8月22日から変更されるパワーヒッター・プルヒッターを 〓Ｖ．Ｉ．Ｐ〓さんと里崎智也さんがリアタイ対決で体験！ 2人はいったいなにを語る！？ 【出演者】 ■ 松中 信彦 さん ■ 小笠原 道大 さん ■ 里崎 智也さん ■ 〓Ｖ．Ｉ．Ｐ〓さん ■ 槙嶋 範彦さん 「セレクションカーニバル」 期間：8月8日 (木) 15 : 00 ～ 8月16日 (金) 14 : 59 「2024プロスピセレクション 20th SPIRITS」のSランク選手が1人確定の無料10連スカウトも実施！！ ※動画内で表示されている田中将大選手の画像、スピリッツはプロスピセレクションで登場するものと異なります。 ▼プロスピAダウンロードはこちら https://app.adjust.com/1cxcy,
PPV3-INV-0084,Official channel mixed catalog,uo3DOM4QeG0,【10月17日 発売】プロスピを一緒にプレーするなら、ゲーム仲間の女優・○○さん！あのさん：メイキング＆インタビュー『プロ野球スピリッツ2024-2025』,2024-07-11,https://www.youtube.com/watch?v=uo3DOM4QeG0,UCWzEh28vj3mQKpe0fzVTOUw,パワプロ・プロスピ公式チャンネル,official_channel_flat_playlist_then_per_video_metadata,"[""プロスピ"",""プロ野球スピリッツ"",""OB""]",PROSPI_ONLY_EXCLUDED_FROM_SP033: Prospi-only video excluded from SP-033 PowerPro lane.,false,[],,,,,,false,IN_SCOPE,OK,“PLAYからFEELへ”『プロ野球スピリッツ2024-2025』（PlayStation®5、Steam®）10月17日発売！ プロ野球チームのＧＭ兼社長になる新モード「myBALLPARK」と1人のプロ野球選手になりきって球界のスターを目指す「スタープレイヤー」に、マルチに活躍するあのさんや雪平莉左さん、動画クリエイターの森元流那さんが登場します。撮影時の様子やインタビューを公開！ 『プロ野球スピリッツ2024-2025』は、次世代の野球エンジン「eBaseball™ Engine」を搭載し、PlayStation®5とSteam®に対応。 「eBaseball™ Engine」は、球場で見るような打球の軌道、選手たちの必死な動作、歓喜を爆発させる大観衆など、スタジアム内のあらゆるモーションとサウンドを演出し、野球ゲームを新たな次元へと引き上げます。 詳しくは公式サイトをチェック https://www.konami.com/games/prospi/2024-2025/ 一般社団法人日本野球機構承認 Konami Digital Entertainment/WBCI ©2024 SAMURAI JAPAN 日本プロ野球名球会公認 日本プロ野球OBクラブ公認 日本プロ野球外国人OB選手会公認 プロ野球フランチャイズ球場公認 ゲーム内に再現された球場内看板は、原則として2023年,
PPV3-INV-0085,Official channel mixed catalog,HrdWA9MHDXw,【10月17日 発売】実は力仕事をしてました!!社会人時代の:秘密:エピソード！雪平莉左さん：メイキング＆インタビュー『プロ野球スピリッツ2024-2025』,2024-07-11,https://www.youtube.com/watch?v=HrdWA9MHDXw,UCWzEh28vj3mQKpe0fzVTOUw,パワプロ・プロスピ公式チャンネル,official_channel_flat_playlist_then_per_video_metadata,"[""プロ野球スピリッツ"",""OB""]",PROSPI_ONLY_EXCLUDED_FROM_SP033: Prospi-only video excluded from SP-033 PowerPro lane.,false,[],,,,,,false,IN_SCOPE,OK,“PLAYからFEELへ”『プロ野球スピリッツ2024-2025』（PlayStation®5、Steam®）10月17日発売！ プロ野球チームのＧＭ兼社長になる新モード「myBALLPARK」と1人のプロ野球選手になりきって球界のスターを目指す「スタープレイヤー」に、マルチに活躍するあのさんや雪平莉左さん、動画クリエイターの森元流那さんが登場します。撮影時の様子やインタビューを公開！ 『プロ野球スピリッツ2024-2025』は、次世代の野球エンジン「eBaseball™ Engine」を搭載し、PlayStation®5とSteam®に対応。 「eBaseball™ Engine」は、球場で見るような打球の軌道、選手たちの必死な動作、歓喜を爆発させる大観衆など、スタジアム内のあらゆるモーションとサウンドを演出し、野球ゲームを新たな次元へと引き上げます。 詳しくは公式サイトをチェック https://www.konami.com/games/prospi/2024-2025/ 一般社団法人日本野球機構承認 Konami Digital Entertainment/WBCI ©2024 SAMURAI JAPAN 日本プロ野球名球会公認 日本プロ野球OBクラブ公認 日本プロ野球外国人OB選手会公認 プロ野球フランチャイズ球場公認 ゲーム内に再現された球場内看板は、原則として2023年,
PPV3-INV-0086,Official channel mixed catalog,Q9scqsaYhb8,【10月17日 発売】動画クリエイターじゃなかったら、野球場で活躍する○○になりたい！森元流那さん：メイキング＆インタビュー『プロ野球スピリッツ2024-2025』,2024-07-11,https://www.youtube.com/watch?v=Q9scqsaYhb8,UCWzEh28vj3mQKpe0fzVTOUw,パワプロ・プロスピ公式チャンネル,official_channel_flat_playlist_then_per_video_metadata,"[""プロ野球スピリッツ"",""OB""]",PROSPI_ONLY_EXCLUDED_FROM_SP033: Prospi-only video excluded from SP-033 PowerPro lane.,false,[],,,,,,false,IN_SCOPE,OK,“PLAYからFEELへ”『プロ野球スピリッツ2024-2025』（PlayStation®5、Steam®）10月17日発売！ プロ野球チームのＧＭ兼社長になる新モード「myBALLPARK」と1人のプロ野球選手になりきって球界のスターを目指す「スタープレイヤー」に、マルチに活躍するあのさんや雪平莉左さん、動画クリエイターの森元流那さんが登場します。撮影時の様子やインタビューを公開！ 『プロ野球スピリッツ2024-2025』は、次世代の野球エンジン「eBaseball™ Engine」を搭載し、PlayStation®5とSteam®に対応。 「eBaseball™ Engine」は、球場で見るような打球の軌道、選手たちの必死な動作、歓喜を爆発させる大観衆など、スタジアム内のあらゆるモーションとサウンドを演出し、野球ゲームを新たな次元へと引き上げます。 詳しくは公式サイトをチェック https://www.konami.com/games/prospi/2024-2025/ 一般社団法人日本野球機構承認 Konami Digital Entertainment/WBCI ©2024 SAMURAI JAPAN 日本プロ野球名球会公認 日本プロ野球OBクラブ公認 日本プロ野球外国人OB選手会公認 プロ野球フランチャイズ球場公認 ゲーム内に再現された球場内看板は、原則として2023年,
PPV3-INV-0088,Official channel mixed catalog,15da85Sze-4,今日は何の日？,2024-07-05,https://www.youtube.com/watch?v=15da85Sze-4,UCWzEh28vj3mQKpe0fzVTOUw,パワプロ・プロスピ公式チャンネル,official_channel_flat_playlist_then_per_video_metadata,[],NO_POWERPRO_SIGNAL: No PowerPro signal in the fetched title/description.,false,[],,,,,,false,IN_SCOPE,OK,,
PPV3-INV-0089,Official channel mixed catalog,TFpR64Mc0N8,パ・リーグを託した！イチローが監督・コーチから選出！2024TSイチローセレクション選手発表パ・リーグ編 【プロスピA】,2024-05-28,https://www.youtube.com/watch?v=TFpR64Mc0N8,UCWzEh28vj3mQKpe0fzVTOUw,パワプロ・プロスピ公式チャンネル,official_channel_flat_playlist_then_per_video_metadata,"[""プロスピ"",""プロ野球スピリッツ"",""プロスピA""]",PROSPI_ONLY_EXCLUDED_FROM_SP033: Prospi-only video excluded from SP-033 PowerPro lane.,false,[],,,,,,false,IN_SCOPE,OK,プロ野球スピリッツAにイチローさんが帰ってきた！！ 2024年は12球団の監督・コーチから各球団1名を選出。 イチローさんがパ・リーグを引っ張っていく存在になると認めたあの5ツールプレイヤーや 長い現役生活でたった2度だけのガッツポーズを披露した打席のエピソードなどを語る！ 2024TS「イチローセレクション」は5/30(木)~登場！ 珠玉の選手たちをぜひ手に入れてください！ ▼プロスピAダウンロードはこちら https://app.adjust.com/1cxcykxx ▼プロスピA公式X https://x.com/prospiA_PR ▼プロスピA公式サイト https://www.konami.com/games/prospi_a/ 一般社団法人日本野球機構承認 ©Konami Digital Entertainment,
PPV3-INV-0090,Official channel mixed catalog,s5n8g6g4mz8,〇〇は芸術点が高い！？イチローが監督・コーチから選出！2024TSイチローセレクション選手発表セ・リーグ編 【プロスピA】,2024-05-27,https://www.youtube.com/watch?v=s5n8g6g4mz8,UCWzEh28vj3mQKpe0fzVTOUw,パワプロ・プロスピ公式チャンネル,official_channel_flat_playlist_then_per_video_metadata,"[""プロスピ"",""プロ野球スピリッツ"",""プロスピA""]",PROSPI_ONLY_EXCLUDED_FROM_SP033: Prospi-only video excluded from SP-033 PowerPro lane.,false,[],,,,,,false,IN_SCOPE,OK,プロ野球スピリッツAにイチローさんが帰ってきた！！ 2024年は12球団の監督・コーチから各球団1名を選出。 イチローさんがライバルとして意識していたマシンガン打線の中核や 「振りたいのに手が出ない」と言わしめた名クローザーとのエピソードを語る！ 2024TS「イチローセレクション」は5/30(木)~登場！ 珠玉の選手たちをぜひ手に入れてください！ ▼プロスピAダウンロードはこちら https://app.adjust.com/1cxcykxx ▼プロスピA公式X https://x.com/prospiA_PR ▼プロスピA公式サイト https://www.konami.com/games/prospi_a/ 一般社団法人日本野球機構承認 ©Konami Digital Entertainment,
PPV3-INV-0097,Official channel mixed catalog,0yNZ0wCRHs0,ニューイヤー特番！プロスピA お正月王決定戦【プロ野球スピリッツA】,2024-01-06,https://www.youtube.com/watch?v=0yNZ0wCRHs0,UCWzEh28vj3mQKpe0fzVTOUw,パワプロ・プロスピ公式チャンネル,official_channel_flat_playlist_then_per_video_metadata,"[""プロスピ"",""プロ野球スピリッツ"",""プロスピA"",""対決""]",PROSPI_ONLY_EXCLUDED_FROM_SP033: Prospi-only video excluded from SP-033 PowerPro lane.,false,[],,,,,,false,IN_SCOPE,OK,2024年のラッキーボーイ・ラッキーガールを決める！ インフルエンサーたちが2組に分かれて、羽子板対決や巨大だるま落としなど様々な企画に挑戦。 企画の成績に応じてスカウトを引いてオリジナルオーダーを作ってリアルタイム対戦で戦います。 公式番組初出演のばりやわとんこつ、サワヤンも大活躍！？ ばりやわとんこつのお二人が対決した第1戦の羽子板対決では、スタッフも想定外の大記録が飛び出す...！ さらに、サワヤンのお二人が対決した第2戦は、ダルマ落とし対決・プロスピＡ対決ともに爆笑必至の展開に。そしてプロスピAを始めて2か月のサワさんの腕前はいかに！ 第3戦では糸井さん天谷さんが対決。 糸井さんは、2023年夏に杉谷さんとの対決に敗れた雪辱を晴らせるのか！ 第4戦はパワフルスピリッツからサイコさん、カイトさんが参戦、対決します。 頭脳派サイコさんと天才肌カイトさん、勝利の行方が見逃せない！ 第5戦〓V.I.P〓さんとCLAYさんの対決では、大将同士の意地がぶつかる！ 総合優勝をかけた負けられない戦い。最後に勝利の女神がほほ笑むのはどちらだ！ ＜出演者＞ 〓V.I.P〓 CLAY 糸井嘉男 天谷宗一郎 ばりやわとんこつ(新谷あやか、永松文太) サワヤン SAWAYAN パワフルスピリッツメンバー(サイコ、カイト) 公式Xでは、「年末年始Xお年玉キャンペーン」を実施中！ プロスピA公式Xをフォ,
PPV3-INV-0098,PowerPro,RJ6qdn1br3o,【天才だと思うプロ野球選手は〇〇選手！】甲子園を目指すなら〇〇を鍛えろ！高校野球は選手より監督が面白い！ #栄冠クロス,2023-12-20,https://www.youtube.com/watch?v=RJ6qdn1br3o,UCWzEh28vj3mQKpe0fzVTOUw,パワプロ・プロスピ公式チャンネル,official_channel_flat_playlist_then_per_video_metadata,"[""パワプロ"",""パワフルプロ野球""]",POWERPRO_CURRENT_OR_EDITION_CONTEXT: PowerPro term present; retained as official PowerPro context even without an explicit ability term.,false,[],,,,,,false,OUT_OF_SCOPE,OK,『パワフルプロ野球 栄冠ナイン クロスロード』に、 イチローさんが「野手」と「投手」2タイプの特待生としてスカウトに登場！ ◇「 イチロー登場記念キャンペーン」実施中！ 期間中、栄冠クロスにログインするとSR[投手]イチローをプレゼント！ 開催期間 2023年12月20日(水)～2024年1月10日(水) 11:59 00:00 オープニング 00:15 イチローさん『パワフルプロ野球 栄冠ナイン クロスロード』をはじめたらしい 01:00 イチローさんにとって甲子園とは 04:54 監督ってやっぱり面白い 06:13 甲子園を目指すなら〇〇を鍛えろ 10:03 イチローさん「特待生ガチャ」に挑戦 17:29 イチローさんが天才だと思うプロ野球選手 21:34 「センター返しならいつでもできる」は本当！？ 25:10 イチローさんのドラフト発表は？ 30:18 特待生鈴木くん最後の夏 36:29 監督の面白さ 公式サイト：https://www.konami.com/pawa/eikan_crossroad/ 公式X：https://twitter.com/pawa_eikan573 ⓒKonami Digital Entertainment #栄冠クロス #イチロー #パワプロ,
PPV3-INV-0099,Official channel mixed catalog,8mZ59Tas6nE,【今年の最強は誰だ？!】プロ野球選手チャンピオンシップ2023開催！,2023-12-15,https://www.youtube.com/watch?v=8mZ59Tas6nE,UCWzEh28vj3mQKpe0fzVTOUw,パワプロ・プロスピ公式チャンネル,official_channel_flat_playlist_then_per_video_metadata,"[""プロスピ"",""プロ野球スピリッツ"",""プロスピA"",""OB""]",PROSPI_ONLY_EXCLUDED_FROM_SP033: Prospi-only video excluded from SP-033 PowerPro lane.,false,[],,,,,,false,OUT_OF_SCOPE,OK,現役プロ野球選手たちがプロ野球スピリッツAを用いて競うeスポーツ大会。今年で3回目の開催。 各選手が自分で育て上げたベストオーダーを用いリアルタイム対戦で激突！ 各球団1名ずつの出場者に昨年王者を加えた合計13名が出場し3代目王者の座を狙う！ ＜出場選手＞ ■ 水野 達稀（北海道日本ハム） ■ 西 純矢（阪神） ■ 矢野 雅哉（広島） ■ 坂本 裕哉（DeNA） ■ 今村 信貴（巨人） ■ 田口 麗斗（ヤクルト） ■ 石垣 雅海（中日） ■ 齋藤 響介（オリックス） ■ 西村 天裕（ロッテ） ■ 谷川原 健太（ソフトバンク） ■ 田中 和基（楽天） ■ 佐藤 龍世（西武） ■ 金村 尚真（北海道日本ハム） さらに石垣雅海選手、田中和基選手、西村天裕選手の3選手が、 12/23(土)開催のeBASEBALLプロスピAリーグのe日本シリーズに参戦！ リアルタイム対戦でプロ野球OBに本気の3本勝負を挑みます！ 詳細はこちら！ https://e-baseball.konami.net/prospi_a_league/schedule/nippon/#_event 03:55:31 【お詫び】一部映像が乱れている箇所がございます。 ご迷惑をおかけしましたことお詫び申し上げます。 ------- プロスピA のダウンロードはこちらから https://app.adjust.com/kpdl9,
PPV3-INV-0100,PowerPro,wmiieuNRRuE,【ゲノム大学附属高校編解説】ゲノムを集めて経験点を稼ごう！【パワプロアプリ】,2023-11-27,https://www.youtube.com/watch?v=wmiieuNRRuE,UCWzEh28vj3mQKpe0fzVTOUw,パワプロ・プロスピ公式チャンネル,official_channel_flat_playlist_then_per_video_metadata,"[""パワプロ""]",POWERPRO_CURRENT_OR_EDITION_CONTEXT: PowerPro term present; retained as official PowerPro context even without an explicit ability term.,false,[],,,,,,false,OUT_OF_SCOPE,OK,新シナリオ #ゲノム大学附属高校 編 11/27～配信開始！ 【「ゲノム大学附属高校編」ストーリー概要】 人類の進化を導く研究を進めている来間博士が野球部の監督に就任。 彼の発明した「ゲノムフレグランス」により野球部はパワーアップ！ しかし、なんと仲間が驚くべき姿に変身！？ これまで謎に包まれていたゲノム大学附属高校、ついに配信！ パワプロアプリ9周年記念キャンペーンも同時開催！ 詳細はアプリ内お知らせにてご確認ください。 #パワプロアプリ 公式Twitter：https://twitter.com/pawa_app573 #パワプロアプリ 公式サイト：https://www.konami.com/pawa/app/,
PPV3-INV-0101,PowerPro,ZSHCu-8QhQA,プロスピAは今年で8周年！～プロスピA8周年記念特番～,2023-10-24,https://www.youtube.com/watch?v=ZSHCu-8QhQA,UCWzEh28vj3mQKpe0fzVTOUw,パワプロ・プロスピ公式チャンネル,official_channel_flat_playlist_then_per_video_metadata,"[""パワプロ"",""プロスピ"",""プロスピA""]",POWERPRO_CURRENT_OR_EDITION_CONTEXT: PowerPro term present; retained as official PowerPro context even without an explicit ability term.,false,[],,,,,,false,OUT_OF_SCOPE,OK,プロスピAは今年で8周年！ 日頃の感謝を込めて豪華ゲストと共にお届けする 「プロスピA8周年記念特番」 ユーザーの皆様に初出しする情報が満載な見どころたっぷりの番組になっているのでぜひご覧ください！ なんと8周年を祝してあの人からもメッセージが、、、 最後までお楽しみください！ 【出演者】 ■ 里崎 智也さん ■ 向井 葉月さん（乃木坂46） ■ 黒見 明香さん（乃木坂46） ■ 【V.I.P】さん ■ 槙嶋 範彦 さん パワプロ・プロスピ公式チャンネルはこちら【https://www.youtube.com/channel/UCWzEh28vj3mQKpe0fzVTOUw】 プロスピA公式Xはこちら 【https://twitter.com/prospiA_PR】,
PPV3-INV-0102,PowerPro,bpKrJg20WX0,『パワフルプロ野球 栄冠ナイン クロスロード』メインプロモーションムービー,2023-09-22,https://www.youtube.com/watch?v=bpKrJg20WX0,UCWzEh28vj3mQKpe0fzVTOUw,パワプロ・プロスピ公式チャンネル,official_channel_flat_playlist_then_per_video_metadata,"[""パワプロ"",""パワフルプロ野球""]",POWERPRO_CURRENT_OR_EDITION_CONTEXT: PowerPro term present; retained as official PowerPro context even without an explicit ability term.,false,[],,,,,,false,OUT_OF_SCOPE,OK,『パワフルプロ野球 栄冠ナイン クロスロード』配信開始！ パワプロシリーズの大人気モード「栄冠ナイン」がついにスマホアプリ版で登場！ ▼アプリのダウンロードはこちら https://app.adjust.com/14ij78oq 【「パワフルプロ野球 栄冠ナイン クロスロード」とは】 高校野球の監督になってチームを育成、甲子園を目指そう。 始めは弱小校でも部員たちが次の世代にバトンをつなぎ、いつかは「甲子園常連校」に！ パワプロシリーズで人気の「栄冠ナイン」の世界観はそのままに、新要素でチーム育成の奥深さがさらにアップ！ 公式X：https://twitter.com/pawa_eikan573 公式サイト：https://www.konami.com/pawa/eikan_crossroad/,
PPV3-INV-0103,PowerPro,zyQ0cPAzGNk,大阪桐蔭高校吹奏楽部『群像夏』 ～パワフルプロ野球 栄冠ナイン クロスロード イメージソングVer.～,2023-09-19,https://www.youtube.com/watch?v=zyQ0cPAzGNk,UCWzEh28vj3mQKpe0fzVTOUw,パワプロ・プロスピ公式チャンネル,official_channel_flat_playlist_then_per_video_metadata,"[""パワプロ"",""パワフルプロ野球""]",POWERPRO_CURRENT_OR_EDITION_CONTEXT: PowerPro term present; retained as official PowerPro context even without an explicit ability term.,false,[],,,,,,false,OUT_OF_SCOPE,OK,『パワフルプロ野球 栄冠ナイン クロスロード』イメージソングとして、 『eBASEBALLパワフルプロ野球2022』主題歌の「群像夏」を 大阪桐蔭高等学校吹奏楽部の皆様に演奏いただきました！ 今回のイメージソングは『パワプロ 栄冠クロス』のオープニングでも使用されています。 『パワフルプロ野球 栄冠ナイン クロスロード』9月20日(水)より配信開始！ パワプロシリーズの大人気モード「栄冠ナイン」がついにスマホアプリ版で登場！ ▼アプリのダウンロードはこちら https://app.adjust.com/14ij78oq 【「パワフルプロ野球 栄冠ナイン クロスロード」とは】 高校野球の監督になってチームを育成、甲子園を目指そう。 始めは弱小校でも部員たちが次の世代にバトンをつなぎ、いつかは「甲子園常連校」に！ パワプロシリーズで人気の「栄冠ナイン」の世界観はそのままに、新要素でチーム育成の奥深さがさらにアップ！ 公式X：https://twitter.com/pawa_eikan573 公式サイト：https://www.konami.com/pawa/eikan_crossroad/,
PPV3-INV-0104,PowerPro,-L1Gumr9Bbs,【斎藤佑樹が先行プレイ】パワプロ 栄冠クロスで目指せ全国大会！プレイ動画第2弾,2023-09-08,https://www.youtube.com/watch?v=-L1Gumr9Bbs,UCWzEh28vj3mQKpe0fzVTOUw,パワプロ・プロスピ公式チャンネル,official_channel_flat_playlist_then_per_video_metadata,"[""パワプロ"",""パワフルプロ野球""]",POWERPRO_CURRENT_OR_EDITION_CONTEXT: PowerPro term present; retained as official PowerPro context even without an explicit ability term.,false,[],,,,,,false,OUT_OF_SCOPE,OK,第一弾はこちら！ https://www.youtube.com/watch?v=AEV274vcvgI アプリの事前登録・ダウンロードはこちら https://app.adjust.com/13d3woei 『パワフルプロ野球 栄冠ナイン クロスロード』9月20日(水)より配信開始！ パワプロシリーズの大人気モード「栄冠ナイン」がついにスマホアプリ版で登場！ 【「パワフルプロ野球 栄冠ナイン クロスロード」とは】 高校野球の監督になってチームを育成、甲子園を目指そう。 始めは弱小校でも部員たちが次の世代にバトンをつなぎ、いつかは「甲子園常連校」に！ パワプロシリーズで人気の「栄冠ナイン」の世界観はそのままに、新要素でチーム育成の奥深さがさらにアップ！ 公式X（旧Twitter）：https://twitter.com/pawa_eikan573 公式サイト：https://www.konami.com/pawa/eikan_crossroad/,
PPV3-INV-0105,PowerPro,zfb4X4hhDyU,パワプロの日直前特番2023 ～パワプロ好き全員集合～,2023-08-18,https://www.youtube.com/watch?v=zfb4X4hhDyU,UCWzEh28vj3mQKpe0fzVTOUw,パワプロ・プロスピ公式チャンネル,official_channel_flat_playlist_then_per_video_metadata,"[""パワプロ""]",POWERPRO_CURRENT_OR_EDITION_CONTEXT: PowerPro term present; retained as official PowerPro context even without an explicit ability term.,false,[],,,,,,false,OUT_OF_SCOPE,OK,8月18日(金)20時～配信！ 番組では ・パワプロ2022 ・WBSCパワプロ ・パワプロ 栄冠クロス ・パワプロアプリ/パワチャン2023 の情報をご紹介！ この夏はパワプロを遊びつくそう！ 【出演者】 ・清水久嗣 ・細谷美友 【スケジュール】 00:00:00 配信開始 00:03:49 パワプロ2022 00:05:22 WBSCパワプロ 00:08:11 パワプロ 栄冠クロス 00:12:17 パワプロアプリ＆パワチャン 00:35:00 エンディング #パワプロ #パワプロの日,
PPV3-INV-0106,PowerPro,Yk3s29tU0mw,『パワフルプロ野球 栄冠ナイン クロスロード』TVCM　僕らの斎藤佑樹篇,2023-08-10,https://www.youtube.com/watch?v=Yk3s29tU0mw,UCWzEh28vj3mQKpe0fzVTOUw,パワプロ・プロスピ公式チャンネル,official_channel_flat_playlist_then_per_video_metadata,"[""パワプロ"",""パワフルプロ野球""]",POWERPRO_CURRENT_OR_EDITION_CONTEXT: PowerPro term present; retained as official PowerPro context even without an explicit ability term.,false,[],,,,,,false,OUT_OF_SCOPE,OK,元プロ野球選手の斎藤佑樹さんが出演する『パワプロ 栄冠クロス』のテレビCMが 8月6日（日）よりABCテレビ・テレビ朝日系列で放送される「熱闘甲子園」の放送枠で放映中！ 『パワフルプロ野球 栄冠ナイン クロスロード』9月20日(水)より配信開始！ パワプロシリーズの大人気モード「栄冠ナイン」がついにスマホアプリ版で登場！ 【「パワフルプロ野球 栄冠ナイン クロスロード」とは】 高校野球の監督になってチームを育成、甲子園を目指そう。 始めは弱小校でも部員たちが次の世代にバトンをつなぎ、いつかは「甲子園常連校」に！ パワプロシリーズで人気の「栄冠ナイン」の世界観はそのままに、新要素でチーム育成の奥深さがさらにアップ！ 事前登録キャンペーンも実施中！ 詳細はこちら https://www.konami.com/pawa/eikan_crossroad/topic/registration 公式Twitter：https://twitter.com/pawa_eikan573 公式サイト：https://www.konami.com/pawa/eikan_crossroad/,
PPV3-INV-0107,Official channel mixed catalog,SLdb3uO_H9E,杉谷拳士vs糸井嘉男！？　まさかのリアルタイム対戦に大注目！？杉谷のプロスピA成長記！第3弾,2023-08-04,https://www.youtube.com/watch?v=SLdb3uO_H9E,UCWzEh28vj3mQKpe0fzVTOUw,パワプロ・プロスピ公式チャンネル,official_channel_flat_playlist_then_per_video_metadata,"[""プロスピ"",""プロスピA"",""OB""]",PROSPI_ONLY_EXCLUDED_FROM_SP033: Prospi-only video excluded from SP-033 PowerPro lane.,false,[],,,,,,false,OUT_OF_SCOPE,OK,プロ野球OB杉谷拳士さんがプロスピAに初挑戦！ ゼロから始めてプロスピAを楽しみつくす動画企画「杉谷のプロスピA成長記！」第3弾を公開しました。 第3弾では、ゲストで糸井嘉男さんが参戦！ 杉谷さんと同じくプロスピAを始めた糸井さんとリアルタイム対戦で3本勝負を繰り広げます。 第1弾動画はこちら https://youtu.be/gh_vDYPGJps 第2弾動画はこちら https://youtu.be/s6I10vOFLkU さらに、8/11(金・祝)に開催されるVスピリッツカップへの参戦も決定！ 杉谷さんは赤組・糸井さんは青組のメンバーとして大会に臨みます！ Vスピリッツカップの詳細はこちら https://e-baseball.konami.net/event/2023/vspirits_cup/ プロスピAのダウンロードはこちらから https://app.adjust.com/12x74ssh プロスピA公式Twitter https://twitter.com/prospiA_PR プロスピA公式サイト https://www.konami.com/games/prospi_a/ 一般社団法人日本野球機構承認 日本プロ野球名球会公認 日本プロ野球OBクラブ公認 日本プロ野球外国人OB選手会公認 プロ野球フランチャイズ球場公認 Japan Baseball Data(株),
PPV3-INV-0108,Official channel mixed catalog,s6I10vOFLkU,杉谷拳士がプロスピAに初挑戦！杉谷のプロスピA成長記！第2弾,2023-07-28,https://www.youtube.com/watch?v=s6I10vOFLkU,UCWzEh28vj3mQKpe0fzVTOUw,パワプロ・プロスピ公式チャンネル,official_channel_flat_playlist_then_per_video_metadata,"[""プロスピ"",""プロスピA"",""OB""]",PROSPI_ONLY_EXCLUDED_FROM_SP033: Prospi-only video excluded from SP-033 PowerPro lane.,false,[],,,,,,false,OUT_OF_SCOPE,OK,プロ野球OB杉谷拳士さんがプロスピAに初挑戦！ ゼロから始めてプロスピAを楽しみつくす動画企画「杉谷のプロスピA成長記！」第2弾！ 第2弾では、スタートダッシュスカウト&リアルタイム対戦に挑戦！ スタートダッシュスカウトでオーダーを着実に強化しリアルタイム対戦に初挑戦しました。 ホームランも飛び出し順風満帆に思われたリアタイ道・・・しかし試合は衝撃の展開に！ 第1弾動画はこちら https://youtu.be/gh_vDYPGJps プロスピAのダウンロードはこちらから https://app.adjust.com/12x74ssh プロスピA公式Twitter https://twitter.com/prospiA_PR プロスピA公式サイト https://www.konami.com/games/prospi_a/ 一般社団法人日本野球機構承認 日本プロ野球名球会公認 日本プロ野球OBクラブ公認 日本プロ野球外国人OB選手会公認 プロ野球フランチャイズ球場公認 Japan Baseball Data(株) All other copyrights or trademarks are the property of their respective owners and are used under license. ⓒKonami Digital Entertainment,
PPV3-INV-0109,PowerPro,T612eViP4Nw,『パワフルプロ野球 栄冠ナイン クロスロード』ティザームービー,2023-07-24,https://www.youtube.com/watch?v=T612eViP4Nw,UCWzEh28vj3mQKpe0fzVTOUw,パワプロ・プロスピ公式チャンネル,official_channel_flat_playlist_then_per_video_metadata,"[""パワプロ"",""パワフルプロ野球""]",POWERPRO_CURRENT_OR_EDITION_CONTEXT: PowerPro term present; retained as official PowerPro context even without an explicit ability term.,false,[],,,,,,false,OUT_OF_SCOPE,OK,パワプロシリーズの大人気モード「栄冠ナイン」がついにスマホアプリ版で登場！ 『パワフルプロ野球 栄冠ナイン クロスロード』続報をお楽しみに！ 公式Twitter：https://twitter.com/pawa_eikan573 公式サイト：https://www.konami.com/pawa/eikan_crossroad/,
PPV3-INV-0110,Official channel mixed catalog,gh_vDYPGJps,杉谷拳士がプロスピAに初挑戦！杉谷のプロスピA成長記！第1弾,2023-07-21,https://www.youtube.com/watch?v=gh_vDYPGJps,UCWzEh28vj3mQKpe0fzVTOUw,パワプロ・プロスピ公式チャンネル,official_channel_flat_playlist_then_per_video_metadata,"[""プロスピ"",""プロスピA"",""OB""]",PROSPI_ONLY_EXCLUDED_FROM_SP033: Prospi-only video excluded from SP-033 PowerPro lane.,false,[],,,,,,false,OUT_OF_SCOPE,OK,プロ野球OB杉谷拳士さんがプロスピAに初挑戦！ ゼロから始めてプロスピAを楽しみつくす動画企画「杉谷のプロスピA成長記！」第1弾！ 第1弾では、選手育成・Vロードに挑戦。 バッティング・ピッチング操作では、早くも才能の片鱗が・・・！？ これから始まる杉谷さんのプロスピ道が見逃せない！ プロスピAのダウンロードはこちらから https://app.adjust.com/12x74ssh プロスピA公式Twitter https://twitter.com/prospiA_PR プロスピA公式サイト https://www.konami.com/games/prospi_a/ 一般社団法人日本野球機構承認 日本プロ野球名球会公認 日本プロ野球OBクラブ公認 日本プロ野球外国人OB選手会公認 プロ野球フランチャイズ球場公認 Japan Baseball Data(株) All other copyrights or trademarks are the property of their respective owners and are used under license. ⓒKonami Digital Entertainment,
PPV3-INV-0111,PowerPro,EbqnAuxVNcg,【大筒高校編解説】花火を打ち上げて経験点獲得！【パワプロアプリ】,2023-07-18,https://www.youtube.com/watch?v=EbqnAuxVNcg,UCWzEh28vj3mQKpe0fzVTOUw,パワプロ・プロスピ公式チャンネル,official_channel_flat_playlist_then_per_video_metadata,"[""パワプロ""]",POWERPRO_CURRENT_OR_EDITION_CONTEXT: PowerPro term present; retained as official PowerPro context even without an explicit ability term.,false,[],,,,,,false,OUT_OF_SCOPE,OK,新シナリオ #大筒高校 編 7/18～配信開始！ 【「大筒高校編」ストーリー概要】 新シナリオ「大筒高校編」配信！ 攻撃一辺倒の理念を持つ理事長に沿う野球部は近年伸び悩んでいた。 だが、疑問を感じるのは冴木キャプテンただ一人。 冴木と共に野球部の意識を改革し甲子園出場を目指せ！ 部員をスカウトし攻防バランスを整えながら攻略しよう！ SRガチャ券などが貰える配信記念キャンペーンも開催！ #パワプロアプリ 公式Twitter： https://twitter.com/pawa_app573 #パワプロアプリ 公式サイト： https://www.konami.com/pawa/app/,
PPV3-INV-0112,Official channel mixed catalog,ROFYinod-J8,『プロ野球スピリッツA』にあのさん、雪平莉左さん、流那さんが秘書役として登場！,2023-07-10,https://www.youtube.com/watch?v=ROFYinod-J8,UCWzEh28vj3mQKpe0fzVTOUw,パワプロ・プロスピ公式チャンネル,official_channel_flat_playlist_then_per_video_metadata,"[""プロスピ"",""プロ野球スピリッツ""]",PROSPI_ONLY_EXCLUDED_FROM_SP033: Prospi-only video excluded from SP-033 PowerPro lane.,false,[],,,,,,false,OUT_OF_SCOPE,OK,7月17日（月）から開催するイベント「プロスピグランプリ」の秘書役として登場する3人が決定！ 今年の秘書役は 歌手やタレントとして活躍するあのさん 美しすぎるラウンドガールとして話題となったタレントの雪平莉左さん チャンネル登録者数260万を超えるYouTuberトリオ「ばんばんざい」の流那さんの３人 スーツ姿や私服姿など３種類の衣装で登場し、秘書役としてサポートしてくれます！ さらに プロスピグランプリ登場記念 秘書役の3人がKONAMI協賛のプロ野球公式戦始球式に登場する事が決定しました！ 登場日時はこちら！ 7/15(土) 明治神宮球場 流那さん 7/30(日) 福岡PayPayドーム 雪平莉左 さん 8/8(火) エスコンフィールドHOKKAIDO あのさん 3人がどんな投球を披露するのか、ぜひ球場で見届けてください！,
PPV3-INV-0113,PowerPro,5MxTKdbDqvg,【WBSC eBASEBALL™パワフルプロ野球】オリンピックeスポーツシリーズ2023 野球競技 日本予選ファイナル ハイライト,2023-06-09,https://www.youtube.com/watch?v=5MxTKdbDqvg,UCWzEh28vj3mQKpe0fzVTOUw,パワプロ・プロスピ公式チャンネル,official_channel_flat_playlist_then_per_video_metadata,"[""パワプロ"",""パワフルプロ野球"",""powerpro""]",POWERPRO_CURRENT_OR_EDITION_CONTEXT: PowerPro term present; retained as official PowerPro context even without an explicit ability term.,false,[],,,,,,false,OUT_OF_SCOPE,OK,4月に行われたオリンピックeスポーツシリーズ2023 野球競技 日本予選ファイナルのハイライト動画をお届けします。勝ち上がった4名は6月22日(木)からのオリンピックeスポーツシリーズ 2023 決勝に進出します。4名の選手の活躍をお楽しみに！ ●出演者 ・実況：近藤祐司 ・解説：G.G.佐藤 ・ゲーム解説：田中一朗 ●オリンピックeスポーツシリーズ 2023 決勝 出場選手はこちらをご覧ください。 https://www.konami.com/games/corporate/ja/news/release/20230608/ ●「オリンピックeスポーツシリーズ(Olympic Esports Series)」とは 国際オリンピック委員会（IOC）が各国際競技連盟と主催するバーチャルスポーツ大会で、 2021年のオリンピック バーチャル シリーズに引き続き今回が2回目の開催。 今回は『WBSC eBASEBALL™パワフルプロ野球』 が野球競技のタイトルとして採用。 本タイトルは従来の日本に加え海外でも配信され大会規模がスケールアップ。 決勝大会は6月22日（木）から25日（日）にかけて、「第一回オリンピックeスポーツウィーク」のハイライトとしてシンガポールのサンテックセンターで開催予定。 ●WBSC eBASEBALL™パワフルプロ野球について 商品詳細は以下公式WEBサイトをご,
PPV3-INV-0114,Official channel mixed catalog,rxvlUJpzR_A,イチローVS平成の怪物 再び！イチローがプロスピAを初プレイ【WORLD BASEBALL CLASSIC™】,2023-03-07,https://www.youtube.com/watch?v=rxvlUJpzR_A,UCWzEh28vj3mQKpe0fzVTOUw,パワプロ・プロスピ公式チャンネル,official_channel_flat_playlist_then_per_video_metadata,"[""プロスピ"",""プロスピA"",""OB""]",PROSPI_ONLY_EXCLUDED_FROM_SP033: Prospi-only video excluded from SP-033 PowerPro lane.,false,[],,,,,,false,OUT_OF_SCOPE,OK,"2023 WORLD BASEBALL CLASSIC™の開催を記念して プロスピA に2009日本代表選手が2023年3月8日(水)15:00から登場！ 今回はイチローさんがプロスピAを初プレイ！ 動画内ではゲーム内で平成の怪物との再戦が実現！ 対戦当時の様子についても語っていただきました。 さらにイチローさんが語る「イチローの抑え方」などここでしか聞けないお話が盛りだくさん。 ぜひ本編をご覧ください。 ▼「イチローが選ぶ2006/2009日本代表ベストオーダー」篇はこちら https://youtu.be/rvJf5CppWGo プロスピA公式Twitter https://twitter.com/prospiA_PR プロスピA公式サイト https://www.konami.com/games/prospi_a/ Trademarks, copyrights, names, images and other proprietary materials are used with permission of World Baseball Classic, Inc. 一般社団法人日本野球機構承認 ⓒ2023 SAMURAI JAPAN 日本プロ野球名球会公認 日本プロ野球OBクラブ公認 日本プロ野球外国人OB選手会公認 プロ野球フランチャイズ球場公認 Japan Basebal",
PPV3-INV-0115,Official channel mixed catalog,rvJf5CppWGo,決め手は〇〇の強さ！？イチローが選ぶ2006/2009日本代表ベストオーダー！ 【WORLD BASEBALL CLASSIC™】【プロスピA】,2023-03-06,https://www.youtube.com/watch?v=rvJf5CppWGo,UCWzEh28vj3mQKpe0fzVTOUw,パワプロ・プロスピ公式チャンネル,official_channel_flat_playlist_then_per_video_metadata,"[""プロスピ"",""プロスピA"",""OB""]",PROSPI_ONLY_EXCLUDED_FROM_SP033: Prospi-only video excluded from SP-033 PowerPro lane.,false,[],,,,,,false,OUT_OF_SCOPE,OK,"2023 WORLD BASEBALL CLASSIC™の開催を記念して プロスピA に2009日本代表選手が2023年3月8日(水)15:00から登場！ 「2006/2009 WORLD BASEBALL CLASSIC™」を イチローさんと共に戦った優勝メンバーの中からベストオーダーを選出。 メンバーや大会への思いのほか、日の丸を背負う覚悟など、イチローさんならではの言葉で語っています。 ▼「イチロープロスピA初プレイ」篇はこちら https://youtu.be/rxvlUJpzR_A プロスピA公式Twitter https://twitter.com/prospiA_PR プロスピA公式サイト https://www.konami.com/games/prospi_a/ Trademarks, copyrights, names, images and other proprietary materials are used with permission of World Baseball Classic, Inc. 一般社団法人日本野球機構承認 ⓒ2023 SAMURAI JAPAN 日本プロ野球名球会公認 日本プロ野球OBクラブ公認 日本プロ野球外国人OB選手会公認 プロ野球フランチャイズ球場公認 Japan Baseball Data(株) All other c",
PPV3-INV-0116,Official channel mixed catalog,HL0KfuD0dVM,【あの感動が蘇る】日本代表版イチローが登場！？プロスピAに2006/2009 WORLD BASEBALL CLASSIC™日本代表選手が登場！？,2023-02-28,https://www.youtube.com/watch?v=HL0KfuD0dVM,UCWzEh28vj3mQKpe0fzVTOUw,パワプロ・プロスピ公式チャンネル,official_channel_flat_playlist_then_per_video_metadata,"[""プロスピ"",""プロスピA"",""OB""]",PROSPI_ONLY_EXCLUDED_FROM_SP033: Prospi-only video excluded from SP-033 PowerPro lane.,false,[],,,,,,false,OUT_OF_SCOPE,OK,"2023 WORLD BASEBALL CLASSIC™の開催を記念してプロスピAに2006 / 2009日本代表選手が登場します！ 2006年・2009年大会で世界一に輝いたメンバーたちの登場をお楽しみに！ 2006 / 2009 日本代表セレクションはそれぞれ下記日程で登場予定です。 ＜2006 日本代表セレクション＞ 2023年3月1日(水)15:00～ ＜2009 日本代表セレクション＞ 2023年3月8日(水)15:00～ さらに今後2本のスペシャル動画の公開も予定しています！ ＜イチローさんが選ぶ2006/2009 WORLD BASEBALL CLASSIC™ 日本代表選手ベストナインオーダー篇＞ 2023年3月6日(月) 公開予定 ＜イチローさんのプロスピA初プレイ篇＞ 2023年3月7日(火)公開予定 ぜひお楽しみに！ プロスピA公式Twitter https://twitter.com/prospiA_PR プロスピA公式サイト https://www.konami.com/games/prospi_a/ Trademarks, copyrights, names, images and other proprietary materials are used with permission of World Baseball Classic, Inc. 一般社",
PPV3-INV-0117,PowerPro,whVGBVJBRqg,【彩菊花高校編】新シナリオ解説ムービー【パワプロアプリ】,2023-02-20,https://www.youtube.com/watch?v=whVGBVJBRqg,UCWzEh28vj3mQKpe0fzVTOUw,パワプロ・プロスピ公式チャンネル,official_channel_flat_playlist_then_per_video_metadata,"[""パワプロ"",""能力""]",POWERPRO_SIGNAL_WITH_ABILITY_OR_PLAYER_SERIES_CONTEXT: PowerPro term plus ability/player/update/series signal in title or description.,false,[],,,,,,false,OUT_OF_SCOPE,OK,新シナリオ #彩菊花高校 編 2/20～配信開始！ 【「彩菊花高校編」ストーリー概要】 新シナリオ「彩菊花高校編」配信！ 「特殊選抜学科」のエリート生徒たちは超能力者だった！ 新入部員として加わった超能力者とともに野球に励む日々が始まる。 秘められた超能力を開発し、甲子園優勝を目指そう！ SRガチャ券などが貰える配信記念CPも開催！ #パワプロアプリ 公式Twitter： https://twitter.com/pawa_app573 #パワプロアプリ 公式サイト： https://www.konami.com/pawa/app/,
PPV3-INV-0118,PowerPro,_idjhoyeOQc,【初心者必見！】基本的な操作方法を学ぼう！【WBSC eBASEBALL™パワフルプロ野球】,2023-02-13,https://www.youtube.com/watch?v=_idjhoyeOQc,UCWzEh28vj3mQKpe0fzVTOUw,パワプロ・プロスピ公式チャンネル,official_channel_flat_playlist_then_per_video_metadata,"[""パワプロ"",""パワフルプロ野球"",""powerpro""]",POWERPRO_CURRENT_OR_EDITION_CONTEXT: PowerPro term present; retained as official PowerPro context even without an explicit ability term.,false,[],,,,,,false,OUT_OF_SCOPE,OK,"初めてパワプロをプレイする方に向け、ぜひ知ってほしいことをまとめました。 これを見て、世界中のライバルとパワプロを楽しもう！ バッティング編 0:00 ~ ピッチング編 1:00 ~ その他編(守備) 2:00 ~ その他編(走塁) 2:30~ “世界が待っている 君の出番を” 「WBSC eBASEBALL™パワフルプロ野球」（Nintendo Switch™・PlayStation®4）発売中！ 公式サイト：https://www.konami.com/pawa/wbsc/ja/?utm_source=youtube&utm_medium=social&utm_content=Howto_jp&utm_campaign=pawa_wbsc #WBSC, #パワプロ, #eBASEBALL, #POWERPROS, ""eBASEBALL""は、株式会社コナミデジタルエンタテインメントの日本およびその他の国と地域における登録商標または商標です。 Official licensed videogame of World Baseball Softball Confederation ©Konami Digital Entertainment",
PPV3-INV-0119,PowerPro,zprm0hX_DZc,【Beginner's Guide!】 Let's Learn the Basics! 【WBSC eBASEBALL™: POWER PROS】,2023-02-13,https://www.youtube.com/watch?v=zprm0hX_DZc,UCWzEh28vj3mQKpe0fzVTOUw,パワプロ・プロスピ公式チャンネル,official_channel_flat_playlist_then_per_video_metadata,"[""パワプロ"",""powerpro""]",POWERPRO_CURRENT_OR_EDITION_CONTEXT: PowerPro term present; retained as official PowerPro context even without an explicit ability term.,false,[],,,,,,false,OUT_OF_SCOPE,OK,"If you're new to POWER PROS, watch this guide to enjoy playing the game even more! It has everything that you should know to compete with players from around the world! Batting 0:00 ~ Pitching 1:00 ~ Others (Fielding) 2:00 ~ Others (Control Runners) 2:30 ~ ""The World Awaits"" （Nintendo Switch™・PlayStation®4）Now on sale. Official site: https://www.konami.com/pawa/wbsc/en/?utm_source=youtube&utm_medium=social&utm_content=Howto_en&utm_campaign=pawa_wbsc #POWERPROS, #WBSC, #パワプロ, #eBASEBALL, Official licensed videogame of World Baseball Softball Confederation ""eBASEBALL"" is a registered trademark o",
PPV3-INV-0120,PowerPro,H37-DRXbMgQ,【切り抜き】新シナリオ「天盟高校」特集,2022-11-25,https://www.youtube.com/watch?v=H37-DRXbMgQ,UCWzEh28vj3mQKpe0fzVTOUw,パワプロ・プロスピ公式チャンネル,official_channel_flat_playlist_then_per_video_metadata,"[""パワプロ""]",POWERPRO_CURRENT_OR_EDITION_CONTEXT: PowerPro term present; retained as official PowerPro context even without an explicit ability term.,false,[],,,,,,false,OUT_OF_SCOPE,OK,新シナリオ「天盟高校編」11/24から配信開始！ 突如目の前に現れた、自らを神と称する子供。 個性豊かな神々も加わって、野球部の日常が大きく動き出す！ 神様とともに甲子園を目指す！夢かうつつか、人と神が織りなす成長ストーリーここに降臨！「総合評価No.1」の野手を育成できるかを競うイベント「最強決定戦」（11月29日13:59まで）も開催中 #パワプロ ＃天盟高校 #パワプロアプリ8周年 #パワプロアプリ DLはこちら https://konami.jp/3HkbcQP #パワプロアプリ 公式Twitter： https://twitter.com/pawa_app573 #パワプロアプリ 公式サイト： https://www.konami.com/pawa/app/,
PPV3-INV-0121,PowerPro,KBAJDOWxkfE,【超豪華】もしイチローが投手だったら!?全ポジションイチローの豪華チームも登場！,2022-11-09,https://www.youtube.com/watch?v=KBAJDOWxkfE,UCWzEh28vj3mQKpe0fzVTOUw,パワプロ・プロスピ公式チャンネル,official_channel_flat_playlist_then_per_video_metadata,"[""パワプロ""]",POWERPRO_CURRENT_OR_EDITION_CONTEXT: PowerPro term present; retained as official PowerPro context even without an explicit ability term.,false,[],,,,,,false,OUT_OF_SCOPE,OK,イチロー × パワプロアプリ コラボ実施中！ 今ならログインで「PR[投手]イチロー」もらえる！ 期間：11月9日（水）メンテナンス終了後 ～ 11月24日（木） 8:59 今回のテーマは「もしイチローさんが投手だったら」。 「[投手]イチロー」をイベキャラ化するために、イチローさんご本人にインタビューをさせていただきました！ イチローさんの『パワプロアプリ』をプレー姿など、見どころが盛りだくさん！ ＜出演者＞ #イチロー さん ＜コラボ期間＞ 11月9日(水)メンテナンス終了後 ～ 11月24日(木)8:59 #パワプロアプリ DLはこちら https://konami.jp/3HkbcQP #パワプロアプリ 公式Twitter： https://twitter.com/pawa_app573 #パワプロアプリ 公式サイト： https://www.konami.com/pawa/app/ #投手イチロー,
PPV3-INV-0122,Official channel mixed catalog,rifMNBPWdiA,イチローが12球団のレジェンドOB選手を語る【イチローセレクション】,2022-10-20,https://www.youtube.com/watch?v=rifMNBPWdiA,UCWzEh28vj3mQKpe0fzVTOUw,パワプロ・プロスピ公式チャンネル,official_channel_flat_playlist_then_per_video_metadata,"[""プロスピ"",""プロ野球スピリッツ"",""プロスピA"",""OB""]",PROSPI_ONLY_EXCLUDED_FROM_SP033: Prospi-only video excluded from SP-033 PowerPro lane.,false,[],,,,,,false,OUT_OF_SCOPE,OK,プロ野球スピリッツAに10月21日から「イチローセレクション」としてイチローさんに選んで頂いたレジェンドOB選手が各球団1名ずつ計12名登場します。 どんな想いや記憶を辿りながら12名のOB選手を選出したのか、カメラの前で語ってくださいました。 プロスピA公式Twitter https://twitter.com/prospiA_PR プロスピA公式サイト https://www.konami.com/games/prospi_a/ 一般社団法人日本野球機構承認 日本プロ野球名球会公認 日本プロ野球OBクラブ公認 日本プロ野球外国人OB選手会公認 ©Konami Digital Entertainment,
PPV3-INV-0123,Official channel mixed catalog,zHf51TCsWyE,【激闘】いざプレーボール！インフルエンサー野球大会2022～後編～,2022-09-30,https://www.youtube.com/watch?v=zHf51TCsWyE,UCWzEh28vj3mQKpe0fzVTOUw,パワプロ・プロスピ公式チャンネル,official_channel_flat_playlist_then_per_video_metadata,[],NO_POWERPRO_SIGNAL: No PowerPro signal in the fetched title/description.,false,[],,,,,,false,OUT_OF_SCOPE,OK,■前編はこちら https://youtu.be/f2wWls9R3Q0 ■新チャンネルはこちら⚾ URL :https://www.youtube.com/channel/UCLgfkn8H7_p9pgqAFTSG96g ■インフルエンサー野球大会レギュレーション ▼イニング数 5イニング ▼使用球 軟式球 ▼特別ルール ①DH枠を複数採用 ②守備位置（DHを含む）の交代は自由。交代回数の制限はなし ★今回の出場選手はこちら※あいうえお順 ◆AKIさん（AKI GAME TV-アキゲームズ-） https://www.youtube.com/c/AKIGAMETV ◆あきとさん＆ちかやさん＆ゆーとさん（えんどれす【Endless】） https://www.youtube.com/channel/UCFSUl1pGKKqMddDuiGXvYXg ◆あつたさん＆じゅん(兄貴)さん（アイルトンモカ-AyrtonMocha-） https://www.youtube.com/channel/UCHy2kC9DmKCU6_QF9YHqpcw ◆伊吹さん＆よへさん（伊吹とよへ） https://www.tiktok.com/@ibukitoyohedayo ◆V.I.Pさん（【V.I.P】） https://www.youtube.com/c/vipbb ◆クーニンさん（qooninTV）,
PPV3-INV-0124,Official channel mixed catalog,f2wWls9R3Q0,【総勢26名】インフルエンサー同士の本気の野球対決！インフルエンサー野球大会2022～前編～,2022-09-29,https://www.youtube.com/watch?v=f2wWls9R3Q0,UCWzEh28vj3mQKpe0fzVTOUw,パワプロ・プロスピ公式チャンネル,official_channel_flat_playlist_then_per_video_metadata,"[""対決""]",NO_POWERPRO_SIGNAL: No PowerPro signal in the fetched title/description.,false,[],,,,,,false,OUT_OF_SCOPE,OK,後編は9月30日に公開予定！お楽しみに！ ■インフルエンサー野球大会レギュレーション ▼イニング数 5イニング ▼使用球 軟式球 ▼特別ルール ①DH枠を複数採用 ②守備位置（DHを含む）の交代は自由。交代回数の制限はなし ★今回の出場選手はこちら ※あいうえお順 ◆AKIさん（AKI GAME TV-アキゲームズ-） https://www.youtube.com/c/AKIGAMETV ◆あきとさん＆ちかやさん＆ゆーとさん（えんどれす【Endless】） https://www.youtube.com/channel/UCFSUl1pGKKqMddDuiGXvYXg ◆あつたさん＆じゅん(兄貴)さん（アイルトンモカ-AyrtonMocha-） https://www.youtube.com/channel/UCHy2kC9DmKCU6_QF9YHqpcw ◆伊吹さん＆よへさん（伊吹とよへ） https://www.tiktok.com/@ibukitoyohedayo ◆V.I.Pさん（【V.I.P】） https://www.youtube.com/c/vipbb ◆クーニンさん（qooninTV） https://www.youtube.com/c/qooninTV ◆CLAYさん（CLAY） https://www.youtube.com/c/CLAYGAMESCHANN,
PPV3-INV-0125,PowerPro,Cya8GKbmofc,『eBASEBALLパワフルプロ野球2022』WebCM/栄冠ナインver.,2022-08-08,https://www.youtube.com/watch?v=Cya8GKbmofc,UCWzEh28vj3mQKpe0fzVTOUw,パワプロ・プロスピ公式チャンネル,official_channel_flat_playlist_then_per_video_metadata,"[""パワフルプロ野球"",""OB""]",POWERPRO_SIGNAL_WITH_ABILITY_OR_PLAYER_SERIES_CONTEXT: PowerPro term plus ability/player/update/series signal in title or description.,false,[],,,,,,false,OUT_OF_SCOPE,OK,"“何度だって、熱くなれる。” 「eBASEBALLパワフルプロ野球2022」（Nintendo Switch™・PlayStation®4）発売中！ 公式サイト： https://www.konami.com/pawa/2022/ 一般社団法人日本野球機構承認 日本プロ野球名球会公認 日本プロ野球OBクラブ公認 プロ野球フランチャイズ球場公認 ゲーム内に再現された球場内看板は、原則として2021年プロ野球ペナントシーズン中のデータを基に制作しています。 Japan Baseball Data(株) データは、Japan Baseball Data(株)が独自に収集したものであり、公式記録とは異なる場合があります。提供情報の手段を問わず、いかなる目的であれ無断で複製、転送、販売等を行うことを固く禁じます。All other copyrights or trademarks are the property of their respective owners and are used under license. ""eBASEBALL""は、株式会社コナミデジタルエンタテインメントの登録商標です。©Konami Digital Entertainment",
PPV3-INV-0126,PowerPro,EWwjWrfJmTY,『パワプロチャンピオンシップス2017』 - 「Flying High」加賀美ハヤト歌唱ver.,2022-06-16,https://www.youtube.com/watch?v=EWwjWrfJmTY,UCWzEh28vj3mQKpe0fzVTOUw,パワプロ・プロスピ公式チャンネル,official_channel_flat_playlist_then_per_video_metadata,"[""パワプロ"",""パワフルプロ野球"",""OB""]",POWERPRO_SIGNAL_WITH_ABILITY_OR_PLAYER_SERIES_CONTEXT: PowerPro term plus ability/player/update/series signal in title or description.,false,[],,,,,,false,OUT_OF_SCOPE,OK,「にじさんじ甲子園2021」の優勝者、加賀美ハヤトさんが歌う「Flying High」が 最新作『eBASEBALLパワフルプロ野球2022』のゲーム内BGMとして登場！ “何度だって、熱くなれる。” 「eBASEBALLパワフルプロ野球2022」（Nintendo Switch™・PlayStation®4）発売中！ 公式サイト： https://www.konami.com/pawa/2022/ 「Flying High」 見たことのない景色 探して踏み出した tomorrow's way Let's gather 'round for a showdown tonight 夢追いし者たちが 辿り着くこの舞台 さぁ今 始まりのコールが響き渡る 幾千もの願いが 呼び覚ました想いが溢れて 渦巻く感情の嵐に we dive 飛び込むのさ Flying high! 感じたい (Fly to the sky) 駆け抜ける衝動に (Reach the top! Never stop!) 身を任せて keep moving on 運命は切り開いていくものさ 無限大の可能性信じて その胸に描いた夢 生まれた希望を抱きしめて 走り出す背中に送るエール What is real? 進む時代 (To where I believe) I believe まだ誰も知らない明日へ 答えを見つけに行こう ,
PPV3-INV-0127,PowerPro,MhnpZOwMlrI,【PV】実況パワフルプロ野球（パワプロアプリ）プロモーションムービー2022年版,2022-04-25,https://www.youtube.com/watch?v=MhnpZOwMlrI,UCWzEh28vj3mQKpe0fzVTOUw,パワプロ・プロスピ公式チャンネル,official_channel_flat_playlist_then_per_video_metadata,"[""パワプロ"",""パワフルプロ野球"",""実況パワフルプロ野球""]",POWERPRO_CURRENT_OR_EDITION_CONTEXT: PowerPro term present; retained as official PowerPro context even without an explicit ability term.,false,[],,,,,,false,OUT_OF_SCOPE,OK,いつでもどこでも遊べる、大人気野球ゲームアプリ「実況パワフルプロ野球」 新たに「パワクエ」が加わり、「サクセス」「スタジアム」「パワクエ」の ３つのモードで、やればやるほど楽しさ広がる！ 野球ゲームの決定版「パワプロ」をスマホで楽しもう！ #パワプロ #野球 #パワフルプロ野球 #パワプロアプリ DLはこちら https://konami.jp/3HkbcQP #パワプロアプリ 公式Twitter： https://twitter.com/pawa_app573 #パワプロアプリ 公式サイト： https://www.konami.com/pawa/app/,
PPV3-INV-0128,PowerPro,hutczJnT4xg,パワプロ2022TVCM イチロー編 A,2022-04-21,https://www.youtube.com/watch?v=hutczJnT4xg,UCWzEh28vj3mQKpe0fzVTOUw,パワプロ・プロスピ公式チャンネル,official_channel_flat_playlist_then_per_video_metadata,"[""パワプロ"",""パワフルプロ野球"",""OB""]",POWERPRO_SIGNAL_WITH_ABILITY_OR_PLAYER_SERIES_CONTEXT: PowerPro term plus ability/player/update/series signal in title or description.,false,[],,,,,,false,OUT_OF_SCOPE,OK,"“何度だって、熱くなれる。” 「eBASEBALLパワフルプロ野球2022」（Nintendo Switch™・PlayStation®4）4月21日発売！ 公式サイト： https://www.konami.com/pawa/2022/ 一般社団法人日本野球機構承認 日本プロ野球名球会公認 日本プロ野球OBクラブ公認 プロ野球フランチャイズ球場公認 ゲーム内に再現された球場内看板は、原則として2021年プロ野球ペナントシーズン中のデータを基に制作しています。 Japan Baseball Data(株) データは、Japan Baseball Data(株)が独自に収集したものであり、公式記録とは異なる場合があります。提供情報の手段を問わず、いかなる目的であれ無断で複製、転送、販売等を行うことを固く禁じます。All other copyrights or trademarks are the property of their respective owners and are used under license. ""eBASEBALL""は、株式会社コナミデジタルエンタテインメントの登録商標です。©Konami Digital Entertainment",
PPV3-INV-0129,PowerPro,7rs2MIeGIac,パワプロ2022TVCM イチロー編 B,2022-04-21,https://www.youtube.com/watch?v=7rs2MIeGIac,UCWzEh28vj3mQKpe0fzVTOUw,パワプロ・プロスピ公式チャンネル,official_channel_flat_playlist_then_per_video_metadata,"[""パワプロ"",""パワフルプロ野球"",""OB""]",POWERPRO_SIGNAL_WITH_ABILITY_OR_PLAYER_SERIES_CONTEXT: PowerPro term plus ability/player/update/series signal in title or description.,false,[],,,,,,false,OUT_OF_SCOPE,OK,"“何度だって、熱くなれる。” 「eBASEBALLパワフルプロ野球2022」（Nintendo Switch™・PlayStation®4）4月21日発売！ 公式サイト： https://www.konami.com/pawa/2022/ 一般社団法人日本野球機構承認 日本プロ野球名球会公認 日本プロ野球OBクラブ公認 プロ野球フランチャイズ球場公認 ゲーム内に再現された球場内看板は、原則として2021年プロ野球ペナントシーズン中のデータを基に制作しています。 Japan Baseball Data(株) データは、Japan Baseball Data(株)が独自に収集したものであり、公式記録とは異なる場合があります。提供情報の手段を問わず、いかなる目的であれ無断で複製、転送、販売等を行うことを固く禁じます。All other copyrights or trademarks are the property of their respective owners and are used under license. ""eBASEBALL""は、株式会社コナミデジタルエンタテインメントの登録商標です。©Konami Digital Entertainment",
PPV3-INV-0130,PowerPro,nWfLh_bEs9A,イチロー×パワプロ2022①読売ジャイアンツ/横浜DeNAベイスターズ編,2022-04-20,https://www.youtube.com/watch?v=nWfLh_bEs9A,UCWzEh28vj3mQKpe0fzVTOUw,パワプロ・プロスピ公式チャンネル,official_channel_flat_playlist_then_per_video_metadata,"[""パワプロ"",""パワフルプロ野球"",""OB""]",POWERPRO_SIGNAL_WITH_ABILITY_OR_PLAYER_SERIES_CONTEXT: PowerPro term plus ability/player/update/series signal in title or description.,false,[],,,,,,false,OUT_OF_SCOPE,OK,"“何度だって、熱くなれる。” 「eBASEBALLパワフルプロ野球2022」（Nintendo Switch™・PlayStation®4）4月21日発売！ 公式サイト： https://www.konami.com/pawa/2022/ 一般社団法人日本野球機構承認 日本プロ野球名球会公認 日本プロ野球OBクラブ公認 プロ野球フランチャイズ球場公認 ゲーム内に再現された球場内看板は、原則として2021年プロ野球ペナントシーズン中のデータを基に制作しています。 Japan Baseball Data(株) データは、Japan Baseball Data(株)が独自に収集したものであり、公式記録とは異なる場合があります。提供情報の手段を問わず、いかなる目的であれ無断で複製、転送、販売等を行うことを固く禁じます。All other copyrights or trademarks are the property of their respective owners and are used under license. ""eBASEBALL""は、株式会社コナミデジタルエンタテインメントの登録商標です。©Konami Digital Entertainment",
PPV3-INV-0131,PowerPro,vPI5OukxMbk,イチロー×パワプロ2022②千葉ロッテマリーンズ/北海道日本ハムファイターズ編,2022-04-20,https://www.youtube.com/watch?v=vPI5OukxMbk,UCWzEh28vj3mQKpe0fzVTOUw,パワプロ・プロスピ公式チャンネル,official_channel_flat_playlist_then_per_video_metadata,"[""パワプロ"",""パワフルプロ野球"",""OB""]",POWERPRO_SIGNAL_WITH_ABILITY_OR_PLAYER_SERIES_CONTEXT: PowerPro term plus ability/player/update/series signal in title or description.,false,[],,,,,,false,OUT_OF_SCOPE,OK,"“何度だって、熱くなれる。” 「eBASEBALLパワフルプロ野球2022」（Nintendo Switch™・PlayStation®4）4月21日発売！ 公式サイト： https://www.konami.com/pawa/2022/ 一般社団法人日本野球機構承認 日本プロ野球名球会公認 日本プロ野球OBクラブ公認 プロ野球フランチャイズ球場公認 ゲーム内に再現された球場内看板は、原則として2021年プロ野球ペナントシーズン中のデータを基に制作しています。 Japan Baseball Data(株) データは、Japan Baseball Data(株)が独自に収集したものであり、公式記録とは異なる場合があります。提供情報の手段を問わず、いかなる目的であれ無断で複製、転送、販売等を行うことを固く禁じます。All other copyrights or trademarks are the property of their respective owners and are used under license. ""eBASEBALL""は、株式会社コナミデジタルエンタテインメントの登録商標です。©Konami Digital Entertainment",
PPV3-INV-0132,PowerPro,hv64sLcUx-g,イチロー×パワプロ2022③オリックス・バファローズ/福岡ソフトバンクホークス編,2022-04-20,https://www.youtube.com/watch?v=hv64sLcUx-g,UCWzEh28vj3mQKpe0fzVTOUw,パワプロ・プロスピ公式チャンネル,official_channel_flat_playlist_then_per_video_metadata,"[""パワプロ"",""パワフルプロ野球"",""OB""]",POWERPRO_SIGNAL_WITH_ABILITY_OR_PLAYER_SERIES_CONTEXT: PowerPro term plus ability/player/update/series signal in title or description.,false,[],,,,,,false,OUT_OF_SCOPE,OK,"“何度だって、熱くなれる。” 「eBASEBALLパワフルプロ野球2022」（Nintendo Switch™・PlayStation®4）4月21日発売！ 公式サイト： https://www.konami.com/pawa/2022/ 一般社団法人日本野球機構承認 日本プロ野球名球会公認 日本プロ野球OBクラブ公認 プロ野球フランチャイズ球場公認 ゲーム内に再現された球場内看板は、原則として2021年プロ野球ペナントシーズン中のデータを基に制作しています。 Japan Baseball Data(株) データは、Japan Baseball Data(株)が独自に収集したものであり、公式記録とは異なる場合があります。提供情報の手段を問わず、いかなる目的であれ無断で複製、転送、販売等を行うことを固く禁じます。All other copyrights or trademarks are the property of their respective owners and are used under license. ""eBASEBALL""は、株式会社コナミデジタルエンタテインメントの登録商標です。©Konami Digital Entertainment",
PPV3-INV-0133,PowerPro,lJcO0A2iR3g,イチロー×パワプロ2022④東北楽天ゴールデンイーグルス/埼玉西武ライオンズ編,2022-04-20,https://www.youtube.com/watch?v=lJcO0A2iR3g,UCWzEh28vj3mQKpe0fzVTOUw,パワプロ・プロスピ公式チャンネル,official_channel_flat_playlist_then_per_video_metadata,"[""パワプロ"",""パワフルプロ野球"",""OB""]",POWERPRO_SIGNAL_WITH_ABILITY_OR_PLAYER_SERIES_CONTEXT: PowerPro term plus ability/player/update/series signal in title or description.,false,[],,,,,,false,OUT_OF_SCOPE,OK,"“何度だって、熱くなれる。” 「eBASEBALLパワフルプロ野球2022」（Nintendo Switch™・PlayStation®4）4月21日発売！ 公式サイト： https://www.konami.com/pawa/2022/ 一般社団法人日本野球機構承認 日本プロ野球名球会公認 日本プロ野球OBクラブ公認 プロ野球フランチャイズ球場公認 ゲーム内に再現された球場内看板は、原則として2021年プロ野球ペナントシーズン中のデータを基に制作しています。 Japan Baseball Data(株) データは、Japan Baseball Data(株)が独自に収集したものであり、公式記録とは異なる場合があります。提供情報の手段を問わず、いかなる目的であれ無断で複製、転送、販売等を行うことを固く禁じます。All other copyrights or trademarks are the property of their respective owners and are used under license. ""eBASEBALL""は、株式会社コナミデジタルエンタテインメントの登録商標です。©Konami Digital Entertainment",
PPV3-INV-0134,PowerPro,iHlsBk5RIao,イチロー×パワプロ2022⑤阪神タイガース/中日ドラゴンズ編,2022-04-20,https://www.youtube.com/watch?v=iHlsBk5RIao,UCWzEh28vj3mQKpe0fzVTOUw,パワプロ・プロスピ公式チャンネル,official_channel_flat_playlist_then_per_video_metadata,"[""パワプロ"",""パワフルプロ野球"",""OB""]",POWERPRO_SIGNAL_WITH_ABILITY_OR_PLAYER_SERIES_CONTEXT: PowerPro term plus ability/player/update/series signal in title or description.,false,[],,,,,,false,OUT_OF_SCOPE,OK,"“何度だって、熱くなれる。” 「eBASEBALLパワフルプロ野球2022」（Nintendo Switch™・PlayStation®4）4月21日発売！ 公式サイト： https://www.konami.com/pawa/2022/ 一般社団法人日本野球機構承認 日本プロ野球名球会公認 日本プロ野球OBクラブ公認 プロ野球フランチャイズ球場公認 ゲーム内に再現された球場内看板は、原則として2021年プロ野球ペナントシーズン中のデータを基に制作しています。 Japan Baseball Data(株) データは、Japan Baseball Data(株)が独自に収集したものであり、公式記録とは異なる場合があります。提供情報の手段を問わず、いかなる目的であれ無断で複製、転送、販売等を行うことを固く禁じます。All other copyrights or trademarks are the property of their respective owners and are used under license. ""eBASEBALL""は、株式会社コナミデジタルエンタテインメントの登録商標です。©Konami Digital Entertainment",
PPV3-INV-0135,PowerPro,pfh4R1DlONY,イチロー×パワプロ2022⑥東京ヤクルトスワローズ/広島東洋カープ編,2022-04-20,https://www.youtube.com/watch?v=pfh4R1DlONY,UCWzEh28vj3mQKpe0fzVTOUw,パワプロ・プロスピ公式チャンネル,official_channel_flat_playlist_then_per_video_metadata,"[""パワプロ"",""パワフルプロ野球"",""OB""]",POWERPRO_SIGNAL_WITH_ABILITY_OR_PLAYER_SERIES_CONTEXT: PowerPro term plus ability/player/update/series signal in title or description.,false,[],,,,,,false,OUT_OF_SCOPE,OK,"“何度だって、熱くなれる。” 「eBASEBALLパワフルプロ野球2022」（Nintendo Switch™・PlayStation®4）4月21日発売！ 公式サイト： https://www.konami.com/pawa/2022/ 一般社団法人日本野球機構承認 日本プロ野球名球会公認 日本プロ野球OBクラブ公認 プロ野球フランチャイズ球場公認 ゲーム内に再現された球場内看板は、原則として2021年プロ野球ペナントシーズン中のデータを基に制作しています。 Japan Baseball Data(株) データは、Japan Baseball Data(株)が独自に収集したものであり、公式記録とは異なる場合があります。提供情報の手段を問わず、いかなる目的であれ無断で複製、転送、販売等を行うことを固く禁じます。All other copyrights or trademarks are the property of their respective owners and are used under license. ""eBASEBALL""は、株式会社コナミデジタルエンタテインメントの登録商標です。©Konami Digital Entertainment",
PPV3-INV-0136,PowerPro,d4kEUN71BwU,『実況パワフルプロ野球 サクセススペシャル』プロモーションムービー,2022-04-19,https://www.youtube.com/watch?v=d4kEUN71BwU,UCWzEh28vj3mQKpe0fzVTOUw,パワプロ・プロスピ公式チャンネル,official_channel_flat_playlist_then_per_video_metadata,"[""パワフルプロ野球"",""実況パワフルプロ野球""]",POWERPRO_CURRENT_OR_EDITION_CONTEXT: PowerPro term present; retained as official PowerPro context even without an explicit ability term.,false,[],,,,,,false,OUT_OF_SCOPE,OK,https://www.konami.com/pawa/success_sp/,
PPV3-INV-0137,Official channel mixed catalog,ZOnBP3S1w2E,プロ野球スピリッツA PV 2022年度版,2022-03-30,https://www.youtube.com/watch?v=ZOnBP3S1w2E,UCWzEh28vj3mQKpe0fzVTOUw,パワプロ・プロスピ公式チャンネル,official_channel_flat_playlist_then_per_video_metadata,"[""プロスピ"",""プロ野球スピリッツ"",""プロスピA""]",PROSPI_ONLY_EXCLUDED_FROM_SP033: Prospi-only video excluded from SP-033 PowerPro lane.,false,[],,,,,,false,OUT_OF_SCOPE,OK,「3Dスキャン」技術を採用し、リアルな選手の見た目やフォームをゲーム内で実現。 スマホとは思えない美麗なグラフィックと、スマホならではの手軽な操作で野球アクションを楽しむことができる本格プロ野球ゲームアプリ。 実在のプロ野球選手を収集・育成して最強のチームを作り上げよう！ そして、リアルタイム対戦の機能も搭載。友だちと一緒にプロスピAを楽しもう！ プロスピA公式Twitter https://twitter.com/prospiA_PR​​ プロスピA公式Instagram https://www.instagram.com/prospi_a_official/ プロスピA公式サイト https://www.konami.com/games/prospi_a/​​ ダウンロードはこちら https://app.adjust.com/na48l57,
PPV3-INV-0138,PowerPro,B2PgnK-22QI,【パワプロ・桃鉄交流戦】新シナリオティザームービー【パワプロアプリ】,2022-03-13,https://www.youtube.com/watch?v=B2PgnK-22QI,UCWzEh28vj3mQKpe0fzVTOUw,パワプロ・プロスピ公式チャンネル,official_channel_flat_playlist_then_per_video_metadata,"[""パワプロ""]",POWERPRO_CURRENT_OR_EDITION_CONTEXT: PowerPro term present; retained as official PowerPro context even without an explicit ability term.,false,[],,,,,,false,OUT_OF_SCOPE,OK,#パワプロ ・ #桃鉄 交流戦 3/14～開幕！ 【「桃太郎電鉄高校編」ストーリー概要】 鉄道も野球も大好きな主人公が桃太郎に誘われて入学した「桃太郎電鉄高校」。 鉄道会社の経営者を育成する独自のカリキュラムを持つ高校で鉄道も野球も日本一を目指せ！ 人気ゲーム「桃太郎電鉄」とのコラボシナリオがアプリに登場！ 桃太郎と一緒に日本中を駆け巡れ！ 【ポイント】 練習と連動した鉄道シミュレーターで列車を進め、ライバルの鬼ヶ島電鉄高校よりも早く目的地に到着すると多くの経験点やコツなどが入手できる！ 停車した駅で購入できる物件を運用して経験点をさらに稼ごう！ #パワプロアプリ 公式Twitter： https://twitter.com/pawa_app573 #パワプロアプリ 公式サイト： https://www.konami.com/pawa/app/,
PPV3-INV-0139,PowerPro,Xq1vSLjB5vc,『eBASEBALLパワフルプロ野球2022』プロモーションムービー,2022-03-10,https://www.youtube.com/watch?v=Xq1vSLjB5vc,UCWzEh28vj3mQKpe0fzVTOUw,パワプロ・プロスピ公式チャンネル,official_channel_flat_playlist_then_per_video_metadata,"[""パワフルプロ野球"",""OB""]",POWERPRO_SIGNAL_WITH_ABILITY_OR_PLAYER_SERIES_CONTEXT: PowerPro term plus ability/player/update/series signal in title or description.,false,[],,,,,,false,OUT_OF_SCOPE,OK,"“何度だって、熱くなれる。” 「eBASEBALLパワフルプロ野球2022」（Nintendo Switch™・PlayStation®4）4月21日発売！ 公式サイト： https://www.konami.com/pawa/2022/ 一般社団法人日本野球機構承認 日本プロ野球名球会公認 日本プロ野球OBクラブ公認 プロ野球フランチャイズ球場公認 ゲーム内に再現された球場内看板は、原則として2021年プロ野球ペナントシーズン中のデータを基に制作しています。 Japan Baseball Data(株) データは、Japan Baseball Data(株)が独自に収集したものであり、公式記録とは異なる場合があります。提供情報の手段を問わず、いかなる目的であれ無断で複製、転送、販売等を行うことを固く禁じます。All other copyrights or trademarks are the property of their respective owners and are used under license. ""eBASEBALL""は、株式会社コナミデジタルエンタテインメントの登録商標です。©Konami Digital Entertainment",
PPV3-INV-0140,PowerPro,ZeOcbkJ5ISY,【パワプロ2022】イチローがパワプロ大好き3兄弟と対決！イチローサプライズ登場にこどもたちの反応は！？,2022-03-03,https://www.youtube.com/watch?v=ZeOcbkJ5ISY,UCWzEh28vj3mQKpe0fzVTOUw,パワプロ・プロスピ公式チャンネル,official_channel_flat_playlist_then_per_video_metadata,"[""パワプロ"",""パワフルプロ野球"",""能力"",""OB"",""対決""]",POWERPRO_SIGNAL_WITH_ABILITY_OR_PLAYER_SERIES_CONTEXT: PowerPro term plus ability/player/update/series signal in title or description.,false,[],,,,,,false,OUT_OF_SCOPE,OK,"“何度だって、熱くなれる。” 「eBASEBALLパワフルプロ野球2022」（Nintendo Switch™・PlayStation®4）4月21日発売！ イチロー選手の能力は公式サイトをチェック！ 公式サイト： https://www.konami.com/pawa/2022/ #イチロー #パワプロ #パワプロ2022 一般社団法人日本野球機構承認 日本プロ野球名球会公認 日本プロ野球OBクラブ公認 プロ野球フランチャイズ球場公認 ゲーム内に再現された球場内看板は、原則として2021年プロ野球ペナントシーズン中のデータを基に制作しています。 Japan Baseball Data(株) データは、Japan Baseball Data(株)が独自に収集したものであり、公式記録とは異なる場合があります。 提供情報の手段を問わず、いかなる目的であれ無断で複製、転送、販売等を行うことを固く禁じます。 All other copyrights or trademarks are the property of their respective owners and are used under license. ""eBASEBALL""は、株式会社コナミデジタルエンタテインメントの登録商標です。 ©Konami Digital Entertainment",
PPV3-INV-0141,PowerPro,wJ0aZ3W_zr4,【イチローさんの知られざる高校時代に迫る！】イチローさんインタビュー/パワプロアプリ,2022-02-27,https://www.youtube.com/watch?v=wJ0aZ3W_zr4,UCWzEh28vj3mQKpe0fzVTOUw,パワプロ・プロスピ公式チャンネル,official_channel_flat_playlist_then_per_video_metadata,"[""パワプロ"",""プロスピ"",""プロスピA""]",POWERPRO_CURRENT_OR_EDITION_CONTEXT: PowerPro term present; retained as official PowerPro context even without an explicit ability term.,false,[],,,,,,false,OUT_OF_SCOPE,OK,イチロー×パワプロアプリコラボは 2/28 から始動！ イチローさんのインタビュー動画を公開。 滅多に伺うことのできない高校時代のエピソードや、イチローさんの初めて『パワプロアプリ』をプレー姿など、見どころが盛りだくさん！ ＜出演者＞ #イチロー さん #パワプロアプリ DLはこちら https://konami.jp/3HkbcQP #パワプロアプリ 公式Twitter： https://twitter.com/pawa_app573 #パワプロアプリ 公式サイト： https://www.konami.com/pawa/app/ ＜今後のスケジュール＞ #パワプロアプリ 2月28日～ #プロスピA 3月23日～ #プロスピ2021 3月23日～ #パワプロ2022 4月21日発売 #パワポケR 2022年春,
PPV3-INV-0142,PowerPro,KpEHo9j2LNg,『eBASEBALLパワフルプロ野球2022』オープニングムービー,2022-02-23,https://www.youtube.com/watch?v=KpEHo9j2LNg,UCWzEh28vj3mQKpe0fzVTOUw,パワプロ・プロスピ公式チャンネル,official_channel_flat_playlist_then_per_video_metadata,"[""パワフルプロ野球"",""OB""]",POWERPRO_SIGNAL_WITH_ABILITY_OR_PLAYER_SERIES_CONTEXT: PowerPro term plus ability/player/update/series signal in title or description.,false,[],,,,,,false,OUT_OF_SCOPE,OK,“何度だって、熱くなれる。” 「eBASEBALLパワフルプロ野球2022」（Nintendo Switch™・PlayStation®4）4月21日発売！ 公式サイト： https://www.konami.com/pawa/2022/ 「群像夏」（ぐんぞうか） 夢の跡をいつか超えて はじまる 僕らの未来 思い描いた景色が 泥にまみれ消えそうで それでも辿り着くためずっと 手がかりを探してた そう絶対 後悔は しないと誓った 涙ぐむあの日に もう一回 壮大な 理想をリアルにして 僕らの手で 魂、繋いでさあ掴みとれ 一度きりの夢の場所だ 立ち止まれないから 追い風より早く僕ら 願いへ向かうんだ 託されてた想いと明日 悔しさエールになれ 声を枯らし 心叫び 足掻いているから まだ終われない 届くまで瞳そらさない 眩しい空 戻れない時を駆ける 澄み切った夏だ La La La… 夢の跡をいつか超えて はじまる 僕らの未来 歌：パン野実々美 作詞：真崎 エリカ 作・編曲：吉田 真太郎 編曲：米須 優太郎 編曲協力：山田 雅彦 一般社団法人日本野球機構承認 日本プロ野球名球会公認 日本プロ野球OBクラブ公認 プロ野球フランチャイズ球場公認 ゲーム内に再現された球場内看板は、原則として2021年プロ野球ペナントシーズン中のデータを基に制作しています。 Japan Baseball Data(,
PPV3-INV-0143,Official channel mixed catalog,utqwa_zifbw,eBASEBALLプロスピＡリーグ　東京ヤクルトスワローズ・横浜DeNAベイスターズ・ 読売ジャイアンツ 球団代表決定戦,2021-11-05,https://www.youtube.com/watch?v=utqwa_zifbw,UCWzEh28vj3mQKpe0fzVTOUw,パワプロ・プロスピ公式チャンネル,official_channel_flat_playlist_then_per_video_metadata,"[""プロスピ"",""プロ野球スピリッツ"",""プロスピA"",""OB""]",PROSPI_ONLY_EXCLUDED_FROM_SP033: Prospi-only video excluded from SP-033 PowerPro lane.,false,[],,,,,,false,OUT_OF_SCOPE,OK,「eBASEBALLプロスピAリーグ」（通称：スピリーグ）は、モバイルゲーム「プロ野球スピリッツA」を使用した、日本野球機構(NPB)とコナミデジタルエンタテインメント共催のプロ野球eスポーツリーグです。 プロ野球12球団を代表する各球団3名、計36名のプロプレイヤーがセ・リーグとパ・リーグのeペナントレースを戦い抜き、日本一を目指します。 リーグ戦に球団代表として出場する選手は、各球団地で開催するトーナメントにより決定します。 今イベントは、東京ヤクルトスワローズ・横浜DeNAベイスターズ・ 読売ジャイアンツの球団代表を決めるもので、無観客・ライブ配信で実施します。 会場では８人によるトーナメントが行われますが、配信では３位決定戦と決勝戦の試合の様子を配信します。 球団代表３名が決まる瞬間をぜひご覧ください。 ・出場選手 予選・面接を経て選ばれた８名 ※オンライン予選は終了しています。 ・会場MC パトリック・ユウ（スポーツMC） 七瀬奈々 ・ゲスト解説 東京ヤクルトスワローズ球団OB 川崎憲次郎 横浜DeNAベイスターズ スピリーグ監督 多村仁志 読売ジャイアンツ スピリーグ監督 岡島秀樹 MOMOKA（スワローズオフィシャルダンスチーム Passion ） Rina（ベイスターズオフィシャルパフォーマンスチーム diana） 半田桃菜（読売巨人軍公式マスコットガール VENU,
PPV3-INV-0144,Official channel mixed catalog,pTok2ScCw6U,eBASEBALLプロスピＡリーグ　千葉ロッテマリーンズ・埼玉西武ライオンズ 球団代表決定戦,2021-11-05,https://www.youtube.com/watch?v=pTok2ScCw6U,UCWzEh28vj3mQKpe0fzVTOUw,パワプロ・プロスピ公式チャンネル,official_channel_flat_playlist_then_per_video_metadata,"[""プロスピ"",""プロ野球スピリッツ"",""プロスピA"",""OB""]",PROSPI_ONLY_EXCLUDED_FROM_SP033: Prospi-only video excluded from SP-033 PowerPro lane.,false,[],,,,,,false,OUT_OF_SCOPE,OK,「eBASEBALLプロスピAリーグ」（通称：スピリーグ）は、モバイルゲーム「プロ野球スピリッツA」を使用した、日本野球機構(NPB)とコナミデジタルエンタテインメント共催のプロ野球eスポーツリーグです。 プロ野球12球団を代表する各球団3名、計36名のプロプレイヤーがセ・リーグとパ・リーグのeペナントレースを戦い抜き、日本一を目指します。 リーグ戦に球団代表として出場する選手は、各球団地で開催するトーナメントにより決定します。 今イベントは、千葉ロッテマリーンズ・埼玉西武ライオンズの球団代表を決めるもので、無観客・ライブ配信で実施します。 会場では８人によるトーナメントが行われますが、配信では３位決定戦と決勝戦の試合の様子を配信します。 球団代表３名が決まる瞬間をぜひご覧ください。 ・出場選手 予選・面接を経て選ばれた８名 ※オンライン予選は終了しています。 ・会場MC パトリック・ユウ（スポーツMC） 七瀬奈々 ・ゲスト解説 千葉ロッテマリーンズ球団OB 小林雅英 埼玉西武ライオンズ スピリーグ監督 髙橋朋己 ANJU（マリーンズ公式チアパフォーマー M☆Splash!!） Kanna（ライオンズ公式パフォーマー Bluelegends） ★東京ヤクルトスワローズ・横浜DeNAベイスターズ・ 読売ジャイアンツの球団代表決定戦はこちら URL：https://youtu.be/u,
PPV3-INV-0145,Official channel mixed catalog,p9v1b5TH0aA,【プロスピ2021】 体験プレイ動画 スタープレイヤー編 斉藤和巳さんがプロの世界に殴り込み！,2021-07-07,https://www.youtube.com/watch?v=p9v1b5TH0aA,UCWzEh28vj3mQKpe0fzVTOUw,パワプロ・プロスピ公式チャンネル,official_channel_flat_playlist_then_per_video_metadata,"[""プロスピ""]",PROSPI_ONLY_EXCLUDED_FROM_SP033: Prospi-only video excluded from SP-033 PowerPro lane.,false,[],,,,,,false,OUT_OF_SCOPE,OK,プロスピ2021は7月8日（木）発売！ プロスピ2021 ダウンロード版ご購入はこちら！ https://konami.jp/3dslT7V 公式サイトはこちら！ https://www.konami.com/games/prospi/2021/ #プロスピ2021 体験プレイ動画 スタープレイヤー編！ #斉藤和巳 さんがスタープレイヤーモードをプレイ！ 甲子園スピリッツ1年チャレンジ編で育てたオリジナル選手「斉藤和巳」でプロの世界に挑戦！ 「斉藤和巳」はどこまで活躍することができるのか！？,
PPV3-INV-0146,Official channel mixed catalog,NxnO197zeJU,【プロスピ2021】 体験プレイ動画 甲子園スピリッツ1年チャレンジ編 斉藤和巳さんが甲子園優勝を目指す！,2021-07-07,https://www.youtube.com/watch?v=NxnO197zeJU,UCWzEh28vj3mQKpe0fzVTOUw,パワプロ・プロスピ公式チャンネル,official_channel_flat_playlist_then_per_video_metadata,"[""プロスピ""]",PROSPI_ONLY_EXCLUDED_FROM_SP033: Prospi-only video excluded from SP-033 PowerPro lane.,false,[],,,,,,false,OUT_OF_SCOPE,OK,プロスピ2021は7月8日（木）発売！ プロスピ2021 ダウンロード版ご購入はこちら！ https://konami.jp/3dslT7V 公式サイトはこちら！ https://www.konami.com/games/prospi/2021/ #プロスピ2021 体験プレイ動画 甲子園スピリッツ1年チャレンジ編！ #斉藤和巳 さんが甲子園スピリッツモードの1年チャレンジをプレイ！ 高校最後の1年間に挑戦！ 夢の舞台に立つことはできるのか！？,
PPV3-INV-0147,Official channel mixed catalog,8D2DutCg2g8,【プロスピ2021】 体験プレイ動画 グランプリ編 里崎智也さんが監督となって格上チームに挑む！,2021-07-06,https://www.youtube.com/watch?v=8D2DutCg2g8,UCWzEh28vj3mQKpe0fzVTOUw,パワプロ・プロスピ公式チャンネル,official_channel_flat_playlist_then_per_video_metadata,"[""プロスピ""]",PROSPI_ONLY_EXCLUDED_FROM_SP033: Prospi-only video excluded from SP-033 PowerPro lane.,false,[],,,,,,false,OUT_OF_SCOPE,OK,#プロスピ2021 は7月8日（木）発売！ ダウンロード版ご購入はこちら！ https://konami.jp/3dslT7V 公式サイトはこちら！ https://www.konami.com/games/prospi/2021/ プロスピ2021 体験プレイ動画 グランプリ編！ 里崎智也さんがグランプリモードをプレイ！ 監督としてチームや選手を強化します。 自分のチームより格上チームに采配の力で勝利することができるのか！？,
PPV3-INV-0148,Official channel mixed catalog,OJRb_7ZPVn4,【プロスピ2021】 体験プレイ動画 甲子園スピリッツ大会チャレンジ編 里崎智也さんが公式戦初本塁打を目指す！,2021-07-06,https://www.youtube.com/watch?v=OJRb_7ZPVn4,UCWzEh28vj3mQKpe0fzVTOUw,パワプロ・プロスピ公式チャンネル,official_channel_flat_playlist_then_per_video_metadata,"[""プロスピ""]",PROSPI_ONLY_EXCLUDED_FROM_SP033: Prospi-only video excluded from SP-033 PowerPro lane.,false,[],,,,,,false,OUT_OF_SCOPE,OK,#プロスピ2021 は7月8日（木）発売！ ダウンロード版ご購入はこちら！ https://konami.jp/3dslT7V 公式サイトはこちら！ https://www.konami.com/games/prospi/2021/ プロスピ2021 体験プレイ動画 甲子園スピリッツ大会チャレンジ編！ #里崎智也 さんが甲子園スピリッツモードの大会チャレンジをプレイ！ 高校球児となって甲子園を目指します！ 高校時代公式戦本塁打0本だった里崎さんはプロスピで特大アーチを放てるのか！,
PPV3-INV-0149,Official channel mixed catalog,bDBPbb-Ngls,【プロスピ2021】 体験プレイ動画 ペナントレース編 藤川球児さんが若手選手を率いて日本一を目指す！,2021-07-05,https://www.youtube.com/watch?v=bDBPbb-Ngls,UCWzEh28vj3mQKpe0fzVTOUw,パワプロ・プロスピ公式チャンネル,official_channel_flat_playlist_then_per_video_metadata,"[""プロスピ""]",PROSPI_ONLY_EXCLUDED_FROM_SP033: Prospi-only video excluded from SP-033 PowerPro lane.,false,[],,,,,,false,OUT_OF_SCOPE,OK,#プロスピ2021 は7月8日（木）発売！ ダウンロード版ご購入はこちら！ https://konami.jp/3dslT7V 公式サイトはこちら！ https://www.konami.com/games/prospi/2021/ プロスピ2021 体験プレイ動画 ペナントレース編！ #藤川球児 さんがペナントレースモードをプレイ！ 12球団からU-24の若手選手を集めたチームで日本一を目指します。 オーダー編成に補強・・・GMの仕事は想像以上に大忙し！？,
PPV3-INV-0150,PowerPro,VvL9V0hzWyE,「eBASEBALLプロ野球スピリッツ2021 グランドスラム」音楽ダウンロードコンテンツ プロモーションムービー,2021-07-01,https://www.youtube.com/watch?v=VvL9V0hzWyE,UCWzEh28vj3mQKpe0fzVTOUw,パワプロ・プロスピ公式チャンネル,official_channel_flat_playlist_then_per_video_metadata,"[""パワプロ"",""プロスピ"",""プロ野球スピリッツ"",""OB""]",POWERPRO_SIGNAL_WITH_ABILITY_OR_PLAYER_SERIES_CONTEXT: PowerPro term plus ability/player/update/series signal in title or description.,false,[],,,,,,false,OUT_OF_SCOPE,OK,eBASEBALLプロ野球スピリッツ2021 グランドスラム（Nintendo Switch™）は7月8日(木)発売！ ▼公式サイトはこちら https://www.konami.com/games/prospi/2021/ ▼公式Twitterはこちら パワプロ・プロスピ公式Twitter https://twitter.com/pawapuro_pro ■応援曲 横浜ＤｅＮＡベイスターズ 「Fight oh! YOKOHAMA」 東京ヤクルトスワローズ 「東京音頭」 千葉ロッテマリーンズ 「チャンステーマ（大都技研「デコトラの鷲」より）」 東北楽天ゴールデンイーグルス 「チャンステーマ（ここで打て）」 中日ドラゴンズ 「チャンス決めてくれ」 北海道日本ハムファイターズ 「酔いどれマーチ」 福岡ソフトバンクホークス 「柳田悠岐選手のテーマ」 読売ジャイアンツ 「Ｇフレア」 阪神タイガース 「阪神タイガースの歌」 広島東洋カープ 「それ行けカープ(若き鯉たち)」 オリックス・バファローズ 「SKY」 ©ORIX Buffaloes 埼玉西武ライオンズ 「地平を駈ける獅子を見た」 ■ブラバン 「You are スラッガー（大阪桐蔭高校応援歌）」 「かっせー！パワプロ」 その他の配信楽曲一覧はこちら https://www.konami.com/games/prospi/2021/dl,
PPV3-INV-0151,PowerPro,ovCb1BZ8mH0,【パワチャン】2021シーズン開催決定！【パワプロアプリ】,2021-06-29,https://www.youtube.com/watch?v=ovCb1BZ8mH0,UCWzEh28vj3mQKpe0fzVTOUw,パワプロ・プロスピ公式チャンネル,official_channel_flat_playlist_then_per_video_metadata,"[""パワプロ"",""パワフルプロ野球"",""実況パワフルプロ野球""]",POWERPRO_CURRENT_OR_EDITION_CONTEXT: PowerPro term present; retained as official PowerPro context even without an explicit ability term.,false,[],,,,,,false,OUT_OF_SCOPE,OK,“見つけろ、君だけの道(サクセス)”。 パワプロアプリのeスポーツ大会 “パワプロアプリ チャンピオンシップ(パワチャン)” が、2021年も開催決定！ 2016年から6年目の開催となる“パワチャン”。 今シーズンも「ガチンコサクセス」と「野球勝負」で熱くなれ！！ 2022年1月16日に行う、決勝大会への進出枠「7」を争奪せよ！ 繰り返される激戦がココに！ 7月21日「オンライン予選1st」エントリースタート！！ #実況パワフルプロ野球 #パワプロアプリ #パワチャン 詳しくは公式サイトをチェック！ ○公式サイト https://e-baseball.konami.net/pawachamp/2021/pawa_app/,
PPV3-INV-0152,Official channel mixed catalog,4NQUBTW69zc,【プロスピA】プロスピグランプリ秘書紹介動画 ゆきりぬ編,2021-06-28,https://www.youtube.com/watch?v=4NQUBTW69zc,UCWzEh28vj3mQKpe0fzVTOUw,パワプロ・プロスピ公式チャンネル,official_channel_flat_playlist_then_per_video_metadata,"[""プロスピ"",""プロ野球スピリッツ"",""プロスピA""]",PROSPI_ONLY_EXCLUDED_FROM_SP033: Prospi-only video excluded from SP-033 PowerPro lane.,false,[],,,,,,false,OUT_OF_SCOPE,OK,プロスピA のダウンロードはこちら！ https://app.adjust.com/r6b7kvb プロスピA 公式Twitterはこちら！ https://twitter.com/prospiA_PR プロ野球スピリッツAのゲーム内イベント「プロスピグランプリ」にゆきりぬさんが登場！ この機会にぜひ遊んでみてください！ さらに 、貴島明日香さん・似鳥沙也加さん・ゆきりぬさんが登場する「プロスピ2021」は7月8日(木)発売！ プロスピ2021 ダウンロード版ご予約はこちら！ https://konami.jp/3dslT7V プロスピ2021 公式HPはこちら！ https://www.konami.com/games/prospi/2021/,
PPV3-INV-0153,Official channel mixed catalog,QEQXUbsPF2s,【プロスピA】プロスピグランプリ秘書紹介動画 似鳥沙也加編,2021-06-28,https://www.youtube.com/watch?v=QEQXUbsPF2s,UCWzEh28vj3mQKpe0fzVTOUw,パワプロ・プロスピ公式チャンネル,official_channel_flat_playlist_then_per_video_metadata,"[""プロスピ"",""プロ野球スピリッツ"",""プロスピA""]",PROSPI_ONLY_EXCLUDED_FROM_SP033: Prospi-only video excluded from SP-033 PowerPro lane.,false,[],,,,,,false,OUT_OF_SCOPE,OK,プロスピA のダウンロードはこちら！ https://app.adjust.com/r6b7kvb プロスピA 公式Twitterはこちら！ https://twitter.com/prospiA_PR プロ野球スピリッツAのゲーム内イベント「プロスピグランプリ」に似鳥沙也加さんが登場！ この機会にぜひ遊んでみてください！ さらに 、貴島明日香さん・似鳥沙也加さん・ゆきりぬさんが登場する「プロスピ2021」は7月8日(木)発売！ プロスピ2021 ダウンロード版ご予約はこちら！ https://konami.jp/3dslT7V プロスピ2021 公式HPはこちら！ https://www.konami.com/games/prospi/2021/,
PPV3-INV-0154,Official channel mixed catalog,qnLewo6KoKQ,【プロスピA】プロスピグランプリ秘書紹介動画 貴島明日香編,2021-06-28,https://www.youtube.com/watch?v=qnLewo6KoKQ,UCWzEh28vj3mQKpe0fzVTOUw,パワプロ・プロスピ公式チャンネル,official_channel_flat_playlist_then_per_video_metadata,"[""プロスピ"",""プロ野球スピリッツ"",""プロスピA""]",PROSPI_ONLY_EXCLUDED_FROM_SP033: Prospi-only video excluded from SP-033 PowerPro lane.,false,[],,,,,,false,OUT_OF_SCOPE,OK,プロスピA のダウンロードはこちら！ https://app.adjust.com/r6b7kvb プロスピA 公式Twitterはこちら！ https://twitter.com/prospiA_PR プロ野球スピリッツAのゲーム内イベント「プロスピグランプリ」に貴島明日香さんが登場！ この機会にぜひ遊んでみてください！ さらに 、貴島明日香さん・似鳥沙也加さん・ゆきりぬさんが登場する「プロスピ2021」は7月8日(木)発売！ プロスピ2021 ダウンロード版ご予約はこちら！ https://konami.jp/3dslT7V プロスピ2021 公式HPはこちら！ https://www.konami.com/games/prospi/2021/,
PPV3-INV-0155,Official channel mixed catalog,6z-uwkNAR5Q,プロスピA 新プロジェクト発表特番,2021-06-18,https://www.youtube.com/watch?v=6z-uwkNAR5Q,UCWzEh28vj3mQKpe0fzVTOUw,パワプロ・プロスピ公式チャンネル,official_channel_flat_playlist_then_per_video_metadata,"[""プロスピ"",""プロ野球スピリッツ"",""プロスピA"",""OB""]",PROSPI_ONLY_EXCLUDED_FROM_SP033: Prospi-only video excluded from SP-033 PowerPro lane.,false,[],,,,,,false,OUT_OF_SCOPE,OK,2021年に実施される、プロスピAの 大きな「新プロジェクト」発表です。 ゲストには、2020シーズンは過去最高の66万を超える大会参加者数となった プロスピA最強プレイヤーを決めるeスポーツ大会『スピチャン』の上位選手をお招きし、 2021シーズンに新たに展開する４つのプロジェクトの発表を行います！ プロスピA公式Twitter https://twitter.com/prospiA_PR eBASEBALLパワスピ公式Twitter https://twitter.com/eBASEBALL_Pro 三重国体文化プログラム 全国eスポーツ選手権 2021MIE プロスピA部門 特設サイト https://e-baseball.konami.net/kokutai/2021/ GEMSTONE ダルビッシュチャレンジカップ 公式サイト http://gemstonekobe.com/?p=194 eBASEBALLプロスピAリーグ 公式サイト https://e-baseball.konami.net/prospi_a_league/ プロスピAチャンピオンシップ 公式サイト https://e-baseball.konami.net/pawachamp/2021/prospi_a/ 【出演者】 槇嶋 範彦(アナウンサー) 甲斐 心愛(STU48) 〓V.I.P〓(スピチャン20,
PPV3-INV-0156,PowerPro,TlK-K0E6cG8,eBASEBALLプロ野球スピリッツ2021 グランドスラム PV,2021-06-17,https://www.youtube.com/watch?v=TlK-K0E6cG8,UCWzEh28vj3mQKpe0fzVTOUw,パワプロ・プロスピ公式チャンネル,official_channel_flat_playlist_then_per_video_metadata,"[""パワプロ"",""プロスピ"",""プロ野球スピリッツ""]",POWERPRO_CURRENT_OR_EDITION_CONTEXT: PowerPro term present; retained as official PowerPro context even without an explicit ability term.,false,[],,,,,,false,OUT_OF_SCOPE,OK,eBASEBALLプロ野球スピリッツ2021 グランドスラム（Nintendo Switch™）は7月8日(木)発売！ ▼公式サイトはこちら https://www.konami.com/games/prospi/2021/ ▼公式Twitterはこちら パワプロ・プロスピ公式Twitter https://twitter.com/pawapuro_pro,
PPV3-INV-0157,PowerPro,PYoknPdqT_4,オリンピックバーチャルシリーズ　野球競技（Olympic Virtual Series” Baseball Event）,2021-05-27,https://www.youtube.com/watch?v=PYoknPdqT_4,UCWzEh28vj3mQKpe0fzVTOUw,パワプロ・プロスピ公式チャンネル,official_channel_flat_playlist_then_per_video_metadata,"[""パワフルプロ野球""]",POWERPRO_CURRENT_OR_EDITION_CONTEXT: PowerPro term present; retained as official PowerPro context even without an explicit ability term.,false,[],,,,,,false,OUT_OF_SCOPE,OK,オリンピックバーチャルシリーズ 野球競技（Olympic Virtual Series” Baseball Event）は 国際オリンピック委員会（IOC）が世界野球ソフトボール連盟（WBSC）と主催する初めてのバーチャルスポーツ大会です。 「eBASEBALLパワフルプロ野球2020」を使ったオンライン予選期間は2021年5月24日（月）～5月30日（日）。 ゲームを持っていれば誰でも参加できます！ この機会にオリンピックバーチャルシリーズ公式サイトからエントリーして大会に参加しよう！ オリンピックバーチャルシリーズ 野球競技公式サイト https://e-baseball.konami.net/ovs/ja/ ・・・・・・・・・・・・・・・・・・・・・・・・・・・・・・・・・・・・・・・・・ eBASEBALLパワフルプロ野球2020公式サイト https://www.konami.com/pawa/2020/ eBASEBALL公式ツイッター https://twitter.com/eBASEBALL_Pro ©Konami Digital Entertainment #OlympicVirtualSeries #StrongerTogether,
PPV3-INV-0158,PowerPro,dHmoli3c3W0,帰ってきたパワポケ！花丸高校リリース直前特番！【パワプロアプリ】,2021-02-23,https://www.youtube.com/watch?v=dHmoli3c3W0,UCWzEh28vj3mQKpe0fzVTOUw,パワプロ・プロスピ公式チャンネル,official_channel_flat_playlist_then_per_video_metadata,"[""パワプロ"",""能力""]",POWERPRO_SIGNAL_WITH_ABILITY_OR_PLAYER_SERIES_CONTEXT: PowerPro term plus ability/player/update/series signal in title or description.,false,[],,,,,,false,OUT_OF_SCOPE,OK,パワプロアプリの新情報をお届けする特番を、2021年2月23日（火/祝） 19時30分からプレミア公開！新シナリオ「花丸高校」や「最大150連無料ガチャ」をはじめ、今後の最新情報をどこよりも早くお届けします！ ※番組での告知内容は、予告なく変更または中止となる場合がございます。 #パワプロ #パワプロアプリ #パワポケ --------------------------------- 【イベキャラの性能に一部誤りがあった件について】 番組内で紹介したイベキャラの性能に一部誤りがありましたので、以下の通り訂正いたします。 ■ ｢雨崎 優輝｣の得意練習 誤：｢球速 / スタミナ｣ 正： ｢スタミナ / 球速｣ ■ ｢東 優｣の得意練習 誤：｢筋力 / メンタル｣ 正：｢メンタル / 筋力｣ ■ ｢レッド｣の得意練習 誤：｢球速 / メンタル｣ 正：｢メンタル / 球速｣ ■ ｢ヒカル｣の野手で獲得可能な超特殊能力のコツ 誤：｢カリスマ および 広角砲｣ 正：｢カリスマ および 広角砲｣ または ｢カリスマ および ハゲタカ｣ お客様にはご不便をおかけしておりますことをお詫び申し上げます。 ---------------------------------,
PPV3-INV-0159,Official channel mixed catalog,ep-5GVBL9Sc,スピチャン 後夜祭特番【プロスピA】,2021-01-23,https://www.youtube.com/watch?v=ep-5GVBL9Sc,UCWzEh28vj3mQKpe0fzVTOUw,パワプロ・プロスピ公式チャンネル,official_channel_flat_playlist_then_per_video_metadata,"[""プロスピ"",""プロ野球スピリッツ"",""プロスピA"",""OB"",""対決""]",PROSPI_ONLY_EXCLUDED_FROM_SP033: Prospi-only video excluded from SP-033 PowerPro lane.,false,[],,,,,,false,OUT_OF_SCOPE,OK,初心者から上級者まで楽しめる、大盛り上がりの後夜祭！ プロスピA最強プレイヤーを決めるeスポーツ大会『スピチャン』。 2020シーズンは過去最高の66万を超える大会参加者数となりました。 その頂点に輝いた2020優勝者ちんぴさん と 2018優勝者の〓Ｖ．Ｉ．Ｐ〓さんが、 独自の視点で今シーズンの⼤会を振り返ります。 そして、2020準優勝となった天下統一さんも登場。今だから語れる大会の裏側を大暴露。 番組後半では『里崎智也vs G.G佐藤』、『 〓Ｖ．Ｉ．Ｐ〓 vs ちんぴ』のガチンコ対決も行われます！ 果たして勝利するのは一体どちらなのか！？ プロスピA公式Twitter https://twitter.com/prospiA_PR プロスピA公式サイト https://www.konami.com/games/prospi_a/ 【タイムスケジュール】 06:30 『 〓Ｖ．Ｉ．Ｐ〓が徹底大解剖！ 激闘！スピチャン2020シーズン 』 44:34 『 里崎智也vsG.G.佐藤ガチ対決！ 』 01:19:40 『 夢のスペシャルマッチ ちんぴvs〓Ｖ．Ｉ．Ｐ〓 』 【出演者】 槇嶋 範彦(アナウンサー) 里崎 智也(プロ野球OB) G.G.佐藤(プロ野球OB) 〓V.I.P〓(スピチャン2018優勝者) ちんぴ(スピチャン2020優勝者) 天下統一(スピチャン2020準優勝者),
PPV3-INV-0160,Official channel mixed catalog,KLSX-oW9an0,【2020】プロスピA OB チャンピオンシップ スペシャルマッチ / 里崎 智也 VS 斉藤和巳,2021-01-14,https://www.youtube.com/watch?v=KLSX-oW9an0,UCWzEh28vj3mQKpe0fzVTOUw,パワプロ・プロスピ公式チャンネル,official_channel_flat_playlist_then_per_video_metadata,"[""プロスピ"",""プロ野球スピリッツ"",""プロスピA"",""OB"",""対決""]",PROSPI_ONLY_EXCLUDED_FROM_SP033: Prospi-only video excluded from SP-033 PowerPro lane.,false,[],,,,,,false,OUT_OF_SCOPE,OK,【プロスピA OB チャンピオンシップ(OBチャン)対決動画】 12球団から1名ずつのOBが参戦し、「リアルタイム対戦」のプロ野球OBナンバーワンを決める大会「OBチャン」！ 今回は、『OBチャン スペシャルマッチ 里崎 智也 vs 斉藤 和巳』を開催！ さらに、ブロック大会に出場したOB12名が『OBチャンピオンシップスターズ』としてとして1/19(火)よりゲーム内に登場！ このスペシャルマッチでは、『OBチャンピオンシップスターズ』の12名も加えた特別オーダーでガチンコ対戦！ ※新型コロナウィルス感染症の状況を鑑みて、OBチャン決勝大会は出演者居住地が全国に渡ることから実施見送り致しました。予めご了承ください。 ↓↓OBチャン公式サイトはこちら https://e-baseball.konami.net/pawachamp/2020/prospi_a/page/ob/ ↓↓プロスピA のダウンロードはこちらから -https://app.adjust.com/ld84j0r ↓↓プロスピA公式Twitterはこちら -https://twitter.com/prospiA_PR ↓↓プロスピA公式Instagramはこちら https://www.instagram.com/prospi_a_official/ #プロスピA #プロ野球スピリッツA #スピチャン #OBチャン,
PPV3-INV-0161,Official channel mixed catalog,vw5WHfzDWLc,【最強決定！】プロ野球スピリッツ 王座決定トーナメント2020【王座決定戦】,2021-01-11,https://www.youtube.com/watch?v=vw5WHfzDWLc,UCWzEh28vj3mQKpe0fzVTOUw,パワプロ・プロスピ公式チャンネル,official_channel_flat_playlist_then_per_video_metadata,"[""プロスピ"",""プロ野球スピリッツ"",""プロスピA"",""OB""]",PROSPI_ONLY_EXCLUDED_FROM_SP033: Prospi-only video excluded from SP-033 PowerPro lane.,false,[],,,,,,false,OUT_OF_SCOPE,OK,「プロ野球スピリッツ2019」(PS4版)で最強のプレイヤーを決める大会が「プロ野球スピリッツ 王座決定トーナメント2020」です！ セ・リーグ／パ・リーグのオンライン予選を勝ち抜いて来たプレイヤーが統一王者の座に着くため「王座決定戦」に挑みます。 〇配信日程 日時：2021年1月11日（月)20時00分～ ※ 〇出演者 ・槙島範彦(アナウンサー) ・真中満(プロ野球OB・解説者) ・里崎智也(プロ野球OB・解説者) ◯公式サイト https://e-baseball.konami.net/event/2020/prospi_championship/ ---------------------------------------------------------------------- ■「キャンペーン実施中！」 ---------------------------------------------------------------------- 【視聴キャンペーン情報！】 対象期間中に、本番組配信をプロスピA内から視聴した方には、エナジー×5をプレゼント！ 詳しくはプロスピA内のお知らせをご確認ください。 ---------------------------------------------------------------------- ■新型コロナウイルス感,
PPV3-INV-0162,Official channel mixed catalog,z4EigmI9xJ0,プロスピ豆知識 実践！カネアラプロスピ対決 決着編！  カネアラチャンネル#11【プロスピA】,2021-01-09,https://www.youtube.com/watch?v=z4EigmI9xJ0,UCWzEh28vj3mQKpe0fzVTOUw,パワプロ・プロスピ公式チャンネル,official_channel_flat_playlist_then_per_video_metadata,"[""プロスピ"",""プロスピA"",""OB"",""対決""]",PROSPI_ONLY_EXCLUDED_FROM_SP033: Prospi-only video excluded from SP-033 PowerPro lane.,false,[],,,,,,false,OUT_OF_SCOPE,OK,【プロスピA 5周年特別企画】 プロ野球OBのレジェンド金本知憲さんと新井貴浩さんによる「カネアラチャンネル」！ ユーザーのみなさんから募集した #プロスピ豆知識 をお二人が実践してプロスピ対決！ そしてついに、新井さんが #プロスピA で初ホームラン！？ ↓↓プロスピA のダウンロードはこちらから。 https://app.adjust.com/x92hxdz ↓↓新井貴浩さんのTwitterアカウントはこちら。フォローしてね！ https://twitter.com/araispirits ↓↓プロスピA公式Twitterはこちら https://twitter.com/prospiA_PR ↓↓プロスピA公式Instagramはこちら https://www.instagram.com/prospi_a_official/,
PPV3-INV-0163,Official channel mixed catalog,UtdCX8CRJGg,【 新井VS石原】プロスピ初プレイ石原さんの先制HR炸裂！？ 新井さんは逆転できるのか！   カネアラチャンネル#10【プロスピA】,2021-01-05,https://www.youtube.com/watch?v=UtdCX8CRJGg,UCWzEh28vj3mQKpe0fzVTOUw,パワプロ・プロスピ公式チャンネル,official_channel_flat_playlist_then_per_video_metadata,"[""プロスピ"",""プロスピA"",""OB"",""対決""]",PROSPI_ONLY_EXCLUDED_FROM_SP033: Prospi-only video excluded from SP-033 PowerPro lane.,false,[],,,,,,false,OUT_OF_SCOPE,OK,【プロスピA 5周年特別企画】 プロ野球OBのレジェンド金本知憲さんと新井貴浩さんによる「カネアラチャンネル」！ #10 は引き続き、元広島東洋カープ 石原慶幸さんをゲストにお迎えしてのプロスピ対決！ 試合前の意気込みでは、余裕綽々だった新井さん。 しかし試合は、プロスピA初プレイの石原さんの先制ホームランで幕開け！？ ↓↓プロスピA のダウンロードはこちらから。 https://app.adjust.com/x92hxdz ↓↓新井貴浩さんのTwitterアカウントはこちら。フォローしてね！ https://twitter.com/araispirits ↓↓プロスピA公式Twitterはこちら https://twitter.com/prospiA_PR ↓↓プロスピA公式Instagramはこちら https://www.instagram.com/prospi_a_official/,
PPV3-INV-0164,Official channel mixed catalog,QckmcCN9Fmg,【2020】プロスピA OB チャンピオンシップ /里崎 智也(ロッテ) VS 片岡 篤史(日本ハム),2020-12-24,https://www.youtube.com/watch?v=QckmcCN9Fmg,UCWzEh28vj3mQKpe0fzVTOUw,パワプロ・プロスピ公式チャンネル,official_channel_flat_playlist_then_per_video_metadata,"[""プロスピ"",""プロ野球スピリッツ"",""プロスピA"",""OB"",""対決""]",PROSPI_ONLY_EXCLUDED_FROM_SP033: Prospi-only video excluded from SP-033 PowerPro lane.,false,[],,,,,,false,OUT_OF_SCOPE,OK,【プロスピA OB チャンピオンシップ(OBチャン)対決動画】 12球団から1名ずつのOBが参戦し、「リアルタイム対戦」のプロ野球OBナンバーワンを決める大会 「OBチャン」！ 12月19日(土)に行われた九州/沖縄大会は、 里崎 智也(ロッテ) VS 片岡 篤史(日本ハム) の対決！勝利を手にし、OBチャン決勝大会へと駒を進めるのは一体どちらだ！ OBチャンは、プロスピA最強プレイヤーを決めるeスポーツ大会「プロスピA チャンピオンシップ(スピチャン)」と同時開催！ 番組後半では決勝大会の組み合わせ抽選会も実施しています。 ※広島OBは「梵 英心」さんから「天谷 宗一郎」さんへ変更となりました。 ※ヤクルトOBは「岩村 明憲」さんから「真中 満」さんへ変更となりました。 次はいよいよ決勝大会！2021年1月9日(土) 14:00から！ ↓↓OBチャン公式サイトはこちら https://e-baseball.konami.net/pawachamp/2020/prospi_a/page/ob/ ↓↓プロスピA のダウンロードはこちらから 【10月20日～12月3日は5周年キャンペーン中！】 -https://app.adjust.com/ld84j0r ↓↓新井貴浩さんのTwitterアカウントはこちら。フォローしてね！ -https://twitter.com/araispiri,
PPV3-INV-0165,Official channel mixed catalog,FwUO1cMBOLc,カネアラ×石原慶幸対談企画！ カープ時代の思い出は？3人での交流は？ カネアラチャンネル#9【プロスピA】,2020-12-23,https://www.youtube.com/watch?v=FwUO1cMBOLc,UCWzEh28vj3mQKpe0fzVTOUw,パワプロ・プロスピ公式チャンネル,official_channel_flat_playlist_then_per_video_metadata,"[""プロスピ"",""プロスピA"",""OB""]",PROSPI_ONLY_EXCLUDED_FROM_SP033: Prospi-only video excluded from SP-033 PowerPro lane.,false,[],,,,,,false,OUT_OF_SCOPE,OK,【プロスピA 5周年特別企画】 プロ野球OBのレジェンド金本知憲さんと新井貴浩さんによる「カネアラチャンネル」！ #9 は元広島東洋カープ 石原慶幸さんをゲストにお迎えしての対談企画！ カープ時代の思い出や3人での交流などについて語ってもらいます。 なんと今回も金本さんのドッキリ伝説が登場！？ 今後も不定期に更新予定です。 ↓↓プロスピA のダウンロードはこちらから。 https://app.adjust.com/x92hxdz ↓↓新井貴浩さんのTwitterアカウントはこちら。フォローしてね！ https://twitter.com/araispirits ↓↓プロスピA公式Twitterはこちら https://twitter.com/prospiA_PR ↓↓プロスピA公式Instagramはこちら https://www.instagram.com/prospi_a_official/,
PPV3-INV-0166,Official channel mixed catalog,n7l_V3u1CN8,新井さんの夢実現！？カネアラVSティモンディ プロスピ対決！ カネアラチャンネル#8 【プロスピA】,2020-12-17,https://www.youtube.com/watch?v=n7l_V3u1CN8,UCWzEh28vj3mQKpe0fzVTOUw,パワプロ・プロスピ公式チャンネル,official_channel_flat_playlist_then_per_video_metadata,"[""プロスピ"",""プロスピA"",""OB"",""対決""]",PROSPI_ONLY_EXCLUDED_FROM_SP033: Prospi-only video excluded from SP-033 PowerPro lane.,false,[],,,,,,false,OUT_OF_SCOPE,OK,【プロスピA 5周年特別企画】 プロ野球OBのレジェンド金本知憲さんと新井貴浩さんによる「カネアラチャンネル」！ #8 はカネアラ VS ティモンディ のプロスピ対決！ 新井さんはオーダーで、昔からの夢だった「1番ショート 新井」を実現！？ しかし、プロスピAの新井さんにショートの守備適正はないはず・・・。 カネアラチームは、ティモンディに勝利することができるのでしょうか！ 今後も不定期に更新予定です。 ↓↓プロスピA のダウンロードはこちらから。 https://app.adjust.com/x92hxdz ↓↓新井貴浩さんのTwitterアカウントはこちら。フォローしてね！ https://twitter.com/araispirits ↓↓プロスピA公式Twitterはこちら https://twitter.com/prospiA_PR ↓↓プロスピA公式Instagramはこちら https://www.instagram.com/prospi_a_official/,
PPV3-INV-0167,Official channel mixed catalog,nYhOTTXXd3g,【2020】プロスピA OB チャンピオンシップ /岡島 秀樹(巨人) VS 森野 将彦(中日),2020-12-17,https://www.youtube.com/watch?v=nYhOTTXXd3g,UCWzEh28vj3mQKpe0fzVTOUw,パワプロ・プロスピ公式チャンネル,official_channel_flat_playlist_then_per_video_metadata,"[""プロスピ"",""プロ野球スピリッツ"",""プロスピA"",""OB"",""対決""]",PROSPI_ONLY_EXCLUDED_FROM_SP033: Prospi-only video excluded from SP-033 PowerPro lane.,false,[],,,,,,false,OUT_OF_SCOPE,OK,【プロスピA OB チャンピオンシップ(OBチャン)対決動画】 12球団から1名ずつのOBが参戦し、「リアルタイム対戦」のプロ野球OBナンバーワンを決める大会 「OBチャン」！ 12月12日(土)に行われた中国/四国大会は、 岡島 秀樹(巨人) VS 森野 将彦(中日) の対決！勝利を手にし、OBチャン決勝大会へと駒を進めるのは一体どちらだ！ OBチャンは、プロスピA最強プレイヤーを決めるeスポーツ大会「プロスピA チャンピオンシップ(スピチャン)」と同時開催！ 次の大会は12月19日(土) 15:30から！ 激闘を見逃すな！ ↓↓OBチャン公式サイトはこちら https://e-baseball.konami.net/pawachamp/2020/prospi_a/page/ob/ ↓↓プロスピA のダウンロードはこちらから 【10月20日～12月3日は5周年キャンペーン中！】 https://app.adjust.com/ld84j0r ↓↓新井貴浩さんのTwitterアカウントはこちら。フォローしてね！ https://twitter.com/araispirits ↓↓プロスピA公式Twitterはこちら https://twitter.com/prospiA_PR ↓↓プロスピA公式Instagramはこちら https://www.instagram.com/prosp,
PPV3-INV-0168,PowerPro,LKZD4_ldAyA,金本さんのドッキリ伝説を聞いてみた！逆三冠王Tシャツって何!? カネアラチャンネル #7 【プロスピA】,2020-12-07,https://www.youtube.com/watch?v=LKZD4_ldAyA,UCWzEh28vj3mQKpe0fzVTOUw,パワプロ・プロスピ公式チャンネル,official_channel_flat_playlist_then_per_video_metadata,"[""パワプロ"",""プロスピ"",""プロスピA""]",POWERPRO_CURRENT_OR_EDITION_CONTEXT: PowerPro term present; retained as official PowerPro context even without an explicit ability term.,false,[],,,,,,false,OUT_OF_SCOPE,OK,金本さんのドッキリ伝説を聞いてみた！YouTube動画公開中！ 「プロスピA」5周年特別企画「カネアラチャンネル」第7話が公開されました。 先日公開し、大好評いただいた金本さんの新井さんへのドッキリ企画。 今回は、過去新井さんにしてきたドッキリの数々を聞いてみました！ どんな裏話が聞けるのか！？ 気になる内容は、動画をご視聴ください。 パワプロ・プロスピ公式YouTubeチャンネル https://www.youtube.com/channel/UCWzEh28vj3mQKpe0fzVTOUw 新井貴浩さんTwitterアカウント(@araispirits) https://twitter.com/araispirits,
PPV3-INV-0169,Official channel mixed catalog,MutgnjN6l1M,【2020】プロスピA OB チャンピオンシップ /桧山 進次郎(阪神) VS 岩村 明憲(ヤクルト),2020-12-03,https://www.youtube.com/watch?v=MutgnjN6l1M,UCWzEh28vj3mQKpe0fzVTOUw,パワプロ・プロスピ公式チャンネル,official_channel_flat_playlist_then_per_video_metadata,"[""プロスピ"",""プロ野球スピリッツ"",""プロスピA"",""OB"",""対決""]",PROSPI_ONLY_EXCLUDED_FROM_SP033: Prospi-only video excluded from SP-033 PowerPro lane.,false,[],,,,,,false,OUT_OF_SCOPE,OK,【プロスピA OB チャンピオンシップ(OBチャン)対決動画】 12球団から1名ずつのOBが参戦し、「リアルタイム対戦」のプロ野球OBナンバーワンを決める大会 「OBチャン」！ 11月29日(日)に行われた中部/近畿大会は、 桧山 進次郎(阪神) VS 岩村 明憲(ヤクルト) の対決！勝利を手にし、OBチャン決勝大会へと駒を進めるのは一体どちらだ！ OBチャンは、プロスピA最強プレイヤーを決めるeスポーツ大会「プロスピA チャンピオンシップ(スピチャン)」と同時開催！ 次の大会は11月12日(土) 15:30から！ 激闘を見逃すな！ ↓↓OBチャン公式サイトはこちら https://e-baseball.konami.net/pawachamp/2020/prospi_a/page/ob/ ↓↓プロスピA のダウンロードはこちらから 【10月20日～12月3日は5周年キャンペーン中！】 https://app.adjust.com/ld84j0r ↓↓新井貴浩さんのTwitterアカウントはこちら。フォローしてね！ https://twitter.com/araispirits ↓↓プロスピA公式Twitterはこちら https://twitter.com/prospiA_PR ↓↓プロスピA公式Instagramはこちら https://www.instagram.com/pr,
PPV3-INV-0170,Official channel mixed catalog,urFC9Sq5zJA,【神回】金本さんが新井さんにドッキリを仕掛ける！金本さんの代わりにプロスピA元日本一が裏で操作すると新井さんは気づくのか！？,2020-11-29,https://www.youtube.com/watch?v=urFC9Sq5zJA,UCWzEh28vj3mQKpe0fzVTOUw,パワプロ・プロスピ公式チャンネル,official_channel_flat_playlist_then_per_video_metadata,"[""プロスピ"",""プロスピA"",""OB"",""対決""]",PROSPI_ONLY_EXCLUDED_FROM_SP033: Prospi-only video excluded from SP-033 PowerPro lane.,false,[],,,,,,false,OUT_OF_SCOPE,OK,【プロスピA 5周年特別企画】 プロ野球OBのレジェンド金本知憲さんと新井貴浩さんによる「カネアラチャンネル」 カネアラファン待望のドッキリ企画！ 金本さんVS新井さんの対決と思わせて、裏で金本さんの代わりに元日本一の=V.I.P=さんが操作！新井さんはいつ気付くのか！？リアクションにも注目です！ 今後も不定期に更新予定です。 ↓↓プロスピA のダウンロードはこちらから。 【10月20日～12月3日は5周年キャンペーン中！】 https://app.adjust.com/x92hxdz ↓↓新井貴浩さんのTwitterアカウントはこちら。フォローしてね！ https://twitter.com/araispirits ↓↓プロスピA公式Twitterはこちら https://twitter.com/prospiA_PR ↓↓プロスピA公式Instagramはこちら https://www.instagram.com/prospi_a_official/ #プロスピA #カネアラ #ドッキリ,
PPV3-INV-0171,Official channel mixed catalog,mJgdhV4lv9k,【2020】プロスピA OB チャンピオンシップ /礒部 公一(楽天) VS タフィ・ローズ(オリックス),2020-11-26,https://www.youtube.com/watch?v=mJgdhV4lv9k,UCWzEh28vj3mQKpe0fzVTOUw,パワプロ・プロスピ公式チャンネル,official_channel_flat_playlist_then_per_video_metadata,"[""プロスピ"",""プロスピA"",""OB"",""対決""]",PROSPI_ONLY_EXCLUDED_FROM_SP033: Prospi-only video excluded from SP-033 PowerPro lane.,false,[],,,,,,false,OUT_OF_SCOPE,OK,【プロスピA OB チャンピオンシップ(OBチャン)対決動画】 12球団から1名ずつのOBが参戦し、「リアルタイム対戦」のプロ野球OBナンバーワンを決める大会 「OBチャン」！ 11月21日(土)に行われた関東大会は豪華2本立て！ 第２試合は、 礒部 公一(楽天) VS タフィ・ローズ(オリックス) の対決！勝利を手にし、OBチャン決勝大会へと駒を進めるのは一体どちらだ！ さらに、第１試合は、 斉藤 和巳(ソフトバンク) VS G.G.佐藤(西武) の対決！動画はこちら⇛https://youtu.be/JX44elNSzTc OBチャンは、プロスピA最強プレイヤーを決めるeスポーツ大会「プロスピA チャンピオンシップ(スピチャン)」と同時開催！ 次の大会は11月29日(日) 15時30分から！ 激闘を見逃すな！ ↓↓OBチャン公式サイトはこちら https://e-baseball.konami.net/pawachamp/2020/prospi_a/page/ob/ ↓↓プロスピA のダウンロードはこちらから 【10月20日～12月3日は5周年キャンペーン中！】 https://app.adjust.com/ld84j0r ↓↓新井貴浩さんのTwitterアカウントはこちら。フォローしてね！ https://twitter.com/araispirits ↓↓プロスピA公式Tw,
PPV3-INV-0172,Official channel mixed catalog,JX44elNSzTc,【2020】プロスピA OB チャンピオンシップ /斉藤 和巳(ソフトバンク) VS G.G.佐藤(西武),2020-11-26,https://www.youtube.com/watch?v=JX44elNSzTc,UCWzEh28vj3mQKpe0fzVTOUw,パワプロ・プロスピ公式チャンネル,official_channel_flat_playlist_then_per_video_metadata,"[""プロスピ"",""プロスピA"",""OB"",""対決""]",PROSPI_ONLY_EXCLUDED_FROM_SP033: Prospi-only video excluded from SP-033 PowerPro lane.,false,[],,,,,,false,OUT_OF_SCOPE,OK,【プロスピA OB チャンピオンシップ(OBチャン)対決動画】 12球団から1名ずつのOBが参戦し、「リアルタイム対戦」のプロ野球OBナンバーワンを決める大会 「OBチャン」！ 11月21日(土)に行われた関東大会は豪華2本立て！ 第１試合は、 斉藤 和巳(ソフトバンク) VS G.G.佐藤(西武) の対決！勝利を手にし、OBチャン決勝大会へと駒を進めるのは一体どちらだ！ さらに第２試合は、 礒部 公一(楽天) VS タフィ・ローズ(オリックス) の対決！動画はこちら⇛https://youtu.be/mJgdhV4lv9k OBチャンは、プロスピA最強プレイヤーを決めるeスポーツ大会「プロスピA チャンピオンシップ(スピチャン)」と同時開催！ 次の大会は11月29日(日) 15時30分から！ 激闘を見逃すな！ ↓↓OBチャン公式サイトはこちら https://e-baseball.konami.net/pawachamp/2020/prospi_a/page/ob/ ↓↓プロスピA のダウンロードはこちらから 【10月20日～12月3日は5周年キャンペーン中！】 https://app.adjust.com/ld84j0r ↓↓新井貴浩さんのTwitterアカウントはこちら。フォローしてね！ https://twitter.com/araispirits ↓↓プロスピA公式Twi,
PPV3-INV-0173,Official channel mixed catalog,vRaxzka929w,【金本VS新井】プロスピA対決第二試合！新井さんの神ゲッツーを見逃すな！ カネアラチャンネル#5 【プロスピA】,2020-11-21,https://www.youtube.com/watch?v=vRaxzka929w,UCWzEh28vj3mQKpe0fzVTOUw,パワプロ・プロスピ公式チャンネル,official_channel_flat_playlist_then_per_video_metadata,"[""プロスピ"",""プロスピA"",""OB"",""対決""]",PROSPI_ONLY_EXCLUDED_FROM_SP033: Prospi-only video excluded from SP-033 PowerPro lane.,false,[],,,,,,false,OUT_OF_SCOPE,OK,【プロスピA 5周年特別企画】 プロ野球OBのレジェンド金本知憲さんと新井貴浩さんによる「カネアラチャンネル」 金本さんVS新井さんのリアルタイム対戦勝負の第二試合！ 金本さん大爆笑の神ゲッツーを見逃すな！新井さんはリベンジなるか？ 今後も不定期に更新予定です。 ↓↓プロスピA のダウンロードはこちらから。 【10月20日～12月3日は5周年キャンペーン中！】 https://app.adjust.com/x92hxdz ↓↓新井貴浩さんのTwitterアカウントはこちら。フォローしてね！ https://twitter.com/araispirits ↓↓プロスピA公式Twitterはこちら https://twitter.com/prospiA_PR ↓↓プロスピA公式Instagramはこちら https://www.instagram.com/prospi_a_of...,
PPV3-INV-0174,Official channel mixed catalog,F4z68l4Acd0,【2020】プロスピA OB チャンピオンシップ /多村 仁志(DeNA) VS 梵 英心(広島),2020-11-19,https://www.youtube.com/watch?v=F4z68l4Acd0,UCWzEh28vj3mQKpe0fzVTOUw,パワプロ・プロスピ公式チャンネル,official_channel_flat_playlist_then_per_video_metadata,"[""プロスピ"",""プロ野球スピリッツ"",""プロスピA"",""OB"",""対決""]",PROSPI_ONLY_EXCLUDED_FROM_SP033: Prospi-only video excluded from SP-033 PowerPro lane.,false,[],,,,,,false,OUT_OF_SCOPE,OK,【プロスピA OB チャンピオンシップ(OBチャン)対決動画】 12球団から1名ずつのOBが参戦し、「リアルタイム対戦」のプロ野球OBナンバーワンを決める大会「OBチャン」！ 11月14日(土)に行われた北海道/東北大会は、 多村 仁志(DeNA) VS 梵 英心(広島) の対決！勝利を手にし、OBチャン決勝大会へと駒を進めるのは一体どちらだ！ OBチャンは、プロスピA最強プレイヤーを決めるeスポーツ大会「プロスピA チャンピオンシップ(スピチャン)」と同時開催！ 次の大会は11月21日(土) 15時00分から！ 激闘を見逃すな！ ↓↓OBチャン公式サイトはこちら https://e-baseball.konami.net/pawachamp/2020/prospi_a/page/ob/ ↓↓プロスピA のダウンロードはこちらから 【10月20日～12月3日は5周年キャンペーン中！】 https://app.adjust.com/ld84j0r ↓↓新井貴浩さんのTwitterアカウントはこちら。フォローしてね！ https://twitter.com/araispirits ↓↓プロスピA公式Twitterはこちら https://twitter.com/prospiA_PR ↓↓プロスピA公式Instagramはこちら https://www.instagram.com/pro,
PPV3-INV-0175,Official channel mixed catalog,msHlkCiLrEw,【金本VS新井】プロスピAでリアタイ勝負！本人たちもオーダー入り！？運命の第一試合！ カネアラチャンネル#4 【プロスピA】,2020-11-14,https://www.youtube.com/watch?v=msHlkCiLrEw,UCWzEh28vj3mQKpe0fzVTOUw,パワプロ・プロスピ公式チャンネル,official_channel_flat_playlist_then_per_video_metadata,"[""プロスピ"",""プロスピA"",""OB""]",PROSPI_ONLY_EXCLUDED_FROM_SP033: Prospi-only video excluded from SP-033 PowerPro lane.,false,[],,,,,,false,OUT_OF_SCOPE,OK,【プロスピA 5周年特別企画】 プロ野球OBのレジェンド金本知憲さんと新井貴浩さんによる「カネアラチャンネル」 金本さんVS新井さんのリアルタイム対戦勝負が実現！しかもそれぞれのオーダーには金本さん新井さん両名が入る豪華オーダーに！ 勝利するのはどちらだ！ ※「金本知憲」「新井貴浩」はOBセレクション第1弾で登場予定です。 今後も不定期に更新予定です。 ↓↓プロスピA のダウンロードはこちらから。 【10月20日～12月3日は5周年キャンペーン中！】 https://app.adjust.com/x92hxdz ↓↓新井貴浩さんのTwitterアカウントはこちら。フォローしてね！ https://twitter.com/araispirits ↓↓プロスピA公式Twitterはこちら https://twitter.com/prospiA_PR ↓↓プロスピA公式Instagramはこちら https://www.instagram.com/prospi_a_official/,
PPV3-INV-0176,Official channel mixed catalog,XK1M1tlLpik,【プロスピA初心者必見!?】元日本一が金本さん新井さんへ教えるプロスピA講座 カネアラチャンネル#3,2020-11-13,https://www.youtube.com/watch?v=XK1M1tlLpik,UCWzEh28vj3mQKpe0fzVTOUw,パワプロ・プロスピ公式チャンネル,official_channel_flat_playlist_then_per_video_metadata,"[""プロスピ"",""プロスピA"",""OB""]",PROSPI_ONLY_EXCLUDED_FROM_SP033: Prospi-only video excluded from SP-033 PowerPro lane.,false,[],,,,,,false,OUT_OF_SCOPE,OK,【プロスピA 5周年特別企画】 プロ野球OBのレジェンド金本知憲さんと新井貴浩さんによる「カネアラチャンネル」！ #3 はプロスピA元日本一プレイヤーの〓V.I.P〓さんがほぼ初めてプロスピAをプレイする金本さん新井さんにどんなゲームなのかを紹介！ スタートダッシュスカウトも引きますよ！ 今後も不定期に更新予定です。 ↓↓プロスピA のダウンロードはこちらから。 【10月20日～12月3日は5周年キャンペーン中！】 https://app.adjust.com/x92hxdz ↓↓新井貴浩さんのTwitterアカウントはこちら。フォローしてね！ https://twitter.com/araispirits ↓↓プロスピA公式Twitterはこちら https://twitter.com/prospiA_PR ↓↓プロスピA公式Instagramはこちら https://www.instagram.com/prospi_a_of...,
PPV3-INV-0177,Official channel mixed catalog,K_5Tv30wn1o,金本×新井対談企画！2人の呼び名は？仲の良いOBは？ カネアラチャンネル#2【プロスピA】,2020-10-29,https://www.youtube.com/watch?v=K_5Tv30wn1o,UCWzEh28vj3mQKpe0fzVTOUw,パワプロ・プロスピ公式チャンネル,official_channel_flat_playlist_then_per_video_metadata,"[""プロスピ"",""プロスピA"",""OB""]",PROSPI_ONLY_EXCLUDED_FROM_SP033: Prospi-only video excluded from SP-033 PowerPro lane.,false,[],,,,,,false,OUT_OF_SCOPE,OK,【プロスピA 5周年特別企画】 プロ野球OBのレジェンド金本知憲さんと新井貴浩さんによる「カネアラチャンネル」！ #2はお二人の対談企画！けっこうギリギリなお話も・・・？ 次回、ようやくプロスピAをプレイ・・・？ 今後も不定期に更新予定です。 ↓↓プロスピA のダウンロードはこちらから。 【10月20日～12月3日は5周年キャンペーン中！】 https://app.adjust.com/x92hxdz ↓↓新井貴浩さんのTwitterアカウントはこちら。フォローしてね！ https://twitter.com/araispirits ↓↓プロスピA公式Twitterはこちら https://twitter.com/prospiA_PR ↓↓プロスピA公式Instagramはこちら https://www.instagram.com/prospi_a_of...,
PPV3-INV-0178,Official channel mixed catalog,2wfl-BFzkjo,新井貴浩、初めてのスマホ。Twitterもはじめました！ カネアラチャンネル#1 【プロスピA】,2020-10-18,https://www.youtube.com/watch?v=2wfl-BFzkjo,UCWzEh28vj3mQKpe0fzVTOUw,パワプロ・プロスピ公式チャンネル,official_channel_flat_playlist_then_per_video_metadata,"[""プロスピ"",""プロスピA"",""OB""]",PROSPI_ONLY_EXCLUDED_FROM_SP033: Prospi-only video excluded from SP-033 PowerPro lane.,false,[],,,,,,false,OUT_OF_SCOPE,OK,【プロスピA 5周年特別企画】 プロ野球OBのレジェンド金本知憲さんと新井貴浩さんによる「カネアラチャンネル」始動！ 記念すべき1本目はガラケーユーザーの新井さんによるはじめてのスマホ！ 今後も不定期に更新予定です。 ↓↓プロスピA のダウンロードはこちらから。 【10月20日～12月3日は5周年キャンペーン中！】 https://app.adjust.com/x92hxdz ↓↓新井貴浩さんのTwitterアカウントはこちら。フォローしてね！ https://twitter.com/araispirits ↓↓プロスピA公式Twitterはこちら https://twitter.com/prospiA_PR ↓↓プロスピA公式Instagramはこちら https://www.instagram.com/prospi_a_official/,
PPV3-INV-0179,PowerPro,IxC2lAT1jbk,【公式からの挑戦】パワプロ2020 誰も解けない？超難問かるた大会【KONAMI】,2020-10-12,https://www.youtube.com/watch?v=IxC2lAT1jbk,UCWzEh28vj3mQKpe0fzVTOUw,パワプロ・プロスピ公式チャンネル,official_channel_flat_playlist_then_per_video_metadata,"[""パワプロ"",""パワフルプロ野球"",""OB""]",POWERPRO_SIGNAL_WITH_ABILITY_OR_PLAYER_SERIES_CONTEXT: PowerPro term plus ability/player/update/series signal in title or description.,false,[],,,,,,false,OUT_OF_SCOPE,OK,今回はオリジナル企画をご用意、その名も『パワプロかるた』。 ルールはシンプル！ 詠みあげた選手の特徴を元に正解の選手カードをゲットした方が勝ち！ １ｖｓ１の高速バトルになるはずが、意外な難問で珍プレイも続出？ ▼出演者（左から） 〇大茂 英寿(おおしげ ひでとし) プレイヤー名：ヒデナガトモ 2019シーズン 横浜DeNAベイスターズ代表選手 2019シーズン 最優秀防御率、最多奪三振 Twitter：https://ucs.konami.net/?t=H5fUqmPL ○高良 匡史(たから まさふみ) プレイヤー名：えぞひぐま 2019シーズン 東京ヤクルトスワローズ代表選手 2019シーズン 最多打点 YouTube：https://ucs.konami.net/?t=gkYl6KfQ Twitter：https://ucs.konami.net/?t=XMDdtHhu ○菅原翔太（すがわら しょうた） プレイヤー名：ぶんた 2019シーズン 中日ドラゴンズ代表選手 キャプテン 2018シーズンはゲーム解説者として活躍するも、自身の参戦のために転職。 初参戦ばかりのメンバーをまとめ、リーグ3位を獲得 YouTube：https://ucs.konami.net/?t=s4OdWiAq Twitter：https://ucs.konami.net/?t=GBpq2Xfl ○三輪貴,
PPV3-INV-0180,PowerPro,gJrLFFI_KbI,【パワプロ人狼】ホームランバトルで1人だけロックオンで打ってるのは誰だ！？【パワプロ2020】,2020-10-05,https://www.youtube.com/watch?v=gJrLFFI_KbI,UCWzEh28vj3mQKpe0fzVTOUw,パワプロ・プロスピ公式チャンネル,official_channel_flat_playlist_then_per_video_metadata,"[""パワプロ"",""パワフルプロ野球"",""OB""]",POWERPRO_SIGNAL_WITH_ABILITY_OR_PLAYER_SERIES_CONTEXT: PowerPro term plus ability/player/update/series signal in title or description.,false,[],,,,,,false,OUT_OF_SCOPE,OK,今回はオリジナル企画をご用意、その名も『パワプロ人狼』！ ※ルール※ ・4人でホームランバトルを5回実施 ・4人のうち1人だけロックオン１の設定(=人狼)をしている ・ホームランバトルで失敗するごとに誰が人狼なのかを1人1票投票する ・村人たち3人の勝利条件 ①ホームランバトルで5回以内に15周成功させる ②投票で村人全員が人狼を言い当てる ・人狼の勝利条件 ①ホームランバトルで5回とも15周成功させない ②村人を2人追放させ、村人を1人にさせる 村人は、人狼に惑わされずに打ち続けられるのか！？かき回している人狼が誰なのかを見破れるのか！？人狼は、村人の心をかき乱し、ばれないように15周成功を阻止できるのか！？ 駆け引きをお楽しみに♪ ▼出演者（左から） 〇大茂 英寿(おおしげ ひでとし) プレイヤー名：ヒデナガトモ 2019シーズン 横浜DeNAベイスターズ代表選手 2019シーズン 最優秀防御率、最多奪三振 Twitter：https://ucs.konami.net/?t=bm26PRi4 ○高良 匡史(たから まさふみ) プレイヤー名：えぞひぐま 2019シーズン 東京ヤクルトスワローズ代表選手 2019シーズン 最多打点 YouTube：https://ucs.konami.net/?t=U5oqerBa Twitter：https://ucs.konami.net/?t,
PPV3-INV-0181,PowerPro,Dh2gy-mEHdo,【やってみた】監督の指示は絶対！栄冠ナインを再現したらこうなった【パワプロ2020】,2020-09-21,https://www.youtube.com/watch?v=Dh2gy-mEHdo,UCWzEh28vj3mQKpe0fzVTOUw,パワプロ・プロスピ公式チャンネル,official_channel_flat_playlist_then_per_video_metadata,"[""パワプロ"",""パワフルプロ野球"",""OB""]",POWERPRO_SIGNAL_WITH_ABILITY_OR_PLAYER_SERIES_CONTEXT: PowerPro term plus ability/player/update/series signal in title or description.,false,[],,,,,,false,OUT_OF_SCOPE,OK,栄冠ナインは監督となって選手に指示を出すモード。 思うように試合が進まないことも多く、選手にきつく当たっていませんか？ もしも私たちが栄冠ナインの選手だったら… 監督の指示を必死で守ろうと、懸命に戦う選手たち。 でも心の内は穏やかではないのかもしれません。 今回は栄冠ナインを少しリアルに再現してみました。 【ルール】 監督は山札から指示カードを3枚引く（攻撃用・守備用） 1打者に対して1枚指示を出していく 選手は監督の指示を絶対順守 我慢できなくなったときは選手から監督に「代打カード」を提示できる ▼出演者 ○高良 匡史(たから まさふみ) プレイヤー名：えぞひぐま 2019シーズン 東京ヤクルトスワローズ代表選手 2019シーズン 最多打点 YouTube：https://ucs.konami.net/?t=uYTaU9pm Twitter：https://ucs.konami.net/?t=8QWoHYBu 〇大茂 英寿(おおしげ ひでとし) プレイヤー名：ヒデナガトモ 2019シーズン 横浜DeNAベイスターズ代表選手 2019シーズン 最優秀防御率、最多奪三振 Twitter：https://ucs.konami.net/?t=0pXHC4Vh ○菅原翔太（すがわら しょうた） プレイヤー名：ぶんた 2019シーズン 中日ドラゴンズ代表選手 キャプテン 2018シーズンはゲ,
PPV3-INV-0182,PowerPro,Gk1RZiXz8iY,【送球縛り】内野手の送球を禁止したらプロの野球脳が試された！？【パワプロ2020】,2020-09-14,https://www.youtube.com/watch?v=Gk1RZiXz8iY,UCWzEh28vj3mQKpe0fzVTOUw,パワプロ・プロスピ公式チャンネル,official_channel_flat_playlist_then_per_video_metadata,"[""パワプロ"",""パワフルプロ野球"",""OB""]",POWERPRO_SIGNAL_WITH_ABILITY_OR_PLAYER_SERIES_CONTEXT: PowerPro term plus ability/player/update/series signal in title or description.,false,[],,,,,,false,OUT_OF_SCOPE,OK,今回は特別ルールで2vs2の対戦をしてもらいました。 ルールはその名も”送球縛りプレー”内野手の送球を禁止します！ ※ルール※ ・内野手は送球してはいけない（投手、捕手含む） ・バント、盗塁は禁止 ・外野手からの返球はOK ・誤って内野手が送球した場合はペナルティ（＋1べース） ・3イニング 菅原・三輪チームVS高良・大茂チーム、それぞれのチームの作戦やいかに！？ このルールのポイントにいち早く気付くプロは誰だ！！ ▼eオールスター2020 | eBASEBALL プロリーグ 公式サイト https://e-baseball.konami.net/pawa_proleague/page/allstar_2020/ ▼eオールスター2020 ファン投票 公式サイト https://e-baseball.konami.net/pawa_proleague/form/allstar_ballot_2020/ ▼出演者（左から） 〇大茂 英寿(おおしげ ひでとし) プレイヤー名：ヒデナガトモ 2019シーズン 横浜DeNAベイスターズ代表選手 2019シーズン 最優秀防御率、最多奪三振 Twitter：https://ucs.konami.net/?t=uJjSRln6 ○高良 匡史(たから まさふみ) プレイヤー名：えぞひぐま 2019シーズン 東京ヤクルトスワローズ代表選手 2019シ,
PPV3-INV-0183,PowerPro,-O-Er9MZY3s,【2020】パワチャン オフィシャルPV/パワプロアプリ,2020-09-10,https://www.youtube.com/watch?v=-O-Er9MZY3s,UCWzEh28vj3mQKpe0fzVTOUw,パワプロ・プロスピ公式チャンネル,official_channel_flat_playlist_then_per_video_metadata,"[""パワプロ"",""パワフルプロ野球"",""実況パワフルプロ野球""]",POWERPRO_CURRENT_OR_EDITION_CONTEXT: PowerPro term present; retained as official PowerPro context even without an explicit ability term.,false,[],,,,,,false,OUT_OF_SCOPE,OK,"""見つけろ、君だけの道(サクセス)"" eスポーツ大会 ""パワプロアプリ チャンピオンシップ""(パワチャン)が今年も開幕！ 2016年に開催されたパプワプロフェスティバルも含めて、今年はパワチャン5年目の記念大会として大幅パワーアップ！ 詳しくは公式サイトをチェック！ ○公式サイト https://e-baseball.konami.net/pawachamp/2020/pawa_app/ #実況パワフルプロ野球 #パワプロアプリ #パワチャン",
PPV3-INV-0184,PowerPro,4euJ7hrmYPk,【パワチャン×KEYTALK】パワチャンテーマソング 決定記念コメント,2020-09-10,https://www.youtube.com/watch?v=4euJ7hrmYPk,UCWzEh28vj3mQKpe0fzVTOUw,パワプロ・プロスピ公式チャンネル,official_channel_flat_playlist_then_per_video_metadata,"[""パワプロ"",""パワフルプロ野球"",""実況パワフルプロ野球""]",POWERPRO_CURRENT_OR_EDITION_CONTEXT: PowerPro term present; retained as official PowerPro context even without an explicit ability term.,false,[],,,,,,false,OUT_OF_SCOPE,OK,『パワプロアプリ』内でスペシャルイベントなどを実施してきた「KEYTALK」が、「パワチャン」2020シーズンの公式テーマソングを担当！8月26日にリリースした新曲「流線ノスタルジック」で、大会をさらに熱くします！ 今回タイアップを記念してメンバーよりコメントを頂きました。 〈パワチャンとは〉 モバイルゲーム『実況パワフルプロ野球』のNo.1プレーヤーを決めるeスポーツ大会。 2016年に開催されたパプワプロフェスティバルも含めて、今年はパワチャン5年目の記念大会。 より多くの方に楽しんで頂けるように様々な企画を予定していますのでお楽しみに！ ○「パワチャン」2020シーズン 公式サイト https://e-baseball.konami.net/pawachamp/2020/pawa_app/ 〈KEYTALKとは〉 東京・下北沢発の4人組ロックバンド。小野武正(ギター)、首藤義勝(ボーカル&ベース)、寺中友将(ボーカル＆ギター)、八木優樹(ドラム＆コーラス)で結成。 2015年に初の武道館単独公演を実施し、横浜アリーナや幕張メッセ（360°センターステージ）で次々とワンマンライブを敢行。 2020年3月には、メンバーの「パワプロ愛」が込められたタイアップ曲「サンライズ」を発表し、話題に。 2020年9月26日（土）には、KEYTALK初の無観客配信ワンマンライブ「4密サウンドで,
PPV3-INV-0185,PowerPro,mcFoF1ty1Aw,【公式からの挑戦】パワプロ2020ホームランチャレンジ 20周成功するまで帰れません（リベンジ編）,2020-09-07,https://www.youtube.com/watch?v=mcFoF1ty1Aw,UCWzEh28vj3mQKpe0fzVTOUw,パワプロ・プロスピ公式チャンネル,official_channel_flat_playlist_then_per_video_metadata,"[""パワプロ"",""パワフルプロ野球"",""OB"",""対決""]",POWERPRO_SIGNAL_WITH_ABILITY_OR_PLAYER_SERIES_CONTEXT: PowerPro term plus ability/player/update/series signal in title or description.,false,[],,,,,,false,OUT_OF_SCOPE,OK,今回は「ホームランを20回連続で打てるまで帰れない」という公式からの挑戦を菅原選手、舘野選手、加賀谷選手、三輪選手の4選手が受けて立ってくれました。 チームプレーが求められる過酷な企画にeBASEBALLプロプレイヤーはどう立ち向かうのか、必見です！ 過去のホームラン対決はこちら ▼【パワプロ2020】俺たちならHR競争一生打ち続ける説【eBASEBALLプロ選手】 https://www.youtube.com/watch?v=PtgQTVtD8_A&t=1s ▼eオールスター2020 | eBASEBALL プロリーグ 公式サイト https://e-baseball.konami.net/pawa_proleague/page/allstar_2020/ ▼eオールスター2020 ファン投票 公式サイト https://e-baseball.konami.net/pawa_proleague/form/allstar_ballot_2020/ ▼出演者（左から） ○菅原翔太（すがわら しょうた） プレイヤー名：ぶんた 2019シーズン 中日ドラゴンズ代表選手 キャプテン 2018シーズンはゲーム解説者として活躍するも、自身の参戦のために転職。 初参戦ばかりのメンバーをまとめ、リーグ3位を獲得 YouTube：https://ucs.konami.net/?t=n6jvpx3X,
PPV3-INV-0186,PowerPro,XFS0DRgqeCU,【パワプロ2020】舘野選手のお腹が... 加賀谷選手、忘れ物大丈夫？ プロプレイヤー対談,2020-08-31,https://www.youtube.com/watch?v=XFS0DRgqeCU,UCWzEh28vj3mQKpe0fzVTOUw,パワプロ・プロスピ公式チャンネル,official_channel_flat_playlist_then_per_video_metadata,"[""パワプロ"",""パワフルプロ野球"",""OB""]",POWERPRO_SIGNAL_WITH_ABILITY_OR_PLAYER_SERIES_CONTEXT: PowerPro term plus ability/player/update/series signal in title or description.,false,[],,,,,,false,OUT_OF_SCOPE,OK,今回はeBASEBALLのプロプレイヤーである舘野選手、加賀谷選手にプロプレイヤーになっての生活や、仕事との両立。対戦相手のリサーチなど様々なことについて熱く語っていただきました！ ▽もう一度見たい舘野選手の完璧なホームランの動画はこちら https://youtu.be/uTUDEIzM5bY?t=5547 ▼出演者（左から） ○舘野 弘樹（たての ひろき） プレイヤーネーム：てぃーの 2018、19シーズン 読売ジャイアンツ代表選手 キャプテン 2019シーズン e日本シリーズ優勝 個人としてもMVP、最多本塁打、最多打点の3タイトルを獲得 Twitter：https://ucs.konami.net/?t=yhfrcKdY ○加賀谷 颯太（かがや そうた） プレイヤーネーム：ケーバック（愛称 バックちゃん） 2018、19シーズン 福岡ソフトバンクホークス代表選手 キャプテン YouTube ケーバックのバ・リーグTV https://ucs.konami.net/?t=QILjUKRN Twitter https://ucs.konami.net/?t=gioKIPv3 ■eBASEBALL プロリーグ 公式サイト https://ucs.konami.net/?t=J6gBnLaX Twiter https://ucs.konami.net/?t=uKUpzrYm “パワ,
PPV3-INV-0187,PowerPro,ovOAXKPCQjI,#パワプロの日 おうち生活をパワフルに！プレゼントキャンペーン,2020-08-25,https://www.youtube.com/watch?v=ovOAXKPCQjI,UCWzEh28vj3mQKpe0fzVTOUw,パワプロ・プロスピ公式チャンネル,official_channel_flat_playlist_then_per_video_metadata,"[""パワプロ"",""パワフルプロ野球"",""実況パワフルプロ野球""]",POWERPRO_CURRENT_OR_EDITION_CONTEXT: PowerPro term present; retained as official PowerPro context even without an explicit ability term.,false,[],,,,,,false,OUT_OF_SCOPE,OK,"実況パワフルプロ野球(モバイル)では、日ごろのご愛顧に感謝して、豪華賞品が当たる 「おうち生活をパワフルに！プレゼントキャンペーン」をドドーンと開催！ キャンペーン期間中に パワプロアプリ公式Twitter のキャンペーンツイートをリツイートした人から抽選で豪華賞品をプレゼント！ ■応募期間：2020年8月20日(木)15:00～9月15日(火)2:59 ■結果発表期間：2020年9月15日(火)14:00～9月29日(火)22:59 ■応募方法 ①パワプロアプリ公式Twitterアカウント（@pawa_app573）をフォロー ②対象の投稿をリツイート（引用ツイートは対象外です。） ■応募コース 家電コース：100万円分の選べる家電セット：5名 ※1 お取り寄せグルメコース：高級グルメ選べるカタログ12か月分：50名 ※2 ギフト券コース：Amazonギフト券 5,000円分：1,000名 ※3 ※1家電は当社指定の家電量販店からご購入いただきます。 具体的な購入方法等は当選者にメール等にてご連絡致します。 ※2賞品は毎月指定の1種類が送られます。 ※3キャンペーンは株式会社コナミデジタルエンタテインメントによる提供です。 本キャンペーンについてのお問い合わせは Amazon ではお受けしておりません。 本キャンペーンに関するお問い合わせはお客様相談室よりお問い合わせください。 ",
PPV3-INV-0188,PowerPro,6On-hUCr6UE,【衝撃の一発】オンライン予選チーム eBASEBALLプロ選手はこう使う！【パワプロ2020】,2020-08-20,https://www.youtube.com/watch?v=6On-hUCr6UE,UCWzEh28vj3mQKpe0fzVTOUw,パワプロ・プロスピ公式チャンネル,official_channel_flat_playlist_then_per_video_metadata,"[""パワプロ"",""パワフルプロ野球"",""OB"",""対決""]",POWERPRO_SIGNAL_WITH_ABILITY_OR_PLAYER_SERIES_CONTEXT: PowerPro term plus ability/player/update/series signal in title or description.,false,[],,,,,,false,OUT_OF_SCOPE,OK,今回は舘野選手、三輪選手、菅原選手、加賀谷選手の4選手が、間近に控えたプロテストのオンライン予選のアレンジチームで対決します。 舘野選手 VS 三輪選手と、菅原選手 VS 加賀谷選手の対決です！ 様々な戦略が可能なチームを、eBASEBALLプロプレイヤーがどのように操るのか、お楽しみください。 ▼プロテストスケジュール オンライン予選 エントリー受付期間 2020年8月24日(月) 13:00～2020年8月30日(日) 23:59 オンライン予選結果通知 2020年9月3日(木)頃 オンライン最終選考会 実技A日程:2020年9月19日(土) 実技B日程:2020年9月20日(日) 面接 :2020年9月22日(火・祝) プロテスト最終選考結果 2020年9月24日(木)頃 ▼出演者（左から） ○菅原翔太（すがわら しょうた） プレイヤー名：ぶんた 2019シーズン 中日ドラゴンズ代表選手 キャプテン 2018シーズンはゲーム解説者として活躍するも、自身の参戦のために転職。 初参戦ばかりのメンバーをまとめ、リーグ3位を獲得 YouTube：https://ucs.konami.net/?t=nfC81EaD Twitter：https://ucs.konami.net/?t=k8SGvXa5 ○舘野 弘樹（たての ひろき） プレイヤーネーム：てぃーの 2018、19シーズン 読,
PPV3-INV-0189,PowerPro,4LPWDwnHVpg,【公式からの挑戦】激ムズ！パワプロ2020選手能力クイズ,2020-08-17,https://www.youtube.com/watch?v=4LPWDwnHVpg,UCWzEh28vj3mQKpe0fzVTOUw,パワプロ・プロスピ公式チャンネル,official_channel_flat_playlist_then_per_video_metadata,"[""パワプロ"",""パワフルプロ野球"",""能力"",""OB""]",POWERPRO_SIGNAL_WITH_ABILITY_OR_PLAYER_SERIES_CONTEXT: PowerPro term plus ability/player/update/series signal in title or description.,false,[],,,,,,false,OUT_OF_SCOPE,OK,今回はパワプロ2020の選手能力をクイズ形式で当てていくゲームを行います。 難問・珍問の前に4人の選手はどうなる？？？ ▼出演者（左から） ○菅原翔太（すがわら しょうた） プレイヤー名：ぶんた 2019シーズン 中日ドラゴンズ代表選手 キャプテン 2018シーズンはゲーム解説者として活躍するも、自身の参戦のために転職。 初参戦ばかりのメンバーをまとめ、リーグ3位を獲得 YouTube：https://ucs.konami.net/?t=p7MCWf1a Twitter：https://ucs.konami.net/?t=imFzfTXc ○舘野 弘樹（たての ひろき） プレイヤーネーム：てぃーの 2018、19シーズン 読売ジャイアンツ代表選手 キャプテン 2019シーズン e日本シリーズ優勝 個人としてもMVP、最多本塁打、最多打点の3タイトルを獲得 Twitter：https://ucs.konami.net/?t=pIhXKUjM ○加賀谷 颯太（かがや そうた） プレイヤーネーム：ケーバック（愛称 バックちゃん） 2018、19シーズン 福岡ソフトバンクホークス代表選手 キャプテン YouTube ケーバックのバ・リーグTV https://ucs.konami.net/?t=ShQW7air Twitter https://ucs.konami.net/?t=0T6FM,
PPV3-INV-0190,PowerPro,lELJCEpQ8XU,【パワプロ2020】実技？面接？現役選手が教えるeBASEBALL プロリーグ プロテスト攻略法【eスポーツ】,2020-08-06,https://www.youtube.com/watch?v=lELJCEpQ8XU,UCWzEh28vj3mQKpe0fzVTOUw,パワプロ・プロスピ公式チャンネル,official_channel_flat_playlist_then_per_video_metadata,"[""パワプロ"",""パワフルプロ野球"",""現役選手"",""OB""]",POWERPRO_SIGNAL_WITH_ABILITY_OR_PLAYER_SERIES_CONTEXT: PowerPro term plus ability/player/update/series signal in title or description.,false,[],,,,,,false,OUT_OF_SCOPE,OK,今回は菅原選手と三輪選手にお越しいただき、24日からスタートするeBASEBALL プロリーグ プロテストについてお話しいただきました。 ▼eBASEBALL プロリーグ 2020シーズンについて 8/3配信 プロプレイヤーになるのは君だ！！～発表！eBASEBALL プロリーグ 2020シーズン～ https://ucs.konami.net/?t=WM9HOp2l 今期プロプレイヤーになれるのは…残り26人！ プロテストの詳しい内容は公式サイトをご確認ください。 https://ucs.konami.net/?t=6xo7M5Zy ▼出演者 三輪貴史（みわ たかふみ） プレイヤー名：ねお 2018、19シーズン 東北楽天ゴールデンイーグルス代表選手 キャプテン 2019シーズン パ・リーグ最優秀防御率獲得 2018シーズンに一度継続契約を逃したが、翌年再度指名を受けチームを3位へ導く Twitter:https://ucs.konami.net/?t=JkhNPe4A 菅原翔太（すがわら しょうた） プレイヤー名：ぶんた 2019シーズン 中日ドラゴンズ代表選手 キャプテン 2018シーズンはゲーム解説者として活躍するも、自身の参戦のために転職。 初参戦ばかりのメンバーをまとめ、リーグ3位を獲得 YouTube:https://ucs.konami.net/?t=4daAlmG,
PPV3-INV-0191,PowerPro,ArCW8T-MGeY,【パワプロ2020】プロvsプロのガチ対決！ドリームチームで大乱戦を制するのはどっちだ！？,2020-07-30,https://www.youtube.com/watch?v=ArCW8T-MGeY,UCWzEh28vj3mQKpe0fzVTOUw,パワプロ・プロスピ公式チャンネル,official_channel_flat_playlist_then_per_video_metadata,"[""パワプロ"",""パワフルプロ野球"",""OB"",""対決""]",POWERPRO_SIGNAL_WITH_ABILITY_OR_PLAYER_SERIES_CONTEXT: PowerPro term plus ability/player/update/series signal in title or description.,false,[],,,,,,false,OUT_OF_SCOPE,OK,今回はいよいよ舘野選手、指宿選手、加賀谷選手、下山選手による「eBASEBALLパワフルプロ野球2020」でのガチ対決企画です。 舘野選手・指宿選手チームと、加賀谷選手・下山選手チームの２対２に分かれて対決です！ eBASEBALLプロプレイヤーによるガチバトル！お楽しみください。 ▼前編 【パワプロ2020】eBASEBALLプロ選手によるガチ対決！ドラフトで選んだドリームチームで対決！ https://www.youtube.com/watch?v=pjtFw4b238U ルール： チームはドラフト形式で決定。重複の場合はジャンケン。 控えの選手は交互に指名します バッティングは交互に行う 守備は2人でポジションを分担 バッテリーモードON（捕手側が球種とコースを決め、投手は2度押しで投球） 9イニング制 （DHあり） ■出演者 ○舘野 弘樹（たての ひろき） プレイヤーネーム：てぃーの 2018、19シーズン 読売ジャイアンツ代表選手 キャプテン 2019シーズン e日本シリーズ優勝 個人としてもMVP、最多本塁打、最多打点の3タイトルを獲得 Twitter：https://ucs.konami.net/?t=kU7Ed1BZ ○指宿 聖也（いぶすき せいや） プレイヤーネーム：みっすん 2018、19シーズン オリックス・バファローズ代表選手 キャプテン 2019シーズン ,
PPV3-INV-0192,PowerPro,pjtFw4b238U,【パワプロ2020】eBASEBALLプロ選手によるガチ対決！ドラフトで選んだドリームチームで対決！,2020-07-23,https://www.youtube.com/watch?v=pjtFw4b238U,UCWzEh28vj3mQKpe0fzVTOUw,パワプロ・プロスピ公式チャンネル,official_channel_flat_playlist_then_per_video_metadata,"[""パワプロ"",""パワフルプロ野球"",""OB"",""対決""]",POWERPRO_SIGNAL_WITH_ABILITY_OR_PLAYER_SERIES_CONTEXT: PowerPro term plus ability/player/update/series signal in title or description.,false,[],,,,,,false,OUT_OF_SCOPE,OK,今回はいよいよ舘野選手、指宿選手、加賀谷選手、下山選手による「eBASEBALLパワフルプロ野球2020」でのガチ対決企画です。 舘野選手・指宿選手チームと、加賀谷選手・下山選手チームの２対２に分かれて対決です！ eBASEBALLプロプレイヤーによるガチバトル！お楽しみください。 ルール： チームはドラフト形式で決定。重複の場合はジャンケン。 控えの選手は交互に指名します バッティングは交互に行う 守備は2人でポジションを分担 バッテリーモードON（捕手側が球種とコースを決め、投手は2度押しで投球） 9イニング制 （DHあり） ■出演者 ○舘野 弘樹（たての ひろき） プレイヤーネーム：てぃーの 2018、19シーズン 読売ジャイアンツ代表選手 キャプテン 2019シーズン e日本シリーズ優勝 個人としてもMVP、最多本塁打、最多打点の3タイトルを獲得 Twitter：https://ucs.konami.net/?t=u1KQOMHT ○指宿 聖也（いぶすき せいや） プレイヤーネーム：みっすん 2018、19シーズン オリックス・バファローズ代表選手 キャプテン 2019シーズン パ・リーグ2位 19シーズンは個人として全選手中唯一の全勝 最多本塁打とBest Proleague Playerの2冠を獲得 ▽指宿選手のチャンネルはこちら https://ucs.konami.,
PPV3-INV-0193,PowerPro,PtgQTVtD8_A,【パワプロ2020】俺たちならHR競争一生打ち続ける説【eBASEBALLプロ選手】,2020-07-20,https://www.youtube.com/watch?v=PtgQTVtD8_A,UCWzEh28vj3mQKpe0fzVTOUw,パワプロ・プロスピ公式チャンネル,official_channel_flat_playlist_then_per_video_metadata,"[""パワプロ"",""パワフルプロ野球"",""OB""]",POWERPRO_SIGNAL_WITH_ABILITY_OR_PLAYER_SERIES_CONTEXT: PowerPro term plus ability/player/update/series signal in title or description.,false,[],,,,,,false,OUT_OF_SCOPE,OK,今回はeBASEBALLのプロプレイヤーである舘野選手、指宿選手、加賀谷選手、下山選手の4選手を招いて「eBASEBALLパワフルプロ野球2020」ホームランアタックでバトル＆サドンデスを競っていただきます！ ■出演者 舘野 弘樹（たての ひろき） プレイヤーネーム：てぃーの 2018、19シーズン 読売ジャイアンツ代表選手 キャプテン 2019シーズン e日本シリーズ優勝 個人としてもMVP、最多本塁打、最多打点の3タイトルを獲得 Twitter：https://ucs.konami.net/?t=iBrvG6Eq 指宿 聖也（いぶすき せいや） プレイヤーネーム：みっすん 2018、19シーズン オリックス・バファローズ代表選手 キャプテン 2019シーズン パ・リーグ2位 19シーズンは個人として全選手中唯一の全勝 最多本塁打とBest Proleague Playerの2冠を獲得 ▽指宿選手のチャンネルはこちら https://ucs.konami.net/?t=BoWF4DCH Twitter：https://ucs.konami.net/?t=AbOsjilN 下山 祐躍（しもやま よしや） プレイヤーネーム：スンスケ 2018、19シーズン 千葉ロッテマリーンズ代表選手 キャプテン 2019シーズン パ・リーグ優勝 個人タイトルとして最優秀防御率を獲得 YouTube,
PPV3-INV-0194,PowerPro,1BZpm1y4uyw,【パワプロ2020】eBASEBALLプロ選手がサクサクセス1時間チャレンジ！まさかのダイジョーブ博士が2人！？,2020-07-16,https://www.youtube.com/watch?v=1BZpm1y4uyw,UCWzEh28vj3mQKpe0fzVTOUw,パワプロ・プロスピ公式チャンネル,official_channel_flat_playlist_then_per_video_metadata,"[""パワプロ"",""パワフルプロ野球"",""OB""]",POWERPRO_SIGNAL_WITH_ABILITY_OR_PLAYER_SERIES_CONTEXT: PowerPro term plus ability/player/update/series signal in title or description.,false,[],,,,,,false,OUT_OF_SCOPE,OK,今回はeBASEBALLプロプレイヤーである舘野選手と指宿選手を招いて「eBASEBALLパワフルプロ野球2020」のサクサクセスをプレイしていただきました。 「サクサクセス1時間チャレンジ！」果たして制限時間内に良い選手は出来るのか？ 00:00 オープニング 00:25 チャレンジスタート 01:38 なかなか出会えない 03:02 ハテナ地獄 05:48 アイテムを使う 06:15 博士に翻弄される 08:56 今日の運試し 09:38 2人目の博士 12:11 残り10分 15:12 エンディング ■出演者 舘野 弘樹（たての ひろき） プレイヤーネーム：てぃーの 2018、19シーズン 読売ジャイアンツ代表選手 キャプテン 2019シーズン e日本シリーズ優勝 個人としてもMVP、最多本塁打、最多打点の3タイトルを獲得 Twitter：https://ucs.konami.net/?t=wUsXJ2m3 指宿 聖也（いぶすき せいや） プレイヤーネーム：みっすん 2018、19シーズン オリックス・バファローズ代表選手 キャプテン 2019シーズン パ・リーグ2位 19シーズンは個人として全選手中唯一の全勝 最多本塁打とBest Proleague Playerの2冠を獲得 ▽指宿選手のチャンネルはこちら https://ucs.konami.net/?t=3TQZNSw,
PPV3-INV-0195,PowerPro,WskScbGyqW0,【パワプロ2020】eBASEBALLプロ選手ならパワフェス達人モードも初見クリア？難敵のプロ野球レジェンズを徹底攻略！,2020-07-09,https://www.youtube.com/watch?v=WskScbGyqW0,UCWzEh28vj3mQKpe0fzVTOUw,パワプロ・プロスピ公式チャンネル,official_channel_flat_playlist_then_per_video_metadata,"[""パワプロ"",""パワフルプロ野球"",""OB""]",POWERPRO_SIGNAL_WITH_ABILITY_OR_PLAYER_SERIES_CONTEXT: PowerPro term plus ability/player/update/series signal in title or description.,false,[],,,,,,false,OUT_OF_SCOPE,OK,今回はeBASEBALLのプロプレイヤーである下山選手と加賀谷選手を招いて「eBASEBALLパワフルプロ野球2020」パワフェス達人モードの初見クリアを目指します！ 1:17 SG高校 10:12 白薔薇かしまし学園大学 16:13 プロ野球レジェンズ 35:43 帝王実業 ■出演者 下山 祐躍（しもやま よしや） プレイヤーネーム：スンスケ 2018、19シーズン 千葉ロッテマリーンズ代表選手 キャプテン 2019シーズン パ・リーグ優勝 個人タイトルとして最優秀防御率を獲得 YouTube Challenge-Channel Sunsuke https://ucs.konami.net/?t=kIDJ0b6R Twitter https://ucs.konami.net/?t=VpDvWR5m 加賀谷 颯太（かがや そうた） プレイヤーネーム：ケーバック（愛称 バックちゃん） 2018、19シーズン 福岡ソフトバンクホークス代表選手 キャプテン YouTube ケーバックのバ・リーグTV https://ucs.konami.net/?t=TgqcV4BQ Twitter https://ucs.konami.net/?t=VA9dqaRu “パワプロで目指せ世界一！”「eBASEBALLパワフルプロ野球2020」（Nintendo Switch™・PlayStation®4,
PPV3-INV-0196,PowerPro,OdlfbG1FujU,「eBASEBALLパワフルプロ野球2020」ダウンロードコンテンツ　 BGM：全パワプロシリーズセット,2020-07-09,https://www.youtube.com/watch?v=OdlfbG1FujU,UCWzEh28vj3mQKpe0fzVTOUw,パワプロ・プロスピ公式チャンネル,official_channel_flat_playlist_then_per_video_metadata,"[""パワプロ"",""パワフルプロ野球"",""OB""]",POWERPRO_SIGNAL_WITH_ABILITY_OR_PLAYER_SERIES_CONTEXT: PowerPro term plus ability/player/update/series signal in title or description.,false,[],,,,,,false,OUT_OF_SCOPE,OK,"※必ず視聴前にご確認下さい。 本動画は2021年3月31日以前に配信開始されており、一部、古い価格表記となっておりますので、最新の税込価格については、下記リンク先でご確認下さい。 https://www.konami.com/games/jp/ja/pages/price_list/ “パワプロで目指せ世界一！”「eBASEBALLパワフルプロ野球2020」（Nintendo Switch™・PlayStation®4）7月9日発売！ 公式サイト： https://www.konami.com/pawa/2020/ 公式Twitter：https://twitter.com/pawapuro_pro ■メーカー小売価格 通常版 (パッケージ・DL) Nintendo Switch：7,678円(税込）/ PS4®：8,778円(税込) パワフルエディション (DL専売) Nintendo Switch：9,878円（税込）/ PS4®：10,978円（税込） BGM:パワプロ'94+2+3セット BGM:パワプロ4+5セット BGM:パワプロ6セット BGM:パワプロ'99+2000セット BGM:パワプロ7セット BGM:パワプロ8+2001セット BGM:パワプロ9セット BGM:パワプロ10+超決定版セット BGM:パワプロ11+超決定版セット BGM:パワプロ12セット B",
PPV3-INV-0197,PowerPro,RDuHDrO0spw,「eBASEBALLパワフルプロ野球2020」プロモーションムービー　 東京2020オリンピック,2020-07-08,https://www.youtube.com/watch?v=RDuHDrO0spw,UCWzEh28vj3mQKpe0fzVTOUw,パワプロ・プロスピ公式チャンネル,official_channel_flat_playlist_then_per_video_metadata,"[""パワプロ"",""パワフルプロ野球"",""OB""]",POWERPRO_SIGNAL_WITH_ABILITY_OR_PLAYER_SERIES_CONTEXT: PowerPro term plus ability/player/update/series signal in title or description.,false,[],,,,,,false,OUT_OF_SCOPE,OK,※必ず視聴前にご確認下さい。 本動画は2021年3月31日以前に配信開始されており、一部、古い価格表記となっておりますので、最新の税込価格については、下記リンク先でご確認下さい。 https://www.konami.com/games/jp/ja/pages/price_list/ “パワプロで目指せ世界一！”「eBASEBALLパワフルプロ野球2020」（Nintendo Switch™・PlayStation®4）7月9日発売！ 公式サイト： https://www.konami.com/pawa/2020/ 公式Twitter：https://twitter.com/pawapuro_pro 一般社団法人日本野球機構承認 ⓒ2019 SAMURAI JAPAN 日本プロ野球名球会公認 日本プロ野球OBクラブ公認 プロ野球フランチャイズ球場公認 ゲーム内に再現された球場内看板は、原則として2019年プロ野球ペナントシーズン中のデータを基に制作しています。 データ提供:共同通信デジタル データは（株）共同通信デジタルが独自に収集したものであり、公式記録とは異なる場合があります。 提供情報を手段を問わず、いかなる目的であれ無断で複製、転送、販売等を行う事を固く禁じます。 ©Konami Digital Entertainment 株式会社コナミデジタルエンタテインメントは、eBA,
PPV3-INV-0198,PowerPro,b_JCLxYwNFo,「eBASEBALLパワフルプロ野球2020」プロモーションムービー,2020-06-12,https://www.youtube.com/watch?v=b_JCLxYwNFo,UCWzEh28vj3mQKpe0fzVTOUw,パワプロ・プロスピ公式チャンネル,official_channel_flat_playlist_then_per_video_metadata,"[""パワプロ"",""パワフルプロ野球"",""OB""]",POWERPRO_SIGNAL_WITH_ABILITY_OR_PLAYER_SERIES_CONTEXT: PowerPro term plus ability/player/update/series signal in title or description.,false,[],,,,,,false,OUT_OF_SCOPE,OK,※必ず視聴前にご確認下さい。 本動画は2021年3月31日以前に配信開始されており、一部、古い価格表記となっておりますので、最新の税込価格については、下記リンク先でご確認下さい。 https://www.konami.com/games/jp/ja/pages/price_list/ “パワプロで目指せ世界一！”「eBASEBALLパワフルプロ野球2020」（Nintendo Switch™・PlayStation®4）7月9日発売！ 公式サイト： https://www.konami.com/pawa/2020/ 公式Twitter：https://twitter.com/pawapuro_pro 一般社団法人日本野球機構承認 ⓒ2019 SAMURAI JAPAN 日本プロ野球名球会公認 日本プロ野球OBクラブ公認 プロ野球フランチャイズ球場公認 ゲーム内に再現された球場内看板は、原則として2019年プロ野球ペナントシーズン中のデータを基に制作しています。 データ提供:共同通信デジタル データは（株）共同通信デジタルが独自に収集したものであり、公式記録とは異なる場合があります。 提供情報を手段を問わず、いかなる目的であれ無断で複製、転送、販売等を行う事を固く禁じます。 ©Konami Digital Entertainment 株式会社コナミデジタルエンタテインメントは、eBA,
PPV3-INV-0199,PowerPro,PhQkyi8VjU4,「eBASEBALLパワフルプロ野球2020」オープニングムービー,2020-04-03,https://www.youtube.com/watch?v=PhQkyi8VjU4,UCWzEh28vj3mQKpe0fzVTOUw,パワプロ・プロスピ公式チャンネル,official_channel_flat_playlist_then_per_video_metadata,"[""パワプロ"",""パワフルプロ野球"",""OB""]",POWERPRO_SIGNAL_WITH_ABILITY_OR_PLAYER_SERIES_CONTEXT: PowerPro term plus ability/player/update/series signal in title or description.,false,[],,,,,,false,OUT_OF_SCOPE,OK,※必ず視聴前にご確認下さい。 本動画は2021年3月31日以前に配信開始されており、一部、古い価格表記となっておりますので、最新の税込価格については、下記リンク先でご確認下さい。 https://www.konami.com/games/jp/ja/pages/price_list/ “パワプロで目指せ世界一！”「eBASEBALLパワフルプロ野球2020」（Nintendo Switch™・PlayStation®4）7月9日発売！ 公式サイト： https://www.konami.com/pawa/2020/ 「蒼の彼方へ」 幼い頃の夢 遠くまで見果てない景色 一瞬で通り抜けるビジョン 蒼と星の彼方に何が待ってる？ 想いの風を今背負って （羽ばたくよDreamer’s sky ） 旅に出るのさ 太陽の降る場所へ 僕らの全て連れて （It’s time to take a step up now） この魂で歌おう 世界に響け！ 重ねた日々が勇気へと変わってく 情熱が僕を奮い立たせる 世界はもうすぐそこ もう何も恐れないさ 未来を共に創ろう 光を放て！ 歌・作詞 國土佳音 作・編曲 米須優太郎 編曲 渡邊紀如 一般社団法人日本野球機構承認 日本プロ野球名球会公認 日本プロ野球OBクラブ公認 プロ野球フランチャイズ球場公認 ゲーム内に再現された球場内看板は、原則として2019年プロ,
PPV3-INV-0001,PowerPro,Ms1zfS7gSmo,【ロマン開花學園解説】ロマン全開！才能開花！【パワプロアプリ】,2026-07-30,https://www.youtube.com/watch?v=Ms1zfS7gSmo,UCWzEh28vj3mQKpe0fzVTOUw,パワプロ・プロスピ公式チャンネル,official_channel_flat_playlist_then_per_video_metadata,"[""パワプロ""]",POWERPRO_CURRENT_OR_EDITION_CONTEXT: PowerPro term present; retained as official PowerPro context even without an explicit ability term.,true,[],true,8,8,yt-dlp --get-comments --dump-single-json,YTDLP_ALL_REQUESTED; completeness not independently verified; platform/client pagination may remain,false,IN_SCOPE,OK,新シナリオ #ロマン開花學園 編 7/30～配信開始！ 配信開始に伴い、#解説 動画を公開！ 【「ロマン開花學園」ストーリー概要】 100年以上の歴史を誇る伝統校、ロマン開花學園。 その野球部も、かつて何度も甲子園に行った古豪だが、近年の成績はイマイチだ。 学校は伝統を重んじる校風だけど、このままの体制でいいのだろうか・・・？ そう考えていたところに、刃（やいば）と名乗る新任の監督が現れる。 今、変革を予感させる新風が、吹き始めようとしていた・・・ 詳細はアプリ内お知らせにてご確認ください。 #パワプロアプリ 公式X：https://x.com/pawa_app573 #パワプロアプリ 公式サイト：https://www.konami.com/pawa/app/,
PPV3-INV-0004,PowerPro,lXJEdQqrU7E,なにわ男子 藤原丈一郎さん・アンタッチャブル 山崎さん柴田さんが登場！パワプロ2026発売記念イベントダイジェスト 【パワフルプロ野球2026-2027】,2026-07-01,https://www.youtube.com/watch?v=lXJEdQqrU7E,UCWzEh28vj3mQKpe0fzVTOUw,パワプロ・プロスピ公式チャンネル,official_channel_flat_playlist_then_per_video_metadata,"[""パワプロ"",""パワフルプロ野球"",""プロスピ"",""OB""]",POWERPRO_SIGNAL_WITH_ABILITY_OR_PLAYER_SERIES_CONTEXT: PowerPro term plus ability/player/update/series signal in title or description.,true,[],true,10,10,yt-dlp --get-comments --dump-single-json,YTDLP_ALL_REQUESTED; completeness not independently verified; platform/client pagination may remain,false,IN_SCOPE,OK,"▼パワプロ・プロスピ公式Xはこちら https://x.com/pawapuro_pro “歴史（サクセス）は、受け継がれる。” 「パワフルプロ野球2026-2027」（Nintendo Switch™・PlayStation®4）6月11日発売！ 公式サイト： https://www.konami.com/pawa/2026-2027/ 一般社団法人日本野球機構承認 ©2026 SAMURAI JAPAN Trademarks, copyrights, names, images and other proprietary materials are used with permission of World Baseball Classic, Inc. 日本プロ野球名球会公認 日本プロ野球OBクラブ公認 日本プロ野球外国人OB選手会公認 プロ野球フランチャイズ球場公認 ゲーム内に再現された球場内看板は、原則として2025年度プロ野球公式戦のデータを基に制作しています。 All other copyrights or trademarks are the property of their respective owners and are used under license. データは、(株)共同通信デジタル/Japan Baseball Data (株)が独自に収集したもの",
PPV3-INV-0007,PowerPro,Pm_Pyg54JV0,『パワプロアドベンチャーズ』3rdシナリオ カジナイトアカデミー紹介,2026-06-03,https://www.youtube.com/watch?v=Pm_Pyg54JV0,UCWzEh28vj3mQKpe0fzVTOUw,パワプロ・プロスピ公式チャンネル,official_channel_flat_playlist_then_per_video_metadata,"[""パワプロ""]",POWERPRO_CURRENT_OR_EDITION_CONTEXT: PowerPro term present; retained as official PowerPro context even without an explicit ability term.,true,[],true,29,29,yt-dlp --get-comments --dump-single-json,YTDLP_ALL_REQUESTED; completeness not independently verified; platform/client pagination may remain,false,IN_SCOPE,OK,3rdサクセスシナリオ カジナイトアカデミーの紹介です。 『鋼の如き心であれ』 主人公たちに足りないものは何なのか—― 答えを求めて、ハンマーを手にする🔨 打てよ黒鉄！叩いて鍛えて、強き心を手に入れろ！ #パワプロアドベンチャーズ #パワアド ダウンロードはこちら：https://konami-app.go.link/bQ12m 公式サイト：https://www.konami.com/pawa/adventures/ 公式X：https://x.com/pawa_adventures,
PPV3-INV-0021,PowerPro,1lkcAGahFZ8,『パワプロアドベンチャーズ』2ndシナリオ タテレスキュアアカデミー紹介,2026-04-03,https://www.youtube.com/watch?v=1lkcAGahFZ8,UCWzEh28vj3mQKpe0fzVTOUw,パワプロ・プロスピ公式チャンネル,official_channel_flat_playlist_then_per_video_metadata,"[""パワプロ""]",POWERPRO_CURRENT_OR_EDITION_CONTEXT: PowerPro term present; retained as official PowerPro context even without an explicit ability term.,true,[],true,32,32,yt-dlp --get-comments --dump-single-json,YTDLP_ALL_REQUESTED; completeness not independently verified; platform/client pagination may remain,false,IN_SCOPE,OK,2ndサクセスシナリオ タテレスキュアアカデミーの紹介です。 オレもみんなを守れる冒険者になる！ 更なる災厄が迫るとき、主人公は守りたい人を守ることができるのか━━🛡️ #パワプロアドベンチャーズ #パワアド ダウンロードはこちら：https://konami-app.go.link/bQ12m 公式サイト：https://www.konami.com/pawa/adventures/ 公式X：https://x.com/pawa_adventures,
PPV3-INV-0022,PowerPro,PMkxCzAo16A,『パワプロアドベンチャーズ』CM【驚き編】,2026-03-26,https://www.youtube.com/watch?v=PMkxCzAo16A,UCWzEh28vj3mQKpe0fzVTOUw,パワプロ・プロスピ公式チャンネル,official_channel_flat_playlist_then_per_video_metadata,"[""パワプロ""]",POWERPRO_CURRENT_OR_EDITION_CONTEXT: PowerPro term present; retained as official PowerPro context even without an explicit ability term.,true,[],true,3,3,yt-dlp --get-comments --dump-single-json,YTDLP_ALL_REQUESTED; completeness not independently verified; platform/client pagination may remain,false,IN_SCOPE,OK,野球ゲームでお馴染みのパワプロシリーズからまさかのファンタジー！？ ♪「今度のパワプロはファンタジーでございます。 乗り遅れにご注意ください～🚃」 ダウンロードはこちら：https://konami-app.go.link/bQ12m 【『パワプロアドベンチャーズ』とは 】 剣と魔法のファンタジー世界で、冒険者を育成！ 「サクセス」で個性豊かな仲間たちと切磋琢磨して成長し、強敵との「バトル」に挑もう！ 公式サイト：https://www.konami.com/pawa/adventures/ 公式X：https://x.com/pawa_adventures #パワプロアドベンチャーズ #パワアド,
PPV3-INV-0023,PowerPro,5nxW28yS5kQ,『パワプロアドベンチャーズ』ローンチトレーラー,2026-03-26,https://www.youtube.com/watch?v=5nxW28yS5kQ,UCWzEh28vj3mQKpe0fzVTOUw,パワプロ・プロスピ公式チャンネル,official_channel_flat_playlist_then_per_video_metadata,"[""パワプロ""]",POWERPRO_CURRENT_OR_EDITION_CONTEXT: PowerPro term present; retained as official PowerPro context even without an explicit ability term.,true,[],true,15,15,yt-dlp --get-comments --dump-single-json,YTDLP_ALL_REQUESTED; completeness not independently verified; platform/client pagination may remain,false,IN_SCOPE,OK,今度のパワプロはファンタジー！？ 新作スマホアプリ『パワプロアドベンチャーズ』がいよいよサービス開始 最強の冒険者を目指そう ━━⚔️ ダウンロードはこちら：https://konami-app.go.link/bQ12m 【『パワプロアドベンチャーズ』とは 】 剣と魔法のファンタジー世界で、冒険者を育成！ 「サクセス」で個性豊かな仲間たちと切磋琢磨して成長し、強敵との「バトル」に挑もう！ 公式サイト：https://www.konami.com/pawa/adventures/ 公式X：https://x.com/pawa_adventures #パワプロアドベンチャーズ #パワアド,
PPV3-INV-0024,PowerPro,wOjrANePk1c,『パワフルプロ野球2026-2027』オープニングムービー,2026-03-12,https://www.youtube.com/watch?v=wOjrANePk1c,UCWzEh28vj3mQKpe0fzVTOUw,パワプロ・プロスピ公式チャンネル,official_channel_flat_playlist_then_per_video_metadata,"[""パワフルプロ野球"",""OB""]",POWERPRO_SIGNAL_WITH_ABILITY_OR_PLAYER_SERIES_CONTEXT: PowerPro term plus ability/player/update/series signal in title or description.,true,[],true,1981,1981,yt-dlp --get-comments --dump-single-json,YTDLP_ALL_REQUESTED; completeness not independently verified; platform/client pagination may remain,true,IN_SCOPE,OK,"“歴史（サクセス）は、受け継がれる。” 「パワフルプロ野球2026-2027」（Nintendo Switch™・PlayStation®4）6月11日発売！ 公式サイト：https://www.konami.com/pawa/2026-2027/ 『Highlight』 Stand up now, we’re ready now Go! Stand up now, we’re ready now All set! 歓声が空揺らす Stand up now, we’re ready now Go! Stand up now, we’re ready now All set! その背に未来を 高鳴る鼓動を信じて 重なる熱量が 期待感と展開の煌めき 覚悟を決めてけ 何度も見失って 息飲むストーリー 奇跡的な証明に変わるさ 大丈夫信じて （ほら） 誰にも見せず （ずっと） 積み上げていた 負けないように向き合うように 静かな夜を越えてきた （ほら）気づけばそばに （いま）同じ痛みを 背負いながら駆け出す君 準備はもう出来たよね （胸を張って） はじめよう いま世界を駆けていけ 照らす 光の先 風に乗る夢 ひとりじゃない いま未来を駆けていこう 照らせ 光のように 掴み取ろう さあこの手で Stand up now, we’re ready now Go! Stand up now, we",
PPV3-INV-0026,PowerPro,WMCRj4Snias,『パワプロアドベンチャーズ』オープニングムービー,2026-03-06,https://www.youtube.com/watch?v=WMCRj4Snias,UCWzEh28vj3mQKpe0fzVTOUw,パワプロ・プロスピ公式チャンネル,official_channel_flat_playlist_then_per_video_metadata,"[""パワプロ""]",POWERPRO_CURRENT_OR_EDITION_CONTEXT: PowerPro term present; retained as official PowerPro context even without an explicit ability term.,true,[],true,23,23,yt-dlp --get-comments --dump-single-json,YTDLP_ALL_REQUESTED; completeness not independently verified; platform/client pagination may remain,false,IN_SCOPE,OK,『パワプロアドベンチャーズ』のオープニングムービーです。 世界樹の恵みによって栄えた平和な世界に 突如として邪悪なる魔王が現れた――⚔️ #パワプロアドベンチャーズ #パワアド ダウンロードはこちら：https://konami-app.go.link/bQ12m 公式サイト：https://www.konami.com/pawa/adventures/ 公式X：https://x.com/pawa_adventures,
PPV3-INV-0032,PowerPro,ZzSgcUeTLHw,『パワプロアドベンチャーズ』プロモーションムービー,2026-02-12,https://www.youtube.com/watch?v=ZzSgcUeTLHw,UCWzEh28vj3mQKpe0fzVTOUw,パワプロ・プロスピ公式チャンネル,official_channel_flat_playlist_then_per_video_metadata,"[""パワプロ""]",POWERPRO_CURRENT_OR_EDITION_CONTEXT: PowerPro term present; retained as official PowerPro context even without an explicit ability term.,true,[],true,127,127,yt-dlp --get-comments --dump-single-json,YTDLP_ALL_REQUESTED; completeness not independently verified; platform/client pagination may remain,false,IN_SCOPE,OK,今度のパワプロはファンタジー！？ 新作スマホアプリ『パワプロアドベンチャーズ』が登場！ 【『パワプロアドベンチャーズ』とは 】 剣と魔法のファンタジー世界で、冒険者を育成！ 「サクセス」で個性豊かな仲間たちと切磋琢磨して成長し、強敵との「バトル」に挑もう！ #パワプロアドベンチャーズ #パワアド ダウンロードはこちら：https://konami-app.go.link/bQ12m 公式サイト：https://www.konami.com/pawa/adventures/ 公式X：https://x.com/pawa_adventures,
PPV3-INV-0033,PowerPro,T9yXBWsT7bU,『パワプロアドベンチャーズ』1stシナリオ パワフルアカデミー紹介,2026-02-06,https://www.youtube.com/watch?v=T9yXBWsT7bU,UCWzEh28vj3mQKpe0fzVTOUw,パワプロ・プロスピ公式チャンネル,official_channel_flat_playlist_then_per_video_metadata,"[""パワプロ""]",POWERPRO_CURRENT_OR_EDITION_CONTEXT: PowerPro term present; retained as official PowerPro context even without an explicit ability term.,true,[],true,28,28,yt-dlp --get-comments --dump-single-json,YTDLP_ALL_REQUESTED; completeness not independently verified; platform/client pagination may remain,false,IN_SCOPE,OK,1stサクセスシナリオ パワフルアカデミーの紹介です。 いつか世界一の冒険者になる！ 幼馴染と昔誓った約束を主人公は果たせるか━━⚔️ #パワプロアドベンチャーズ #パワアド ダウンロードはこちら：https://konami-app.go.link/bQ12m 公式サイト：https://www.konami.com/pawa/adventures/ 公式X：https://x.com/pawa_adventures,
PPV3-INV-0034,PowerPro,AuXLDp8HBOY,『パワプロアドベンチャーズ』 CM【今度のパワプロはファンタジー！？編】,2026-01-18,https://www.youtube.com/watch?v=AuXLDp8HBOY,UCWzEh28vj3mQKpe0fzVTOUw,パワプロ・プロスピ公式チャンネル,official_channel_flat_playlist_then_per_video_metadata,"[""パワプロ""]",POWERPRO_CURRENT_OR_EDITION_CONTEXT: PowerPro term present; retained as official PowerPro context even without an explicit ability term.,true,[],true,4,4,yt-dlp --get-comments --dump-single-json,YTDLP_ALL_REQUESTED; completeness not independently verified; platform/client pagination may remain,false,IN_SCOPE,OK,あなただけの理想の冒険者を育成して世界を救う冒険に出よう！ 新作スマホアプリ『パワプロアドベンチャーズ』2026年春リリース予定！事前登録受付中！ #パワプロアドベンチャーズ #パワアド ダウンロードはこちら：https://konami-app.go.link/bQ12m 公式サイト：https://www.konami.com/pawa/adventures/ 公式X：https://x.com/pawa_adventures,
PPV3-INV-0035,PowerPro,zEUKZtZmHZY,『パワプロアドベンチャーズ』 CM【キャラクター編】,2026-01-17,https://www.youtube.com/watch?v=zEUKZtZmHZY,UCWzEh28vj3mQKpe0fzVTOUw,パワプロ・プロスピ公式チャンネル,official_channel_flat_playlist_then_per_video_metadata,"[""パワプロ""]",POWERPRO_CURRENT_OR_EDITION_CONTEXT: PowerPro term present; retained as official PowerPro context even without an explicit ability term.,true,[],true,8,8,yt-dlp --get-comments --dump-single-json,YTDLP_ALL_REQUESTED; completeness not independently verified; platform/client pagination may remain,false,IN_SCOPE,OK,個性豊かなキャラクター達が主人公の成長のカギに！仲間と共に理想の冒険者を目指そう！ 新作スマホアプリ『パワプロアドベンチャーズ』2026年春リリース予定！事前登録受付中！ #パワプロアドベンチャーズ #パワアド ダウンロードはこちら：https://konami-app.go.link/bQ12m 公式サイト：https://www.konami.com/pawa/adventures/ 公式X：https://x.com/pawa_adventures,
PPV3-INV-0036,PowerPro,ZK-anNJ8CHk,『パワプロアドベンチャーズ』 CM【バトル編】,2026-01-16,https://www.youtube.com/watch?v=ZK-anNJ8CHk,UCWzEh28vj3mQKpe0fzVTOUw,パワプロ・プロスピ公式チャンネル,official_channel_flat_playlist_then_per_video_metadata,"[""パワプロ""]",POWERPRO_CURRENT_OR_EDITION_CONTEXT: PowerPro term present; retained as official PowerPro context even without an explicit ability term.,true,[],true,7,7,yt-dlp --get-comments --dump-single-json,YTDLP_ALL_REQUESTED; completeness not independently verified; platform/client pagination may remain,false,IN_SCOPE,OK,襲い掛かる強力なボス。攻略に適したジョブ育成やパーティ編成が勝敗を左右する！ 新作スマホアプリ『パワプロアドベンチャーズ』2026年春リリース予定！事前登録受付中！ #パワプロアドベンチャーズ #パワアド ダウンロードはこちら：https://konami-app.go.link/bQ12m 公式サイト：https://www.konami.com/pawa/adventures/ 公式X：https://x.com/pawa_adventures,
PPV3-INV-0037,PowerPro,MLVN7I8iJ7c,『パワプロアドベンチャーズ』 CM【便利機能編】,2026-01-15,https://www.youtube.com/watch?v=MLVN7I8iJ7c,UCWzEh28vj3mQKpe0fzVTOUw,パワプロ・プロスピ公式チャンネル,official_channel_flat_playlist_then_per_video_metadata,"[""パワプロ""]",POWERPRO_CURRENT_OR_EDITION_CONTEXT: PowerPro term present; retained as official PowerPro context even without an explicit ability term.,true,[],true,10,10,yt-dlp --get-comments --dump-single-json,YTDLP_ALL_REQUESTED; completeness not independently verified; platform/client pagination may remain,false,IN_SCOPE,OK,おなじみのサクセスがもっと手軽に！何度も挑戦して理想の冒険者を産みだせ！ 新作スマホアプリ『パワプロアドベンチャーズ』2026年春リリース予定！事前登録受付中！ #パワプロアドベンチャーズ #パワアド ダウンロードはこちら：https://konami-app.go.link/bQ12m 公式サイト：https://www.konami.com/pawa/adventures/ 公式X：https://x.com/pawa_adventures,
PPV3-INV-0038,PowerPro,-kb9eFlpGZI,『パワプロアドベンチャーズ』ティザームービー,2026-01-14,https://www.youtube.com/watch?v=-kb9eFlpGZI,UCWzEh28vj3mQKpe0fzVTOUw,パワプロ・プロスピ公式チャンネル,official_channel_flat_playlist_then_per_video_metadata,"[""パワプロ""]",POWERPRO_CURRENT_OR_EDITION_CONTEXT: PowerPro term present; retained as official PowerPro context even without an explicit ability term.,true,[],true,167,167,yt-dlp --get-comments --dump-single-json,YTDLP_ALL_REQUESTED; completeness not independently verified; platform/client pagination may remain,false,IN_SCOPE,OK,今度のパワプロはファンタジー！？ 新作スマホアプリ『パワプロアドベンチャーズ』が登場！ 2026年春リリース予定！事前登録受付中！ #パワプロアドベンチャーズ #パワアド 公式サイト：https://www.konami.com/pawa/adventures/ 公式X：https://x.com/pawa_adventures,
PPV3-INV-0040,PowerPro,ctyndHX2HPQ,【赤壁高校解説】配信4000日記念！采配を振るい大地を駆けろ！【パワプロアプリ】,2025-11-25,https://www.youtube.com/watch?v=ctyndHX2HPQ,UCWzEh28vj3mQKpe0fzVTOUw,パワプロ・プロスピ公式チャンネル,official_channel_flat_playlist_then_per_video_metadata,"[""パワプロ""]",POWERPRO_CURRENT_OR_EDITION_CONTEXT: PowerPro term present; retained as official PowerPro context even without an explicit ability term.,true,[],true,2,2,yt-dlp --get-comments --dump-single-json,YTDLP_ALL_REQUESTED; completeness not independently verified; platform/client pagination may remain,false,IN_SCOPE,OK,#赤壁高校 #解説 #パワプロアプリ 配信4000日を記念した新シナリオ #赤壁高校 編 11/25～配信開始！ 配信開始に伴い、#解説 動画を公開！ 【「赤壁高校」ストーリー概要】 4000年の歴史があるとも言われている赤壁高校。 その野球部は『技、互、飾（ぎ、ご、しょく）』３つの派閥により三分されていた。 派閥同士の対立は部内に混乱を生み、グラウンドのあちこちに不良部員がたむろするにまで至っている。 こんな状態では甲子園にはたどりつけない！ と主人公は部を変えるために立ち上がる！ さあ、３派閥統一を目指して、いざ出陣！ 詳細はアプリ内お知らせにてご確認ください。 #パワプロアプリ 公式X：https://x.com/pawa_app573 #パワプロアプリ 公式サイト：https://www.konami.com/pawa/app/,
PPV3-INV-0043,PowerPro,dQSB1FfiAH8,まだ登録してないの！？もっとお得にパワプロ・プロスピAを遊べる！パワスピ・ポイントクラブPV,2025-09-25,https://www.youtube.com/watch?v=dQSB1FfiAH8,UCWzEh28vj3mQKpe0fzVTOUw,パワプロ・プロスピ公式チャンネル,official_channel_flat_playlist_then_per_video_metadata,"[""パワプロ"",""プロスピ"",""プロスピA""]",POWERPRO_CURRENT_OR_EDITION_CONTEXT: PowerPro term present; retained as official PowerPro context even without an explicit ability term.,true,[],true,91,91,yt-dlp --get-comments --dump-single-json,YTDLP_ALL_REQUESTED; completeness not independently verified; platform/client pagination may remain,false,IN_SCOPE,OK,もっとお得にパワプロやプロスピAで遊べる！ パワスピ・ポイントクラブの登録はお済ですか？ ゲームで遊んでポイントを貯めるとゲーム内アイテムやノベルティに交換可能！ ガチャ券や契約書など豪華ゲーム内アイテムもラインナップにあるんです！ まだ登録していないあなたは損してる・・・！？ この機会にぜひご登録ください！ ▼パワスピ・ポイントクラブはこちら https://pawaspi-point.konami.net/,
PPV3-INV-0045,PowerPro,y57WBLiAMNw,【長命高校解説】長命島でサバイバれ！【パワプロアプリ】,2025-07-22,https://www.youtube.com/watch?v=y57WBLiAMNw,UCWzEh28vj3mQKpe0fzVTOUw,パワプロ・プロスピ公式チャンネル,official_channel_flat_playlist_then_per_video_metadata,"[""パワプロ""]",POWERPRO_CURRENT_OR_EDITION_CONTEXT: PowerPro term present; retained as official PowerPro context even without an explicit ability term.,true,[],true,2,2,yt-dlp --get-comments --dump-single-json,YTDLP_ALL_REQUESTED; completeness not independently verified; platform/client pagination may remain,false,IN_SCOPE,OK,新シナリオ #長命高校 編 7/22～配信開始！ 配信開始に伴い、#解説 動画を公開！ 【「長命高校」ストーリー概要】 理事長の命令で、サバイバル生活をすることになった長命高校野球部。 舞台は長命島・・・１０年程前に、モンスターが現れた場所だった！ なにやらモンスターを食べることで、生命力を高めるパワーが得られ、 強靭な肉体になれるのだとか・・・ 練習や授業は受けられるものの、狩っては食べる生活が突如始まってしまった。 でも、目指すはもちろん甲子園！ 手強いモンスターを狩り、食らい、強くなれ！ 詳細はアプリ内お知らせにてご確認ください。 #パワプロアプリ 公式X：https://x.com/pawa_app573 #パワプロアプリ 公式サイト：https://www.konami.com/pawa/app/,
PPV3-INV-0050,PowerPro,b1wRVILTWTM,【パワプロ 栄冠クロス】『ワールドバトルロイヤル！』編 紹介ムービー,2025-05-28,https://www.youtube.com/watch?v=b1wRVILTWTM,UCWzEh28vj3mQKpe0fzVTOUw,パワプロ・プロスピ公式チャンネル,official_channel_flat_playlist_then_per_video_metadata,"[""パワプロ"",""パワフルプロ野球""]",POWERPRO_CURRENT_OR_EDITION_CONTEXT: PowerPro term present; retained as official PowerPro context even without an explicit ability term.,true,[],true,6,6,yt-dlp --get-comments --dump-single-json,YTDLP_ALL_REQUESTED; completeness not independently verified; platform/client pagination may remain,false,IN_SCOPE,OK,モバイルゲーム『パワフルプロ野球 栄冠ナイン クロスロード』に、 栄冠ナインモードの新ロード『ワールドバトルロイヤル』編が登場！ ▼アプリのダウンロードはこちら https://app.adjust.com/14ij78oq ＜新ロード『ワールドバトルロイヤル』とは＞ ステージ『監督バトルロイヤル！』編に新ロード『ワールドバトルロイヤル』が登場！ 新たな部費投入『ウルトレ』や『監督ミッション』を使いこなして、世界大会優勝を目指そう！ 公式X： / pawa_eikan573 公式サイト：https://www.konami.com/pawa/eikan_cro... ＃栄冠クロス ＃パワプロ ＃栄冠ナイン,
PPV3-INV-0056,PowerPro,yrIsbjxOHQs,大谷選手直筆サイングッズ・ドジャース観戦 in LAが当たる！【パワスピ・ポイントクラブ】,2025-03-12,https://www.youtube.com/watch?v=yrIsbjxOHQs,UCWzEh28vj3mQKpe0fzVTOUw,パワプロ・プロスピ公式チャンネル,official_channel_flat_playlist_then_per_video_metadata,"[""パワフルプロ野球"",""実況パワフルプロ野球"",""プロ野球スピリッツ""]",POWERPRO_CURRENT_OR_EDITION_CONTEXT: PowerPro term present; retained as official PowerPro context even without an explicit ability term.,true,[],true,22,22,yt-dlp --get-comments --dump-single-json,YTDLP_ALL_REQUESTED; completeness not independently verified; platform/client pagination may remain,false,IN_SCOPE,OK,パワスピ・ポイントクラブにて #大谷翔平 選手のサイングッズや観戦ツアーが当たるキャンペーンを実施中！ ・大谷選手 直筆サインボール（1名様） ・大谷選手 直筆サイン調子くんぬいぐるみ（1名様） ・JTB LA観戦ツアー（ペア1組様） が当たるチャンス！ 配信中のモバイルゲーム『プロ野球スピリッツA』、『実況パワフルプロ野球』、『パワフルプロ野球 栄冠ナイン クロスロード』、『eBaseball™: MLB PRO SPIRIT』をプレーして、キャンペーンに応募しよう！ ▼詳細はパワスピ・ポイントクラブをチェック▼ https://pawaspi-point.konami.net/campaign/detail/campaign_2025_03a 応募期間：3/12(水)10:00～3/31(月)23:59 ※必ずキャンペーン規約をご確認の上ご応募ください。 ※本キャンペーンは18歳未満の方は対象外です。 Major League Baseball trademarks and copyrights are used with permission of Major League Baseball. Visit MLB.com. Getty Images Any other marks used herein are trademarks of their respective o,
PPV3-INV-0064,PowerPro,mjFQ2nYv9VE,【白轟高校解説】10周年記念！これまでのシナリオの練習法が一挙登場【パワプロアプリ】,2024-11-25,https://www.youtube.com/watch?v=mjFQ2nYv9VE,UCWzEh28vj3mQKpe0fzVTOUw,パワプロ・プロスピ公式チャンネル,official_channel_flat_playlist_then_per_video_metadata,"[""パワプロ""]",POWERPRO_CURRENT_OR_EDITION_CONTEXT: PowerPro term present; retained as official PowerPro context even without an explicit ability term.,true,[],true,11,11,yt-dlp --get-comments --dump-single-json,YTDLP_ALL_REQUESTED; completeness not independently verified; platform/client pagination may remain,false,IN_SCOPE,OK,10周年記念の新シナリオ #白轟高校 編 11/25～配信開始！ 配信開始に伴い、#解説 動画を公開！ 【「白轟高校」ストーリー概要】 道内最強と謳われる強豪校「白轟高校」。 しかし肝心のキャプテン北斗八雲が不在がちで、なかなか練習方針が決まらず迷走していた。 そんな中、ひょんなことから「他校の様々な練習法を取り入れる」練習方針に決定。 ようやくチームもまとまるかに思われたが・・・ パワプロアプリに登場した高校の練習法が一挙に登場！ 10年の歴史を力に変えて、白轟高校よ、新たな歴史のパイオニアとなれ！ 10周年を記念した「祝典！サクセスストーリー」開催中！ パワストーン最大68個やSR選択ガチャ券×3枚がもらえる期間限定チャレンジを実施！ （11/25（月）メンテナンス後～12/31（火）23:59まで） 詳細はアプリ内お知らせにてご確認ください。 #パワプロアプリ 公式X：https://x.com/pawa_app573 #パワプロアプリ 公式サイト：https://www.konami.com/pawa/app/,
PPV3-INV-0076,PowerPro,EhYNTJdPSP0,【パワプロ 栄冠クロス】新ステージ登場！『監督バトルロイヤル！』編プロモーションムービー,2024-09-10,https://www.youtube.com/watch?v=EhYNTJdPSP0,UCWzEh28vj3mQKpe0fzVTOUw,パワプロ・プロスピ公式チャンネル,official_channel_flat_playlist_then_per_video_metadata,"[""パワプロ"",""パワフルプロ野球""]",POWERPRO_CURRENT_OR_EDITION_CONTEXT: PowerPro term present; retained as official PowerPro context even without an explicit ability term.,true,[],true,35,35,yt-dlp --get-comments --dump-single-json,YTDLP_ALL_REQUESTED; completeness not independently verified; platform/client pagination may remain,false,IN_SCOPE,OK,モバイルゲーム『パワフルプロ野球 栄冠ナイン クロスロード』に、 栄冠ナインモードの新ステージ『監督バトルロイヤル！』編が登場！ ▼アプリのダウンロードはこちら https://app.adjust.com/14ij78oq ＜『監督バトルロイヤル！』編とは＞ 超強豪校の監督となり甲子園優勝を目指すステージ。 他監督との交流や新ギミック『部費』『設備改良』などを使いこなして、全国制覇を目指そう！ 公式X：https://twitter.com/pawa_eikan573 公式サイト：https://www.konami.com/pawa/eikan_crossroad/ ＃栄冠クロス ＃パワプロ ＃栄冠ナイン,
PPV3-INV-0078,PowerPro,-DHtzgiY6VQ,『パワフルプロ野球2024-2025』レジェンドOB対決動画　ジャイアンツ 対 タイガース,2024-07-22,https://www.youtube.com/watch?v=-DHtzgiY6VQ,UCWzEh28vj3mQKpe0fzVTOUw,パワプロ・プロスピ公式チャンネル,official_channel_flat_playlist_then_per_video_metadata,"[""パワプロ"",""パワフルプロ野球"",""プロスピ"",""OB"",""対決""]",POWERPRO_SIGNAL_WITH_ABILITY_OR_PLAYER_SERIES_CONTEXT: PowerPro term plus ability/player/update/series signal in title or description.,true,[],true,236,236,yt-dlp --get-comments --dump-single-json,YTDLP_ALL_REQUESTED; completeness not independently verified; platform/client pagination may remain,false,IN_SCOPE,OK,“30年分のパワフルを。” 「パワフルプロ野球2024-2025」（Nintendo Switch™・PlayStation®4）好評発売中！ 公式サイト： https://www.konami.com/pawa/2024-2025/ パワプロ30周年特別企画「レジェンドOB対決」の ラストは第7弾レジェンドOB対決、槙原さん率いる「ジャイアンツ歴代レジェンドチーム」と井川さん率いる「タイガース歴代レジェンドチーム」の動画を公開しました。 それぞれのレジェンドが活躍する「レジェンドOB対決」をお楽しみください！ パワプロ2024では動画内で槙原さん、井川さんが語ってくれた思い出の一戦をはじめ レジェンドOB15名のオリジナルシナリオを公開中なので是非、お楽しみください！ 詳細はこちら https://www.konami.com/pawa/2024-2025/special また、レジェンドOBのサインが入ったプレゼントキャンペーン開催中です！ 【伝説のボール回し サインボールプレゼントキャンペーン】 「レジェンドOB対決」を記念してXキャンペーンを開催！ ・パワプロ・プロスピ公式アカウント（@pawapuro_pro）をフォローして、 対象のポストを「#パワプロ2024OB対決」をつけて、感想を添えてリポストしてください。 抽選で合計7名様にレジェンドOB15名のサインが入ったボ,
PPV3-INV-0079,PowerPro,m6O3gUWdZuM,『パワフルプロ野球2024-2025』レジェンドOB対決動画　カープ 対 ベイスターズ,2024-07-18,https://www.youtube.com/watch?v=m6O3gUWdZuM,UCWzEh28vj3mQKpe0fzVTOUw,パワプロ・プロスピ公式チャンネル,official_channel_flat_playlist_then_per_video_metadata,"[""パワプロ"",""パワフルプロ野球"",""プロスピ"",""OB"",""対決""]",POWERPRO_SIGNAL_WITH_ABILITY_OR_PLAYER_SERIES_CONTEXT: PowerPro term plus ability/player/update/series signal in title or description.,true,[],true,277,277,yt-dlp --get-comments --dump-single-json,YTDLP_ALL_REQUESTED; completeness not independently verified; platform/client pagination may remain,false,IN_SCOPE,OK,“30年分のパワフルを。” 「パワフルプロ野球2024-2025」（Nintendo Switch™・PlayStation®4）7月18日発売！ 公式サイト： https://www.konami.com/pawa/2024-2025/ パワプロ30周年特別企画「レジェンドOB対決」の 第5弾レジェンドOB対決、野村さん率いる「ベイスターズ歴代レジェンドチーム」と 達川さん率いる「カープ歴代レジェンドチーム」の動画を公開しました。 パワプロ2024では動画内で野村さん、達川さんが語ってくれた思い出の一戦を オリジナルシナリオとして公開中なので是非、お楽しみください！ 詳細はこちら https://www.konami.com/pawa/2024-2025/special レジェンドOBのサインが入ったプレゼントキャンペーン開催中！ 【伝説のボール回し サインボールプレゼントキャンペーン】 「レジェンドOB対決」を記念してXキャンペーンを開催！ ・パワプロ・プロスピ公式アカウント（@pawapuro_pro）をフォローして、 対象のポストを「#パワプロ2024OB対決」をつけて、感想を添えてリポストしてください。 抽選で合計7名様にレジェンドOB15名のサインが入ったボールをプレゼント！ 詳細は下記URLからご確認ください。 https://www.konami.com/pawa/,
PPV3-INV-0080,PowerPro,2egN5kYxyio,『パワフルプロ野球2024-2025』レジェンドOB対決動画　大阪近鉄 対 南海 対 阪急,2024-07-18,https://www.youtube.com/watch?v=2egN5kYxyio,UCWzEh28vj3mQKpe0fzVTOUw,パワプロ・プロスピ公式チャンネル,official_channel_flat_playlist_then_per_video_metadata,"[""パワプロ"",""パワフルプロ野球"",""プロスピ"",""OB"",""対決""]",POWERPRO_SIGNAL_WITH_ABILITY_OR_PLAYER_SERIES_CONTEXT: PowerPro term plus ability/player/update/series signal in title or description.,true,[],true,232,232,yt-dlp --get-comments --dump-single-json,YTDLP_ALL_REQUESTED; completeness not independently verified; platform/client pagination may remain,false,IN_SCOPE,OK,“30年分のパワフルを。” 「パワフルプロ野球2024-2025」（Nintendo Switch™・PlayStation®4）7月18日発売！ 公式サイト： https://www.konami.com/pawa/2024-2025/ パワプロ30周年特別企画「レジェンドOB対決」の 第6弾はレジェンドOB対決、大阪近鉄 対 南海 対 阪急のオールド3球団対決！ それぞれのレジェンドが活躍する「レジェンドOB対決」をお楽しみください！ パワプロ2024では動画内で吉岡さん、山本さん、星野さんが語ってくれた思い出の一戦をはじめ レジェンドOB15名のオリジナルシナリオを公開中なので是非、お楽しみください！ 詳細はこちら https://www.konami.com/pawa/2024-2025/special また、レジェンドOBのサインが入ったプレゼントキャンペーン開催中です！ 【伝説のボール回し サインボールプレゼントキャンペーン】 「レジェンドOB対決」を記念してXキャンペーンを開催！ ・パワプロ・プロスピ公式アカウント（@pawapuro_pro）をフォローして、 対象のポストを「#パワプロ2024OB対決」をつけて、感想を添えてリポストしてください。 抽選で合計7名様にレジェンドOB15名のサインが入ったボールをプレゼント！ 詳細は下記URLからご確認ください。 htt,
PPV3-INV-0081,PowerPro,2MPQJ70Tb9Q,『パワフルプロ野球2024-2025』レジェンドOB対決動画　ファイターズ 対 ドラゴンズ,2024-07-17,https://www.youtube.com/watch?v=2MPQJ70Tb9Q,UCWzEh28vj3mQKpe0fzVTOUw,パワプロ・プロスピ公式チャンネル,official_channel_flat_playlist_then_per_video_metadata,"[""パワプロ"",""パワフルプロ野球"",""プロスピ"",""OB"",""対決""]",POWERPRO_SIGNAL_WITH_ABILITY_OR_PLAYER_SERIES_CONTEXT: PowerPro term plus ability/player/update/series signal in title or description.,true,[],true,279,279,yt-dlp --get-comments --dump-single-json,YTDLP_ALL_REQUESTED; completeness not independently verified; platform/client pagination may remain,false,IN_SCOPE,OK,パワプロ30周年特別企画「レジェンドOB対決」第三弾 レジェンドOB対決「ファイターズ対ドラゴンズ」の動画を公開しました！ 小笠原さんが「ファイターズ歴代レジェンドチーム」を、川上さんが「ドラゴンズ歴代レジェンドチーム」を率いて「パワプロ2024」で対戦。 それぞれのレジェンドが活躍する「レジェンドOB対決」をお楽しみください！ さらに！ レジェンドのサインが入ったプレゼントキャンペーン開催！ 【伝説のボール回し サインボールプレゼントキャンペーン】 「レジェンドOB対決」を記念してXキャンペーンを開催！ ・パワプロ・プロスピ公式アカウント（@pawapuro_pro）をフォローして、 対象のポストを「#パワプロ2024OB対決」をつけて、感想を添えてリポストしてください。 抽選で合計7名様にレジェンドOB15名のサインが入ったボールをプレゼント！ 詳細は下記URLからご確認ください。 https://www.konami.com/pawa/2024-2025/special #パワプロ2024 #パワプロ2024OB対決 一般社団法人日本野球機構承認 Konami Digital Entertainment/WBCI ©2024 SAMURAI JAPAN 日本プロ野球名球会公認 日本プロ野球OBクラブ公認 日本プロ野球外国人OB選手会公認 プロ野球フランチャイズ球場公認 ゲーム,
PPV3-INV-0082,PowerPro,hN5K7B7nfNU,『パワフルプロ野球2024-2025』レジェンドOB対決動画　バファローズ 対 ホークス,2024-07-17,https://www.youtube.com/watch?v=hN5K7B7nfNU,UCWzEh28vj3mQKpe0fzVTOUw,パワプロ・プロスピ公式チャンネル,official_channel_flat_playlist_then_per_video_metadata,"[""パワプロ"",""パワフルプロ野球"",""プロスピ"",""OB"",""対決""]",POWERPRO_SIGNAL_WITH_ABILITY_OR_PLAYER_SERIES_CONTEXT: PowerPro term plus ability/player/update/series signal in title or description.,true,[],true,269,269,yt-dlp --get-comments --dump-single-json,YTDLP_ALL_REQUESTED; completeness not independently verified; platform/client pagination may remain,false,IN_SCOPE,OK,パワプロ30周年特別企画「レジェンドOB対決」第四弾 レジェンドOB対決「バファローズ 対 ホークス」の動画を公開しました！ 糸井さんが「バファローズ歴代レジェンドチーム」を、森福さんが「ホークス歴代レジェンドチーム」を率いて「パワプロ2024」で対戦。 それぞれのレジェンドが活躍する「レジェンドOB対決」をお楽しみください！ さらに！ レジェンドのサインが入ったプレゼントキャンペーン開催！ 【伝説のボール回し サインボールプレゼントキャンペーン】 「レジェンドOB対決」を記念してXキャンペーンを開催！ ・パワプロ・プロスピ公式アカウント（@pawapuro_pro）をフォローして、 対象のポストを「#パワプロ2024OB対決」をつけて、感想を添えてリポストしてください。 抽選で合計7名様にレジェンドOB15名のサインが入ったボールをプレゼント！ 詳細は下記URLからご確認ください。 https://www.konami.com/pawa/2024-2025/special #パワプロ2024 #パワプロ2024OB対決 一般社団法人日本野球機構承認 Konami Digital Entertainment/WBCI ©2024 SAMURAI JAPAN 日本プロ野球名球会公認 日本プロ野球OBクラブ公認 日本プロ野球外国人OB選手会公認 プロ野球フランチャイズ球場公認 ゲーム内,
PPV3-INV-0083,PowerPro,MRdZJEeuXWc,『パワフルプロ野球2024-2025』レジェンドOB対決動画　マリーンズ 対 イーグルス,2024-07-15,https://www.youtube.com/watch?v=MRdZJEeuXWc,UCWzEh28vj3mQKpe0fzVTOUw,パワプロ・プロスピ公式チャンネル,official_channel_flat_playlist_then_per_video_metadata,"[""パワプロ"",""パワフルプロ野球"",""プロスピ"",""OB"",""対決""]",POWERPRO_SIGNAL_WITH_ABILITY_OR_PLAYER_SERIES_CONTEXT: PowerPro term plus ability/player/update/series signal in title or description.,true,[],true,367,367,yt-dlp --get-comments --dump-single-json,YTDLP_ALL_REQUESTED; completeness not independently verified; platform/client pagination may remain,false,IN_SCOPE,OK,“30年分のパワフルを。” 「パワフルプロ野球2024-2025」（Nintendo Switch™・PlayStation®4）7月18日発売！ 公式サイト： https://www.konami.com/pawa/2024-2025/ パワプロ30周年特別企画「レジェンドOB対決」の 第一弾レジェンドOB対決「マリーンズ対イーグルス」の動画を公開しました！ 里崎さんが「マリーンズ歴代レジェンドチーム」を、岩隈さんが「イーグルス歴代レジェンドチーム」を率いて「パワプロ2024」で対戦。 それぞれのレジェンドが活躍する「レジェンドOB対決」をお楽しみください！ さらに！ レジェンドのサインが入ったプレゼントキャンペーン開催！ 【伝説のボール回し サインボールプレゼントキャンペーン】 「レジェンドOB対決」を記念してXキャンペーンを開催！ ・パワプロ・プロスピ公式アカウント（@pawapuro_pro）をフォローして、 対象のポストを「#パワプロ2024OB対決」をつけて、感想を添えてリポストしてください。 抽選で合計7名様にレジェンドOB15名のサインが入ったボールをプレゼント！ 詳細は下記URLからご確認ください。 https://www.konami.com/pawa/2024-2025/special #パワプロ2024 #パワプロ2024OB対決 一般社団法人日本野球機構承,
PPV3-INV-0087,PowerPro,W8J8LK3JK28,【帝王実業高校解説】「帝王」を目指して勝ち上がれ！【パワプロアプリ】,2024-07-11,https://www.youtube.com/watch?v=W8J8LK3JK28,UCWzEh28vj3mQKpe0fzVTOUw,パワプロ・プロスピ公式チャンネル,official_channel_flat_playlist_then_per_video_metadata,"[""パワプロ""]",POWERPRO_CURRENT_OR_EDITION_CONTEXT: PowerPro term present; retained as official PowerPro context even without an explicit ability term.,true,[],true,10,10,yt-dlp --get-comments --dump-single-json,YTDLP_ALL_REQUESTED; completeness not independently verified; platform/client pagination may remain,false,IN_SCOPE,OK,新シナリオ #帝王実業高校 編 7/11～配信開始！ 配信開始に伴い、#解説 動画を公開！ 【「帝王実業高校」ストーリー概要】 30周年を迎えたパワプロの原点回帰。「帝王実業高校」配信開始！ エース・山口が突然のケガで離脱し、厳しい練習制限が課された！ こんな状況で名門校としての強さを保てるのか？仲間たちと切磋琢磨し甲子園出場を目指せ！ パワストーンや天才の入部届などがもらえる配信記念キャンペーンも7/17まで開催中！！（7/11（木）メンテナンス後～7/17（水）13:59まで） 詳細はアプリ内お知らせにてご確認ください。 #パワプロアプリ 公式X：https://x.com/pawa_app573 #パワプロアプリ 公式サイト：https://www.konami.com/pawa/app/,
PPV3-INV-0091,PowerPro,pxdRtLSTI80,『パワフルプロ野球2024-2025』オープニングムービー,2024-05-02,https://www.youtube.com/watch?v=pxdRtLSTI80,UCWzEh28vj3mQKpe0fzVTOUw,パワプロ・プロスピ公式チャンネル,official_channel_flat_playlist_then_per_video_metadata,"[""パワフルプロ野球"",""OB""]",POWERPRO_SIGNAL_WITH_ABILITY_OR_PLAYER_SERIES_CONTEXT: PowerPro term plus ability/player/update/series signal in title or description.,true,[],true,4084,4084,yt-dlp --get-comments --dump-single-json,YTDLP_ALL_REQUESTED; completeness not independently verified; platform/client pagination may remain,true,IN_SCOPE,OK,“30年分のパワフルを。” 「パワフルプロ野球2024-2025」（Nintendo Switch™・PlayStation®4）7月18日発売！ 公式サイト： https://www.konami.com/pawa/2024-2025/ 『RELAY』 もう何十回 もう何百回も 霞むソラ見上げて 辿り着いた場所が 運命のダイヤモンド 何千回 もう何万回も 涙流したきみへ ねぇ 諦められたことはあったっけ？ 「憧れ＝限界」だから もういらないよ そこに留まるなんて もったいないでしょ？ それぞれの物語 交差する瞬間を 見つめる意味は 放った夢だけ 大きな弧を描いて はちきれそうな煌めきを 消えることなく どこまででも 世界の向こうに 届けよう 終わることのない この胸の衝動は どうしたって どうしても ぼくを呼んでいた だから その先へと 走り続ける 次へ 次へ ＜Music＞ Vocal：藤原美慶 Lyrics：カトウチヒロ Music & Arrangement：佐藤直之 Guitar：横山雄哉 Bass：古澤利久 Drums：渡邊紀如 Violin：高橋香織 ＜Video＞ KOO-KI Creative Director：白川東一 Director：生嶋就 CG Superviser：山下裕次郎 CG Director：大窪真悟 CG Creator：石井真登 CG Cre,
PPV3-INV-0092,PowerPro,A6WNGSDebRc,『大谷翔平選手×パワプロ2024』パッケージスリーブのデザインを公開！,2024-05-01,https://www.youtube.com/watch?v=A6WNGSDebRc,UCWzEh28vj3mQKpe0fzVTOUw,パワプロ・プロスピ公式チャンネル,official_channel_flat_playlist_then_per_video_metadata,"[""パワプロ"",""パワフルプロ野球""]",POWERPRO_CURRENT_OR_EDITION_CONTEXT: PowerPro term present; retained as official PowerPro context even without an explicit ability term.,true,[],true,26,26,yt-dlp --get-comments --dump-single-json,YTDLP_ALL_REQUESTED; completeness not independently verified; platform/client pagination may remain,false,IN_SCOPE,OK,パワフルプロ野球2024-2025パッケージ版の 早期購入特典『大谷翔平 選手×パワプロ2024 』パッケージスリーブのデザインを公開しました！ 数量限定のスペシャルなパッケージスリーブを公式サイトでチェック！ https://www.konami.com/pawa/2024-2025/topic/bonus#bonus-soki ＃パワプロ2024 ＃パワスピ周年 ＃大谷翔平,
PPV3-INV-0093,PowerPro,vwU0NyiNcaA,【パワプロ30周年】3人娘から皆さんへビデオメッセージ,2024-03-18,https://www.youtube.com/watch?v=vwU0NyiNcaA,UCWzEh28vj3mQKpe0fzVTOUw,パワプロ・プロスピ公式チャンネル,official_channel_flat_playlist_then_per_video_metadata,"[""パワプロ"",""プロスピ""]",POWERPRO_CURRENT_OR_EDITION_CONTEXT: PowerPro term present; retained as official PowerPro context even without an explicit ability term.,true,[],true,177,177,yt-dlp --get-comments --dump-single-json,YTDLP_ALL_REQUESTED; completeness not independently verified; platform/client pagination may remain,false,IN_SCOPE,OK,#パワプロ30周年 を記念して、 早川あおいちゃん（CV 青木瑠璃子） 橘みずきちゃん（CV 愛美） 六道聖ちゃん（CV 高橋李依） から、日頃パワプロを応援してくださる皆様へビデオメッセージが届いています！ パワプロ30周年は素敵なことが起きる予感・・・♪ パワプロ30周年×プロスピ20周年 アニバーサリーサイト https://www.konami.com/games/pawaspi_anniversary/ #パワプロアプリ 公式X https://twitter.com/pawa_app573 #栄冠クロス 公式X https://twitter.com/pawa_eikan573 パワプロ・プロスピ 公式X https://twitter.com/pawapuro_pro,
PPV3-INV-0094,PowerPro,wAhQbilAhTY,【パワプロ 栄冠クロス】期間限定ロード『世界の栄冠』プロモーションムービー,2024-03-06,https://www.youtube.com/watch?v=wAhQbilAhTY,UCWzEh28vj3mQKpe0fzVTOUw,パワプロ・プロスピ公式チャンネル,official_channel_flat_playlist_then_per_video_metadata,"[""パワプロ"",""パワフルプロ野球""]",POWERPRO_CURRENT_OR_EDITION_CONTEXT: PowerPro term present; retained as official PowerPro context even without an explicit ability term.,true,[],true,28,28,yt-dlp --get-comments --dump-single-json,YTDLP_ALL_REQUESTED; completeness not independently verified; platform/client pagination may remain,false,IN_SCOPE,OK,モバイルゲーム『パワフルプロ野球 栄冠ナイン クロスロード』にて、新ロード「世界の栄冠」が期間限定で登場！ ▼アプリのダウンロードはこちら https://app.adjust.com/14ij78oq ＜世界の栄冠とは＞ 「栄冠ナイン」ロードで甲子園制覇した監督が次に目指す先は世界一！ U-18日本代表の監督となって、世界中の高校球児たちと闘いましょう！ 海外から留学生が入部してくることも！ さまざまな新ギミックを活かしてより強力なチームを育成し、世界の栄冠を掴みとりましょう！ ＜開催期間＞ 2024年3月13日(水) メンテナンス終了後 ～ 2024年6月5日(土) 9:59 公式X：https://x.com/pawa_eikan573?s=20 公式サイト：https://www.konami.com/pawa/eikan_crossroad/ ＃栄冠クロス ＃パワプロ ＃栄冠ナイン,
PPV3-INV-0095,PowerPro,xcUGTOAXaC4,【ほかほかホリデー高校解説】波に乗って経験点GET！【パワプロアプリ】,2024-02-26,https://www.youtube.com/watch?v=xcUGTOAXaC4,UCWzEh28vj3mQKpe0fzVTOUw,パワプロ・プロスピ公式チャンネル,official_channel_flat_playlist_then_per_video_metadata,"[""パワプロ""]",POWERPRO_CURRENT_OR_EDITION_CONTEXT: PowerPro term present; retained as official PowerPro context even without an explicit ability term.,true,[],true,6,6,yt-dlp --get-comments --dump-single-json,YTDLP_ALL_REQUESTED; completeness not independently verified; platform/client pagination may remain,false,IN_SCOPE,OK,新シナリオ #ほかほかホリデー高校 編 2/26～配信開始！ 配信開始に伴い、#解説 動画を公開！ 【「ほかほかホリデー高校」ストーリー概要】 山中から沿岸部に校舎が移転した、ほかほかホリデー高校。 そのうち野球部員たちも野球を忘れてマリンスポーツに熱中するようになる。 マリンスポーツをプレイして甲子園優勝を目指そう！？ パワストーンやSRガチャ券などが貰える配信記念キャンペーンも開催！（2/26（月）メンテナンス後～3/7（木）13:59まで） 詳細はアプリ内お知らせにてご確認ください。 #パワプロアプリ 公式X：https://twitter.com/pawa_app573 #パワプロアプリ 公式サイト：https://www.konami.com/pawa/app/,
PPV3-INV-0096,PowerPro,eaWfO7kRCwU,大谷翔平選手がパワプロ30周年×プロスピ20周年アンバサダーに！【メイキング+特別インタビュー】,2024-01-15,https://www.youtube.com/watch?v=eaWfO7kRCwU,UCWzEh28vj3mQKpe0fzVTOUw,パワプロ・プロスピ公式チャンネル,official_channel_flat_playlist_then_per_video_metadata,"[""パワプロ"",""プロスピ""]",POWERPRO_CURRENT_OR_EDITION_CONTEXT: PowerPro term present; retained as official PowerPro context even without an explicit ability term.,true,[],true,740,740,yt-dlp --get-comments --dump-single-json,YTDLP_ALL_REQUESTED; completeness not independently verified; platform/client pagination may remain,false,IN_SCOPE,OK,#大谷翔平 選手が #パワプロ30周年 × #プロスピ20周年 アンバサダーに就任することが決定しました！ アンバサダー撮影の模様を公開！また、パワプロも大谷選手も今年で30歳ということで、30歳にちなんだ記念インタビューも行いました。 #WBC のユニフォームを着用した大谷選手の映像は必見です！ アニバーサリーイヤーに合わせ、KONAMIの各野球ゲームで大谷翔平選手と様々な取り組みを実施予定です。 今後の展開にご期待ください。 周年公式サイト https://www.konami.com/games/pawaspi_anniversary/,
