pair_id,speed_threshold_kmh,age_band,age_max_gap_years,group_comparison,left_player_id,left_player,left_team,left_group,left_position,left_age,left_sprint_kmh,left_powerpro_2026,left_residual_a,left_residual_b,right_player_id,right_player,right_team,right_group,right_position,right_age,right_sprint_kmh,right_powerpro_2026,right_residual_a,right_residual_b,sprint_speed_gap_kmh,age_gap_years,powerpro_left_minus_right,residual_a_left_minus_right,residual_b_left_minus_right
MIDDLE_PREMIUM_MINUS_MIDDLE_NEUTRAL|0.1|AGE_UNRESTRICTED|0001,0.1,AGE_UNRESTRICTED,,MIDDLE_PREMIUM_MINUS_MIDDLE_NEUTRAL,51255138,中川 圭太,オリックス・バファローズ,MIDDLE_PREMIUM,CF,,32.6,74,1,1,21125134,石井 一成,埼玉西武ライオンズ,MIDDLE_NEUTRAL,2B,,32.6,79,-4,-4,0,,-5,5,5
MIDDLE_PREMIUM_MINUS_MIDDLE_NEUTRAL|0.1|AGE_UNRESTRICTED|0002,0.1,AGE_UNRESTRICTED,,MIDDLE_PREMIUM_MINUS_MIDDLE_NEUTRAL,51255138,中川 圭太,オリックス・バファローズ,MIDDLE_PREMIUM,CF,,32.6,74,1,1,73375134,吉川 尚輝,読売ジャイアンツ,MIDDLE_NEUTRAL,2B,,32.5,80,-6,-6,0.1,,-6,7,7
MIDDLE_PREMIUM_MINUS_MIDDLE_NEUTRAL|0.1|AGE_UNRESTRICTED|0003,0.1,AGE_UNRESTRICTED,,MIDDLE_PREMIUM_MINUS_MIDDLE_NEUTRAL,51955153,来田 涼斗,オリックス・バファローズ,MIDDLE_PREMIUM,RF,,32.4,85,-12,-12,41245130,外崎 修汰,埼玉西武ライオンズ,MIDDLE_NEUTRAL,2B,,32.3,68,4,4,0.1,,17,-16,-16
MIDDLE_PREMIUM_MINUS_MIDDLE_NEUTRAL|0.1|AGE_UNRESTRICTED|0004,0.1,AGE_UNRESTRICTED,,MIDDLE_PREMIUM_MINUS_MIDDLE_NEUTRAL,51955153,来田 涼斗,オリックス・バファローズ,MIDDLE_PREMIUM,RF,,32.4,85,-12,-12,73375134,吉川 尚輝,読売ジャイアンツ,MIDDLE_NEUTRAL,2B,,32.5,80,-6,-6,0.1,,5,-6,-6
MIDDLE_PREMIUM_MINUS_MIDDLE_NEUTRAL|0.1|AGE_UNRESTRICTED|0005,0.1,AGE_UNRESTRICTED,,MIDDLE_PREMIUM_MINUS_MIDDLE_NEUTRAL,91995151,紅林 弘太郎,オリックス・バファローズ,MIDDLE_PREMIUM,SS,,30.7,56,1,1,41645136,藤岡 裕大,千葉ロッテマリーンズ,MIDDLE_NEUTRAL,2B,,30.8,65,-7,-7,0.1,,-9,8,8
MIDDLE_PREMIUM_MINUS_MIDDLE_NEUTRAL|0.1|AGE_UNRESTRICTED|0006,0.1,AGE_UNRESTRICTED,,MIDDLE_PREMIUM_MINUS_MIDDLE_NEUTRAL,01305131,大島 洋平,中日ドラゴンズ,MIDDLE_PREMIUM,CF,,31.7,74,-8,-8,91395138,太田 椋,オリックス・バファローズ,MIDDLE_NEUTRAL,2B,,31.7,64,2,2,0,,10,-10,-10
MIDDLE_PREMIUM_MINUS_MIDDLE_NEUTRAL|0.1|AGE_UNRESTRICTED|0007,0.1,AGE_UNRESTRICTED,,MIDDLE_PREMIUM_MINUS_MIDDLE_NEUTRAL,01305131,大島 洋平,中日ドラゴンズ,MIDDLE_PREMIUM,CF,,31.7,74,-8,-8,91495130,西野 真弘,オリックス・バファローズ,MIDDLE_NEUTRAL,2B,,31.6,76,-10,-10,0.1,,-2,2,2
MIDDLE_PREMIUM_MINUS_MIDDLE_NEUTRAL|0.1|AGE_UNRESTRICTED|0008,0.1,AGE_UNRESTRICTED,,MIDDLE_PREMIUM_MINUS_MIDDLE_NEUTRAL,01305131,大島 洋平,中日ドラゴンズ,MIDDLE_PREMIUM,CF,,31.7,74,-8,-8,31435157,奈良間 大己,北海道日本ハムファイターズ,MIDDLE_NEUTRAL,2B,,31.7,64,2,3,0,,10,-10,-11
MIDDLE_PREMIUM_MINUS_MIDDLE_NEUTRAL|0.1|AGE_UNRESTRICTED|0009,0.1,AGE_UNRESTRICTED,,MIDDLE_PREMIUM_MINUS_MIDDLE_NEUTRAL,01305131,大島 洋平,中日ドラゴンズ,MIDDLE_PREMIUM,CF,,31.7,74,-8,-8,61565135,菊池 涼介,広島東洋カープ,MIDDLE_NEUTRAL,2B,,31.8,72,-5,-5,0.1,,2,-3,-3
MIDDLE_PREMIUM_MINUS_MIDDLE_NEUTRAL|0.1|AGE_UNRESTRICTED|0010,0.1,AGE_UNRESTRICTED,,MIDDLE_PREMIUM_MINUS_MIDDLE_NEUTRAL,01305131,大島 洋平,中日ドラゴンズ,MIDDLE_PREMIUM,CF,,31.7,74,-8,-8,13115153,牧 秀悟,横浜DeNAベイスターズ,MIDDLE_NEUTRAL,2B,,31.6,67,-1,-1,0.1,,7,-7,-7
MIDDLE_PREMIUM_MINUS_MIDDLE_NEUTRAL|0.1|AGE_UNRESTRICTED|0011,0.1,AGE_UNRESTRICTED,,MIDDLE_PREMIUM_MINUS_MIDDLE_NEUTRAL,81585151,岡林 勇希,中日ドラゴンズ,MIDDLE_PREMIUM,CF,,32.5,81,-7,-7,21125134,石井 一成,埼玉西武ライオンズ,MIDDLE_NEUTRAL,2B,,32.6,79,-4,-4,0.1,,2,-3,-3
MIDDLE_PREMIUM_MINUS_MIDDLE_NEUTRAL|0.1|AGE_UNRESTRICTED|0012,0.1,AGE_UNRESTRICTED,,MIDDLE_PREMIUM_MINUS_MIDDLE_NEUTRAL,81585151,岡林 勇希,中日ドラゴンズ,MIDDLE_PREMIUM,CF,,32.5,81,-7,-7,73375134,吉川 尚輝,読売ジャイアンツ,MIDDLE_NEUTRAL,2B,,32.5,80,-6,-6,0,,1,-1,-1
MIDDLE_PREMIUM_MINUS_MIDDLE_NEUTRAL|0.1|AGE_UNRESTRICTED|0013,0.1,AGE_UNRESTRICTED,,MIDDLE_PREMIUM_MINUS_MIDDLE_NEUTRAL,03105157,村松 開人,中日ドラゴンズ,MIDDLE_PREMIUM,SS,,33.4,80,2,2,21025157,田中 幹也,中日ドラゴンズ,MIDDLE_NEUTRAL,2B,,33.5,83,0,0,0.1,,-3,2,2
MIDDLE_PREMIUM_MINUS_MIDDLE_NEUTRAL|0.1|AGE_UNRESTRICTED|0014,0.1,AGE_UNRESTRICTED,,MIDDLE_PREMIUM_MINUS_MIDDLE_NEUTRAL,03105157,村松 開人,中日ドラゴンズ,MIDDLE_PREMIUM,SS,,33.4,80,2,2,11715153,小川 龍成,千葉ロッテマリーンズ,MIDDLE_NEUTRAL,2B,,33.4,86,-4,-4,0,,-6,6,6
MIDDLE_PREMIUM_MINUS_MIDDLE_NEUTRAL|0.1|AGE_UNRESTRICTED|0015,0.1,AGE_UNRESTRICTED,,MIDDLE_PREMIUM_MINUS_MIDDLE_NEUTRAL,03105157,村松 開人,中日ドラゴンズ,MIDDLE_PREMIUM,SS,,33.4,80,2,2,61465133,牧原 大成,福岡ソフトバンクホークス,MIDDLE_NEUTRAL,2B,,33.5,82,1,1,0.1,,-2,1,1
MIDDLE_PREMIUM_MINUS_MIDDLE_NEUTRAL|0.1|AGE_UNRESTRICTED|0016,0.1,AGE_UNRESTRICTED,,MIDDLE_PREMIUM_MINUS_MIDDLE_NEUTRAL,91395132,板山 祐太郎,中日ドラゴンズ,MIDDLE_PREMIUM,RF,,32,72,-3,-3,91695157,林 琢真,横浜DeNAベイスターズ,MIDDLE_NEUTRAL,2B,,32,82,-13,-8,0,,-10,10,5
MIDDLE_PREMIUM_MINUS_MIDDLE_NEUTRAL|0.1|AGE_UNRESTRICTED|0017,0.1,AGE_UNRESTRICTED,,MIDDLE_PREMIUM_MINUS_MIDDLE_NEUTRAL,63165155,水野 達稀,北海道日本ハムファイターズ,MIDDLE_PREMIUM,SS,,33.4,71,11,11,21025157,田中 幹也,中日ドラゴンズ,MIDDLE_NEUTRAL,2B,,33.5,83,0,0,0.1,,-12,11,11
MIDDLE_PREMIUM_MINUS_MIDDLE_NEUTRAL|0.1|AGE_UNRESTRICTED|0018,0.1,AGE_UNRESTRICTED,,MIDDLE_PREMIUM_MINUS_MIDDLE_NEUTRAL,63165155,水野 達稀,北海道日本ハムファイターズ,MIDDLE_PREMIUM,SS,,33.4,71,11,11,11715153,小川 龍成,千葉ロッテマリーンズ,MIDDLE_NEUTRAL,2B,,33.4,86,-4,-4,0,,-15,15,15
MIDDLE_PREMIUM_MINUS_MIDDLE_NEUTRAL|0.1|AGE_UNRESTRICTED|0019,0.1,AGE_UNRESTRICTED,,MIDDLE_PREMIUM_MINUS_MIDDLE_NEUTRAL,63165155,水野 達稀,北海道日本ハムファイターズ,MIDDLE_PREMIUM,SS,,33.4,71,11,11,61465133,牧原 大成,福岡ソフトバンクホークス,MIDDLE_NEUTRAL,2B,,33.5,82,1,1,0.1,,-11,10,10
MIDDLE_PREMIUM_MINUS_MIDDLE_NEUTRAL|0.1|AGE_UNRESTRICTED|0020,0.1,AGE_UNRESTRICTED,,MIDDLE_PREMIUM_MINUS_MIDDLE_NEUTRAL,71275157,友杉 篤輝,千葉ロッテマリーンズ,MIDDLE_PREMIUM,SS,,32.7,87,-12,-12,21125134,石井 一成,埼玉西武ライオンズ,MIDDLE_NEUTRAL,2B,,32.6,79,-4,-4,0.1,,8,-8,-8
MIDDLE_PREMIUM_MINUS_MIDDLE_NEUTRAL|0.1|AGE_UNRESTRICTED|0021,0.1,AGE_UNRESTRICTED,,MIDDLE_PREMIUM_MINUS_MIDDLE_NEUTRAL,31635138,藤原 恭大,千葉ロッテマリーンズ,MIDDLE_PREMIUM,RF,,33,85,-7,-7,41445153,中野 拓夢,阪神タイガース,MIDDLE_NEUTRAL,2B,,32.9,75,2,2,0.1,,10,-9,-9
MIDDLE_PREMIUM_MINUS_MIDDLE_NEUTRAL|0.1|AGE_UNRESTRICTED|0022,0.1,AGE_UNRESTRICTED,,MIDDLE_PREMIUM_MINUS_MIDDLE_NEUTRAL,11215151,髙部 瑛斗,千葉ロッテマリーンズ,MIDDLE_PREMIUM,CF,,33.6,90,-7,-7,21025157,田中 幹也,中日ドラゴンズ,MIDDLE_NEUTRAL,2B,,33.5,83,0,0,0.1,,7,-7,-7
MIDDLE_PREMIUM_MINUS_MIDDLE_NEUTRAL|0.1|AGE_UNRESTRICTED|0023,0.1,AGE_UNRESTRICTED,,MIDDLE_PREMIUM_MINUS_MIDDLE_NEUTRAL,11215151,髙部 瑛斗,千葉ロッテマリーンズ,MIDDLE_PREMIUM,CF,,33.6,90,-7,-7,61465133,牧原 大成,福岡ソフトバンクホークス,MIDDLE_NEUTRAL,2B,,33.5,82,1,1,0.1,,8,-8,-8
MIDDLE_PREMIUM_MINUS_MIDDLE_NEUTRAL|0.1|AGE_UNRESTRICTED|0024,0.1,AGE_UNRESTRICTED,,MIDDLE_PREMIUM_MINUS_MIDDLE_NEUTRAL,71775134,源田 壮亮,埼玉西武ライオンズ,MIDDLE_PREMIUM,SS,,32.9,80,-3,-3,41445153,中野 拓夢,阪神タイガース,MIDDLE_NEUTRAL,2B,,32.9,75,2,2,0,,5,-5,-5
MIDDLE_PREMIUM_MINUS_MIDDLE_NEUTRAL|0.1|AGE_UNRESTRICTED|0025,0.1,AGE_UNRESTRICTED,,MIDDLE_PREMIUM_MINUS_MIDDLE_NEUTRAL,51255155,滝澤 夏央,埼玉西武ライオンズ,MIDDLE_PREMIUM,SS,,33,85,-7,-7,41445153,中野 拓夢,阪神タイガース,MIDDLE_NEUTRAL,2B,,32.9,75,2,2,0.1,,10,-9,-9
MIDDLE_PREMIUM_MINUS_MIDDLE_NEUTRAL|0.1|AGE_UNRESTRICTED|0026,0.1,AGE_UNRESTRICTED,,MIDDLE_PREMIUM_MINUS_MIDDLE_NEUTRAL,01705138,小園 海斗,広島東洋カープ,MIDDLE_PREMIUM,SS,,31.5,79,-14,-14,91495130,西野 真弘,オリックス・バファローズ,MIDDLE_NEUTRAL,2B,,31.6,76,-10,-10,0.1,,3,-4,-4
MIDDLE_PREMIUM_MINUS_MIDDLE_NEUTRAL|0.1|AGE_UNRESTRICTED|0027,0.1,AGE_UNRESTRICTED,,MIDDLE_PREMIUM_MINUS_MIDDLE_NEUTRAL,01705138,小園 海斗,広島東洋カープ,MIDDLE_PREMIUM,SS,,31.5,79,-14,-14,13115153,牧 秀悟,横浜DeNAベイスターズ,MIDDLE_NEUTRAL,2B,,31.6,67,-1,-1,0.1,,12,-13,-13
MIDDLE_PREMIUM_MINUS_MIDDLE_NEUTRAL|0.1|AGE_UNRESTRICTED|0028,0.1,AGE_UNRESTRICTED,,MIDDLE_PREMIUM_MINUS_MIDDLE_NEUTRAL,93395153,矢野 雅哉,広島東洋カープ,MIDDLE_PREMIUM,SS,,30.7,78,-21,-21,41645136,藤岡 裕大,千葉ロッテマリーンズ,MIDDLE_NEUTRAL,2B,,30.8,65,-7,-7,0.1,,13,-14,-14
MIDDLE_PREMIUM_MINUS_MIDDLE_NEUTRAL|0.1|AGE_UNRESTRICTED|0029,0.1,AGE_UNRESTRICTED,,MIDDLE_PREMIUM_MINUS_MIDDLE_NEUTRAL,01405130,野間 峻祥,広島東洋カープ,MIDDLE_PREMIUM,RF,,31.7,88,-22,-22,91395138,太田 椋,オリックス・バファローズ,MIDDLE_NEUTRAL,2B,,31.7,64,2,2,0,,24,-24,-24
MIDDLE_PREMIUM_MINUS_MIDDLE_NEUTRAL|0.1|AGE_UNRESTRICTED|0030,0.1,AGE_UNRESTRICTED,,MIDDLE_PREMIUM_MINUS_MIDDLE_NEUTRAL,01405130,野間 峻祥,広島東洋カープ,MIDDLE_PREMIUM,RF,,31.7,88,-22,-22,91495130,西野 真弘,オリックス・バファローズ,MIDDLE_NEUTRAL,2B,,31.6,76,-10,-10,0.1,,12,-12,-12
MIDDLE_PREMIUM_MINUS_MIDDLE_NEUTRAL|0.1|AGE_UNRESTRICTED|0031,0.1,AGE_UNRESTRICTED,,MIDDLE_PREMIUM_MINUS_MIDDLE_NEUTRAL,01405130,野間 峻祥,広島東洋カープ,MIDDLE_PREMIUM,RF,,31.7,88,-22,-22,31435157,奈良間 大己,北海道日本ハムファイターズ,MIDDLE_NEUTRAL,2B,,31.7,64,2,3,0,,24,-24,-25
MIDDLE_PREMIUM_MINUS_MIDDLE_NEUTRAL|0.1|AGE_UNRESTRICTED|0032,0.1,AGE_UNRESTRICTED,,MIDDLE_PREMIUM_MINUS_MIDDLE_NEUTRAL,01405130,野間 峻祥,広島東洋カープ,MIDDLE_PREMIUM,RF,,31.7,88,-22,-22,61565135,菊池 涼介,広島東洋カープ,MIDDLE_NEUTRAL,2B,,31.8,72,-5,-5,0.1,,16,-17,-17
MIDDLE_PREMIUM_MINUS_MIDDLE_NEUTRAL|0.1|AGE_UNRESTRICTED|0033,0.1,AGE_UNRESTRICTED,,MIDDLE_PREMIUM_MINUS_MIDDLE_NEUTRAL,01405130,野間 峻祥,広島東洋カープ,MIDDLE_PREMIUM,RF,,31.7,88,-22,-22,13115153,牧 秀悟,横浜DeNAベイスターズ,MIDDLE_NEUTRAL,2B,,31.6,67,-1,-1,0.1,,21,-21,-21
MIDDLE_PREMIUM_MINUS_MIDDLE_NEUTRAL|0.1|AGE_UNRESTRICTED|0034,0.1,AGE_UNRESTRICTED,,MIDDLE_PREMIUM_MINUS_MIDDLE_NEUTRAL,93195155,丸山 和郁,東京ヤクルトスワローズ,MIDDLE_PREMIUM,RF,,32.4,86,-13,-13,41245130,外崎 修汰,埼玉西武ライオンズ,MIDDLE_NEUTRAL,2B,,32.3,68,4,4,0.1,,18,-17,-17
MIDDLE_PREMIUM_MINUS_MIDDLE_NEUTRAL|0.1|AGE_UNRESTRICTED|0035,0.1,AGE_UNRESTRICTED,,MIDDLE_PREMIUM_MINUS_MIDDLE_NEUTRAL,93195155,丸山 和郁,東京ヤクルトスワローズ,MIDDLE_PREMIUM,RF,,32.4,86,-13,-13,73375134,吉川 尚輝,読売ジャイアンツ,MIDDLE_NEUTRAL,2B,,32.5,80,-6,-6,0.1,,6,-7,-7
MIDDLE_PREMIUM_MINUS_MIDDLE_NEUTRAL|0.1|AGE_UNRESTRICTED|0036,0.1,AGE_UNRESTRICTED,,MIDDLE_PREMIUM_MINUS_MIDDLE_NEUTRAL,71975136,塩見 泰隆,東京ヤクルトスワローズ,MIDDLE_PREMIUM,RF,,32.3,83,-11,-11,41245130,外崎 修汰,埼玉西武ライオンズ,MIDDLE_NEUTRAL,2B,,32.3,68,4,4,0,,15,-15,-15
MIDDLE_PREMIUM_MINUS_MIDDLE_NEUTRAL|0.1|AGE_UNRESTRICTED|0037,0.1,AGE_UNRESTRICTED,,MIDDLE_PREMIUM_MINUS_MIDDLE_NEUTRAL,51355155,岩田 幸宏,東京ヤクルトスワローズ,MIDDLE_PREMIUM,CF,,33.6,96,-13,-13,21025157,田中 幹也,中日ドラゴンズ,MIDDLE_NEUTRAL,2B,,33.5,83,0,0,0.1,,13,-13,-13
MIDDLE_PREMIUM_MINUS_MIDDLE_NEUTRAL|0.1|AGE_UNRESTRICTED|0038,0.1,AGE_UNRESTRICTED,,MIDDLE_PREMIUM_MINUS_MIDDLE_NEUTRAL,51355155,岩田 幸宏,東京ヤクルトスワローズ,MIDDLE_PREMIUM,CF,,33.6,96,-13,-13,61465133,牧原 大成,福岡ソフトバンクホークス,MIDDLE_NEUTRAL,2B,,33.5,82,1,1,0.1,,14,-14,-14
MIDDLE_PREMIUM_MINUS_MIDDLE_NEUTRAL|0.1|AGE_UNRESTRICTED|0039,0.1,AGE_UNRESTRICTED,,MIDDLE_PREMIUM_MINUS_MIDDLE_NEUTRAL,51455151,長岡 秀樹,東京ヤクルトスワローズ,MIDDLE_PREMIUM,SS,,31.6,58,8,8,91395138,太田 椋,オリックス・バファローズ,MIDDLE_NEUTRAL,2B,,31.7,64,2,2,0.1,,-6,6,6
MIDDLE_PREMIUM_MINUS_MIDDLE_NEUTRAL|0.1|AGE_UNRESTRICTED|0040,0.1,AGE_UNRESTRICTED,,MIDDLE_PREMIUM_MINUS_MIDDLE_NEUTRAL,51455151,長岡 秀樹,東京ヤクルトスワローズ,MIDDLE_PREMIUM,SS,,31.6,58,8,8,91495130,西野 真弘,オリックス・バファローズ,MIDDLE_NEUTRAL,2B,,31.6,76,-10,-10,0,,-18,18,18
MIDDLE_PREMIUM_MINUS_MIDDLE_NEUTRAL|0.1|AGE_UNRESTRICTED|0041,0.1,AGE_UNRESTRICTED,,MIDDLE_PREMIUM_MINUS_MIDDLE_NEUTRAL,51455151,長岡 秀樹,東京ヤクルトスワローズ,MIDDLE_PREMIUM,SS,,31.6,58,8,8,31435157,奈良間 大己,北海道日本ハムファイターズ,MIDDLE_NEUTRAL,2B,,31.7,64,2,3,0.1,,-6,6,5
MIDDLE_PREMIUM_MINUS_MIDDLE_NEUTRAL|0.1|AGE_UNRESTRICTED|0042,0.1,AGE_UNRESTRICTED,,MIDDLE_PREMIUM_MINUS_MIDDLE_NEUTRAL,51455151,長岡 秀樹,東京ヤクルトスワローズ,MIDDLE_PREMIUM,SS,,31.6,58,8,8,13115153,牧 秀悟,横浜DeNAベイスターズ,MIDDLE_NEUTRAL,2B,,31.6,67,-1,-1,0,,-9,9,9
MIDDLE_PREMIUM_MINUS_MIDDLE_NEUTRAL|0.1|AGE_UNRESTRICTED|0043,0.1,AGE_UNRESTRICTED,,MIDDLE_PREMIUM_MINUS_MIDDLE_NEUTRAL,33535159,度会 隆輝,横浜DeNAベイスターズ,MIDDLE_PREMIUM,RF,,31.7,65,1,1,91395138,太田 椋,オリックス・バファローズ,MIDDLE_NEUTRAL,2B,,31.7,64,2,2,0,,1,-1,-1
MIDDLE_PREMIUM_MINUS_MIDDLE_NEUTRAL|0.1|AGE_UNRESTRICTED|0044,0.1,AGE_UNRESTRICTED,,MIDDLE_PREMIUM_MINUS_MIDDLE_NEUTRAL,33535159,度会 隆輝,横浜DeNAベイスターズ,MIDDLE_PREMIUM,RF,,31.7,65,1,1,91495130,西野 真弘,オリックス・バファローズ,MIDDLE_NEUTRAL,2B,,31.6,76,-10,-10,0.1,,-11,11,11
MIDDLE_PREMIUM_MINUS_MIDDLE_NEUTRAL|0.1|AGE_UNRESTRICTED|0045,0.1,AGE_UNRESTRICTED,,MIDDLE_PREMIUM_MINUS_MIDDLE_NEUTRAL,33535159,度会 隆輝,横浜DeNAベイスターズ,MIDDLE_PREMIUM,RF,,31.7,65,1,1,31435157,奈良間 大己,北海道日本ハムファイターズ,MIDDLE_NEUTRAL,2B,,31.7,64,2,3,0,,1,-1,-2
MIDDLE_PREMIUM_MINUS_MIDDLE_NEUTRAL|0.1|AGE_UNRESTRICTED|0046,0.1,AGE_UNRESTRICTED,,MIDDLE_PREMIUM_MINUS_MIDDLE_NEUTRAL,33535159,度会 隆輝,横浜DeNAベイスターズ,MIDDLE_PREMIUM,RF,,31.7,65,1,1,61565135,菊池 涼介,広島東洋カープ,MIDDLE_NEUTRAL,2B,,31.8,72,-5,-5,0.1,,-7,6,6
MIDDLE_PREMIUM_MINUS_MIDDLE_NEUTRAL|0.1|AGE_UNRESTRICTED|0047,0.1,AGE_UNRESTRICTED,,MIDDLE_PREMIUM_MINUS_MIDDLE_NEUTRAL,33535159,度会 隆輝,横浜DeNAベイスターズ,MIDDLE_PREMIUM,RF,,31.7,65,1,1,13115153,牧 秀悟,横浜DeNAベイスターズ,MIDDLE_NEUTRAL,2B,,31.6,67,-1,-1,0.1,,-2,2,2
MIDDLE_PREMIUM_MINUS_MIDDLE_NEUTRAL|0.1|AGE_UNRESTRICTED|0048,0.1,AGE_UNRESTRICTED,,MIDDLE_PREMIUM_MINUS_MIDDLE_NEUTRAL,51555155,梶原 昂希,横浜DeNAベイスターズ,MIDDLE_PREMIUM,CF,,33.4,90,-8,-8,21025157,田中 幹也,中日ドラゴンズ,MIDDLE_NEUTRAL,2B,,33.5,83,0,0,0.1,,7,-8,-8
MIDDLE_PREMIUM_MINUS_MIDDLE_NEUTRAL|0.1|AGE_UNRESTRICTED|0049,0.1,AGE_UNRESTRICTED,,MIDDLE_PREMIUM_MINUS_MIDDLE_NEUTRAL,51555155,梶原 昂希,横浜DeNAベイスターズ,MIDDLE_PREMIUM,CF,,33.4,90,-8,-8,11715153,小川 龍成,千葉ロッテマリーンズ,MIDDLE_NEUTRAL,2B,,33.4,86,-4,-4,0,,4,-4,-4
MIDDLE_PREMIUM_MINUS_MIDDLE_NEUTRAL|0.1|AGE_UNRESTRICTED|0050,0.1,AGE_UNRESTRICTED,,MIDDLE_PREMIUM_MINUS_MIDDLE_NEUTRAL,51555155,梶原 昂希,横浜DeNAベイスターズ,MIDDLE_PREMIUM,CF,,33.4,90,-8,-8,61465133,牧原 大成,福岡ソフトバンクホークス,MIDDLE_NEUTRAL,2B,,33.5,82,1,1,0.1,,8,-9,-9
MIDDLE_PREMIUM_MINUS_MIDDLE_NEUTRAL|0.1|AGE_UNRESTRICTED|0051,0.1,AGE_UNRESTRICTED,,MIDDLE_PREMIUM_MINUS_MIDDLE_NEUTRAL,73175151,柳町 達,福岡ソフトバンクホークス,MIDDLE_PREMIUM,RF,,31.5,67,-2,-2,91495130,西野 真弘,オリックス・バファローズ,MIDDLE_NEUTRAL,2B,,31.6,76,-10,-10,0.1,,-9,8,8
MIDDLE_PREMIUM_MINUS_MIDDLE_NEUTRAL|0.1|AGE_UNRESTRICTED|0052,0.1,AGE_UNRESTRICTED,,MIDDLE_PREMIUM_MINUS_MIDDLE_NEUTRAL,73175151,柳町 達,福岡ソフトバンクホークス,MIDDLE_PREMIUM,RF,,31.5,67,-2,-2,13115153,牧 秀悟,横浜DeNAベイスターズ,MIDDLE_NEUTRAL,2B,,31.6,67,-1,-1,0.1,,0,-1,-1
MIDDLE_PREMIUM_MINUS_MIDDLE_NEUTRAL|0.1|AGE_UNRESTRICTED|0053,0.1,AGE_UNRESTRICTED,,MIDDLE_PREMIUM_MINUS_MIDDLE_NEUTRAL,51955159,佐々木 俊輔,読売ジャイアンツ,MIDDLE_PREMIUM,CF,,33,76,2,2,41445153,中野 拓夢,阪神タイガース,MIDDLE_NEUTRAL,2B,,32.9,75,2,2,0.1,,1,0,0
MIDDLE_PREMIUM_MINUS_MIDDLE_NEUTRAL|0.1|AGE_UNRESTRICTED|0054,0.1,AGE_UNRESTRICTED,,MIDDLE_PREMIUM_MINUS_MIDDLE_NEUTRAL,31535138,小幡 竜平,阪神タイガース,MIDDLE_PREMIUM,SS,,32.8,77,-1,-1,41445153,中野 拓夢,阪神タイガース,MIDDLE_NEUTRAL,2B,,32.9,75,2,2,0.1,,2,-3,-3
MIDDLE_PREMIUM_MINUS_CORNER_CATCHER|0.1|AGE_UNRESTRICTED|0001,0.1,AGE_UNRESTRICTED,,MIDDLE_PREMIUM_MINUS_CORNER_CATCHER,51255138,中川 圭太,オリックス・バファローズ,MIDDLE_PREMIUM,CF,,32.6,74,1,1,31835134,細川 成也,中日ドラゴンズ,CORNER_CATCHER,LF,,32.7,60,15,15,0.1,,14,-14,-14
MIDDLE_PREMIUM_MINUS_CORNER_CATCHER|0.1|AGE_UNRESTRICTED|0002,0.1,AGE_UNRESTRICTED,,MIDDLE_PREMIUM_MINUS_CORNER_CATCHER,51255138,中川 圭太,オリックス・バファローズ,MIDDLE_PREMIUM,CF,,32.6,74,1,1,21925151,郡司 裕也,北海道日本ハムファイターズ,CORNER_CATCHER,3B,,32.7,61,14,14,0.1,,13,-13,-13
MIDDLE_PREMIUM_MINUS_CORNER_CATCHER|0.1|AGE_UNRESTRICTED|0003,0.1,AGE_UNRESTRICTED,,MIDDLE_PREMIUM_MINUS_CORNER_CATCHER,51255138,中川 圭太,オリックス・バファローズ,MIDDLE_PREMIUM,CF,,32.6,74,1,1,11515139,岡 大海,千葉ロッテマリーンズ,CORNER_CATCHER,1B,,32.6,82,-7,-7,0,,-8,8,8
MIDDLE_PREMIUM_MINUS_CORNER_CATCHER|0.1|AGE_UNRESTRICTED|0004,0.1,AGE_UNRESTRICTED,,MIDDLE_PREMIUM_MINUS_CORNER_CATCHER,51955153,来田 涼斗,オリックス・バファローズ,MIDDLE_PREMIUM,RF,,32.4,85,-12,-12,51055138,田宮 裕涼,北海道日本ハムファイターズ,CORNER_CATCHER,C,,32.4,68,5,5,0,,17,-17,-17
MIDDLE_PREMIUM_MINUS_CORNER_CATCHER|0.1|AGE_UNRESTRICTED|0005,0.1,AGE_UNRESTRICTED,,MIDDLE_PREMIUM_MINUS_CORNER_CATCHER,91995151,紅林 弘太郎,オリックス・バファローズ,MIDDLE_PREMIUM,SS,,30.7,56,1,1,41645139,若月 健矢,オリックス・バファローズ,CORNER_CATCHER,C,,30.7,48,9,9,0,,8,-8,-8
MIDDLE_PREMIUM_MINUS_CORNER_CATCHER|0.1|AGE_UNRESTRICTED|0006,0.1,AGE_UNRESTRICTED,,MIDDLE_PREMIUM_MINUS_CORNER_CATCHER,91995151,紅林 弘太郎,オリックス・バファローズ,MIDDLE_PREMIUM,SS,,30.7,56,1,1,91195151,石川 昂弥,中日ドラゴンズ,CORNER_CATCHER,3B,,30.6,41,16,16,0.1,,15,-15,-15
MIDDLE_PREMIUM_MINUS_CORNER_CATCHER|0.1|AGE_UNRESTRICTED|0007,0.1,AGE_UNRESTRICTED,,MIDDLE_PREMIUM_MINUS_CORNER_CATCHER,91995151,紅林 弘太郎,オリックス・バファローズ,MIDDLE_PREMIUM,SS,,30.7,56,1,1,81785155,古賀 悠斗,埼玉西武ライオンズ,CORNER_CATCHER,C,,30.6,47,10,10,0.1,,9,-9,-9
MIDDLE_PREMIUM_MINUS_CORNER_CATCHER|0.1|AGE_UNRESTRICTED|0008,0.1,AGE_UNRESTRICTED,,MIDDLE_PREMIUM_MINUS_CORNER_CATCHER,91995151,紅林 弘太郎,オリックス・バファローズ,MIDDLE_PREMIUM,SS,,30.7,56,1,1,11915134,坂倉 将吾,広島東洋カープ,CORNER_CATCHER,1B,,30.6,68,-11,-11,0.1,,-12,12,12
MIDDLE_PREMIUM_MINUS_CORNER_CATCHER|0.1|AGE_UNRESTRICTED|0009,0.1,AGE_UNRESTRICTED,,MIDDLE_PREMIUM_MINUS_CORNER_CATCHER,91995151,紅林 弘太郎,オリックス・バファローズ,MIDDLE_PREMIUM,SS,,30.7,56,1,1,53755153,サンタナ,東京ヤクルトスワローズ,CORNER_CATCHER,LF,,30.8,47,11,11,0.1,,9,-10,-10
MIDDLE_PREMIUM_MINUS_CORNER_CATCHER|0.1|AGE_UNRESTRICTED|0010,0.1,AGE_UNRESTRICTED,,MIDDLE_PREMIUM_MINUS_CORNER_CATCHER,91995151,紅林 弘太郎,オリックス・バファローズ,MIDDLE_PREMIUM,SS,,30.7,56,1,1,91995134,佐野 恵太,横浜DeNAベイスターズ,CORNER_CATCHER,1B,,30.6,48,9,9,0.1,,8,-8,-8
MIDDLE_PREMIUM_MINUS_CORNER_CATCHER|0.1|AGE_UNRESTRICTED|0011,0.1,AGE_UNRESTRICTED,,MIDDLE_PREMIUM_MINUS_CORNER_CATCHER,91995151,紅林 弘太郎,オリックス・バファローズ,MIDDLE_PREMIUM,SS,,30.7,56,1,1,21325139,梅野 隆太郎,阪神タイガース,CORNER_CATCHER,C,,30.6,57,0,0,0.1,,-1,1,1
MIDDLE_PREMIUM_MINUS_CORNER_CATCHER|0.1|AGE_UNRESTRICTED|0012,0.1,AGE_UNRESTRICTED,,MIDDLE_PREMIUM_MINUS_CORNER_CATCHER,93795157,カリステ,中日ドラゴンズ,MIDDLE_PREMIUM,RF,,31.3,82,-19,-18,91495139,森 友哉,オリックス・バファローズ,CORNER_CATCHER,C,,31.2,65,-3,-3,0.1,,17,-16,-15
MIDDLE_PREMIUM_MINUS_CORNER_CATCHER|0.1|AGE_UNRESTRICTED|0013,0.1,AGE_UNRESTRICTED,,MIDDLE_PREMIUM_MINUS_CORNER_CATCHER,93795157,カリステ,中日ドラゴンズ,MIDDLE_PREMIUM,RF,,31.3,82,-19,-18,71075151,佐藤 都志也,千葉ロッテマリーンズ,CORNER_CATCHER,C,,31.3,71,-8,-8,0,,11,-11,-10
MIDDLE_PREMIUM_MINUS_CORNER_CATCHER|0.1|AGE_UNRESTRICTED|0014,0.1,AGE_UNRESTRICTED,,MIDDLE_PREMIUM_MINUS_CORNER_CATCHER,93795157,カリステ,中日ドラゴンズ,MIDDLE_PREMIUM,RF,,31.3,82,-19,-18,43745150,ファビアン,広島東洋カープ,CORNER_CATCHER,LF,,31.4,61,3,3,0.1,,21,-22,-21
MIDDLE_PREMIUM_MINUS_CORNER_CATCHER|0.1|AGE_UNRESTRICTED|0015,0.1,AGE_UNRESTRICTED,,MIDDLE_PREMIUM_MINUS_CORNER_CATCHER,93795157,カリステ,中日ドラゴンズ,MIDDLE_PREMIUM,RF,,31.3,82,-19,-18,01705130,栗原 陵矢,福岡ソフトバンクホークス,CORNER_CATCHER,3B,,31.3,59,4,4,0,,23,-23,-22
MIDDLE_PREMIUM_MINUS_CORNER_CATCHER|0.1|AGE_UNRESTRICTED|0016,0.1,AGE_UNRESTRICTED,,MIDDLE_PREMIUM_MINUS_CORNER_CATCHER,93795157,カリステ,中日ドラゴンズ,MIDDLE_PREMIUM,RF,,31.3,82,-19,-18,41745135,近藤 健介,福岡ソフトバンクホークス,CORNER_CATCHER,LF,,31.2,64,-2,-2,0.1,,18,-17,-16
MIDDLE_PREMIUM_MINUS_CORNER_CATCHER|0.1|AGE_UNRESTRICTED|0017,0.1,AGE_UNRESTRICTED,,MIDDLE_PREMIUM_MINUS_CORNER_CATCHER,51455153,土田 龍空,中日ドラゴンズ,MIDDLE_PREMIUM,CF,,31.2,66,-4,-4,91495139,森 友哉,オリックス・バファローズ,CORNER_CATCHER,C,,31.2,65,-3,-3,0,,1,-1,-1
MIDDLE_PREMIUM_MINUS_CORNER_CATCHER|0.1|AGE_UNRESTRICTED|0018,0.1,AGE_UNRESTRICTED,,MIDDLE_PREMIUM_MINUS_CORNER_CATCHER,51455153,土田 龍空,中日ドラゴンズ,MIDDLE_PREMIUM,CF,,31.2,66,-4,-4,71475132,西川 龍馬,オリックス・バファローズ,CORNER_CATCHER,LF,,31.1,72,-11,-11,0.1,,-6,7,7
MIDDLE_PREMIUM_MINUS_CORNER_CATCHER|0.1|AGE_UNRESTRICTED|0019,0.1,AGE_UNRESTRICTED,,MIDDLE_PREMIUM_MINUS_CORNER_CATCHER,51455153,土田 龍空,中日ドラゴンズ,MIDDLE_PREMIUM,CF,,31.2,66,-4,-4,63065155,ポランコ,千葉ロッテマリーンズ,CORNER_CATCHER,LF,,31.1,63,-2,0,0.1,,3,-2,-4
MIDDLE_PREMIUM_MINUS_CORNER_CATCHER|0.1|AGE_UNRESTRICTED|0020,0.1,AGE_UNRESTRICTED,,MIDDLE_PREMIUM_MINUS_CORNER_CATCHER,51455153,土田 龍空,中日ドラゴンズ,MIDDLE_PREMIUM,CF,,31.2,66,-4,-4,71075151,佐藤 都志也,千葉ロッテマリーンズ,CORNER_CATCHER,C,,31.3,71,-8,-8,0.1,,-5,4,4
MIDDLE_PREMIUM_MINUS_CORNER_CATCHER|0.1|AGE_UNRESTRICTED|0021,0.1,AGE_UNRESTRICTED,,MIDDLE_PREMIUM_MINUS_CORNER_CATCHER,51455153,土田 龍空,中日ドラゴンズ,MIDDLE_PREMIUM,CF,,31.2,66,-4,-4,01705130,栗原 陵矢,福岡ソフトバンクホークス,CORNER_CATCHER,3B,,31.3,59,4,4,0.1,,7,-8,-8
MIDDLE_PREMIUM_MINUS_CORNER_CATCHER|0.1|AGE_UNRESTRICTED|0022,0.1,AGE_UNRESTRICTED,,MIDDLE_PREMIUM_MINUS_CORNER_CATCHER,51455153,土田 龍空,中日ドラゴンズ,MIDDLE_PREMIUM,CF,,31.2,66,-4,-4,81885155,正木 智也,福岡ソフトバンクホークス,CORNER_CATCHER,1B,,31.1,48,13,13,0.1,,18,-17,-17
MIDDLE_PREMIUM_MINUS_CORNER_CATCHER|0.1|AGE_UNRESTRICTED|0023,0.1,AGE_UNRESTRICTED,,MIDDLE_PREMIUM_MINUS_CORNER_CATCHER,51455153,土田 龍空,中日ドラゴンズ,MIDDLE_PREMIUM,CF,,31.2,66,-4,-4,41745135,近藤 健介,福岡ソフトバンクホークス,CORNER_CATCHER,LF,,31.2,64,-2,-2,0,,2,-2,-2
MIDDLE_PREMIUM_MINUS_CORNER_CATCHER|0.1|AGE_UNRESTRICTED|0024,0.1,AGE_UNRESTRICTED,,MIDDLE_PREMIUM_MINUS_CORNER_CATCHER,01305131,大島 洋平,中日ドラゴンズ,MIDDLE_PREMIUM,CF,,31.7,74,-8,-8,41545136,清宮 幸太郎,北海道日本ハムファイターズ,CORNER_CATCHER,1B,,31.7,56,10,10,0,,18,-18,-18
MIDDLE_PREMIUM_MINUS_CORNER_CATCHER|0.1|AGE_UNRESTRICTED|0025,0.1,AGE_UNRESTRICTED,,MIDDLE_PREMIUM_MINUS_CORNER_CATCHER,01305131,大島 洋平,中日ドラゴンズ,MIDDLE_PREMIUM,CF,,31.7,74,-8,-8,31435138,野村 佑希,北海道日本ハムファイターズ,CORNER_CATCHER,LF,,31.7,52,14,14,0,,22,-22,-22
MIDDLE_PREMIUM_MINUS_CORNER_CATCHER|0.1|AGE_UNRESTRICTED|0026,0.1,AGE_UNRESTRICTED,,MIDDLE_PREMIUM_MINUS_CORNER_CATCHER,01305131,大島 洋平,中日ドラゴンズ,MIDDLE_PREMIUM,CF,,31.7,74,-8,-8,31135133,秋山 翔吾,広島東洋カープ,CORNER_CATCHER,LF,,31.6,77,-11,-10,0.1,,-3,3,2
MIDDLE_PREMIUM_MINUS_CORNER_CATCHER|0.1|AGE_UNRESTRICTED|0027,0.1,AGE_UNRESTRICTED,,MIDDLE_PREMIUM_MINUS_CORNER_CATCHER,81585151,岡林 勇希,中日ドラゴンズ,MIDDLE_PREMIUM,CF,,32.5,81,-7,-7,51055138,田宮 裕涼,北海道日本ハムファイターズ,CORNER_CATCHER,C,,32.4,68,5,5,0.1,,13,-12,-12
MIDDLE_PREMIUM_MINUS_CORNER_CATCHER|0.1|AGE_UNRESTRICTED|0028,0.1,AGE_UNRESTRICTED,,MIDDLE_PREMIUM_MINUS_CORNER_CATCHER,81585151,岡林 勇希,中日ドラゴンズ,MIDDLE_PREMIUM,CF,,32.5,81,-7,-7,11515139,岡 大海,千葉ロッテマリーンズ,CORNER_CATCHER,1B,,32.6,82,-7,-7,0.1,,-1,0,0
MIDDLE_PREMIUM_MINUS_CORNER_CATCHER|0.1|AGE_UNRESTRICTED|0029,0.1,AGE_UNRESTRICTED,,MIDDLE_PREMIUM_MINUS_CORNER_CATCHER,91395132,板山 祐太郎,中日ドラゴンズ,MIDDLE_PREMIUM,RF,,32,72,-3,-3,11815130,宗 佑磨,オリックス・バファローズ,CORNER_CATCHER,3B,,31.9,76,-8,-8,0.1,,-4,5,5
MIDDLE_PREMIUM_MINUS_CORNER_CATCHER|0.1|AGE_UNRESTRICTED|0030,0.1,AGE_UNRESTRICTED,,MIDDLE_PREMIUM_MINUS_CORNER_CATCHER,91395132,板山 祐太郎,中日ドラゴンズ,MIDDLE_PREMIUM,RF,,32,72,-3,-3,91895138,山口 航輝,千葉ロッテマリーンズ,CORNER_CATCHER,LF,,31.9,52,16,16,0.1,,20,-19,-19
MIDDLE_PREMIUM_MINUS_CORNER_CATCHER|0.1|AGE_UNRESTRICTED|0031,0.1,AGE_UNRESTRICTED,,MIDDLE_PREMIUM_MINUS_CORNER_CATCHER,91395132,板山 祐太郎,中日ドラゴンズ,MIDDLE_PREMIUM,RF,,32,72,-3,-3,53955150,モンテロ,広島東洋カープ,CORNER_CATCHER,1B,,31.9,49,19,3,0.1,,23,-22,-6
MIDDLE_PREMIUM_MINUS_CORNER_CATCHER|0.1|AGE_UNRESTRICTED|0032,0.1,AGE_UNRESTRICTED,,MIDDLE_PREMIUM_MINUS_CORNER_CATCHER,91395132,板山 祐太郎,中日ドラゴンズ,MIDDLE_PREMIUM,RF,,32,72,-3,-3,01705134,古賀 優大,東京ヤクルトスワローズ,CORNER_CATCHER,C,,32.1,46,24,24,0.1,,26,-27,-27
MIDDLE_PREMIUM_MINUS_CORNER_CATCHER|0.1|AGE_UNRESTRICTED|0033,0.1,AGE_UNRESTRICTED,,MIDDLE_PREMIUM_MINUS_CORNER_CATCHER,91395132,板山 祐太郎,中日ドラゴンズ,MIDDLE_PREMIUM,RF,,32,72,-3,-3,31835133,柳田 悠岐,福岡ソフトバンクホークス,CORNER_CATCHER,LF,,32.1,67,3,3,0.1,,5,-6,-6
MIDDLE_PREMIUM_MINUS_CORNER_CATCHER|0.1|AGE_UNRESTRICTED|0034,0.1,AGE_UNRESTRICTED,,MIDDLE_PREMIUM_MINUS_CORNER_CATCHER,91395132,板山 祐太郎,中日ドラゴンズ,MIDDLE_PREMIUM,RF,,32,72,-3,-3,41045153,佐藤 輝明,阪神タイガース,CORNER_CATCHER,3B,,32.1,68,2,2,0.1,,4,-5,-5
MIDDLE_PREMIUM_MINUS_CORNER_CATCHER|0.1|AGE_UNRESTRICTED|0035,0.1,AGE_UNRESTRICTED,,MIDDLE_PREMIUM_MINUS_CORNER_CATCHER,71275157,友杉 篤輝,千葉ロッテマリーンズ,MIDDLE_PREMIUM,SS,,32.7,87,-12,-12,31835134,細川 成也,中日ドラゴンズ,CORNER_CATCHER,LF,,32.7,60,15,15,0,,27,-27,-27
MIDDLE_PREMIUM_MINUS_CORNER_CATCHER|0.1|AGE_UNRESTRICTED|0036,0.1,AGE_UNRESTRICTED,,MIDDLE_PREMIUM_MINUS_CORNER_CATCHER,71275157,友杉 篤輝,千葉ロッテマリーンズ,MIDDLE_PREMIUM,SS,,32.7,87,-12,-12,21925151,郡司 裕也,北海道日本ハムファイターズ,CORNER_CATCHER,3B,,32.7,61,14,14,0,,26,-26,-26
MIDDLE_PREMIUM_MINUS_CORNER_CATCHER|0.1|AGE_UNRESTRICTED|0037,0.1,AGE_UNRESTRICTED,,MIDDLE_PREMIUM_MINUS_CORNER_CATCHER,71275157,友杉 篤輝,千葉ロッテマリーンズ,MIDDLE_PREMIUM,SS,,32.7,87,-12,-12,11515139,岡 大海,千葉ロッテマリーンズ,CORNER_CATCHER,1B,,32.6,82,-7,-7,0.1,,5,-5,-5
MIDDLE_PREMIUM_MINUS_CORNER_CATCHER|0.1|AGE_UNRESTRICTED|0038,0.1,AGE_UNRESTRICTED,,MIDDLE_PREMIUM_MINUS_CORNER_CATCHER,31635138,藤原 恭大,千葉ロッテマリーンズ,MIDDLE_PREMIUM,RF,,33,85,-7,-7,81685157,福永 裕基,中日ドラゴンズ,CORNER_CATCHER,3B,,33,64,14,14,0,,21,-21,-21
MIDDLE_PREMIUM_MINUS_CORNER_CATCHER|0.1|AGE_UNRESTRICTED|0039,0.1,AGE_UNRESTRICTED,,MIDDLE_PREMIUM_MINUS_CORNER_CATCHER,71775134,源田 壮亮,埼玉西武ライオンズ,MIDDLE_PREMIUM,SS,,32.9,80,-3,-3,81685157,福永 裕基,中日ドラゴンズ,CORNER_CATCHER,3B,,33,64,14,14,0.1,,16,-17,-17
MIDDLE_PREMIUM_MINUS_CORNER_CATCHER|0.1|AGE_UNRESTRICTED|0040,0.1,AGE_UNRESTRICTED,,MIDDLE_PREMIUM_MINUS_CORNER_CATCHER,51255155,滝澤 夏央,埼玉西武ライオンズ,MIDDLE_PREMIUM,SS,,33,85,-7,-7,81685157,福永 裕基,中日ドラゴンズ,CORNER_CATCHER,3B,,33,64,14,14,0,,21,-21,-21
MIDDLE_PREMIUM_MINUS_CORNER_CATCHER|0.1|AGE_UNRESTRICTED|0041,0.1,AGE_UNRESTRICTED,,MIDDLE_PREMIUM_MINUS_CORNER_CATCHER,01705138,小園 海斗,広島東洋カープ,MIDDLE_PREMIUM,SS,,31.5,79,-14,-14,43745150,ファビアン,広島東洋カープ,CORNER_CATCHER,LF,,31.4,61,3,3,0.1,,18,-17,-17
MIDDLE_PREMIUM_MINUS_CORNER_CATCHER|0.1|AGE_UNRESTRICTED|0042,0.1,AGE_UNRESTRICTED,,MIDDLE_PREMIUM_MINUS_CORNER_CATCHER,01705138,小園 海斗,広島東洋カープ,MIDDLE_PREMIUM,SS,,31.5,79,-14,-14,31135133,秋山 翔吾,広島東洋カープ,CORNER_CATCHER,LF,,31.6,77,-11,-10,0.1,,2,-3,-4
MIDDLE_PREMIUM_MINUS_CORNER_CATCHER|0.1|AGE_UNRESTRICTED|0043,0.1,AGE_UNRESTRICTED,,MIDDLE_PREMIUM_MINUS_CORNER_CATCHER,93395153,矢野 雅哉,広島東洋カープ,MIDDLE_PREMIUM,SS,,30.7,78,-21,-21,41645139,若月 健矢,オリックス・バファローズ,CORNER_CATCHER,C,,30.7,48,9,9,0,,30,-30,-30
MIDDLE_PREMIUM_MINUS_CORNER_CATCHER|0.1|AGE_UNRESTRICTED|0044,0.1,AGE_UNRESTRICTED,,MIDDLE_PREMIUM_MINUS_CORNER_CATCHER,93395153,矢野 雅哉,広島東洋カープ,MIDDLE_PREMIUM,SS,,30.7,78,-21,-21,91195151,石川 昂弥,中日ドラゴンズ,CORNER_CATCHER,3B,,30.6,41,16,16,0.1,,37,-37,-37
MIDDLE_PREMIUM_MINUS_CORNER_CATCHER|0.1|AGE_UNRESTRICTED|0045,0.1,AGE_UNRESTRICTED,,MIDDLE_PREMIUM_MINUS_CORNER_CATCHER,93395153,矢野 雅哉,広島東洋カープ,MIDDLE_PREMIUM,SS,,30.7,78,-21,-21,81785155,古賀 悠斗,埼玉西武ライオンズ,CORNER_CATCHER,C,,30.6,47,10,10,0.1,,31,-31,-31
MIDDLE_PREMIUM_MINUS_CORNER_CATCHER|0.1|AGE_UNRESTRICTED|0046,0.1,AGE_UNRESTRICTED,,MIDDLE_PREMIUM_MINUS_CORNER_CATCHER,93395153,矢野 雅哉,広島東洋カープ,MIDDLE_PREMIUM,SS,,30.7,78,-21,-21,11915134,坂倉 将吾,広島東洋カープ,CORNER_CATCHER,1B,,30.6,68,-11,-11,0.1,,10,-10,-10
MIDDLE_PREMIUM_MINUS_CORNER_CATCHER|0.1|AGE_UNRESTRICTED|0047,0.1,AGE_UNRESTRICTED,,MIDDLE_PREMIUM_MINUS_CORNER_CATCHER,93395153,矢野 雅哉,広島東洋カープ,MIDDLE_PREMIUM,SS,,30.7,78,-21,-21,53755153,サンタナ,東京ヤクルトスワローズ,CORNER_CATCHER,LF,,30.8,47,11,11,0.1,,31,-32,-32
MIDDLE_PREMIUM_MINUS_CORNER_CATCHER|0.1|AGE_UNRESTRICTED|0048,0.1,AGE_UNRESTRICTED,,MIDDLE_PREMIUM_MINUS_CORNER_CATCHER,93395153,矢野 雅哉,広島東洋カープ,MIDDLE_PREMIUM,SS,,30.7,78,-21,-21,91995134,佐野 恵太,横浜DeNAベイスターズ,CORNER_CATCHER,1B,,30.6,48,9,9,0.1,,30,-30,-30
MIDDLE_PREMIUM_MINUS_CORNER_CATCHER|0.1|AGE_UNRESTRICTED|0049,0.1,AGE_UNRESTRICTED,,MIDDLE_PREMIUM_MINUS_CORNER_CATCHER,93395153,矢野 雅哉,広島東洋カープ,MIDDLE_PREMIUM,SS,,30.7,78,-21,-21,21325139,梅野 隆太郎,阪神タイガース,CORNER_CATCHER,C,,30.6,57,0,0,0.1,,21,-21,-21
MIDDLE_PREMIUM_MINUS_CORNER_CATCHER|0.1|AGE_UNRESTRICTED|0050,0.1,AGE_UNRESTRICTED,,MIDDLE_PREMIUM_MINUS_CORNER_CATCHER,01405130,野間 峻祥,広島東洋カープ,MIDDLE_PREMIUM,RF,,31.7,88,-22,-22,41545136,清宮 幸太郎,北海道日本ハムファイターズ,CORNER_CATCHER,1B,,31.7,56,10,10,0,,32,-32,-32
MIDDLE_PREMIUM_MINUS_CORNER_CATCHER|0.1|AGE_UNRESTRICTED|0051,0.1,AGE_UNRESTRICTED,,MIDDLE_PREMIUM_MINUS_CORNER_CATCHER,01405130,野間 峻祥,広島東洋カープ,MIDDLE_PREMIUM,RF,,31.7,88,-22,-22,31435138,野村 佑希,北海道日本ハムファイターズ,CORNER_CATCHER,LF,,31.7,52,14,14,0,,36,-36,-36
MIDDLE_PREMIUM_MINUS_CORNER_CATCHER|0.1|AGE_UNRESTRICTED|0052,0.1,AGE_UNRESTRICTED,,MIDDLE_PREMIUM_MINUS_CORNER_CATCHER,01405130,野間 峻祥,広島東洋カープ,MIDDLE_PREMIUM,RF,,31.7,88,-22,-22,31135133,秋山 翔吾,広島東洋カープ,CORNER_CATCHER,LF,,31.6,77,-11,-10,0.1,,11,-11,-12
MIDDLE_PREMIUM_MINUS_CORNER_CATCHER|0.1|AGE_UNRESTRICTED|0053,0.1,AGE_UNRESTRICTED,,MIDDLE_PREMIUM_MINUS_CORNER_CATCHER,93195155,丸山 和郁,東京ヤクルトスワローズ,MIDDLE_PREMIUM,RF,,32.4,86,-13,-13,51055138,田宮 裕涼,北海道日本ハムファイターズ,CORNER_CATCHER,C,,32.4,68,5,5,0,,18,-18,-18
MIDDLE_PREMIUM_MINUS_CORNER_CATCHER|0.1|AGE_UNRESTRICTED|0054,0.1,AGE_UNRESTRICTED,,MIDDLE_PREMIUM_MINUS_CORNER_CATCHER,71975136,塩見 泰隆,東京ヤクルトスワローズ,MIDDLE_PREMIUM,RF,,32.3,83,-11,-11,51055138,田宮 裕涼,北海道日本ハムファイターズ,CORNER_CATCHER,C,,32.4,68,5,5,0.1,,15,-16,-16
MIDDLE_PREMIUM_MINUS_CORNER_CATCHER|0.1|AGE_UNRESTRICTED|0055,0.1,AGE_UNRESTRICTED,,MIDDLE_PREMIUM_MINUS_CORNER_CATCHER,51455151,長岡 秀樹,東京ヤクルトスワローズ,MIDDLE_PREMIUM,SS,,31.6,58,8,8,41545136,清宮 幸太郎,北海道日本ハムファイターズ,CORNER_CATCHER,1B,,31.7,56,10,10,0.1,,2,-2,-2
MIDDLE_PREMIUM_MINUS_CORNER_CATCHER|0.1|AGE_UNRESTRICTED|0056,0.1,AGE_UNRESTRICTED,,MIDDLE_PREMIUM_MINUS_CORNER_CATCHER,51455151,長岡 秀樹,東京ヤクルトスワローズ,MIDDLE_PREMIUM,SS,,31.6,58,8,8,31435138,野村 佑希,北海道日本ハムファイターズ,CORNER_CATCHER,LF,,31.7,52,14,14,0.1,,6,-6,-6
MIDDLE_PREMIUM_MINUS_CORNER_CATCHER|0.1|AGE_UNRESTRICTED|0057,0.1,AGE_UNRESTRICTED,,MIDDLE_PREMIUM_MINUS_CORNER_CATCHER,51455151,長岡 秀樹,東京ヤクルトスワローズ,MIDDLE_PREMIUM,SS,,31.6,58,8,8,31135133,秋山 翔吾,広島東洋カープ,CORNER_CATCHER,LF,,31.6,77,-11,-10,0,,-19,19,18
MIDDLE_PREMIUM_MINUS_CORNER_CATCHER|0.1|AGE_UNRESTRICTED|0058,0.1,AGE_UNRESTRICTED,,MIDDLE_PREMIUM_MINUS_CORNER_CATCHER,81585134,京田 陽太,横浜DeNAベイスターズ,MIDDLE_PREMIUM,SS,,31.1,78,-17,-17,91495139,森 友哉,オリックス・バファローズ,CORNER_CATCHER,C,,31.2,65,-3,-3,0.1,,13,-14,-14
MIDDLE_PREMIUM_MINUS_CORNER_CATCHER|0.1|AGE_UNRESTRICTED|0059,0.1,AGE_UNRESTRICTED,,MIDDLE_PREMIUM_MINUS_CORNER_CATCHER,81585134,京田 陽太,横浜DeNAベイスターズ,MIDDLE_PREMIUM,SS,,31.1,78,-17,-17,71475132,西川 龍馬,オリックス・バファローズ,CORNER_CATCHER,LF,,31.1,72,-11,-11,0,,6,-6,-6
MIDDLE_PREMIUM_MINUS_CORNER_CATCHER|0.1|AGE_UNRESTRICTED|0060,0.1,AGE_UNRESTRICTED,,MIDDLE_PREMIUM_MINUS_CORNER_CATCHER,81585134,京田 陽太,横浜DeNAベイスターズ,MIDDLE_PREMIUM,SS,,31.1,78,-17,-17,63065155,ポランコ,千葉ロッテマリーンズ,CORNER_CATCHER,LF,,31.1,63,-2,0,0,,15,-15,-17
MIDDLE_PREMIUM_MINUS_CORNER_CATCHER|0.1|AGE_UNRESTRICTED|0061,0.1,AGE_UNRESTRICTED,,MIDDLE_PREMIUM_MINUS_CORNER_CATCHER,81585134,京田 陽太,横浜DeNAベイスターズ,MIDDLE_PREMIUM,SS,,31.1,78,-17,-17,23125136,山本 祐大,横浜DeNAベイスターズ,CORNER_CATCHER,C,,31,61,-1,-1,0.1,,17,-16,-16
MIDDLE_PREMIUM_MINUS_CORNER_CATCHER|0.1|AGE_UNRESTRICTED|0062,0.1,AGE_UNRESTRICTED,,MIDDLE_PREMIUM_MINUS_CORNER_CATCHER,81585134,京田 陽太,横浜DeNAベイスターズ,MIDDLE_PREMIUM,SS,,31.1,78,-17,-17,81885155,正木 智也,福岡ソフトバンクホークス,CORNER_CATCHER,1B,,31.1,48,13,13,0,,30,-30,-30
MIDDLE_PREMIUM_MINUS_CORNER_CATCHER|0.1|AGE_UNRESTRICTED|0063,0.1,AGE_UNRESTRICTED,,MIDDLE_PREMIUM_MINUS_CORNER_CATCHER,81585134,京田 陽太,横浜DeNAベイスターズ,MIDDLE_PREMIUM,SS,,31.1,78,-17,-17,41745135,近藤 健介,福岡ソフトバンクホークス,CORNER_CATCHER,LF,,31.2,64,-2,-2,0.1,,14,-15,-15
MIDDLE_PREMIUM_MINUS_CORNER_CATCHER|0.1|AGE_UNRESTRICTED|0064,0.1,AGE_UNRESTRICTED,,MIDDLE_PREMIUM_MINUS_CORNER_CATCHER,33535159,度会 隆輝,横浜DeNAベイスターズ,MIDDLE_PREMIUM,RF,,31.7,65,1,1,41545136,清宮 幸太郎,北海道日本ハムファイターズ,CORNER_CATCHER,1B,,31.7,56,10,10,0,,9,-9,-9
MIDDLE_PREMIUM_MINUS_CORNER_CATCHER|0.1|AGE_UNRESTRICTED|0065,0.1,AGE_UNRESTRICTED,,MIDDLE_PREMIUM_MINUS_CORNER_CATCHER,33535159,度会 隆輝,横浜DeNAベイスターズ,MIDDLE_PREMIUM,RF,,31.7,65,1,1,31435138,野村 佑希,北海道日本ハムファイターズ,CORNER_CATCHER,LF,,31.7,52,14,14,0,,13,-13,-13
MIDDLE_PREMIUM_MINUS_CORNER_CATCHER|0.1|AGE_UNRESTRICTED|0066,0.1,AGE_UNRESTRICTED,,MIDDLE_PREMIUM_MINUS_CORNER_CATCHER,33535159,度会 隆輝,横浜DeNAベイスターズ,MIDDLE_PREMIUM,RF,,31.7,65,1,1,31135133,秋山 翔吾,広島東洋カープ,CORNER_CATCHER,LF,,31.6,77,-11,-10,0.1,,-12,12,11
MIDDLE_PREMIUM_MINUS_CORNER_CATCHER|0.1|AGE_UNRESTRICTED|0067,0.1,AGE_UNRESTRICTED,,MIDDLE_PREMIUM_MINUS_CORNER_CATCHER,51555151,蝦名 達夫,横浜DeNAベイスターズ,MIDDLE_PREMIUM,CF,,31.4,75,-11,-11,71075151,佐藤 都志也,千葉ロッテマリーンズ,CORNER_CATCHER,C,,31.3,71,-8,-8,0.1,,4,-3,-3
MIDDLE_PREMIUM_MINUS_CORNER_CATCHER|0.1|AGE_UNRESTRICTED|0068,0.1,AGE_UNRESTRICTED,,MIDDLE_PREMIUM_MINUS_CORNER_CATCHER,51555151,蝦名 達夫,横浜DeNAベイスターズ,MIDDLE_PREMIUM,CF,,31.4,75,-11,-11,43745150,ファビアン,広島東洋カープ,CORNER_CATCHER,LF,,31.4,61,3,3,0,,14,-14,-14
MIDDLE_PREMIUM_MINUS_CORNER_CATCHER|0.1|AGE_UNRESTRICTED|0069,0.1,AGE_UNRESTRICTED,,MIDDLE_PREMIUM_MINUS_CORNER_CATCHER,51555151,蝦名 達夫,横浜DeNAベイスターズ,MIDDLE_PREMIUM,CF,,31.4,75,-11,-11,01705130,栗原 陵矢,福岡ソフトバンクホークス,CORNER_CATCHER,3B,,31.3,59,4,4,0.1,,16,-15,-15
MIDDLE_PREMIUM_MINUS_CORNER_CATCHER|0.1|AGE_UNRESTRICTED|0070,0.1,AGE_UNRESTRICTED,,MIDDLE_PREMIUM_MINUS_CORNER_CATCHER,31335131,今宮 健太,福岡ソフトバンクホークス,MIDDLE_PREMIUM,SS,,30.4,66,-11,-11,51255118,中村 悠平,東京ヤクルトスワローズ,CORNER_CATCHER,C,,30.4,56,-1,-1,0,,10,-10,-10
MIDDLE_PREMIUM_MINUS_CORNER_CATCHER|0.1|AGE_UNRESTRICTED|0071,0.1,AGE_UNRESTRICTED,,MIDDLE_PREMIUM_MINUS_CORNER_CATCHER,31335131,今宮 健太,福岡ソフトバンクホークス,MIDDLE_PREMIUM,SS,,30.4,66,-11,-11,71375138,太田 光,東北楽天ゴールデンイーグルス,CORNER_CATCHER,C,,30.5,44,12,12,0.1,,22,-23,-23
MIDDLE_PREMIUM_MINUS_CORNER_CATCHER|0.1|AGE_UNRESTRICTED|0072,0.1,AGE_UNRESTRICTED,,MIDDLE_PREMIUM_MINUS_CORNER_CATCHER,31335131,今宮 健太,福岡ソフトバンクホークス,MIDDLE_PREMIUM,SS,,30.4,66,-11,-11,51155118,浅村 栄斗,東北楽天ゴールデンイーグルス,CORNER_CATCHER,1B,,30.5,35,21,21,0.1,,31,-32,-32
MIDDLE_PREMIUM_MINUS_CORNER_CATCHER|0.1|AGE_UNRESTRICTED|0073,0.1,AGE_UNRESTRICTED,,MIDDLE_PREMIUM_MINUS_CORNER_CATCHER,31335131,今宮 健太,福岡ソフトバンクホークス,MIDDLE_PREMIUM,SS,,30.4,66,-11,-11,73175138,渡邊 佳明,東北楽天ゴールデンイーグルス,CORNER_CATCHER,1B,,30.3,50,4,4,0.1,,16,-15,-15
MIDDLE_PREMIUM_MINUS_CORNER_CATCHER|0.1|AGE_UNRESTRICTED|0074,0.1,AGE_UNRESTRICTED,,MIDDLE_PREMIUM_MINUS_CORNER_CATCHER,31335131,今宮 健太,福岡ソフトバンクホークス,MIDDLE_PREMIUM,SS,,30.4,66,-11,-11,51455137,宮﨑 敏郎,横浜DeNAベイスターズ,CORNER_CATCHER,3B,,30.3,33,21,21,0.1,,33,-32,-32
MIDDLE_PREMIUM_MINUS_CORNER_CATCHER|0.1|AGE_UNRESTRICTED|0075,0.1,AGE_UNRESTRICTED,,MIDDLE_PREMIUM_MINUS_CORNER_CATCHER,31335131,今宮 健太,福岡ソフトバンクホークス,MIDDLE_PREMIUM,SS,,30.4,66,-11,-11,81385151,海野 隆司,福岡ソフトバンクホークス,CORNER_CATCHER,C,,30.3,52,2,2,0.1,,14,-13,-13
MIDDLE_PREMIUM_MINUS_CORNER_CATCHER|0.1|AGE_UNRESTRICTED|0076,0.1,AGE_UNRESTRICTED,,MIDDLE_PREMIUM_MINUS_CORNER_CATCHER,31335131,今宮 健太,福岡ソフトバンクホークス,MIDDLE_PREMIUM,SS,,30.4,66,-11,-11,21325134,大山 悠輔,阪神タイガース,CORNER_CATCHER,1B,,30.5,58,-2,-2,0.1,,8,-9,-9
MIDDLE_PREMIUM_MINUS_CORNER_CATCHER|0.1|AGE_UNRESTRICTED|0077,0.1,AGE_UNRESTRICTED,,MIDDLE_PREMIUM_MINUS_CORNER_CATCHER,73175151,柳町 達,福岡ソフトバンクホークス,MIDDLE_PREMIUM,RF,,31.5,67,-2,-2,43745150,ファビアン,広島東洋カープ,CORNER_CATCHER,LF,,31.4,61,3,3,0.1,,6,-5,-5
MIDDLE_PREMIUM_MINUS_CORNER_CATCHER|0.1|AGE_UNRESTRICTED|0078,0.1,AGE_UNRESTRICTED,,MIDDLE_PREMIUM_MINUS_CORNER_CATCHER,73175151,柳町 達,福岡ソフトバンクホークス,MIDDLE_PREMIUM,RF,,31.5,67,-2,-2,31135133,秋山 翔吾,広島東洋カープ,CORNER_CATCHER,LF,,31.6,77,-11,-10,0.1,,-10,9,8
MIDDLE_PREMIUM_MINUS_CORNER_CATCHER|0.1|AGE_UNRESTRICTED|0079,0.1,AGE_UNRESTRICTED,,MIDDLE_PREMIUM_MINUS_CORNER_CATCHER,21425116,丸 佳浩,読売ジャイアンツ,MIDDLE_PREMIUM,RF,,31.4,65,-1,-1,71075151,佐藤 都志也,千葉ロッテマリーンズ,CORNER_CATCHER,C,,31.3,71,-8,-8,0.1,,-6,7,7
MIDDLE_PREMIUM_MINUS_CORNER_CATCHER|0.1|AGE_UNRESTRICTED|0080,0.1,AGE_UNRESTRICTED,,MIDDLE_PREMIUM_MINUS_CORNER_CATCHER,21425116,丸 佳浩,読売ジャイアンツ,MIDDLE_PREMIUM,RF,,31.4,65,-1,-1,43745150,ファビアン,広島東洋カープ,CORNER_CATCHER,LF,,31.4,61,3,3,0,,4,-4,-4
MIDDLE_PREMIUM_MINUS_CORNER_CATCHER|0.1|AGE_UNRESTRICTED|0081,0.1,AGE_UNRESTRICTED,,MIDDLE_PREMIUM_MINUS_CORNER_CATCHER,21425116,丸 佳浩,読売ジャイアンツ,MIDDLE_PREMIUM,RF,,31.4,65,-1,-1,01705130,栗原 陵矢,福岡ソフトバンクホークス,CORNER_CATCHER,3B,,31.3,59,4,4,0.1,,6,-5,-5
MIDDLE_PREMIUM_MINUS_CORNER_CATCHER|0.1|AGE_UNRESTRICTED|0082,0.1,AGE_UNRESTRICTED,,MIDDLE_PREMIUM_MINUS_CORNER_CATCHER,51955159,佐々木 俊輔,読売ジャイアンツ,MIDDLE_PREMIUM,CF,,33,76,2,2,81685157,福永 裕基,中日ドラゴンズ,CORNER_CATCHER,3B,,33,64,14,14,0,,12,-12,-12
MIDDLE_PREMIUM_MINUS_CORNER_CATCHER|0.1|AGE_UNRESTRICTED|0083,0.1,AGE_UNRESTRICTED,,MIDDLE_PREMIUM_MINUS_CORNER_CATCHER,21625135,松本 剛,読売ジャイアンツ,MIDDLE_PREMIUM,CF,,31.4,69,-5,-5,71075151,佐藤 都志也,千葉ロッテマリーンズ,CORNER_CATCHER,C,,31.3,71,-8,-8,0.1,,-2,3,3
MIDDLE_PREMIUM_MINUS_CORNER_CATCHER|0.1|AGE_UNRESTRICTED|0084,0.1,AGE_UNRESTRICTED,,MIDDLE_PREMIUM_MINUS_CORNER_CATCHER,21625135,松本 剛,読売ジャイアンツ,MIDDLE_PREMIUM,CF,,31.4,69,-5,-5,43745150,ファビアン,広島東洋カープ,CORNER_CATCHER,LF,,31.4,61,3,3,0,,8,-8,-8
MIDDLE_PREMIUM_MINUS_CORNER_CATCHER|0.1|AGE_UNRESTRICTED|0085,0.1,AGE_UNRESTRICTED,,MIDDLE_PREMIUM_MINUS_CORNER_CATCHER,21625135,松本 剛,読売ジャイアンツ,MIDDLE_PREMIUM,CF,,31.4,69,-5,-5,01705130,栗原 陵矢,福岡ソフトバンクホークス,CORNER_CATCHER,3B,,31.3,59,4,4,0.1,,10,-9,-9
MIDDLE_PREMIUM_MINUS_CORNER_CATCHER|0.1|AGE_UNRESTRICTED|0086,0.1,AGE_UNRESTRICTED,,MIDDLE_PREMIUM_MINUS_CORNER_CATCHER,31535138,小幡 竜平,阪神タイガース,MIDDLE_PREMIUM,SS,,32.8,77,-1,-1,31835134,細川 成也,中日ドラゴンズ,CORNER_CATCHER,LF,,32.7,60,15,15,0.1,,17,-16,-16
MIDDLE_PREMIUM_MINUS_CORNER_CATCHER|0.1|AGE_UNRESTRICTED|0087,0.1,AGE_UNRESTRICTED,,MIDDLE_PREMIUM_MINUS_CORNER_CATCHER,31535138,小幡 竜平,阪神タイガース,MIDDLE_PREMIUM,SS,,32.8,77,-1,-1,21925151,郡司 裕也,北海道日本ハムファイターズ,CORNER_CATCHER,3B,,32.7,61,14,14,0.1,,16,-15,-15
MIDDLE_PREMIUM_MINUS_CORNER_CATCHER|0.1|AGE_UNRESTRICTED|0088,0.1,AGE_UNRESTRICTED,,MIDDLE_PREMIUM_MINUS_CORNER_CATCHER,31735138,木浪 聖也,阪神タイガース,MIDDLE_PREMIUM,SS,,30,59,-8,-8,03505133,ソト,千葉ロッテマリーンズ,CORNER_CATCHER,1B,,30.1,40,12,12,0.1,,19,-20,-20
MIDDLE_PREMIUM_MINUS_CORNER_CATCHER|0.1|AGE_UNRESTRICTED|0089,0.1,AGE_UNRESTRICTED,,MIDDLE_PREMIUM_MINUS_CORNER_CATCHER,43145157,森下 翔太,阪神タイガース,MIDDLE_PREMIUM,RF,,30.5,60,-4,-4,91195151,石川 昂弥,中日ドラゴンズ,CORNER_CATCHER,3B,,30.6,41,16,16,0.1,,19,-20,-20
MIDDLE_PREMIUM_MINUS_CORNER_CATCHER|0.1|AGE_UNRESTRICTED|0090,0.1,AGE_UNRESTRICTED,,MIDDLE_PREMIUM_MINUS_CORNER_CATCHER,43145157,森下 翔太,阪神タイガース,MIDDLE_PREMIUM,RF,,30.5,60,-4,-4,81785155,古賀 悠斗,埼玉西武ライオンズ,CORNER_CATCHER,C,,30.6,47,10,10,0.1,,13,-14,-14
MIDDLE_PREMIUM_MINUS_CORNER_CATCHER|0.1|AGE_UNRESTRICTED|0091,0.1,AGE_UNRESTRICTED,,MIDDLE_PREMIUM_MINUS_CORNER_CATCHER,43145157,森下 翔太,阪神タイガース,MIDDLE_PREMIUM,RF,,30.5,60,-4,-4,11915134,坂倉 将吾,広島東洋カープ,CORNER_CATCHER,1B,,30.6,68,-11,-11,0.1,,-8,7,7
MIDDLE_PREMIUM_MINUS_CORNER_CATCHER|0.1|AGE_UNRESTRICTED|0092,0.1,AGE_UNRESTRICTED,,MIDDLE_PREMIUM_MINUS_CORNER_CATCHER,43145157,森下 翔太,阪神タイガース,MIDDLE_PREMIUM,RF,,30.5,60,-4,-4,51255118,中村 悠平,東京ヤクルトスワローズ,CORNER_CATCHER,C,,30.4,56,-1,-1,0.1,,4,-3,-3
MIDDLE_PREMIUM_MINUS_CORNER_CATCHER|0.1|AGE_UNRESTRICTED|0093,0.1,AGE_UNRESTRICTED,,MIDDLE_PREMIUM_MINUS_CORNER_CATCHER,43145157,森下 翔太,阪神タイガース,MIDDLE_PREMIUM,RF,,30.5,60,-4,-4,71375138,太田 光,東北楽天ゴールデンイーグルス,CORNER_CATCHER,C,,30.5,44,12,12,0,,16,-16,-16
MIDDLE_PREMIUM_MINUS_CORNER_CATCHER|0.1|AGE_UNRESTRICTED|0094,0.1,AGE_UNRESTRICTED,,MIDDLE_PREMIUM_MINUS_CORNER_CATCHER,43145157,森下 翔太,阪神タイガース,MIDDLE_PREMIUM,RF,,30.5,60,-4,-4,51155118,浅村 栄斗,東北楽天ゴールデンイーグルス,CORNER_CATCHER,1B,,30.5,35,21,21,0,,25,-25,-25
MIDDLE_PREMIUM_MINUS_CORNER_CATCHER|0.1|AGE_UNRESTRICTED|0095,0.1,AGE_UNRESTRICTED,,MIDDLE_PREMIUM_MINUS_CORNER_CATCHER,43145157,森下 翔太,阪神タイガース,MIDDLE_PREMIUM,RF,,30.5,60,-4,-4,91995134,佐野 恵太,横浜DeNAベイスターズ,CORNER_CATCHER,1B,,30.6,48,9,9,0.1,,12,-13,-13
MIDDLE_PREMIUM_MINUS_CORNER_CATCHER|0.1|AGE_UNRESTRICTED|0096,0.1,AGE_UNRESTRICTED,,MIDDLE_PREMIUM_MINUS_CORNER_CATCHER,43145157,森下 翔太,阪神タイガース,MIDDLE_PREMIUM,RF,,30.5,60,-4,-4,21325134,大山 悠輔,阪神タイガース,CORNER_CATCHER,1B,,30.5,58,-2,-2,0,,2,-2,-2
MIDDLE_PREMIUM_MINUS_CORNER_CATCHER|0.1|AGE_UNRESTRICTED|0097,0.1,AGE_UNRESTRICTED,,MIDDLE_PREMIUM_MINUS_CORNER_CATCHER,43145157,森下 翔太,阪神タイガース,MIDDLE_PREMIUM,RF,,30.5,60,-4,-4,21325139,梅野 隆太郎,阪神タイガース,CORNER_CATCHER,C,,30.6,57,0,0,0.1,,3,-4,-4
MIDDLE_NEUTRAL_MINUS_CORNER_CATCHER|0.1|AGE_UNRESTRICTED|0001,0.1,AGE_UNRESTRICTED,,MIDDLE_NEUTRAL_MINUS_CORNER_CATCHER,91395138,太田 椋,オリックス・バファローズ,MIDDLE_NEUTRAL,2B,,31.7,64,2,2,41545136,清宮 幸太郎,北海道日本ハムファイターズ,CORNER_CATCHER,1B,,31.7,56,10,10,0,,8,-8,-8
MIDDLE_NEUTRAL_MINUS_CORNER_CATCHER|0.1|AGE_UNRESTRICTED|0002,0.1,AGE_UNRESTRICTED,,MIDDLE_NEUTRAL_MINUS_CORNER_CATCHER,91395138,太田 椋,オリックス・バファローズ,MIDDLE_NEUTRAL,2B,,31.7,64,2,2,31435138,野村 佑希,北海道日本ハムファイターズ,CORNER_CATCHER,LF,,31.7,52,14,14,0,,12,-12,-12
MIDDLE_NEUTRAL_MINUS_CORNER_CATCHER|0.1|AGE_UNRESTRICTED|0003,0.1,AGE_UNRESTRICTED,,MIDDLE_NEUTRAL_MINUS_CORNER_CATCHER,91395138,太田 椋,オリックス・バファローズ,MIDDLE_NEUTRAL,2B,,31.7,64,2,2,31135133,秋山 翔吾,広島東洋カープ,CORNER_CATCHER,LF,,31.6,77,-11,-10,0.1,,-13,13,12
MIDDLE_NEUTRAL_MINUS_CORNER_CATCHER|0.1|AGE_UNRESTRICTED|0004,0.1,AGE_UNRESTRICTED,,MIDDLE_NEUTRAL_MINUS_CORNER_CATCHER,91495130,西野 真弘,オリックス・バファローズ,MIDDLE_NEUTRAL,2B,,31.6,76,-10,-10,41545136,清宮 幸太郎,北海道日本ハムファイターズ,CORNER_CATCHER,1B,,31.7,56,10,10,0.1,,20,-20,-20
MIDDLE_NEUTRAL_MINUS_CORNER_CATCHER|0.1|AGE_UNRESTRICTED|0005,0.1,AGE_UNRESTRICTED,,MIDDLE_NEUTRAL_MINUS_CORNER_CATCHER,91495130,西野 真弘,オリックス・バファローズ,MIDDLE_NEUTRAL,2B,,31.6,76,-10,-10,31435138,野村 佑希,北海道日本ハムファイターズ,CORNER_CATCHER,LF,,31.7,52,14,14,0.1,,24,-24,-24
MIDDLE_NEUTRAL_MINUS_CORNER_CATCHER|0.1|AGE_UNRESTRICTED|0006,0.1,AGE_UNRESTRICTED,,MIDDLE_NEUTRAL_MINUS_CORNER_CATCHER,91495130,西野 真弘,オリックス・バファローズ,MIDDLE_NEUTRAL,2B,,31.6,76,-10,-10,31135133,秋山 翔吾,広島東洋カープ,CORNER_CATCHER,LF,,31.6,77,-11,-10,0,,-1,1,0
MIDDLE_NEUTRAL_MINUS_CORNER_CATCHER|0.1|AGE_UNRESTRICTED|0007,0.1,AGE_UNRESTRICTED,,MIDDLE_NEUTRAL_MINUS_CORNER_CATCHER,31435157,奈良間 大己,北海道日本ハムファイターズ,MIDDLE_NEUTRAL,2B,,31.7,64,2,3,41545136,清宮 幸太郎,北海道日本ハムファイターズ,CORNER_CATCHER,1B,,31.7,56,10,10,0,,8,-8,-7
MIDDLE_NEUTRAL_MINUS_CORNER_CATCHER|0.1|AGE_UNRESTRICTED|0008,0.1,AGE_UNRESTRICTED,,MIDDLE_NEUTRAL_MINUS_CORNER_CATCHER,31435157,奈良間 大己,北海道日本ハムファイターズ,MIDDLE_NEUTRAL,2B,,31.7,64,2,3,31435138,野村 佑希,北海道日本ハムファイターズ,CORNER_CATCHER,LF,,31.7,52,14,14,0,,12,-12,-11
MIDDLE_NEUTRAL_MINUS_CORNER_CATCHER|0.1|AGE_UNRESTRICTED|0009,0.1,AGE_UNRESTRICTED,,MIDDLE_NEUTRAL_MINUS_CORNER_CATCHER,31435157,奈良間 大己,北海道日本ハムファイターズ,MIDDLE_NEUTRAL,2B,,31.7,64,2,3,31135133,秋山 翔吾,広島東洋カープ,CORNER_CATCHER,LF,,31.6,77,-11,-10,0.1,,-13,13,13
MIDDLE_NEUTRAL_MINUS_CORNER_CATCHER|0.1|AGE_UNRESTRICTED|0010,0.1,AGE_UNRESTRICTED,,MIDDLE_NEUTRAL_MINUS_CORNER_CATCHER,41645136,藤岡 裕大,千葉ロッテマリーンズ,MIDDLE_NEUTRAL,2B,,30.8,65,-7,-7,41645139,若月 健矢,オリックス・バファローズ,CORNER_CATCHER,C,,30.7,48,9,9,0.1,,17,-16,-16
MIDDLE_NEUTRAL_MINUS_CORNER_CATCHER|0.1|AGE_UNRESTRICTED|0011,0.1,AGE_UNRESTRICTED,,MIDDLE_NEUTRAL_MINUS_CORNER_CATCHER,41645136,藤岡 裕大,千葉ロッテマリーンズ,MIDDLE_NEUTRAL,2B,,30.8,65,-7,-7,53755153,サンタナ,東京ヤクルトスワローズ,CORNER_CATCHER,LF,,30.8,47,11,11,0,,18,-18,-18
MIDDLE_NEUTRAL_MINUS_CORNER_CATCHER|0.1|AGE_UNRESTRICTED|0012,0.1,AGE_UNRESTRICTED,,MIDDLE_NEUTRAL_MINUS_CORNER_CATCHER,41245130,外崎 修汰,埼玉西武ライオンズ,MIDDLE_NEUTRAL,2B,,32.3,68,4,4,51055138,田宮 裕涼,北海道日本ハムファイターズ,CORNER_CATCHER,C,,32.4,68,5,5,0.1,,0,-1,-1
MIDDLE_NEUTRAL_MINUS_CORNER_CATCHER|0.1|AGE_UNRESTRICTED|0013,0.1,AGE_UNRESTRICTED,,MIDDLE_NEUTRAL_MINUS_CORNER_CATCHER,21125134,石井 一成,埼玉西武ライオンズ,MIDDLE_NEUTRAL,2B,,32.6,79,-4,-4,31835134,細川 成也,中日ドラゴンズ,CORNER_CATCHER,LF,,32.7,60,15,15,0.1,,19,-19,-19
MIDDLE_NEUTRAL_MINUS_CORNER_CATCHER|0.1|AGE_UNRESTRICTED|0014,0.1,AGE_UNRESTRICTED,,MIDDLE_NEUTRAL_MINUS_CORNER_CATCHER,21125134,石井 一成,埼玉西武ライオンズ,MIDDLE_NEUTRAL,2B,,32.6,79,-4,-4,21925151,郡司 裕也,北海道日本ハムファイターズ,CORNER_CATCHER,3B,,32.7,61,14,14,0.1,,18,-18,-18
MIDDLE_NEUTRAL_MINUS_CORNER_CATCHER|0.1|AGE_UNRESTRICTED|0015,0.1,AGE_UNRESTRICTED,,MIDDLE_NEUTRAL_MINUS_CORNER_CATCHER,21125134,石井 一成,埼玉西武ライオンズ,MIDDLE_NEUTRAL,2B,,32.6,79,-4,-4,11515139,岡 大海,千葉ロッテマリーンズ,CORNER_CATCHER,1B,,32.6,82,-7,-7,0,,-3,3,3
MIDDLE_NEUTRAL_MINUS_CORNER_CATCHER|0.1|AGE_UNRESTRICTED|0016,0.1,AGE_UNRESTRICTED,,MIDDLE_NEUTRAL_MINUS_CORNER_CATCHER,61565135,菊池 涼介,広島東洋カープ,MIDDLE_NEUTRAL,2B,,31.8,72,-5,-5,11815130,宗 佑磨,オリックス・バファローズ,CORNER_CATCHER,3B,,31.9,76,-8,-8,0.1,,-4,3,3
MIDDLE_NEUTRAL_MINUS_CORNER_CATCHER|0.1|AGE_UNRESTRICTED|0017,0.1,AGE_UNRESTRICTED,,MIDDLE_NEUTRAL_MINUS_CORNER_CATCHER,61565135,菊池 涼介,広島東洋カープ,MIDDLE_NEUTRAL,2B,,31.8,72,-5,-5,41545136,清宮 幸太郎,北海道日本ハムファイターズ,CORNER_CATCHER,1B,,31.7,56,10,10,0.1,,16,-15,-15
MIDDLE_NEUTRAL_MINUS_CORNER_CATCHER|0.1|AGE_UNRESTRICTED|0018,0.1,AGE_UNRESTRICTED,,MIDDLE_NEUTRAL_MINUS_CORNER_CATCHER,61565135,菊池 涼介,広島東洋カープ,MIDDLE_NEUTRAL,2B,,31.8,72,-5,-5,31435138,野村 佑希,北海道日本ハムファイターズ,CORNER_CATCHER,LF,,31.7,52,14,14,0.1,,20,-19,-19
MIDDLE_NEUTRAL_MINUS_CORNER_CATCHER|0.1|AGE_UNRESTRICTED|0019,0.1,AGE_UNRESTRICTED,,MIDDLE_NEUTRAL_MINUS_CORNER_CATCHER,61565135,菊池 涼介,広島東洋カープ,MIDDLE_NEUTRAL,2B,,31.8,72,-5,-5,91895138,山口 航輝,千葉ロッテマリーンズ,CORNER_CATCHER,LF,,31.9,52,16,16,0.1,,20,-21,-21
MIDDLE_NEUTRAL_MINUS_CORNER_CATCHER|0.1|AGE_UNRESTRICTED|0020,0.1,AGE_UNRESTRICTED,,MIDDLE_NEUTRAL_MINUS_CORNER_CATCHER,61565135,菊池 涼介,広島東洋カープ,MIDDLE_NEUTRAL,2B,,31.8,72,-5,-5,53955150,モンテロ,広島東洋カープ,CORNER_CATCHER,1B,,31.9,49,19,3,0.1,,23,-24,-8
MIDDLE_NEUTRAL_MINUS_CORNER_CATCHER|0.1|AGE_UNRESTRICTED|0021,0.1,AGE_UNRESTRICTED,,MIDDLE_NEUTRAL_MINUS_CORNER_CATCHER,91695157,林 琢真,横浜DeNAベイスターズ,MIDDLE_NEUTRAL,2B,,32,82,-13,-8,11815130,宗 佑磨,オリックス・バファローズ,CORNER_CATCHER,3B,,31.9,76,-8,-8,0.1,,6,-5,0
MIDDLE_NEUTRAL_MINUS_CORNER_CATCHER|0.1|AGE_UNRESTRICTED|0022,0.1,AGE_UNRESTRICTED,,MIDDLE_NEUTRAL_MINUS_CORNER_CATCHER,91695157,林 琢真,横浜DeNAベイスターズ,MIDDLE_NEUTRAL,2B,,32,82,-13,-8,91895138,山口 航輝,千葉ロッテマリーンズ,CORNER_CATCHER,LF,,31.9,52,16,16,0.1,,30,-29,-24
MIDDLE_NEUTRAL_MINUS_CORNER_CATCHER|0.1|AGE_UNRESTRICTED|0023,0.1,AGE_UNRESTRICTED,,MIDDLE_NEUTRAL_MINUS_CORNER_CATCHER,91695157,林 琢真,横浜DeNAベイスターズ,MIDDLE_NEUTRAL,2B,,32,82,-13,-8,53955150,モンテロ,広島東洋カープ,CORNER_CATCHER,1B,,31.9,49,19,3,0.1,,33,-32,-11
MIDDLE_NEUTRAL_MINUS_CORNER_CATCHER|0.1|AGE_UNRESTRICTED|0024,0.1,AGE_UNRESTRICTED,,MIDDLE_NEUTRAL_MINUS_CORNER_CATCHER,91695157,林 琢真,横浜DeNAベイスターズ,MIDDLE_NEUTRAL,2B,,32,82,-13,-8,01705134,古賀 優大,東京ヤクルトスワローズ,CORNER_CATCHER,C,,32.1,46,24,24,0.1,,36,-37,-32
MIDDLE_NEUTRAL_MINUS_CORNER_CATCHER|0.1|AGE_UNRESTRICTED|0025,0.1,AGE_UNRESTRICTED,,MIDDLE_NEUTRAL_MINUS_CORNER_CATCHER,91695157,林 琢真,横浜DeNAベイスターズ,MIDDLE_NEUTRAL,2B,,32,82,-13,-8,31835133,柳田 悠岐,福岡ソフトバンクホークス,CORNER_CATCHER,LF,,32.1,67,3,3,0.1,,15,-16,-11
MIDDLE_NEUTRAL_MINUS_CORNER_CATCHER|0.1|AGE_UNRESTRICTED|0026,0.1,AGE_UNRESTRICTED,,MIDDLE_NEUTRAL_MINUS_CORNER_CATCHER,91695157,林 琢真,横浜DeNAベイスターズ,MIDDLE_NEUTRAL,2B,,32,82,-13,-8,41045153,佐藤 輝明,阪神タイガース,CORNER_CATCHER,3B,,32.1,68,2,2,0.1,,14,-15,-10
MIDDLE_NEUTRAL_MINUS_CORNER_CATCHER|0.1|AGE_UNRESTRICTED|0027,0.1,AGE_UNRESTRICTED,,MIDDLE_NEUTRAL_MINUS_CORNER_CATCHER,13115153,牧 秀悟,横浜DeNAベイスターズ,MIDDLE_NEUTRAL,2B,,31.6,67,-1,-1,41545136,清宮 幸太郎,北海道日本ハムファイターズ,CORNER_CATCHER,1B,,31.7,56,10,10,0.1,,11,-11,-11
MIDDLE_NEUTRAL_MINUS_CORNER_CATCHER|0.1|AGE_UNRESTRICTED|0028,0.1,AGE_UNRESTRICTED,,MIDDLE_NEUTRAL_MINUS_CORNER_CATCHER,13115153,牧 秀悟,横浜DeNAベイスターズ,MIDDLE_NEUTRAL,2B,,31.6,67,-1,-1,31435138,野村 佑希,北海道日本ハムファイターズ,CORNER_CATCHER,LF,,31.7,52,14,14,0.1,,15,-15,-15
MIDDLE_NEUTRAL_MINUS_CORNER_CATCHER|0.1|AGE_UNRESTRICTED|0029,0.1,AGE_UNRESTRICTED,,MIDDLE_NEUTRAL_MINUS_CORNER_CATCHER,13115153,牧 秀悟,横浜DeNAベイスターズ,MIDDLE_NEUTRAL,2B,,31.6,67,-1,-1,31135133,秋山 翔吾,広島東洋カープ,CORNER_CATCHER,LF,,31.6,77,-11,-10,0,,-10,10,9
MIDDLE_NEUTRAL_MINUS_CORNER_CATCHER|0.1|AGE_UNRESTRICTED|0030,0.1,AGE_UNRESTRICTED,,MIDDLE_NEUTRAL_MINUS_CORNER_CATCHER,73375134,吉川 尚輝,読売ジャイアンツ,MIDDLE_NEUTRAL,2B,,32.5,80,-6,-6,51055138,田宮 裕涼,北海道日本ハムファイターズ,CORNER_CATCHER,C,,32.4,68,5,5,0.1,,12,-11,-11
MIDDLE_NEUTRAL_MINUS_CORNER_CATCHER|0.1|AGE_UNRESTRICTED|0031,0.1,AGE_UNRESTRICTED,,MIDDLE_NEUTRAL_MINUS_CORNER_CATCHER,73375134,吉川 尚輝,読売ジャイアンツ,MIDDLE_NEUTRAL,2B,,32.5,80,-6,-6,11515139,岡 大海,千葉ロッテマリーンズ,CORNER_CATCHER,1B,,32.6,82,-7,-7,0.1,,-2,1,1
MIDDLE_NEUTRAL_MINUS_CORNER_CATCHER|0.1|AGE_UNRESTRICTED|0032,0.1,AGE_UNRESTRICTED,,MIDDLE_NEUTRAL_MINUS_CORNER_CATCHER,41445153,中野 拓夢,阪神タイガース,MIDDLE_NEUTRAL,2B,,32.9,75,2,2,81685157,福永 裕基,中日ドラゴンズ,CORNER_CATCHER,3B,,33,64,14,14,0.1,,11,-12,-12
MIDDLE_PREMIUM_MINUS_MIDDLE_NEUTRAL|0.2|AGE_UNRESTRICTED|0001,0.2,AGE_UNRESTRICTED,,MIDDLE_PREMIUM_MINUS_MIDDLE_NEUTRAL,51255138,中川 圭太,オリックス・バファローズ,MIDDLE_PREMIUM,CF,,32.6,74,1,1,21125134,石井 一成,埼玉西武ライオンズ,MIDDLE_NEUTRAL,2B,,32.6,79,-4,-4,0,,-5,5,5
MIDDLE_PREMIUM_MINUS_MIDDLE_NEUTRAL|0.2|AGE_UNRESTRICTED|0002,0.2,AGE_UNRESTRICTED,,MIDDLE_PREMIUM_MINUS_MIDDLE_NEUTRAL,51255138,中川 圭太,オリックス・バファローズ,MIDDLE_PREMIUM,CF,,32.6,74,1,1,73375134,吉川 尚輝,読売ジャイアンツ,MIDDLE_NEUTRAL,2B,,32.5,80,-6,-6,0.1,,-6,7,7
MIDDLE_PREMIUM_MINUS_MIDDLE_NEUTRAL|0.2|AGE_UNRESTRICTED|0003,0.2,AGE_UNRESTRICTED,,MIDDLE_PREMIUM_MINUS_MIDDLE_NEUTRAL,51955153,来田 涼斗,オリックス・バファローズ,MIDDLE_PREMIUM,RF,,32.4,85,-12,-12,41245130,外崎 修汰,埼玉西武ライオンズ,MIDDLE_NEUTRAL,2B,,32.3,68,4,4,0.1,,17,-16,-16
MIDDLE_PREMIUM_MINUS_MIDDLE_NEUTRAL|0.2|AGE_UNRESTRICTED|0004,0.2,AGE_UNRESTRICTED,,MIDDLE_PREMIUM_MINUS_MIDDLE_NEUTRAL,51955153,来田 涼斗,オリックス・バファローズ,MIDDLE_PREMIUM,RF,,32.4,85,-12,-12,21125134,石井 一成,埼玉西武ライオンズ,MIDDLE_NEUTRAL,2B,,32.6,79,-4,-4,0.2,,6,-8,-8
MIDDLE_PREMIUM_MINUS_MIDDLE_NEUTRAL|0.2|AGE_UNRESTRICTED|0005,0.2,AGE_UNRESTRICTED,,MIDDLE_PREMIUM_MINUS_MIDDLE_NEUTRAL,51955153,来田 涼斗,オリックス・バファローズ,MIDDLE_PREMIUM,RF,,32.4,85,-12,-12,73375134,吉川 尚輝,読売ジャイアンツ,MIDDLE_NEUTRAL,2B,,32.5,80,-6,-6,0.1,,5,-6,-6
MIDDLE_PREMIUM_MINUS_MIDDLE_NEUTRAL|0.2|AGE_UNRESTRICTED|0006,0.2,AGE_UNRESTRICTED,,MIDDLE_PREMIUM_MINUS_MIDDLE_NEUTRAL,91995151,紅林 弘太郎,オリックス・バファローズ,MIDDLE_PREMIUM,SS,,30.7,56,1,1,41645136,藤岡 裕大,千葉ロッテマリーンズ,MIDDLE_NEUTRAL,2B,,30.8,65,-7,-7,0.1,,-9,8,8
MIDDLE_PREMIUM_MINUS_MIDDLE_NEUTRAL|0.2|AGE_UNRESTRICTED|0007,0.2,AGE_UNRESTRICTED,,MIDDLE_PREMIUM_MINUS_MIDDLE_NEUTRAL,01305131,大島 洋平,中日ドラゴンズ,MIDDLE_PREMIUM,CF,,31.7,74,-8,-8,91395138,太田 椋,オリックス・バファローズ,MIDDLE_NEUTRAL,2B,,31.7,64,2,2,0,,10,-10,-10
MIDDLE_PREMIUM_MINUS_MIDDLE_NEUTRAL|0.2|AGE_UNRESTRICTED|0008,0.2,AGE_UNRESTRICTED,,MIDDLE_PREMIUM_MINUS_MIDDLE_NEUTRAL,01305131,大島 洋平,中日ドラゴンズ,MIDDLE_PREMIUM,CF,,31.7,74,-8,-8,91495130,西野 真弘,オリックス・バファローズ,MIDDLE_NEUTRAL,2B,,31.6,76,-10,-10,0.1,,-2,2,2
MIDDLE_PREMIUM_MINUS_MIDDLE_NEUTRAL|0.2|AGE_UNRESTRICTED|0009,0.2,AGE_UNRESTRICTED,,MIDDLE_PREMIUM_MINUS_MIDDLE_NEUTRAL,01305131,大島 洋平,中日ドラゴンズ,MIDDLE_PREMIUM,CF,,31.7,74,-8,-8,31435157,奈良間 大己,北海道日本ハムファイターズ,MIDDLE_NEUTRAL,2B,,31.7,64,2,3,0,,10,-10,-11
MIDDLE_PREMIUM_MINUS_MIDDLE_NEUTRAL|0.2|AGE_UNRESTRICTED|0010,0.2,AGE_UNRESTRICTED,,MIDDLE_PREMIUM_MINUS_MIDDLE_NEUTRAL,01305131,大島 洋平,中日ドラゴンズ,MIDDLE_PREMIUM,CF,,31.7,74,-8,-8,61565135,菊池 涼介,広島東洋カープ,MIDDLE_NEUTRAL,2B,,31.8,72,-5,-5,0.1,,2,-3,-3
MIDDLE_PREMIUM_MINUS_MIDDLE_NEUTRAL|0.2|AGE_UNRESTRICTED|0011,0.2,AGE_UNRESTRICTED,,MIDDLE_PREMIUM_MINUS_MIDDLE_NEUTRAL,01305131,大島 洋平,中日ドラゴンズ,MIDDLE_PREMIUM,CF,,31.7,74,-8,-8,13115153,牧 秀悟,横浜DeNAベイスターズ,MIDDLE_NEUTRAL,2B,,31.6,67,-1,-1,0.1,,7,-7,-7
MIDDLE_PREMIUM_MINUS_MIDDLE_NEUTRAL|0.2|AGE_UNRESTRICTED|0012,0.2,AGE_UNRESTRICTED,,MIDDLE_PREMIUM_MINUS_MIDDLE_NEUTRAL,81585151,岡林 勇希,中日ドラゴンズ,MIDDLE_PREMIUM,CF,,32.5,81,-7,-7,41245130,外崎 修汰,埼玉西武ライオンズ,MIDDLE_NEUTRAL,2B,,32.3,68,4,4,0.2,,13,-11,-11
MIDDLE_PREMIUM_MINUS_MIDDLE_NEUTRAL|0.2|AGE_UNRESTRICTED|0013,0.2,AGE_UNRESTRICTED,,MIDDLE_PREMIUM_MINUS_MIDDLE_NEUTRAL,81585151,岡林 勇希,中日ドラゴンズ,MIDDLE_PREMIUM,CF,,32.5,81,-7,-7,21125134,石井 一成,埼玉西武ライオンズ,MIDDLE_NEUTRAL,2B,,32.6,79,-4,-4,0.1,,2,-3,-3
MIDDLE_PREMIUM_MINUS_MIDDLE_NEUTRAL|0.2|AGE_UNRESTRICTED|0014,0.2,AGE_UNRESTRICTED,,MIDDLE_PREMIUM_MINUS_MIDDLE_NEUTRAL,81585151,岡林 勇希,中日ドラゴンズ,MIDDLE_PREMIUM,CF,,32.5,81,-7,-7,73375134,吉川 尚輝,読売ジャイアンツ,MIDDLE_NEUTRAL,2B,,32.5,80,-6,-6,0,,1,-1,-1
MIDDLE_PREMIUM_MINUS_MIDDLE_NEUTRAL|0.2|AGE_UNRESTRICTED|0015,0.2,AGE_UNRESTRICTED,,MIDDLE_PREMIUM_MINUS_MIDDLE_NEUTRAL,03105157,村松 開人,中日ドラゴンズ,MIDDLE_PREMIUM,SS,,33.4,80,2,2,21025157,田中 幹也,中日ドラゴンズ,MIDDLE_NEUTRAL,2B,,33.5,83,0,0,0.1,,-3,2,2
MIDDLE_PREMIUM_MINUS_MIDDLE_NEUTRAL|0.2|AGE_UNRESTRICTED|0016,0.2,AGE_UNRESTRICTED,,MIDDLE_PREMIUM_MINUS_MIDDLE_NEUTRAL,03105157,村松 開人,中日ドラゴンズ,MIDDLE_PREMIUM,SS,,33.4,80,2,2,11715153,小川 龍成,千葉ロッテマリーンズ,MIDDLE_NEUTRAL,2B,,33.4,86,-4,-4,0,,-6,6,6
MIDDLE_PREMIUM_MINUS_MIDDLE_NEUTRAL|0.2|AGE_UNRESTRICTED|0017,0.2,AGE_UNRESTRICTED,,MIDDLE_PREMIUM_MINUS_MIDDLE_NEUTRAL,03105157,村松 開人,中日ドラゴンズ,MIDDLE_PREMIUM,SS,,33.4,80,2,2,61465133,牧原 大成,福岡ソフトバンクホークス,MIDDLE_NEUTRAL,2B,,33.5,82,1,1,0.1,,-2,1,1
MIDDLE_PREMIUM_MINUS_MIDDLE_NEUTRAL|0.2|AGE_UNRESTRICTED|0018,0.2,AGE_UNRESTRICTED,,MIDDLE_PREMIUM_MINUS_MIDDLE_NEUTRAL,91395132,板山 祐太郎,中日ドラゴンズ,MIDDLE_PREMIUM,RF,,32,72,-3,-3,61565135,菊池 涼介,広島東洋カープ,MIDDLE_NEUTRAL,2B,,31.8,72,-5,-5,0.2,,0,2,2
MIDDLE_PREMIUM_MINUS_MIDDLE_NEUTRAL|0.2|AGE_UNRESTRICTED|0019,0.2,AGE_UNRESTRICTED,,MIDDLE_PREMIUM_MINUS_MIDDLE_NEUTRAL,91395132,板山 祐太郎,中日ドラゴンズ,MIDDLE_PREMIUM,RF,,32,72,-3,-3,91695157,林 琢真,横浜DeNAベイスターズ,MIDDLE_NEUTRAL,2B,,32,82,-13,-8,0,,-10,10,5
MIDDLE_PREMIUM_MINUS_MIDDLE_NEUTRAL|0.2|AGE_UNRESTRICTED|0020,0.2,AGE_UNRESTRICTED,,MIDDLE_PREMIUM_MINUS_MIDDLE_NEUTRAL,63165155,水野 達稀,北海道日本ハムファイターズ,MIDDLE_PREMIUM,SS,,33.4,71,11,11,21025157,田中 幹也,中日ドラゴンズ,MIDDLE_NEUTRAL,2B,,33.5,83,0,0,0.1,,-12,11,11
MIDDLE_PREMIUM_MINUS_MIDDLE_NEUTRAL|0.2|AGE_UNRESTRICTED|0021,0.2,AGE_UNRESTRICTED,,MIDDLE_PREMIUM_MINUS_MIDDLE_NEUTRAL,63165155,水野 達稀,北海道日本ハムファイターズ,MIDDLE_PREMIUM,SS,,33.4,71,11,11,11715153,小川 龍成,千葉ロッテマリーンズ,MIDDLE_NEUTRAL,2B,,33.4,86,-4,-4,0,,-15,15,15
MIDDLE_PREMIUM_MINUS_MIDDLE_NEUTRAL|0.2|AGE_UNRESTRICTED|0022,0.2,AGE_UNRESTRICTED,,MIDDLE_PREMIUM_MINUS_MIDDLE_NEUTRAL,63165155,水野 達稀,北海道日本ハムファイターズ,MIDDLE_PREMIUM,SS,,33.4,71,11,11,61465133,牧原 大成,福岡ソフトバンクホークス,MIDDLE_NEUTRAL,2B,,33.5,82,1,1,0.1,,-11,10,10
MIDDLE_PREMIUM_MINUS_MIDDLE_NEUTRAL|0.2|AGE_UNRESTRICTED|0023,0.2,AGE_UNRESTRICTED,,MIDDLE_PREMIUM_MINUS_MIDDLE_NEUTRAL,71275157,友杉 篤輝,千葉ロッテマリーンズ,MIDDLE_PREMIUM,SS,,32.7,87,-12,-12,21125134,石井 一成,埼玉西武ライオンズ,MIDDLE_NEUTRAL,2B,,32.6,79,-4,-4,0.1,,8,-8,-8
MIDDLE_PREMIUM_MINUS_MIDDLE_NEUTRAL|0.2|AGE_UNRESTRICTED|0024,0.2,AGE_UNRESTRICTED,,MIDDLE_PREMIUM_MINUS_MIDDLE_NEUTRAL,71275157,友杉 篤輝,千葉ロッテマリーンズ,MIDDLE_PREMIUM,SS,,32.7,87,-12,-12,73375134,吉川 尚輝,読売ジャイアンツ,MIDDLE_NEUTRAL,2B,,32.5,80,-6,-6,0.2,,7,-6,-6
MIDDLE_PREMIUM_MINUS_MIDDLE_NEUTRAL|0.2|AGE_UNRESTRICTED|0025,0.2,AGE_UNRESTRICTED,,MIDDLE_PREMIUM_MINUS_MIDDLE_NEUTRAL,71275157,友杉 篤輝,千葉ロッテマリーンズ,MIDDLE_PREMIUM,SS,,32.7,87,-12,-12,41445153,中野 拓夢,阪神タイガース,MIDDLE_NEUTRAL,2B,,32.9,75,2,2,0.2,,12,-14,-14
MIDDLE_PREMIUM_MINUS_MIDDLE_NEUTRAL|0.2|AGE_UNRESTRICTED|0026,0.2,AGE_UNRESTRICTED,,MIDDLE_PREMIUM_MINUS_MIDDLE_NEUTRAL,31635138,藤原 恭大,千葉ロッテマリーンズ,MIDDLE_PREMIUM,RF,,33,85,-7,-7,41445153,中野 拓夢,阪神タイガース,MIDDLE_NEUTRAL,2B,,32.9,75,2,2,0.1,,10,-9,-9
MIDDLE_PREMIUM_MINUS_MIDDLE_NEUTRAL|0.2|AGE_UNRESTRICTED|0027,0.2,AGE_UNRESTRICTED,,MIDDLE_PREMIUM_MINUS_MIDDLE_NEUTRAL,11215151,髙部 瑛斗,千葉ロッテマリーンズ,MIDDLE_PREMIUM,CF,,33.6,90,-7,-7,21025157,田中 幹也,中日ドラゴンズ,MIDDLE_NEUTRAL,2B,,33.5,83,0,0,0.1,,7,-7,-7
MIDDLE_PREMIUM_MINUS_MIDDLE_NEUTRAL|0.2|AGE_UNRESTRICTED|0028,0.2,AGE_UNRESTRICTED,,MIDDLE_PREMIUM_MINUS_MIDDLE_NEUTRAL,11215151,髙部 瑛斗,千葉ロッテマリーンズ,MIDDLE_PREMIUM,CF,,33.6,90,-7,-7,11715153,小川 龍成,千葉ロッテマリーンズ,MIDDLE_NEUTRAL,2B,,33.4,86,-4,-4,0.2,,4,-3,-3
MIDDLE_PREMIUM_MINUS_MIDDLE_NEUTRAL|0.2|AGE_UNRESTRICTED|0029,0.2,AGE_UNRESTRICTED,,MIDDLE_PREMIUM_MINUS_MIDDLE_NEUTRAL,11215151,髙部 瑛斗,千葉ロッテマリーンズ,MIDDLE_PREMIUM,CF,,33.6,90,-7,-7,61465133,牧原 大成,福岡ソフトバンクホークス,MIDDLE_NEUTRAL,2B,,33.5,82,1,1,0.1,,8,-8,-8
MIDDLE_PREMIUM_MINUS_MIDDLE_NEUTRAL|0.2|AGE_UNRESTRICTED|0030,0.2,AGE_UNRESTRICTED,,MIDDLE_PREMIUM_MINUS_MIDDLE_NEUTRAL,71775134,源田 壮亮,埼玉西武ライオンズ,MIDDLE_PREMIUM,SS,,32.9,80,-3,-3,41445153,中野 拓夢,阪神タイガース,MIDDLE_NEUTRAL,2B,,32.9,75,2,2,0,,5,-5,-5
MIDDLE_PREMIUM_MINUS_MIDDLE_NEUTRAL|0.2|AGE_UNRESTRICTED|0031,0.2,AGE_UNRESTRICTED,,MIDDLE_PREMIUM_MINUS_MIDDLE_NEUTRAL,51255155,滝澤 夏央,埼玉西武ライオンズ,MIDDLE_PREMIUM,SS,,33,85,-7,-7,41445153,中野 拓夢,阪神タイガース,MIDDLE_NEUTRAL,2B,,32.9,75,2,2,0.1,,10,-9,-9
MIDDLE_PREMIUM_MINUS_MIDDLE_NEUTRAL|0.2|AGE_UNRESTRICTED|0032,0.2,AGE_UNRESTRICTED,,MIDDLE_PREMIUM_MINUS_MIDDLE_NEUTRAL,01705138,小園 海斗,広島東洋カープ,MIDDLE_PREMIUM,SS,,31.5,79,-14,-14,91395138,太田 椋,オリックス・バファローズ,MIDDLE_NEUTRAL,2B,,31.7,64,2,2,0.2,,15,-16,-16
MIDDLE_PREMIUM_MINUS_MIDDLE_NEUTRAL|0.2|AGE_UNRESTRICTED|0033,0.2,AGE_UNRESTRICTED,,MIDDLE_PREMIUM_MINUS_MIDDLE_NEUTRAL,01705138,小園 海斗,広島東洋カープ,MIDDLE_PREMIUM,SS,,31.5,79,-14,-14,91495130,西野 真弘,オリックス・バファローズ,MIDDLE_NEUTRAL,2B,,31.6,76,-10,-10,0.1,,3,-4,-4
MIDDLE_PREMIUM_MINUS_MIDDLE_NEUTRAL|0.2|AGE_UNRESTRICTED|0034,0.2,AGE_UNRESTRICTED,,MIDDLE_PREMIUM_MINUS_MIDDLE_NEUTRAL,01705138,小園 海斗,広島東洋カープ,MIDDLE_PREMIUM,SS,,31.5,79,-14,-14,31435157,奈良間 大己,北海道日本ハムファイターズ,MIDDLE_NEUTRAL,2B,,31.7,64,2,3,0.2,,15,-16,-17
MIDDLE_PREMIUM_MINUS_MIDDLE_NEUTRAL|0.2|AGE_UNRESTRICTED|0035,0.2,AGE_UNRESTRICTED,,MIDDLE_PREMIUM_MINUS_MIDDLE_NEUTRAL,01705138,小園 海斗,広島東洋カープ,MIDDLE_PREMIUM,SS,,31.5,79,-14,-14,13115153,牧 秀悟,横浜DeNAベイスターズ,MIDDLE_NEUTRAL,2B,,31.6,67,-1,-1,0.1,,12,-13,-13
MIDDLE_PREMIUM_MINUS_MIDDLE_NEUTRAL|0.2|AGE_UNRESTRICTED|0036,0.2,AGE_UNRESTRICTED,,MIDDLE_PREMIUM_MINUS_MIDDLE_NEUTRAL,93395153,矢野 雅哉,広島東洋カープ,MIDDLE_PREMIUM,SS,,30.7,78,-21,-21,41645136,藤岡 裕大,千葉ロッテマリーンズ,MIDDLE_NEUTRAL,2B,,30.8,65,-7,-7,0.1,,13,-14,-14
MIDDLE_PREMIUM_MINUS_MIDDLE_NEUTRAL|0.2|AGE_UNRESTRICTED|0037,0.2,AGE_UNRESTRICTED,,MIDDLE_PREMIUM_MINUS_MIDDLE_NEUTRAL,01405130,野間 峻祥,広島東洋カープ,MIDDLE_PREMIUM,RF,,31.7,88,-22,-22,91395138,太田 椋,オリックス・バファローズ,MIDDLE_NEUTRAL,2B,,31.7,64,2,2,0,,24,-24,-24
MIDDLE_PREMIUM_MINUS_MIDDLE_NEUTRAL|0.2|AGE_UNRESTRICTED|0038,0.2,AGE_UNRESTRICTED,,MIDDLE_PREMIUM_MINUS_MIDDLE_NEUTRAL,01405130,野間 峻祥,広島東洋カープ,MIDDLE_PREMIUM,RF,,31.7,88,-22,-22,91495130,西野 真弘,オリックス・バファローズ,MIDDLE_NEUTRAL,2B,,31.6,76,-10,-10,0.1,,12,-12,-12
MIDDLE_PREMIUM_MINUS_MIDDLE_NEUTRAL|0.2|AGE_UNRESTRICTED|0039,0.2,AGE_UNRESTRICTED,,MIDDLE_PREMIUM_MINUS_MIDDLE_NEUTRAL,01405130,野間 峻祥,広島東洋カープ,MIDDLE_PREMIUM,RF,,31.7,88,-22,-22,31435157,奈良間 大己,北海道日本ハムファイターズ,MIDDLE_NEUTRAL,2B,,31.7,64,2,3,0,,24,-24,-25
MIDDLE_PREMIUM_MINUS_MIDDLE_NEUTRAL|0.2|AGE_UNRESTRICTED|0040,0.2,AGE_UNRESTRICTED,,MIDDLE_PREMIUM_MINUS_MIDDLE_NEUTRAL,01405130,野間 峻祥,広島東洋カープ,MIDDLE_PREMIUM,RF,,31.7,88,-22,-22,61565135,菊池 涼介,広島東洋カープ,MIDDLE_NEUTRAL,2B,,31.8,72,-5,-5,0.1,,16,-17,-17
MIDDLE_PREMIUM_MINUS_MIDDLE_NEUTRAL|0.2|AGE_UNRESTRICTED|0041,0.2,AGE_UNRESTRICTED,,MIDDLE_PREMIUM_MINUS_MIDDLE_NEUTRAL,01405130,野間 峻祥,広島東洋カープ,MIDDLE_PREMIUM,RF,,31.7,88,-22,-22,13115153,牧 秀悟,横浜DeNAベイスターズ,MIDDLE_NEUTRAL,2B,,31.6,67,-1,-1,0.1,,21,-21,-21
MIDDLE_PREMIUM_MINUS_MIDDLE_NEUTRAL|0.2|AGE_UNRESTRICTED|0042,0.2,AGE_UNRESTRICTED,,MIDDLE_PREMIUM_MINUS_MIDDLE_NEUTRAL,93195155,丸山 和郁,東京ヤクルトスワローズ,MIDDLE_PREMIUM,RF,,32.4,86,-13,-13,41245130,外崎 修汰,埼玉西武ライオンズ,MIDDLE_NEUTRAL,2B,,32.3,68,4,4,0.1,,18,-17,-17
MIDDLE_PREMIUM_MINUS_MIDDLE_NEUTRAL|0.2|AGE_UNRESTRICTED|0043,0.2,AGE_UNRESTRICTED,,MIDDLE_PREMIUM_MINUS_MIDDLE_NEUTRAL,93195155,丸山 和郁,東京ヤクルトスワローズ,MIDDLE_PREMIUM,RF,,32.4,86,-13,-13,21125134,石井 一成,埼玉西武ライオンズ,MIDDLE_NEUTRAL,2B,,32.6,79,-4,-4,0.2,,7,-9,-9
MIDDLE_PREMIUM_MINUS_MIDDLE_NEUTRAL|0.2|AGE_UNRESTRICTED|0044,0.2,AGE_UNRESTRICTED,,MIDDLE_PREMIUM_MINUS_MIDDLE_NEUTRAL,93195155,丸山 和郁,東京ヤクルトスワローズ,MIDDLE_PREMIUM,RF,,32.4,86,-13,-13,73375134,吉川 尚輝,読売ジャイアンツ,MIDDLE_NEUTRAL,2B,,32.5,80,-6,-6,0.1,,6,-7,-7
MIDDLE_PREMIUM_MINUS_MIDDLE_NEUTRAL|0.2|AGE_UNRESTRICTED|0045,0.2,AGE_UNRESTRICTED,,MIDDLE_PREMIUM_MINUS_MIDDLE_NEUTRAL,71975136,塩見 泰隆,東京ヤクルトスワローズ,MIDDLE_PREMIUM,RF,,32.3,83,-11,-11,41245130,外崎 修汰,埼玉西武ライオンズ,MIDDLE_NEUTRAL,2B,,32.3,68,4,4,0,,15,-15,-15
MIDDLE_PREMIUM_MINUS_MIDDLE_NEUTRAL|0.2|AGE_UNRESTRICTED|0046,0.2,AGE_UNRESTRICTED,,MIDDLE_PREMIUM_MINUS_MIDDLE_NEUTRAL,71975136,塩見 泰隆,東京ヤクルトスワローズ,MIDDLE_PREMIUM,RF,,32.3,83,-11,-11,73375134,吉川 尚輝,読売ジャイアンツ,MIDDLE_NEUTRAL,2B,,32.5,80,-6,-6,0.2,,3,-5,-5
MIDDLE_PREMIUM_MINUS_MIDDLE_NEUTRAL|0.2|AGE_UNRESTRICTED|0047,0.2,AGE_UNRESTRICTED,,MIDDLE_PREMIUM_MINUS_MIDDLE_NEUTRAL,51355155,岩田 幸宏,東京ヤクルトスワローズ,MIDDLE_PREMIUM,CF,,33.6,96,-13,-13,21025157,田中 幹也,中日ドラゴンズ,MIDDLE_NEUTRAL,2B,,33.5,83,0,0,0.1,,13,-13,-13
MIDDLE_PREMIUM_MINUS_MIDDLE_NEUTRAL|0.2|AGE_UNRESTRICTED|0048,0.2,AGE_UNRESTRICTED,,MIDDLE_PREMIUM_MINUS_MIDDLE_NEUTRAL,51355155,岩田 幸宏,東京ヤクルトスワローズ,MIDDLE_PREMIUM,CF,,33.6,96,-13,-13,11715153,小川 龍成,千葉ロッテマリーンズ,MIDDLE_NEUTRAL,2B,,33.4,86,-4,-4,0.2,,10,-9,-9
MIDDLE_PREMIUM_MINUS_MIDDLE_NEUTRAL|0.2|AGE_UNRESTRICTED|0049,0.2,AGE_UNRESTRICTED,,MIDDLE_PREMIUM_MINUS_MIDDLE_NEUTRAL,51355155,岩田 幸宏,東京ヤクルトスワローズ,MIDDLE_PREMIUM,CF,,33.6,96,-13,-13,61465133,牧原 大成,福岡ソフトバンクホークス,MIDDLE_NEUTRAL,2B,,33.5,82,1,1,0.1,,14,-14,-14
MIDDLE_PREMIUM_MINUS_MIDDLE_NEUTRAL|0.2|AGE_UNRESTRICTED|0050,0.2,AGE_UNRESTRICTED,,MIDDLE_PREMIUM_MINUS_MIDDLE_NEUTRAL,51455151,長岡 秀樹,東京ヤクルトスワローズ,MIDDLE_PREMIUM,SS,,31.6,58,8,8,91395138,太田 椋,オリックス・バファローズ,MIDDLE_NEUTRAL,2B,,31.7,64,2,2,0.1,,-6,6,6
MIDDLE_PREMIUM_MINUS_MIDDLE_NEUTRAL|0.2|AGE_UNRESTRICTED|0051,0.2,AGE_UNRESTRICTED,,MIDDLE_PREMIUM_MINUS_MIDDLE_NEUTRAL,51455151,長岡 秀樹,東京ヤクルトスワローズ,MIDDLE_PREMIUM,SS,,31.6,58,8,8,91495130,西野 真弘,オリックス・バファローズ,MIDDLE_NEUTRAL,2B,,31.6,76,-10,-10,0,,-18,18,18
MIDDLE_PREMIUM_MINUS_MIDDLE_NEUTRAL|0.2|AGE_UNRESTRICTED|0052,0.2,AGE_UNRESTRICTED,,MIDDLE_PREMIUM_MINUS_MIDDLE_NEUTRAL,51455151,長岡 秀樹,東京ヤクルトスワローズ,MIDDLE_PREMIUM,SS,,31.6,58,8,8,31435157,奈良間 大己,北海道日本ハムファイターズ,MIDDLE_NEUTRAL,2B,,31.7,64,2,3,0.1,,-6,6,5
MIDDLE_PREMIUM_MINUS_MIDDLE_NEUTRAL|0.2|AGE_UNRESTRICTED|0053,0.2,AGE_UNRESTRICTED,,MIDDLE_PREMIUM_MINUS_MIDDLE_NEUTRAL,51455151,長岡 秀樹,東京ヤクルトスワローズ,MIDDLE_PREMIUM,SS,,31.6,58,8,8,61565135,菊池 涼介,広島東洋カープ,MIDDLE_NEUTRAL,2B,,31.8,72,-5,-5,0.2,,-14,13,13
MIDDLE_PREMIUM_MINUS_MIDDLE_NEUTRAL|0.2|AGE_UNRESTRICTED|0054,0.2,AGE_UNRESTRICTED,,MIDDLE_PREMIUM_MINUS_MIDDLE_NEUTRAL,51455151,長岡 秀樹,東京ヤクルトスワローズ,MIDDLE_PREMIUM,SS,,31.6,58,8,8,13115153,牧 秀悟,横浜DeNAベイスターズ,MIDDLE_NEUTRAL,2B,,31.6,67,-1,-1,0,,-9,9,9
MIDDLE_PREMIUM_MINUS_MIDDLE_NEUTRAL|0.2|AGE_UNRESTRICTED|0055,0.2,AGE_UNRESTRICTED,,MIDDLE_PREMIUM_MINUS_MIDDLE_NEUTRAL,33535159,度会 隆輝,横浜DeNAベイスターズ,MIDDLE_PREMIUM,RF,,31.7,65,1,1,91395138,太田 椋,オリックス・バファローズ,MIDDLE_NEUTRAL,2B,,31.7,64,2,2,0,,1,-1,-1
MIDDLE_PREMIUM_MINUS_MIDDLE_NEUTRAL|0.2|AGE_UNRESTRICTED|0056,0.2,AGE_UNRESTRICTED,,MIDDLE_PREMIUM_MINUS_MIDDLE_NEUTRAL,33535159,度会 隆輝,横浜DeNAベイスターズ,MIDDLE_PREMIUM,RF,,31.7,65,1,1,91495130,西野 真弘,オリックス・バファローズ,MIDDLE_NEUTRAL,2B,,31.6,76,-10,-10,0.1,,-11,11,11
MIDDLE_PREMIUM_MINUS_MIDDLE_NEUTRAL|0.2|AGE_UNRESTRICTED|0057,0.2,AGE_UNRESTRICTED,,MIDDLE_PREMIUM_MINUS_MIDDLE_NEUTRAL,33535159,度会 隆輝,横浜DeNAベイスターズ,MIDDLE_PREMIUM,RF,,31.7,65,1,1,31435157,奈良間 大己,北海道日本ハムファイターズ,MIDDLE_NEUTRAL,2B,,31.7,64,2,3,0,,1,-1,-2
MIDDLE_PREMIUM_MINUS_MIDDLE_NEUTRAL|0.2|AGE_UNRESTRICTED|0058,0.2,AGE_UNRESTRICTED,,MIDDLE_PREMIUM_MINUS_MIDDLE_NEUTRAL,33535159,度会 隆輝,横浜DeNAベイスターズ,MIDDLE_PREMIUM,RF,,31.7,65,1,1,61565135,菊池 涼介,広島東洋カープ,MIDDLE_NEUTRAL,2B,,31.8,72,-5,-5,0.1,,-7,6,6
MIDDLE_PREMIUM_MINUS_MIDDLE_NEUTRAL|0.2|AGE_UNRESTRICTED|0059,0.2,AGE_UNRESTRICTED,,MIDDLE_PREMIUM_MINUS_MIDDLE_NEUTRAL,33535159,度会 隆輝,横浜DeNAベイスターズ,MIDDLE_PREMIUM,RF,,31.7,65,1,1,13115153,牧 秀悟,横浜DeNAベイスターズ,MIDDLE_NEUTRAL,2B,,31.6,67,-1,-1,0.1,,-2,2,2
MIDDLE_PREMIUM_MINUS_MIDDLE_NEUTRAL|0.2|AGE_UNRESTRICTED|0060,0.2,AGE_UNRESTRICTED,,MIDDLE_PREMIUM_MINUS_MIDDLE_NEUTRAL,51555155,梶原 昂希,横浜DeNAベイスターズ,MIDDLE_PREMIUM,CF,,33.4,90,-8,-8,21025157,田中 幹也,中日ドラゴンズ,MIDDLE_NEUTRAL,2B,,33.5,83,0,0,0.1,,7,-8,-8
MIDDLE_PREMIUM_MINUS_MIDDLE_NEUTRAL|0.2|AGE_UNRESTRICTED|0061,0.2,AGE_UNRESTRICTED,,MIDDLE_PREMIUM_MINUS_MIDDLE_NEUTRAL,51555155,梶原 昂希,横浜DeNAベイスターズ,MIDDLE_PREMIUM,CF,,33.4,90,-8,-8,11715153,小川 龍成,千葉ロッテマリーンズ,MIDDLE_NEUTRAL,2B,,33.4,86,-4,-4,0,,4,-4,-4
MIDDLE_PREMIUM_MINUS_MIDDLE_NEUTRAL|0.2|AGE_UNRESTRICTED|0062,0.2,AGE_UNRESTRICTED,,MIDDLE_PREMIUM_MINUS_MIDDLE_NEUTRAL,51555155,梶原 昂希,横浜DeNAベイスターズ,MIDDLE_PREMIUM,CF,,33.4,90,-8,-8,61465133,牧原 大成,福岡ソフトバンクホークス,MIDDLE_NEUTRAL,2B,,33.5,82,1,1,0.1,,8,-9,-9
MIDDLE_PREMIUM_MINUS_MIDDLE_NEUTRAL|0.2|AGE_UNRESTRICTED|0063,0.2,AGE_UNRESTRICTED,,MIDDLE_PREMIUM_MINUS_MIDDLE_NEUTRAL,51555151,蝦名 達夫,横浜DeNAベイスターズ,MIDDLE_PREMIUM,CF,,31.4,75,-11,-11,91495130,西野 真弘,オリックス・バファローズ,MIDDLE_NEUTRAL,2B,,31.6,76,-10,-10,0.2,,-1,-1,-1
MIDDLE_PREMIUM_MINUS_MIDDLE_NEUTRAL|0.2|AGE_UNRESTRICTED|0064,0.2,AGE_UNRESTRICTED,,MIDDLE_PREMIUM_MINUS_MIDDLE_NEUTRAL,51555151,蝦名 達夫,横浜DeNAベイスターズ,MIDDLE_PREMIUM,CF,,31.4,75,-11,-11,13115153,牧 秀悟,横浜DeNAベイスターズ,MIDDLE_NEUTRAL,2B,,31.6,67,-1,-1,0.2,,8,-10,-10
MIDDLE_PREMIUM_MINUS_MIDDLE_NEUTRAL|0.2|AGE_UNRESTRICTED|0065,0.2,AGE_UNRESTRICTED,,MIDDLE_PREMIUM_MINUS_MIDDLE_NEUTRAL,73175151,柳町 達,福岡ソフトバンクホークス,MIDDLE_PREMIUM,RF,,31.5,67,-2,-2,91395138,太田 椋,オリックス・バファローズ,MIDDLE_NEUTRAL,2B,,31.7,64,2,2,0.2,,3,-4,-4
MIDDLE_PREMIUM_MINUS_MIDDLE_NEUTRAL|0.2|AGE_UNRESTRICTED|0066,0.2,AGE_UNRESTRICTED,,MIDDLE_PREMIUM_MINUS_MIDDLE_NEUTRAL,73175151,柳町 達,福岡ソフトバンクホークス,MIDDLE_PREMIUM,RF,,31.5,67,-2,-2,91495130,西野 真弘,オリックス・バファローズ,MIDDLE_NEUTRAL,2B,,31.6,76,-10,-10,0.1,,-9,8,8
MIDDLE_PREMIUM_MINUS_MIDDLE_NEUTRAL|0.2|AGE_UNRESTRICTED|0067,0.2,AGE_UNRESTRICTED,,MIDDLE_PREMIUM_MINUS_MIDDLE_NEUTRAL,73175151,柳町 達,福岡ソフトバンクホークス,MIDDLE_PREMIUM,RF,,31.5,67,-2,-2,31435157,奈良間 大己,北海道日本ハムファイターズ,MIDDLE_NEUTRAL,2B,,31.7,64,2,3,0.2,,3,-4,-5
MIDDLE_PREMIUM_MINUS_MIDDLE_NEUTRAL|0.2|AGE_UNRESTRICTED|0068,0.2,AGE_UNRESTRICTED,,MIDDLE_PREMIUM_MINUS_MIDDLE_NEUTRAL,73175151,柳町 達,福岡ソフトバンクホークス,MIDDLE_PREMIUM,RF,,31.5,67,-2,-2,13115153,牧 秀悟,横浜DeNAベイスターズ,MIDDLE_NEUTRAL,2B,,31.6,67,-1,-1,0.1,,0,-1,-1
MIDDLE_PREMIUM_MINUS_MIDDLE_NEUTRAL|0.2|AGE_UNRESTRICTED|0069,0.2,AGE_UNRESTRICTED,,MIDDLE_PREMIUM_MINUS_MIDDLE_NEUTRAL,21425116,丸 佳浩,読売ジャイアンツ,MIDDLE_PREMIUM,RF,,31.4,65,-1,-1,91495130,西野 真弘,オリックス・バファローズ,MIDDLE_NEUTRAL,2B,,31.6,76,-10,-10,0.2,,-11,9,9
MIDDLE_PREMIUM_MINUS_MIDDLE_NEUTRAL|0.2|AGE_UNRESTRICTED|0070,0.2,AGE_UNRESTRICTED,,MIDDLE_PREMIUM_MINUS_MIDDLE_NEUTRAL,21425116,丸 佳浩,読売ジャイアンツ,MIDDLE_PREMIUM,RF,,31.4,65,-1,-1,13115153,牧 秀悟,横浜DeNAベイスターズ,MIDDLE_NEUTRAL,2B,,31.6,67,-1,-1,0.2,,-2,0,0
MIDDLE_PREMIUM_MINUS_MIDDLE_NEUTRAL|0.2|AGE_UNRESTRICTED|0071,0.2,AGE_UNRESTRICTED,,MIDDLE_PREMIUM_MINUS_MIDDLE_NEUTRAL,51955159,佐々木 俊輔,読売ジャイアンツ,MIDDLE_PREMIUM,CF,,33,76,2,2,41445153,中野 拓夢,阪神タイガース,MIDDLE_NEUTRAL,2B,,32.9,75,2,2,0.1,,1,0,0
MIDDLE_PREMIUM_MINUS_MIDDLE_NEUTRAL|0.2|AGE_UNRESTRICTED|0072,0.2,AGE_UNRESTRICTED,,MIDDLE_PREMIUM_MINUS_MIDDLE_NEUTRAL,21625135,松本 剛,読売ジャイアンツ,MIDDLE_PREMIUM,CF,,31.4,69,-5,-5,91495130,西野 真弘,オリックス・バファローズ,MIDDLE_NEUTRAL,2B,,31.6,76,-10,-10,0.2,,-7,5,5
MIDDLE_PREMIUM_MINUS_MIDDLE_NEUTRAL|0.2|AGE_UNRESTRICTED|0073,0.2,AGE_UNRESTRICTED,,MIDDLE_PREMIUM_MINUS_MIDDLE_NEUTRAL,21625135,松本 剛,読売ジャイアンツ,MIDDLE_PREMIUM,CF,,31.4,69,-5,-5,13115153,牧 秀悟,横浜DeNAベイスターズ,MIDDLE_NEUTRAL,2B,,31.6,67,-1,-1,0.2,,2,-4,-4
MIDDLE_PREMIUM_MINUS_MIDDLE_NEUTRAL|0.2|AGE_UNRESTRICTED|0074,0.2,AGE_UNRESTRICTED,,MIDDLE_PREMIUM_MINUS_MIDDLE_NEUTRAL,31535138,小幡 竜平,阪神タイガース,MIDDLE_PREMIUM,SS,,32.8,77,-1,-1,21125134,石井 一成,埼玉西武ライオンズ,MIDDLE_NEUTRAL,2B,,32.6,79,-4,-4,0.2,,-2,3,3
MIDDLE_PREMIUM_MINUS_MIDDLE_NEUTRAL|0.2|AGE_UNRESTRICTED|0075,0.2,AGE_UNRESTRICTED,,MIDDLE_PREMIUM_MINUS_MIDDLE_NEUTRAL,31535138,小幡 竜平,阪神タイガース,MIDDLE_PREMIUM,SS,,32.8,77,-1,-1,41445153,中野 拓夢,阪神タイガース,MIDDLE_NEUTRAL,2B,,32.9,75,2,2,0.1,,2,-3,-3
MIDDLE_PREMIUM_MINUS_CORNER_CATCHER|0.2|AGE_UNRESTRICTED|0001,0.2,AGE_UNRESTRICTED,,MIDDLE_PREMIUM_MINUS_CORNER_CATCHER,51255138,中川 圭太,オリックス・バファローズ,MIDDLE_PREMIUM,CF,,32.6,74,1,1,31835134,細川 成也,中日ドラゴンズ,CORNER_CATCHER,LF,,32.7,60,15,15,0.1,,14,-14,-14
MIDDLE_PREMIUM_MINUS_CORNER_CATCHER|0.2|AGE_UNRESTRICTED|0002,0.2,AGE_UNRESTRICTED,,MIDDLE_PREMIUM_MINUS_CORNER_CATCHER,51255138,中川 圭太,オリックス・バファローズ,MIDDLE_PREMIUM,CF,,32.6,74,1,1,51055138,田宮 裕涼,北海道日本ハムファイターズ,CORNER_CATCHER,C,,32.4,68,5,5,0.2,,6,-4,-4
MIDDLE_PREMIUM_MINUS_CORNER_CATCHER|0.2|AGE_UNRESTRICTED|0003,0.2,AGE_UNRESTRICTED,,MIDDLE_PREMIUM_MINUS_CORNER_CATCHER,51255138,中川 圭太,オリックス・バファローズ,MIDDLE_PREMIUM,CF,,32.6,74,1,1,21925151,郡司 裕也,北海道日本ハムファイターズ,CORNER_CATCHER,3B,,32.7,61,14,14,0.1,,13,-13,-13
MIDDLE_PREMIUM_MINUS_CORNER_CATCHER|0.2|AGE_UNRESTRICTED|0004,0.2,AGE_UNRESTRICTED,,MIDDLE_PREMIUM_MINUS_CORNER_CATCHER,51255138,中川 圭太,オリックス・バファローズ,MIDDLE_PREMIUM,CF,,32.6,74,1,1,11515139,岡 大海,千葉ロッテマリーンズ,CORNER_CATCHER,1B,,32.6,82,-7,-7,0,,-8,8,8
MIDDLE_PREMIUM_MINUS_CORNER_CATCHER|0.2|AGE_UNRESTRICTED|0005,0.2,AGE_UNRESTRICTED,,MIDDLE_PREMIUM_MINUS_CORNER_CATCHER,51955153,来田 涼斗,オリックス・バファローズ,MIDDLE_PREMIUM,RF,,32.4,85,-12,-12,51055138,田宮 裕涼,北海道日本ハムファイターズ,CORNER_CATCHER,C,,32.4,68,5,5,0,,17,-17,-17
MIDDLE_PREMIUM_MINUS_CORNER_CATCHER|0.2|AGE_UNRESTRICTED|0006,0.2,AGE_UNRESTRICTED,,MIDDLE_PREMIUM_MINUS_CORNER_CATCHER,51955153,来田 涼斗,オリックス・バファローズ,MIDDLE_PREMIUM,RF,,32.4,85,-12,-12,11515139,岡 大海,千葉ロッテマリーンズ,CORNER_CATCHER,1B,,32.6,82,-7,-7,0.2,,3,-5,-5
MIDDLE_PREMIUM_MINUS_CORNER_CATCHER|0.2|AGE_UNRESTRICTED|0007,0.2,AGE_UNRESTRICTED,,MIDDLE_PREMIUM_MINUS_CORNER_CATCHER,91995151,紅林 弘太郎,オリックス・バファローズ,MIDDLE_PREMIUM,SS,,30.7,56,1,1,41645139,若月 健矢,オリックス・バファローズ,CORNER_CATCHER,C,,30.7,48,9,9,0,,8,-8,-8
MIDDLE_PREMIUM_MINUS_CORNER_CATCHER|0.2|AGE_UNRESTRICTED|0008,0.2,AGE_UNRESTRICTED,,MIDDLE_PREMIUM_MINUS_CORNER_CATCHER,91995151,紅林 弘太郎,オリックス・バファローズ,MIDDLE_PREMIUM,SS,,30.7,56,1,1,91195151,石川 昂弥,中日ドラゴンズ,CORNER_CATCHER,3B,,30.6,41,16,16,0.1,,15,-15,-15
MIDDLE_PREMIUM_MINUS_CORNER_CATCHER|0.2|AGE_UNRESTRICTED|0009,0.2,AGE_UNRESTRICTED,,MIDDLE_PREMIUM_MINUS_CORNER_CATCHER,91995151,紅林 弘太郎,オリックス・バファローズ,MIDDLE_PREMIUM,SS,,30.7,56,1,1,81785155,古賀 悠斗,埼玉西武ライオンズ,CORNER_CATCHER,C,,30.6,47,10,10,0.1,,9,-9,-9
MIDDLE_PREMIUM_MINUS_CORNER_CATCHER|0.2|AGE_UNRESTRICTED|0010,0.2,AGE_UNRESTRICTED,,MIDDLE_PREMIUM_MINUS_CORNER_CATCHER,91995151,紅林 弘太郎,オリックス・バファローズ,MIDDLE_PREMIUM,SS,,30.7,56,1,1,11915134,坂倉 将吾,広島東洋カープ,CORNER_CATCHER,1B,,30.6,68,-11,-11,0.1,,-12,12,12
MIDDLE_PREMIUM_MINUS_CORNER_CATCHER|0.2|AGE_UNRESTRICTED|0011,0.2,AGE_UNRESTRICTED,,MIDDLE_PREMIUM_MINUS_CORNER_CATCHER,91995151,紅林 弘太郎,オリックス・バファローズ,MIDDLE_PREMIUM,SS,,30.7,56,1,1,53755153,サンタナ,東京ヤクルトスワローズ,CORNER_CATCHER,LF,,30.8,47,11,11,0.1,,9,-10,-10
MIDDLE_PREMIUM_MINUS_CORNER_CATCHER|0.2|AGE_UNRESTRICTED|0012,0.2,AGE_UNRESTRICTED,,MIDDLE_PREMIUM_MINUS_CORNER_CATCHER,91995151,紅林 弘太郎,オリックス・バファローズ,MIDDLE_PREMIUM,SS,,30.7,56,1,1,71375138,太田 光,東北楽天ゴールデンイーグルス,CORNER_CATCHER,C,,30.5,44,12,12,0.2,,12,-11,-11
MIDDLE_PREMIUM_MINUS_CORNER_CATCHER|0.2|AGE_UNRESTRICTED|0013,0.2,AGE_UNRESTRICTED,,MIDDLE_PREMIUM_MINUS_CORNER_CATCHER,91995151,紅林 弘太郎,オリックス・バファローズ,MIDDLE_PREMIUM,SS,,30.7,56,1,1,51155118,浅村 栄斗,東北楽天ゴールデンイーグルス,CORNER_CATCHER,1B,,30.5,35,21,21,0.2,,21,-20,-20
MIDDLE_PREMIUM_MINUS_CORNER_CATCHER|0.2|AGE_UNRESTRICTED|0014,0.2,AGE_UNRESTRICTED,,MIDDLE_PREMIUM_MINUS_CORNER_CATCHER,91995151,紅林 弘太郎,オリックス・バファローズ,MIDDLE_PREMIUM,SS,,30.7,56,1,1,91995134,佐野 恵太,横浜DeNAベイスターズ,CORNER_CATCHER,1B,,30.6,48,9,9,0.1,,8,-8,-8
MIDDLE_PREMIUM_MINUS_CORNER_CATCHER|0.2|AGE_UNRESTRICTED|0015,0.2,AGE_UNRESTRICTED,,MIDDLE_PREMIUM_MINUS_CORNER_CATCHER,91995151,紅林 弘太郎,オリックス・バファローズ,MIDDLE_PREMIUM,SS,,30.7,56,1,1,21325134,大山 悠輔,阪神タイガース,CORNER_CATCHER,1B,,30.5,58,-2,-2,0.2,,-2,3,3
MIDDLE_PREMIUM_MINUS_CORNER_CATCHER|0.2|AGE_UNRESTRICTED|0016,0.2,AGE_UNRESTRICTED,,MIDDLE_PREMIUM_MINUS_CORNER_CATCHER,91995151,紅林 弘太郎,オリックス・バファローズ,MIDDLE_PREMIUM,SS,,30.7,56,1,1,21325139,梅野 隆太郎,阪神タイガース,CORNER_CATCHER,C,,30.6,57,0,0,0.1,,-1,1,1
MIDDLE_PREMIUM_MINUS_CORNER_CATCHER|0.2|AGE_UNRESTRICTED|0017,0.2,AGE_UNRESTRICTED,,MIDDLE_PREMIUM_MINUS_CORNER_CATCHER,93795157,カリステ,中日ドラゴンズ,MIDDLE_PREMIUM,RF,,31.3,82,-19,-18,91495139,森 友哉,オリックス・バファローズ,CORNER_CATCHER,C,,31.2,65,-3,-3,0.1,,17,-16,-15
MIDDLE_PREMIUM_MINUS_CORNER_CATCHER|0.2|AGE_UNRESTRICTED|0018,0.2,AGE_UNRESTRICTED,,MIDDLE_PREMIUM_MINUS_CORNER_CATCHER,93795157,カリステ,中日ドラゴンズ,MIDDLE_PREMIUM,RF,,31.3,82,-19,-18,71475132,西川 龍馬,オリックス・バファローズ,CORNER_CATCHER,LF,,31.1,72,-11,-11,0.2,,10,-8,-7
MIDDLE_PREMIUM_MINUS_CORNER_CATCHER|0.2|AGE_UNRESTRICTED|0019,0.2,AGE_UNRESTRICTED,,MIDDLE_PREMIUM_MINUS_CORNER_CATCHER,93795157,カリステ,中日ドラゴンズ,MIDDLE_PREMIUM,RF,,31.3,82,-19,-18,63065155,ポランコ,千葉ロッテマリーンズ,CORNER_CATCHER,LF,,31.1,63,-2,0,0.2,,19,-17,-18
MIDDLE_PREMIUM_MINUS_CORNER_CATCHER|0.2|AGE_UNRESTRICTED|0020,0.2,AGE_UNRESTRICTED,,MIDDLE_PREMIUM_MINUS_CORNER_CATCHER,93795157,カリステ,中日ドラゴンズ,MIDDLE_PREMIUM,RF,,31.3,82,-19,-18,71075151,佐藤 都志也,千葉ロッテマリーンズ,CORNER_CATCHER,C,,31.3,71,-8,-8,0,,11,-11,-10
MIDDLE_PREMIUM_MINUS_CORNER_CATCHER|0.2|AGE_UNRESTRICTED|0021,0.2,AGE_UNRESTRICTED,,MIDDLE_PREMIUM_MINUS_CORNER_CATCHER,93795157,カリステ,中日ドラゴンズ,MIDDLE_PREMIUM,RF,,31.3,82,-19,-18,43745150,ファビアン,広島東洋カープ,CORNER_CATCHER,LF,,31.4,61,3,3,0.1,,21,-22,-21
MIDDLE_PREMIUM_MINUS_CORNER_CATCHER|0.2|AGE_UNRESTRICTED|0022,0.2,AGE_UNRESTRICTED,,MIDDLE_PREMIUM_MINUS_CORNER_CATCHER,93795157,カリステ,中日ドラゴンズ,MIDDLE_PREMIUM,RF,,31.3,82,-19,-18,01705130,栗原 陵矢,福岡ソフトバンクホークス,CORNER_CATCHER,3B,,31.3,59,4,4,0,,23,-23,-22
MIDDLE_PREMIUM_MINUS_CORNER_CATCHER|0.2|AGE_UNRESTRICTED|0023,0.2,AGE_UNRESTRICTED,,MIDDLE_PREMIUM_MINUS_CORNER_CATCHER,93795157,カリステ,中日ドラゴンズ,MIDDLE_PREMIUM,RF,,31.3,82,-19,-18,81885155,正木 智也,福岡ソフトバンクホークス,CORNER_CATCHER,1B,,31.1,48,13,13,0.2,,34,-32,-31
MIDDLE_PREMIUM_MINUS_CORNER_CATCHER|0.2|AGE_UNRESTRICTED|0024,0.2,AGE_UNRESTRICTED,,MIDDLE_PREMIUM_MINUS_CORNER_CATCHER,93795157,カリステ,中日ドラゴンズ,MIDDLE_PREMIUM,RF,,31.3,82,-19,-18,41745135,近藤 健介,福岡ソフトバンクホークス,CORNER_CATCHER,LF,,31.2,64,-2,-2,0.1,,18,-17,-16
MIDDLE_PREMIUM_MINUS_CORNER_CATCHER|0.2|AGE_UNRESTRICTED|0025,0.2,AGE_UNRESTRICTED,,MIDDLE_PREMIUM_MINUS_CORNER_CATCHER,51455153,土田 龍空,中日ドラゴンズ,MIDDLE_PREMIUM,CF,,31.2,66,-4,-4,91495139,森 友哉,オリックス・バファローズ,CORNER_CATCHER,C,,31.2,65,-3,-3,0,,1,-1,-1
MIDDLE_PREMIUM_MINUS_CORNER_CATCHER|0.2|AGE_UNRESTRICTED|0026,0.2,AGE_UNRESTRICTED,,MIDDLE_PREMIUM_MINUS_CORNER_CATCHER,51455153,土田 龍空,中日ドラゴンズ,MIDDLE_PREMIUM,CF,,31.2,66,-4,-4,71475132,西川 龍馬,オリックス・バファローズ,CORNER_CATCHER,LF,,31.1,72,-11,-11,0.1,,-6,7,7
MIDDLE_PREMIUM_MINUS_CORNER_CATCHER|0.2|AGE_UNRESTRICTED|0027,0.2,AGE_UNRESTRICTED,,MIDDLE_PREMIUM_MINUS_CORNER_CATCHER,51455153,土田 龍空,中日ドラゴンズ,MIDDLE_PREMIUM,CF,,31.2,66,-4,-4,63065155,ポランコ,千葉ロッテマリーンズ,CORNER_CATCHER,LF,,31.1,63,-2,0,0.1,,3,-2,-4
MIDDLE_PREMIUM_MINUS_CORNER_CATCHER|0.2|AGE_UNRESTRICTED|0028,0.2,AGE_UNRESTRICTED,,MIDDLE_PREMIUM_MINUS_CORNER_CATCHER,51455153,土田 龍空,中日ドラゴンズ,MIDDLE_PREMIUM,CF,,31.2,66,-4,-4,71075151,佐藤 都志也,千葉ロッテマリーンズ,CORNER_CATCHER,C,,31.3,71,-8,-8,0.1,,-5,4,4
MIDDLE_PREMIUM_MINUS_CORNER_CATCHER|0.2|AGE_UNRESTRICTED|0029,0.2,AGE_UNRESTRICTED,,MIDDLE_PREMIUM_MINUS_CORNER_CATCHER,51455153,土田 龍空,中日ドラゴンズ,MIDDLE_PREMIUM,CF,,31.2,66,-4,-4,43745150,ファビアン,広島東洋カープ,CORNER_CATCHER,LF,,31.4,61,3,3,0.2,,5,-7,-7
MIDDLE_PREMIUM_MINUS_CORNER_CATCHER|0.2|AGE_UNRESTRICTED|0030,0.2,AGE_UNRESTRICTED,,MIDDLE_PREMIUM_MINUS_CORNER_CATCHER,51455153,土田 龍空,中日ドラゴンズ,MIDDLE_PREMIUM,CF,,31.2,66,-4,-4,23125136,山本 祐大,横浜DeNAベイスターズ,CORNER_CATCHER,C,,31,61,-1,-1,0.2,,5,-3,-3
MIDDLE_PREMIUM_MINUS_CORNER_CATCHER|0.2|AGE_UNRESTRICTED|0031,0.2,AGE_UNRESTRICTED,,MIDDLE_PREMIUM_MINUS_CORNER_CATCHER,51455153,土田 龍空,中日ドラゴンズ,MIDDLE_PREMIUM,CF,,31.2,66,-4,-4,01705130,栗原 陵矢,福岡ソフトバンクホークス,CORNER_CATCHER,3B,,31.3,59,4,4,0.1,,7,-8,-8
MIDDLE_PREMIUM_MINUS_CORNER_CATCHER|0.2|AGE_UNRESTRICTED|0032,0.2,AGE_UNRESTRICTED,,MIDDLE_PREMIUM_MINUS_CORNER_CATCHER,51455153,土田 龍空,中日ドラゴンズ,MIDDLE_PREMIUM,CF,,31.2,66,-4,-4,81885155,正木 智也,福岡ソフトバンクホークス,CORNER_CATCHER,1B,,31.1,48,13,13,0.1,,18,-17,-17
MIDDLE_PREMIUM_MINUS_CORNER_CATCHER|0.2|AGE_UNRESTRICTED|0033,0.2,AGE_UNRESTRICTED,,MIDDLE_PREMIUM_MINUS_CORNER_CATCHER,51455153,土田 龍空,中日ドラゴンズ,MIDDLE_PREMIUM,CF,,31.2,66,-4,-4,41745135,近藤 健介,福岡ソフトバンクホークス,CORNER_CATCHER,LF,,31.2,64,-2,-2,0,,2,-2,-2
MIDDLE_PREMIUM_MINUS_CORNER_CATCHER|0.2|AGE_UNRESTRICTED|0034,0.2,AGE_UNRESTRICTED,,MIDDLE_PREMIUM_MINUS_CORNER_CATCHER,01305131,大島 洋平,中日ドラゴンズ,MIDDLE_PREMIUM,CF,,31.7,74,-8,-8,11815130,宗 佑磨,オリックス・バファローズ,CORNER_CATCHER,3B,,31.9,76,-8,-8,0.2,,-2,0,0
MIDDLE_PREMIUM_MINUS_CORNER_CATCHER|0.2|AGE_UNRESTRICTED|0035,0.2,AGE_UNRESTRICTED,,MIDDLE_PREMIUM_MINUS_CORNER_CATCHER,01305131,大島 洋平,中日ドラゴンズ,MIDDLE_PREMIUM,CF,,31.7,74,-8,-8,41545136,清宮 幸太郎,北海道日本ハムファイターズ,CORNER_CATCHER,1B,,31.7,56,10,10,0,,18,-18,-18
MIDDLE_PREMIUM_MINUS_CORNER_CATCHER|0.2|AGE_UNRESTRICTED|0036,0.2,AGE_UNRESTRICTED,,MIDDLE_PREMIUM_MINUS_CORNER_CATCHER,01305131,大島 洋平,中日ドラゴンズ,MIDDLE_PREMIUM,CF,,31.7,74,-8,-8,31435138,野村 佑希,北海道日本ハムファイターズ,CORNER_CATCHER,LF,,31.7,52,14,14,0,,22,-22,-22
MIDDLE_PREMIUM_MINUS_CORNER_CATCHER|0.2|AGE_UNRESTRICTED|0037,0.2,AGE_UNRESTRICTED,,MIDDLE_PREMIUM_MINUS_CORNER_CATCHER,01305131,大島 洋平,中日ドラゴンズ,MIDDLE_PREMIUM,CF,,31.7,74,-8,-8,91895138,山口 航輝,千葉ロッテマリーンズ,CORNER_CATCHER,LF,,31.9,52,16,16,0.2,,22,-24,-24
MIDDLE_PREMIUM_MINUS_CORNER_CATCHER|0.2|AGE_UNRESTRICTED|0038,0.2,AGE_UNRESTRICTED,,MIDDLE_PREMIUM_MINUS_CORNER_CATCHER,01305131,大島 洋平,中日ドラゴンズ,MIDDLE_PREMIUM,CF,,31.7,74,-8,-8,53955150,モンテロ,広島東洋カープ,CORNER_CATCHER,1B,,31.9,49,19,3,0.2,,25,-27,-11
MIDDLE_PREMIUM_MINUS_CORNER_CATCHER|0.2|AGE_UNRESTRICTED|0039,0.2,AGE_UNRESTRICTED,,MIDDLE_PREMIUM_MINUS_CORNER_CATCHER,01305131,大島 洋平,中日ドラゴンズ,MIDDLE_PREMIUM,CF,,31.7,74,-8,-8,31135133,秋山 翔吾,広島東洋カープ,CORNER_CATCHER,LF,,31.6,77,-11,-10,0.1,,-3,3,2
MIDDLE_PREMIUM_MINUS_CORNER_CATCHER|0.2|AGE_UNRESTRICTED|0040,0.2,AGE_UNRESTRICTED,,MIDDLE_PREMIUM_MINUS_CORNER_CATCHER,81585151,岡林 勇希,中日ドラゴンズ,MIDDLE_PREMIUM,CF,,32.5,81,-7,-7,31835134,細川 成也,中日ドラゴンズ,CORNER_CATCHER,LF,,32.7,60,15,15,0.2,,21,-22,-22
MIDDLE_PREMIUM_MINUS_CORNER_CATCHER|0.2|AGE_UNRESTRICTED|0041,0.2,AGE_UNRESTRICTED,,MIDDLE_PREMIUM_MINUS_CORNER_CATCHER,81585151,岡林 勇希,中日ドラゴンズ,MIDDLE_PREMIUM,CF,,32.5,81,-7,-7,51055138,田宮 裕涼,北海道日本ハムファイターズ,CORNER_CATCHER,C,,32.4,68,5,5,0.1,,13,-12,-12
MIDDLE_PREMIUM_MINUS_CORNER_CATCHER|0.2|AGE_UNRESTRICTED|0042,0.2,AGE_UNRESTRICTED,,MIDDLE_PREMIUM_MINUS_CORNER_CATCHER,81585151,岡林 勇希,中日ドラゴンズ,MIDDLE_PREMIUM,CF,,32.5,81,-7,-7,21925151,郡司 裕也,北海道日本ハムファイターズ,CORNER_CATCHER,3B,,32.7,61,14,14,0.2,,20,-21,-21
MIDDLE_PREMIUM_MINUS_CORNER_CATCHER|0.2|AGE_UNRESTRICTED|0043,0.2,AGE_UNRESTRICTED,,MIDDLE_PREMIUM_MINUS_CORNER_CATCHER,81585151,岡林 勇希,中日ドラゴンズ,MIDDLE_PREMIUM,CF,,32.5,81,-7,-7,11515139,岡 大海,千葉ロッテマリーンズ,CORNER_CATCHER,1B,,32.6,82,-7,-7,0.1,,-1,0,0
MIDDLE_PREMIUM_MINUS_CORNER_CATCHER|0.2|AGE_UNRESTRICTED|0044,0.2,AGE_UNRESTRICTED,,MIDDLE_PREMIUM_MINUS_CORNER_CATCHER,91395132,板山 祐太郎,中日ドラゴンズ,MIDDLE_PREMIUM,RF,,32,72,-3,-3,11815130,宗 佑磨,オリックス・バファローズ,CORNER_CATCHER,3B,,31.9,76,-8,-8,0.1,,-4,5,5
MIDDLE_PREMIUM_MINUS_CORNER_CATCHER|0.2|AGE_UNRESTRICTED|0045,0.2,AGE_UNRESTRICTED,,MIDDLE_PREMIUM_MINUS_CORNER_CATCHER,91395132,板山 祐太郎,中日ドラゴンズ,MIDDLE_PREMIUM,RF,,32,72,-3,-3,91895138,山口 航輝,千葉ロッテマリーンズ,CORNER_CATCHER,LF,,31.9,52,16,16,0.1,,20,-19,-19
MIDDLE_PREMIUM_MINUS_CORNER_CATCHER|0.2|AGE_UNRESTRICTED|0046,0.2,AGE_UNRESTRICTED,,MIDDLE_PREMIUM_MINUS_CORNER_CATCHER,91395132,板山 祐太郎,中日ドラゴンズ,MIDDLE_PREMIUM,RF,,32,72,-3,-3,53955150,モンテロ,広島東洋カープ,CORNER_CATCHER,1B,,31.9,49,19,3,0.1,,23,-22,-6
MIDDLE_PREMIUM_MINUS_CORNER_CATCHER|0.2|AGE_UNRESTRICTED|0047,0.2,AGE_UNRESTRICTED,,MIDDLE_PREMIUM_MINUS_CORNER_CATCHER,91395132,板山 祐太郎,中日ドラゴンズ,MIDDLE_PREMIUM,RF,,32,72,-3,-3,01705134,古賀 優大,東京ヤクルトスワローズ,CORNER_CATCHER,C,,32.1,46,24,24,0.1,,26,-27,-27
MIDDLE_PREMIUM_MINUS_CORNER_CATCHER|0.2|AGE_UNRESTRICTED|0048,0.2,AGE_UNRESTRICTED,,MIDDLE_PREMIUM_MINUS_CORNER_CATCHER,91395132,板山 祐太郎,中日ドラゴンズ,MIDDLE_PREMIUM,RF,,32,72,-3,-3,31835133,柳田 悠岐,福岡ソフトバンクホークス,CORNER_CATCHER,LF,,32.1,67,3,3,0.1,,5,-6,-6
MIDDLE_PREMIUM_MINUS_CORNER_CATCHER|0.2|AGE_UNRESTRICTED|0049,0.2,AGE_UNRESTRICTED,,MIDDLE_PREMIUM_MINUS_CORNER_CATCHER,91395132,板山 祐太郎,中日ドラゴンズ,MIDDLE_PREMIUM,RF,,32,72,-3,-3,41045153,佐藤 輝明,阪神タイガース,CORNER_CATCHER,3B,,32.1,68,2,2,0.1,,4,-5,-5
MIDDLE_PREMIUM_MINUS_CORNER_CATCHER|0.2|AGE_UNRESTRICTED|0050,0.2,AGE_UNRESTRICTED,,MIDDLE_PREMIUM_MINUS_CORNER_CATCHER,71275157,友杉 篤輝,千葉ロッテマリーンズ,MIDDLE_PREMIUM,SS,,32.7,87,-12,-12,31835134,細川 成也,中日ドラゴンズ,CORNER_CATCHER,LF,,32.7,60,15,15,0,,27,-27,-27
MIDDLE_PREMIUM_MINUS_CORNER_CATCHER|0.2|AGE_UNRESTRICTED|0051,0.2,AGE_UNRESTRICTED,,MIDDLE_PREMIUM_MINUS_CORNER_CATCHER,71275157,友杉 篤輝,千葉ロッテマリーンズ,MIDDLE_PREMIUM,SS,,32.7,87,-12,-12,21925151,郡司 裕也,北海道日本ハムファイターズ,CORNER_CATCHER,3B,,32.7,61,14,14,0,,26,-26,-26
MIDDLE_PREMIUM_MINUS_CORNER_CATCHER|0.2|AGE_UNRESTRICTED|0052,0.2,AGE_UNRESTRICTED,,MIDDLE_PREMIUM_MINUS_CORNER_CATCHER,71275157,友杉 篤輝,千葉ロッテマリーンズ,MIDDLE_PREMIUM,SS,,32.7,87,-12,-12,11515139,岡 大海,千葉ロッテマリーンズ,CORNER_CATCHER,1B,,32.6,82,-7,-7,0.1,,5,-5,-5
MIDDLE_PREMIUM_MINUS_CORNER_CATCHER|0.2|AGE_UNRESTRICTED|0053,0.2,AGE_UNRESTRICTED,,MIDDLE_PREMIUM_MINUS_CORNER_CATCHER,31635138,藤原 恭大,千葉ロッテマリーンズ,MIDDLE_PREMIUM,RF,,33,85,-7,-7,81685157,福永 裕基,中日ドラゴンズ,CORNER_CATCHER,3B,,33,64,14,14,0,,21,-21,-21
MIDDLE_PREMIUM_MINUS_CORNER_CATCHER|0.2|AGE_UNRESTRICTED|0054,0.2,AGE_UNRESTRICTED,,MIDDLE_PREMIUM_MINUS_CORNER_CATCHER,71775134,源田 壮亮,埼玉西武ライオンズ,MIDDLE_PREMIUM,SS,,32.9,80,-3,-3,81685157,福永 裕基,中日ドラゴンズ,CORNER_CATCHER,3B,,33,64,14,14,0.1,,16,-17,-17
MIDDLE_PREMIUM_MINUS_CORNER_CATCHER|0.2|AGE_UNRESTRICTED|0055,0.2,AGE_UNRESTRICTED,,MIDDLE_PREMIUM_MINUS_CORNER_CATCHER,71775134,源田 壮亮,埼玉西武ライオンズ,MIDDLE_PREMIUM,SS,,32.9,80,-3,-3,31835134,細川 成也,中日ドラゴンズ,CORNER_CATCHER,LF,,32.7,60,15,15,0.2,,20,-18,-18
MIDDLE_PREMIUM_MINUS_CORNER_CATCHER|0.2|AGE_UNRESTRICTED|0056,0.2,AGE_UNRESTRICTED,,MIDDLE_PREMIUM_MINUS_CORNER_CATCHER,71775134,源田 壮亮,埼玉西武ライオンズ,MIDDLE_PREMIUM,SS,,32.9,80,-3,-3,21925151,郡司 裕也,北海道日本ハムファイターズ,CORNER_CATCHER,3B,,32.7,61,14,14,0.2,,19,-17,-17
MIDDLE_PREMIUM_MINUS_CORNER_CATCHER|0.2|AGE_UNRESTRICTED|0057,0.2,AGE_UNRESTRICTED,,MIDDLE_PREMIUM_MINUS_CORNER_CATCHER,51255155,滝澤 夏央,埼玉西武ライオンズ,MIDDLE_PREMIUM,SS,,33,85,-7,-7,81685157,福永 裕基,中日ドラゴンズ,CORNER_CATCHER,3B,,33,64,14,14,0,,21,-21,-21
MIDDLE_PREMIUM_MINUS_CORNER_CATCHER|0.2|AGE_UNRESTRICTED|0058,0.2,AGE_UNRESTRICTED,,MIDDLE_PREMIUM_MINUS_CORNER_CATCHER,01705138,小園 海斗,広島東洋カープ,MIDDLE_PREMIUM,SS,,31.5,79,-14,-14,41545136,清宮 幸太郎,北海道日本ハムファイターズ,CORNER_CATCHER,1B,,31.7,56,10,10,0.2,,23,-24,-24
MIDDLE_PREMIUM_MINUS_CORNER_CATCHER|0.2|AGE_UNRESTRICTED|0059,0.2,AGE_UNRESTRICTED,,MIDDLE_PREMIUM_MINUS_CORNER_CATCHER,01705138,小園 海斗,広島東洋カープ,MIDDLE_PREMIUM,SS,,31.5,79,-14,-14,31435138,野村 佑希,北海道日本ハムファイターズ,CORNER_CATCHER,LF,,31.7,52,14,14,0.2,,27,-28,-28
MIDDLE_PREMIUM_MINUS_CORNER_CATCHER|0.2|AGE_UNRESTRICTED|0060,0.2,AGE_UNRESTRICTED,,MIDDLE_PREMIUM_MINUS_CORNER_CATCHER,01705138,小園 海斗,広島東洋カープ,MIDDLE_PREMIUM,SS,,31.5,79,-14,-14,71075151,佐藤 都志也,千葉ロッテマリーンズ,CORNER_CATCHER,C,,31.3,71,-8,-8,0.2,,8,-6,-6
MIDDLE_PREMIUM_MINUS_CORNER_CATCHER|0.2|AGE_UNRESTRICTED|0061,0.2,AGE_UNRESTRICTED,,MIDDLE_PREMIUM_MINUS_CORNER_CATCHER,01705138,小園 海斗,広島東洋カープ,MIDDLE_PREMIUM,SS,,31.5,79,-14,-14,43745150,ファビアン,広島東洋カープ,CORNER_CATCHER,LF,,31.4,61,3,3,0.1,,18,-17,-17
MIDDLE_PREMIUM_MINUS_CORNER_CATCHER|0.2|AGE_UNRESTRICTED|0062,0.2,AGE_UNRESTRICTED,,MIDDLE_PREMIUM_MINUS_CORNER_CATCHER,01705138,小園 海斗,広島東洋カープ,MIDDLE_PREMIUM,SS,,31.5,79,-14,-14,31135133,秋山 翔吾,広島東洋カープ,CORNER_CATCHER,LF,,31.6,77,-11,-10,0.1,,2,-3,-4
MIDDLE_PREMIUM_MINUS_CORNER_CATCHER|0.2|AGE_UNRESTRICTED|0063,0.2,AGE_UNRESTRICTED,,MIDDLE_PREMIUM_MINUS_CORNER_CATCHER,01705138,小園 海斗,広島東洋カープ,MIDDLE_PREMIUM,SS,,31.5,79,-14,-14,01705130,栗原 陵矢,福岡ソフトバンクホークス,CORNER_CATCHER,3B,,31.3,59,4,4,0.2,,20,-18,-18
MIDDLE_PREMIUM_MINUS_CORNER_CATCHER|0.2|AGE_UNRESTRICTED|0064,0.2,AGE_UNRESTRICTED,,MIDDLE_PREMIUM_MINUS_CORNER_CATCHER,93395153,矢野 雅哉,広島東洋カープ,MIDDLE_PREMIUM,SS,,30.7,78,-21,-21,41645139,若月 健矢,オリックス・バファローズ,CORNER_CATCHER,C,,30.7,48,9,9,0,,30,-30,-30
MIDDLE_PREMIUM_MINUS_CORNER_CATCHER|0.2|AGE_UNRESTRICTED|0065,0.2,AGE_UNRESTRICTED,,MIDDLE_PREMIUM_MINUS_CORNER_CATCHER,93395153,矢野 雅哉,広島東洋カープ,MIDDLE_PREMIUM,SS,,30.7,78,-21,-21,91195151,石川 昂弥,中日ドラゴンズ,CORNER_CATCHER,3B,,30.6,41,16,16,0.1,,37,-37,-37
MIDDLE_PREMIUM_MINUS_CORNER_CATCHER|0.2|AGE_UNRESTRICTED|0066,0.2,AGE_UNRESTRICTED,,MIDDLE_PREMIUM_MINUS_CORNER_CATCHER,93395153,矢野 雅哉,広島東洋カープ,MIDDLE_PREMIUM,SS,,30.7,78,-21,-21,81785155,古賀 悠斗,埼玉西武ライオンズ,CORNER_CATCHER,C,,30.6,47,10,10,0.1,,31,-31,-31
MIDDLE_PREMIUM_MINUS_CORNER_CATCHER|0.2|AGE_UNRESTRICTED|0067,0.2,AGE_UNRESTRICTED,,MIDDLE_PREMIUM_MINUS_CORNER_CATCHER,93395153,矢野 雅哉,広島東洋カープ,MIDDLE_PREMIUM,SS,,30.7,78,-21,-21,11915134,坂倉 将吾,広島東洋カープ,CORNER_CATCHER,1B,,30.6,68,-11,-11,0.1,,10,-10,-10
MIDDLE_PREMIUM_MINUS_CORNER_CATCHER|0.2|AGE_UNRESTRICTED|0068,0.2,AGE_UNRESTRICTED,,MIDDLE_PREMIUM_MINUS_CORNER_CATCHER,93395153,矢野 雅哉,広島東洋カープ,MIDDLE_PREMIUM,SS,,30.7,78,-21,-21,53755153,サンタナ,東京ヤクルトスワローズ,CORNER_CATCHER,LF,,30.8,47,11,11,0.1,,31,-32,-32
MIDDLE_PREMIUM_MINUS_CORNER_CATCHER|0.2|AGE_UNRESTRICTED|0069,0.2,AGE_UNRESTRICTED,,MIDDLE_PREMIUM_MINUS_CORNER_CATCHER,93395153,矢野 雅哉,広島東洋カープ,MIDDLE_PREMIUM,SS,,30.7,78,-21,-21,71375138,太田 光,東北楽天ゴールデンイーグルス,CORNER_CATCHER,C,,30.5,44,12,12,0.2,,34,-33,-33
MIDDLE_PREMIUM_MINUS_CORNER_CATCHER|0.2|AGE_UNRESTRICTED|0070,0.2,AGE_UNRESTRICTED,,MIDDLE_PREMIUM_MINUS_CORNER_CATCHER,93395153,矢野 雅哉,広島東洋カープ,MIDDLE_PREMIUM,SS,,30.7,78,-21,-21,51155118,浅村 栄斗,東北楽天ゴールデンイーグルス,CORNER_CATCHER,1B,,30.5,35,21,21,0.2,,43,-42,-42
MIDDLE_PREMIUM_MINUS_CORNER_CATCHER|0.2|AGE_UNRESTRICTED|0071,0.2,AGE_UNRESTRICTED,,MIDDLE_PREMIUM_MINUS_CORNER_CATCHER,93395153,矢野 雅哉,広島東洋カープ,MIDDLE_PREMIUM,SS,,30.7,78,-21,-21,91995134,佐野 恵太,横浜DeNAベイスターズ,CORNER_CATCHER,1B,,30.6,48,9,9,0.1,,30,-30,-30
MIDDLE_PREMIUM_MINUS_CORNER_CATCHER|0.2|AGE_UNRESTRICTED|0072,0.2,AGE_UNRESTRICTED,,MIDDLE_PREMIUM_MINUS_CORNER_CATCHER,93395153,矢野 雅哉,広島東洋カープ,MIDDLE_PREMIUM,SS,,30.7,78,-21,-21,21325134,大山 悠輔,阪神タイガース,CORNER_CATCHER,1B,,30.5,58,-2,-2,0.2,,20,-19,-19
MIDDLE_PREMIUM_MINUS_CORNER_CATCHER|0.2|AGE_UNRESTRICTED|0073,0.2,AGE_UNRESTRICTED,,MIDDLE_PREMIUM_MINUS_CORNER_CATCHER,93395153,矢野 雅哉,広島東洋カープ,MIDDLE_PREMIUM,SS,,30.7,78,-21,-21,21325139,梅野 隆太郎,阪神タイガース,CORNER_CATCHER,C,,30.6,57,0,0,0.1,,21,-21,-21
MIDDLE_PREMIUM_MINUS_CORNER_CATCHER|0.2|AGE_UNRESTRICTED|0074,0.2,AGE_UNRESTRICTED,,MIDDLE_PREMIUM_MINUS_CORNER_CATCHER,01405130,野間 峻祥,広島東洋カープ,MIDDLE_PREMIUM,RF,,31.7,88,-22,-22,11815130,宗 佑磨,オリックス・バファローズ,CORNER_CATCHER,3B,,31.9,76,-8,-8,0.2,,12,-14,-14
MIDDLE_PREMIUM_MINUS_CORNER_CATCHER|0.2|AGE_UNRESTRICTED|0075,0.2,AGE_UNRESTRICTED,,MIDDLE_PREMIUM_MINUS_CORNER_CATCHER,01405130,野間 峻祥,広島東洋カープ,MIDDLE_PREMIUM,RF,,31.7,88,-22,-22,41545136,清宮 幸太郎,北海道日本ハムファイターズ,CORNER_CATCHER,1B,,31.7,56,10,10,0,,32,-32,-32
MIDDLE_PREMIUM_MINUS_CORNER_CATCHER|0.2|AGE_UNRESTRICTED|0076,0.2,AGE_UNRESTRICTED,,MIDDLE_PREMIUM_MINUS_CORNER_CATCHER,01405130,野間 峻祥,広島東洋カープ,MIDDLE_PREMIUM,RF,,31.7,88,-22,-22,31435138,野村 佑希,北海道日本ハムファイターズ,CORNER_CATCHER,LF,,31.7,52,14,14,0,,36,-36,-36
MIDDLE_PREMIUM_MINUS_CORNER_CATCHER|0.2|AGE_UNRESTRICTED|0077,0.2,AGE_UNRESTRICTED,,MIDDLE_PREMIUM_MINUS_CORNER_CATCHER,01405130,野間 峻祥,広島東洋カープ,MIDDLE_PREMIUM,RF,,31.7,88,-22,-22,91895138,山口 航輝,千葉ロッテマリーンズ,CORNER_CATCHER,LF,,31.9,52,16,16,0.2,,36,-38,-38
MIDDLE_PREMIUM_MINUS_CORNER_CATCHER|0.2|AGE_UNRESTRICTED|0078,0.2,AGE_UNRESTRICTED,,MIDDLE_PREMIUM_MINUS_CORNER_CATCHER,01405130,野間 峻祥,広島東洋カープ,MIDDLE_PREMIUM,RF,,31.7,88,-22,-22,53955150,モンテロ,広島東洋カープ,CORNER_CATCHER,1B,,31.9,49,19,3,0.2,,39,-41,-25
MIDDLE_PREMIUM_MINUS_CORNER_CATCHER|0.2|AGE_UNRESTRICTED|0079,0.2,AGE_UNRESTRICTED,,MIDDLE_PREMIUM_MINUS_CORNER_CATCHER,01405130,野間 峻祥,広島東洋カープ,MIDDLE_PREMIUM,RF,,31.7,88,-22,-22,31135133,秋山 翔吾,広島東洋カープ,CORNER_CATCHER,LF,,31.6,77,-11,-10,0.1,,11,-11,-12
MIDDLE_PREMIUM_MINUS_CORNER_CATCHER|0.2|AGE_UNRESTRICTED|0080,0.2,AGE_UNRESTRICTED,,MIDDLE_PREMIUM_MINUS_CORNER_CATCHER,93195155,丸山 和郁,東京ヤクルトスワローズ,MIDDLE_PREMIUM,RF,,32.4,86,-13,-13,51055138,田宮 裕涼,北海道日本ハムファイターズ,CORNER_CATCHER,C,,32.4,68,5,5,0,,18,-18,-18
MIDDLE_PREMIUM_MINUS_CORNER_CATCHER|0.2|AGE_UNRESTRICTED|0081,0.2,AGE_UNRESTRICTED,,MIDDLE_PREMIUM_MINUS_CORNER_CATCHER,93195155,丸山 和郁,東京ヤクルトスワローズ,MIDDLE_PREMIUM,RF,,32.4,86,-13,-13,11515139,岡 大海,千葉ロッテマリーンズ,CORNER_CATCHER,1B,,32.6,82,-7,-7,0.2,,4,-6,-6
MIDDLE_PREMIUM_MINUS_CORNER_CATCHER|0.2|AGE_UNRESTRICTED|0082,0.2,AGE_UNRESTRICTED,,MIDDLE_PREMIUM_MINUS_CORNER_CATCHER,71975136,塩見 泰隆,東京ヤクルトスワローズ,MIDDLE_PREMIUM,RF,,32.3,83,-11,-11,51055138,田宮 裕涼,北海道日本ハムファイターズ,CORNER_CATCHER,C,,32.4,68,5,5,0.1,,15,-16,-16
MIDDLE_PREMIUM_MINUS_CORNER_CATCHER|0.2|AGE_UNRESTRICTED|0083,0.2,AGE_UNRESTRICTED,,MIDDLE_PREMIUM_MINUS_CORNER_CATCHER,71975136,塩見 泰隆,東京ヤクルトスワローズ,MIDDLE_PREMIUM,RF,,32.3,83,-11,-11,01705134,古賀 優大,東京ヤクルトスワローズ,CORNER_CATCHER,C,,32.1,46,24,24,0.2,,37,-35,-35
MIDDLE_PREMIUM_MINUS_CORNER_CATCHER|0.2|AGE_UNRESTRICTED|0084,0.2,AGE_UNRESTRICTED,,MIDDLE_PREMIUM_MINUS_CORNER_CATCHER,71975136,塩見 泰隆,東京ヤクルトスワローズ,MIDDLE_PREMIUM,RF,,32.3,83,-11,-11,31835133,柳田 悠岐,福岡ソフトバンクホークス,CORNER_CATCHER,LF,,32.1,67,3,3,0.2,,16,-14,-14
MIDDLE_PREMIUM_MINUS_CORNER_CATCHER|0.2|AGE_UNRESTRICTED|0085,0.2,AGE_UNRESTRICTED,,MIDDLE_PREMIUM_MINUS_CORNER_CATCHER,71975136,塩見 泰隆,東京ヤクルトスワローズ,MIDDLE_PREMIUM,RF,,32.3,83,-11,-11,41045153,佐藤 輝明,阪神タイガース,CORNER_CATCHER,3B,,32.1,68,2,2,0.2,,15,-13,-13
MIDDLE_PREMIUM_MINUS_CORNER_CATCHER|0.2|AGE_UNRESTRICTED|0086,0.2,AGE_UNRESTRICTED,,MIDDLE_PREMIUM_MINUS_CORNER_CATCHER,51455151,長岡 秀樹,東京ヤクルトスワローズ,MIDDLE_PREMIUM,SS,,31.6,58,8,8,41545136,清宮 幸太郎,北海道日本ハムファイターズ,CORNER_CATCHER,1B,,31.7,56,10,10,0.1,,2,-2,-2
MIDDLE_PREMIUM_MINUS_CORNER_CATCHER|0.2|AGE_UNRESTRICTED|0087,0.2,AGE_UNRESTRICTED,,MIDDLE_PREMIUM_MINUS_CORNER_CATCHER,51455151,長岡 秀樹,東京ヤクルトスワローズ,MIDDLE_PREMIUM,SS,,31.6,58,8,8,31435138,野村 佑希,北海道日本ハムファイターズ,CORNER_CATCHER,LF,,31.7,52,14,14,0.1,,6,-6,-6
MIDDLE_PREMIUM_MINUS_CORNER_CATCHER|0.2|AGE_UNRESTRICTED|0088,0.2,AGE_UNRESTRICTED,,MIDDLE_PREMIUM_MINUS_CORNER_CATCHER,51455151,長岡 秀樹,東京ヤクルトスワローズ,MIDDLE_PREMIUM,SS,,31.6,58,8,8,43745150,ファビアン,広島東洋カープ,CORNER_CATCHER,LF,,31.4,61,3,3,0.2,,-3,5,5
MIDDLE_PREMIUM_MINUS_CORNER_CATCHER|0.2|AGE_UNRESTRICTED|0089,0.2,AGE_UNRESTRICTED,,MIDDLE_PREMIUM_MINUS_CORNER_CATCHER,51455151,長岡 秀樹,東京ヤクルトスワローズ,MIDDLE_PREMIUM,SS,,31.6,58,8,8,31135133,秋山 翔吾,広島東洋カープ,CORNER_CATCHER,LF,,31.6,77,-11,-10,0,,-19,19,18
MIDDLE_PREMIUM_MINUS_CORNER_CATCHER|0.2|AGE_UNRESTRICTED|0090,0.2,AGE_UNRESTRICTED,,MIDDLE_PREMIUM_MINUS_CORNER_CATCHER,81585134,京田 陽太,横浜DeNAベイスターズ,MIDDLE_PREMIUM,SS,,31.1,78,-17,-17,91495139,森 友哉,オリックス・バファローズ,CORNER_CATCHER,C,,31.2,65,-3,-3,0.1,,13,-14,-14
MIDDLE_PREMIUM_MINUS_CORNER_CATCHER|0.2|AGE_UNRESTRICTED|0091,0.2,AGE_UNRESTRICTED,,MIDDLE_PREMIUM_MINUS_CORNER_CATCHER,81585134,京田 陽太,横浜DeNAベイスターズ,MIDDLE_PREMIUM,SS,,31.1,78,-17,-17,71475132,西川 龍馬,オリックス・バファローズ,CORNER_CATCHER,LF,,31.1,72,-11,-11,0,,6,-6,-6
MIDDLE_PREMIUM_MINUS_CORNER_CATCHER|0.2|AGE_UNRESTRICTED|0092,0.2,AGE_UNRESTRICTED,,MIDDLE_PREMIUM_MINUS_CORNER_CATCHER,81585134,京田 陽太,横浜DeNAベイスターズ,MIDDLE_PREMIUM,SS,,31.1,78,-17,-17,63065155,ポランコ,千葉ロッテマリーンズ,CORNER_CATCHER,LF,,31.1,63,-2,0,0,,15,-15,-17
MIDDLE_PREMIUM_MINUS_CORNER_CATCHER|0.2|AGE_UNRESTRICTED|0093,0.2,AGE_UNRESTRICTED,,MIDDLE_PREMIUM_MINUS_CORNER_CATCHER,81585134,京田 陽太,横浜DeNAベイスターズ,MIDDLE_PREMIUM,SS,,31.1,78,-17,-17,71075151,佐藤 都志也,千葉ロッテマリーンズ,CORNER_CATCHER,C,,31.3,71,-8,-8,0.2,,7,-9,-9
MIDDLE_PREMIUM_MINUS_CORNER_CATCHER|0.2|AGE_UNRESTRICTED|0094,0.2,AGE_UNRESTRICTED,,MIDDLE_PREMIUM_MINUS_CORNER_CATCHER,81585134,京田 陽太,横浜DeNAベイスターズ,MIDDLE_PREMIUM,SS,,31.1,78,-17,-17,23125136,山本 祐大,横浜DeNAベイスターズ,CORNER_CATCHER,C,,31,61,-1,-1,0.1,,17,-16,-16
MIDDLE_PREMIUM_MINUS_CORNER_CATCHER|0.2|AGE_UNRESTRICTED|0095,0.2,AGE_UNRESTRICTED,,MIDDLE_PREMIUM_MINUS_CORNER_CATCHER,81585134,京田 陽太,横浜DeNAベイスターズ,MIDDLE_PREMIUM,SS,,31.1,78,-17,-17,01705130,栗原 陵矢,福岡ソフトバンクホークス,CORNER_CATCHER,3B,,31.3,59,4,4,0.2,,19,-21,-21
MIDDLE_PREMIUM_MINUS_CORNER_CATCHER|0.2|AGE_UNRESTRICTED|0096,0.2,AGE_UNRESTRICTED,,MIDDLE_PREMIUM_MINUS_CORNER_CATCHER,81585134,京田 陽太,横浜DeNAベイスターズ,MIDDLE_PREMIUM,SS,,31.1,78,-17,-17,81885155,正木 智也,福岡ソフトバンクホークス,CORNER_CATCHER,1B,,31.1,48,13,13,0,,30,-30,-30
MIDDLE_PREMIUM_MINUS_CORNER_CATCHER|0.2|AGE_UNRESTRICTED|0097,0.2,AGE_UNRESTRICTED,,MIDDLE_PREMIUM_MINUS_CORNER_CATCHER,81585134,京田 陽太,横浜DeNAベイスターズ,MIDDLE_PREMIUM,SS,,31.1,78,-17,-17,41745135,近藤 健介,福岡ソフトバンクホークス,CORNER_CATCHER,LF,,31.2,64,-2,-2,0.1,,14,-15,-15
MIDDLE_PREMIUM_MINUS_CORNER_CATCHER|0.2|AGE_UNRESTRICTED|0098,0.2,AGE_UNRESTRICTED,,MIDDLE_PREMIUM_MINUS_CORNER_CATCHER,33535159,度会 隆輝,横浜DeNAベイスターズ,MIDDLE_PREMIUM,RF,,31.7,65,1,1,11815130,宗 佑磨,オリックス・バファローズ,CORNER_CATCHER,3B,,31.9,76,-8,-8,0.2,,-11,9,9
MIDDLE_PREMIUM_MINUS_CORNER_CATCHER|0.2|AGE_UNRESTRICTED|0099,0.2,AGE_UNRESTRICTED,,MIDDLE_PREMIUM_MINUS_CORNER_CATCHER,33535159,度会 隆輝,横浜DeNAベイスターズ,MIDDLE_PREMIUM,RF,,31.7,65,1,1,41545136,清宮 幸太郎,北海道日本ハムファイターズ,CORNER_CATCHER,1B,,31.7,56,10,10,0,,9,-9,-9
MIDDLE_PREMIUM_MINUS_CORNER_CATCHER|0.2|AGE_UNRESTRICTED|0100,0.2,AGE_UNRESTRICTED,,MIDDLE_PREMIUM_MINUS_CORNER_CATCHER,33535159,度会 隆輝,横浜DeNAベイスターズ,MIDDLE_PREMIUM,RF,,31.7,65,1,1,31435138,野村 佑希,北海道日本ハムファイターズ,CORNER_CATCHER,LF,,31.7,52,14,14,0,,13,-13,-13
MIDDLE_PREMIUM_MINUS_CORNER_CATCHER|0.2|AGE_UNRESTRICTED|0101,0.2,AGE_UNRESTRICTED,,MIDDLE_PREMIUM_MINUS_CORNER_CATCHER,33535159,度会 隆輝,横浜DeNAベイスターズ,MIDDLE_PREMIUM,RF,,31.7,65,1,1,91895138,山口 航輝,千葉ロッテマリーンズ,CORNER_CATCHER,LF,,31.9,52,16,16,0.2,,13,-15,-15
MIDDLE_PREMIUM_MINUS_CORNER_CATCHER|0.2|AGE_UNRESTRICTED|0102,0.2,AGE_UNRESTRICTED,,MIDDLE_PREMIUM_MINUS_CORNER_CATCHER,33535159,度会 隆輝,横浜DeNAベイスターズ,MIDDLE_PREMIUM,RF,,31.7,65,1,1,53955150,モンテロ,広島東洋カープ,CORNER_CATCHER,1B,,31.9,49,19,3,0.2,,16,-18,-2
MIDDLE_PREMIUM_MINUS_CORNER_CATCHER|0.2|AGE_UNRESTRICTED|0103,0.2,AGE_UNRESTRICTED,,MIDDLE_PREMIUM_MINUS_CORNER_CATCHER,33535159,度会 隆輝,横浜DeNAベイスターズ,MIDDLE_PREMIUM,RF,,31.7,65,1,1,31135133,秋山 翔吾,広島東洋カープ,CORNER_CATCHER,LF,,31.6,77,-11,-10,0.1,,-12,12,11
MIDDLE_PREMIUM_MINUS_CORNER_CATCHER|0.2|AGE_UNRESTRICTED|0104,0.2,AGE_UNRESTRICTED,,MIDDLE_PREMIUM_MINUS_CORNER_CATCHER,51555151,蝦名 達夫,横浜DeNAベイスターズ,MIDDLE_PREMIUM,CF,,31.4,75,-11,-11,91495139,森 友哉,オリックス・バファローズ,CORNER_CATCHER,C,,31.2,65,-3,-3,0.2,,10,-8,-8
MIDDLE_PREMIUM_MINUS_CORNER_CATCHER|0.2|AGE_UNRESTRICTED|0105,0.2,AGE_UNRESTRICTED,,MIDDLE_PREMIUM_MINUS_CORNER_CATCHER,51555151,蝦名 達夫,横浜DeNAベイスターズ,MIDDLE_PREMIUM,CF,,31.4,75,-11,-11,71075151,佐藤 都志也,千葉ロッテマリーンズ,CORNER_CATCHER,C,,31.3,71,-8,-8,0.1,,4,-3,-3
MIDDLE_PREMIUM_MINUS_CORNER_CATCHER|0.2|AGE_UNRESTRICTED|0106,0.2,AGE_UNRESTRICTED,,MIDDLE_PREMIUM_MINUS_CORNER_CATCHER,51555151,蝦名 達夫,横浜DeNAベイスターズ,MIDDLE_PREMIUM,CF,,31.4,75,-11,-11,43745150,ファビアン,広島東洋カープ,CORNER_CATCHER,LF,,31.4,61,3,3,0,,14,-14,-14
MIDDLE_PREMIUM_MINUS_CORNER_CATCHER|0.2|AGE_UNRESTRICTED|0107,0.2,AGE_UNRESTRICTED,,MIDDLE_PREMIUM_MINUS_CORNER_CATCHER,51555151,蝦名 達夫,横浜DeNAベイスターズ,MIDDLE_PREMIUM,CF,,31.4,75,-11,-11,31135133,秋山 翔吾,広島東洋カープ,CORNER_CATCHER,LF,,31.6,77,-11,-10,0.2,,-2,0,-1
MIDDLE_PREMIUM_MINUS_CORNER_CATCHER|0.2|AGE_UNRESTRICTED|0108,0.2,AGE_UNRESTRICTED,,MIDDLE_PREMIUM_MINUS_CORNER_CATCHER,51555151,蝦名 達夫,横浜DeNAベイスターズ,MIDDLE_PREMIUM,CF,,31.4,75,-11,-11,01705130,栗原 陵矢,福岡ソフトバンクホークス,CORNER_CATCHER,3B,,31.3,59,4,4,0.1,,16,-15,-15
MIDDLE_PREMIUM_MINUS_CORNER_CATCHER|0.2|AGE_UNRESTRICTED|0109,0.2,AGE_UNRESTRICTED,,MIDDLE_PREMIUM_MINUS_CORNER_CATCHER,51555151,蝦名 達夫,横浜DeNAベイスターズ,MIDDLE_PREMIUM,CF,,31.4,75,-11,-11,41745135,近藤 健介,福岡ソフトバンクホークス,CORNER_CATCHER,LF,,31.2,64,-2,-2,0.2,,11,-9,-9
MIDDLE_PREMIUM_MINUS_CORNER_CATCHER|0.2|AGE_UNRESTRICTED|0110,0.2,AGE_UNRESTRICTED,,MIDDLE_PREMIUM_MINUS_CORNER_CATCHER,31335131,今宮 健太,福岡ソフトバンクホークス,MIDDLE_PREMIUM,SS,,30.4,66,-11,-11,91195151,石川 昂弥,中日ドラゴンズ,CORNER_CATCHER,3B,,30.6,41,16,16,0.2,,25,-27,-27
MIDDLE_PREMIUM_MINUS_CORNER_CATCHER|0.2|AGE_UNRESTRICTED|0111,0.2,AGE_UNRESTRICTED,,MIDDLE_PREMIUM_MINUS_CORNER_CATCHER,31335131,今宮 健太,福岡ソフトバンクホークス,MIDDLE_PREMIUM,SS,,30.4,66,-11,-11,81785155,古賀 悠斗,埼玉西武ライオンズ,CORNER_CATCHER,C,,30.6,47,10,10,0.2,,19,-21,-21
MIDDLE_PREMIUM_MINUS_CORNER_CATCHER|0.2|AGE_UNRESTRICTED|0112,0.2,AGE_UNRESTRICTED,,MIDDLE_PREMIUM_MINUS_CORNER_CATCHER,31335131,今宮 健太,福岡ソフトバンクホークス,MIDDLE_PREMIUM,SS,,30.4,66,-11,-11,11915134,坂倉 将吾,広島東洋カープ,CORNER_CATCHER,1B,,30.6,68,-11,-11,0.2,,-2,0,0
MIDDLE_PREMIUM_MINUS_CORNER_CATCHER|0.2|AGE_UNRESTRICTED|0113,0.2,AGE_UNRESTRICTED,,MIDDLE_PREMIUM_MINUS_CORNER_CATCHER,31335131,今宮 健太,福岡ソフトバンクホークス,MIDDLE_PREMIUM,SS,,30.4,66,-11,-11,51255118,中村 悠平,東京ヤクルトスワローズ,CORNER_CATCHER,C,,30.4,56,-1,-1,0,,10,-10,-10
MIDDLE_PREMIUM_MINUS_CORNER_CATCHER|0.2|AGE_UNRESTRICTED|0114,0.2,AGE_UNRESTRICTED,,MIDDLE_PREMIUM_MINUS_CORNER_CATCHER,31335131,今宮 健太,福岡ソフトバンクホークス,MIDDLE_PREMIUM,SS,,30.4,66,-11,-11,71375138,太田 光,東北楽天ゴールデンイーグルス,CORNER_CATCHER,C,,30.5,44,12,12,0.1,,22,-23,-23
MIDDLE_PREMIUM_MINUS_CORNER_CATCHER|0.2|AGE_UNRESTRICTED|0115,0.2,AGE_UNRESTRICTED,,MIDDLE_PREMIUM_MINUS_CORNER_CATCHER,31335131,今宮 健太,福岡ソフトバンクホークス,MIDDLE_PREMIUM,SS,,30.4,66,-11,-11,51155118,浅村 栄斗,東北楽天ゴールデンイーグルス,CORNER_CATCHER,1B,,30.5,35,21,21,0.1,,31,-32,-32
MIDDLE_PREMIUM_MINUS_CORNER_CATCHER|0.2|AGE_UNRESTRICTED|0116,0.2,AGE_UNRESTRICTED,,MIDDLE_PREMIUM_MINUS_CORNER_CATCHER,31335131,今宮 健太,福岡ソフトバンクホークス,MIDDLE_PREMIUM,SS,,30.4,66,-11,-11,73175138,渡邊 佳明,東北楽天ゴールデンイーグルス,CORNER_CATCHER,1B,,30.3,50,4,4,0.1,,16,-15,-15
MIDDLE_PREMIUM_MINUS_CORNER_CATCHER|0.2|AGE_UNRESTRICTED|0117,0.2,AGE_UNRESTRICTED,,MIDDLE_PREMIUM_MINUS_CORNER_CATCHER,31335131,今宮 健太,福岡ソフトバンクホークス,MIDDLE_PREMIUM,SS,,30.4,66,-11,-11,91995134,佐野 恵太,横浜DeNAベイスターズ,CORNER_CATCHER,1B,,30.6,48,9,9,0.2,,18,-20,-20
MIDDLE_PREMIUM_MINUS_CORNER_CATCHER|0.2|AGE_UNRESTRICTED|0118,0.2,AGE_UNRESTRICTED,,MIDDLE_PREMIUM_MINUS_CORNER_CATCHER,31335131,今宮 健太,福岡ソフトバンクホークス,MIDDLE_PREMIUM,SS,,30.4,66,-11,-11,51455137,宮﨑 敏郎,横浜DeNAベイスターズ,CORNER_CATCHER,3B,,30.3,33,21,21,0.1,,33,-32,-32
MIDDLE_PREMIUM_MINUS_CORNER_CATCHER|0.2|AGE_UNRESTRICTED|0119,0.2,AGE_UNRESTRICTED,,MIDDLE_PREMIUM_MINUS_CORNER_CATCHER,31335131,今宮 健太,福岡ソフトバンクホークス,MIDDLE_PREMIUM,SS,,30.4,66,-11,-11,41945131,筒香 嘉智,横浜DeNAベイスターズ,CORNER_CATCHER,3B,,30.2,45,8,8,0.2,,21,-19,-19
MIDDLE_PREMIUM_MINUS_CORNER_CATCHER|0.2|AGE_UNRESTRICTED|0120,0.2,AGE_UNRESTRICTED,,MIDDLE_PREMIUM_MINUS_CORNER_CATCHER,31335131,今宮 健太,福岡ソフトバンクホークス,MIDDLE_PREMIUM,SS,,30.4,66,-11,-11,81385151,海野 隆司,福岡ソフトバンクホークス,CORNER_CATCHER,C,,30.3,52,2,2,0.1,,14,-13,-13
MIDDLE_PREMIUM_MINUS_CORNER_CATCHER|0.2|AGE_UNRESTRICTED|0121,0.2,AGE_UNRESTRICTED,,MIDDLE_PREMIUM_MINUS_CORNER_CATCHER,31335131,今宮 健太,福岡ソフトバンクホークス,MIDDLE_PREMIUM,SS,,30.4,66,-11,-11,11915132,坂本 誠志郎,阪神タイガース,CORNER_CATCHER,C,,30.2,56,-3,-3,0.2,,10,-8,-8
MIDDLE_PREMIUM_MINUS_CORNER_CATCHER|0.2|AGE_UNRESTRICTED|0122,0.2,AGE_UNRESTRICTED,,MIDDLE_PREMIUM_MINUS_CORNER_CATCHER,31335131,今宮 健太,福岡ソフトバンクホークス,MIDDLE_PREMIUM,SS,,30.4,66,-11,-11,21325134,大山 悠輔,阪神タイガース,CORNER_CATCHER,1B,,30.5,58,-2,-2,0.1,,8,-9,-9
MIDDLE_PREMIUM_MINUS_CORNER_CATCHER|0.2|AGE_UNRESTRICTED|0123,0.2,AGE_UNRESTRICTED,,MIDDLE_PREMIUM_MINUS_CORNER_CATCHER,31335131,今宮 健太,福岡ソフトバンクホークス,MIDDLE_PREMIUM,SS,,30.4,66,-11,-11,21325139,梅野 隆太郎,阪神タイガース,CORNER_CATCHER,C,,30.6,57,0,0,0.2,,9,-11,-11
MIDDLE_PREMIUM_MINUS_CORNER_CATCHER|0.2|AGE_UNRESTRICTED|0124,0.2,AGE_UNRESTRICTED,,MIDDLE_PREMIUM_MINUS_CORNER_CATCHER,73175151,柳町 達,福岡ソフトバンクホークス,MIDDLE_PREMIUM,RF,,31.5,67,-2,-2,41545136,清宮 幸太郎,北海道日本ハムファイターズ,CORNER_CATCHER,1B,,31.7,56,10,10,0.2,,11,-12,-12
MIDDLE_PREMIUM_MINUS_CORNER_CATCHER|0.2|AGE_UNRESTRICTED|0125,0.2,AGE_UNRESTRICTED,,MIDDLE_PREMIUM_MINUS_CORNER_CATCHER,73175151,柳町 達,福岡ソフトバンクホークス,MIDDLE_PREMIUM,RF,,31.5,67,-2,-2,31435138,野村 佑希,北海道日本ハムファイターズ,CORNER_CATCHER,LF,,31.7,52,14,14,0.2,,15,-16,-16
MIDDLE_PREMIUM_MINUS_CORNER_CATCHER|0.2|AGE_UNRESTRICTED|0126,0.2,AGE_UNRESTRICTED,,MIDDLE_PREMIUM_MINUS_CORNER_CATCHER,73175151,柳町 達,福岡ソフトバンクホークス,MIDDLE_PREMIUM,RF,,31.5,67,-2,-2,71075151,佐藤 都志也,千葉ロッテマリーンズ,CORNER_CATCHER,C,,31.3,71,-8,-8,0.2,,-4,6,6
MIDDLE_PREMIUM_MINUS_CORNER_CATCHER|0.2|AGE_UNRESTRICTED|0127,0.2,AGE_UNRESTRICTED,,MIDDLE_PREMIUM_MINUS_CORNER_CATCHER,73175151,柳町 達,福岡ソフトバンクホークス,MIDDLE_PREMIUM,RF,,31.5,67,-2,-2,43745150,ファビアン,広島東洋カープ,CORNER_CATCHER,LF,,31.4,61,3,3,0.1,,6,-5,-5
MIDDLE_PREMIUM_MINUS_CORNER_CATCHER|0.2|AGE_UNRESTRICTED|0128,0.2,AGE_UNRESTRICTED,,MIDDLE_PREMIUM_MINUS_CORNER_CATCHER,73175151,柳町 達,福岡ソフトバンクホークス,MIDDLE_PREMIUM,RF,,31.5,67,-2,-2,31135133,秋山 翔吾,広島東洋カープ,CORNER_CATCHER,LF,,31.6,77,-11,-10,0.1,,-10,9,8
MIDDLE_PREMIUM_MINUS_CORNER_CATCHER|0.2|AGE_UNRESTRICTED|0129,0.2,AGE_UNRESTRICTED,,MIDDLE_PREMIUM_MINUS_CORNER_CATCHER,73175151,柳町 達,福岡ソフトバンクホークス,MIDDLE_PREMIUM,RF,,31.5,67,-2,-2,01705130,栗原 陵矢,福岡ソフトバンクホークス,CORNER_CATCHER,3B,,31.3,59,4,4,0.2,,8,-6,-6
MIDDLE_PREMIUM_MINUS_CORNER_CATCHER|0.2|AGE_UNRESTRICTED|0130,0.2,AGE_UNRESTRICTED,,MIDDLE_PREMIUM_MINUS_CORNER_CATCHER,21425116,丸 佳浩,読売ジャイアンツ,MIDDLE_PREMIUM,RF,,31.4,65,-1,-1,91495139,森 友哉,オリックス・バファローズ,CORNER_CATCHER,C,,31.2,65,-3,-3,0.2,,0,2,2
MIDDLE_PREMIUM_MINUS_CORNER_CATCHER|0.2|AGE_UNRESTRICTED|0131,0.2,AGE_UNRESTRICTED,,MIDDLE_PREMIUM_MINUS_CORNER_CATCHER,21425116,丸 佳浩,読売ジャイアンツ,MIDDLE_PREMIUM,RF,,31.4,65,-1,-1,71075151,佐藤 都志也,千葉ロッテマリーンズ,CORNER_CATCHER,C,,31.3,71,-8,-8,0.1,,-6,7,7
MIDDLE_PREMIUM_MINUS_CORNER_CATCHER|0.2|AGE_UNRESTRICTED|0132,0.2,AGE_UNRESTRICTED,,MIDDLE_PREMIUM_MINUS_CORNER_CATCHER,21425116,丸 佳浩,読売ジャイアンツ,MIDDLE_PREMIUM,RF,,31.4,65,-1,-1,43745150,ファビアン,広島東洋カープ,CORNER_CATCHER,LF,,31.4,61,3,3,0,,4,-4,-4
MIDDLE_PREMIUM_MINUS_CORNER_CATCHER|0.2|AGE_UNRESTRICTED|0133,0.2,AGE_UNRESTRICTED,,MIDDLE_PREMIUM_MINUS_CORNER_CATCHER,21425116,丸 佳浩,読売ジャイアンツ,MIDDLE_PREMIUM,RF,,31.4,65,-1,-1,31135133,秋山 翔吾,広島東洋カープ,CORNER_CATCHER,LF,,31.6,77,-11,-10,0.2,,-12,10,9
MIDDLE_PREMIUM_MINUS_CORNER_CATCHER|0.2|AGE_UNRESTRICTED|0134,0.2,AGE_UNRESTRICTED,,MIDDLE_PREMIUM_MINUS_CORNER_CATCHER,21425116,丸 佳浩,読売ジャイアンツ,MIDDLE_PREMIUM,RF,,31.4,65,-1,-1,01705130,栗原 陵矢,福岡ソフトバンクホークス,CORNER_CATCHER,3B,,31.3,59,4,4,0.1,,6,-5,-5
MIDDLE_PREMIUM_MINUS_CORNER_CATCHER|0.2|AGE_UNRESTRICTED|0135,0.2,AGE_UNRESTRICTED,,MIDDLE_PREMIUM_MINUS_CORNER_CATCHER,21425116,丸 佳浩,読売ジャイアンツ,MIDDLE_PREMIUM,RF,,31.4,65,-1,-1,41745135,近藤 健介,福岡ソフトバンクホークス,CORNER_CATCHER,LF,,31.2,64,-2,-2,0.2,,1,1,1
MIDDLE_PREMIUM_MINUS_CORNER_CATCHER|0.2|AGE_UNRESTRICTED|0136,0.2,AGE_UNRESTRICTED,,MIDDLE_PREMIUM_MINUS_CORNER_CATCHER,51955159,佐々木 俊輔,読売ジャイアンツ,MIDDLE_PREMIUM,CF,,33,76,2,2,81685157,福永 裕基,中日ドラゴンズ,CORNER_CATCHER,3B,,33,64,14,14,0,,12,-12,-12
MIDDLE_PREMIUM_MINUS_CORNER_CATCHER|0.2|AGE_UNRESTRICTED|0137,0.2,AGE_UNRESTRICTED,,MIDDLE_PREMIUM_MINUS_CORNER_CATCHER,21625135,松本 剛,読売ジャイアンツ,MIDDLE_PREMIUM,CF,,31.4,69,-5,-5,91495139,森 友哉,オリックス・バファローズ,CORNER_CATCHER,C,,31.2,65,-3,-3,0.2,,4,-2,-2
MIDDLE_PREMIUM_MINUS_CORNER_CATCHER|0.2|AGE_UNRESTRICTED|0138,0.2,AGE_UNRESTRICTED,,MIDDLE_PREMIUM_MINUS_CORNER_CATCHER,21625135,松本 剛,読売ジャイアンツ,MIDDLE_PREMIUM,CF,,31.4,69,-5,-5,71075151,佐藤 都志也,千葉ロッテマリーンズ,CORNER_CATCHER,C,,31.3,71,-8,-8,0.1,,-2,3,3
MIDDLE_PREMIUM_MINUS_CORNER_CATCHER|0.2|AGE_UNRESTRICTED|0139,0.2,AGE_UNRESTRICTED,,MIDDLE_PREMIUM_MINUS_CORNER_CATCHER,21625135,松本 剛,読売ジャイアンツ,MIDDLE_PREMIUM,CF,,31.4,69,-5,-5,43745150,ファビアン,広島東洋カープ,CORNER_CATCHER,LF,,31.4,61,3,3,0,,8,-8,-8
MIDDLE_PREMIUM_MINUS_CORNER_CATCHER|0.2|AGE_UNRESTRICTED|0140,0.2,AGE_UNRESTRICTED,,MIDDLE_PREMIUM_MINUS_CORNER_CATCHER,21625135,松本 剛,読売ジャイアンツ,MIDDLE_PREMIUM,CF,,31.4,69,-5,-5,31135133,秋山 翔吾,広島東洋カープ,CORNER_CATCHER,LF,,31.6,77,-11,-10,0.2,,-8,6,5
MIDDLE_PREMIUM_MINUS_CORNER_CATCHER|0.2|AGE_UNRESTRICTED|0141,0.2,AGE_UNRESTRICTED,,MIDDLE_PREMIUM_MINUS_CORNER_CATCHER,21625135,松本 剛,読売ジャイアンツ,MIDDLE_PREMIUM,CF,,31.4,69,-5,-5,01705130,栗原 陵矢,福岡ソフトバンクホークス,CORNER_CATCHER,3B,,31.3,59,4,4,0.1,,10,-9,-9
MIDDLE_PREMIUM_MINUS_CORNER_CATCHER|0.2|AGE_UNRESTRICTED|0142,0.2,AGE_UNRESTRICTED,,MIDDLE_PREMIUM_MINUS_CORNER_CATCHER,21625135,松本 剛,読売ジャイアンツ,MIDDLE_PREMIUM,CF,,31.4,69,-5,-5,41745135,近藤 健介,福岡ソフトバンクホークス,CORNER_CATCHER,LF,,31.2,64,-2,-2,0.2,,5,-3,-3
MIDDLE_PREMIUM_MINUS_CORNER_CATCHER|0.2|AGE_UNRESTRICTED|0143,0.2,AGE_UNRESTRICTED,,MIDDLE_PREMIUM_MINUS_CORNER_CATCHER,31535138,小幡 竜平,阪神タイガース,MIDDLE_PREMIUM,SS,,32.8,77,-1,-1,81685157,福永 裕基,中日ドラゴンズ,CORNER_CATCHER,3B,,33,64,14,14,0.2,,13,-15,-15
MIDDLE_PREMIUM_MINUS_CORNER_CATCHER|0.2|AGE_UNRESTRICTED|0144,0.2,AGE_UNRESTRICTED,,MIDDLE_PREMIUM_MINUS_CORNER_CATCHER,31535138,小幡 竜平,阪神タイガース,MIDDLE_PREMIUM,SS,,32.8,77,-1,-1,31835134,細川 成也,中日ドラゴンズ,CORNER_CATCHER,LF,,32.7,60,15,15,0.1,,17,-16,-16
MIDDLE_PREMIUM_MINUS_CORNER_CATCHER|0.2|AGE_UNRESTRICTED|0145,0.2,AGE_UNRESTRICTED,,MIDDLE_PREMIUM_MINUS_CORNER_CATCHER,31535138,小幡 竜平,阪神タイガース,MIDDLE_PREMIUM,SS,,32.8,77,-1,-1,21925151,郡司 裕也,北海道日本ハムファイターズ,CORNER_CATCHER,3B,,32.7,61,14,14,0.1,,16,-15,-15
MIDDLE_PREMIUM_MINUS_CORNER_CATCHER|0.2|AGE_UNRESTRICTED|0146,0.2,AGE_UNRESTRICTED,,MIDDLE_PREMIUM_MINUS_CORNER_CATCHER,31535138,小幡 竜平,阪神タイガース,MIDDLE_PREMIUM,SS,,32.8,77,-1,-1,11515139,岡 大海,千葉ロッテマリーンズ,CORNER_CATCHER,1B,,32.6,82,-7,-7,0.2,,-5,6,6
MIDDLE_PREMIUM_MINUS_CORNER_CATCHER|0.2|AGE_UNRESTRICTED|0147,0.2,AGE_UNRESTRICTED,,MIDDLE_PREMIUM_MINUS_CORNER_CATCHER,31735138,木浪 聖也,阪神タイガース,MIDDLE_PREMIUM,SS,,30,59,-8,-8,03505133,ソト,千葉ロッテマリーンズ,CORNER_CATCHER,1B,,30.1,40,12,12,0.1,,19,-20,-20
MIDDLE_PREMIUM_MINUS_CORNER_CATCHER|0.2|AGE_UNRESTRICTED|0148,0.2,AGE_UNRESTRICTED,,MIDDLE_PREMIUM_MINUS_CORNER_CATCHER,31735138,木浪 聖也,阪神タイガース,MIDDLE_PREMIUM,SS,,30,59,-8,-8,41945131,筒香 嘉智,横浜DeNAベイスターズ,CORNER_CATCHER,3B,,30.2,45,8,8,0.2,,14,-16,-16
MIDDLE_PREMIUM_MINUS_CORNER_CATCHER|0.2|AGE_UNRESTRICTED|0149,0.2,AGE_UNRESTRICTED,,MIDDLE_PREMIUM_MINUS_CORNER_CATCHER,31735138,木浪 聖也,阪神タイガース,MIDDLE_PREMIUM,SS,,30,59,-8,-8,11915132,坂本 誠志郎,阪神タイガース,CORNER_CATCHER,C,,30.2,56,-3,-3,0.2,,3,-5,-5
MIDDLE_PREMIUM_MINUS_CORNER_CATCHER|0.2|AGE_UNRESTRICTED|0150,0.2,AGE_UNRESTRICTED,,MIDDLE_PREMIUM_MINUS_CORNER_CATCHER,43145157,森下 翔太,阪神タイガース,MIDDLE_PREMIUM,RF,,30.5,60,-4,-4,41645139,若月 健矢,オリックス・バファローズ,CORNER_CATCHER,C,,30.7,48,9,9,0.2,,12,-13,-13
MIDDLE_PREMIUM_MINUS_CORNER_CATCHER|0.2|AGE_UNRESTRICTED|0151,0.2,AGE_UNRESTRICTED,,MIDDLE_PREMIUM_MINUS_CORNER_CATCHER,43145157,森下 翔太,阪神タイガース,MIDDLE_PREMIUM,RF,,30.5,60,-4,-4,91195151,石川 昂弥,中日ドラゴンズ,CORNER_CATCHER,3B,,30.6,41,16,16,0.1,,19,-20,-20
MIDDLE_PREMIUM_MINUS_CORNER_CATCHER|0.2|AGE_UNRESTRICTED|0152,0.2,AGE_UNRESTRICTED,,MIDDLE_PREMIUM_MINUS_CORNER_CATCHER,43145157,森下 翔太,阪神タイガース,MIDDLE_PREMIUM,RF,,30.5,60,-4,-4,81785155,古賀 悠斗,埼玉西武ライオンズ,CORNER_CATCHER,C,,30.6,47,10,10,0.1,,13,-14,-14
MIDDLE_PREMIUM_MINUS_CORNER_CATCHER|0.2|AGE_UNRESTRICTED|0153,0.2,AGE_UNRESTRICTED,,MIDDLE_PREMIUM_MINUS_CORNER_CATCHER,43145157,森下 翔太,阪神タイガース,MIDDLE_PREMIUM,RF,,30.5,60,-4,-4,11915134,坂倉 将吾,広島東洋カープ,CORNER_CATCHER,1B,,30.6,68,-11,-11,0.1,,-8,7,7
MIDDLE_PREMIUM_MINUS_CORNER_CATCHER|0.2|AGE_UNRESTRICTED|0154,0.2,AGE_UNRESTRICTED,,MIDDLE_PREMIUM_MINUS_CORNER_CATCHER,43145157,森下 翔太,阪神タイガース,MIDDLE_PREMIUM,RF,,30.5,60,-4,-4,51255118,中村 悠平,東京ヤクルトスワローズ,CORNER_CATCHER,C,,30.4,56,-1,-1,0.1,,4,-3,-3
MIDDLE_PREMIUM_MINUS_CORNER_CATCHER|0.2|AGE_UNRESTRICTED|0155,0.2,AGE_UNRESTRICTED,,MIDDLE_PREMIUM_MINUS_CORNER_CATCHER,43145157,森下 翔太,阪神タイガース,MIDDLE_PREMIUM,RF,,30.5,60,-4,-4,71375138,太田 光,東北楽天ゴールデンイーグルス,CORNER_CATCHER,C,,30.5,44,12,12,0,,16,-16,-16
MIDDLE_PREMIUM_MINUS_CORNER_CATCHER|0.2|AGE_UNRESTRICTED|0156,0.2,AGE_UNRESTRICTED,,MIDDLE_PREMIUM_MINUS_CORNER_CATCHER,43145157,森下 翔太,阪神タイガース,MIDDLE_PREMIUM,RF,,30.5,60,-4,-4,51155118,浅村 栄斗,東北楽天ゴールデンイーグルス,CORNER_CATCHER,1B,,30.5,35,21,21,0,,25,-25,-25
MIDDLE_PREMIUM_MINUS_CORNER_CATCHER|0.2|AGE_UNRESTRICTED|0157,0.2,AGE_UNRESTRICTED,,MIDDLE_PREMIUM_MINUS_CORNER_CATCHER,43145157,森下 翔太,阪神タイガース,MIDDLE_PREMIUM,RF,,30.5,60,-4,-4,73175138,渡邊 佳明,東北楽天ゴールデンイーグルス,CORNER_CATCHER,1B,,30.3,50,4,4,0.2,,10,-8,-8
MIDDLE_PREMIUM_MINUS_CORNER_CATCHER|0.2|AGE_UNRESTRICTED|0158,0.2,AGE_UNRESTRICTED,,MIDDLE_PREMIUM_MINUS_CORNER_CATCHER,43145157,森下 翔太,阪神タイガース,MIDDLE_PREMIUM,RF,,30.5,60,-4,-4,91995134,佐野 恵太,横浜DeNAベイスターズ,CORNER_CATCHER,1B,,30.6,48,9,9,0.1,,12,-13,-13
MIDDLE_PREMIUM_MINUS_CORNER_CATCHER|0.2|AGE_UNRESTRICTED|0159,0.2,AGE_UNRESTRICTED,,MIDDLE_PREMIUM_MINUS_CORNER_CATCHER,43145157,森下 翔太,阪神タイガース,MIDDLE_PREMIUM,RF,,30.5,60,-4,-4,51455137,宮﨑 敏郎,横浜DeNAベイスターズ,CORNER_CATCHER,3B,,30.3,33,21,21,0.2,,27,-25,-25
MIDDLE_PREMIUM_MINUS_CORNER_CATCHER|0.2|AGE_UNRESTRICTED|0160,0.2,AGE_UNRESTRICTED,,MIDDLE_PREMIUM_MINUS_CORNER_CATCHER,43145157,森下 翔太,阪神タイガース,MIDDLE_PREMIUM,RF,,30.5,60,-4,-4,81385151,海野 隆司,福岡ソフトバンクホークス,CORNER_CATCHER,C,,30.3,52,2,2,0.2,,8,-6,-6
MIDDLE_PREMIUM_MINUS_CORNER_CATCHER|0.2|AGE_UNRESTRICTED|0161,0.2,AGE_UNRESTRICTED,,MIDDLE_PREMIUM_MINUS_CORNER_CATCHER,43145157,森下 翔太,阪神タイガース,MIDDLE_PREMIUM,RF,,30.5,60,-4,-4,21325134,大山 悠輔,阪神タイガース,CORNER_CATCHER,1B,,30.5,58,-2,-2,0,,2,-2,-2
MIDDLE_PREMIUM_MINUS_CORNER_CATCHER|0.2|AGE_UNRESTRICTED|0162,0.2,AGE_UNRESTRICTED,,MIDDLE_PREMIUM_MINUS_CORNER_CATCHER,43145157,森下 翔太,阪神タイガース,MIDDLE_PREMIUM,RF,,30.5,60,-4,-4,21325139,梅野 隆太郎,阪神タイガース,CORNER_CATCHER,C,,30.6,57,0,0,0.1,,3,-4,-4
MIDDLE_NEUTRAL_MINUS_CORNER_CATCHER|0.2|AGE_UNRESTRICTED|0001,0.2,AGE_UNRESTRICTED,,MIDDLE_NEUTRAL_MINUS_CORNER_CATCHER,91395138,太田 椋,オリックス・バファローズ,MIDDLE_NEUTRAL,2B,,31.7,64,2,2,11815130,宗 佑磨,オリックス・バファローズ,CORNER_CATCHER,3B,,31.9,76,-8,-8,0.2,,-12,10,10
MIDDLE_NEUTRAL_MINUS_CORNER_CATCHER|0.2|AGE_UNRESTRICTED|0002,0.2,AGE_UNRESTRICTED,,MIDDLE_NEUTRAL_MINUS_CORNER_CATCHER,91395138,太田 椋,オリックス・バファローズ,MIDDLE_NEUTRAL,2B,,31.7,64,2,2,41545136,清宮 幸太郎,北海道日本ハムファイターズ,CORNER_CATCHER,1B,,31.7,56,10,10,0,,8,-8,-8
MIDDLE_NEUTRAL_MINUS_CORNER_CATCHER|0.2|AGE_UNRESTRICTED|0003,0.2,AGE_UNRESTRICTED,,MIDDLE_NEUTRAL_MINUS_CORNER_CATCHER,91395138,太田 椋,オリックス・バファローズ,MIDDLE_NEUTRAL,2B,,31.7,64,2,2,31435138,野村 佑希,北海道日本ハムファイターズ,CORNER_CATCHER,LF,,31.7,52,14,14,0,,12,-12,-12
MIDDLE_NEUTRAL_MINUS_CORNER_CATCHER|0.2|AGE_UNRESTRICTED|0004,0.2,AGE_UNRESTRICTED,,MIDDLE_NEUTRAL_MINUS_CORNER_CATCHER,91395138,太田 椋,オリックス・バファローズ,MIDDLE_NEUTRAL,2B,,31.7,64,2,2,91895138,山口 航輝,千葉ロッテマリーンズ,CORNER_CATCHER,LF,,31.9,52,16,16,0.2,,12,-14,-14
MIDDLE_NEUTRAL_MINUS_CORNER_CATCHER|0.2|AGE_UNRESTRICTED|0005,0.2,AGE_UNRESTRICTED,,MIDDLE_NEUTRAL_MINUS_CORNER_CATCHER,91395138,太田 椋,オリックス・バファローズ,MIDDLE_NEUTRAL,2B,,31.7,64,2,2,53955150,モンテロ,広島東洋カープ,CORNER_CATCHER,1B,,31.9,49,19,3,0.2,,15,-17,-1
MIDDLE_NEUTRAL_MINUS_CORNER_CATCHER|0.2|AGE_UNRESTRICTED|0006,0.2,AGE_UNRESTRICTED,,MIDDLE_NEUTRAL_MINUS_CORNER_CATCHER,91395138,太田 椋,オリックス・バファローズ,MIDDLE_NEUTRAL,2B,,31.7,64,2,2,31135133,秋山 翔吾,広島東洋カープ,CORNER_CATCHER,LF,,31.6,77,-11,-10,0.1,,-13,13,12
MIDDLE_NEUTRAL_MINUS_CORNER_CATCHER|0.2|AGE_UNRESTRICTED|0007,0.2,AGE_UNRESTRICTED,,MIDDLE_NEUTRAL_MINUS_CORNER_CATCHER,91495130,西野 真弘,オリックス・バファローズ,MIDDLE_NEUTRAL,2B,,31.6,76,-10,-10,41545136,清宮 幸太郎,北海道日本ハムファイターズ,CORNER_CATCHER,1B,,31.7,56,10,10,0.1,,20,-20,-20
MIDDLE_NEUTRAL_MINUS_CORNER_CATCHER|0.2|AGE_UNRESTRICTED|0008,0.2,AGE_UNRESTRICTED,,MIDDLE_NEUTRAL_MINUS_CORNER_CATCHER,91495130,西野 真弘,オリックス・バファローズ,MIDDLE_NEUTRAL,2B,,31.6,76,-10,-10,31435138,野村 佑希,北海道日本ハムファイターズ,CORNER_CATCHER,LF,,31.7,52,14,14,0.1,,24,-24,-24
MIDDLE_NEUTRAL_MINUS_CORNER_CATCHER|0.2|AGE_UNRESTRICTED|0009,0.2,AGE_UNRESTRICTED,,MIDDLE_NEUTRAL_MINUS_CORNER_CATCHER,91495130,西野 真弘,オリックス・バファローズ,MIDDLE_NEUTRAL,2B,,31.6,76,-10,-10,43745150,ファビアン,広島東洋カープ,CORNER_CATCHER,LF,,31.4,61,3,3,0.2,,15,-13,-13
MIDDLE_NEUTRAL_MINUS_CORNER_CATCHER|0.2|AGE_UNRESTRICTED|0010,0.2,AGE_UNRESTRICTED,,MIDDLE_NEUTRAL_MINUS_CORNER_CATCHER,91495130,西野 真弘,オリックス・バファローズ,MIDDLE_NEUTRAL,2B,,31.6,76,-10,-10,31135133,秋山 翔吾,広島東洋カープ,CORNER_CATCHER,LF,,31.6,77,-11,-10,0,,-1,1,0
MIDDLE_NEUTRAL_MINUS_CORNER_CATCHER|0.2|AGE_UNRESTRICTED|0011,0.2,AGE_UNRESTRICTED,,MIDDLE_NEUTRAL_MINUS_CORNER_CATCHER,31435157,奈良間 大己,北海道日本ハムファイターズ,MIDDLE_NEUTRAL,2B,,31.7,64,2,3,11815130,宗 佑磨,オリックス・バファローズ,CORNER_CATCHER,3B,,31.9,76,-8,-8,0.2,,-12,10,11
MIDDLE_NEUTRAL_MINUS_CORNER_CATCHER|0.2|AGE_UNRESTRICTED|0012,0.2,AGE_UNRESTRICTED,,MIDDLE_NEUTRAL_MINUS_CORNER_CATCHER,31435157,奈良間 大己,北海道日本ハムファイターズ,MIDDLE_NEUTRAL,2B,,31.7,64,2,3,41545136,清宮 幸太郎,北海道日本ハムファイターズ,CORNER_CATCHER,1B,,31.7,56,10,10,0,,8,-8,-7
MIDDLE_NEUTRAL_MINUS_CORNER_CATCHER|0.2|AGE_UNRESTRICTED|0013,0.2,AGE_UNRESTRICTED,,MIDDLE_NEUTRAL_MINUS_CORNER_CATCHER,31435157,奈良間 大己,北海道日本ハムファイターズ,MIDDLE_NEUTRAL,2B,,31.7,64,2,3,31435138,野村 佑希,北海道日本ハムファイターズ,CORNER_CATCHER,LF,,31.7,52,14,14,0,,12,-12,-11
MIDDLE_NEUTRAL_MINUS_CORNER_CATCHER|0.2|AGE_UNRESTRICTED|0014,0.2,AGE_UNRESTRICTED,,MIDDLE_NEUTRAL_MINUS_CORNER_CATCHER,31435157,奈良間 大己,北海道日本ハムファイターズ,MIDDLE_NEUTRAL,2B,,31.7,64,2,3,91895138,山口 航輝,千葉ロッテマリーンズ,CORNER_CATCHER,LF,,31.9,52,16,16,0.2,,12,-14,-13
MIDDLE_NEUTRAL_MINUS_CORNER_CATCHER|0.2|AGE_UNRESTRICTED|0015,0.2,AGE_UNRESTRICTED,,MIDDLE_NEUTRAL_MINUS_CORNER_CATCHER,31435157,奈良間 大己,北海道日本ハムファイターズ,MIDDLE_NEUTRAL,2B,,31.7,64,2,3,53955150,モンテロ,広島東洋カープ,CORNER_CATCHER,1B,,31.9,49,19,3,0.2,,15,-17,0
MIDDLE_NEUTRAL_MINUS_CORNER_CATCHER|0.2|AGE_UNRESTRICTED|0016,0.2,AGE_UNRESTRICTED,,MIDDLE_NEUTRAL_MINUS_CORNER_CATCHER,31435157,奈良間 大己,北海道日本ハムファイターズ,MIDDLE_NEUTRAL,2B,,31.7,64,2,3,31135133,秋山 翔吾,広島東洋カープ,CORNER_CATCHER,LF,,31.6,77,-11,-10,0.1,,-13,13,13
MIDDLE_NEUTRAL_MINUS_CORNER_CATCHER|0.2|AGE_UNRESTRICTED|0017,0.2,AGE_UNRESTRICTED,,MIDDLE_NEUTRAL_MINUS_CORNER_CATCHER,41645136,藤岡 裕大,千葉ロッテマリーンズ,MIDDLE_NEUTRAL,2B,,30.8,65,-7,-7,41645139,若月 健矢,オリックス・バファローズ,CORNER_CATCHER,C,,30.7,48,9,9,0.1,,17,-16,-16
MIDDLE_NEUTRAL_MINUS_CORNER_CATCHER|0.2|AGE_UNRESTRICTED|0018,0.2,AGE_UNRESTRICTED,,MIDDLE_NEUTRAL_MINUS_CORNER_CATCHER,41645136,藤岡 裕大,千葉ロッテマリーンズ,MIDDLE_NEUTRAL,2B,,30.8,65,-7,-7,91195151,石川 昂弥,中日ドラゴンズ,CORNER_CATCHER,3B,,30.6,41,16,16,0.2,,24,-23,-23
MIDDLE_NEUTRAL_MINUS_CORNER_CATCHER|0.2|AGE_UNRESTRICTED|0019,0.2,AGE_UNRESTRICTED,,MIDDLE_NEUTRAL_MINUS_CORNER_CATCHER,41645136,藤岡 裕大,千葉ロッテマリーンズ,MIDDLE_NEUTRAL,2B,,30.8,65,-7,-7,81785155,古賀 悠斗,埼玉西武ライオンズ,CORNER_CATCHER,C,,30.6,47,10,10,0.2,,18,-17,-17
MIDDLE_NEUTRAL_MINUS_CORNER_CATCHER|0.2|AGE_UNRESTRICTED|0020,0.2,AGE_UNRESTRICTED,,MIDDLE_NEUTRAL_MINUS_CORNER_CATCHER,41645136,藤岡 裕大,千葉ロッテマリーンズ,MIDDLE_NEUTRAL,2B,,30.8,65,-7,-7,11915134,坂倉 将吾,広島東洋カープ,CORNER_CATCHER,1B,,30.6,68,-11,-11,0.2,,-3,4,4
MIDDLE_NEUTRAL_MINUS_CORNER_CATCHER|0.2|AGE_UNRESTRICTED|0021,0.2,AGE_UNRESTRICTED,,MIDDLE_NEUTRAL_MINUS_CORNER_CATCHER,41645136,藤岡 裕大,千葉ロッテマリーンズ,MIDDLE_NEUTRAL,2B,,30.8,65,-7,-7,53755153,サンタナ,東京ヤクルトスワローズ,CORNER_CATCHER,LF,,30.8,47,11,11,0,,18,-18,-18
MIDDLE_NEUTRAL_MINUS_CORNER_CATCHER|0.2|AGE_UNRESTRICTED|0022,0.2,AGE_UNRESTRICTED,,MIDDLE_NEUTRAL_MINUS_CORNER_CATCHER,41645136,藤岡 裕大,千葉ロッテマリーンズ,MIDDLE_NEUTRAL,2B,,30.8,65,-7,-7,91995134,佐野 恵太,横浜DeNAベイスターズ,CORNER_CATCHER,1B,,30.6,48,9,9,0.2,,17,-16,-16
MIDDLE_NEUTRAL_MINUS_CORNER_CATCHER|0.2|AGE_UNRESTRICTED|0023,0.2,AGE_UNRESTRICTED,,MIDDLE_NEUTRAL_MINUS_CORNER_CATCHER,41645136,藤岡 裕大,千葉ロッテマリーンズ,MIDDLE_NEUTRAL,2B,,30.8,65,-7,-7,23125136,山本 祐大,横浜DeNAベイスターズ,CORNER_CATCHER,C,,31,61,-1,-1,0.2,,4,-6,-6
MIDDLE_NEUTRAL_MINUS_CORNER_CATCHER|0.2|AGE_UNRESTRICTED|0024,0.2,AGE_UNRESTRICTED,,MIDDLE_NEUTRAL_MINUS_CORNER_CATCHER,41645136,藤岡 裕大,千葉ロッテマリーンズ,MIDDLE_NEUTRAL,2B,,30.8,65,-7,-7,21325139,梅野 隆太郎,阪神タイガース,CORNER_CATCHER,C,,30.6,57,0,0,0.2,,8,-7,-7
MIDDLE_NEUTRAL_MINUS_CORNER_CATCHER|0.2|AGE_UNRESTRICTED|0025,0.2,AGE_UNRESTRICTED,,MIDDLE_NEUTRAL_MINUS_CORNER_CATCHER,41245130,外崎 修汰,埼玉西武ライオンズ,MIDDLE_NEUTRAL,2B,,32.3,68,4,4,51055138,田宮 裕涼,北海道日本ハムファイターズ,CORNER_CATCHER,C,,32.4,68,5,5,0.1,,0,-1,-1
MIDDLE_NEUTRAL_MINUS_CORNER_CATCHER|0.2|AGE_UNRESTRICTED|0026,0.2,AGE_UNRESTRICTED,,MIDDLE_NEUTRAL_MINUS_CORNER_CATCHER,41245130,外崎 修汰,埼玉西武ライオンズ,MIDDLE_NEUTRAL,2B,,32.3,68,4,4,01705134,古賀 優大,東京ヤクルトスワローズ,CORNER_CATCHER,C,,32.1,46,24,24,0.2,,22,-20,-20
MIDDLE_NEUTRAL_MINUS_CORNER_CATCHER|0.2|AGE_UNRESTRICTED|0027,0.2,AGE_UNRESTRICTED,,MIDDLE_NEUTRAL_MINUS_CORNER_CATCHER,41245130,外崎 修汰,埼玉西武ライオンズ,MIDDLE_NEUTRAL,2B,,32.3,68,4,4,31835133,柳田 悠岐,福岡ソフトバンクホークス,CORNER_CATCHER,LF,,32.1,67,3,3,0.2,,1,1,1
MIDDLE_NEUTRAL_MINUS_CORNER_CATCHER|0.2|AGE_UNRESTRICTED|0028,0.2,AGE_UNRESTRICTED,,MIDDLE_NEUTRAL_MINUS_CORNER_CATCHER,41245130,外崎 修汰,埼玉西武ライオンズ,MIDDLE_NEUTRAL,2B,,32.3,68,4,4,41045153,佐藤 輝明,阪神タイガース,CORNER_CATCHER,3B,,32.1,68,2,2,0.2,,0,2,2
MIDDLE_NEUTRAL_MINUS_CORNER_CATCHER|0.2|AGE_UNRESTRICTED|0029,0.2,AGE_UNRESTRICTED,,MIDDLE_NEUTRAL_MINUS_CORNER_CATCHER,21125134,石井 一成,埼玉西武ライオンズ,MIDDLE_NEUTRAL,2B,,32.6,79,-4,-4,31835134,細川 成也,中日ドラゴンズ,CORNER_CATCHER,LF,,32.7,60,15,15,0.1,,19,-19,-19
MIDDLE_NEUTRAL_MINUS_CORNER_CATCHER|0.2|AGE_UNRESTRICTED|0030,0.2,AGE_UNRESTRICTED,,MIDDLE_NEUTRAL_MINUS_CORNER_CATCHER,21125134,石井 一成,埼玉西武ライオンズ,MIDDLE_NEUTRAL,2B,,32.6,79,-4,-4,51055138,田宮 裕涼,北海道日本ハムファイターズ,CORNER_CATCHER,C,,32.4,68,5,5,0.2,,11,-9,-9
MIDDLE_NEUTRAL_MINUS_CORNER_CATCHER|0.2|AGE_UNRESTRICTED|0031,0.2,AGE_UNRESTRICTED,,MIDDLE_NEUTRAL_MINUS_CORNER_CATCHER,21125134,石井 一成,埼玉西武ライオンズ,MIDDLE_NEUTRAL,2B,,32.6,79,-4,-4,21925151,郡司 裕也,北海道日本ハムファイターズ,CORNER_CATCHER,3B,,32.7,61,14,14,0.1,,18,-18,-18
MIDDLE_NEUTRAL_MINUS_CORNER_CATCHER|0.2|AGE_UNRESTRICTED|0032,0.2,AGE_UNRESTRICTED,,MIDDLE_NEUTRAL_MINUS_CORNER_CATCHER,21125134,石井 一成,埼玉西武ライオンズ,MIDDLE_NEUTRAL,2B,,32.6,79,-4,-4,11515139,岡 大海,千葉ロッテマリーンズ,CORNER_CATCHER,1B,,32.6,82,-7,-7,0,,-3,3,3
MIDDLE_NEUTRAL_MINUS_CORNER_CATCHER|0.2|AGE_UNRESTRICTED|0033,0.2,AGE_UNRESTRICTED,,MIDDLE_NEUTRAL_MINUS_CORNER_CATCHER,61565135,菊池 涼介,広島東洋カープ,MIDDLE_NEUTRAL,2B,,31.8,72,-5,-5,11815130,宗 佑磨,オリックス・バファローズ,CORNER_CATCHER,3B,,31.9,76,-8,-8,0.1,,-4,3,3
MIDDLE_NEUTRAL_MINUS_CORNER_CATCHER|0.2|AGE_UNRESTRICTED|0034,0.2,AGE_UNRESTRICTED,,MIDDLE_NEUTRAL_MINUS_CORNER_CATCHER,61565135,菊池 涼介,広島東洋カープ,MIDDLE_NEUTRAL,2B,,31.8,72,-5,-5,41545136,清宮 幸太郎,北海道日本ハムファイターズ,CORNER_CATCHER,1B,,31.7,56,10,10,0.1,,16,-15,-15
MIDDLE_NEUTRAL_MINUS_CORNER_CATCHER|0.2|AGE_UNRESTRICTED|0035,0.2,AGE_UNRESTRICTED,,MIDDLE_NEUTRAL_MINUS_CORNER_CATCHER,61565135,菊池 涼介,広島東洋カープ,MIDDLE_NEUTRAL,2B,,31.8,72,-5,-5,31435138,野村 佑希,北海道日本ハムファイターズ,CORNER_CATCHER,LF,,31.7,52,14,14,0.1,,20,-19,-19
MIDDLE_NEUTRAL_MINUS_CORNER_CATCHER|0.2|AGE_UNRESTRICTED|0036,0.2,AGE_UNRESTRICTED,,MIDDLE_NEUTRAL_MINUS_CORNER_CATCHER,61565135,菊池 涼介,広島東洋カープ,MIDDLE_NEUTRAL,2B,,31.8,72,-5,-5,91895138,山口 航輝,千葉ロッテマリーンズ,CORNER_CATCHER,LF,,31.9,52,16,16,0.1,,20,-21,-21
MIDDLE_NEUTRAL_MINUS_CORNER_CATCHER|0.2|AGE_UNRESTRICTED|0037,0.2,AGE_UNRESTRICTED,,MIDDLE_NEUTRAL_MINUS_CORNER_CATCHER,61565135,菊池 涼介,広島東洋カープ,MIDDLE_NEUTRAL,2B,,31.8,72,-5,-5,53955150,モンテロ,広島東洋カープ,CORNER_CATCHER,1B,,31.9,49,19,3,0.1,,23,-24,-8
MIDDLE_NEUTRAL_MINUS_CORNER_CATCHER|0.2|AGE_UNRESTRICTED|0038,0.2,AGE_UNRESTRICTED,,MIDDLE_NEUTRAL_MINUS_CORNER_CATCHER,61565135,菊池 涼介,広島東洋カープ,MIDDLE_NEUTRAL,2B,,31.8,72,-5,-5,31135133,秋山 翔吾,広島東洋カープ,CORNER_CATCHER,LF,,31.6,77,-11,-10,0.2,,-5,6,5
MIDDLE_NEUTRAL_MINUS_CORNER_CATCHER|0.2|AGE_UNRESTRICTED|0039,0.2,AGE_UNRESTRICTED,,MIDDLE_NEUTRAL_MINUS_CORNER_CATCHER,91695157,林 琢真,横浜DeNAベイスターズ,MIDDLE_NEUTRAL,2B,,32,82,-13,-8,11815130,宗 佑磨,オリックス・バファローズ,CORNER_CATCHER,3B,,31.9,76,-8,-8,0.1,,6,-5,0
MIDDLE_NEUTRAL_MINUS_CORNER_CATCHER|0.2|AGE_UNRESTRICTED|0040,0.2,AGE_UNRESTRICTED,,MIDDLE_NEUTRAL_MINUS_CORNER_CATCHER,91695157,林 琢真,横浜DeNAベイスターズ,MIDDLE_NEUTRAL,2B,,32,82,-13,-8,91895138,山口 航輝,千葉ロッテマリーンズ,CORNER_CATCHER,LF,,31.9,52,16,16,0.1,,30,-29,-24
MIDDLE_NEUTRAL_MINUS_CORNER_CATCHER|0.2|AGE_UNRESTRICTED|0041,0.2,AGE_UNRESTRICTED,,MIDDLE_NEUTRAL_MINUS_CORNER_CATCHER,91695157,林 琢真,横浜DeNAベイスターズ,MIDDLE_NEUTRAL,2B,,32,82,-13,-8,53955150,モンテロ,広島東洋カープ,CORNER_CATCHER,1B,,31.9,49,19,3,0.1,,33,-32,-11
MIDDLE_NEUTRAL_MINUS_CORNER_CATCHER|0.2|AGE_UNRESTRICTED|0042,0.2,AGE_UNRESTRICTED,,MIDDLE_NEUTRAL_MINUS_CORNER_CATCHER,91695157,林 琢真,横浜DeNAベイスターズ,MIDDLE_NEUTRAL,2B,,32,82,-13,-8,01705134,古賀 優大,東京ヤクルトスワローズ,CORNER_CATCHER,C,,32.1,46,24,24,0.1,,36,-37,-32
MIDDLE_NEUTRAL_MINUS_CORNER_CATCHER|0.2|AGE_UNRESTRICTED|0043,0.2,AGE_UNRESTRICTED,,MIDDLE_NEUTRAL_MINUS_CORNER_CATCHER,91695157,林 琢真,横浜DeNAベイスターズ,MIDDLE_NEUTRAL,2B,,32,82,-13,-8,31835133,柳田 悠岐,福岡ソフトバンクホークス,CORNER_CATCHER,LF,,32.1,67,3,3,0.1,,15,-16,-11
MIDDLE_NEUTRAL_MINUS_CORNER_CATCHER|0.2|AGE_UNRESTRICTED|0044,0.2,AGE_UNRESTRICTED,,MIDDLE_NEUTRAL_MINUS_CORNER_CATCHER,91695157,林 琢真,横浜DeNAベイスターズ,MIDDLE_NEUTRAL,2B,,32,82,-13,-8,41045153,佐藤 輝明,阪神タイガース,CORNER_CATCHER,3B,,32.1,68,2,2,0.1,,14,-15,-10
MIDDLE_NEUTRAL_MINUS_CORNER_CATCHER|0.2|AGE_UNRESTRICTED|0045,0.2,AGE_UNRESTRICTED,,MIDDLE_NEUTRAL_MINUS_CORNER_CATCHER,13115153,牧 秀悟,横浜DeNAベイスターズ,MIDDLE_NEUTRAL,2B,,31.6,67,-1,-1,41545136,清宮 幸太郎,北海道日本ハムファイターズ,CORNER_CATCHER,1B,,31.7,56,10,10,0.1,,11,-11,-11
MIDDLE_NEUTRAL_MINUS_CORNER_CATCHER|0.2|AGE_UNRESTRICTED|0046,0.2,AGE_UNRESTRICTED,,MIDDLE_NEUTRAL_MINUS_CORNER_CATCHER,13115153,牧 秀悟,横浜DeNAベイスターズ,MIDDLE_NEUTRAL,2B,,31.6,67,-1,-1,31435138,野村 佑希,北海道日本ハムファイターズ,CORNER_CATCHER,LF,,31.7,52,14,14,0.1,,15,-15,-15
MIDDLE_NEUTRAL_MINUS_CORNER_CATCHER|0.2|AGE_UNRESTRICTED|0047,0.2,AGE_UNRESTRICTED,,MIDDLE_NEUTRAL_MINUS_CORNER_CATCHER,13115153,牧 秀悟,横浜DeNAベイスターズ,MIDDLE_NEUTRAL,2B,,31.6,67,-1,-1,43745150,ファビアン,広島東洋カープ,CORNER_CATCHER,LF,,31.4,61,3,3,0.2,,6,-4,-4
MIDDLE_NEUTRAL_MINUS_CORNER_CATCHER|0.2|AGE_UNRESTRICTED|0048,0.2,AGE_UNRESTRICTED,,MIDDLE_NEUTRAL_MINUS_CORNER_CATCHER,13115153,牧 秀悟,横浜DeNAベイスターズ,MIDDLE_NEUTRAL,2B,,31.6,67,-1,-1,31135133,秋山 翔吾,広島東洋カープ,CORNER_CATCHER,LF,,31.6,77,-11,-10,0,,-10,10,9
MIDDLE_NEUTRAL_MINUS_CORNER_CATCHER|0.2|AGE_UNRESTRICTED|0049,0.2,AGE_UNRESTRICTED,,MIDDLE_NEUTRAL_MINUS_CORNER_CATCHER,73375134,吉川 尚輝,読売ジャイアンツ,MIDDLE_NEUTRAL,2B,,32.5,80,-6,-6,31835134,細川 成也,中日ドラゴンズ,CORNER_CATCHER,LF,,32.7,60,15,15,0.2,,20,-21,-21
MIDDLE_NEUTRAL_MINUS_CORNER_CATCHER|0.2|AGE_UNRESTRICTED|0050,0.2,AGE_UNRESTRICTED,,MIDDLE_NEUTRAL_MINUS_CORNER_CATCHER,73375134,吉川 尚輝,読売ジャイアンツ,MIDDLE_NEUTRAL,2B,,32.5,80,-6,-6,51055138,田宮 裕涼,北海道日本ハムファイターズ,CORNER_CATCHER,C,,32.4,68,5,5,0.1,,12,-11,-11
MIDDLE_NEUTRAL_MINUS_CORNER_CATCHER|0.2|AGE_UNRESTRICTED|0051,0.2,AGE_UNRESTRICTED,,MIDDLE_NEUTRAL_MINUS_CORNER_CATCHER,73375134,吉川 尚輝,読売ジャイアンツ,MIDDLE_NEUTRAL,2B,,32.5,80,-6,-6,21925151,郡司 裕也,北海道日本ハムファイターズ,CORNER_CATCHER,3B,,32.7,61,14,14,0.2,,19,-20,-20
MIDDLE_NEUTRAL_MINUS_CORNER_CATCHER|0.2|AGE_UNRESTRICTED|0052,0.2,AGE_UNRESTRICTED,,MIDDLE_NEUTRAL_MINUS_CORNER_CATCHER,73375134,吉川 尚輝,読売ジャイアンツ,MIDDLE_NEUTRAL,2B,,32.5,80,-6,-6,11515139,岡 大海,千葉ロッテマリーンズ,CORNER_CATCHER,1B,,32.6,82,-7,-7,0.1,,-2,1,1
MIDDLE_NEUTRAL_MINUS_CORNER_CATCHER|0.2|AGE_UNRESTRICTED|0053,0.2,AGE_UNRESTRICTED,,MIDDLE_NEUTRAL_MINUS_CORNER_CATCHER,41445153,中野 拓夢,阪神タイガース,MIDDLE_NEUTRAL,2B,,32.9,75,2,2,81685157,福永 裕基,中日ドラゴンズ,CORNER_CATCHER,3B,,33,64,14,14,0.1,,11,-12,-12
MIDDLE_NEUTRAL_MINUS_CORNER_CATCHER|0.2|AGE_UNRESTRICTED|0054,0.2,AGE_UNRESTRICTED,,MIDDLE_NEUTRAL_MINUS_CORNER_CATCHER,41445153,中野 拓夢,阪神タイガース,MIDDLE_NEUTRAL,2B,,32.9,75,2,2,31835134,細川 成也,中日ドラゴンズ,CORNER_CATCHER,LF,,32.7,60,15,15,0.2,,15,-13,-13
MIDDLE_NEUTRAL_MINUS_CORNER_CATCHER|0.2|AGE_UNRESTRICTED|0055,0.2,AGE_UNRESTRICTED,,MIDDLE_NEUTRAL_MINUS_CORNER_CATCHER,41445153,中野 拓夢,阪神タイガース,MIDDLE_NEUTRAL,2B,,32.9,75,2,2,21925151,郡司 裕也,北海道日本ハムファイターズ,CORNER_CATCHER,3B,,32.7,61,14,14,0.2,,14,-12,-12
MIDDLE_PREMIUM_MINUS_MIDDLE_NEUTRAL|0.3|AGE_UNRESTRICTED|0001,0.3,AGE_UNRESTRICTED,,MIDDLE_PREMIUM_MINUS_MIDDLE_NEUTRAL,51255138,中川 圭太,オリックス・バファローズ,MIDDLE_PREMIUM,CF,,32.6,74,1,1,41245130,外崎 修汰,埼玉西武ライオンズ,MIDDLE_NEUTRAL,2B,,32.3,68,4,4,0.3,,6,-3,-3
MIDDLE_PREMIUM_MINUS_MIDDLE_NEUTRAL|0.3|AGE_UNRESTRICTED|0002,0.3,AGE_UNRESTRICTED,,MIDDLE_PREMIUM_MINUS_MIDDLE_NEUTRAL,51255138,中川 圭太,オリックス・バファローズ,MIDDLE_PREMIUM,CF,,32.6,74,1,1,21125134,石井 一成,埼玉西武ライオンズ,MIDDLE_NEUTRAL,2B,,32.6,79,-4,-4,0,,-5,5,5
MIDDLE_PREMIUM_MINUS_MIDDLE_NEUTRAL|0.3|AGE_UNRESTRICTED|0003,0.3,AGE_UNRESTRICTED,,MIDDLE_PREMIUM_MINUS_MIDDLE_NEUTRAL,51255138,中川 圭太,オリックス・バファローズ,MIDDLE_PREMIUM,CF,,32.6,74,1,1,73375134,吉川 尚輝,読売ジャイアンツ,MIDDLE_NEUTRAL,2B,,32.5,80,-6,-6,0.1,,-6,7,7
MIDDLE_PREMIUM_MINUS_MIDDLE_NEUTRAL|0.3|AGE_UNRESTRICTED|0004,0.3,AGE_UNRESTRICTED,,MIDDLE_PREMIUM_MINUS_MIDDLE_NEUTRAL,51255138,中川 圭太,オリックス・バファローズ,MIDDLE_PREMIUM,CF,,32.6,74,1,1,41445153,中野 拓夢,阪神タイガース,MIDDLE_NEUTRAL,2B,,32.9,75,2,2,0.3,,-1,-1,-1
MIDDLE_PREMIUM_MINUS_MIDDLE_NEUTRAL|0.3|AGE_UNRESTRICTED|0005,0.3,AGE_UNRESTRICTED,,MIDDLE_PREMIUM_MINUS_MIDDLE_NEUTRAL,51955153,来田 涼斗,オリックス・バファローズ,MIDDLE_PREMIUM,RF,,32.4,85,-12,-12,41245130,外崎 修汰,埼玉西武ライオンズ,MIDDLE_NEUTRAL,2B,,32.3,68,4,4,0.1,,17,-16,-16
MIDDLE_PREMIUM_MINUS_MIDDLE_NEUTRAL|0.3|AGE_UNRESTRICTED|0006,0.3,AGE_UNRESTRICTED,,MIDDLE_PREMIUM_MINUS_MIDDLE_NEUTRAL,51955153,来田 涼斗,オリックス・バファローズ,MIDDLE_PREMIUM,RF,,32.4,85,-12,-12,21125134,石井 一成,埼玉西武ライオンズ,MIDDLE_NEUTRAL,2B,,32.6,79,-4,-4,0.2,,6,-8,-8
MIDDLE_PREMIUM_MINUS_MIDDLE_NEUTRAL|0.3|AGE_UNRESTRICTED|0007,0.3,AGE_UNRESTRICTED,,MIDDLE_PREMIUM_MINUS_MIDDLE_NEUTRAL,51955153,来田 涼斗,オリックス・バファローズ,MIDDLE_PREMIUM,RF,,32.4,85,-12,-12,73375134,吉川 尚輝,読売ジャイアンツ,MIDDLE_NEUTRAL,2B,,32.5,80,-6,-6,0.1,,5,-6,-6
MIDDLE_PREMIUM_MINUS_MIDDLE_NEUTRAL|0.3|AGE_UNRESTRICTED|0008,0.3,AGE_UNRESTRICTED,,MIDDLE_PREMIUM_MINUS_MIDDLE_NEUTRAL,91995151,紅林 弘太郎,オリックス・バファローズ,MIDDLE_PREMIUM,SS,,30.7,56,1,1,41645136,藤岡 裕大,千葉ロッテマリーンズ,MIDDLE_NEUTRAL,2B,,30.8,65,-7,-7,0.1,,-9,8,8
MIDDLE_PREMIUM_MINUS_MIDDLE_NEUTRAL|0.3|AGE_UNRESTRICTED|0009,0.3,AGE_UNRESTRICTED,,MIDDLE_PREMIUM_MINUS_MIDDLE_NEUTRAL,93795157,カリステ,中日ドラゴンズ,MIDDLE_PREMIUM,RF,,31.3,82,-19,-18,91495130,西野 真弘,オリックス・バファローズ,MIDDLE_NEUTRAL,2B,,31.6,76,-10,-10,0.3,,6,-9,-8
MIDDLE_PREMIUM_MINUS_MIDDLE_NEUTRAL|0.3|AGE_UNRESTRICTED|0010,0.3,AGE_UNRESTRICTED,,MIDDLE_PREMIUM_MINUS_MIDDLE_NEUTRAL,93795157,カリステ,中日ドラゴンズ,MIDDLE_PREMIUM,RF,,31.3,82,-19,-18,13115153,牧 秀悟,横浜DeNAベイスターズ,MIDDLE_NEUTRAL,2B,,31.6,67,-1,-1,0.3,,15,-18,-17
MIDDLE_PREMIUM_MINUS_MIDDLE_NEUTRAL|0.3|AGE_UNRESTRICTED|0011,0.3,AGE_UNRESTRICTED,,MIDDLE_PREMIUM_MINUS_MIDDLE_NEUTRAL,01305131,大島 洋平,中日ドラゴンズ,MIDDLE_PREMIUM,CF,,31.7,74,-8,-8,91395138,太田 椋,オリックス・バファローズ,MIDDLE_NEUTRAL,2B,,31.7,64,2,2,0,,10,-10,-10
MIDDLE_PREMIUM_MINUS_MIDDLE_NEUTRAL|0.3|AGE_UNRESTRICTED|0012,0.3,AGE_UNRESTRICTED,,MIDDLE_PREMIUM_MINUS_MIDDLE_NEUTRAL,01305131,大島 洋平,中日ドラゴンズ,MIDDLE_PREMIUM,CF,,31.7,74,-8,-8,91495130,西野 真弘,オリックス・バファローズ,MIDDLE_NEUTRAL,2B,,31.6,76,-10,-10,0.1,,-2,2,2
MIDDLE_PREMIUM_MINUS_MIDDLE_NEUTRAL|0.3|AGE_UNRESTRICTED|0013,0.3,AGE_UNRESTRICTED,,MIDDLE_PREMIUM_MINUS_MIDDLE_NEUTRAL,01305131,大島 洋平,中日ドラゴンズ,MIDDLE_PREMIUM,CF,,31.7,74,-8,-8,31435157,奈良間 大己,北海道日本ハムファイターズ,MIDDLE_NEUTRAL,2B,,31.7,64,2,3,0,,10,-10,-11
MIDDLE_PREMIUM_MINUS_MIDDLE_NEUTRAL|0.3|AGE_UNRESTRICTED|0014,0.3,AGE_UNRESTRICTED,,MIDDLE_PREMIUM_MINUS_MIDDLE_NEUTRAL,01305131,大島 洋平,中日ドラゴンズ,MIDDLE_PREMIUM,CF,,31.7,74,-8,-8,61565135,菊池 涼介,広島東洋カープ,MIDDLE_NEUTRAL,2B,,31.8,72,-5,-5,0.1,,2,-3,-3
MIDDLE_PREMIUM_MINUS_MIDDLE_NEUTRAL|0.3|AGE_UNRESTRICTED|0015,0.3,AGE_UNRESTRICTED,,MIDDLE_PREMIUM_MINUS_MIDDLE_NEUTRAL,01305131,大島 洋平,中日ドラゴンズ,MIDDLE_PREMIUM,CF,,31.7,74,-8,-8,91695157,林 琢真,横浜DeNAベイスターズ,MIDDLE_NEUTRAL,2B,,32,82,-13,-8,0.3,,-8,5,0
MIDDLE_PREMIUM_MINUS_MIDDLE_NEUTRAL|0.3|AGE_UNRESTRICTED|0016,0.3,AGE_UNRESTRICTED,,MIDDLE_PREMIUM_MINUS_MIDDLE_NEUTRAL,01305131,大島 洋平,中日ドラゴンズ,MIDDLE_PREMIUM,CF,,31.7,74,-8,-8,13115153,牧 秀悟,横浜DeNAベイスターズ,MIDDLE_NEUTRAL,2B,,31.6,67,-1,-1,0.1,,7,-7,-7
MIDDLE_PREMIUM_MINUS_MIDDLE_NEUTRAL|0.3|AGE_UNRESTRICTED|0017,0.3,AGE_UNRESTRICTED,,MIDDLE_PREMIUM_MINUS_MIDDLE_NEUTRAL,81585151,岡林 勇希,中日ドラゴンズ,MIDDLE_PREMIUM,CF,,32.5,81,-7,-7,41245130,外崎 修汰,埼玉西武ライオンズ,MIDDLE_NEUTRAL,2B,,32.3,68,4,4,0.2,,13,-11,-11
MIDDLE_PREMIUM_MINUS_MIDDLE_NEUTRAL|0.3|AGE_UNRESTRICTED|0018,0.3,AGE_UNRESTRICTED,,MIDDLE_PREMIUM_MINUS_MIDDLE_NEUTRAL,81585151,岡林 勇希,中日ドラゴンズ,MIDDLE_PREMIUM,CF,,32.5,81,-7,-7,21125134,石井 一成,埼玉西武ライオンズ,MIDDLE_NEUTRAL,2B,,32.6,79,-4,-4,0.1,,2,-3,-3
MIDDLE_PREMIUM_MINUS_MIDDLE_NEUTRAL|0.3|AGE_UNRESTRICTED|0019,0.3,AGE_UNRESTRICTED,,MIDDLE_PREMIUM_MINUS_MIDDLE_NEUTRAL,81585151,岡林 勇希,中日ドラゴンズ,MIDDLE_PREMIUM,CF,,32.5,81,-7,-7,73375134,吉川 尚輝,読売ジャイアンツ,MIDDLE_NEUTRAL,2B,,32.5,80,-6,-6,0,,1,-1,-1
MIDDLE_PREMIUM_MINUS_MIDDLE_NEUTRAL|0.3|AGE_UNRESTRICTED|0020,0.3,AGE_UNRESTRICTED,,MIDDLE_PREMIUM_MINUS_MIDDLE_NEUTRAL,03105157,村松 開人,中日ドラゴンズ,MIDDLE_PREMIUM,SS,,33.4,80,2,2,21025157,田中 幹也,中日ドラゴンズ,MIDDLE_NEUTRAL,2B,,33.5,83,0,0,0.1,,-3,2,2
MIDDLE_PREMIUM_MINUS_MIDDLE_NEUTRAL|0.3|AGE_UNRESTRICTED|0021,0.3,AGE_UNRESTRICTED,,MIDDLE_PREMIUM_MINUS_MIDDLE_NEUTRAL,03105157,村松 開人,中日ドラゴンズ,MIDDLE_PREMIUM,SS,,33.4,80,2,2,11715153,小川 龍成,千葉ロッテマリーンズ,MIDDLE_NEUTRAL,2B,,33.4,86,-4,-4,0,,-6,6,6
MIDDLE_PREMIUM_MINUS_MIDDLE_NEUTRAL|0.3|AGE_UNRESTRICTED|0022,0.3,AGE_UNRESTRICTED,,MIDDLE_PREMIUM_MINUS_MIDDLE_NEUTRAL,03105157,村松 開人,中日ドラゴンズ,MIDDLE_PREMIUM,SS,,33.4,80,2,2,61465133,牧原 大成,福岡ソフトバンクホークス,MIDDLE_NEUTRAL,2B,,33.5,82,1,1,0.1,,-2,1,1
MIDDLE_PREMIUM_MINUS_MIDDLE_NEUTRAL|0.3|AGE_UNRESTRICTED|0023,0.3,AGE_UNRESTRICTED,,MIDDLE_PREMIUM_MINUS_MIDDLE_NEUTRAL,91395132,板山 祐太郎,中日ドラゴンズ,MIDDLE_PREMIUM,RF,,32,72,-3,-3,91395138,太田 椋,オリックス・バファローズ,MIDDLE_NEUTRAL,2B,,31.7,64,2,2,0.3,,8,-5,-5
MIDDLE_PREMIUM_MINUS_MIDDLE_NEUTRAL|0.3|AGE_UNRESTRICTED|0024,0.3,AGE_UNRESTRICTED,,MIDDLE_PREMIUM_MINUS_MIDDLE_NEUTRAL,91395132,板山 祐太郎,中日ドラゴンズ,MIDDLE_PREMIUM,RF,,32,72,-3,-3,31435157,奈良間 大己,北海道日本ハムファイターズ,MIDDLE_NEUTRAL,2B,,31.7,64,2,3,0.3,,8,-5,-6
MIDDLE_PREMIUM_MINUS_MIDDLE_NEUTRAL|0.3|AGE_UNRESTRICTED|0025,0.3,AGE_UNRESTRICTED,,MIDDLE_PREMIUM_MINUS_MIDDLE_NEUTRAL,91395132,板山 祐太郎,中日ドラゴンズ,MIDDLE_PREMIUM,RF,,32,72,-3,-3,41245130,外崎 修汰,埼玉西武ライオンズ,MIDDLE_NEUTRAL,2B,,32.3,68,4,4,0.3,,4,-7,-7
MIDDLE_PREMIUM_MINUS_MIDDLE_NEUTRAL|0.3|AGE_UNRESTRICTED|0026,0.3,AGE_UNRESTRICTED,,MIDDLE_PREMIUM_MINUS_MIDDLE_NEUTRAL,91395132,板山 祐太郎,中日ドラゴンズ,MIDDLE_PREMIUM,RF,,32,72,-3,-3,61565135,菊池 涼介,広島東洋カープ,MIDDLE_NEUTRAL,2B,,31.8,72,-5,-5,0.2,,0,2,2
MIDDLE_PREMIUM_MINUS_MIDDLE_NEUTRAL|0.3|AGE_UNRESTRICTED|0027,0.3,AGE_UNRESTRICTED,,MIDDLE_PREMIUM_MINUS_MIDDLE_NEUTRAL,91395132,板山 祐太郎,中日ドラゴンズ,MIDDLE_PREMIUM,RF,,32,72,-3,-3,91695157,林 琢真,横浜DeNAベイスターズ,MIDDLE_NEUTRAL,2B,,32,82,-13,-8,0,,-10,10,5
MIDDLE_PREMIUM_MINUS_MIDDLE_NEUTRAL|0.3|AGE_UNRESTRICTED|0028,0.3,AGE_UNRESTRICTED,,MIDDLE_PREMIUM_MINUS_MIDDLE_NEUTRAL,63165155,水野 達稀,北海道日本ハムファイターズ,MIDDLE_PREMIUM,SS,,33.4,71,11,11,21025157,田中 幹也,中日ドラゴンズ,MIDDLE_NEUTRAL,2B,,33.5,83,0,0,0.1,,-12,11,11
MIDDLE_PREMIUM_MINUS_MIDDLE_NEUTRAL|0.3|AGE_UNRESTRICTED|0029,0.3,AGE_UNRESTRICTED,,MIDDLE_PREMIUM_MINUS_MIDDLE_NEUTRAL,63165155,水野 達稀,北海道日本ハムファイターズ,MIDDLE_PREMIUM,SS,,33.4,71,11,11,11715153,小川 龍成,千葉ロッテマリーンズ,MIDDLE_NEUTRAL,2B,,33.4,86,-4,-4,0,,-15,15,15
MIDDLE_PREMIUM_MINUS_MIDDLE_NEUTRAL|0.3|AGE_UNRESTRICTED|0030,0.3,AGE_UNRESTRICTED,,MIDDLE_PREMIUM_MINUS_MIDDLE_NEUTRAL,63165155,水野 達稀,北海道日本ハムファイターズ,MIDDLE_PREMIUM,SS,,33.4,71,11,11,61465133,牧原 大成,福岡ソフトバンクホークス,MIDDLE_NEUTRAL,2B,,33.5,82,1,1,0.1,,-11,10,10
MIDDLE_PREMIUM_MINUS_MIDDLE_NEUTRAL|0.3|AGE_UNRESTRICTED|0031,0.3,AGE_UNRESTRICTED,,MIDDLE_PREMIUM_MINUS_MIDDLE_NEUTRAL,71275157,友杉 篤輝,千葉ロッテマリーンズ,MIDDLE_PREMIUM,SS,,32.7,87,-12,-12,21125134,石井 一成,埼玉西武ライオンズ,MIDDLE_NEUTRAL,2B,,32.6,79,-4,-4,0.1,,8,-8,-8
MIDDLE_PREMIUM_MINUS_MIDDLE_NEUTRAL|0.3|AGE_UNRESTRICTED|0032,0.3,AGE_UNRESTRICTED,,MIDDLE_PREMIUM_MINUS_MIDDLE_NEUTRAL,71275157,友杉 篤輝,千葉ロッテマリーンズ,MIDDLE_PREMIUM,SS,,32.7,87,-12,-12,73375134,吉川 尚輝,読売ジャイアンツ,MIDDLE_NEUTRAL,2B,,32.5,80,-6,-6,0.2,,7,-6,-6
MIDDLE_PREMIUM_MINUS_MIDDLE_NEUTRAL|0.3|AGE_UNRESTRICTED|0033,0.3,AGE_UNRESTRICTED,,MIDDLE_PREMIUM_MINUS_MIDDLE_NEUTRAL,71275157,友杉 篤輝,千葉ロッテマリーンズ,MIDDLE_PREMIUM,SS,,32.7,87,-12,-12,41445153,中野 拓夢,阪神タイガース,MIDDLE_NEUTRAL,2B,,32.9,75,2,2,0.2,,12,-14,-14
MIDDLE_PREMIUM_MINUS_MIDDLE_NEUTRAL|0.3|AGE_UNRESTRICTED|0034,0.3,AGE_UNRESTRICTED,,MIDDLE_PREMIUM_MINUS_MIDDLE_NEUTRAL,31635138,藤原 恭大,千葉ロッテマリーンズ,MIDDLE_PREMIUM,RF,,33,85,-7,-7,41445153,中野 拓夢,阪神タイガース,MIDDLE_NEUTRAL,2B,,32.9,75,2,2,0.1,,10,-9,-9
MIDDLE_PREMIUM_MINUS_MIDDLE_NEUTRAL|0.3|AGE_UNRESTRICTED|0035,0.3,AGE_UNRESTRICTED,,MIDDLE_PREMIUM_MINUS_MIDDLE_NEUTRAL,11215151,髙部 瑛斗,千葉ロッテマリーンズ,MIDDLE_PREMIUM,CF,,33.6,90,-7,-7,21025157,田中 幹也,中日ドラゴンズ,MIDDLE_NEUTRAL,2B,,33.5,83,0,0,0.1,,7,-7,-7
MIDDLE_PREMIUM_MINUS_MIDDLE_NEUTRAL|0.3|AGE_UNRESTRICTED|0036,0.3,AGE_UNRESTRICTED,,MIDDLE_PREMIUM_MINUS_MIDDLE_NEUTRAL,11215151,髙部 瑛斗,千葉ロッテマリーンズ,MIDDLE_PREMIUM,CF,,33.6,90,-7,-7,11715153,小川 龍成,千葉ロッテマリーンズ,MIDDLE_NEUTRAL,2B,,33.4,86,-4,-4,0.2,,4,-3,-3
MIDDLE_PREMIUM_MINUS_MIDDLE_NEUTRAL|0.3|AGE_UNRESTRICTED|0037,0.3,AGE_UNRESTRICTED,,MIDDLE_PREMIUM_MINUS_MIDDLE_NEUTRAL,11215151,髙部 瑛斗,千葉ロッテマリーンズ,MIDDLE_PREMIUM,CF,,33.6,90,-7,-7,61465133,牧原 大成,福岡ソフトバンクホークス,MIDDLE_NEUTRAL,2B,,33.5,82,1,1,0.1,,8,-8,-8
MIDDLE_PREMIUM_MINUS_MIDDLE_NEUTRAL|0.3|AGE_UNRESTRICTED|0038,0.3,AGE_UNRESTRICTED,,MIDDLE_PREMIUM_MINUS_MIDDLE_NEUTRAL,71775134,源田 壮亮,埼玉西武ライオンズ,MIDDLE_PREMIUM,SS,,32.9,80,-3,-3,21125134,石井 一成,埼玉西武ライオンズ,MIDDLE_NEUTRAL,2B,,32.6,79,-4,-4,0.3,,1,1,1
MIDDLE_PREMIUM_MINUS_MIDDLE_NEUTRAL|0.3|AGE_UNRESTRICTED|0039,0.3,AGE_UNRESTRICTED,,MIDDLE_PREMIUM_MINUS_MIDDLE_NEUTRAL,71775134,源田 壮亮,埼玉西武ライオンズ,MIDDLE_PREMIUM,SS,,32.9,80,-3,-3,41445153,中野 拓夢,阪神タイガース,MIDDLE_NEUTRAL,2B,,32.9,75,2,2,0,,5,-5,-5
MIDDLE_PREMIUM_MINUS_MIDDLE_NEUTRAL|0.3|AGE_UNRESTRICTED|0040,0.3,AGE_UNRESTRICTED,,MIDDLE_PREMIUM_MINUS_MIDDLE_NEUTRAL,51255155,滝澤 夏央,埼玉西武ライオンズ,MIDDLE_PREMIUM,SS,,33,85,-7,-7,41445153,中野 拓夢,阪神タイガース,MIDDLE_NEUTRAL,2B,,32.9,75,2,2,0.1,,10,-9,-9
MIDDLE_PREMIUM_MINUS_MIDDLE_NEUTRAL|0.3|AGE_UNRESTRICTED|0041,0.3,AGE_UNRESTRICTED,,MIDDLE_PREMIUM_MINUS_MIDDLE_NEUTRAL,01705138,小園 海斗,広島東洋カープ,MIDDLE_PREMIUM,SS,,31.5,79,-14,-14,91395138,太田 椋,オリックス・バファローズ,MIDDLE_NEUTRAL,2B,,31.7,64,2,2,0.2,,15,-16,-16
MIDDLE_PREMIUM_MINUS_MIDDLE_NEUTRAL|0.3|AGE_UNRESTRICTED|0042,0.3,AGE_UNRESTRICTED,,MIDDLE_PREMIUM_MINUS_MIDDLE_NEUTRAL,01705138,小園 海斗,広島東洋カープ,MIDDLE_PREMIUM,SS,,31.5,79,-14,-14,91495130,西野 真弘,オリックス・バファローズ,MIDDLE_NEUTRAL,2B,,31.6,76,-10,-10,0.1,,3,-4,-4
MIDDLE_PREMIUM_MINUS_MIDDLE_NEUTRAL|0.3|AGE_UNRESTRICTED|0043,0.3,AGE_UNRESTRICTED,,MIDDLE_PREMIUM_MINUS_MIDDLE_NEUTRAL,01705138,小園 海斗,広島東洋カープ,MIDDLE_PREMIUM,SS,,31.5,79,-14,-14,31435157,奈良間 大己,北海道日本ハムファイターズ,MIDDLE_NEUTRAL,2B,,31.7,64,2,3,0.2,,15,-16,-17
MIDDLE_PREMIUM_MINUS_MIDDLE_NEUTRAL|0.3|AGE_UNRESTRICTED|0044,0.3,AGE_UNRESTRICTED,,MIDDLE_PREMIUM_MINUS_MIDDLE_NEUTRAL,01705138,小園 海斗,広島東洋カープ,MIDDLE_PREMIUM,SS,,31.5,79,-14,-14,61565135,菊池 涼介,広島東洋カープ,MIDDLE_NEUTRAL,2B,,31.8,72,-5,-5,0.3,,7,-9,-9
MIDDLE_PREMIUM_MINUS_MIDDLE_NEUTRAL|0.3|AGE_UNRESTRICTED|0045,0.3,AGE_UNRESTRICTED,,MIDDLE_PREMIUM_MINUS_MIDDLE_NEUTRAL,01705138,小園 海斗,広島東洋カープ,MIDDLE_PREMIUM,SS,,31.5,79,-14,-14,13115153,牧 秀悟,横浜DeNAベイスターズ,MIDDLE_NEUTRAL,2B,,31.6,67,-1,-1,0.1,,12,-13,-13
MIDDLE_PREMIUM_MINUS_MIDDLE_NEUTRAL|0.3|AGE_UNRESTRICTED|0046,0.3,AGE_UNRESTRICTED,,MIDDLE_PREMIUM_MINUS_MIDDLE_NEUTRAL,93395153,矢野 雅哉,広島東洋カープ,MIDDLE_PREMIUM,SS,,30.7,78,-21,-21,41645136,藤岡 裕大,千葉ロッテマリーンズ,MIDDLE_NEUTRAL,2B,,30.8,65,-7,-7,0.1,,13,-14,-14
MIDDLE_PREMIUM_MINUS_MIDDLE_NEUTRAL|0.3|AGE_UNRESTRICTED|0047,0.3,AGE_UNRESTRICTED,,MIDDLE_PREMIUM_MINUS_MIDDLE_NEUTRAL,01405130,野間 峻祥,広島東洋カープ,MIDDLE_PREMIUM,RF,,31.7,88,-22,-22,91395138,太田 椋,オリックス・バファローズ,MIDDLE_NEUTRAL,2B,,31.7,64,2,2,0,,24,-24,-24
MIDDLE_PREMIUM_MINUS_MIDDLE_NEUTRAL|0.3|AGE_UNRESTRICTED|0048,0.3,AGE_UNRESTRICTED,,MIDDLE_PREMIUM_MINUS_MIDDLE_NEUTRAL,01405130,野間 峻祥,広島東洋カープ,MIDDLE_PREMIUM,RF,,31.7,88,-22,-22,91495130,西野 真弘,オリックス・バファローズ,MIDDLE_NEUTRAL,2B,,31.6,76,-10,-10,0.1,,12,-12,-12
MIDDLE_PREMIUM_MINUS_MIDDLE_NEUTRAL|0.3|AGE_UNRESTRICTED|0049,0.3,AGE_UNRESTRICTED,,MIDDLE_PREMIUM_MINUS_MIDDLE_NEUTRAL,01405130,野間 峻祥,広島東洋カープ,MIDDLE_PREMIUM,RF,,31.7,88,-22,-22,31435157,奈良間 大己,北海道日本ハムファイターズ,MIDDLE_NEUTRAL,2B,,31.7,64,2,3,0,,24,-24,-25
MIDDLE_PREMIUM_MINUS_MIDDLE_NEUTRAL|0.3|AGE_UNRESTRICTED|0050,0.3,AGE_UNRESTRICTED,,MIDDLE_PREMIUM_MINUS_MIDDLE_NEUTRAL,01405130,野間 峻祥,広島東洋カープ,MIDDLE_PREMIUM,RF,,31.7,88,-22,-22,61565135,菊池 涼介,広島東洋カープ,MIDDLE_NEUTRAL,2B,,31.8,72,-5,-5,0.1,,16,-17,-17
MIDDLE_PREMIUM_MINUS_MIDDLE_NEUTRAL|0.3|AGE_UNRESTRICTED|0051,0.3,AGE_UNRESTRICTED,,MIDDLE_PREMIUM_MINUS_MIDDLE_NEUTRAL,01405130,野間 峻祥,広島東洋カープ,MIDDLE_PREMIUM,RF,,31.7,88,-22,-22,91695157,林 琢真,横浜DeNAベイスターズ,MIDDLE_NEUTRAL,2B,,32,82,-13,-8,0.3,,6,-9,-14
MIDDLE_PREMIUM_MINUS_MIDDLE_NEUTRAL|0.3|AGE_UNRESTRICTED|0052,0.3,AGE_UNRESTRICTED,,MIDDLE_PREMIUM_MINUS_MIDDLE_NEUTRAL,01405130,野間 峻祥,広島東洋カープ,MIDDLE_PREMIUM,RF,,31.7,88,-22,-22,13115153,牧 秀悟,横浜DeNAベイスターズ,MIDDLE_NEUTRAL,2B,,31.6,67,-1,-1,0.1,,21,-21,-21
MIDDLE_PREMIUM_MINUS_MIDDLE_NEUTRAL|0.3|AGE_UNRESTRICTED|0053,0.3,AGE_UNRESTRICTED,,MIDDLE_PREMIUM_MINUS_MIDDLE_NEUTRAL,91695153,並木 秀尊,東京ヤクルトスワローズ,MIDDLE_PREMIUM,CF,,33.8,97,-12,-12,21025157,田中 幹也,中日ドラゴンズ,MIDDLE_NEUTRAL,2B,,33.5,83,0,0,0.3,,14,-12,-12
MIDDLE_PREMIUM_MINUS_MIDDLE_NEUTRAL|0.3|AGE_UNRESTRICTED|0054,0.3,AGE_UNRESTRICTED,,MIDDLE_PREMIUM_MINUS_MIDDLE_NEUTRAL,91695153,並木 秀尊,東京ヤクルトスワローズ,MIDDLE_PREMIUM,CF,,33.8,97,-12,-12,61465133,牧原 大成,福岡ソフトバンクホークス,MIDDLE_NEUTRAL,2B,,33.5,82,1,1,0.3,,15,-13,-13
MIDDLE_PREMIUM_MINUS_MIDDLE_NEUTRAL|0.3|AGE_UNRESTRICTED|0055,0.3,AGE_UNRESTRICTED,,MIDDLE_PREMIUM_MINUS_MIDDLE_NEUTRAL,93195155,丸山 和郁,東京ヤクルトスワローズ,MIDDLE_PREMIUM,RF,,32.4,86,-13,-13,41245130,外崎 修汰,埼玉西武ライオンズ,MIDDLE_NEUTRAL,2B,,32.3,68,4,4,0.1,,18,-17,-17
MIDDLE_PREMIUM_MINUS_MIDDLE_NEUTRAL|0.3|AGE_UNRESTRICTED|0056,0.3,AGE_UNRESTRICTED,,MIDDLE_PREMIUM_MINUS_MIDDLE_NEUTRAL,93195155,丸山 和郁,東京ヤクルトスワローズ,MIDDLE_PREMIUM,RF,,32.4,86,-13,-13,21125134,石井 一成,埼玉西武ライオンズ,MIDDLE_NEUTRAL,2B,,32.6,79,-4,-4,0.2,,7,-9,-9
MIDDLE_PREMIUM_MINUS_MIDDLE_NEUTRAL|0.3|AGE_UNRESTRICTED|0057,0.3,AGE_UNRESTRICTED,,MIDDLE_PREMIUM_MINUS_MIDDLE_NEUTRAL,93195155,丸山 和郁,東京ヤクルトスワローズ,MIDDLE_PREMIUM,RF,,32.4,86,-13,-13,73375134,吉川 尚輝,読売ジャイアンツ,MIDDLE_NEUTRAL,2B,,32.5,80,-6,-6,0.1,,6,-7,-7
MIDDLE_PREMIUM_MINUS_MIDDLE_NEUTRAL|0.3|AGE_UNRESTRICTED|0058,0.3,AGE_UNRESTRICTED,,MIDDLE_PREMIUM_MINUS_MIDDLE_NEUTRAL,71975136,塩見 泰隆,東京ヤクルトスワローズ,MIDDLE_PREMIUM,RF,,32.3,83,-11,-11,41245130,外崎 修汰,埼玉西武ライオンズ,MIDDLE_NEUTRAL,2B,,32.3,68,4,4,0,,15,-15,-15
MIDDLE_PREMIUM_MINUS_MIDDLE_NEUTRAL|0.3|AGE_UNRESTRICTED|0059,0.3,AGE_UNRESTRICTED,,MIDDLE_PREMIUM_MINUS_MIDDLE_NEUTRAL,71975136,塩見 泰隆,東京ヤクルトスワローズ,MIDDLE_PREMIUM,RF,,32.3,83,-11,-11,21125134,石井 一成,埼玉西武ライオンズ,MIDDLE_NEUTRAL,2B,,32.6,79,-4,-4,0.3,,4,-7,-7
MIDDLE_PREMIUM_MINUS_MIDDLE_NEUTRAL|0.3|AGE_UNRESTRICTED|0060,0.3,AGE_UNRESTRICTED,,MIDDLE_PREMIUM_MINUS_MIDDLE_NEUTRAL,71975136,塩見 泰隆,東京ヤクルトスワローズ,MIDDLE_PREMIUM,RF,,32.3,83,-11,-11,91695157,林 琢真,横浜DeNAベイスターズ,MIDDLE_NEUTRAL,2B,,32,82,-13,-8,0.3,,1,2,-3
MIDDLE_PREMIUM_MINUS_MIDDLE_NEUTRAL|0.3|AGE_UNRESTRICTED|0061,0.3,AGE_UNRESTRICTED,,MIDDLE_PREMIUM_MINUS_MIDDLE_NEUTRAL,71975136,塩見 泰隆,東京ヤクルトスワローズ,MIDDLE_PREMIUM,RF,,32.3,83,-11,-11,73375134,吉川 尚輝,読売ジャイアンツ,MIDDLE_NEUTRAL,2B,,32.5,80,-6,-6,0.2,,3,-5,-5
MIDDLE_PREMIUM_MINUS_MIDDLE_NEUTRAL|0.3|AGE_UNRESTRICTED|0062,0.3,AGE_UNRESTRICTED,,MIDDLE_PREMIUM_MINUS_MIDDLE_NEUTRAL,51355155,岩田 幸宏,東京ヤクルトスワローズ,MIDDLE_PREMIUM,CF,,33.6,96,-13,-13,21025157,田中 幹也,中日ドラゴンズ,MIDDLE_NEUTRAL,2B,,33.5,83,0,0,0.1,,13,-13,-13
MIDDLE_PREMIUM_MINUS_MIDDLE_NEUTRAL|0.3|AGE_UNRESTRICTED|0063,0.3,AGE_UNRESTRICTED,,MIDDLE_PREMIUM_MINUS_MIDDLE_NEUTRAL,51355155,岩田 幸宏,東京ヤクルトスワローズ,MIDDLE_PREMIUM,CF,,33.6,96,-13,-13,11715153,小川 龍成,千葉ロッテマリーンズ,MIDDLE_NEUTRAL,2B,,33.4,86,-4,-4,0.2,,10,-9,-9
MIDDLE_PREMIUM_MINUS_MIDDLE_NEUTRAL|0.3|AGE_UNRESTRICTED|0064,0.3,AGE_UNRESTRICTED,,MIDDLE_PREMIUM_MINUS_MIDDLE_NEUTRAL,51355155,岩田 幸宏,東京ヤクルトスワローズ,MIDDLE_PREMIUM,CF,,33.6,96,-13,-13,61465133,牧原 大成,福岡ソフトバンクホークス,MIDDLE_NEUTRAL,2B,,33.5,82,1,1,0.1,,14,-14,-14
MIDDLE_PREMIUM_MINUS_MIDDLE_NEUTRAL|0.3|AGE_UNRESTRICTED|0065,0.3,AGE_UNRESTRICTED,,MIDDLE_PREMIUM_MINUS_MIDDLE_NEUTRAL,51455151,長岡 秀樹,東京ヤクルトスワローズ,MIDDLE_PREMIUM,SS,,31.6,58,8,8,91395138,太田 椋,オリックス・バファローズ,MIDDLE_NEUTRAL,2B,,31.7,64,2,2,0.1,,-6,6,6
MIDDLE_PREMIUM_MINUS_MIDDLE_NEUTRAL|0.3|AGE_UNRESTRICTED|0066,0.3,AGE_UNRESTRICTED,,MIDDLE_PREMIUM_MINUS_MIDDLE_NEUTRAL,51455151,長岡 秀樹,東京ヤクルトスワローズ,MIDDLE_PREMIUM,SS,,31.6,58,8,8,91495130,西野 真弘,オリックス・バファローズ,MIDDLE_NEUTRAL,2B,,31.6,76,-10,-10,0,,-18,18,18
MIDDLE_PREMIUM_MINUS_MIDDLE_NEUTRAL|0.3|AGE_UNRESTRICTED|0067,0.3,AGE_UNRESTRICTED,,MIDDLE_PREMIUM_MINUS_MIDDLE_NEUTRAL,51455151,長岡 秀樹,東京ヤクルトスワローズ,MIDDLE_PREMIUM,SS,,31.6,58,8,8,31435157,奈良間 大己,北海道日本ハムファイターズ,MIDDLE_NEUTRAL,2B,,31.7,64,2,3,0.1,,-6,6,5
MIDDLE_PREMIUM_MINUS_MIDDLE_NEUTRAL|0.3|AGE_UNRESTRICTED|0068,0.3,AGE_UNRESTRICTED,,MIDDLE_PREMIUM_MINUS_MIDDLE_NEUTRAL,51455151,長岡 秀樹,東京ヤクルトスワローズ,MIDDLE_PREMIUM,SS,,31.6,58,8,8,61565135,菊池 涼介,広島東洋カープ,MIDDLE_NEUTRAL,2B,,31.8,72,-5,-5,0.2,,-14,13,13
MIDDLE_PREMIUM_MINUS_MIDDLE_NEUTRAL|0.3|AGE_UNRESTRICTED|0069,0.3,AGE_UNRESTRICTED,,MIDDLE_PREMIUM_MINUS_MIDDLE_NEUTRAL,51455151,長岡 秀樹,東京ヤクルトスワローズ,MIDDLE_PREMIUM,SS,,31.6,58,8,8,13115153,牧 秀悟,横浜DeNAベイスターズ,MIDDLE_NEUTRAL,2B,,31.6,67,-1,-1,0,,-9,9,9
MIDDLE_PREMIUM_MINUS_MIDDLE_NEUTRAL|0.3|AGE_UNRESTRICTED|0070,0.3,AGE_UNRESTRICTED,,MIDDLE_PREMIUM_MINUS_MIDDLE_NEUTRAL,81585134,京田 陽太,横浜DeNAベイスターズ,MIDDLE_PREMIUM,SS,,31.1,78,-17,-17,41645136,藤岡 裕大,千葉ロッテマリーンズ,MIDDLE_NEUTRAL,2B,,30.8,65,-7,-7,0.3,,13,-10,-10
MIDDLE_PREMIUM_MINUS_MIDDLE_NEUTRAL|0.3|AGE_UNRESTRICTED|0071,0.3,AGE_UNRESTRICTED,,MIDDLE_PREMIUM_MINUS_MIDDLE_NEUTRAL,33535159,度会 隆輝,横浜DeNAベイスターズ,MIDDLE_PREMIUM,RF,,31.7,65,1,1,91395138,太田 椋,オリックス・バファローズ,MIDDLE_NEUTRAL,2B,,31.7,64,2,2,0,,1,-1,-1
MIDDLE_PREMIUM_MINUS_MIDDLE_NEUTRAL|0.3|AGE_UNRESTRICTED|0072,0.3,AGE_UNRESTRICTED,,MIDDLE_PREMIUM_MINUS_MIDDLE_NEUTRAL,33535159,度会 隆輝,横浜DeNAベイスターズ,MIDDLE_PREMIUM,RF,,31.7,65,1,1,91495130,西野 真弘,オリックス・バファローズ,MIDDLE_NEUTRAL,2B,,31.6,76,-10,-10,0.1,,-11,11,11
MIDDLE_PREMIUM_MINUS_MIDDLE_NEUTRAL|0.3|AGE_UNRESTRICTED|0073,0.3,AGE_UNRESTRICTED,,MIDDLE_PREMIUM_MINUS_MIDDLE_NEUTRAL,33535159,度会 隆輝,横浜DeNAベイスターズ,MIDDLE_PREMIUM,RF,,31.7,65,1,1,31435157,奈良間 大己,北海道日本ハムファイターズ,MIDDLE_NEUTRAL,2B,,31.7,64,2,3,0,,1,-1,-2
MIDDLE_PREMIUM_MINUS_MIDDLE_NEUTRAL|0.3|AGE_UNRESTRICTED|0074,0.3,AGE_UNRESTRICTED,,MIDDLE_PREMIUM_MINUS_MIDDLE_NEUTRAL,33535159,度会 隆輝,横浜DeNAベイスターズ,MIDDLE_PREMIUM,RF,,31.7,65,1,1,61565135,菊池 涼介,広島東洋カープ,MIDDLE_NEUTRAL,2B,,31.8,72,-5,-5,0.1,,-7,6,6
MIDDLE_PREMIUM_MINUS_MIDDLE_NEUTRAL|0.3|AGE_UNRESTRICTED|0075,0.3,AGE_UNRESTRICTED,,MIDDLE_PREMIUM_MINUS_MIDDLE_NEUTRAL,33535159,度会 隆輝,横浜DeNAベイスターズ,MIDDLE_PREMIUM,RF,,31.7,65,1,1,91695157,林 琢真,横浜DeNAベイスターズ,MIDDLE_NEUTRAL,2B,,32,82,-13,-8,0.3,,-17,14,9
MIDDLE_PREMIUM_MINUS_MIDDLE_NEUTRAL|0.3|AGE_UNRESTRICTED|0076,0.3,AGE_UNRESTRICTED,,MIDDLE_PREMIUM_MINUS_MIDDLE_NEUTRAL,33535159,度会 隆輝,横浜DeNAベイスターズ,MIDDLE_PREMIUM,RF,,31.7,65,1,1,13115153,牧 秀悟,横浜DeNAベイスターズ,MIDDLE_NEUTRAL,2B,,31.6,67,-1,-1,0.1,,-2,2,2
MIDDLE_PREMIUM_MINUS_MIDDLE_NEUTRAL|0.3|AGE_UNRESTRICTED|0077,0.3,AGE_UNRESTRICTED,,MIDDLE_PREMIUM_MINUS_MIDDLE_NEUTRAL,51555155,梶原 昂希,横浜DeNAベイスターズ,MIDDLE_PREMIUM,CF,,33.4,90,-8,-8,21025157,田中 幹也,中日ドラゴンズ,MIDDLE_NEUTRAL,2B,,33.5,83,0,0,0.1,,7,-8,-8
MIDDLE_PREMIUM_MINUS_MIDDLE_NEUTRAL|0.3|AGE_UNRESTRICTED|0078,0.3,AGE_UNRESTRICTED,,MIDDLE_PREMIUM_MINUS_MIDDLE_NEUTRAL,51555155,梶原 昂希,横浜DeNAベイスターズ,MIDDLE_PREMIUM,CF,,33.4,90,-8,-8,11715153,小川 龍成,千葉ロッテマリーンズ,MIDDLE_NEUTRAL,2B,,33.4,86,-4,-4,0,,4,-4,-4
MIDDLE_PREMIUM_MINUS_MIDDLE_NEUTRAL|0.3|AGE_UNRESTRICTED|0079,0.3,AGE_UNRESTRICTED,,MIDDLE_PREMIUM_MINUS_MIDDLE_NEUTRAL,51555155,梶原 昂希,横浜DeNAベイスターズ,MIDDLE_PREMIUM,CF,,33.4,90,-8,-8,61465133,牧原 大成,福岡ソフトバンクホークス,MIDDLE_NEUTRAL,2B,,33.5,82,1,1,0.1,,8,-9,-9
MIDDLE_PREMIUM_MINUS_MIDDLE_NEUTRAL|0.3|AGE_UNRESTRICTED|0080,0.3,AGE_UNRESTRICTED,,MIDDLE_PREMIUM_MINUS_MIDDLE_NEUTRAL,51555151,蝦名 達夫,横浜DeNAベイスターズ,MIDDLE_PREMIUM,CF,,31.4,75,-11,-11,91395138,太田 椋,オリックス・バファローズ,MIDDLE_NEUTRAL,2B,,31.7,64,2,2,0.3,,11,-13,-13
MIDDLE_PREMIUM_MINUS_MIDDLE_NEUTRAL|0.3|AGE_UNRESTRICTED|0081,0.3,AGE_UNRESTRICTED,,MIDDLE_PREMIUM_MINUS_MIDDLE_NEUTRAL,51555151,蝦名 達夫,横浜DeNAベイスターズ,MIDDLE_PREMIUM,CF,,31.4,75,-11,-11,91495130,西野 真弘,オリックス・バファローズ,MIDDLE_NEUTRAL,2B,,31.6,76,-10,-10,0.2,,-1,-1,-1
MIDDLE_PREMIUM_MINUS_MIDDLE_NEUTRAL|0.3|AGE_UNRESTRICTED|0082,0.3,AGE_UNRESTRICTED,,MIDDLE_PREMIUM_MINUS_MIDDLE_NEUTRAL,51555151,蝦名 達夫,横浜DeNAベイスターズ,MIDDLE_PREMIUM,CF,,31.4,75,-11,-11,31435157,奈良間 大己,北海道日本ハムファイターズ,MIDDLE_NEUTRAL,2B,,31.7,64,2,3,0.3,,11,-13,-14
MIDDLE_PREMIUM_MINUS_MIDDLE_NEUTRAL|0.3|AGE_UNRESTRICTED|0083,0.3,AGE_UNRESTRICTED,,MIDDLE_PREMIUM_MINUS_MIDDLE_NEUTRAL,51555151,蝦名 達夫,横浜DeNAベイスターズ,MIDDLE_PREMIUM,CF,,31.4,75,-11,-11,13115153,牧 秀悟,横浜DeNAベイスターズ,MIDDLE_NEUTRAL,2B,,31.6,67,-1,-1,0.2,,8,-10,-10
MIDDLE_PREMIUM_MINUS_MIDDLE_NEUTRAL|0.3|AGE_UNRESTRICTED|0084,0.3,AGE_UNRESTRICTED,,MIDDLE_PREMIUM_MINUS_MIDDLE_NEUTRAL,73175151,柳町 達,福岡ソフトバンクホークス,MIDDLE_PREMIUM,RF,,31.5,67,-2,-2,91395138,太田 椋,オリックス・バファローズ,MIDDLE_NEUTRAL,2B,,31.7,64,2,2,0.2,,3,-4,-4
MIDDLE_PREMIUM_MINUS_MIDDLE_NEUTRAL|0.3|AGE_UNRESTRICTED|0085,0.3,AGE_UNRESTRICTED,,MIDDLE_PREMIUM_MINUS_MIDDLE_NEUTRAL,73175151,柳町 達,福岡ソフトバンクホークス,MIDDLE_PREMIUM,RF,,31.5,67,-2,-2,91495130,西野 真弘,オリックス・バファローズ,MIDDLE_NEUTRAL,2B,,31.6,76,-10,-10,0.1,,-9,8,8
MIDDLE_PREMIUM_MINUS_MIDDLE_NEUTRAL|0.3|AGE_UNRESTRICTED|0086,0.3,AGE_UNRESTRICTED,,MIDDLE_PREMIUM_MINUS_MIDDLE_NEUTRAL,73175151,柳町 達,福岡ソフトバンクホークス,MIDDLE_PREMIUM,RF,,31.5,67,-2,-2,31435157,奈良間 大己,北海道日本ハムファイターズ,MIDDLE_NEUTRAL,2B,,31.7,64,2,3,0.2,,3,-4,-5
MIDDLE_PREMIUM_MINUS_MIDDLE_NEUTRAL|0.3|AGE_UNRESTRICTED|0087,0.3,AGE_UNRESTRICTED,,MIDDLE_PREMIUM_MINUS_MIDDLE_NEUTRAL,73175151,柳町 達,福岡ソフトバンクホークス,MIDDLE_PREMIUM,RF,,31.5,67,-2,-2,61565135,菊池 涼介,広島東洋カープ,MIDDLE_NEUTRAL,2B,,31.8,72,-5,-5,0.3,,-5,3,3
MIDDLE_PREMIUM_MINUS_MIDDLE_NEUTRAL|0.3|AGE_UNRESTRICTED|0088,0.3,AGE_UNRESTRICTED,,MIDDLE_PREMIUM_MINUS_MIDDLE_NEUTRAL,73175151,柳町 達,福岡ソフトバンクホークス,MIDDLE_PREMIUM,RF,,31.5,67,-2,-2,13115153,牧 秀悟,横浜DeNAベイスターズ,MIDDLE_NEUTRAL,2B,,31.6,67,-1,-1,0.1,,0,-1,-1
MIDDLE_PREMIUM_MINUS_MIDDLE_NEUTRAL|0.3|AGE_UNRESTRICTED|0089,0.3,AGE_UNRESTRICTED,,MIDDLE_PREMIUM_MINUS_MIDDLE_NEUTRAL,21425116,丸 佳浩,読売ジャイアンツ,MIDDLE_PREMIUM,RF,,31.4,65,-1,-1,91395138,太田 椋,オリックス・バファローズ,MIDDLE_NEUTRAL,2B,,31.7,64,2,2,0.3,,1,-3,-3
MIDDLE_PREMIUM_MINUS_MIDDLE_NEUTRAL|0.3|AGE_UNRESTRICTED|0090,0.3,AGE_UNRESTRICTED,,MIDDLE_PREMIUM_MINUS_MIDDLE_NEUTRAL,21425116,丸 佳浩,読売ジャイアンツ,MIDDLE_PREMIUM,RF,,31.4,65,-1,-1,91495130,西野 真弘,オリックス・バファローズ,MIDDLE_NEUTRAL,2B,,31.6,76,-10,-10,0.2,,-11,9,9
MIDDLE_PREMIUM_MINUS_MIDDLE_NEUTRAL|0.3|AGE_UNRESTRICTED|0091,0.3,AGE_UNRESTRICTED,,MIDDLE_PREMIUM_MINUS_MIDDLE_NEUTRAL,21425116,丸 佳浩,読売ジャイアンツ,MIDDLE_PREMIUM,RF,,31.4,65,-1,-1,31435157,奈良間 大己,北海道日本ハムファイターズ,MIDDLE_NEUTRAL,2B,,31.7,64,2,3,0.3,,1,-3,-4
MIDDLE_PREMIUM_MINUS_MIDDLE_NEUTRAL|0.3|AGE_UNRESTRICTED|0092,0.3,AGE_UNRESTRICTED,,MIDDLE_PREMIUM_MINUS_MIDDLE_NEUTRAL,21425116,丸 佳浩,読売ジャイアンツ,MIDDLE_PREMIUM,RF,,31.4,65,-1,-1,13115153,牧 秀悟,横浜DeNAベイスターズ,MIDDLE_NEUTRAL,2B,,31.6,67,-1,-1,0.2,,-2,0,0
MIDDLE_PREMIUM_MINUS_MIDDLE_NEUTRAL|0.3|AGE_UNRESTRICTED|0093,0.3,AGE_UNRESTRICTED,,MIDDLE_PREMIUM_MINUS_MIDDLE_NEUTRAL,51955159,佐々木 俊輔,読売ジャイアンツ,MIDDLE_PREMIUM,CF,,33,76,2,2,41445153,中野 拓夢,阪神タイガース,MIDDLE_NEUTRAL,2B,,32.9,75,2,2,0.1,,1,0,0
MIDDLE_PREMIUM_MINUS_MIDDLE_NEUTRAL|0.3|AGE_UNRESTRICTED|0094,0.3,AGE_UNRESTRICTED,,MIDDLE_PREMIUM_MINUS_MIDDLE_NEUTRAL,21625135,松本 剛,読売ジャイアンツ,MIDDLE_PREMIUM,CF,,31.4,69,-5,-5,91395138,太田 椋,オリックス・バファローズ,MIDDLE_NEUTRAL,2B,,31.7,64,2,2,0.3,,5,-7,-7
MIDDLE_PREMIUM_MINUS_MIDDLE_NEUTRAL|0.3|AGE_UNRESTRICTED|0095,0.3,AGE_UNRESTRICTED,,MIDDLE_PREMIUM_MINUS_MIDDLE_NEUTRAL,21625135,松本 剛,読売ジャイアンツ,MIDDLE_PREMIUM,CF,,31.4,69,-5,-5,91495130,西野 真弘,オリックス・バファローズ,MIDDLE_NEUTRAL,2B,,31.6,76,-10,-10,0.2,,-7,5,5
MIDDLE_PREMIUM_MINUS_MIDDLE_NEUTRAL|0.3|AGE_UNRESTRICTED|0096,0.3,AGE_UNRESTRICTED,,MIDDLE_PREMIUM_MINUS_MIDDLE_NEUTRAL,21625135,松本 剛,読売ジャイアンツ,MIDDLE_PREMIUM,CF,,31.4,69,-5,-5,31435157,奈良間 大己,北海道日本ハムファイターズ,MIDDLE_NEUTRAL,2B,,31.7,64,2,3,0.3,,5,-7,-8
MIDDLE_PREMIUM_MINUS_MIDDLE_NEUTRAL|0.3|AGE_UNRESTRICTED|0097,0.3,AGE_UNRESTRICTED,,MIDDLE_PREMIUM_MINUS_MIDDLE_NEUTRAL,21625135,松本 剛,読売ジャイアンツ,MIDDLE_PREMIUM,CF,,31.4,69,-5,-5,13115153,牧 秀悟,横浜DeNAベイスターズ,MIDDLE_NEUTRAL,2B,,31.6,67,-1,-1,0.2,,2,-4,-4
MIDDLE_PREMIUM_MINUS_MIDDLE_NEUTRAL|0.3|AGE_UNRESTRICTED|0098,0.3,AGE_UNRESTRICTED,,MIDDLE_PREMIUM_MINUS_MIDDLE_NEUTRAL,31535138,小幡 竜平,阪神タイガース,MIDDLE_PREMIUM,SS,,32.8,77,-1,-1,21125134,石井 一成,埼玉西武ライオンズ,MIDDLE_NEUTRAL,2B,,32.6,79,-4,-4,0.2,,-2,3,3
MIDDLE_PREMIUM_MINUS_MIDDLE_NEUTRAL|0.3|AGE_UNRESTRICTED|0099,0.3,AGE_UNRESTRICTED,,MIDDLE_PREMIUM_MINUS_MIDDLE_NEUTRAL,31535138,小幡 竜平,阪神タイガース,MIDDLE_PREMIUM,SS,,32.8,77,-1,-1,73375134,吉川 尚輝,読売ジャイアンツ,MIDDLE_NEUTRAL,2B,,32.5,80,-6,-6,0.3,,-3,5,5
MIDDLE_PREMIUM_MINUS_MIDDLE_NEUTRAL|0.3|AGE_UNRESTRICTED|0100,0.3,AGE_UNRESTRICTED,,MIDDLE_PREMIUM_MINUS_MIDDLE_NEUTRAL,31535138,小幡 竜平,阪神タイガース,MIDDLE_PREMIUM,SS,,32.8,77,-1,-1,41445153,中野 拓夢,阪神タイガース,MIDDLE_NEUTRAL,2B,,32.9,75,2,2,0.1,,2,-3,-3
MIDDLE_PREMIUM_MINUS_MIDDLE_NEUTRAL|0.3|AGE_UNRESTRICTED|0101,0.3,AGE_UNRESTRICTED,,MIDDLE_PREMIUM_MINUS_MIDDLE_NEUTRAL,43145157,森下 翔太,阪神タイガース,MIDDLE_PREMIUM,RF,,30.5,60,-4,-4,41645136,藤岡 裕大,千葉ロッテマリーンズ,MIDDLE_NEUTRAL,2B,,30.8,65,-7,-7,0.3,,-5,3,3
MIDDLE_PREMIUM_MINUS_CORNER_CATCHER|0.3|AGE_UNRESTRICTED|0001,0.3,AGE_UNRESTRICTED,,MIDDLE_PREMIUM_MINUS_CORNER_CATCHER,51255138,中川 圭太,オリックス・バファローズ,MIDDLE_PREMIUM,CF,,32.6,74,1,1,31835134,細川 成也,中日ドラゴンズ,CORNER_CATCHER,LF,,32.7,60,15,15,0.1,,14,-14,-14
MIDDLE_PREMIUM_MINUS_CORNER_CATCHER|0.3|AGE_UNRESTRICTED|0002,0.3,AGE_UNRESTRICTED,,MIDDLE_PREMIUM_MINUS_CORNER_CATCHER,51255138,中川 圭太,オリックス・バファローズ,MIDDLE_PREMIUM,CF,,32.6,74,1,1,51055138,田宮 裕涼,北海道日本ハムファイターズ,CORNER_CATCHER,C,,32.4,68,5,5,0.2,,6,-4,-4
MIDDLE_PREMIUM_MINUS_CORNER_CATCHER|0.3|AGE_UNRESTRICTED|0003,0.3,AGE_UNRESTRICTED,,MIDDLE_PREMIUM_MINUS_CORNER_CATCHER,51255138,中川 圭太,オリックス・バファローズ,MIDDLE_PREMIUM,CF,,32.6,74,1,1,21925151,郡司 裕也,北海道日本ハムファイターズ,CORNER_CATCHER,3B,,32.7,61,14,14,0.1,,13,-13,-13
MIDDLE_PREMIUM_MINUS_CORNER_CATCHER|0.3|AGE_UNRESTRICTED|0004,0.3,AGE_UNRESTRICTED,,MIDDLE_PREMIUM_MINUS_CORNER_CATCHER,51255138,中川 圭太,オリックス・バファローズ,MIDDLE_PREMIUM,CF,,32.6,74,1,1,11515139,岡 大海,千葉ロッテマリーンズ,CORNER_CATCHER,1B,,32.6,82,-7,-7,0,,-8,8,8
MIDDLE_PREMIUM_MINUS_CORNER_CATCHER|0.3|AGE_UNRESTRICTED|0005,0.3,AGE_UNRESTRICTED,,MIDDLE_PREMIUM_MINUS_CORNER_CATCHER,51955153,来田 涼斗,オリックス・バファローズ,MIDDLE_PREMIUM,RF,,32.4,85,-12,-12,31835134,細川 成也,中日ドラゴンズ,CORNER_CATCHER,LF,,32.7,60,15,15,0.3,,25,-27,-27
MIDDLE_PREMIUM_MINUS_CORNER_CATCHER|0.3|AGE_UNRESTRICTED|0006,0.3,AGE_UNRESTRICTED,,MIDDLE_PREMIUM_MINUS_CORNER_CATCHER,51955153,来田 涼斗,オリックス・バファローズ,MIDDLE_PREMIUM,RF,,32.4,85,-12,-12,51055138,田宮 裕涼,北海道日本ハムファイターズ,CORNER_CATCHER,C,,32.4,68,5,5,0,,17,-17,-17
MIDDLE_PREMIUM_MINUS_CORNER_CATCHER|0.3|AGE_UNRESTRICTED|0007,0.3,AGE_UNRESTRICTED,,MIDDLE_PREMIUM_MINUS_CORNER_CATCHER,51955153,来田 涼斗,オリックス・バファローズ,MIDDLE_PREMIUM,RF,,32.4,85,-12,-12,21925151,郡司 裕也,北海道日本ハムファイターズ,CORNER_CATCHER,3B,,32.7,61,14,14,0.3,,24,-26,-26
MIDDLE_PREMIUM_MINUS_CORNER_CATCHER|0.3|AGE_UNRESTRICTED|0008,0.3,AGE_UNRESTRICTED,,MIDDLE_PREMIUM_MINUS_CORNER_CATCHER,51955153,来田 涼斗,オリックス・バファローズ,MIDDLE_PREMIUM,RF,,32.4,85,-12,-12,11515139,岡 大海,千葉ロッテマリーンズ,CORNER_CATCHER,1B,,32.6,82,-7,-7,0.2,,3,-5,-5
MIDDLE_PREMIUM_MINUS_CORNER_CATCHER|0.3|AGE_UNRESTRICTED|0009,0.3,AGE_UNRESTRICTED,,MIDDLE_PREMIUM_MINUS_CORNER_CATCHER,51955153,来田 涼斗,オリックス・バファローズ,MIDDLE_PREMIUM,RF,,32.4,85,-12,-12,01705134,古賀 優大,東京ヤクルトスワローズ,CORNER_CATCHER,C,,32.1,46,24,24,0.3,,39,-36,-36
MIDDLE_PREMIUM_MINUS_CORNER_CATCHER|0.3|AGE_UNRESTRICTED|0010,0.3,AGE_UNRESTRICTED,,MIDDLE_PREMIUM_MINUS_CORNER_CATCHER,51955153,来田 涼斗,オリックス・バファローズ,MIDDLE_PREMIUM,RF,,32.4,85,-12,-12,31835133,柳田 悠岐,福岡ソフトバンクホークス,CORNER_CATCHER,LF,,32.1,67,3,3,0.3,,18,-15,-15
MIDDLE_PREMIUM_MINUS_CORNER_CATCHER|0.3|AGE_UNRESTRICTED|0011,0.3,AGE_UNRESTRICTED,,MIDDLE_PREMIUM_MINUS_CORNER_CATCHER,51955153,来田 涼斗,オリックス・バファローズ,MIDDLE_PREMIUM,RF,,32.4,85,-12,-12,41045153,佐藤 輝明,阪神タイガース,CORNER_CATCHER,3B,,32.1,68,2,2,0.3,,17,-14,-14
MIDDLE_PREMIUM_MINUS_CORNER_CATCHER|0.3|AGE_UNRESTRICTED|0012,0.3,AGE_UNRESTRICTED,,MIDDLE_PREMIUM_MINUS_CORNER_CATCHER,91995151,紅林 弘太郎,オリックス・バファローズ,MIDDLE_PREMIUM,SS,,30.7,56,1,1,41645139,若月 健矢,オリックス・バファローズ,CORNER_CATCHER,C,,30.7,48,9,9,0,,8,-8,-8
MIDDLE_PREMIUM_MINUS_CORNER_CATCHER|0.3|AGE_UNRESTRICTED|0013,0.3,AGE_UNRESTRICTED,,MIDDLE_PREMIUM_MINUS_CORNER_CATCHER,91995151,紅林 弘太郎,オリックス・バファローズ,MIDDLE_PREMIUM,SS,,30.7,56,1,1,91195151,石川 昂弥,中日ドラゴンズ,CORNER_CATCHER,3B,,30.6,41,16,16,0.1,,15,-15,-15
MIDDLE_PREMIUM_MINUS_CORNER_CATCHER|0.3|AGE_UNRESTRICTED|0014,0.3,AGE_UNRESTRICTED,,MIDDLE_PREMIUM_MINUS_CORNER_CATCHER,91995151,紅林 弘太郎,オリックス・バファローズ,MIDDLE_PREMIUM,SS,,30.7,56,1,1,81785155,古賀 悠斗,埼玉西武ライオンズ,CORNER_CATCHER,C,,30.6,47,10,10,0.1,,9,-9,-9
MIDDLE_PREMIUM_MINUS_CORNER_CATCHER|0.3|AGE_UNRESTRICTED|0015,0.3,AGE_UNRESTRICTED,,MIDDLE_PREMIUM_MINUS_CORNER_CATCHER,91995151,紅林 弘太郎,オリックス・バファローズ,MIDDLE_PREMIUM,SS,,30.7,56,1,1,11915134,坂倉 将吾,広島東洋カープ,CORNER_CATCHER,1B,,30.6,68,-11,-11,0.1,,-12,12,12
MIDDLE_PREMIUM_MINUS_CORNER_CATCHER|0.3|AGE_UNRESTRICTED|0016,0.3,AGE_UNRESTRICTED,,MIDDLE_PREMIUM_MINUS_CORNER_CATCHER,91995151,紅林 弘太郎,オリックス・バファローズ,MIDDLE_PREMIUM,SS,,30.7,56,1,1,53755153,サンタナ,東京ヤクルトスワローズ,CORNER_CATCHER,LF,,30.8,47,11,11,0.1,,9,-10,-10
MIDDLE_PREMIUM_MINUS_CORNER_CATCHER|0.3|AGE_UNRESTRICTED|0017,0.3,AGE_UNRESTRICTED,,MIDDLE_PREMIUM_MINUS_CORNER_CATCHER,91995151,紅林 弘太郎,オリックス・バファローズ,MIDDLE_PREMIUM,SS,,30.7,56,1,1,51255118,中村 悠平,東京ヤクルトスワローズ,CORNER_CATCHER,C,,30.4,56,-1,-1,0.3,,0,2,2
MIDDLE_PREMIUM_MINUS_CORNER_CATCHER|0.3|AGE_UNRESTRICTED|0018,0.3,AGE_UNRESTRICTED,,MIDDLE_PREMIUM_MINUS_CORNER_CATCHER,91995151,紅林 弘太郎,オリックス・バファローズ,MIDDLE_PREMIUM,SS,,30.7,56,1,1,71375138,太田 光,東北楽天ゴールデンイーグルス,CORNER_CATCHER,C,,30.5,44,12,12,0.2,,12,-11,-11
MIDDLE_PREMIUM_MINUS_CORNER_CATCHER|0.3|AGE_UNRESTRICTED|0019,0.3,AGE_UNRESTRICTED,,MIDDLE_PREMIUM_MINUS_CORNER_CATCHER,91995151,紅林 弘太郎,オリックス・バファローズ,MIDDLE_PREMIUM,SS,,30.7,56,1,1,51155118,浅村 栄斗,東北楽天ゴールデンイーグルス,CORNER_CATCHER,1B,,30.5,35,21,21,0.2,,21,-20,-20
MIDDLE_PREMIUM_MINUS_CORNER_CATCHER|0.3|AGE_UNRESTRICTED|0020,0.3,AGE_UNRESTRICTED,,MIDDLE_PREMIUM_MINUS_CORNER_CATCHER,91995151,紅林 弘太郎,オリックス・バファローズ,MIDDLE_PREMIUM,SS,,30.7,56,1,1,91995134,佐野 恵太,横浜DeNAベイスターズ,CORNER_CATCHER,1B,,30.6,48,9,9,0.1,,8,-8,-8
MIDDLE_PREMIUM_MINUS_CORNER_CATCHER|0.3|AGE_UNRESTRICTED|0021,0.3,AGE_UNRESTRICTED,,MIDDLE_PREMIUM_MINUS_CORNER_CATCHER,91995151,紅林 弘太郎,オリックス・バファローズ,MIDDLE_PREMIUM,SS,,30.7,56,1,1,23125136,山本 祐大,横浜DeNAベイスターズ,CORNER_CATCHER,C,,31,61,-1,-1,0.3,,-5,2,2
MIDDLE_PREMIUM_MINUS_CORNER_CATCHER|0.3|AGE_UNRESTRICTED|0022,0.3,AGE_UNRESTRICTED,,MIDDLE_PREMIUM_MINUS_CORNER_CATCHER,91995151,紅林 弘太郎,オリックス・バファローズ,MIDDLE_PREMIUM,SS,,30.7,56,1,1,21325134,大山 悠輔,阪神タイガース,CORNER_CATCHER,1B,,30.5,58,-2,-2,0.2,,-2,3,3
MIDDLE_PREMIUM_MINUS_CORNER_CATCHER|0.3|AGE_UNRESTRICTED|0023,0.3,AGE_UNRESTRICTED,,MIDDLE_PREMIUM_MINUS_CORNER_CATCHER,91995151,紅林 弘太郎,オリックス・バファローズ,MIDDLE_PREMIUM,SS,,30.7,56,1,1,21325139,梅野 隆太郎,阪神タイガース,CORNER_CATCHER,C,,30.6,57,0,0,0.1,,-1,1,1
MIDDLE_PREMIUM_MINUS_CORNER_CATCHER|0.3|AGE_UNRESTRICTED|0024,0.3,AGE_UNRESTRICTED,,MIDDLE_PREMIUM_MINUS_CORNER_CATCHER,93795157,カリステ,中日ドラゴンズ,MIDDLE_PREMIUM,RF,,31.3,82,-19,-18,91495139,森 友哉,オリックス・バファローズ,CORNER_CATCHER,C,,31.2,65,-3,-3,0.1,,17,-16,-15
MIDDLE_PREMIUM_MINUS_CORNER_CATCHER|0.3|AGE_UNRESTRICTED|0025,0.3,AGE_UNRESTRICTED,,MIDDLE_PREMIUM_MINUS_CORNER_CATCHER,93795157,カリステ,中日ドラゴンズ,MIDDLE_PREMIUM,RF,,31.3,82,-19,-18,71475132,西川 龍馬,オリックス・バファローズ,CORNER_CATCHER,LF,,31.1,72,-11,-11,0.2,,10,-8,-7
MIDDLE_PREMIUM_MINUS_CORNER_CATCHER|0.3|AGE_UNRESTRICTED|0026,0.3,AGE_UNRESTRICTED,,MIDDLE_PREMIUM_MINUS_CORNER_CATCHER,93795157,カリステ,中日ドラゴンズ,MIDDLE_PREMIUM,RF,,31.3,82,-19,-18,63065155,ポランコ,千葉ロッテマリーンズ,CORNER_CATCHER,LF,,31.1,63,-2,0,0.2,,19,-17,-18
MIDDLE_PREMIUM_MINUS_CORNER_CATCHER|0.3|AGE_UNRESTRICTED|0027,0.3,AGE_UNRESTRICTED,,MIDDLE_PREMIUM_MINUS_CORNER_CATCHER,93795157,カリステ,中日ドラゴンズ,MIDDLE_PREMIUM,RF,,31.3,82,-19,-18,71075151,佐藤 都志也,千葉ロッテマリーンズ,CORNER_CATCHER,C,,31.3,71,-8,-8,0,,11,-11,-10
MIDDLE_PREMIUM_MINUS_CORNER_CATCHER|0.3|AGE_UNRESTRICTED|0028,0.3,AGE_UNRESTRICTED,,MIDDLE_PREMIUM_MINUS_CORNER_CATCHER,93795157,カリステ,中日ドラゴンズ,MIDDLE_PREMIUM,RF,,31.3,82,-19,-18,43745150,ファビアン,広島東洋カープ,CORNER_CATCHER,LF,,31.4,61,3,3,0.1,,21,-22,-21
MIDDLE_PREMIUM_MINUS_CORNER_CATCHER|0.3|AGE_UNRESTRICTED|0029,0.3,AGE_UNRESTRICTED,,MIDDLE_PREMIUM_MINUS_CORNER_CATCHER,93795157,カリステ,中日ドラゴンズ,MIDDLE_PREMIUM,RF,,31.3,82,-19,-18,31135133,秋山 翔吾,広島東洋カープ,CORNER_CATCHER,LF,,31.6,77,-11,-10,0.3,,5,-8,-8
MIDDLE_PREMIUM_MINUS_CORNER_CATCHER|0.3|AGE_UNRESTRICTED|0030,0.3,AGE_UNRESTRICTED,,MIDDLE_PREMIUM_MINUS_CORNER_CATCHER,93795157,カリステ,中日ドラゴンズ,MIDDLE_PREMIUM,RF,,31.3,82,-19,-18,23125136,山本 祐大,横浜DeNAベイスターズ,CORNER_CATCHER,C,,31,61,-1,-1,0.3,,21,-18,-17
MIDDLE_PREMIUM_MINUS_CORNER_CATCHER|0.3|AGE_UNRESTRICTED|0031,0.3,AGE_UNRESTRICTED,,MIDDLE_PREMIUM_MINUS_CORNER_CATCHER,93795157,カリステ,中日ドラゴンズ,MIDDLE_PREMIUM,RF,,31.3,82,-19,-18,01705130,栗原 陵矢,福岡ソフトバンクホークス,CORNER_CATCHER,3B,,31.3,59,4,4,0,,23,-23,-22
MIDDLE_PREMIUM_MINUS_CORNER_CATCHER|0.3|AGE_UNRESTRICTED|0032,0.3,AGE_UNRESTRICTED,,MIDDLE_PREMIUM_MINUS_CORNER_CATCHER,93795157,カリステ,中日ドラゴンズ,MIDDLE_PREMIUM,RF,,31.3,82,-19,-18,81885155,正木 智也,福岡ソフトバンクホークス,CORNER_CATCHER,1B,,31.1,48,13,13,0.2,,34,-32,-31
MIDDLE_PREMIUM_MINUS_CORNER_CATCHER|0.3|AGE_UNRESTRICTED|0033,0.3,AGE_UNRESTRICTED,,MIDDLE_PREMIUM_MINUS_CORNER_CATCHER,93795157,カリステ,中日ドラゴンズ,MIDDLE_PREMIUM,RF,,31.3,82,-19,-18,41745135,近藤 健介,福岡ソフトバンクホークス,CORNER_CATCHER,LF,,31.2,64,-2,-2,0.1,,18,-17,-16
MIDDLE_PREMIUM_MINUS_CORNER_CATCHER|0.3|AGE_UNRESTRICTED|0034,0.3,AGE_UNRESTRICTED,,MIDDLE_PREMIUM_MINUS_CORNER_CATCHER,51455153,土田 龍空,中日ドラゴンズ,MIDDLE_PREMIUM,CF,,31.2,66,-4,-4,91495139,森 友哉,オリックス・バファローズ,CORNER_CATCHER,C,,31.2,65,-3,-3,0,,1,-1,-1
MIDDLE_PREMIUM_MINUS_CORNER_CATCHER|0.3|AGE_UNRESTRICTED|0035,0.3,AGE_UNRESTRICTED,,MIDDLE_PREMIUM_MINUS_CORNER_CATCHER,51455153,土田 龍空,中日ドラゴンズ,MIDDLE_PREMIUM,CF,,31.2,66,-4,-4,71475132,西川 龍馬,オリックス・バファローズ,CORNER_CATCHER,LF,,31.1,72,-11,-11,0.1,,-6,7,7
MIDDLE_PREMIUM_MINUS_CORNER_CATCHER|0.3|AGE_UNRESTRICTED|0036,0.3,AGE_UNRESTRICTED,,MIDDLE_PREMIUM_MINUS_CORNER_CATCHER,51455153,土田 龍空,中日ドラゴンズ,MIDDLE_PREMIUM,CF,,31.2,66,-4,-4,63065155,ポランコ,千葉ロッテマリーンズ,CORNER_CATCHER,LF,,31.1,63,-2,0,0.1,,3,-2,-4
MIDDLE_PREMIUM_MINUS_CORNER_CATCHER|0.3|AGE_UNRESTRICTED|0037,0.3,AGE_UNRESTRICTED,,MIDDLE_PREMIUM_MINUS_CORNER_CATCHER,51455153,土田 龍空,中日ドラゴンズ,MIDDLE_PREMIUM,CF,,31.2,66,-4,-4,71075151,佐藤 都志也,千葉ロッテマリーンズ,CORNER_CATCHER,C,,31.3,71,-8,-8,0.1,,-5,4,4
MIDDLE_PREMIUM_MINUS_CORNER_CATCHER|0.3|AGE_UNRESTRICTED|0038,0.3,AGE_UNRESTRICTED,,MIDDLE_PREMIUM_MINUS_CORNER_CATCHER,51455153,土田 龍空,中日ドラゴンズ,MIDDLE_PREMIUM,CF,,31.2,66,-4,-4,43745150,ファビアン,広島東洋カープ,CORNER_CATCHER,LF,,31.4,61,3,3,0.2,,5,-7,-7
MIDDLE_PREMIUM_MINUS_CORNER_CATCHER|0.3|AGE_UNRESTRICTED|0039,0.3,AGE_UNRESTRICTED,,MIDDLE_PREMIUM_MINUS_CORNER_CATCHER,51455153,土田 龍空,中日ドラゴンズ,MIDDLE_PREMIUM,CF,,31.2,66,-4,-4,23125136,山本 祐大,横浜DeNAベイスターズ,CORNER_CATCHER,C,,31,61,-1,-1,0.2,,5,-3,-3
MIDDLE_PREMIUM_MINUS_CORNER_CATCHER|0.3|AGE_UNRESTRICTED|0040,0.3,AGE_UNRESTRICTED,,MIDDLE_PREMIUM_MINUS_CORNER_CATCHER,51455153,土田 龍空,中日ドラゴンズ,MIDDLE_PREMIUM,CF,,31.2,66,-4,-4,01705130,栗原 陵矢,福岡ソフトバンクホークス,CORNER_CATCHER,3B,,31.3,59,4,4,0.1,,7,-8,-8
MIDDLE_PREMIUM_MINUS_CORNER_CATCHER|0.3|AGE_UNRESTRICTED|0041,0.3,AGE_UNRESTRICTED,,MIDDLE_PREMIUM_MINUS_CORNER_CATCHER,51455153,土田 龍空,中日ドラゴンズ,MIDDLE_PREMIUM,CF,,31.2,66,-4,-4,81885155,正木 智也,福岡ソフトバンクホークス,CORNER_CATCHER,1B,,31.1,48,13,13,0.1,,18,-17,-17
MIDDLE_PREMIUM_MINUS_CORNER_CATCHER|0.3|AGE_UNRESTRICTED|0042,0.3,AGE_UNRESTRICTED,,MIDDLE_PREMIUM_MINUS_CORNER_CATCHER,51455153,土田 龍空,中日ドラゴンズ,MIDDLE_PREMIUM,CF,,31.2,66,-4,-4,41745135,近藤 健介,福岡ソフトバンクホークス,CORNER_CATCHER,LF,,31.2,64,-2,-2,0,,2,-2,-2
MIDDLE_PREMIUM_MINUS_CORNER_CATCHER|0.3|AGE_UNRESTRICTED|0043,0.3,AGE_UNRESTRICTED,,MIDDLE_PREMIUM_MINUS_CORNER_CATCHER,01305131,大島 洋平,中日ドラゴンズ,MIDDLE_PREMIUM,CF,,31.7,74,-8,-8,11815130,宗 佑磨,オリックス・バファローズ,CORNER_CATCHER,3B,,31.9,76,-8,-8,0.2,,-2,0,0
MIDDLE_PREMIUM_MINUS_CORNER_CATCHER|0.3|AGE_UNRESTRICTED|0044,0.3,AGE_UNRESTRICTED,,MIDDLE_PREMIUM_MINUS_CORNER_CATCHER,01305131,大島 洋平,中日ドラゴンズ,MIDDLE_PREMIUM,CF,,31.7,74,-8,-8,41545136,清宮 幸太郎,北海道日本ハムファイターズ,CORNER_CATCHER,1B,,31.7,56,10,10,0,,18,-18,-18
MIDDLE_PREMIUM_MINUS_CORNER_CATCHER|0.3|AGE_UNRESTRICTED|0045,0.3,AGE_UNRESTRICTED,,MIDDLE_PREMIUM_MINUS_CORNER_CATCHER,01305131,大島 洋平,中日ドラゴンズ,MIDDLE_PREMIUM,CF,,31.7,74,-8,-8,31435138,野村 佑希,北海道日本ハムファイターズ,CORNER_CATCHER,LF,,31.7,52,14,14,0,,22,-22,-22
MIDDLE_PREMIUM_MINUS_CORNER_CATCHER|0.3|AGE_UNRESTRICTED|0046,0.3,AGE_UNRESTRICTED,,MIDDLE_PREMIUM_MINUS_CORNER_CATCHER,01305131,大島 洋平,中日ドラゴンズ,MIDDLE_PREMIUM,CF,,31.7,74,-8,-8,91895138,山口 航輝,千葉ロッテマリーンズ,CORNER_CATCHER,LF,,31.9,52,16,16,0.2,,22,-24,-24
MIDDLE_PREMIUM_MINUS_CORNER_CATCHER|0.3|AGE_UNRESTRICTED|0047,0.3,AGE_UNRESTRICTED,,MIDDLE_PREMIUM_MINUS_CORNER_CATCHER,01305131,大島 洋平,中日ドラゴンズ,MIDDLE_PREMIUM,CF,,31.7,74,-8,-8,43745150,ファビアン,広島東洋カープ,CORNER_CATCHER,LF,,31.4,61,3,3,0.3,,13,-11,-11
MIDDLE_PREMIUM_MINUS_CORNER_CATCHER|0.3|AGE_UNRESTRICTED|0048,0.3,AGE_UNRESTRICTED,,MIDDLE_PREMIUM_MINUS_CORNER_CATCHER,01305131,大島 洋平,中日ドラゴンズ,MIDDLE_PREMIUM,CF,,31.7,74,-8,-8,53955150,モンテロ,広島東洋カープ,CORNER_CATCHER,1B,,31.9,49,19,3,0.2,,25,-27,-11
MIDDLE_PREMIUM_MINUS_CORNER_CATCHER|0.3|AGE_UNRESTRICTED|0049,0.3,AGE_UNRESTRICTED,,MIDDLE_PREMIUM_MINUS_CORNER_CATCHER,01305131,大島 洋平,中日ドラゴンズ,MIDDLE_PREMIUM,CF,,31.7,74,-8,-8,31135133,秋山 翔吾,広島東洋カープ,CORNER_CATCHER,LF,,31.6,77,-11,-10,0.1,,-3,3,2
MIDDLE_PREMIUM_MINUS_CORNER_CATCHER|0.3|AGE_UNRESTRICTED|0050,0.3,AGE_UNRESTRICTED,,MIDDLE_PREMIUM_MINUS_CORNER_CATCHER,81585151,岡林 勇希,中日ドラゴンズ,MIDDLE_PREMIUM,CF,,32.5,81,-7,-7,31835134,細川 成也,中日ドラゴンズ,CORNER_CATCHER,LF,,32.7,60,15,15,0.2,,21,-22,-22
MIDDLE_PREMIUM_MINUS_CORNER_CATCHER|0.3|AGE_UNRESTRICTED|0051,0.3,AGE_UNRESTRICTED,,MIDDLE_PREMIUM_MINUS_CORNER_CATCHER,81585151,岡林 勇希,中日ドラゴンズ,MIDDLE_PREMIUM,CF,,32.5,81,-7,-7,51055138,田宮 裕涼,北海道日本ハムファイターズ,CORNER_CATCHER,C,,32.4,68,5,5,0.1,,13,-12,-12
MIDDLE_PREMIUM_MINUS_CORNER_CATCHER|0.3|AGE_UNRESTRICTED|0052,0.3,AGE_UNRESTRICTED,,MIDDLE_PREMIUM_MINUS_CORNER_CATCHER,81585151,岡林 勇希,中日ドラゴンズ,MIDDLE_PREMIUM,CF,,32.5,81,-7,-7,21925151,郡司 裕也,北海道日本ハムファイターズ,CORNER_CATCHER,3B,,32.7,61,14,14,0.2,,20,-21,-21
MIDDLE_PREMIUM_MINUS_CORNER_CATCHER|0.3|AGE_UNRESTRICTED|0053,0.3,AGE_UNRESTRICTED,,MIDDLE_PREMIUM_MINUS_CORNER_CATCHER,81585151,岡林 勇希,中日ドラゴンズ,MIDDLE_PREMIUM,CF,,32.5,81,-7,-7,11515139,岡 大海,千葉ロッテマリーンズ,CORNER_CATCHER,1B,,32.6,82,-7,-7,0.1,,-1,0,0
MIDDLE_PREMIUM_MINUS_CORNER_CATCHER|0.3|AGE_UNRESTRICTED|0054,0.3,AGE_UNRESTRICTED,,MIDDLE_PREMIUM_MINUS_CORNER_CATCHER,91395132,板山 祐太郎,中日ドラゴンズ,MIDDLE_PREMIUM,RF,,32,72,-3,-3,11815130,宗 佑磨,オリックス・バファローズ,CORNER_CATCHER,3B,,31.9,76,-8,-8,0.1,,-4,5,5
MIDDLE_PREMIUM_MINUS_CORNER_CATCHER|0.3|AGE_UNRESTRICTED|0055,0.3,AGE_UNRESTRICTED,,MIDDLE_PREMIUM_MINUS_CORNER_CATCHER,91395132,板山 祐太郎,中日ドラゴンズ,MIDDLE_PREMIUM,RF,,32,72,-3,-3,41545136,清宮 幸太郎,北海道日本ハムファイターズ,CORNER_CATCHER,1B,,31.7,56,10,10,0.3,,16,-13,-13
MIDDLE_PREMIUM_MINUS_CORNER_CATCHER|0.3|AGE_UNRESTRICTED|0056,0.3,AGE_UNRESTRICTED,,MIDDLE_PREMIUM_MINUS_CORNER_CATCHER,91395132,板山 祐太郎,中日ドラゴンズ,MIDDLE_PREMIUM,RF,,32,72,-3,-3,31435138,野村 佑希,北海道日本ハムファイターズ,CORNER_CATCHER,LF,,31.7,52,14,14,0.3,,20,-17,-17
MIDDLE_PREMIUM_MINUS_CORNER_CATCHER|0.3|AGE_UNRESTRICTED|0057,0.3,AGE_UNRESTRICTED,,MIDDLE_PREMIUM_MINUS_CORNER_CATCHER,91395132,板山 祐太郎,中日ドラゴンズ,MIDDLE_PREMIUM,RF,,32,72,-3,-3,91895138,山口 航輝,千葉ロッテマリーンズ,CORNER_CATCHER,LF,,31.9,52,16,16,0.1,,20,-19,-19
MIDDLE_PREMIUM_MINUS_CORNER_CATCHER|0.3|AGE_UNRESTRICTED|0058,0.3,AGE_UNRESTRICTED,,MIDDLE_PREMIUM_MINUS_CORNER_CATCHER,91395132,板山 祐太郎,中日ドラゴンズ,MIDDLE_PREMIUM,RF,,32,72,-3,-3,53955150,モンテロ,広島東洋カープ,CORNER_CATCHER,1B,,31.9,49,19,3,0.1,,23,-22,-6
MIDDLE_PREMIUM_MINUS_CORNER_CATCHER|0.3|AGE_UNRESTRICTED|0059,0.3,AGE_UNRESTRICTED,,MIDDLE_PREMIUM_MINUS_CORNER_CATCHER,91395132,板山 祐太郎,中日ドラゴンズ,MIDDLE_PREMIUM,RF,,32,72,-3,-3,01705134,古賀 優大,東京ヤクルトスワローズ,CORNER_CATCHER,C,,32.1,46,24,24,0.1,,26,-27,-27
MIDDLE_PREMIUM_MINUS_CORNER_CATCHER|0.3|AGE_UNRESTRICTED|0060,0.3,AGE_UNRESTRICTED,,MIDDLE_PREMIUM_MINUS_CORNER_CATCHER,91395132,板山 祐太郎,中日ドラゴンズ,MIDDLE_PREMIUM,RF,,32,72,-3,-3,31835133,柳田 悠岐,福岡ソフトバンクホークス,CORNER_CATCHER,LF,,32.1,67,3,3,0.1,,5,-6,-6
MIDDLE_PREMIUM_MINUS_CORNER_CATCHER|0.3|AGE_UNRESTRICTED|0061,0.3,AGE_UNRESTRICTED,,MIDDLE_PREMIUM_MINUS_CORNER_CATCHER,91395132,板山 祐太郎,中日ドラゴンズ,MIDDLE_PREMIUM,RF,,32,72,-3,-3,41045153,佐藤 輝明,阪神タイガース,CORNER_CATCHER,3B,,32.1,68,2,2,0.1,,4,-5,-5
MIDDLE_PREMIUM_MINUS_CORNER_CATCHER|0.3|AGE_UNRESTRICTED|0062,0.3,AGE_UNRESTRICTED,,MIDDLE_PREMIUM_MINUS_CORNER_CATCHER,71275157,友杉 篤輝,千葉ロッテマリーンズ,MIDDLE_PREMIUM,SS,,32.7,87,-12,-12,81685157,福永 裕基,中日ドラゴンズ,CORNER_CATCHER,3B,,33,64,14,14,0.3,,23,-26,-26
MIDDLE_PREMIUM_MINUS_CORNER_CATCHER|0.3|AGE_UNRESTRICTED|0063,0.3,AGE_UNRESTRICTED,,MIDDLE_PREMIUM_MINUS_CORNER_CATCHER,71275157,友杉 篤輝,千葉ロッテマリーンズ,MIDDLE_PREMIUM,SS,,32.7,87,-12,-12,31835134,細川 成也,中日ドラゴンズ,CORNER_CATCHER,LF,,32.7,60,15,15,0,,27,-27,-27
MIDDLE_PREMIUM_MINUS_CORNER_CATCHER|0.3|AGE_UNRESTRICTED|0064,0.3,AGE_UNRESTRICTED,,MIDDLE_PREMIUM_MINUS_CORNER_CATCHER,71275157,友杉 篤輝,千葉ロッテマリーンズ,MIDDLE_PREMIUM,SS,,32.7,87,-12,-12,51055138,田宮 裕涼,北海道日本ハムファイターズ,CORNER_CATCHER,C,,32.4,68,5,5,0.3,,19,-17,-17
MIDDLE_PREMIUM_MINUS_CORNER_CATCHER|0.3|AGE_UNRESTRICTED|0065,0.3,AGE_UNRESTRICTED,,MIDDLE_PREMIUM_MINUS_CORNER_CATCHER,71275157,友杉 篤輝,千葉ロッテマリーンズ,MIDDLE_PREMIUM,SS,,32.7,87,-12,-12,21925151,郡司 裕也,北海道日本ハムファイターズ,CORNER_CATCHER,3B,,32.7,61,14,14,0,,26,-26,-26
MIDDLE_PREMIUM_MINUS_CORNER_CATCHER|0.3|AGE_UNRESTRICTED|0066,0.3,AGE_UNRESTRICTED,,MIDDLE_PREMIUM_MINUS_CORNER_CATCHER,71275157,友杉 篤輝,千葉ロッテマリーンズ,MIDDLE_PREMIUM,SS,,32.7,87,-12,-12,11515139,岡 大海,千葉ロッテマリーンズ,CORNER_CATCHER,1B,,32.6,82,-7,-7,0.1,,5,-5,-5
MIDDLE_PREMIUM_MINUS_CORNER_CATCHER|0.3|AGE_UNRESTRICTED|0067,0.3,AGE_UNRESTRICTED,,MIDDLE_PREMIUM_MINUS_CORNER_CATCHER,31635138,藤原 恭大,千葉ロッテマリーンズ,MIDDLE_PREMIUM,RF,,33,85,-7,-7,81685157,福永 裕基,中日ドラゴンズ,CORNER_CATCHER,3B,,33,64,14,14,0,,21,-21,-21
MIDDLE_PREMIUM_MINUS_CORNER_CATCHER|0.3|AGE_UNRESTRICTED|0068,0.3,AGE_UNRESTRICTED,,MIDDLE_PREMIUM_MINUS_CORNER_CATCHER,31635138,藤原 恭大,千葉ロッテマリーンズ,MIDDLE_PREMIUM,RF,,33,85,-7,-7,31835134,細川 成也,中日ドラゴンズ,CORNER_CATCHER,LF,,32.7,60,15,15,0.3,,25,-22,-22
MIDDLE_PREMIUM_MINUS_CORNER_CATCHER|0.3|AGE_UNRESTRICTED|0069,0.3,AGE_UNRESTRICTED,,MIDDLE_PREMIUM_MINUS_CORNER_CATCHER,31635138,藤原 恭大,千葉ロッテマリーンズ,MIDDLE_PREMIUM,RF,,33,85,-7,-7,21925151,郡司 裕也,北海道日本ハムファイターズ,CORNER_CATCHER,3B,,32.7,61,14,14,0.3,,24,-21,-21
MIDDLE_PREMIUM_MINUS_CORNER_CATCHER|0.3|AGE_UNRESTRICTED|0070,0.3,AGE_UNRESTRICTED,,MIDDLE_PREMIUM_MINUS_CORNER_CATCHER,71775134,源田 壮亮,埼玉西武ライオンズ,MIDDLE_PREMIUM,SS,,32.9,80,-3,-3,81685157,福永 裕基,中日ドラゴンズ,CORNER_CATCHER,3B,,33,64,14,14,0.1,,16,-17,-17
MIDDLE_PREMIUM_MINUS_CORNER_CATCHER|0.3|AGE_UNRESTRICTED|0071,0.3,AGE_UNRESTRICTED,,MIDDLE_PREMIUM_MINUS_CORNER_CATCHER,71775134,源田 壮亮,埼玉西武ライオンズ,MIDDLE_PREMIUM,SS,,32.9,80,-3,-3,31835134,細川 成也,中日ドラゴンズ,CORNER_CATCHER,LF,,32.7,60,15,15,0.2,,20,-18,-18
MIDDLE_PREMIUM_MINUS_CORNER_CATCHER|0.3|AGE_UNRESTRICTED|0072,0.3,AGE_UNRESTRICTED,,MIDDLE_PREMIUM_MINUS_CORNER_CATCHER,71775134,源田 壮亮,埼玉西武ライオンズ,MIDDLE_PREMIUM,SS,,32.9,80,-3,-3,21925151,郡司 裕也,北海道日本ハムファイターズ,CORNER_CATCHER,3B,,32.7,61,14,14,0.2,,19,-17,-17
MIDDLE_PREMIUM_MINUS_CORNER_CATCHER|0.3|AGE_UNRESTRICTED|0073,0.3,AGE_UNRESTRICTED,,MIDDLE_PREMIUM_MINUS_CORNER_CATCHER,71775134,源田 壮亮,埼玉西武ライオンズ,MIDDLE_PREMIUM,SS,,32.9,80,-3,-3,11515139,岡 大海,千葉ロッテマリーンズ,CORNER_CATCHER,1B,,32.6,82,-7,-7,0.3,,-2,4,4
MIDDLE_PREMIUM_MINUS_CORNER_CATCHER|0.3|AGE_UNRESTRICTED|0074,0.3,AGE_UNRESTRICTED,,MIDDLE_PREMIUM_MINUS_CORNER_CATCHER,51255155,滝澤 夏央,埼玉西武ライオンズ,MIDDLE_PREMIUM,SS,,33,85,-7,-7,81685157,福永 裕基,中日ドラゴンズ,CORNER_CATCHER,3B,,33,64,14,14,0,,21,-21,-21
MIDDLE_PREMIUM_MINUS_CORNER_CATCHER|0.3|AGE_UNRESTRICTED|0075,0.3,AGE_UNRESTRICTED,,MIDDLE_PREMIUM_MINUS_CORNER_CATCHER,51255155,滝澤 夏央,埼玉西武ライオンズ,MIDDLE_PREMIUM,SS,,33,85,-7,-7,31835134,細川 成也,中日ドラゴンズ,CORNER_CATCHER,LF,,32.7,60,15,15,0.3,,25,-22,-22
MIDDLE_PREMIUM_MINUS_CORNER_CATCHER|0.3|AGE_UNRESTRICTED|0076,0.3,AGE_UNRESTRICTED,,MIDDLE_PREMIUM_MINUS_CORNER_CATCHER,51255155,滝澤 夏央,埼玉西武ライオンズ,MIDDLE_PREMIUM,SS,,33,85,-7,-7,21925151,郡司 裕也,北海道日本ハムファイターズ,CORNER_CATCHER,3B,,32.7,61,14,14,0.3,,24,-21,-21
MIDDLE_PREMIUM_MINUS_CORNER_CATCHER|0.3|AGE_UNRESTRICTED|0077,0.3,AGE_UNRESTRICTED,,MIDDLE_PREMIUM_MINUS_CORNER_CATCHER,01705138,小園 海斗,広島東洋カープ,MIDDLE_PREMIUM,SS,,31.5,79,-14,-14,91495139,森 友哉,オリックス・バファローズ,CORNER_CATCHER,C,,31.2,65,-3,-3,0.3,,14,-11,-11
MIDDLE_PREMIUM_MINUS_CORNER_CATCHER|0.3|AGE_UNRESTRICTED|0078,0.3,AGE_UNRESTRICTED,,MIDDLE_PREMIUM_MINUS_CORNER_CATCHER,01705138,小園 海斗,広島東洋カープ,MIDDLE_PREMIUM,SS,,31.5,79,-14,-14,41545136,清宮 幸太郎,北海道日本ハムファイターズ,CORNER_CATCHER,1B,,31.7,56,10,10,0.2,,23,-24,-24
MIDDLE_PREMIUM_MINUS_CORNER_CATCHER|0.3|AGE_UNRESTRICTED|0079,0.3,AGE_UNRESTRICTED,,MIDDLE_PREMIUM_MINUS_CORNER_CATCHER,01705138,小園 海斗,広島東洋カープ,MIDDLE_PREMIUM,SS,,31.5,79,-14,-14,31435138,野村 佑希,北海道日本ハムファイターズ,CORNER_CATCHER,LF,,31.7,52,14,14,0.2,,27,-28,-28
MIDDLE_PREMIUM_MINUS_CORNER_CATCHER|0.3|AGE_UNRESTRICTED|0080,0.3,AGE_UNRESTRICTED,,MIDDLE_PREMIUM_MINUS_CORNER_CATCHER,01705138,小園 海斗,広島東洋カープ,MIDDLE_PREMIUM,SS,,31.5,79,-14,-14,71075151,佐藤 都志也,千葉ロッテマリーンズ,CORNER_CATCHER,C,,31.3,71,-8,-8,0.2,,8,-6,-6
MIDDLE_PREMIUM_MINUS_CORNER_CATCHER|0.3|AGE_UNRESTRICTED|0081,0.3,AGE_UNRESTRICTED,,MIDDLE_PREMIUM_MINUS_CORNER_CATCHER,01705138,小園 海斗,広島東洋カープ,MIDDLE_PREMIUM,SS,,31.5,79,-14,-14,43745150,ファビアン,広島東洋カープ,CORNER_CATCHER,LF,,31.4,61,3,3,0.1,,18,-17,-17
MIDDLE_PREMIUM_MINUS_CORNER_CATCHER|0.3|AGE_UNRESTRICTED|0082,0.3,AGE_UNRESTRICTED,,MIDDLE_PREMIUM_MINUS_CORNER_CATCHER,01705138,小園 海斗,広島東洋カープ,MIDDLE_PREMIUM,SS,,31.5,79,-14,-14,31135133,秋山 翔吾,広島東洋カープ,CORNER_CATCHER,LF,,31.6,77,-11,-10,0.1,,2,-3,-4
MIDDLE_PREMIUM_MINUS_CORNER_CATCHER|0.3|AGE_UNRESTRICTED|0083,0.3,AGE_UNRESTRICTED,,MIDDLE_PREMIUM_MINUS_CORNER_CATCHER,01705138,小園 海斗,広島東洋カープ,MIDDLE_PREMIUM,SS,,31.5,79,-14,-14,01705130,栗原 陵矢,福岡ソフトバンクホークス,CORNER_CATCHER,3B,,31.3,59,4,4,0.2,,20,-18,-18
MIDDLE_PREMIUM_MINUS_CORNER_CATCHER|0.3|AGE_UNRESTRICTED|0084,0.3,AGE_UNRESTRICTED,,MIDDLE_PREMIUM_MINUS_CORNER_CATCHER,01705138,小園 海斗,広島東洋カープ,MIDDLE_PREMIUM,SS,,31.5,79,-14,-14,41745135,近藤 健介,福岡ソフトバンクホークス,CORNER_CATCHER,LF,,31.2,64,-2,-2,0.3,,15,-12,-12
MIDDLE_PREMIUM_MINUS_CORNER_CATCHER|0.3|AGE_UNRESTRICTED|0085,0.3,AGE_UNRESTRICTED,,MIDDLE_PREMIUM_MINUS_CORNER_CATCHER,93395153,矢野 雅哉,広島東洋カープ,MIDDLE_PREMIUM,SS,,30.7,78,-21,-21,41645139,若月 健矢,オリックス・バファローズ,CORNER_CATCHER,C,,30.7,48,9,9,0,,30,-30,-30
MIDDLE_PREMIUM_MINUS_CORNER_CATCHER|0.3|AGE_UNRESTRICTED|0086,0.3,AGE_UNRESTRICTED,,MIDDLE_PREMIUM_MINUS_CORNER_CATCHER,93395153,矢野 雅哉,広島東洋カープ,MIDDLE_PREMIUM,SS,,30.7,78,-21,-21,91195151,石川 昂弥,中日ドラゴンズ,CORNER_CATCHER,3B,,30.6,41,16,16,0.1,,37,-37,-37
MIDDLE_PREMIUM_MINUS_CORNER_CATCHER|0.3|AGE_UNRESTRICTED|0087,0.3,AGE_UNRESTRICTED,,MIDDLE_PREMIUM_MINUS_CORNER_CATCHER,93395153,矢野 雅哉,広島東洋カープ,MIDDLE_PREMIUM,SS,,30.7,78,-21,-21,81785155,古賀 悠斗,埼玉西武ライオンズ,CORNER_CATCHER,C,,30.6,47,10,10,0.1,,31,-31,-31
MIDDLE_PREMIUM_MINUS_CORNER_CATCHER|0.3|AGE_UNRESTRICTED|0088,0.3,AGE_UNRESTRICTED,,MIDDLE_PREMIUM_MINUS_CORNER_CATCHER,93395153,矢野 雅哉,広島東洋カープ,MIDDLE_PREMIUM,SS,,30.7,78,-21,-21,11915134,坂倉 将吾,広島東洋カープ,CORNER_CATCHER,1B,,30.6,68,-11,-11,0.1,,10,-10,-10
MIDDLE_PREMIUM_MINUS_CORNER_CATCHER|0.3|AGE_UNRESTRICTED|0089,0.3,AGE_UNRESTRICTED,,MIDDLE_PREMIUM_MINUS_CORNER_CATCHER,93395153,矢野 雅哉,広島東洋カープ,MIDDLE_PREMIUM,SS,,30.7,78,-21,-21,53755153,サンタナ,東京ヤクルトスワローズ,CORNER_CATCHER,LF,,30.8,47,11,11,0.1,,31,-32,-32
MIDDLE_PREMIUM_MINUS_CORNER_CATCHER|0.3|AGE_UNRESTRICTED|0090,0.3,AGE_UNRESTRICTED,,MIDDLE_PREMIUM_MINUS_CORNER_CATCHER,93395153,矢野 雅哉,広島東洋カープ,MIDDLE_PREMIUM,SS,,30.7,78,-21,-21,51255118,中村 悠平,東京ヤクルトスワローズ,CORNER_CATCHER,C,,30.4,56,-1,-1,0.3,,22,-20,-20
MIDDLE_PREMIUM_MINUS_CORNER_CATCHER|0.3|AGE_UNRESTRICTED|0091,0.3,AGE_UNRESTRICTED,,MIDDLE_PREMIUM_MINUS_CORNER_CATCHER,93395153,矢野 雅哉,広島東洋カープ,MIDDLE_PREMIUM,SS,,30.7,78,-21,-21,71375138,太田 光,東北楽天ゴールデンイーグルス,CORNER_CATCHER,C,,30.5,44,12,12,0.2,,34,-33,-33
MIDDLE_PREMIUM_MINUS_CORNER_CATCHER|0.3|AGE_UNRESTRICTED|0092,0.3,AGE_UNRESTRICTED,,MIDDLE_PREMIUM_MINUS_CORNER_CATCHER,93395153,矢野 雅哉,広島東洋カープ,MIDDLE_PREMIUM,SS,,30.7,78,-21,-21,51155118,浅村 栄斗,東北楽天ゴールデンイーグルス,CORNER_CATCHER,1B,,30.5,35,21,21,0.2,,43,-42,-42
MIDDLE_PREMIUM_MINUS_CORNER_CATCHER|0.3|AGE_UNRESTRICTED|0093,0.3,AGE_UNRESTRICTED,,MIDDLE_PREMIUM_MINUS_CORNER_CATCHER,93395153,矢野 雅哉,広島東洋カープ,MIDDLE_PREMIUM,SS,,30.7,78,-21,-21,91995134,佐野 恵太,横浜DeNAベイスターズ,CORNER_CATCHER,1B,,30.6,48,9,9,0.1,,30,-30,-30
MIDDLE_PREMIUM_MINUS_CORNER_CATCHER|0.3|AGE_UNRESTRICTED|0094,0.3,AGE_UNRESTRICTED,,MIDDLE_PREMIUM_MINUS_CORNER_CATCHER,93395153,矢野 雅哉,広島東洋カープ,MIDDLE_PREMIUM,SS,,30.7,78,-21,-21,23125136,山本 祐大,横浜DeNAベイスターズ,CORNER_CATCHER,C,,31,61,-1,-1,0.3,,17,-20,-20
MIDDLE_PREMIUM_MINUS_CORNER_CATCHER|0.3|AGE_UNRESTRICTED|0095,0.3,AGE_UNRESTRICTED,,MIDDLE_PREMIUM_MINUS_CORNER_CATCHER,93395153,矢野 雅哉,広島東洋カープ,MIDDLE_PREMIUM,SS,,30.7,78,-21,-21,21325134,大山 悠輔,阪神タイガース,CORNER_CATCHER,1B,,30.5,58,-2,-2,0.2,,20,-19,-19
MIDDLE_PREMIUM_MINUS_CORNER_CATCHER|0.3|AGE_UNRESTRICTED|0096,0.3,AGE_UNRESTRICTED,,MIDDLE_PREMIUM_MINUS_CORNER_CATCHER,93395153,矢野 雅哉,広島東洋カープ,MIDDLE_PREMIUM,SS,,30.7,78,-21,-21,21325139,梅野 隆太郎,阪神タイガース,CORNER_CATCHER,C,,30.6,57,0,0,0.1,,21,-21,-21
MIDDLE_PREMIUM_MINUS_CORNER_CATCHER|0.3|AGE_UNRESTRICTED|0097,0.3,AGE_UNRESTRICTED,,MIDDLE_PREMIUM_MINUS_CORNER_CATCHER,01405130,野間 峻祥,広島東洋カープ,MIDDLE_PREMIUM,RF,,31.7,88,-22,-22,11815130,宗 佑磨,オリックス・バファローズ,CORNER_CATCHER,3B,,31.9,76,-8,-8,0.2,,12,-14,-14
MIDDLE_PREMIUM_MINUS_CORNER_CATCHER|0.3|AGE_UNRESTRICTED|0098,0.3,AGE_UNRESTRICTED,,MIDDLE_PREMIUM_MINUS_CORNER_CATCHER,01405130,野間 峻祥,広島東洋カープ,MIDDLE_PREMIUM,RF,,31.7,88,-22,-22,41545136,清宮 幸太郎,北海道日本ハムファイターズ,CORNER_CATCHER,1B,,31.7,56,10,10,0,,32,-32,-32
MIDDLE_PREMIUM_MINUS_CORNER_CATCHER|0.3|AGE_UNRESTRICTED|0099,0.3,AGE_UNRESTRICTED,,MIDDLE_PREMIUM_MINUS_CORNER_CATCHER,01405130,野間 峻祥,広島東洋カープ,MIDDLE_PREMIUM,RF,,31.7,88,-22,-22,31435138,野村 佑希,北海道日本ハムファイターズ,CORNER_CATCHER,LF,,31.7,52,14,14,0,,36,-36,-36
MIDDLE_PREMIUM_MINUS_CORNER_CATCHER|0.3|AGE_UNRESTRICTED|0100,0.3,AGE_UNRESTRICTED,,MIDDLE_PREMIUM_MINUS_CORNER_CATCHER,01405130,野間 峻祥,広島東洋カープ,MIDDLE_PREMIUM,RF,,31.7,88,-22,-22,91895138,山口 航輝,千葉ロッテマリーンズ,CORNER_CATCHER,LF,,31.9,52,16,16,0.2,,36,-38,-38
MIDDLE_PREMIUM_MINUS_CORNER_CATCHER|0.3|AGE_UNRESTRICTED|0101,0.3,AGE_UNRESTRICTED,,MIDDLE_PREMIUM_MINUS_CORNER_CATCHER,01405130,野間 峻祥,広島東洋カープ,MIDDLE_PREMIUM,RF,,31.7,88,-22,-22,43745150,ファビアン,広島東洋カープ,CORNER_CATCHER,LF,,31.4,61,3,3,0.3,,27,-25,-25
MIDDLE_PREMIUM_MINUS_CORNER_CATCHER|0.3|AGE_UNRESTRICTED|0102,0.3,AGE_UNRESTRICTED,,MIDDLE_PREMIUM_MINUS_CORNER_CATCHER,01405130,野間 峻祥,広島東洋カープ,MIDDLE_PREMIUM,RF,,31.7,88,-22,-22,53955150,モンテロ,広島東洋カープ,CORNER_CATCHER,1B,,31.9,49,19,3,0.2,,39,-41,-25
MIDDLE_PREMIUM_MINUS_CORNER_CATCHER|0.3|AGE_UNRESTRICTED|0103,0.3,AGE_UNRESTRICTED,,MIDDLE_PREMIUM_MINUS_CORNER_CATCHER,01405130,野間 峻祥,広島東洋カープ,MIDDLE_PREMIUM,RF,,31.7,88,-22,-22,31135133,秋山 翔吾,広島東洋カープ,CORNER_CATCHER,LF,,31.6,77,-11,-10,0.1,,11,-11,-12
MIDDLE_PREMIUM_MINUS_CORNER_CATCHER|0.3|AGE_UNRESTRICTED|0104,0.3,AGE_UNRESTRICTED,,MIDDLE_PREMIUM_MINUS_CORNER_CATCHER,93195155,丸山 和郁,東京ヤクルトスワローズ,MIDDLE_PREMIUM,RF,,32.4,86,-13,-13,31835134,細川 成也,中日ドラゴンズ,CORNER_CATCHER,LF,,32.7,60,15,15,0.3,,26,-28,-28
MIDDLE_PREMIUM_MINUS_CORNER_CATCHER|0.3|AGE_UNRESTRICTED|0105,0.3,AGE_UNRESTRICTED,,MIDDLE_PREMIUM_MINUS_CORNER_CATCHER,93195155,丸山 和郁,東京ヤクルトスワローズ,MIDDLE_PREMIUM,RF,,32.4,86,-13,-13,51055138,田宮 裕涼,北海道日本ハムファイターズ,CORNER_CATCHER,C,,32.4,68,5,5,0,,18,-18,-18
MIDDLE_PREMIUM_MINUS_CORNER_CATCHER|0.3|AGE_UNRESTRICTED|0106,0.3,AGE_UNRESTRICTED,,MIDDLE_PREMIUM_MINUS_CORNER_CATCHER,93195155,丸山 和郁,東京ヤクルトスワローズ,MIDDLE_PREMIUM,RF,,32.4,86,-13,-13,21925151,郡司 裕也,北海道日本ハムファイターズ,CORNER_CATCHER,3B,,32.7,61,14,14,0.3,,25,-27,-27
MIDDLE_PREMIUM_MINUS_CORNER_CATCHER|0.3|AGE_UNRESTRICTED|0107,0.3,AGE_UNRESTRICTED,,MIDDLE_PREMIUM_MINUS_CORNER_CATCHER,93195155,丸山 和郁,東京ヤクルトスワローズ,MIDDLE_PREMIUM,RF,,32.4,86,-13,-13,11515139,岡 大海,千葉ロッテマリーンズ,CORNER_CATCHER,1B,,32.6,82,-7,-7,0.2,,4,-6,-6
MIDDLE_PREMIUM_MINUS_CORNER_CATCHER|0.3|AGE_UNRESTRICTED|0108,0.3,AGE_UNRESTRICTED,,MIDDLE_PREMIUM_MINUS_CORNER_CATCHER,93195155,丸山 和郁,東京ヤクルトスワローズ,MIDDLE_PREMIUM,RF,,32.4,86,-13,-13,01705134,古賀 優大,東京ヤクルトスワローズ,CORNER_CATCHER,C,,32.1,46,24,24,0.3,,40,-37,-37
MIDDLE_PREMIUM_MINUS_CORNER_CATCHER|0.3|AGE_UNRESTRICTED|0109,0.3,AGE_UNRESTRICTED,,MIDDLE_PREMIUM_MINUS_CORNER_CATCHER,93195155,丸山 和郁,東京ヤクルトスワローズ,MIDDLE_PREMIUM,RF,,32.4,86,-13,-13,31835133,柳田 悠岐,福岡ソフトバンクホークス,CORNER_CATCHER,LF,,32.1,67,3,3,0.3,,19,-16,-16
MIDDLE_PREMIUM_MINUS_CORNER_CATCHER|0.3|AGE_UNRESTRICTED|0110,0.3,AGE_UNRESTRICTED,,MIDDLE_PREMIUM_MINUS_CORNER_CATCHER,93195155,丸山 和郁,東京ヤクルトスワローズ,MIDDLE_PREMIUM,RF,,32.4,86,-13,-13,41045153,佐藤 輝明,阪神タイガース,CORNER_CATCHER,3B,,32.1,68,2,2,0.3,,18,-15,-15
MIDDLE_PREMIUM_MINUS_CORNER_CATCHER|0.3|AGE_UNRESTRICTED|0111,0.3,AGE_UNRESTRICTED,,MIDDLE_PREMIUM_MINUS_CORNER_CATCHER,71975136,塩見 泰隆,東京ヤクルトスワローズ,MIDDLE_PREMIUM,RF,,32.3,83,-11,-11,51055138,田宮 裕涼,北海道日本ハムファイターズ,CORNER_CATCHER,C,,32.4,68,5,5,0.1,,15,-16,-16
MIDDLE_PREMIUM_MINUS_CORNER_CATCHER|0.3|AGE_UNRESTRICTED|0112,0.3,AGE_UNRESTRICTED,,MIDDLE_PREMIUM_MINUS_CORNER_CATCHER,71975136,塩見 泰隆,東京ヤクルトスワローズ,MIDDLE_PREMIUM,RF,,32.3,83,-11,-11,11515139,岡 大海,千葉ロッテマリーンズ,CORNER_CATCHER,1B,,32.6,82,-7,-7,0.3,,1,-4,-4
MIDDLE_PREMIUM_MINUS_CORNER_CATCHER|0.3|AGE_UNRESTRICTED|0113,0.3,AGE_UNRESTRICTED,,MIDDLE_PREMIUM_MINUS_CORNER_CATCHER,71975136,塩見 泰隆,東京ヤクルトスワローズ,MIDDLE_PREMIUM,RF,,32.3,83,-11,-11,01705134,古賀 優大,東京ヤクルトスワローズ,CORNER_CATCHER,C,,32.1,46,24,24,0.2,,37,-35,-35
MIDDLE_PREMIUM_MINUS_CORNER_CATCHER|0.3|AGE_UNRESTRICTED|0114,0.3,AGE_UNRESTRICTED,,MIDDLE_PREMIUM_MINUS_CORNER_CATCHER,71975136,塩見 泰隆,東京ヤクルトスワローズ,MIDDLE_PREMIUM,RF,,32.3,83,-11,-11,31835133,柳田 悠岐,福岡ソフトバンクホークス,CORNER_CATCHER,LF,,32.1,67,3,3,0.2,,16,-14,-14
MIDDLE_PREMIUM_MINUS_CORNER_CATCHER|0.3|AGE_UNRESTRICTED|0115,0.3,AGE_UNRESTRICTED,,MIDDLE_PREMIUM_MINUS_CORNER_CATCHER,71975136,塩見 泰隆,東京ヤクルトスワローズ,MIDDLE_PREMIUM,RF,,32.3,83,-11,-11,41045153,佐藤 輝明,阪神タイガース,CORNER_CATCHER,3B,,32.1,68,2,2,0.2,,15,-13,-13
MIDDLE_PREMIUM_MINUS_CORNER_CATCHER|0.3|AGE_UNRESTRICTED|0116,0.3,AGE_UNRESTRICTED,,MIDDLE_PREMIUM_MINUS_CORNER_CATCHER,51455151,長岡 秀樹,東京ヤクルトスワローズ,MIDDLE_PREMIUM,SS,,31.6,58,8,8,11815130,宗 佑磨,オリックス・バファローズ,CORNER_CATCHER,3B,,31.9,76,-8,-8,0.3,,-18,16,16
MIDDLE_PREMIUM_MINUS_CORNER_CATCHER|0.3|AGE_UNRESTRICTED|0117,0.3,AGE_UNRESTRICTED,,MIDDLE_PREMIUM_MINUS_CORNER_CATCHER,51455151,長岡 秀樹,東京ヤクルトスワローズ,MIDDLE_PREMIUM,SS,,31.6,58,8,8,41545136,清宮 幸太郎,北海道日本ハムファイターズ,CORNER_CATCHER,1B,,31.7,56,10,10,0.1,,2,-2,-2
MIDDLE_PREMIUM_MINUS_CORNER_CATCHER|0.3|AGE_UNRESTRICTED|0118,0.3,AGE_UNRESTRICTED,,MIDDLE_PREMIUM_MINUS_CORNER_CATCHER,51455151,長岡 秀樹,東京ヤクルトスワローズ,MIDDLE_PREMIUM,SS,,31.6,58,8,8,31435138,野村 佑希,北海道日本ハムファイターズ,CORNER_CATCHER,LF,,31.7,52,14,14,0.1,,6,-6,-6
MIDDLE_PREMIUM_MINUS_CORNER_CATCHER|0.3|AGE_UNRESTRICTED|0119,0.3,AGE_UNRESTRICTED,,MIDDLE_PREMIUM_MINUS_CORNER_CATCHER,51455151,長岡 秀樹,東京ヤクルトスワローズ,MIDDLE_PREMIUM,SS,,31.6,58,8,8,71075151,佐藤 都志也,千葉ロッテマリーンズ,CORNER_CATCHER,C,,31.3,71,-8,-8,0.3,,-13,16,16
MIDDLE_PREMIUM_MINUS_CORNER_CATCHER|0.3|AGE_UNRESTRICTED|0120,0.3,AGE_UNRESTRICTED,,MIDDLE_PREMIUM_MINUS_CORNER_CATCHER,51455151,長岡 秀樹,東京ヤクルトスワローズ,MIDDLE_PREMIUM,SS,,31.6,58,8,8,91895138,山口 航輝,千葉ロッテマリーンズ,CORNER_CATCHER,LF,,31.9,52,16,16,0.3,,6,-8,-8
MIDDLE_PREMIUM_MINUS_CORNER_CATCHER|0.3|AGE_UNRESTRICTED|0121,0.3,AGE_UNRESTRICTED,,MIDDLE_PREMIUM_MINUS_CORNER_CATCHER,51455151,長岡 秀樹,東京ヤクルトスワローズ,MIDDLE_PREMIUM,SS,,31.6,58,8,8,43745150,ファビアン,広島東洋カープ,CORNER_CATCHER,LF,,31.4,61,3,3,0.2,,-3,5,5
MIDDLE_PREMIUM_MINUS_CORNER_CATCHER|0.3|AGE_UNRESTRICTED|0122,0.3,AGE_UNRESTRICTED,,MIDDLE_PREMIUM_MINUS_CORNER_CATCHER,51455151,長岡 秀樹,東京ヤクルトスワローズ,MIDDLE_PREMIUM,SS,,31.6,58,8,8,53955150,モンテロ,広島東洋カープ,CORNER_CATCHER,1B,,31.9,49,19,3,0.3,,9,-11,5
MIDDLE_PREMIUM_MINUS_CORNER_CATCHER|0.3|AGE_UNRESTRICTED|0123,0.3,AGE_UNRESTRICTED,,MIDDLE_PREMIUM_MINUS_CORNER_CATCHER,51455151,長岡 秀樹,東京ヤクルトスワローズ,MIDDLE_PREMIUM,SS,,31.6,58,8,8,31135133,秋山 翔吾,広島東洋カープ,CORNER_CATCHER,LF,,31.6,77,-11,-10,0,,-19,19,18
MIDDLE_PREMIUM_MINUS_CORNER_CATCHER|0.3|AGE_UNRESTRICTED|0124,0.3,AGE_UNRESTRICTED,,MIDDLE_PREMIUM_MINUS_CORNER_CATCHER,51455151,長岡 秀樹,東京ヤクルトスワローズ,MIDDLE_PREMIUM,SS,,31.6,58,8,8,01705130,栗原 陵矢,福岡ソフトバンクホークス,CORNER_CATCHER,3B,,31.3,59,4,4,0.3,,-1,4,4
MIDDLE_PREMIUM_MINUS_CORNER_CATCHER|0.3|AGE_UNRESTRICTED|0125,0.3,AGE_UNRESTRICTED,,MIDDLE_PREMIUM_MINUS_CORNER_CATCHER,81585134,京田 陽太,横浜DeNAベイスターズ,MIDDLE_PREMIUM,SS,,31.1,78,-17,-17,91495139,森 友哉,オリックス・バファローズ,CORNER_CATCHER,C,,31.2,65,-3,-3,0.1,,13,-14,-14
MIDDLE_PREMIUM_MINUS_CORNER_CATCHER|0.3|AGE_UNRESTRICTED|0126,0.3,AGE_UNRESTRICTED,,MIDDLE_PREMIUM_MINUS_CORNER_CATCHER,81585134,京田 陽太,横浜DeNAベイスターズ,MIDDLE_PREMIUM,SS,,31.1,78,-17,-17,71475132,西川 龍馬,オリックス・バファローズ,CORNER_CATCHER,LF,,31.1,72,-11,-11,0,,6,-6,-6
MIDDLE_PREMIUM_MINUS_CORNER_CATCHER|0.3|AGE_UNRESTRICTED|0127,0.3,AGE_UNRESTRICTED,,MIDDLE_PREMIUM_MINUS_CORNER_CATCHER,81585134,京田 陽太,横浜DeNAベイスターズ,MIDDLE_PREMIUM,SS,,31.1,78,-17,-17,63065155,ポランコ,千葉ロッテマリーンズ,CORNER_CATCHER,LF,,31.1,63,-2,0,0,,15,-15,-17
MIDDLE_PREMIUM_MINUS_CORNER_CATCHER|0.3|AGE_UNRESTRICTED|0128,0.3,AGE_UNRESTRICTED,,MIDDLE_PREMIUM_MINUS_CORNER_CATCHER,81585134,京田 陽太,横浜DeNAベイスターズ,MIDDLE_PREMIUM,SS,,31.1,78,-17,-17,71075151,佐藤 都志也,千葉ロッテマリーンズ,CORNER_CATCHER,C,,31.3,71,-8,-8,0.2,,7,-9,-9
MIDDLE_PREMIUM_MINUS_CORNER_CATCHER|0.3|AGE_UNRESTRICTED|0129,0.3,AGE_UNRESTRICTED,,MIDDLE_PREMIUM_MINUS_CORNER_CATCHER,81585134,京田 陽太,横浜DeNAベイスターズ,MIDDLE_PREMIUM,SS,,31.1,78,-17,-17,43745150,ファビアン,広島東洋カープ,CORNER_CATCHER,LF,,31.4,61,3,3,0.3,,17,-20,-20
MIDDLE_PREMIUM_MINUS_CORNER_CATCHER|0.3|AGE_UNRESTRICTED|0130,0.3,AGE_UNRESTRICTED,,MIDDLE_PREMIUM_MINUS_CORNER_CATCHER,81585134,京田 陽太,横浜DeNAベイスターズ,MIDDLE_PREMIUM,SS,,31.1,78,-17,-17,53755153,サンタナ,東京ヤクルトスワローズ,CORNER_CATCHER,LF,,30.8,47,11,11,0.3,,31,-28,-28
MIDDLE_PREMIUM_MINUS_CORNER_CATCHER|0.3|AGE_UNRESTRICTED|0131,0.3,AGE_UNRESTRICTED,,MIDDLE_PREMIUM_MINUS_CORNER_CATCHER,81585134,京田 陽太,横浜DeNAベイスターズ,MIDDLE_PREMIUM,SS,,31.1,78,-17,-17,23125136,山本 祐大,横浜DeNAベイスターズ,CORNER_CATCHER,C,,31,61,-1,-1,0.1,,17,-16,-16
MIDDLE_PREMIUM_MINUS_CORNER_CATCHER|0.3|AGE_UNRESTRICTED|0132,0.3,AGE_UNRESTRICTED,,MIDDLE_PREMIUM_MINUS_CORNER_CATCHER,81585134,京田 陽太,横浜DeNAベイスターズ,MIDDLE_PREMIUM,SS,,31.1,78,-17,-17,01705130,栗原 陵矢,福岡ソフトバンクホークス,CORNER_CATCHER,3B,,31.3,59,4,4,0.2,,19,-21,-21
MIDDLE_PREMIUM_MINUS_CORNER_CATCHER|0.3|AGE_UNRESTRICTED|0133,0.3,AGE_UNRESTRICTED,,MIDDLE_PREMIUM_MINUS_CORNER_CATCHER,81585134,京田 陽太,横浜DeNAベイスターズ,MIDDLE_PREMIUM,SS,,31.1,78,-17,-17,81885155,正木 智也,福岡ソフトバンクホークス,CORNER_CATCHER,1B,,31.1,48,13,13,0,,30,-30,-30
MIDDLE_PREMIUM_MINUS_CORNER_CATCHER|0.3|AGE_UNRESTRICTED|0134,0.3,AGE_UNRESTRICTED,,MIDDLE_PREMIUM_MINUS_CORNER_CATCHER,81585134,京田 陽太,横浜DeNAベイスターズ,MIDDLE_PREMIUM,SS,,31.1,78,-17,-17,41745135,近藤 健介,福岡ソフトバンクホークス,CORNER_CATCHER,LF,,31.2,64,-2,-2,0.1,,14,-15,-15
MIDDLE_PREMIUM_MINUS_CORNER_CATCHER|0.3|AGE_UNRESTRICTED|0135,0.3,AGE_UNRESTRICTED,,MIDDLE_PREMIUM_MINUS_CORNER_CATCHER,33535159,度会 隆輝,横浜DeNAベイスターズ,MIDDLE_PREMIUM,RF,,31.7,65,1,1,11815130,宗 佑磨,オリックス・バファローズ,CORNER_CATCHER,3B,,31.9,76,-8,-8,0.2,,-11,9,9
MIDDLE_PREMIUM_MINUS_CORNER_CATCHER|0.3|AGE_UNRESTRICTED|0136,0.3,AGE_UNRESTRICTED,,MIDDLE_PREMIUM_MINUS_CORNER_CATCHER,33535159,度会 隆輝,横浜DeNAベイスターズ,MIDDLE_PREMIUM,RF,,31.7,65,1,1,41545136,清宮 幸太郎,北海道日本ハムファイターズ,CORNER_CATCHER,1B,,31.7,56,10,10,0,,9,-9,-9
MIDDLE_PREMIUM_MINUS_CORNER_CATCHER|0.3|AGE_UNRESTRICTED|0137,0.3,AGE_UNRESTRICTED,,MIDDLE_PREMIUM_MINUS_CORNER_CATCHER,33535159,度会 隆輝,横浜DeNAベイスターズ,MIDDLE_PREMIUM,RF,,31.7,65,1,1,31435138,野村 佑希,北海道日本ハムファイターズ,CORNER_CATCHER,LF,,31.7,52,14,14,0,,13,-13,-13
MIDDLE_PREMIUM_MINUS_CORNER_CATCHER|0.3|AGE_UNRESTRICTED|0138,0.3,AGE_UNRESTRICTED,,MIDDLE_PREMIUM_MINUS_CORNER_CATCHER,33535159,度会 隆輝,横浜DeNAベイスターズ,MIDDLE_PREMIUM,RF,,31.7,65,1,1,91895138,山口 航輝,千葉ロッテマリーンズ,CORNER_CATCHER,LF,,31.9,52,16,16,0.2,,13,-15,-15
MIDDLE_PREMIUM_MINUS_CORNER_CATCHER|0.3|AGE_UNRESTRICTED|0139,0.3,AGE_UNRESTRICTED,,MIDDLE_PREMIUM_MINUS_CORNER_CATCHER,33535159,度会 隆輝,横浜DeNAベイスターズ,MIDDLE_PREMIUM,RF,,31.7,65,1,1,43745150,ファビアン,広島東洋カープ,CORNER_CATCHER,LF,,31.4,61,3,3,0.3,,4,-2,-2
MIDDLE_PREMIUM_MINUS_CORNER_CATCHER|0.3|AGE_UNRESTRICTED|0140,0.3,AGE_UNRESTRICTED,,MIDDLE_PREMIUM_MINUS_CORNER_CATCHER,33535159,度会 隆輝,横浜DeNAベイスターズ,MIDDLE_PREMIUM,RF,,31.7,65,1,1,53955150,モンテロ,広島東洋カープ,CORNER_CATCHER,1B,,31.9,49,19,3,0.2,,16,-18,-2
MIDDLE_PREMIUM_MINUS_CORNER_CATCHER|0.3|AGE_UNRESTRICTED|0141,0.3,AGE_UNRESTRICTED,,MIDDLE_PREMIUM_MINUS_CORNER_CATCHER,33535159,度会 隆輝,横浜DeNAベイスターズ,MIDDLE_PREMIUM,RF,,31.7,65,1,1,31135133,秋山 翔吾,広島東洋カープ,CORNER_CATCHER,LF,,31.6,77,-11,-10,0.1,,-12,12,11
MIDDLE_PREMIUM_MINUS_CORNER_CATCHER|0.3|AGE_UNRESTRICTED|0142,0.3,AGE_UNRESTRICTED,,MIDDLE_PREMIUM_MINUS_CORNER_CATCHER,51555151,蝦名 達夫,横浜DeNAベイスターズ,MIDDLE_PREMIUM,CF,,31.4,75,-11,-11,91495139,森 友哉,オリックス・バファローズ,CORNER_CATCHER,C,,31.2,65,-3,-3,0.2,,10,-8,-8
MIDDLE_PREMIUM_MINUS_CORNER_CATCHER|0.3|AGE_UNRESTRICTED|0143,0.3,AGE_UNRESTRICTED,,MIDDLE_PREMIUM_MINUS_CORNER_CATCHER,51555151,蝦名 達夫,横浜DeNAベイスターズ,MIDDLE_PREMIUM,CF,,31.4,75,-11,-11,71475132,西川 龍馬,オリックス・バファローズ,CORNER_CATCHER,LF,,31.1,72,-11,-11,0.3,,3,0,0
MIDDLE_PREMIUM_MINUS_CORNER_CATCHER|0.3|AGE_UNRESTRICTED|0144,0.3,AGE_UNRESTRICTED,,MIDDLE_PREMIUM_MINUS_CORNER_CATCHER,51555151,蝦名 達夫,横浜DeNAベイスターズ,MIDDLE_PREMIUM,CF,,31.4,75,-11,-11,41545136,清宮 幸太郎,北海道日本ハムファイターズ,CORNER_CATCHER,1B,,31.7,56,10,10,0.3,,19,-21,-21
MIDDLE_PREMIUM_MINUS_CORNER_CATCHER|0.3|AGE_UNRESTRICTED|0145,0.3,AGE_UNRESTRICTED,,MIDDLE_PREMIUM_MINUS_CORNER_CATCHER,51555151,蝦名 達夫,横浜DeNAベイスターズ,MIDDLE_PREMIUM,CF,,31.4,75,-11,-11,31435138,野村 佑希,北海道日本ハムファイターズ,CORNER_CATCHER,LF,,31.7,52,14,14,0.3,,23,-25,-25
MIDDLE_PREMIUM_MINUS_CORNER_CATCHER|0.3|AGE_UNRESTRICTED|0146,0.3,AGE_UNRESTRICTED,,MIDDLE_PREMIUM_MINUS_CORNER_CATCHER,51555151,蝦名 達夫,横浜DeNAベイスターズ,MIDDLE_PREMIUM,CF,,31.4,75,-11,-11,63065155,ポランコ,千葉ロッテマリーンズ,CORNER_CATCHER,LF,,31.1,63,-2,0,0.3,,12,-9,-11
MIDDLE_PREMIUM_MINUS_CORNER_CATCHER|0.3|AGE_UNRESTRICTED|0147,0.3,AGE_UNRESTRICTED,,MIDDLE_PREMIUM_MINUS_CORNER_CATCHER,51555151,蝦名 達夫,横浜DeNAベイスターズ,MIDDLE_PREMIUM,CF,,31.4,75,-11,-11,71075151,佐藤 都志也,千葉ロッテマリーンズ,CORNER_CATCHER,C,,31.3,71,-8,-8,0.1,,4,-3,-3
MIDDLE_PREMIUM_MINUS_CORNER_CATCHER|0.3|AGE_UNRESTRICTED|0148,0.3,AGE_UNRESTRICTED,,MIDDLE_PREMIUM_MINUS_CORNER_CATCHER,51555151,蝦名 達夫,横浜DeNAベイスターズ,MIDDLE_PREMIUM,CF,,31.4,75,-11,-11,43745150,ファビアン,広島東洋カープ,CORNER_CATCHER,LF,,31.4,61,3,3,0,,14,-14,-14
MIDDLE_PREMIUM_MINUS_CORNER_CATCHER|0.3|AGE_UNRESTRICTED|0149,0.3,AGE_UNRESTRICTED,,MIDDLE_PREMIUM_MINUS_CORNER_CATCHER,51555151,蝦名 達夫,横浜DeNAベイスターズ,MIDDLE_PREMIUM,CF,,31.4,75,-11,-11,31135133,秋山 翔吾,広島東洋カープ,CORNER_CATCHER,LF,,31.6,77,-11,-10,0.2,,-2,0,-1
MIDDLE_PREMIUM_MINUS_CORNER_CATCHER|0.3|AGE_UNRESTRICTED|0150,0.3,AGE_UNRESTRICTED,,MIDDLE_PREMIUM_MINUS_CORNER_CATCHER,51555151,蝦名 達夫,横浜DeNAベイスターズ,MIDDLE_PREMIUM,CF,,31.4,75,-11,-11,01705130,栗原 陵矢,福岡ソフトバンクホークス,CORNER_CATCHER,3B,,31.3,59,4,4,0.1,,16,-15,-15
MIDDLE_PREMIUM_MINUS_CORNER_CATCHER|0.3|AGE_UNRESTRICTED|0151,0.3,AGE_UNRESTRICTED,,MIDDLE_PREMIUM_MINUS_CORNER_CATCHER,51555151,蝦名 達夫,横浜DeNAベイスターズ,MIDDLE_PREMIUM,CF,,31.4,75,-11,-11,81885155,正木 智也,福岡ソフトバンクホークス,CORNER_CATCHER,1B,,31.1,48,13,13,0.3,,27,-24,-24
MIDDLE_PREMIUM_MINUS_CORNER_CATCHER|0.3|AGE_UNRESTRICTED|0152,0.3,AGE_UNRESTRICTED,,MIDDLE_PREMIUM_MINUS_CORNER_CATCHER,51555151,蝦名 達夫,横浜DeNAベイスターズ,MIDDLE_PREMIUM,CF,,31.4,75,-11,-11,41745135,近藤 健介,福岡ソフトバンクホークス,CORNER_CATCHER,LF,,31.2,64,-2,-2,0.2,,11,-9,-9
MIDDLE_PREMIUM_MINUS_CORNER_CATCHER|0.3|AGE_UNRESTRICTED|0153,0.3,AGE_UNRESTRICTED,,MIDDLE_PREMIUM_MINUS_CORNER_CATCHER,31335131,今宮 健太,福岡ソフトバンクホークス,MIDDLE_PREMIUM,SS,,30.4,66,-11,-11,41645139,若月 健矢,オリックス・バファローズ,CORNER_CATCHER,C,,30.7,48,9,9,0.3,,18,-20,-20
MIDDLE_PREMIUM_MINUS_CORNER_CATCHER|0.3|AGE_UNRESTRICTED|0154,0.3,AGE_UNRESTRICTED,,MIDDLE_PREMIUM_MINUS_CORNER_CATCHER,31335131,今宮 健太,福岡ソフトバンクホークス,MIDDLE_PREMIUM,SS,,30.4,66,-11,-11,91195151,石川 昂弥,中日ドラゴンズ,CORNER_CATCHER,3B,,30.6,41,16,16,0.2,,25,-27,-27
MIDDLE_PREMIUM_MINUS_CORNER_CATCHER|0.3|AGE_UNRESTRICTED|0155,0.3,AGE_UNRESTRICTED,,MIDDLE_PREMIUM_MINUS_CORNER_CATCHER,31335131,今宮 健太,福岡ソフトバンクホークス,MIDDLE_PREMIUM,SS,,30.4,66,-11,-11,03505133,ソト,千葉ロッテマリーンズ,CORNER_CATCHER,1B,,30.1,40,12,12,0.3,,26,-23,-23
MIDDLE_PREMIUM_MINUS_CORNER_CATCHER|0.3|AGE_UNRESTRICTED|0156,0.3,AGE_UNRESTRICTED,,MIDDLE_PREMIUM_MINUS_CORNER_CATCHER,31335131,今宮 健太,福岡ソフトバンクホークス,MIDDLE_PREMIUM,SS,,30.4,66,-11,-11,81785155,古賀 悠斗,埼玉西武ライオンズ,CORNER_CATCHER,C,,30.6,47,10,10,0.2,,19,-21,-21
MIDDLE_PREMIUM_MINUS_CORNER_CATCHER|0.3|AGE_UNRESTRICTED|0157,0.3,AGE_UNRESTRICTED,,MIDDLE_PREMIUM_MINUS_CORNER_CATCHER,31335131,今宮 健太,福岡ソフトバンクホークス,MIDDLE_PREMIUM,SS,,30.4,66,-11,-11,11915134,坂倉 将吾,広島東洋カープ,CORNER_CATCHER,1B,,30.6,68,-11,-11,0.2,,-2,0,0
MIDDLE_PREMIUM_MINUS_CORNER_CATCHER|0.3|AGE_UNRESTRICTED|0158,0.3,AGE_UNRESTRICTED,,MIDDLE_PREMIUM_MINUS_CORNER_CATCHER,31335131,今宮 健太,福岡ソフトバンクホークス,MIDDLE_PREMIUM,SS,,30.4,66,-11,-11,51255118,中村 悠平,東京ヤクルトスワローズ,CORNER_CATCHER,C,,30.4,56,-1,-1,0,,10,-10,-10
MIDDLE_PREMIUM_MINUS_CORNER_CATCHER|0.3|AGE_UNRESTRICTED|0159,0.3,AGE_UNRESTRICTED,,MIDDLE_PREMIUM_MINUS_CORNER_CATCHER,31335131,今宮 健太,福岡ソフトバンクホークス,MIDDLE_PREMIUM,SS,,30.4,66,-11,-11,71375138,太田 光,東北楽天ゴールデンイーグルス,CORNER_CATCHER,C,,30.5,44,12,12,0.1,,22,-23,-23
MIDDLE_PREMIUM_MINUS_CORNER_CATCHER|0.3|AGE_UNRESTRICTED|0160,0.3,AGE_UNRESTRICTED,,MIDDLE_PREMIUM_MINUS_CORNER_CATCHER,31335131,今宮 健太,福岡ソフトバンクホークス,MIDDLE_PREMIUM,SS,,30.4,66,-11,-11,51155118,浅村 栄斗,東北楽天ゴールデンイーグルス,CORNER_CATCHER,1B,,30.5,35,21,21,0.1,,31,-32,-32
MIDDLE_PREMIUM_MINUS_CORNER_CATCHER|0.3|AGE_UNRESTRICTED|0161,0.3,AGE_UNRESTRICTED,,MIDDLE_PREMIUM_MINUS_CORNER_CATCHER,31335131,今宮 健太,福岡ソフトバンクホークス,MIDDLE_PREMIUM,SS,,30.4,66,-11,-11,73175138,渡邊 佳明,東北楽天ゴールデンイーグルス,CORNER_CATCHER,1B,,30.3,50,4,4,0.1,,16,-15,-15
MIDDLE_PREMIUM_MINUS_CORNER_CATCHER|0.3|AGE_UNRESTRICTED|0162,0.3,AGE_UNRESTRICTED,,MIDDLE_PREMIUM_MINUS_CORNER_CATCHER,31335131,今宮 健太,福岡ソフトバンクホークス,MIDDLE_PREMIUM,SS,,30.4,66,-11,-11,91995134,佐野 恵太,横浜DeNAベイスターズ,CORNER_CATCHER,1B,,30.6,48,9,9,0.2,,18,-20,-20
MIDDLE_PREMIUM_MINUS_CORNER_CATCHER|0.3|AGE_UNRESTRICTED|0163,0.3,AGE_UNRESTRICTED,,MIDDLE_PREMIUM_MINUS_CORNER_CATCHER,31335131,今宮 健太,福岡ソフトバンクホークス,MIDDLE_PREMIUM,SS,,30.4,66,-11,-11,51455137,宮﨑 敏郎,横浜DeNAベイスターズ,CORNER_CATCHER,3B,,30.3,33,21,21,0.1,,33,-32,-32
MIDDLE_PREMIUM_MINUS_CORNER_CATCHER|0.3|AGE_UNRESTRICTED|0164,0.3,AGE_UNRESTRICTED,,MIDDLE_PREMIUM_MINUS_CORNER_CATCHER,31335131,今宮 健太,福岡ソフトバンクホークス,MIDDLE_PREMIUM,SS,,30.4,66,-11,-11,41945131,筒香 嘉智,横浜DeNAベイスターズ,CORNER_CATCHER,3B,,30.2,45,8,8,0.2,,21,-19,-19
MIDDLE_PREMIUM_MINUS_CORNER_CATCHER|0.3|AGE_UNRESTRICTED|0165,0.3,AGE_UNRESTRICTED,,MIDDLE_PREMIUM_MINUS_CORNER_CATCHER,31335131,今宮 健太,福岡ソフトバンクホークス,MIDDLE_PREMIUM,SS,,30.4,66,-11,-11,81385151,海野 隆司,福岡ソフトバンクホークス,CORNER_CATCHER,C,,30.3,52,2,2,0.1,,14,-13,-13
MIDDLE_PREMIUM_MINUS_CORNER_CATCHER|0.3|AGE_UNRESTRICTED|0166,0.3,AGE_UNRESTRICTED,,MIDDLE_PREMIUM_MINUS_CORNER_CATCHER,31335131,今宮 健太,福岡ソフトバンクホークス,MIDDLE_PREMIUM,SS,,30.4,66,-11,-11,11915132,坂本 誠志郎,阪神タイガース,CORNER_CATCHER,C,,30.2,56,-3,-3,0.2,,10,-8,-8
MIDDLE_PREMIUM_MINUS_CORNER_CATCHER|0.3|AGE_UNRESTRICTED|0167,0.3,AGE_UNRESTRICTED,,MIDDLE_PREMIUM_MINUS_CORNER_CATCHER,31335131,今宮 健太,福岡ソフトバンクホークス,MIDDLE_PREMIUM,SS,,30.4,66,-11,-11,21325134,大山 悠輔,阪神タイガース,CORNER_CATCHER,1B,,30.5,58,-2,-2,0.1,,8,-9,-9
MIDDLE_PREMIUM_MINUS_CORNER_CATCHER|0.3|AGE_UNRESTRICTED|0168,0.3,AGE_UNRESTRICTED,,MIDDLE_PREMIUM_MINUS_CORNER_CATCHER,31335131,今宮 健太,福岡ソフトバンクホークス,MIDDLE_PREMIUM,SS,,30.4,66,-11,-11,21325139,梅野 隆太郎,阪神タイガース,CORNER_CATCHER,C,,30.6,57,0,0,0.2,,9,-11,-11
MIDDLE_PREMIUM_MINUS_CORNER_CATCHER|0.3|AGE_UNRESTRICTED|0169,0.3,AGE_UNRESTRICTED,,MIDDLE_PREMIUM_MINUS_CORNER_CATCHER,73175151,柳町 達,福岡ソフトバンクホークス,MIDDLE_PREMIUM,RF,,31.5,67,-2,-2,91495139,森 友哉,オリックス・バファローズ,CORNER_CATCHER,C,,31.2,65,-3,-3,0.3,,2,1,1
MIDDLE_PREMIUM_MINUS_CORNER_CATCHER|0.3|AGE_UNRESTRICTED|0170,0.3,AGE_UNRESTRICTED,,MIDDLE_PREMIUM_MINUS_CORNER_CATCHER,73175151,柳町 達,福岡ソフトバンクホークス,MIDDLE_PREMIUM,RF,,31.5,67,-2,-2,41545136,清宮 幸太郎,北海道日本ハムファイターズ,CORNER_CATCHER,1B,,31.7,56,10,10,0.2,,11,-12,-12
MIDDLE_PREMIUM_MINUS_CORNER_CATCHER|0.3|AGE_UNRESTRICTED|0171,0.3,AGE_UNRESTRICTED,,MIDDLE_PREMIUM_MINUS_CORNER_CATCHER,73175151,柳町 達,福岡ソフトバンクホークス,MIDDLE_PREMIUM,RF,,31.5,67,-2,-2,31435138,野村 佑希,北海道日本ハムファイターズ,CORNER_CATCHER,LF,,31.7,52,14,14,0.2,,15,-16,-16
MIDDLE_PREMIUM_MINUS_CORNER_CATCHER|0.3|AGE_UNRESTRICTED|0172,0.3,AGE_UNRESTRICTED,,MIDDLE_PREMIUM_MINUS_CORNER_CATCHER,73175151,柳町 達,福岡ソフトバンクホークス,MIDDLE_PREMIUM,RF,,31.5,67,-2,-2,71075151,佐藤 都志也,千葉ロッテマリーンズ,CORNER_CATCHER,C,,31.3,71,-8,-8,0.2,,-4,6,6
MIDDLE_PREMIUM_MINUS_CORNER_CATCHER|0.3|AGE_UNRESTRICTED|0173,0.3,AGE_UNRESTRICTED,,MIDDLE_PREMIUM_MINUS_CORNER_CATCHER,73175151,柳町 達,福岡ソフトバンクホークス,MIDDLE_PREMIUM,RF,,31.5,67,-2,-2,43745150,ファビアン,広島東洋カープ,CORNER_CATCHER,LF,,31.4,61,3,3,0.1,,6,-5,-5
MIDDLE_PREMIUM_MINUS_CORNER_CATCHER|0.3|AGE_UNRESTRICTED|0174,0.3,AGE_UNRESTRICTED,,MIDDLE_PREMIUM_MINUS_CORNER_CATCHER,73175151,柳町 達,福岡ソフトバンクホークス,MIDDLE_PREMIUM,RF,,31.5,67,-2,-2,31135133,秋山 翔吾,広島東洋カープ,CORNER_CATCHER,LF,,31.6,77,-11,-10,0.1,,-10,9,8
MIDDLE_PREMIUM_MINUS_CORNER_CATCHER|0.3|AGE_UNRESTRICTED|0175,0.3,AGE_UNRESTRICTED,,MIDDLE_PREMIUM_MINUS_CORNER_CATCHER,73175151,柳町 達,福岡ソフトバンクホークス,MIDDLE_PREMIUM,RF,,31.5,67,-2,-2,01705130,栗原 陵矢,福岡ソフトバンクホークス,CORNER_CATCHER,3B,,31.3,59,4,4,0.2,,8,-6,-6
MIDDLE_PREMIUM_MINUS_CORNER_CATCHER|0.3|AGE_UNRESTRICTED|0176,0.3,AGE_UNRESTRICTED,,MIDDLE_PREMIUM_MINUS_CORNER_CATCHER,73175151,柳町 達,福岡ソフトバンクホークス,MIDDLE_PREMIUM,RF,,31.5,67,-2,-2,41745135,近藤 健介,福岡ソフトバンクホークス,CORNER_CATCHER,LF,,31.2,64,-2,-2,0.3,,3,0,0
MIDDLE_PREMIUM_MINUS_CORNER_CATCHER|0.3|AGE_UNRESTRICTED|0177,0.3,AGE_UNRESTRICTED,,MIDDLE_PREMIUM_MINUS_CORNER_CATCHER,21425116,丸 佳浩,読売ジャイアンツ,MIDDLE_PREMIUM,RF,,31.4,65,-1,-1,91495139,森 友哉,オリックス・バファローズ,CORNER_CATCHER,C,,31.2,65,-3,-3,0.2,,0,2,2
MIDDLE_PREMIUM_MINUS_CORNER_CATCHER|0.3|AGE_UNRESTRICTED|0178,0.3,AGE_UNRESTRICTED,,MIDDLE_PREMIUM_MINUS_CORNER_CATCHER,21425116,丸 佳浩,読売ジャイアンツ,MIDDLE_PREMIUM,RF,,31.4,65,-1,-1,71475132,西川 龍馬,オリックス・バファローズ,CORNER_CATCHER,LF,,31.1,72,-11,-11,0.3,,-7,10,10
MIDDLE_PREMIUM_MINUS_CORNER_CATCHER|0.3|AGE_UNRESTRICTED|0179,0.3,AGE_UNRESTRICTED,,MIDDLE_PREMIUM_MINUS_CORNER_CATCHER,21425116,丸 佳浩,読売ジャイアンツ,MIDDLE_PREMIUM,RF,,31.4,65,-1,-1,41545136,清宮 幸太郎,北海道日本ハムファイターズ,CORNER_CATCHER,1B,,31.7,56,10,10,0.3,,9,-11,-11
MIDDLE_PREMIUM_MINUS_CORNER_CATCHER|0.3|AGE_UNRESTRICTED|0180,0.3,AGE_UNRESTRICTED,,MIDDLE_PREMIUM_MINUS_CORNER_CATCHER,21425116,丸 佳浩,読売ジャイアンツ,MIDDLE_PREMIUM,RF,,31.4,65,-1,-1,31435138,野村 佑希,北海道日本ハムファイターズ,CORNER_CATCHER,LF,,31.7,52,14,14,0.3,,13,-15,-15
MIDDLE_PREMIUM_MINUS_CORNER_CATCHER|0.3|AGE_UNRESTRICTED|0181,0.3,AGE_UNRESTRICTED,,MIDDLE_PREMIUM_MINUS_CORNER_CATCHER,21425116,丸 佳浩,読売ジャイアンツ,MIDDLE_PREMIUM,RF,,31.4,65,-1,-1,63065155,ポランコ,千葉ロッテマリーンズ,CORNER_CATCHER,LF,,31.1,63,-2,0,0.3,,2,1,-1
MIDDLE_PREMIUM_MINUS_CORNER_CATCHER|0.3|AGE_UNRESTRICTED|0182,0.3,AGE_UNRESTRICTED,,MIDDLE_PREMIUM_MINUS_CORNER_CATCHER,21425116,丸 佳浩,読売ジャイアンツ,MIDDLE_PREMIUM,RF,,31.4,65,-1,-1,71075151,佐藤 都志也,千葉ロッテマリーンズ,CORNER_CATCHER,C,,31.3,71,-8,-8,0.1,,-6,7,7
MIDDLE_PREMIUM_MINUS_CORNER_CATCHER|0.3|AGE_UNRESTRICTED|0183,0.3,AGE_UNRESTRICTED,,MIDDLE_PREMIUM_MINUS_CORNER_CATCHER,21425116,丸 佳浩,読売ジャイアンツ,MIDDLE_PREMIUM,RF,,31.4,65,-1,-1,43745150,ファビアン,広島東洋カープ,CORNER_CATCHER,LF,,31.4,61,3,3,0,,4,-4,-4
MIDDLE_PREMIUM_MINUS_CORNER_CATCHER|0.3|AGE_UNRESTRICTED|0184,0.3,AGE_UNRESTRICTED,,MIDDLE_PREMIUM_MINUS_CORNER_CATCHER,21425116,丸 佳浩,読売ジャイアンツ,MIDDLE_PREMIUM,RF,,31.4,65,-1,-1,31135133,秋山 翔吾,広島東洋カープ,CORNER_CATCHER,LF,,31.6,77,-11,-10,0.2,,-12,10,9
MIDDLE_PREMIUM_MINUS_CORNER_CATCHER|0.3|AGE_UNRESTRICTED|0185,0.3,AGE_UNRESTRICTED,,MIDDLE_PREMIUM_MINUS_CORNER_CATCHER,21425116,丸 佳浩,読売ジャイアンツ,MIDDLE_PREMIUM,RF,,31.4,65,-1,-1,01705130,栗原 陵矢,福岡ソフトバンクホークス,CORNER_CATCHER,3B,,31.3,59,4,4,0.1,,6,-5,-5
MIDDLE_PREMIUM_MINUS_CORNER_CATCHER|0.3|AGE_UNRESTRICTED|0186,0.3,AGE_UNRESTRICTED,,MIDDLE_PREMIUM_MINUS_CORNER_CATCHER,21425116,丸 佳浩,読売ジャイアンツ,MIDDLE_PREMIUM,RF,,31.4,65,-1,-1,81885155,正木 智也,福岡ソフトバンクホークス,CORNER_CATCHER,1B,,31.1,48,13,13,0.3,,17,-14,-14
MIDDLE_PREMIUM_MINUS_CORNER_CATCHER|0.3|AGE_UNRESTRICTED|0187,0.3,AGE_UNRESTRICTED,,MIDDLE_PREMIUM_MINUS_CORNER_CATCHER,21425116,丸 佳浩,読売ジャイアンツ,MIDDLE_PREMIUM,RF,,31.4,65,-1,-1,41745135,近藤 健介,福岡ソフトバンクホークス,CORNER_CATCHER,LF,,31.2,64,-2,-2,0.2,,1,1,1
MIDDLE_PREMIUM_MINUS_CORNER_CATCHER|0.3|AGE_UNRESTRICTED|0188,0.3,AGE_UNRESTRICTED,,MIDDLE_PREMIUM_MINUS_CORNER_CATCHER,51955159,佐々木 俊輔,読売ジャイアンツ,MIDDLE_PREMIUM,CF,,33,76,2,2,81685157,福永 裕基,中日ドラゴンズ,CORNER_CATCHER,3B,,33,64,14,14,0,,12,-12,-12
MIDDLE_PREMIUM_MINUS_CORNER_CATCHER|0.3|AGE_UNRESTRICTED|0189,0.3,AGE_UNRESTRICTED,,MIDDLE_PREMIUM_MINUS_CORNER_CATCHER,51955159,佐々木 俊輔,読売ジャイアンツ,MIDDLE_PREMIUM,CF,,33,76,2,2,31835134,細川 成也,中日ドラゴンズ,CORNER_CATCHER,LF,,32.7,60,15,15,0.3,,16,-13,-13
MIDDLE_PREMIUM_MINUS_CORNER_CATCHER|0.3|AGE_UNRESTRICTED|0190,0.3,AGE_UNRESTRICTED,,MIDDLE_PREMIUM_MINUS_CORNER_CATCHER,51955159,佐々木 俊輔,読売ジャイアンツ,MIDDLE_PREMIUM,CF,,33,76,2,2,21925151,郡司 裕也,北海道日本ハムファイターズ,CORNER_CATCHER,3B,,32.7,61,14,14,0.3,,15,-12,-12
MIDDLE_PREMIUM_MINUS_CORNER_CATCHER|0.3|AGE_UNRESTRICTED|0191,0.3,AGE_UNRESTRICTED,,MIDDLE_PREMIUM_MINUS_CORNER_CATCHER,21625135,松本 剛,読売ジャイアンツ,MIDDLE_PREMIUM,CF,,31.4,69,-5,-5,91495139,森 友哉,オリックス・バファローズ,CORNER_CATCHER,C,,31.2,65,-3,-3,0.2,,4,-2,-2
MIDDLE_PREMIUM_MINUS_CORNER_CATCHER|0.3|AGE_UNRESTRICTED|0192,0.3,AGE_UNRESTRICTED,,MIDDLE_PREMIUM_MINUS_CORNER_CATCHER,21625135,松本 剛,読売ジャイアンツ,MIDDLE_PREMIUM,CF,,31.4,69,-5,-5,71475132,西川 龍馬,オリックス・バファローズ,CORNER_CATCHER,LF,,31.1,72,-11,-11,0.3,,-3,6,6
MIDDLE_PREMIUM_MINUS_CORNER_CATCHER|0.3|AGE_UNRESTRICTED|0193,0.3,AGE_UNRESTRICTED,,MIDDLE_PREMIUM_MINUS_CORNER_CATCHER,21625135,松本 剛,読売ジャイアンツ,MIDDLE_PREMIUM,CF,,31.4,69,-5,-5,41545136,清宮 幸太郎,北海道日本ハムファイターズ,CORNER_CATCHER,1B,,31.7,56,10,10,0.3,,13,-15,-15
MIDDLE_PREMIUM_MINUS_CORNER_CATCHER|0.3|AGE_UNRESTRICTED|0194,0.3,AGE_UNRESTRICTED,,MIDDLE_PREMIUM_MINUS_CORNER_CATCHER,21625135,松本 剛,読売ジャイアンツ,MIDDLE_PREMIUM,CF,,31.4,69,-5,-5,31435138,野村 佑希,北海道日本ハムファイターズ,CORNER_CATCHER,LF,,31.7,52,14,14,0.3,,17,-19,-19
MIDDLE_PREMIUM_MINUS_CORNER_CATCHER|0.3|AGE_UNRESTRICTED|0195,0.3,AGE_UNRESTRICTED,,MIDDLE_PREMIUM_MINUS_CORNER_CATCHER,21625135,松本 剛,読売ジャイアンツ,MIDDLE_PREMIUM,CF,,31.4,69,-5,-5,63065155,ポランコ,千葉ロッテマリーンズ,CORNER_CATCHER,LF,,31.1,63,-2,0,0.3,,6,-3,-5
MIDDLE_PREMIUM_MINUS_CORNER_CATCHER|0.3|AGE_UNRESTRICTED|0196,0.3,AGE_UNRESTRICTED,,MIDDLE_PREMIUM_MINUS_CORNER_CATCHER,21625135,松本 剛,読売ジャイアンツ,MIDDLE_PREMIUM,CF,,31.4,69,-5,-5,71075151,佐藤 都志也,千葉ロッテマリーンズ,CORNER_CATCHER,C,,31.3,71,-8,-8,0.1,,-2,3,3
MIDDLE_PREMIUM_MINUS_CORNER_CATCHER|0.3|AGE_UNRESTRICTED|0197,0.3,AGE_UNRESTRICTED,,MIDDLE_PREMIUM_MINUS_CORNER_CATCHER,21625135,松本 剛,読売ジャイアンツ,MIDDLE_PREMIUM,CF,,31.4,69,-5,-5,43745150,ファビアン,広島東洋カープ,CORNER_CATCHER,LF,,31.4,61,3,3,0,,8,-8,-8
MIDDLE_PREMIUM_MINUS_CORNER_CATCHER|0.3|AGE_UNRESTRICTED|0198,0.3,AGE_UNRESTRICTED,,MIDDLE_PREMIUM_MINUS_CORNER_CATCHER,21625135,松本 剛,読売ジャイアンツ,MIDDLE_PREMIUM,CF,,31.4,69,-5,-5,31135133,秋山 翔吾,広島東洋カープ,CORNER_CATCHER,LF,,31.6,77,-11,-10,0.2,,-8,6,5
MIDDLE_PREMIUM_MINUS_CORNER_CATCHER|0.3|AGE_UNRESTRICTED|0199,0.3,AGE_UNRESTRICTED,,MIDDLE_PREMIUM_MINUS_CORNER_CATCHER,21625135,松本 剛,読売ジャイアンツ,MIDDLE_PREMIUM,CF,,31.4,69,-5,-5,01705130,栗原 陵矢,福岡ソフトバンクホークス,CORNER_CATCHER,3B,,31.3,59,4,4,0.1,,10,-9,-9
MIDDLE_PREMIUM_MINUS_CORNER_CATCHER|0.3|AGE_UNRESTRICTED|0200,0.3,AGE_UNRESTRICTED,,MIDDLE_PREMIUM_MINUS_CORNER_CATCHER,21625135,松本 剛,読売ジャイアンツ,MIDDLE_PREMIUM,CF,,31.4,69,-5,-5,81885155,正木 智也,福岡ソフトバンクホークス,CORNER_CATCHER,1B,,31.1,48,13,13,0.3,,21,-18,-18
MIDDLE_PREMIUM_MINUS_CORNER_CATCHER|0.3|AGE_UNRESTRICTED|0201,0.3,AGE_UNRESTRICTED,,MIDDLE_PREMIUM_MINUS_CORNER_CATCHER,21625135,松本 剛,読売ジャイアンツ,MIDDLE_PREMIUM,CF,,31.4,69,-5,-5,41745135,近藤 健介,福岡ソフトバンクホークス,CORNER_CATCHER,LF,,31.2,64,-2,-2,0.2,,5,-3,-3
MIDDLE_PREMIUM_MINUS_CORNER_CATCHER|0.3|AGE_UNRESTRICTED|0202,0.3,AGE_UNRESTRICTED,,MIDDLE_PREMIUM_MINUS_CORNER_CATCHER,31535138,小幡 竜平,阪神タイガース,MIDDLE_PREMIUM,SS,,32.8,77,-1,-1,81685157,福永 裕基,中日ドラゴンズ,CORNER_CATCHER,3B,,33,64,14,14,0.2,,13,-15,-15
MIDDLE_PREMIUM_MINUS_CORNER_CATCHER|0.3|AGE_UNRESTRICTED|0203,0.3,AGE_UNRESTRICTED,,MIDDLE_PREMIUM_MINUS_CORNER_CATCHER,31535138,小幡 竜平,阪神タイガース,MIDDLE_PREMIUM,SS,,32.8,77,-1,-1,31835134,細川 成也,中日ドラゴンズ,CORNER_CATCHER,LF,,32.7,60,15,15,0.1,,17,-16,-16
MIDDLE_PREMIUM_MINUS_CORNER_CATCHER|0.3|AGE_UNRESTRICTED|0204,0.3,AGE_UNRESTRICTED,,MIDDLE_PREMIUM_MINUS_CORNER_CATCHER,31535138,小幡 竜平,阪神タイガース,MIDDLE_PREMIUM,SS,,32.8,77,-1,-1,21925151,郡司 裕也,北海道日本ハムファイターズ,CORNER_CATCHER,3B,,32.7,61,14,14,0.1,,16,-15,-15
MIDDLE_PREMIUM_MINUS_CORNER_CATCHER|0.3|AGE_UNRESTRICTED|0205,0.3,AGE_UNRESTRICTED,,MIDDLE_PREMIUM_MINUS_CORNER_CATCHER,31535138,小幡 竜平,阪神タイガース,MIDDLE_PREMIUM,SS,,32.8,77,-1,-1,11515139,岡 大海,千葉ロッテマリーンズ,CORNER_CATCHER,1B,,32.6,82,-7,-7,0.2,,-5,6,6
MIDDLE_PREMIUM_MINUS_CORNER_CATCHER|0.3|AGE_UNRESTRICTED|0206,0.3,AGE_UNRESTRICTED,,MIDDLE_PREMIUM_MINUS_CORNER_CATCHER,31735138,木浪 聖也,阪神タイガース,MIDDLE_PREMIUM,SS,,30,59,-8,-8,03505133,ソト,千葉ロッテマリーンズ,CORNER_CATCHER,1B,,30.1,40,12,12,0.1,,19,-20,-20
MIDDLE_PREMIUM_MINUS_CORNER_CATCHER|0.3|AGE_UNRESTRICTED|0207,0.3,AGE_UNRESTRICTED,,MIDDLE_PREMIUM_MINUS_CORNER_CATCHER,31735138,木浪 聖也,阪神タイガース,MIDDLE_PREMIUM,SS,,30,59,-8,-8,73175138,渡邊 佳明,東北楽天ゴールデンイーグルス,CORNER_CATCHER,1B,,30.3,50,4,4,0.3,,9,-12,-12
MIDDLE_PREMIUM_MINUS_CORNER_CATCHER|0.3|AGE_UNRESTRICTED|0208,0.3,AGE_UNRESTRICTED,,MIDDLE_PREMIUM_MINUS_CORNER_CATCHER,31735138,木浪 聖也,阪神タイガース,MIDDLE_PREMIUM,SS,,30,59,-8,-8,51455137,宮﨑 敏郎,横浜DeNAベイスターズ,CORNER_CATCHER,3B,,30.3,33,21,21,0.3,,26,-29,-29
MIDDLE_PREMIUM_MINUS_CORNER_CATCHER|0.3|AGE_UNRESTRICTED|0209,0.3,AGE_UNRESTRICTED,,MIDDLE_PREMIUM_MINUS_CORNER_CATCHER,31735138,木浪 聖也,阪神タイガース,MIDDLE_PREMIUM,SS,,30,59,-8,-8,41945131,筒香 嘉智,横浜DeNAベイスターズ,CORNER_CATCHER,3B,,30.2,45,8,8,0.2,,14,-16,-16
MIDDLE_PREMIUM_MINUS_CORNER_CATCHER|0.3|AGE_UNRESTRICTED|0210,0.3,AGE_UNRESTRICTED,,MIDDLE_PREMIUM_MINUS_CORNER_CATCHER,31735138,木浪 聖也,阪神タイガース,MIDDLE_PREMIUM,SS,,30,59,-8,-8,81385151,海野 隆司,福岡ソフトバンクホークス,CORNER_CATCHER,C,,30.3,52,2,2,0.3,,7,-10,-10
MIDDLE_PREMIUM_MINUS_CORNER_CATCHER|0.3|AGE_UNRESTRICTED|0211,0.3,AGE_UNRESTRICTED,,MIDDLE_PREMIUM_MINUS_CORNER_CATCHER,31735138,木浪 聖也,阪神タイガース,MIDDLE_PREMIUM,SS,,30,59,-8,-8,11915132,坂本 誠志郎,阪神タイガース,CORNER_CATCHER,C,,30.2,56,-3,-3,0.2,,3,-5,-5
MIDDLE_PREMIUM_MINUS_CORNER_CATCHER|0.3|AGE_UNRESTRICTED|0212,0.3,AGE_UNRESTRICTED,,MIDDLE_PREMIUM_MINUS_CORNER_CATCHER,43145157,森下 翔太,阪神タイガース,MIDDLE_PREMIUM,RF,,30.5,60,-4,-4,41645139,若月 健矢,オリックス・バファローズ,CORNER_CATCHER,C,,30.7,48,9,9,0.2,,12,-13,-13
MIDDLE_PREMIUM_MINUS_CORNER_CATCHER|0.3|AGE_UNRESTRICTED|0213,0.3,AGE_UNRESTRICTED,,MIDDLE_PREMIUM_MINUS_CORNER_CATCHER,43145157,森下 翔太,阪神タイガース,MIDDLE_PREMIUM,RF,,30.5,60,-4,-4,91195151,石川 昂弥,中日ドラゴンズ,CORNER_CATCHER,3B,,30.6,41,16,16,0.1,,19,-20,-20
MIDDLE_PREMIUM_MINUS_CORNER_CATCHER|0.3|AGE_UNRESTRICTED|0214,0.3,AGE_UNRESTRICTED,,MIDDLE_PREMIUM_MINUS_CORNER_CATCHER,43145157,森下 翔太,阪神タイガース,MIDDLE_PREMIUM,RF,,30.5,60,-4,-4,81785155,古賀 悠斗,埼玉西武ライオンズ,CORNER_CATCHER,C,,30.6,47,10,10,0.1,,13,-14,-14
MIDDLE_PREMIUM_MINUS_CORNER_CATCHER|0.3|AGE_UNRESTRICTED|0215,0.3,AGE_UNRESTRICTED,,MIDDLE_PREMIUM_MINUS_CORNER_CATCHER,43145157,森下 翔太,阪神タイガース,MIDDLE_PREMIUM,RF,,30.5,60,-4,-4,11915134,坂倉 将吾,広島東洋カープ,CORNER_CATCHER,1B,,30.6,68,-11,-11,0.1,,-8,7,7
MIDDLE_PREMIUM_MINUS_CORNER_CATCHER|0.3|AGE_UNRESTRICTED|0216,0.3,AGE_UNRESTRICTED,,MIDDLE_PREMIUM_MINUS_CORNER_CATCHER,43145157,森下 翔太,阪神タイガース,MIDDLE_PREMIUM,RF,,30.5,60,-4,-4,53755153,サンタナ,東京ヤクルトスワローズ,CORNER_CATCHER,LF,,30.8,47,11,11,0.3,,13,-15,-15
MIDDLE_PREMIUM_MINUS_CORNER_CATCHER|0.3|AGE_UNRESTRICTED|0217,0.3,AGE_UNRESTRICTED,,MIDDLE_PREMIUM_MINUS_CORNER_CATCHER,43145157,森下 翔太,阪神タイガース,MIDDLE_PREMIUM,RF,,30.5,60,-4,-4,51255118,中村 悠平,東京ヤクルトスワローズ,CORNER_CATCHER,C,,30.4,56,-1,-1,0.1,,4,-3,-3
MIDDLE_PREMIUM_MINUS_CORNER_CATCHER|0.3|AGE_UNRESTRICTED|0218,0.3,AGE_UNRESTRICTED,,MIDDLE_PREMIUM_MINUS_CORNER_CATCHER,43145157,森下 翔太,阪神タイガース,MIDDLE_PREMIUM,RF,,30.5,60,-4,-4,71375138,太田 光,東北楽天ゴールデンイーグルス,CORNER_CATCHER,C,,30.5,44,12,12,0,,16,-16,-16
MIDDLE_PREMIUM_MINUS_CORNER_CATCHER|0.3|AGE_UNRESTRICTED|0219,0.3,AGE_UNRESTRICTED,,MIDDLE_PREMIUM_MINUS_CORNER_CATCHER,43145157,森下 翔太,阪神タイガース,MIDDLE_PREMIUM,RF,,30.5,60,-4,-4,51155118,浅村 栄斗,東北楽天ゴールデンイーグルス,CORNER_CATCHER,1B,,30.5,35,21,21,0,,25,-25,-25
MIDDLE_PREMIUM_MINUS_CORNER_CATCHER|0.3|AGE_UNRESTRICTED|0220,0.3,AGE_UNRESTRICTED,,MIDDLE_PREMIUM_MINUS_CORNER_CATCHER,43145157,森下 翔太,阪神タイガース,MIDDLE_PREMIUM,RF,,30.5,60,-4,-4,73175138,渡邊 佳明,東北楽天ゴールデンイーグルス,CORNER_CATCHER,1B,,30.3,50,4,4,0.2,,10,-8,-8
MIDDLE_PREMIUM_MINUS_CORNER_CATCHER|0.3|AGE_UNRESTRICTED|0221,0.3,AGE_UNRESTRICTED,,MIDDLE_PREMIUM_MINUS_CORNER_CATCHER,43145157,森下 翔太,阪神タイガース,MIDDLE_PREMIUM,RF,,30.5,60,-4,-4,91995134,佐野 恵太,横浜DeNAベイスターズ,CORNER_CATCHER,1B,,30.6,48,9,9,0.1,,12,-13,-13
MIDDLE_PREMIUM_MINUS_CORNER_CATCHER|0.3|AGE_UNRESTRICTED|0222,0.3,AGE_UNRESTRICTED,,MIDDLE_PREMIUM_MINUS_CORNER_CATCHER,43145157,森下 翔太,阪神タイガース,MIDDLE_PREMIUM,RF,,30.5,60,-4,-4,51455137,宮﨑 敏郎,横浜DeNAベイスターズ,CORNER_CATCHER,3B,,30.3,33,21,21,0.2,,27,-25,-25
MIDDLE_PREMIUM_MINUS_CORNER_CATCHER|0.3|AGE_UNRESTRICTED|0223,0.3,AGE_UNRESTRICTED,,MIDDLE_PREMIUM_MINUS_CORNER_CATCHER,43145157,森下 翔太,阪神タイガース,MIDDLE_PREMIUM,RF,,30.5,60,-4,-4,41945131,筒香 嘉智,横浜DeNAベイスターズ,CORNER_CATCHER,3B,,30.2,45,8,8,0.3,,15,-12,-12
MIDDLE_PREMIUM_MINUS_CORNER_CATCHER|0.3|AGE_UNRESTRICTED|0224,0.3,AGE_UNRESTRICTED,,MIDDLE_PREMIUM_MINUS_CORNER_CATCHER,43145157,森下 翔太,阪神タイガース,MIDDLE_PREMIUM,RF,,30.5,60,-4,-4,81385151,海野 隆司,福岡ソフトバンクホークス,CORNER_CATCHER,C,,30.3,52,2,2,0.2,,8,-6,-6
MIDDLE_PREMIUM_MINUS_CORNER_CATCHER|0.3|AGE_UNRESTRICTED|0225,0.3,AGE_UNRESTRICTED,,MIDDLE_PREMIUM_MINUS_CORNER_CATCHER,43145157,森下 翔太,阪神タイガース,MIDDLE_PREMIUM,RF,,30.5,60,-4,-4,11915132,坂本 誠志郎,阪神タイガース,CORNER_CATCHER,C,,30.2,56,-3,-3,0.3,,4,-1,-1
MIDDLE_PREMIUM_MINUS_CORNER_CATCHER|0.3|AGE_UNRESTRICTED|0226,0.3,AGE_UNRESTRICTED,,MIDDLE_PREMIUM_MINUS_CORNER_CATCHER,43145157,森下 翔太,阪神タイガース,MIDDLE_PREMIUM,RF,,30.5,60,-4,-4,21325134,大山 悠輔,阪神タイガース,CORNER_CATCHER,1B,,30.5,58,-2,-2,0,,2,-2,-2
MIDDLE_PREMIUM_MINUS_CORNER_CATCHER|0.3|AGE_UNRESTRICTED|0227,0.3,AGE_UNRESTRICTED,,MIDDLE_PREMIUM_MINUS_CORNER_CATCHER,43145157,森下 翔太,阪神タイガース,MIDDLE_PREMIUM,RF,,30.5,60,-4,-4,21325139,梅野 隆太郎,阪神タイガース,CORNER_CATCHER,C,,30.6,57,0,0,0.1,,3,-4,-4
MIDDLE_NEUTRAL_MINUS_CORNER_CATCHER|0.3|AGE_UNRESTRICTED|0001,0.3,AGE_UNRESTRICTED,,MIDDLE_NEUTRAL_MINUS_CORNER_CATCHER,91395138,太田 椋,オリックス・バファローズ,MIDDLE_NEUTRAL,2B,,31.7,64,2,2,11815130,宗 佑磨,オリックス・バファローズ,CORNER_CATCHER,3B,,31.9,76,-8,-8,0.2,,-12,10,10
MIDDLE_NEUTRAL_MINUS_CORNER_CATCHER|0.3|AGE_UNRESTRICTED|0002,0.3,AGE_UNRESTRICTED,,MIDDLE_NEUTRAL_MINUS_CORNER_CATCHER,91395138,太田 椋,オリックス・バファローズ,MIDDLE_NEUTRAL,2B,,31.7,64,2,2,41545136,清宮 幸太郎,北海道日本ハムファイターズ,CORNER_CATCHER,1B,,31.7,56,10,10,0,,8,-8,-8
MIDDLE_NEUTRAL_MINUS_CORNER_CATCHER|0.3|AGE_UNRESTRICTED|0003,0.3,AGE_UNRESTRICTED,,MIDDLE_NEUTRAL_MINUS_CORNER_CATCHER,91395138,太田 椋,オリックス・バファローズ,MIDDLE_NEUTRAL,2B,,31.7,64,2,2,31435138,野村 佑希,北海道日本ハムファイターズ,CORNER_CATCHER,LF,,31.7,52,14,14,0,,12,-12,-12
MIDDLE_NEUTRAL_MINUS_CORNER_CATCHER|0.3|AGE_UNRESTRICTED|0004,0.3,AGE_UNRESTRICTED,,MIDDLE_NEUTRAL_MINUS_CORNER_CATCHER,91395138,太田 椋,オリックス・バファローズ,MIDDLE_NEUTRAL,2B,,31.7,64,2,2,91895138,山口 航輝,千葉ロッテマリーンズ,CORNER_CATCHER,LF,,31.9,52,16,16,0.2,,12,-14,-14
MIDDLE_NEUTRAL_MINUS_CORNER_CATCHER|0.3|AGE_UNRESTRICTED|0005,0.3,AGE_UNRESTRICTED,,MIDDLE_NEUTRAL_MINUS_CORNER_CATCHER,91395138,太田 椋,オリックス・バファローズ,MIDDLE_NEUTRAL,2B,,31.7,64,2,2,43745150,ファビアン,広島東洋カープ,CORNER_CATCHER,LF,,31.4,61,3,3,0.3,,3,-1,-1
MIDDLE_NEUTRAL_MINUS_CORNER_CATCHER|0.3|AGE_UNRESTRICTED|0006,0.3,AGE_UNRESTRICTED,,MIDDLE_NEUTRAL_MINUS_CORNER_CATCHER,91395138,太田 椋,オリックス・バファローズ,MIDDLE_NEUTRAL,2B,,31.7,64,2,2,53955150,モンテロ,広島東洋カープ,CORNER_CATCHER,1B,,31.9,49,19,3,0.2,,15,-17,-1
MIDDLE_NEUTRAL_MINUS_CORNER_CATCHER|0.3|AGE_UNRESTRICTED|0007,0.3,AGE_UNRESTRICTED,,MIDDLE_NEUTRAL_MINUS_CORNER_CATCHER,91395138,太田 椋,オリックス・バファローズ,MIDDLE_NEUTRAL,2B,,31.7,64,2,2,31135133,秋山 翔吾,広島東洋カープ,CORNER_CATCHER,LF,,31.6,77,-11,-10,0.1,,-13,13,12
MIDDLE_NEUTRAL_MINUS_CORNER_CATCHER|0.3|AGE_UNRESTRICTED|0008,0.3,AGE_UNRESTRICTED,,MIDDLE_NEUTRAL_MINUS_CORNER_CATCHER,91495130,西野 真弘,オリックス・バファローズ,MIDDLE_NEUTRAL,2B,,31.6,76,-10,-10,11815130,宗 佑磨,オリックス・バファローズ,CORNER_CATCHER,3B,,31.9,76,-8,-8,0.3,,0,-2,-2
MIDDLE_NEUTRAL_MINUS_CORNER_CATCHER|0.3|AGE_UNRESTRICTED|0009,0.3,AGE_UNRESTRICTED,,MIDDLE_NEUTRAL_MINUS_CORNER_CATCHER,91495130,西野 真弘,オリックス・バファローズ,MIDDLE_NEUTRAL,2B,,31.6,76,-10,-10,41545136,清宮 幸太郎,北海道日本ハムファイターズ,CORNER_CATCHER,1B,,31.7,56,10,10,0.1,,20,-20,-20
MIDDLE_NEUTRAL_MINUS_CORNER_CATCHER|0.3|AGE_UNRESTRICTED|0010,0.3,AGE_UNRESTRICTED,,MIDDLE_NEUTRAL_MINUS_CORNER_CATCHER,91495130,西野 真弘,オリックス・バファローズ,MIDDLE_NEUTRAL,2B,,31.6,76,-10,-10,31435138,野村 佑希,北海道日本ハムファイターズ,CORNER_CATCHER,LF,,31.7,52,14,14,0.1,,24,-24,-24
MIDDLE_NEUTRAL_MINUS_CORNER_CATCHER|0.3|AGE_UNRESTRICTED|0011,0.3,AGE_UNRESTRICTED,,MIDDLE_NEUTRAL_MINUS_CORNER_CATCHER,91495130,西野 真弘,オリックス・バファローズ,MIDDLE_NEUTRAL,2B,,31.6,76,-10,-10,71075151,佐藤 都志也,千葉ロッテマリーンズ,CORNER_CATCHER,C,,31.3,71,-8,-8,0.3,,5,-2,-2
MIDDLE_NEUTRAL_MINUS_CORNER_CATCHER|0.3|AGE_UNRESTRICTED|0012,0.3,AGE_UNRESTRICTED,,MIDDLE_NEUTRAL_MINUS_CORNER_CATCHER,91495130,西野 真弘,オリックス・バファローズ,MIDDLE_NEUTRAL,2B,,31.6,76,-10,-10,91895138,山口 航輝,千葉ロッテマリーンズ,CORNER_CATCHER,LF,,31.9,52,16,16,0.3,,24,-26,-26
MIDDLE_NEUTRAL_MINUS_CORNER_CATCHER|0.3|AGE_UNRESTRICTED|0013,0.3,AGE_UNRESTRICTED,,MIDDLE_NEUTRAL_MINUS_CORNER_CATCHER,91495130,西野 真弘,オリックス・バファローズ,MIDDLE_NEUTRAL,2B,,31.6,76,-10,-10,43745150,ファビアン,広島東洋カープ,CORNER_CATCHER,LF,,31.4,61,3,3,0.2,,15,-13,-13
MIDDLE_NEUTRAL_MINUS_CORNER_CATCHER|0.3|AGE_UNRESTRICTED|0014,0.3,AGE_UNRESTRICTED,,MIDDLE_NEUTRAL_MINUS_CORNER_CATCHER,91495130,西野 真弘,オリックス・バファローズ,MIDDLE_NEUTRAL,2B,,31.6,76,-10,-10,53955150,モンテロ,広島東洋カープ,CORNER_CATCHER,1B,,31.9,49,19,3,0.3,,27,-29,-13
MIDDLE_NEUTRAL_MINUS_CORNER_CATCHER|0.3|AGE_UNRESTRICTED|0015,0.3,AGE_UNRESTRICTED,,MIDDLE_NEUTRAL_MINUS_CORNER_CATCHER,91495130,西野 真弘,オリックス・バファローズ,MIDDLE_NEUTRAL,2B,,31.6,76,-10,-10,31135133,秋山 翔吾,広島東洋カープ,CORNER_CATCHER,LF,,31.6,77,-11,-10,0,,-1,1,0
MIDDLE_NEUTRAL_MINUS_CORNER_CATCHER|0.3|AGE_UNRESTRICTED|0016,0.3,AGE_UNRESTRICTED,,MIDDLE_NEUTRAL_MINUS_CORNER_CATCHER,91495130,西野 真弘,オリックス・バファローズ,MIDDLE_NEUTRAL,2B,,31.6,76,-10,-10,01705130,栗原 陵矢,福岡ソフトバンクホークス,CORNER_CATCHER,3B,,31.3,59,4,4,0.3,,17,-14,-14
MIDDLE_NEUTRAL_MINUS_CORNER_CATCHER|0.3|AGE_UNRESTRICTED|0017,0.3,AGE_UNRESTRICTED,,MIDDLE_NEUTRAL_MINUS_CORNER_CATCHER,31435157,奈良間 大己,北海道日本ハムファイターズ,MIDDLE_NEUTRAL,2B,,31.7,64,2,3,11815130,宗 佑磨,オリックス・バファローズ,CORNER_CATCHER,3B,,31.9,76,-8,-8,0.2,,-12,10,11
MIDDLE_NEUTRAL_MINUS_CORNER_CATCHER|0.3|AGE_UNRESTRICTED|0018,0.3,AGE_UNRESTRICTED,,MIDDLE_NEUTRAL_MINUS_CORNER_CATCHER,31435157,奈良間 大己,北海道日本ハムファイターズ,MIDDLE_NEUTRAL,2B,,31.7,64,2,3,41545136,清宮 幸太郎,北海道日本ハムファイターズ,CORNER_CATCHER,1B,,31.7,56,10,10,0,,8,-8,-7
MIDDLE_NEUTRAL_MINUS_CORNER_CATCHER|0.3|AGE_UNRESTRICTED|0019,0.3,AGE_UNRESTRICTED,,MIDDLE_NEUTRAL_MINUS_CORNER_CATCHER,31435157,奈良間 大己,北海道日本ハムファイターズ,MIDDLE_NEUTRAL,2B,,31.7,64,2,3,31435138,野村 佑希,北海道日本ハムファイターズ,CORNER_CATCHER,LF,,31.7,52,14,14,0,,12,-12,-11
MIDDLE_NEUTRAL_MINUS_CORNER_CATCHER|0.3|AGE_UNRESTRICTED|0020,0.3,AGE_UNRESTRICTED,,MIDDLE_NEUTRAL_MINUS_CORNER_CATCHER,31435157,奈良間 大己,北海道日本ハムファイターズ,MIDDLE_NEUTRAL,2B,,31.7,64,2,3,91895138,山口 航輝,千葉ロッテマリーンズ,CORNER_CATCHER,LF,,31.9,52,16,16,0.2,,12,-14,-13
MIDDLE_NEUTRAL_MINUS_CORNER_CATCHER|0.3|AGE_UNRESTRICTED|0021,0.3,AGE_UNRESTRICTED,,MIDDLE_NEUTRAL_MINUS_CORNER_CATCHER,31435157,奈良間 大己,北海道日本ハムファイターズ,MIDDLE_NEUTRAL,2B,,31.7,64,2,3,43745150,ファビアン,広島東洋カープ,CORNER_CATCHER,LF,,31.4,61,3,3,0.3,,3,-1,0
MIDDLE_NEUTRAL_MINUS_CORNER_CATCHER|0.3|AGE_UNRESTRICTED|0022,0.3,AGE_UNRESTRICTED,,MIDDLE_NEUTRAL_MINUS_CORNER_CATCHER,31435157,奈良間 大己,北海道日本ハムファイターズ,MIDDLE_NEUTRAL,2B,,31.7,64,2,3,53955150,モンテロ,広島東洋カープ,CORNER_CATCHER,1B,,31.9,49,19,3,0.2,,15,-17,0
MIDDLE_NEUTRAL_MINUS_CORNER_CATCHER|0.3|AGE_UNRESTRICTED|0023,0.3,AGE_UNRESTRICTED,,MIDDLE_NEUTRAL_MINUS_CORNER_CATCHER,31435157,奈良間 大己,北海道日本ハムファイターズ,MIDDLE_NEUTRAL,2B,,31.7,64,2,3,31135133,秋山 翔吾,広島東洋カープ,CORNER_CATCHER,LF,,31.6,77,-11,-10,0.1,,-13,13,13
MIDDLE_NEUTRAL_MINUS_CORNER_CATCHER|0.3|AGE_UNRESTRICTED|0024,0.3,AGE_UNRESTRICTED,,MIDDLE_NEUTRAL_MINUS_CORNER_CATCHER,41645136,藤岡 裕大,千葉ロッテマリーンズ,MIDDLE_NEUTRAL,2B,,30.8,65,-7,-7,41645139,若月 健矢,オリックス・バファローズ,CORNER_CATCHER,C,,30.7,48,9,9,0.1,,17,-16,-16
MIDDLE_NEUTRAL_MINUS_CORNER_CATCHER|0.3|AGE_UNRESTRICTED|0025,0.3,AGE_UNRESTRICTED,,MIDDLE_NEUTRAL_MINUS_CORNER_CATCHER,41645136,藤岡 裕大,千葉ロッテマリーンズ,MIDDLE_NEUTRAL,2B,,30.8,65,-7,-7,71475132,西川 龍馬,オリックス・バファローズ,CORNER_CATCHER,LF,,31.1,72,-11,-11,0.3,,-7,4,4
MIDDLE_NEUTRAL_MINUS_CORNER_CATCHER|0.3|AGE_UNRESTRICTED|0026,0.3,AGE_UNRESTRICTED,,MIDDLE_NEUTRAL_MINUS_CORNER_CATCHER,41645136,藤岡 裕大,千葉ロッテマリーンズ,MIDDLE_NEUTRAL,2B,,30.8,65,-7,-7,91195151,石川 昂弥,中日ドラゴンズ,CORNER_CATCHER,3B,,30.6,41,16,16,0.2,,24,-23,-23
MIDDLE_NEUTRAL_MINUS_CORNER_CATCHER|0.3|AGE_UNRESTRICTED|0027,0.3,AGE_UNRESTRICTED,,MIDDLE_NEUTRAL_MINUS_CORNER_CATCHER,41645136,藤岡 裕大,千葉ロッテマリーンズ,MIDDLE_NEUTRAL,2B,,30.8,65,-7,-7,63065155,ポランコ,千葉ロッテマリーンズ,CORNER_CATCHER,LF,,31.1,63,-2,0,0.3,,2,-5,-7
MIDDLE_NEUTRAL_MINUS_CORNER_CATCHER|0.3|AGE_UNRESTRICTED|0028,0.3,AGE_UNRESTRICTED,,MIDDLE_NEUTRAL_MINUS_CORNER_CATCHER,41645136,藤岡 裕大,千葉ロッテマリーンズ,MIDDLE_NEUTRAL,2B,,30.8,65,-7,-7,81785155,古賀 悠斗,埼玉西武ライオンズ,CORNER_CATCHER,C,,30.6,47,10,10,0.2,,18,-17,-17
MIDDLE_NEUTRAL_MINUS_CORNER_CATCHER|0.3|AGE_UNRESTRICTED|0029,0.3,AGE_UNRESTRICTED,,MIDDLE_NEUTRAL_MINUS_CORNER_CATCHER,41645136,藤岡 裕大,千葉ロッテマリーンズ,MIDDLE_NEUTRAL,2B,,30.8,65,-7,-7,11915134,坂倉 将吾,広島東洋カープ,CORNER_CATCHER,1B,,30.6,68,-11,-11,0.2,,-3,4,4
MIDDLE_NEUTRAL_MINUS_CORNER_CATCHER|0.3|AGE_UNRESTRICTED|0030,0.3,AGE_UNRESTRICTED,,MIDDLE_NEUTRAL_MINUS_CORNER_CATCHER,41645136,藤岡 裕大,千葉ロッテマリーンズ,MIDDLE_NEUTRAL,2B,,30.8,65,-7,-7,53755153,サンタナ,東京ヤクルトスワローズ,CORNER_CATCHER,LF,,30.8,47,11,11,0,,18,-18,-18
MIDDLE_NEUTRAL_MINUS_CORNER_CATCHER|0.3|AGE_UNRESTRICTED|0031,0.3,AGE_UNRESTRICTED,,MIDDLE_NEUTRAL_MINUS_CORNER_CATCHER,41645136,藤岡 裕大,千葉ロッテマリーンズ,MIDDLE_NEUTRAL,2B,,30.8,65,-7,-7,71375138,太田 光,東北楽天ゴールデンイーグルス,CORNER_CATCHER,C,,30.5,44,12,12,0.3,,21,-19,-19
MIDDLE_NEUTRAL_MINUS_CORNER_CATCHER|0.3|AGE_UNRESTRICTED|0032,0.3,AGE_UNRESTRICTED,,MIDDLE_NEUTRAL_MINUS_CORNER_CATCHER,41645136,藤岡 裕大,千葉ロッテマリーンズ,MIDDLE_NEUTRAL,2B,,30.8,65,-7,-7,51155118,浅村 栄斗,東北楽天ゴールデンイーグルス,CORNER_CATCHER,1B,,30.5,35,21,21,0.3,,30,-28,-28
MIDDLE_NEUTRAL_MINUS_CORNER_CATCHER|0.3|AGE_UNRESTRICTED|0033,0.3,AGE_UNRESTRICTED,,MIDDLE_NEUTRAL_MINUS_CORNER_CATCHER,41645136,藤岡 裕大,千葉ロッテマリーンズ,MIDDLE_NEUTRAL,2B,,30.8,65,-7,-7,91995134,佐野 恵太,横浜DeNAベイスターズ,CORNER_CATCHER,1B,,30.6,48,9,9,0.2,,17,-16,-16
MIDDLE_NEUTRAL_MINUS_CORNER_CATCHER|0.3|AGE_UNRESTRICTED|0034,0.3,AGE_UNRESTRICTED,,MIDDLE_NEUTRAL_MINUS_CORNER_CATCHER,41645136,藤岡 裕大,千葉ロッテマリーンズ,MIDDLE_NEUTRAL,2B,,30.8,65,-7,-7,23125136,山本 祐大,横浜DeNAベイスターズ,CORNER_CATCHER,C,,31,61,-1,-1,0.2,,4,-6,-6
MIDDLE_NEUTRAL_MINUS_CORNER_CATCHER|0.3|AGE_UNRESTRICTED|0035,0.3,AGE_UNRESTRICTED,,MIDDLE_NEUTRAL_MINUS_CORNER_CATCHER,41645136,藤岡 裕大,千葉ロッテマリーンズ,MIDDLE_NEUTRAL,2B,,30.8,65,-7,-7,81885155,正木 智也,福岡ソフトバンクホークス,CORNER_CATCHER,1B,,31.1,48,13,13,0.3,,17,-20,-20
MIDDLE_NEUTRAL_MINUS_CORNER_CATCHER|0.3|AGE_UNRESTRICTED|0036,0.3,AGE_UNRESTRICTED,,MIDDLE_NEUTRAL_MINUS_CORNER_CATCHER,41645136,藤岡 裕大,千葉ロッテマリーンズ,MIDDLE_NEUTRAL,2B,,30.8,65,-7,-7,21325134,大山 悠輔,阪神タイガース,CORNER_CATCHER,1B,,30.5,58,-2,-2,0.3,,7,-5,-5
MIDDLE_NEUTRAL_MINUS_CORNER_CATCHER|0.3|AGE_UNRESTRICTED|0037,0.3,AGE_UNRESTRICTED,,MIDDLE_NEUTRAL_MINUS_CORNER_CATCHER,41645136,藤岡 裕大,千葉ロッテマリーンズ,MIDDLE_NEUTRAL,2B,,30.8,65,-7,-7,21325139,梅野 隆太郎,阪神タイガース,CORNER_CATCHER,C,,30.6,57,0,0,0.2,,8,-7,-7
MIDDLE_NEUTRAL_MINUS_CORNER_CATCHER|0.3|AGE_UNRESTRICTED|0038,0.3,AGE_UNRESTRICTED,,MIDDLE_NEUTRAL_MINUS_CORNER_CATCHER,41245130,外崎 修汰,埼玉西武ライオンズ,MIDDLE_NEUTRAL,2B,,32.3,68,4,4,51055138,田宮 裕涼,北海道日本ハムファイターズ,CORNER_CATCHER,C,,32.4,68,5,5,0.1,,0,-1,-1
MIDDLE_NEUTRAL_MINUS_CORNER_CATCHER|0.3|AGE_UNRESTRICTED|0039,0.3,AGE_UNRESTRICTED,,MIDDLE_NEUTRAL_MINUS_CORNER_CATCHER,41245130,外崎 修汰,埼玉西武ライオンズ,MIDDLE_NEUTRAL,2B,,32.3,68,4,4,11515139,岡 大海,千葉ロッテマリーンズ,CORNER_CATCHER,1B,,32.6,82,-7,-7,0.3,,-14,11,11
MIDDLE_NEUTRAL_MINUS_CORNER_CATCHER|0.3|AGE_UNRESTRICTED|0040,0.3,AGE_UNRESTRICTED,,MIDDLE_NEUTRAL_MINUS_CORNER_CATCHER,41245130,外崎 修汰,埼玉西武ライオンズ,MIDDLE_NEUTRAL,2B,,32.3,68,4,4,01705134,古賀 優大,東京ヤクルトスワローズ,CORNER_CATCHER,C,,32.1,46,24,24,0.2,,22,-20,-20
MIDDLE_NEUTRAL_MINUS_CORNER_CATCHER|0.3|AGE_UNRESTRICTED|0041,0.3,AGE_UNRESTRICTED,,MIDDLE_NEUTRAL_MINUS_CORNER_CATCHER,41245130,外崎 修汰,埼玉西武ライオンズ,MIDDLE_NEUTRAL,2B,,32.3,68,4,4,31835133,柳田 悠岐,福岡ソフトバンクホークス,CORNER_CATCHER,LF,,32.1,67,3,3,0.2,,1,1,1
MIDDLE_NEUTRAL_MINUS_CORNER_CATCHER|0.3|AGE_UNRESTRICTED|0042,0.3,AGE_UNRESTRICTED,,MIDDLE_NEUTRAL_MINUS_CORNER_CATCHER,41245130,外崎 修汰,埼玉西武ライオンズ,MIDDLE_NEUTRAL,2B,,32.3,68,4,4,41045153,佐藤 輝明,阪神タイガース,CORNER_CATCHER,3B,,32.1,68,2,2,0.2,,0,2,2
MIDDLE_NEUTRAL_MINUS_CORNER_CATCHER|0.3|AGE_UNRESTRICTED|0043,0.3,AGE_UNRESTRICTED,,MIDDLE_NEUTRAL_MINUS_CORNER_CATCHER,21125134,石井 一成,埼玉西武ライオンズ,MIDDLE_NEUTRAL,2B,,32.6,79,-4,-4,31835134,細川 成也,中日ドラゴンズ,CORNER_CATCHER,LF,,32.7,60,15,15,0.1,,19,-19,-19
MIDDLE_NEUTRAL_MINUS_CORNER_CATCHER|0.3|AGE_UNRESTRICTED|0044,0.3,AGE_UNRESTRICTED,,MIDDLE_NEUTRAL_MINUS_CORNER_CATCHER,21125134,石井 一成,埼玉西武ライオンズ,MIDDLE_NEUTRAL,2B,,32.6,79,-4,-4,51055138,田宮 裕涼,北海道日本ハムファイターズ,CORNER_CATCHER,C,,32.4,68,5,5,0.2,,11,-9,-9
MIDDLE_NEUTRAL_MINUS_CORNER_CATCHER|0.3|AGE_UNRESTRICTED|0045,0.3,AGE_UNRESTRICTED,,MIDDLE_NEUTRAL_MINUS_CORNER_CATCHER,21125134,石井 一成,埼玉西武ライオンズ,MIDDLE_NEUTRAL,2B,,32.6,79,-4,-4,21925151,郡司 裕也,北海道日本ハムファイターズ,CORNER_CATCHER,3B,,32.7,61,14,14,0.1,,18,-18,-18
MIDDLE_NEUTRAL_MINUS_CORNER_CATCHER|0.3|AGE_UNRESTRICTED|0046,0.3,AGE_UNRESTRICTED,,MIDDLE_NEUTRAL_MINUS_CORNER_CATCHER,21125134,石井 一成,埼玉西武ライオンズ,MIDDLE_NEUTRAL,2B,,32.6,79,-4,-4,11515139,岡 大海,千葉ロッテマリーンズ,CORNER_CATCHER,1B,,32.6,82,-7,-7,0,,-3,3,3
MIDDLE_NEUTRAL_MINUS_CORNER_CATCHER|0.3|AGE_UNRESTRICTED|0047,0.3,AGE_UNRESTRICTED,,MIDDLE_NEUTRAL_MINUS_CORNER_CATCHER,61565135,菊池 涼介,広島東洋カープ,MIDDLE_NEUTRAL,2B,,31.8,72,-5,-5,11815130,宗 佑磨,オリックス・バファローズ,CORNER_CATCHER,3B,,31.9,76,-8,-8,0.1,,-4,3,3
MIDDLE_NEUTRAL_MINUS_CORNER_CATCHER|0.3|AGE_UNRESTRICTED|0048,0.3,AGE_UNRESTRICTED,,MIDDLE_NEUTRAL_MINUS_CORNER_CATCHER,61565135,菊池 涼介,広島東洋カープ,MIDDLE_NEUTRAL,2B,,31.8,72,-5,-5,41545136,清宮 幸太郎,北海道日本ハムファイターズ,CORNER_CATCHER,1B,,31.7,56,10,10,0.1,,16,-15,-15
MIDDLE_NEUTRAL_MINUS_CORNER_CATCHER|0.3|AGE_UNRESTRICTED|0049,0.3,AGE_UNRESTRICTED,,MIDDLE_NEUTRAL_MINUS_CORNER_CATCHER,61565135,菊池 涼介,広島東洋カープ,MIDDLE_NEUTRAL,2B,,31.8,72,-5,-5,31435138,野村 佑希,北海道日本ハムファイターズ,CORNER_CATCHER,LF,,31.7,52,14,14,0.1,,20,-19,-19
MIDDLE_NEUTRAL_MINUS_CORNER_CATCHER|0.3|AGE_UNRESTRICTED|0050,0.3,AGE_UNRESTRICTED,,MIDDLE_NEUTRAL_MINUS_CORNER_CATCHER,61565135,菊池 涼介,広島東洋カープ,MIDDLE_NEUTRAL,2B,,31.8,72,-5,-5,91895138,山口 航輝,千葉ロッテマリーンズ,CORNER_CATCHER,LF,,31.9,52,16,16,0.1,,20,-21,-21
MIDDLE_NEUTRAL_MINUS_CORNER_CATCHER|0.3|AGE_UNRESTRICTED|0051,0.3,AGE_UNRESTRICTED,,MIDDLE_NEUTRAL_MINUS_CORNER_CATCHER,61565135,菊池 涼介,広島東洋カープ,MIDDLE_NEUTRAL,2B,,31.8,72,-5,-5,53955150,モンテロ,広島東洋カープ,CORNER_CATCHER,1B,,31.9,49,19,3,0.1,,23,-24,-8
MIDDLE_NEUTRAL_MINUS_CORNER_CATCHER|0.3|AGE_UNRESTRICTED|0052,0.3,AGE_UNRESTRICTED,,MIDDLE_NEUTRAL_MINUS_CORNER_CATCHER,61565135,菊池 涼介,広島東洋カープ,MIDDLE_NEUTRAL,2B,,31.8,72,-5,-5,31135133,秋山 翔吾,広島東洋カープ,CORNER_CATCHER,LF,,31.6,77,-11,-10,0.2,,-5,6,5
MIDDLE_NEUTRAL_MINUS_CORNER_CATCHER|0.3|AGE_UNRESTRICTED|0053,0.3,AGE_UNRESTRICTED,,MIDDLE_NEUTRAL_MINUS_CORNER_CATCHER,61565135,菊池 涼介,広島東洋カープ,MIDDLE_NEUTRAL,2B,,31.8,72,-5,-5,01705134,古賀 優大,東京ヤクルトスワローズ,CORNER_CATCHER,C,,32.1,46,24,24,0.3,,26,-29,-29
MIDDLE_NEUTRAL_MINUS_CORNER_CATCHER|0.3|AGE_UNRESTRICTED|0054,0.3,AGE_UNRESTRICTED,,MIDDLE_NEUTRAL_MINUS_CORNER_CATCHER,61565135,菊池 涼介,広島東洋カープ,MIDDLE_NEUTRAL,2B,,31.8,72,-5,-5,31835133,柳田 悠岐,福岡ソフトバンクホークス,CORNER_CATCHER,LF,,32.1,67,3,3,0.3,,5,-8,-8
MIDDLE_NEUTRAL_MINUS_CORNER_CATCHER|0.3|AGE_UNRESTRICTED|0055,0.3,AGE_UNRESTRICTED,,MIDDLE_NEUTRAL_MINUS_CORNER_CATCHER,61565135,菊池 涼介,広島東洋カープ,MIDDLE_NEUTRAL,2B,,31.8,72,-5,-5,41045153,佐藤 輝明,阪神タイガース,CORNER_CATCHER,3B,,32.1,68,2,2,0.3,,4,-7,-7
MIDDLE_NEUTRAL_MINUS_CORNER_CATCHER|0.3|AGE_UNRESTRICTED|0056,0.3,AGE_UNRESTRICTED,,MIDDLE_NEUTRAL_MINUS_CORNER_CATCHER,91695157,林 琢真,横浜DeNAベイスターズ,MIDDLE_NEUTRAL,2B,,32,82,-13,-8,11815130,宗 佑磨,オリックス・バファローズ,CORNER_CATCHER,3B,,31.9,76,-8,-8,0.1,,6,-5,0
MIDDLE_NEUTRAL_MINUS_CORNER_CATCHER|0.3|AGE_UNRESTRICTED|0057,0.3,AGE_UNRESTRICTED,,MIDDLE_NEUTRAL_MINUS_CORNER_CATCHER,91695157,林 琢真,横浜DeNAベイスターズ,MIDDLE_NEUTRAL,2B,,32,82,-13,-8,41545136,清宮 幸太郎,北海道日本ハムファイターズ,CORNER_CATCHER,1B,,31.7,56,10,10,0.3,,26,-23,-18
MIDDLE_NEUTRAL_MINUS_CORNER_CATCHER|0.3|AGE_UNRESTRICTED|0058,0.3,AGE_UNRESTRICTED,,MIDDLE_NEUTRAL_MINUS_CORNER_CATCHER,91695157,林 琢真,横浜DeNAベイスターズ,MIDDLE_NEUTRAL,2B,,32,82,-13,-8,31435138,野村 佑希,北海道日本ハムファイターズ,CORNER_CATCHER,LF,,31.7,52,14,14,0.3,,30,-27,-22
MIDDLE_NEUTRAL_MINUS_CORNER_CATCHER|0.3|AGE_UNRESTRICTED|0059,0.3,AGE_UNRESTRICTED,,MIDDLE_NEUTRAL_MINUS_CORNER_CATCHER,91695157,林 琢真,横浜DeNAベイスターズ,MIDDLE_NEUTRAL,2B,,32,82,-13,-8,91895138,山口 航輝,千葉ロッテマリーンズ,CORNER_CATCHER,LF,,31.9,52,16,16,0.1,,30,-29,-24
MIDDLE_NEUTRAL_MINUS_CORNER_CATCHER|0.3|AGE_UNRESTRICTED|0060,0.3,AGE_UNRESTRICTED,,MIDDLE_NEUTRAL_MINUS_CORNER_CATCHER,91695157,林 琢真,横浜DeNAベイスターズ,MIDDLE_NEUTRAL,2B,,32,82,-13,-8,53955150,モンテロ,広島東洋カープ,CORNER_CATCHER,1B,,31.9,49,19,3,0.1,,33,-32,-11
MIDDLE_NEUTRAL_MINUS_CORNER_CATCHER|0.3|AGE_UNRESTRICTED|0061,0.3,AGE_UNRESTRICTED,,MIDDLE_NEUTRAL_MINUS_CORNER_CATCHER,91695157,林 琢真,横浜DeNAベイスターズ,MIDDLE_NEUTRAL,2B,,32,82,-13,-8,01705134,古賀 優大,東京ヤクルトスワローズ,CORNER_CATCHER,C,,32.1,46,24,24,0.1,,36,-37,-32
MIDDLE_NEUTRAL_MINUS_CORNER_CATCHER|0.3|AGE_UNRESTRICTED|0062,0.3,AGE_UNRESTRICTED,,MIDDLE_NEUTRAL_MINUS_CORNER_CATCHER,91695157,林 琢真,横浜DeNAベイスターズ,MIDDLE_NEUTRAL,2B,,32,82,-13,-8,31835133,柳田 悠岐,福岡ソフトバンクホークス,CORNER_CATCHER,LF,,32.1,67,3,3,0.1,,15,-16,-11
MIDDLE_NEUTRAL_MINUS_CORNER_CATCHER|0.3|AGE_UNRESTRICTED|0063,0.3,AGE_UNRESTRICTED,,MIDDLE_NEUTRAL_MINUS_CORNER_CATCHER,91695157,林 琢真,横浜DeNAベイスターズ,MIDDLE_NEUTRAL,2B,,32,82,-13,-8,41045153,佐藤 輝明,阪神タイガース,CORNER_CATCHER,3B,,32.1,68,2,2,0.1,,14,-15,-10
MIDDLE_NEUTRAL_MINUS_CORNER_CATCHER|0.3|AGE_UNRESTRICTED|0064,0.3,AGE_UNRESTRICTED,,MIDDLE_NEUTRAL_MINUS_CORNER_CATCHER,13115153,牧 秀悟,横浜DeNAベイスターズ,MIDDLE_NEUTRAL,2B,,31.6,67,-1,-1,11815130,宗 佑磨,オリックス・バファローズ,CORNER_CATCHER,3B,,31.9,76,-8,-8,0.3,,-9,7,7
MIDDLE_NEUTRAL_MINUS_CORNER_CATCHER|0.3|AGE_UNRESTRICTED|0065,0.3,AGE_UNRESTRICTED,,MIDDLE_NEUTRAL_MINUS_CORNER_CATCHER,13115153,牧 秀悟,横浜DeNAベイスターズ,MIDDLE_NEUTRAL,2B,,31.6,67,-1,-1,41545136,清宮 幸太郎,北海道日本ハムファイターズ,CORNER_CATCHER,1B,,31.7,56,10,10,0.1,,11,-11,-11
MIDDLE_NEUTRAL_MINUS_CORNER_CATCHER|0.3|AGE_UNRESTRICTED|0066,0.3,AGE_UNRESTRICTED,,MIDDLE_NEUTRAL_MINUS_CORNER_CATCHER,13115153,牧 秀悟,横浜DeNAベイスターズ,MIDDLE_NEUTRAL,2B,,31.6,67,-1,-1,31435138,野村 佑希,北海道日本ハムファイターズ,CORNER_CATCHER,LF,,31.7,52,14,14,0.1,,15,-15,-15
MIDDLE_NEUTRAL_MINUS_CORNER_CATCHER|0.3|AGE_UNRESTRICTED|0067,0.3,AGE_UNRESTRICTED,,MIDDLE_NEUTRAL_MINUS_CORNER_CATCHER,13115153,牧 秀悟,横浜DeNAベイスターズ,MIDDLE_NEUTRAL,2B,,31.6,67,-1,-1,71075151,佐藤 都志也,千葉ロッテマリーンズ,CORNER_CATCHER,C,,31.3,71,-8,-8,0.3,,-4,7,7
MIDDLE_NEUTRAL_MINUS_CORNER_CATCHER|0.3|AGE_UNRESTRICTED|0068,0.3,AGE_UNRESTRICTED,,MIDDLE_NEUTRAL_MINUS_CORNER_CATCHER,13115153,牧 秀悟,横浜DeNAベイスターズ,MIDDLE_NEUTRAL,2B,,31.6,67,-1,-1,91895138,山口 航輝,千葉ロッテマリーンズ,CORNER_CATCHER,LF,,31.9,52,16,16,0.3,,15,-17,-17
MIDDLE_NEUTRAL_MINUS_CORNER_CATCHER|0.3|AGE_UNRESTRICTED|0069,0.3,AGE_UNRESTRICTED,,MIDDLE_NEUTRAL_MINUS_CORNER_CATCHER,13115153,牧 秀悟,横浜DeNAベイスターズ,MIDDLE_NEUTRAL,2B,,31.6,67,-1,-1,43745150,ファビアン,広島東洋カープ,CORNER_CATCHER,LF,,31.4,61,3,3,0.2,,6,-4,-4
MIDDLE_NEUTRAL_MINUS_CORNER_CATCHER|0.3|AGE_UNRESTRICTED|0070,0.3,AGE_UNRESTRICTED,,MIDDLE_NEUTRAL_MINUS_CORNER_CATCHER,13115153,牧 秀悟,横浜DeNAベイスターズ,MIDDLE_NEUTRAL,2B,,31.6,67,-1,-1,53955150,モンテロ,広島東洋カープ,CORNER_CATCHER,1B,,31.9,49,19,3,0.3,,18,-20,-4
MIDDLE_NEUTRAL_MINUS_CORNER_CATCHER|0.3|AGE_UNRESTRICTED|0071,0.3,AGE_UNRESTRICTED,,MIDDLE_NEUTRAL_MINUS_CORNER_CATCHER,13115153,牧 秀悟,横浜DeNAベイスターズ,MIDDLE_NEUTRAL,2B,,31.6,67,-1,-1,31135133,秋山 翔吾,広島東洋カープ,CORNER_CATCHER,LF,,31.6,77,-11,-10,0,,-10,10,9
MIDDLE_NEUTRAL_MINUS_CORNER_CATCHER|0.3|AGE_UNRESTRICTED|0072,0.3,AGE_UNRESTRICTED,,MIDDLE_NEUTRAL_MINUS_CORNER_CATCHER,13115153,牧 秀悟,横浜DeNAベイスターズ,MIDDLE_NEUTRAL,2B,,31.6,67,-1,-1,01705130,栗原 陵矢,福岡ソフトバンクホークス,CORNER_CATCHER,3B,,31.3,59,4,4,0.3,,8,-5,-5
MIDDLE_NEUTRAL_MINUS_CORNER_CATCHER|0.3|AGE_UNRESTRICTED|0073,0.3,AGE_UNRESTRICTED,,MIDDLE_NEUTRAL_MINUS_CORNER_CATCHER,73375134,吉川 尚輝,読売ジャイアンツ,MIDDLE_NEUTRAL,2B,,32.5,80,-6,-6,31835134,細川 成也,中日ドラゴンズ,CORNER_CATCHER,LF,,32.7,60,15,15,0.2,,20,-21,-21
MIDDLE_NEUTRAL_MINUS_CORNER_CATCHER|0.3|AGE_UNRESTRICTED|0074,0.3,AGE_UNRESTRICTED,,MIDDLE_NEUTRAL_MINUS_CORNER_CATCHER,73375134,吉川 尚輝,読売ジャイアンツ,MIDDLE_NEUTRAL,2B,,32.5,80,-6,-6,51055138,田宮 裕涼,北海道日本ハムファイターズ,CORNER_CATCHER,C,,32.4,68,5,5,0.1,,12,-11,-11
MIDDLE_NEUTRAL_MINUS_CORNER_CATCHER|0.3|AGE_UNRESTRICTED|0075,0.3,AGE_UNRESTRICTED,,MIDDLE_NEUTRAL_MINUS_CORNER_CATCHER,73375134,吉川 尚輝,読売ジャイアンツ,MIDDLE_NEUTRAL,2B,,32.5,80,-6,-6,21925151,郡司 裕也,北海道日本ハムファイターズ,CORNER_CATCHER,3B,,32.7,61,14,14,0.2,,19,-20,-20
MIDDLE_NEUTRAL_MINUS_CORNER_CATCHER|0.3|AGE_UNRESTRICTED|0076,0.3,AGE_UNRESTRICTED,,MIDDLE_NEUTRAL_MINUS_CORNER_CATCHER,73375134,吉川 尚輝,読売ジャイアンツ,MIDDLE_NEUTRAL,2B,,32.5,80,-6,-6,11515139,岡 大海,千葉ロッテマリーンズ,CORNER_CATCHER,1B,,32.6,82,-7,-7,0.1,,-2,1,1
MIDDLE_NEUTRAL_MINUS_CORNER_CATCHER|0.3|AGE_UNRESTRICTED|0077,0.3,AGE_UNRESTRICTED,,MIDDLE_NEUTRAL_MINUS_CORNER_CATCHER,41445153,中野 拓夢,阪神タイガース,MIDDLE_NEUTRAL,2B,,32.9,75,2,2,81685157,福永 裕基,中日ドラゴンズ,CORNER_CATCHER,3B,,33,64,14,14,0.1,,11,-12,-12
MIDDLE_NEUTRAL_MINUS_CORNER_CATCHER|0.3|AGE_UNRESTRICTED|0078,0.3,AGE_UNRESTRICTED,,MIDDLE_NEUTRAL_MINUS_CORNER_CATCHER,41445153,中野 拓夢,阪神タイガース,MIDDLE_NEUTRAL,2B,,32.9,75,2,2,31835134,細川 成也,中日ドラゴンズ,CORNER_CATCHER,LF,,32.7,60,15,15,0.2,,15,-13,-13
MIDDLE_NEUTRAL_MINUS_CORNER_CATCHER|0.3|AGE_UNRESTRICTED|0079,0.3,AGE_UNRESTRICTED,,MIDDLE_NEUTRAL_MINUS_CORNER_CATCHER,41445153,中野 拓夢,阪神タイガース,MIDDLE_NEUTRAL,2B,,32.9,75,2,2,21925151,郡司 裕也,北海道日本ハムファイターズ,CORNER_CATCHER,3B,,32.7,61,14,14,0.2,,14,-12,-12
MIDDLE_NEUTRAL_MINUS_CORNER_CATCHER|0.3|AGE_UNRESTRICTED|0080,0.3,AGE_UNRESTRICTED,,MIDDLE_NEUTRAL_MINUS_CORNER_CATCHER,41445153,中野 拓夢,阪神タイガース,MIDDLE_NEUTRAL,2B,,32.9,75,2,2,11515139,岡 大海,千葉ロッテマリーンズ,CORNER_CATCHER,1B,,32.6,82,-7,-7,0.3,,-7,9,9
