anchor_id,player,measurement_era,measurement_date,metric,value,unit,direction,cohort_id,cohort_completeness,source_manifest_id,source_tier,anchor_confidence,bank_acceptance_status,raw_trial_count,selection_method,selection_scope,speed_band,band_basis,cohort_rank,cohort_size,integration_boundary,limitations
A0001,蛭間拓哉,2022,2022-06-19,50M_STANDING_START_SECONDS,6.17,seconds,LOWER_IS_FASTER,samurai_university_2022-06-19,OFFICIAL_TOP_FIVE_ONLY,samurai_university_2022_06_19,A_OFFICIAL_VALUE,HIGH,ACCEPTED_HIGH_CONFIDENCE,1,single_observed_value,WITHIN_MEASURED_COHORT_ORDINAL_ONLY,B8_SLOWEST_COHORT_OCTILE,WITHIN_SAME_METRIC_SAME_COHORT_OCTILE_ONLY,5,5,NO_T90_CONVERSION_NO_AGE_DECAY_NO_GAME_RATING,Only the official top five are visible; no complete-cohort distribution is claimed.
A0002,友杉篤輝,2022,2022-06-19,50M_STANDING_START_SECONDS,6.1,seconds,LOWER_IS_FASTER,samurai_university_2022-06-19,OFFICIAL_TOP_FIVE_ONLY,samurai_university_2022_06_19,A_OFFICIAL_VALUE,HIGH,ACCEPTED_HIGH_CONFIDENCE,1,single_observed_value,WITHIN_MEASURED_COHORT_ORDINAL_ONLY,B7_LOWER_COHORT_OCTILE,WITHIN_SAME_METRIC_SAME_COHORT_OCTILE_ONLY,4,5,NO_T90_CONVERSION_NO_AGE_DECAY_NO_GAME_RATING,Only the official top five are visible; no complete-cohort distribution is claimed.
A0003,松浦佑星,2022,2022-06-19,50M_STANDING_START_SECONDS,6.06,seconds,LOWER_IS_FASTER,samurai_university_2022-06-19,OFFICIAL_TOP_FIVE_ONLY,samurai_university_2022_06_19,A_OFFICIAL_VALUE,HIGH,ACCEPTED_HIGH_CONFIDENCE,1,single_observed_value,WITHIN_MEASURED_COHORT_ORDINAL_ONLY,B5_MID_LOWER_COHORT_OCTILE,WITHIN_SAME_METRIC_SAME_COHORT_OCTILE_ONLY,3,5,NO_T90_CONVERSION_NO_AGE_DECAY_NO_GAME_RATING,Only the official top five are visible; no complete-cohort distribution is claimed.
A0004,林琢真,2022,2022-06-19,50M_STANDING_START_SECONDS,5.99,seconds,LOWER_IS_FASTER,samurai_university_2022-06-19,OFFICIAL_TOP_FIVE_ONLY,samurai_university_2022_06_19,A_OFFICIAL_VALUE,HIGH,ACCEPTED_HIGH_CONFIDENCE,1,single_observed_value,WITHIN_MEASURED_COHORT_ORDINAL_ONLY,B4_MID_UPPER_COHORT_OCTILE,WITHIN_SAME_METRIC_SAME_COHORT_OCTILE_ONLY,2,5,NO_T90_CONVERSION_NO_AGE_DECAY_NO_GAME_RATING,Only the official top five are visible; no complete-cohort distribution is claimed.
A0005,矢澤宏太,2022,2022-06-19,50M_STANDING_START_SECONDS,5.98,seconds,LOWER_IS_FASTER,samurai_university_2022-06-19,OFFICIAL_TOP_FIVE_ONLY,samurai_university_2022_06_19,A_OFFICIAL_VALUE,HIGH,ACCEPTED_HIGH_CONFIDENCE,1,single_observed_value,WITHIN_MEASURED_COHORT_ORDINAL_ONLY,B2_UPPER_COHORT_OCTILE,WITHIN_SAME_METRIC_SAME_COHORT_OCTILE_ONLY,1,5,NO_T90_CONVERSION_NO_AGE_DECAY_NO_GAME_RATING,Only the official top five are visible; no complete-cohort distribution is claimed.
A0006,岡城快生,2024,2024-11-30,50M_STANDING_START_SECONDS,5.82,seconds,LOWER_IS_FASTER,samurai_university_2024-11-30,FULL_PUBLISHED_TABLE_27,samurai_university_2024_11_30,A_PROTOCOL_B_FULL_VALUES,HIGH,ACCEPTED_HIGH_CONFIDENCE,1,single_observed_value,WITHIN_MEASURED_COHORT_ORDINAL_ONLY,B1_FASTEST_COHORT_OCTILE,WITHIN_SAME_METRIC_SAME_COHORT_OCTILE_ONLY,1,27,NO_T90_CONVERSION_NO_AGE_DECAY_NO_GAME_RATING,"Full published participant table; values remain 50m test results, not T90 values."
A0007,松川玲央,2024,2024-11-30,50M_STANDING_START_SECONDS,5.89,seconds,LOWER_IS_FASTER,samurai_university_2024-11-30,FULL_PUBLISHED_TABLE_27,samurai_university_2024_11_30,A_PROTOCOL_B_FULL_VALUES,HIGH,ACCEPTED_HIGH_CONFIDENCE,1,single_observed_value,WITHIN_MEASURED_COHORT_ORDINAL_ONLY,B1_FASTEST_COHORT_OCTILE,WITHIN_SAME_METRIC_SAME_COHORT_OCTILE_ONLY,2,27,NO_T90_CONVERSION_NO_AGE_DECAY_NO_GAME_RATING,"Full published participant table; values remain 50m test results, not T90 values."
A0008,藤森康淳,2024,2024-11-30,50M_STANDING_START_SECONDS,5.97,seconds,LOWER_IS_FASTER,samurai_university_2024-11-30,FULL_PUBLISHED_TABLE_27,samurai_university_2024_11_30,A_PROTOCOL_B_FULL_VALUES,HIGH,ACCEPTED_HIGH_CONFIDENCE,1,single_observed_value,WITHIN_MEASURED_COHORT_ORDINAL_ONLY,B1_FASTEST_COHORT_OCTILE,WITHIN_SAME_METRIC_SAME_COHORT_OCTILE_ONLY,3,27,NO_T90_CONVERSION_NO_AGE_DECAY_NO_GAME_RATING,"Full published participant table; values remain 50m test results, not T90 values."
A0009,平川蓮,2024,2024-11-30,50M_STANDING_START_SECONDS,5.99,seconds,LOWER_IS_FASTER,samurai_university_2024-11-30,FULL_PUBLISHED_TABLE_27,samurai_university_2024_11_30,A_PROTOCOL_B_FULL_VALUES,HIGH,ACCEPTED_HIGH_CONFIDENCE,1,single_observed_value,WITHIN_MEASURED_COHORT_ORDINAL_ONLY,B2_UPPER_COHORT_OCTILE,WITHIN_SAME_METRIC_SAME_COHORT_OCTILE_ONLY,4,27,NO_T90_CONVERSION_NO_AGE_DECAY_NO_GAME_RATING,"Full published participant table; values remain 50m test results, not T90 values."
A0010,立石正広,2024,2024-11-30,50M_STANDING_START_SECONDS,6.07,seconds,LOWER_IS_FASTER,samurai_university_2024-11-30,FULL_PUBLISHED_TABLE_27,samurai_university_2024_11_30,A_PROTOCOL_B_FULL_VALUES,HIGH,ACCEPTED_HIGH_CONFIDENCE,1,single_observed_value,WITHIN_MEASURED_COHORT_ORDINAL_ONLY,B2_UPPER_COHORT_OCTILE,WITHIN_SAME_METRIC_SAME_COHORT_OCTILE_ONLY,5,27,NO_T90_CONVERSION_NO_AGE_DECAY_NO_GAME_RATING,"Full published participant table; values remain 50m test results, not T90 values."
A0011,大塚瑠晏,2024,2024-11-30,50M_STANDING_START_SECONDS,6.07,seconds,LOWER_IS_FASTER,samurai_university_2024-11-30,FULL_PUBLISHED_TABLE_27,samurai_university_2024_11_30,A_PROTOCOL_B_FULL_VALUES,HIGH,ACCEPTED_HIGH_CONFIDENCE,1,single_observed_value,WITHIN_MEASURED_COHORT_ORDINAL_ONLY,B2_UPPER_COHORT_OCTILE,WITHIN_SAME_METRIC_SAME_COHORT_OCTILE_ONLY,6,27,NO_T90_CONVERSION_NO_AGE_DECAY_NO_GAME_RATING,"Full published participant table; values remain 50m test results, not T90 values."
A0012,黒田義信,2024,2024-11-30,50M_STANDING_START_SECONDS,6.1,seconds,LOWER_IS_FASTER,samurai_university_2024-11-30,FULL_PUBLISHED_TABLE_27,samurai_university_2024_11_30,A_PROTOCOL_B_FULL_VALUES,HIGH,ACCEPTED_HIGH_CONFIDENCE,1,single_observed_value,WITHIN_MEASURED_COHORT_ORDINAL_ONLY,B3_UPPER_MID_COHORT_OCTILE,WITHIN_SAME_METRIC_SAME_COHORT_OCTILE_ONLY,7,27,NO_T90_CONVERSION_NO_AGE_DECAY_NO_GAME_RATING,"Full published participant table; values remain 50m test results, not T90 values."
A0013,皆川岳飛,2024,2024-11-30,50M_STANDING_START_SECONDS,6.12,seconds,LOWER_IS_FASTER,samurai_university_2024-11-30,FULL_PUBLISHED_TABLE_27,samurai_university_2024_11_30,A_PROTOCOL_B_FULL_VALUES,HIGH,ACCEPTED_HIGH_CONFIDENCE,1,single_observed_value,WITHIN_MEASURED_COHORT_ORDINAL_ONLY,B3_UPPER_MID_COHORT_OCTILE,WITHIN_SAME_METRIC_SAME_COHORT_OCTILE_ONLY,8,27,NO_T90_CONVERSION_NO_AGE_DECAY_NO_GAME_RATING,"Full published participant table; values remain 50m test results, not T90 values."
A0014,秋山俊,2024,2024-11-30,50M_STANDING_START_SECONDS,6.13,seconds,LOWER_IS_FASTER,samurai_university_2024-11-30,FULL_PUBLISHED_TABLE_27,samurai_university_2024_11_30,A_PROTOCOL_B_FULL_VALUES,HIGH,ACCEPTED_HIGH_CONFIDENCE,1,single_observed_value,WITHIN_MEASURED_COHORT_ORDINAL_ONLY,B3_UPPER_MID_COHORT_OCTILE,WITHIN_SAME_METRIC_SAME_COHORT_OCTILE_ONLY,9,27,NO_T90_CONVERSION_NO_AGE_DECAY_NO_GAME_RATING,"Full published participant table; values remain 50m test results, not T90 values."
A0015,勝田成,2024,2024-11-30,50M_STANDING_START_SECONDS,6.17,seconds,LOWER_IS_FASTER,samurai_university_2024-11-30,FULL_PUBLISHED_TABLE_27,samurai_university_2024_11_30,A_PROTOCOL_B_FULL_VALUES,HIGH,ACCEPTED_HIGH_CONFIDENCE,1,single_observed_value,WITHIN_MEASURED_COHORT_ORDINAL_ONLY,B3_UPPER_MID_COHORT_OCTILE,WITHIN_SAME_METRIC_SAME_COHORT_OCTILE_ONLY,10,27,NO_T90_CONVERSION_NO_AGE_DECAY_NO_GAME_RATING,"Full published participant table; values remain 50m test results, not T90 values."
A0016,米津煌太,2024,2024-11-30,50M_STANDING_START_SECONDS,6.17,seconds,LOWER_IS_FASTER,samurai_university_2024-11-30,FULL_PUBLISHED_TABLE_27,samurai_university_2024_11_30,A_PROTOCOL_B_FULL_VALUES,HIGH,ACCEPTED_HIGH_CONFIDENCE,1,single_observed_value,WITHIN_MEASURED_COHORT_ORDINAL_ONLY,B4_MID_UPPER_COHORT_OCTILE,WITHIN_SAME_METRIC_SAME_COHORT_OCTILE_ONLY,11,27,NO_T90_CONVERSION_NO_AGE_DECAY_NO_GAME_RATING,"Full published participant table; values remain 50m test results, not T90 values."
A0017,繁永晟,2024,2024-11-30,50M_STANDING_START_SECONDS,6.19,seconds,LOWER_IS_FASTER,samurai_university_2024-11-30,FULL_PUBLISHED_TABLE_27,samurai_university_2024_11_30,A_PROTOCOL_B_FULL_VALUES,HIGH,ACCEPTED_HIGH_CONFIDENCE,1,single_observed_value,WITHIN_MEASURED_COHORT_ORDINAL_ONLY,B4_MID_UPPER_COHORT_OCTILE,WITHIN_SAME_METRIC_SAME_COHORT_OCTILE_ONLY,12,27,NO_T90_CONVERSION_NO_AGE_DECAY_NO_GAME_RATING,"Full published participant table; values remain 50m test results, not T90 values."
A0018,栗山雅也,2024,2024-11-30,50M_STANDING_START_SECONDS,6.19,seconds,LOWER_IS_FASTER,samurai_university_2024-11-30,FULL_PUBLISHED_TABLE_27,samurai_university_2024_11_30,A_PROTOCOL_B_FULL_VALUES,HIGH,ACCEPTED_HIGH_CONFIDENCE,1,single_observed_value,WITHIN_MEASURED_COHORT_ORDINAL_ONLY,B4_MID_UPPER_COHORT_OCTILE,WITHIN_SAME_METRIC_SAME_COHORT_OCTILE_ONLY,13,27,NO_T90_CONVERSION_NO_AGE_DECAY_NO_GAME_RATING,"Full published participant table; values remain 50m test results, not T90 values."
A0019,木本圭一,2024,2024-11-30,50M_STANDING_START_SECONDS,6.2,seconds,LOWER_IS_FASTER,samurai_university_2024-11-30,FULL_PUBLISHED_TABLE_27,samurai_university_2024_11_30,A_PROTOCOL_B_FULL_VALUES,HIGH,ACCEPTED_HIGH_CONFIDENCE,1,single_observed_value,WITHIN_MEASURED_COHORT_ORDINAL_ONLY,B5_MID_LOWER_COHORT_OCTILE,WITHIN_SAME_METRIC_SAME_COHORT_OCTILE_ONLY,14,27,NO_T90_CONVERSION_NO_AGE_DECAY_NO_GAME_RATING,"Full published participant table; values remain 50m test results, not T90 values."
A0020,那波賢人,2024,2024-11-30,50M_STANDING_START_SECONDS,6.22,seconds,LOWER_IS_FASTER,samurai_university_2024-11-30,FULL_PUBLISHED_TABLE_27,samurai_university_2024_11_30,A_PROTOCOL_B_FULL_VALUES,HIGH,ACCEPTED_HIGH_CONFIDENCE,1,single_observed_value,WITHIN_MEASURED_COHORT_ORDINAL_ONLY,B5_MID_LOWER_COHORT_OCTILE,WITHIN_SAME_METRIC_SAME_COHORT_OCTILE_ONLY,15,27,NO_T90_CONVERSION_NO_AGE_DECAY_NO_GAME_RATING,"Full published participant table; values remain 50m test results, not T90 values."
A0021,蜷川大,2024,2024-11-30,50M_STANDING_START_SECONDS,6.26,seconds,LOWER_IS_FASTER,samurai_university_2024-11-30,FULL_PUBLISHED_TABLE_27,samurai_university_2024_11_30,A_PROTOCOL_B_FULL_VALUES,HIGH,ACCEPTED_HIGH_CONFIDENCE,1,single_observed_value,WITHIN_MEASURED_COHORT_ORDINAL_ONLY,B5_MID_LOWER_COHORT_OCTILE,WITHIN_SAME_METRIC_SAME_COHORT_OCTILE_ONLY,16,27,NO_T90_CONVERSION_NO_AGE_DECAY_NO_GAME_RATING,"Full published participant table; values remain 50m test results, not T90 values."
A0022,若山空蒼,2024,2024-11-30,50M_STANDING_START_SECONDS,6.26,seconds,LOWER_IS_FASTER,samurai_university_2024-11-30,FULL_PUBLISHED_TABLE_27,samurai_university_2024_11_30,A_PROTOCOL_B_FULL_VALUES,HIGH,ACCEPTED_HIGH_CONFIDENCE,1,single_observed_value,WITHIN_MEASURED_COHORT_ORDINAL_ONLY,B6_LOWER_MID_COHORT_OCTILE,WITHIN_SAME_METRIC_SAME_COHORT_OCTILE_ONLY,17,27,NO_T90_CONVERSION_NO_AGE_DECAY_NO_GAME_RATING,"Full published participant table; values remain 50m test results, not T90 values."
A0023,小林隼翔,2024,2024-11-30,50M_STANDING_START_SECONDS,6.27,seconds,LOWER_IS_FASTER,samurai_university_2024-11-30,FULL_PUBLISHED_TABLE_27,samurai_university_2024_11_30,A_PROTOCOL_B_FULL_VALUES,HIGH,ACCEPTED_HIGH_CONFIDENCE,1,single_observed_value,WITHIN_MEASURED_COHORT_ORDINAL_ONLY,B6_LOWER_MID_COHORT_OCTILE,WITHIN_SAME_METRIC_SAME_COHORT_OCTILE_ONLY,18,27,NO_T90_CONVERSION_NO_AGE_DECAY_NO_GAME_RATING,"Full published participant table; values remain 50m test results, not T90 values."
A0024,谷端将伍,2024,2024-11-30,50M_STANDING_START_SECONDS,6.3,seconds,LOWER_IS_FASTER,samurai_university_2024-11-30,FULL_PUBLISHED_TABLE_27,samurai_university_2024_11_30,A_PROTOCOL_B_FULL_VALUES,HIGH,ACCEPTED_HIGH_CONFIDENCE,1,single_observed_value,WITHIN_MEASURED_COHORT_ORDINAL_ONLY,B6_LOWER_MID_COHORT_OCTILE,WITHIN_SAME_METRIC_SAME_COHORT_OCTILE_ONLY,19,27,NO_T90_CONVERSION_NO_AGE_DECAY_NO_GAME_RATING,"Full published participant table; values remain 50m test results, not T90 values."
A0025,前田健伸,2024,2024-11-30,50M_STANDING_START_SECONDS,6.36,seconds,LOWER_IS_FASTER,samurai_university_2024-11-30,FULL_PUBLISHED_TABLE_27,samurai_university_2024_11_30,A_PROTOCOL_B_FULL_VALUES,HIGH,ACCEPTED_HIGH_CONFIDENCE,1,single_observed_value,WITHIN_MEASURED_COHORT_ORDINAL_ONLY,B6_LOWER_MID_COHORT_OCTILE,WITHIN_SAME_METRIC_SAME_COHORT_OCTILE_ONLY,20,27,NO_T90_CONVERSION_NO_AGE_DECAY_NO_GAME_RATING,"Full published participant table; values remain 50m test results, not T90 values."
A0026,小島大河,2024,2024-11-30,50M_STANDING_START_SECONDS,6.38,seconds,LOWER_IS_FASTER,samurai_university_2024-11-30,FULL_PUBLISHED_TABLE_27,samurai_university_2024_11_30,A_PROTOCOL_B_FULL_VALUES,HIGH,ACCEPTED_HIGH_CONFIDENCE,1,single_observed_value,WITHIN_MEASURED_COHORT_ORDINAL_ONLY,B7_LOWER_COHORT_OCTILE,WITHIN_SAME_METRIC_SAME_COHORT_OCTILE_ONLY,21,27,NO_T90_CONVERSION_NO_AGE_DECAY_NO_GAME_RATING,"Full published participant table; values remain 50m test results, not T90 values."
A0027,熊谷陸,2024,2024-11-30,50M_STANDING_START_SECONDS,6.38,seconds,LOWER_IS_FASTER,samurai_university_2024-11-30,FULL_PUBLISHED_TABLE_27,samurai_university_2024_11_30,A_PROTOCOL_B_FULL_VALUES,HIGH,ACCEPTED_HIGH_CONFIDENCE,1,single_observed_value,WITHIN_MEASURED_COHORT_ORDINAL_ONLY,B7_LOWER_COHORT_OCTILE,WITHIN_SAME_METRIC_SAME_COHORT_OCTILE_ONLY,22,27,NO_T90_CONVERSION_NO_AGE_DECAY_NO_GAME_RATING,"Full published participant table; values remain 50m test results, not T90 values."
A0028,尾瀬雄大,2024,2024-11-30,50M_STANDING_START_SECONDS,6.38,seconds,LOWER_IS_FASTER,samurai_university_2024-11-30,FULL_PUBLISHED_TABLE_27,samurai_university_2024_11_30,A_PROTOCOL_B_FULL_VALUES,HIGH,ACCEPTED_HIGH_CONFIDENCE,1,single_observed_value,WITHIN_MEASURED_COHORT_ORDINAL_ONLY,B7_LOWER_COHORT_OCTILE,WITHIN_SAME_METRIC_SAME_COHORT_OCTILE_ONLY,23,27,NO_T90_CONVERSION_NO_AGE_DECAY_NO_GAME_RATING,"Full published participant table; values remain 50m test results, not T90 values."
A0029,渡辺憩,2024,2024-11-30,50M_STANDING_START_SECONDS,6.4,seconds,LOWER_IS_FASTER,samurai_university_2024-11-30,FULL_PUBLISHED_TABLE_27,samurai_university_2024_11_30,A_PROTOCOL_B_FULL_VALUES,HIGH,ACCEPTED_HIGH_CONFIDENCE,1,single_observed_value,WITHIN_MEASURED_COHORT_ORDINAL_ONLY,B8_SLOWEST_COHORT_OCTILE,WITHIN_SAME_METRIC_SAME_COHORT_OCTILE_ONLY,24,27,NO_T90_CONVERSION_NO_AGE_DECAY_NO_GAME_RATING,"Full published participant table; values remain 50m test results, not T90 values."
A0030,前嶋藍,2024,2024-11-30,50M_STANDING_START_SECONDS,6.53,seconds,LOWER_IS_FASTER,samurai_university_2024-11-30,FULL_PUBLISHED_TABLE_27,samurai_university_2024_11_30,A_PROTOCOL_B_FULL_VALUES,HIGH,ACCEPTED_HIGH_CONFIDENCE,1,single_observed_value,WITHIN_MEASURED_COHORT_ORDINAL_ONLY,B8_SLOWEST_COHORT_OCTILE,WITHIN_SAME_METRIC_SAME_COHORT_OCTILE_ONLY,25,27,NO_T90_CONVERSION_NO_AGE_DECAY_NO_GAME_RATING,"Full published participant table; values remain 50m test results, not T90 values."
A0031,渡部海,2024,2024-11-30,50M_STANDING_START_SECONDS,6.55,seconds,LOWER_IS_FASTER,samurai_university_2024-11-30,FULL_PUBLISHED_TABLE_27,samurai_university_2024_11_30,A_PROTOCOL_B_FULL_VALUES,HIGH,ACCEPTED_HIGH_CONFIDENCE,1,single_observed_value,WITHIN_MEASURED_COHORT_ORDINAL_ONLY,B8_SLOWEST_COHORT_OCTILE,WITHIN_SAME_METRIC_SAME_COHORT_OCTILE_ONLY,26,27,NO_T90_CONVERSION_NO_AGE_DECAY_NO_GAME_RATING,"Full published participant table; values remain 50m test results, not T90 values."
A0032,辻井心,2024,2024-11-30,50M_STANDING_START_SECONDS,6.87,seconds,LOWER_IS_FASTER,samurai_university_2024-11-30,FULL_PUBLISHED_TABLE_27,samurai_university_2024_11_30,A_PROTOCOL_B_FULL_VALUES,HIGH,ACCEPTED_HIGH_CONFIDENCE,1,single_observed_value,WITHIN_MEASURED_COHORT_ORDINAL_ONLY,B8_SLOWEST_COHORT_OCTILE,WITHIN_SAME_METRIC_SAME_COHORT_OCTILE_ONLY,27,27,NO_T90_CONVERSION_NO_AGE_DECAY_NO_GAME_RATING,"Full published participant table; values remain 50m test results, not T90 values."
A0033,鈴木湧陽,2026,2026-06-22,50M_STANDING_START_SECONDS,5.78,seconds,LOWER_IS_FASTER,samurai_university_2026_06_22,FULL_PUBLISHED_50M_TABLE_31,samurai_university_2026_06_22,A_PROTOCOL_B_FULL_VALUES,HIGH,ACCEPTED_HIGH_CONFIDENCE,1,single_observed_value,WITHIN_MEASURED_COHORT_ORDINAL_ONLY,B1_FASTEST_COHORT_OCTILE,WITHIN_SAME_METRIC_SAME_COHORT_OCTILE_ONLY,1,31,NO_T90_CONVERSION_NO_AGE_DECAY_NO_GAME_RATING,Full published 50m table; 30m values exist only for a public subset and are retained separately.
A0034,岡田啓吾,2026,2026-06-22,50M_STANDING_START_SECONDS,5.83,seconds,LOWER_IS_FASTER,samurai_university_2026_06_22,FULL_PUBLISHED_50M_TABLE_31,samurai_university_2026_06_22,A_PROTOCOL_B_FULL_VALUES,HIGH,ACCEPTED_HIGH_CONFIDENCE,1,single_observed_value,WITHIN_MEASURED_COHORT_ORDINAL_ONLY,B1_FASTEST_COHORT_OCTILE,WITHIN_SAME_METRIC_SAME_COHORT_OCTILE_ONLY,2,31,NO_T90_CONVERSION_NO_AGE_DECAY_NO_GAME_RATING,Full published 50m table; 30m values exist only for a public subset and are retained separately.
A0035,境亮陽,2026,2026-06-22,50M_STANDING_START_SECONDS,6.02,seconds,LOWER_IS_FASTER,samurai_university_2026_06_22,FULL_PUBLISHED_50M_TABLE_31,samurai_university_2026_06_22,A_PROTOCOL_B_FULL_VALUES,HIGH,ACCEPTED_HIGH_CONFIDENCE,1,single_observed_value,WITHIN_MEASURED_COHORT_ORDINAL_ONLY,B1_FASTEST_COHORT_OCTILE,WITHIN_SAME_METRIC_SAME_COHORT_OCTILE_ONLY,3,31,NO_T90_CONVERSION_NO_AGE_DECAY_NO_GAME_RATING,Full published 50m table; 30m values exist only for a public subset and are retained separately.
A0036,木津寿哉,2026,2026-06-22,50M_STANDING_START_SECONDS,6.02,seconds,LOWER_IS_FASTER,samurai_university_2026_06_22,FULL_PUBLISHED_50M_TABLE_31,samurai_university_2026_06_22,A_PROTOCOL_B_FULL_VALUES,HIGH,ACCEPTED_HIGH_CONFIDENCE,1,single_observed_value,WITHIN_MEASURED_COHORT_ORDINAL_ONLY,B2_UPPER_COHORT_OCTILE,WITHIN_SAME_METRIC_SAME_COHORT_OCTILE_ONLY,4,31,NO_T90_CONVERSION_NO_AGE_DECAY_NO_GAME_RATING,Full published 50m table; 30m values exist only for a public subset and are retained separately.
A0037,榊原七斗,2026,2026-06-22,50M_STANDING_START_SECONDS,6.15,seconds,LOWER_IS_FASTER,samurai_university_2026_06_22,FULL_PUBLISHED_50M_TABLE_31,samurai_university_2026_06_22,A_PROTOCOL_B_FULL_VALUES,HIGH,ACCEPTED_HIGH_CONFIDENCE,1,single_observed_value,WITHIN_MEASURED_COHORT_ORDINAL_ONLY,B2_UPPER_COHORT_OCTILE,WITHIN_SAME_METRIC_SAME_COHORT_OCTILE_ONLY,5,31,NO_T90_CONVERSION_NO_AGE_DECAY_NO_GAME_RATING,Full published 50m table; 30m values exist only for a public subset and are retained separately.
A0038,黒田義信,2026,2026-06-22,50M_STANDING_START_SECONDS,6.18,seconds,LOWER_IS_FASTER,samurai_university_2026_06_22,FULL_PUBLISHED_50M_TABLE_31,samurai_university_2026_06_22,A_PROTOCOL_B_FULL_VALUES,HIGH,ACCEPTED_HIGH_CONFIDENCE,1,single_observed_value,WITHIN_MEASURED_COHORT_ORDINAL_ONLY,B2_UPPER_COHORT_OCTILE,WITHIN_SAME_METRIC_SAME_COHORT_OCTILE_ONLY,6,31,NO_T90_CONVERSION_NO_AGE_DECAY_NO_GAME_RATING,Full published 50m table; 30m values exist only for a public subset and are retained separately.
A0039,眞邉麗生,2026,2026-06-22,50M_STANDING_START_SECONDS,6.18,seconds,LOWER_IS_FASTER,samurai_university_2026_06_22,FULL_PUBLISHED_50M_TABLE_31,samurai_university_2026_06_22,A_PROTOCOL_B_FULL_VALUES,HIGH,ACCEPTED_HIGH_CONFIDENCE,1,single_observed_value,WITHIN_MEASURED_COHORT_ORDINAL_ONLY,B2_UPPER_COHORT_OCTILE,WITHIN_SAME_METRIC_SAME_COHORT_OCTILE_ONLY,7,31,NO_T90_CONVERSION_NO_AGE_DECAY_NO_GAME_RATING,Full published 50m table; 30m values exist only for a public subset and are retained separately.
A0040,新保玖和,2026,2026-06-22,50M_STANDING_START_SECONDS,6.2,seconds,LOWER_IS_FASTER,samurai_university_2026_06_22,FULL_PUBLISHED_50M_TABLE_31,samurai_university_2026_06_22,A_PROTOCOL_B_FULL_VALUES,HIGH,ACCEPTED_HIGH_CONFIDENCE,1,single_observed_value,WITHIN_MEASURED_COHORT_ORDINAL_ONLY,B3_UPPER_MID_COHORT_OCTILE,WITHIN_SAME_METRIC_SAME_COHORT_OCTILE_ONLY,8,31,NO_T90_CONVERSION_NO_AGE_DECAY_NO_GAME_RATING,Full published 50m table; 30m values exist only for a public subset and are retained separately.
A0041,赤堀颯,2026,2026-06-22,50M_STANDING_START_SECONDS,6.24,seconds,LOWER_IS_FASTER,samurai_university_2026_06_22,FULL_PUBLISHED_50M_TABLE_31,samurai_university_2026_06_22,A_PROTOCOL_B_FULL_VALUES,HIGH,ACCEPTED_HIGH_CONFIDENCE,1,single_observed_value,WITHIN_MEASURED_COHORT_ORDINAL_ONLY,B3_UPPER_MID_COHORT_OCTILE,WITHIN_SAME_METRIC_SAME_COHORT_OCTILE_ONLY,9,31,NO_T90_CONVERSION_NO_AGE_DECAY_NO_GAME_RATING,Full published 50m table; 30m values exist only for a public subset and are retained separately.
A0042,西野啓也,2026,2026-06-22,50M_STANDING_START_SECONDS,6.28,seconds,LOWER_IS_FASTER,samurai_university_2026_06_22,FULL_PUBLISHED_50M_TABLE_31,samurai_university_2026_06_22,A_PROTOCOL_B_FULL_VALUES,HIGH,ACCEPTED_HIGH_CONFIDENCE,1,single_observed_value,WITHIN_MEASURED_COHORT_ORDINAL_ONLY,B3_UPPER_MID_COHORT_OCTILE,WITHIN_SAME_METRIC_SAME_COHORT_OCTILE_ONLY,10,31,NO_T90_CONVERSION_NO_AGE_DECAY_NO_GAME_RATING,Full published 50m table; 30m values exist only for a public subset and are retained separately.
A0043,神田剛志,2026,2026-06-22,50M_STANDING_START_SECONDS,6.28,seconds,LOWER_IS_FASTER,samurai_university_2026_06_22,FULL_PUBLISHED_50M_TABLE_31,samurai_university_2026_06_22,A_PROTOCOL_B_FULL_VALUES,HIGH,ACCEPTED_HIGH_CONFIDENCE,1,single_observed_value,WITHIN_MEASURED_COHORT_ORDINAL_ONLY,B3_UPPER_MID_COHORT_OCTILE,WITHIN_SAME_METRIC_SAME_COHORT_OCTILE_ONLY,11,31,NO_T90_CONVERSION_NO_AGE_DECAY_NO_GAME_RATING,Full published 50m table; 30m values exist only for a public subset and are retained separately.
A0044,井上和輝,2026,2026-06-22,50M_STANDING_START_SECONDS,6.29,seconds,LOWER_IS_FASTER,samurai_university_2026_06_22,FULL_PUBLISHED_50M_TABLE_31,samurai_university_2026_06_22,A_PROTOCOL_B_FULL_VALUES,HIGH,ACCEPTED_HIGH_CONFIDENCE,1,single_observed_value,WITHIN_MEASURED_COHORT_ORDINAL_ONLY,B4_MID_UPPER_COHORT_OCTILE,WITHIN_SAME_METRIC_SAME_COHORT_OCTILE_ONLY,12,31,NO_T90_CONVERSION_NO_AGE_DECAY_NO_GAME_RATING,Full published 50m table; 30m values exist only for a public subset and are retained separately.
A0045,小林隼翔,2026,2026-06-22,50M_STANDING_START_SECONDS,6.29,seconds,LOWER_IS_FASTER,samurai_university_2026_06_22,FULL_PUBLISHED_50M_TABLE_31,samurai_university_2026_06_22,A_PROTOCOL_B_FULL_VALUES,HIGH,ACCEPTED_HIGH_CONFIDENCE,1,single_observed_value,WITHIN_MEASURED_COHORT_ORDINAL_ONLY,B4_MID_UPPER_COHORT_OCTILE,WITHIN_SAME_METRIC_SAME_COHORT_OCTILE_ONLY,13,31,NO_T90_CONVERSION_NO_AGE_DECAY_NO_GAME_RATING,Full published 50m table; 30m values exist only for a public subset and are retained separately.
A0046,佐藤悠太,2026,2026-06-22,50M_STANDING_START_SECONDS,6.33,seconds,LOWER_IS_FASTER,samurai_university_2026_06_22,FULL_PUBLISHED_50M_TABLE_31,samurai_university_2026_06_22,A_PROTOCOL_B_FULL_VALUES,HIGH,ACCEPTED_HIGH_CONFIDENCE,1,single_observed_value,WITHIN_MEASURED_COHORT_ORDINAL_ONLY,B4_MID_UPPER_COHORT_OCTILE,WITHIN_SAME_METRIC_SAME_COHORT_OCTILE_ONLY,14,31,NO_T90_CONVERSION_NO_AGE_DECAY_NO_GAME_RATING,Full published 50m table; 30m values exist only for a public subset and are retained separately.
A0047,山里宝,2026,2026-06-22,50M_STANDING_START_SECONDS,6.38,seconds,LOWER_IS_FASTER,samurai_university_2026_06_22,FULL_PUBLISHED_50M_TABLE_31,samurai_university_2026_06_22,A_PROTOCOL_B_FULL_VALUES,HIGH,ACCEPTED_HIGH_CONFIDENCE,1,single_observed_value,WITHIN_MEASURED_COHORT_ORDINAL_ONLY,B4_MID_UPPER_COHORT_OCTILE,WITHIN_SAME_METRIC_SAME_COHORT_OCTILE_ONLY,15,31,NO_T90_CONVERSION_NO_AGE_DECAY_NO_GAME_RATING,Full published 50m table; 30m values exist only for a public subset and are retained separately.
A0048,渡部海,2026,2026-06-22,50M_STANDING_START_SECONDS,6.43,seconds,LOWER_IS_FASTER,samurai_university_2026_06_22,FULL_PUBLISHED_50M_TABLE_31,samurai_university_2026_06_22,A_PROTOCOL_B_FULL_VALUES,HIGH,ACCEPTED_HIGH_CONFIDENCE,1,single_observed_value,WITHIN_MEASURED_COHORT_ORDINAL_ONLY,B5_MID_LOWER_COHORT_OCTILE,WITHIN_SAME_METRIC_SAME_COHORT_OCTILE_ONLY,16,31,NO_T90_CONVERSION_NO_AGE_DECAY_NO_GAME_RATING,Full published 50m table; 30m values exist only for a public subset and are retained separately.
A0049,渡邊晃希,2026,2026-06-22,50M_STANDING_START_SECONDS,6.45,seconds,LOWER_IS_FASTER,samurai_university_2026_06_22,FULL_PUBLISHED_50M_TABLE_31,samurai_university_2026_06_22,A_PROTOCOL_B_FULL_VALUES,HIGH,ACCEPTED_HIGH_CONFIDENCE,1,single_observed_value,WITHIN_MEASURED_COHORT_ORDINAL_ONLY,B5_MID_LOWER_COHORT_OCTILE,WITHIN_SAME_METRIC_SAME_COHORT_OCTILE_ONLY,17,31,NO_T90_CONVERSION_NO_AGE_DECAY_NO_GAME_RATING,Full published 50m table; 30m values exist only for a public subset and are retained separately.
A0050,今津慶介,2026,2026-06-22,50M_STANDING_START_SECONDS,6.46,seconds,LOWER_IS_FASTER,samurai_university_2026_06_22,FULL_PUBLISHED_50M_TABLE_31,samurai_university_2026_06_22,A_PROTOCOL_B_FULL_VALUES,HIGH,ACCEPTED_HIGH_CONFIDENCE,1,single_observed_value,WITHIN_MEASURED_COHORT_ORDINAL_ONLY,B5_MID_LOWER_COHORT_OCTILE,WITHIN_SAME_METRIC_SAME_COHORT_OCTILE_ONLY,18,31,NO_T90_CONVERSION_NO_AGE_DECAY_NO_GAME_RATING,Full published 50m table; 30m values exist only for a public subset and are retained separately.
A0051,宮澤圭汰,2026,2026-06-22,50M_STANDING_START_SECONDS,6.47,seconds,LOWER_IS_FASTER,samurai_university_2026_06_22,FULL_PUBLISHED_50M_TABLE_31,samurai_university_2026_06_22,A_PROTOCOL_B_FULL_VALUES,HIGH,ACCEPTED_HIGH_CONFIDENCE,1,single_observed_value,WITHIN_MEASURED_COHORT_ORDINAL_ONLY,B5_MID_LOWER_COHORT_OCTILE,WITHIN_SAME_METRIC_SAME_COHORT_OCTILE_ONLY,19,31,NO_T90_CONVERSION_NO_AGE_DECAY_NO_GAME_RATING,Full published 50m table; 30m values exist only for a public subset and are retained separately.
A0052,春山陽登,2026,2026-06-22,50M_STANDING_START_SECONDS,6.47,seconds,LOWER_IS_FASTER,samurai_university_2026_06_22,FULL_PUBLISHED_50M_TABLE_31,samurai_university_2026_06_22,A_PROTOCOL_B_FULL_VALUES,HIGH,ACCEPTED_HIGH_CONFIDENCE,1,single_observed_value,WITHIN_MEASURED_COHORT_ORDINAL_ONLY,B6_LOWER_MID_COHORT_OCTILE,WITHIN_SAME_METRIC_SAME_COHORT_OCTILE_ONLY,20,31,NO_T90_CONVERSION_NO_AGE_DECAY_NO_GAME_RATING,Full published 50m table; 30m values exist only for a public subset and are retained separately.
A0053,真鍋慧,2026,2026-06-22,50M_STANDING_START_SECONDS,6.5,seconds,LOWER_IS_FASTER,samurai_university_2026_06_22,FULL_PUBLISHED_50M_TABLE_31,samurai_university_2026_06_22,A_PROTOCOL_B_FULL_VALUES,HIGH,ACCEPTED_HIGH_CONFIDENCE,1,single_observed_value,WITHIN_MEASURED_COHORT_ORDINAL_ONLY,B6_LOWER_MID_COHORT_OCTILE,WITHIN_SAME_METRIC_SAME_COHORT_OCTILE_ONLY,21,31,NO_T90_CONVERSION_NO_AGE_DECAY_NO_GAME_RATING,Full published 50m table; 30m values exist only for a public subset and are retained separately.
A0054,福原聖矢,2026,2026-06-22,50M_STANDING_START_SECONDS,6.52,seconds,LOWER_IS_FASTER,samurai_university_2026_06_22,FULL_PUBLISHED_50M_TABLE_31,samurai_university_2026_06_22,A_PROTOCOL_B_FULL_VALUES,HIGH,ACCEPTED_HIGH_CONFIDENCE,1,single_observed_value,WITHIN_MEASURED_COHORT_ORDINAL_ONLY,B6_LOWER_MID_COHORT_OCTILE,WITHIN_SAME_METRIC_SAME_COHORT_OCTILE_ONLY,22,31,NO_T90_CONVERSION_NO_AGE_DECAY_NO_GAME_RATING,Full published 50m table; 30m values exist only for a public subset and are retained separately.
A0055,髙岡新時,2026,2026-06-22,50M_STANDING_START_SECONDS,6.52,seconds,LOWER_IS_FASTER,samurai_university_2026_06_22,FULL_PUBLISHED_50M_TABLE_31,samurai_university_2026_06_22,A_PROTOCOL_B_FULL_VALUES,HIGH,ACCEPTED_HIGH_CONFIDENCE,1,single_observed_value,WITHIN_MEASURED_COHORT_ORDINAL_ONLY,B6_LOWER_MID_COHORT_OCTILE,WITHIN_SAME_METRIC_SAME_COHORT_OCTILE_ONLY,23,31,NO_T90_CONVERSION_NO_AGE_DECAY_NO_GAME_RATING,Full published 50m table; 30m values exist only for a public subset and are retained separately.
A0056,酒井成真,2026,2026-06-22,50M_STANDING_START_SECONDS,6.56,seconds,LOWER_IS_FASTER,samurai_university_2026_06_22,FULL_PUBLISHED_50M_TABLE_31,samurai_university_2026_06_22,A_PROTOCOL_B_FULL_VALUES,HIGH,ACCEPTED_HIGH_CONFIDENCE,1,single_observed_value,WITHIN_MEASURED_COHORT_ORDINAL_ONLY,B7_LOWER_COHORT_OCTILE,WITHIN_SAME_METRIC_SAME_COHORT_OCTILE_ONLY,24,31,NO_T90_CONVERSION_NO_AGE_DECAY_NO_GAME_RATING,Full published 50m table; 30m values exist only for a public subset and are retained separately.
A0057,三好元気,2026,2026-06-22,50M_STANDING_START_SECONDS,6.6,seconds,LOWER_IS_FASTER,samurai_university_2026_06_22,FULL_PUBLISHED_50M_TABLE_31,samurai_university_2026_06_22,A_PROTOCOL_B_FULL_VALUES,HIGH,ACCEPTED_HIGH_CONFIDENCE,1,single_observed_value,WITHIN_MEASURED_COHORT_ORDINAL_ONLY,B7_LOWER_COHORT_OCTILE,WITHIN_SAME_METRIC_SAME_COHORT_OCTILE_ONLY,25,31,NO_T90_CONVERSION_NO_AGE_DECAY_NO_GAME_RATING,Full published 50m table; 30m values exist only for a public subset and are retained separately.
A0058,中山優月,2026,2026-06-22,50M_STANDING_START_SECONDS,6.6,seconds,LOWER_IS_FASTER,samurai_university_2026_06_22,FULL_PUBLISHED_50M_TABLE_31,samurai_university_2026_06_22,A_PROTOCOL_B_FULL_VALUES,HIGH,ACCEPTED_HIGH_CONFIDENCE,1,single_observed_value,WITHIN_MEASURED_COHORT_ORDINAL_ONLY,B7_LOWER_COHORT_OCTILE,WITHIN_SAME_METRIC_SAME_COHORT_OCTILE_ONLY,26,31,NO_T90_CONVERSION_NO_AGE_DECAY_NO_GAME_RATING,Full published 50m table; 30m values exist only for a public subset and are retained separately.
A0059,林純司,2026,2026-06-22,50M_STANDING_START_SECONDS,6.63,seconds,LOWER_IS_FASTER,samurai_university_2026_06_22,FULL_PUBLISHED_50M_TABLE_31,samurai_university_2026_06_22,A_PROTOCOL_B_FULL_VALUES,HIGH,ACCEPTED_HIGH_CONFIDENCE,1,single_observed_value,WITHIN_MEASURED_COHORT_ORDINAL_ONLY,B7_LOWER_COHORT_OCTILE,WITHIN_SAME_METRIC_SAME_COHORT_OCTILE_ONLY,27,31,NO_T90_CONVERSION_NO_AGE_DECAY_NO_GAME_RATING,Full published 50m table; 30m values exist only for a public subset and are retained separately.
A0060,坪井蒼汰,2026,2026-06-22,50M_STANDING_START_SECONDS,6.73,seconds,LOWER_IS_FASTER,samurai_university_2026_06_22,FULL_PUBLISHED_50M_TABLE_31,samurai_university_2026_06_22,A_PROTOCOL_B_FULL_VALUES,HIGH,ACCEPTED_HIGH_CONFIDENCE,1,single_observed_value,WITHIN_MEASURED_COHORT_ORDINAL_ONLY,B8_SLOWEST_COHORT_OCTILE,WITHIN_SAME_METRIC_SAME_COHORT_OCTILE_ONLY,28,31,NO_T90_CONVERSION_NO_AGE_DECAY_NO_GAME_RATING,Full published 50m table; 30m values exist only for a public subset and are retained separately.
A0061,前嶋藍,2026,2026-06-22,50M_STANDING_START_SECONDS,6.76,seconds,LOWER_IS_FASTER,samurai_university_2026_06_22,FULL_PUBLISHED_50M_TABLE_31,samurai_university_2026_06_22,A_PROTOCOL_B_FULL_VALUES,HIGH,ACCEPTED_HIGH_CONFIDENCE,1,single_observed_value,WITHIN_MEASURED_COHORT_ORDINAL_ONLY,B8_SLOWEST_COHORT_OCTILE,WITHIN_SAME_METRIC_SAME_COHORT_OCTILE_ONLY,29,31,NO_T90_CONVERSION_NO_AGE_DECAY_NO_GAME_RATING,Full published 50m table; 30m values exist only for a public subset and are retained separately.
A0062,徳丸快晴,2026,2026-06-22,50M_STANDING_START_SECONDS,6.88,seconds,LOWER_IS_FASTER,samurai_university_2026_06_22,FULL_PUBLISHED_50M_TABLE_31,samurai_university_2026_06_22,A_PROTOCOL_B_FULL_VALUES,HIGH,ACCEPTED_HIGH_CONFIDENCE,1,single_observed_value,WITHIN_MEASURED_COHORT_ORDINAL_ONLY,B8_SLOWEST_COHORT_OCTILE,WITHIN_SAME_METRIC_SAME_COHORT_OCTILE_ONLY,30,31,NO_T90_CONVERSION_NO_AGE_DECAY_NO_GAME_RATING,Full published 50m table; 30m values exist only for a public subset and are retained separately.
A0063,丸山一喜,2026,2026-06-22,50M_STANDING_START_SECONDS,6.95,seconds,LOWER_IS_FASTER,samurai_university_2026_06_22,FULL_PUBLISHED_50M_TABLE_31,samurai_university_2026_06_22,A_PROTOCOL_B_FULL_VALUES,HIGH,ACCEPTED_HIGH_CONFIDENCE,1,single_observed_value,WITHIN_MEASURED_COHORT_ORDINAL_ONLY,B8_SLOWEST_COHORT_OCTILE,WITHIN_SAME_METRIC_SAME_COHORT_OCTILE_ONLY,31,31,NO_T90_CONVERSION_NO_AGE_DECAY_NO_GAME_RATING,Full published 50m table; 30m values exist only for a public subset and are retained separately.
A0064,宮崎一樹,2022,2022-12-04,50M_STANDING_START_SECONDS,5.91,seconds,LOWER_IS_FASTER,samurai_university_2022_12_04,OFFICIAL_REPORTED_VALUES_ONLY,samurai_university_2022_12_04,A,HIGH,ACCEPTED_HIGH_CONFIDENCE,1,single_published_value,WITHIN_MEASURED_COHORT_ORDINAL_ONLY,B2_UPPER_COHORT_OCTILE,WITHIN_SAME_METRIC_SAME_COHORT_OCTILE_ONLY,1,4,NO_T90_CONVERSION_NO_AGE_DECAY_NO_GAME_RATING,Small published result set; usable only as a same-session physical ordinal anchor.
A0065,松浦佑星,2022,2022-12-04,50M_STANDING_START_SECONDS,5.95,seconds,LOWER_IS_FASTER,samurai_university_2022_12_04,OFFICIAL_REPORTED_VALUES_ONLY,samurai_university_2022_12_04,A,HIGH,ACCEPTED_HIGH_CONFIDENCE,1,single_published_value,WITHIN_MEASURED_COHORT_ORDINAL_ONLY,B4_MID_UPPER_COHORT_OCTILE,WITHIN_SAME_METRIC_SAME_COHORT_OCTILE_ONLY,2,4,NO_T90_CONVERSION_NO_AGE_DECAY_NO_GAME_RATING,Small published result set; usable only as a same-session physical ordinal anchor.
A0066,中島大輔,2022,2022-12-04,50M_STANDING_START_SECONDS,5.98,seconds,LOWER_IS_FASTER,samurai_university_2022_12_04,OFFICIAL_REPORTED_VALUES_ONLY,samurai_university_2022_12_04,A,HIGH,ACCEPTED_HIGH_CONFIDENCE,1,single_published_value,WITHIN_MEASURED_COHORT_ORDINAL_ONLY,B6_LOWER_MID_COHORT_OCTILE,WITHIN_SAME_METRIC_SAME_COHORT_OCTILE_ONLY,3,4,NO_T90_CONVERSION_NO_AGE_DECAY_NO_GAME_RATING,Small published result set; usable only as a same-session physical ordinal anchor.
A0067,渡部聖弥,2022,2022-12-04,50M_STANDING_START_SECONDS,6.15,seconds,LOWER_IS_FASTER,samurai_university_2022_12_04,OFFICIAL_REPORTED_VALUES_ONLY,samurai_university_2022_12_04,A,HIGH,ACCEPTED_HIGH_CONFIDENCE,1,single_published_value,WITHIN_MEASURED_COHORT_ORDINAL_ONLY,B8_SLOWEST_COHORT_OCTILE,WITHIN_SAME_METRIC_SAME_COHORT_OCTILE_ONLY,4,4,NO_T90_CONVERSION_NO_AGE_DECAY_NO_GAME_RATING,Small published result set; usable only as a same-session physical ordinal anchor.
A0068,宮崎一樹,2023,2023-06-17,50M_STANDING_START_SECONDS,5.94,seconds,LOWER_IS_FASTER,samurai_university_2023_06_17,OFFICIAL_REPORTED_VALUES_ONLY,samurai_university_2023_06_17,A,HIGH,ACCEPTED_HIGH_CONFIDENCE,1,single_published_value,WITHIN_MEASURED_COHORT_ORDINAL_ONLY,B3_UPPER_MID_COHORT_OCTILE,WITHIN_SAME_METRIC_SAME_COHORT_OCTILE_ONLY,1,3,NO_T90_CONVERSION_NO_AGE_DECAY_NO_GAME_RATING,Small published result set; usable only as a same-session physical ordinal anchor.
A0069,飯森太慈,2023,2023-06-17,50M_STANDING_START_SECONDS,5.94,seconds,LOWER_IS_FASTER,samurai_university_2023_06_17,OFFICIAL_REPORTED_VALUES_ONLY,samurai_university_2023_06_17,A,HIGH,ACCEPTED_HIGH_CONFIDENCE,1,single_published_value,WITHIN_MEASURED_COHORT_ORDINAL_ONLY,B6_LOWER_MID_COHORT_OCTILE,WITHIN_SAME_METRIC_SAME_COHORT_OCTILE_ONLY,2,3,NO_T90_CONVERSION_NO_AGE_DECAY_NO_GAME_RATING,Small published result set; usable only as a same-session physical ordinal anchor.
A0070,中島大輔,2023,2023-06-17,50M_STANDING_START_SECONDS,5.96,seconds,LOWER_IS_FASTER,samurai_university_2023_06_17,OFFICIAL_REPORTED_VALUES_ONLY,samurai_university_2023_06_17,A,HIGH,ACCEPTED_HIGH_CONFIDENCE,1,single_published_value,WITHIN_MEASURED_COHORT_ORDINAL_ONLY,B8_SLOWEST_COHORT_OCTILE,WITHIN_SAME_METRIC_SAME_COHORT_OCTILE_ONLY,3,3,NO_T90_CONVERSION_NO_AGE_DECAY_NO_GAME_RATING,Small published result set; usable only as a same-session physical ordinal anchor.
A0071,松川玲央,2023,2023-12-03,50M_STANDING_START_SECONDS,5.88,seconds,LOWER_IS_FASTER,samurai_university_2023_12_03,OFFICIAL_REPORTED_VALUES_ONLY,samurai_university_2023_12_03,A,HIGH,ACCEPTED_HIGH_CONFIDENCE,1,single_published_value,WITHIN_MEASURED_COHORT_ORDINAL_ONLY,B3_UPPER_MID_COHORT_OCTILE,WITHIN_SAME_METRIC_SAME_COHORT_OCTILE_ONLY,1,3,NO_T90_CONVERSION_NO_AGE_DECAY_NO_GAME_RATING,Small published result set; usable only as a same-session physical ordinal anchor.
A0072,藤澤涼介,2023,2023-12-03,50M_STANDING_START_SECONDS,5.97,seconds,LOWER_IS_FASTER,samurai_university_2023_12_03,OFFICIAL_REPORTED_VALUES_ONLY,samurai_university_2023_12_03,A,HIGH,ACCEPTED_HIGH_CONFIDENCE,1,single_published_value,WITHIN_MEASURED_COHORT_ORDINAL_ONLY,B6_LOWER_MID_COHORT_OCTILE,WITHIN_SAME_METRIC_SAME_COHORT_OCTILE_ONLY,2,3,NO_T90_CONVERSION_NO_AGE_DECAY_NO_GAME_RATING,Small published result set; usable only as a same-session physical ordinal anchor.
A0073,浦田俊輔,2023,2023-12-03,50M_STANDING_START_SECONDS,5.99,seconds,LOWER_IS_FASTER,samurai_university_2023_12_03,OFFICIAL_REPORTED_VALUES_ONLY,samurai_university_2023_12_03,A,HIGH,ACCEPTED_HIGH_CONFIDENCE,1,single_published_value,WITHIN_MEASURED_COHORT_ORDINAL_ONLY,B8_SLOWEST_COHORT_OCTILE,WITHIN_SAME_METRIC_SAME_COHORT_OCTILE_ONLY,3,3,NO_T90_CONVERSION_NO_AGE_DECAY_NO_GAME_RATING,Small published result set; usable only as a same-session physical ordinal anchor.
A0074,井上和輝,2025,2025-12-07,50M_STANDING_START_SECONDS,6.29,seconds,LOWER_IS_FASTER,samurai_university_2025_12_07,PUBLISHED_PARTICIPANT_COHORT_35,samurai_university_2025_12_07,A_PROTOCOL_B_FULL_VALUES,HIGH,ACCEPTED_HIGH_CONFIDENCE,1,single_published_value,WITHIN_MEASURED_COHORT_ORDINAL_ONLY,B4_MID_UPPER_COHORT_OCTILE,WITHIN_SAME_METRIC_SAME_COHORT_OCTILE_ONLY,17,35,NO_T90_CONVERSION_NO_AGE_DECAY_NO_GAME_RATING,Small published result set; usable only as a same-session physical ordinal anchor.
A0075,落合智哉,2025,2025-12-07,50M_STANDING_START_SECONDS,6.31,seconds,LOWER_IS_FASTER,samurai_university_2025_12_07,PUBLISHED_PARTICIPANT_COHORT_35,samurai_university_2025_12_07,A_PROTOCOL_B_FULL_VALUES,HIGH,ACCEPTED_HIGH_CONFIDENCE,1,single_published_value,WITHIN_MEASURED_COHORT_ORDINAL_ONLY,B5_MID_LOWER_COHORT_OCTILE,WITHIN_SAME_METRIC_SAME_COHORT_OCTILE_ONLY,20,35,NO_T90_CONVERSION_NO_AGE_DECAY_NO_GAME_RATING,Small published result set; usable only as a same-session physical ordinal anchor.
A0076,渡部海,2025,2025-12-07,50M_STANDING_START_SECONDS,6.41,seconds,LOWER_IS_FASTER,samurai_university_2025_12_07,PUBLISHED_PARTICIPANT_COHORT_35,samurai_university_2025_12_07,A_PROTOCOL_B_FULL_VALUES,HIGH,ACCEPTED_HIGH_CONFIDENCE,1,single_published_value,WITHIN_MEASURED_COHORT_ORDINAL_ONLY,B6_LOWER_MID_COHORT_OCTILE,WITHIN_SAME_METRIC_SAME_COHORT_OCTILE_ONLY,24,35,NO_T90_CONVERSION_NO_AGE_DECAY_NO_GAME_RATING,Small published result set; usable only as a same-session physical ordinal anchor.
A0077,前嶋藍,2025,2025-12-07,50M_STANDING_START_SECONDS,6.77,seconds,LOWER_IS_FASTER,samurai_university_2025_12_07,PUBLISHED_PARTICIPANT_COHORT_35,samurai_university_2025_12_07,A_PROTOCOL_B_FULL_VALUES,HIGH,ACCEPTED_HIGH_CONFIDENCE,1,single_published_value,WITHIN_MEASURED_COHORT_ORDINAL_ONLY,B8_SLOWEST_COHORT_OCTILE,WITHIN_SAME_METRIC_SAME_COHORT_OCTILE_ONLY,35,35,NO_T90_CONVERSION_NO_AGE_DECAY_NO_GAME_RATING,Small published result set; usable only as a same-session physical ordinal anchor.
A0078,西野啓也,2025,2025-12-07,50M_STANDING_START_SECONDS,6.27,seconds,LOWER_IS_FASTER,samurai_university_2025_12_07,PUBLISHED_PARTICIPANT_COHORT_35,samurai_university_2025_12_07,A_PROTOCOL_B_FULL_VALUES,HIGH,ACCEPTED_HIGH_CONFIDENCE,1,single_published_value,WITHIN_MEASURED_COHORT_ORDINAL_ONLY,B3_UPPER_MID_COHORT_OCTILE,WITHIN_SAME_METRIC_SAME_COHORT_OCTILE_ONLY,12,35,NO_T90_CONVERSION_NO_AGE_DECAY_NO_GAME_RATING,Small published result set; usable only as a same-session physical ordinal anchor.
A0079,林大心,2025,2025-12-07,50M_STANDING_START_SECONDS,6.6,seconds,LOWER_IS_FASTER,samurai_university_2025_12_07,PUBLISHED_PARTICIPANT_COHORT_35,samurai_university_2025_12_07,A_PROTOCOL_B_FULL_VALUES,HIGH,ACCEPTED_HIGH_CONFIDENCE,1,single_published_value,WITHIN_MEASURED_COHORT_ORDINAL_ONLY,B8_SLOWEST_COHORT_OCTILE,WITHIN_SAME_METRIC_SAME_COHORT_OCTILE_ONLY,32,35,NO_T90_CONVERSION_NO_AGE_DECAY_NO_GAME_RATING,Small published result set; usable only as a same-session physical ordinal anchor.
A0080,松山優太,2025,2025-12-07,50M_STANDING_START_SECONDS,6.48,seconds,LOWER_IS_FASTER,samurai_university_2025_12_07,PUBLISHED_PARTICIPANT_COHORT_35,samurai_university_2025_12_07,A_PROTOCOL_B_FULL_VALUES,HIGH,ACCEPTED_HIGH_CONFIDENCE,1,single_published_value,WITHIN_MEASURED_COHORT_ORDINAL_ONLY,B7_LOWER_COHORT_OCTILE,WITHIN_SAME_METRIC_SAME_COHORT_OCTILE_ONLY,29,35,NO_T90_CONVERSION_NO_AGE_DECAY_NO_GAME_RATING,Small published result set; usable only as a same-session physical ordinal anchor.
A0081,小島慎也,2025,2025-12-07,50M_STANDING_START_SECONDS,6.24,seconds,LOWER_IS_FASTER,samurai_university_2025_12_07,PUBLISHED_PARTICIPANT_COHORT_35,samurai_university_2025_12_07,A_PROTOCOL_B_FULL_VALUES,HIGH,ACCEPTED_HIGH_CONFIDENCE,2,minimum_of_published_same_session_trials,WITHIN_MEASURED_COHORT_ORDINAL_ONLY,B3_UPPER_MID_COHORT_OCTILE,WITHIN_SAME_METRIC_SAME_COHORT_OCTILE_ONLY,10,35,NO_T90_CONVERSION_NO_AGE_DECAY_NO_GAME_RATING,Session-minimum selection is descriptive; no cross-session precision or performance adjustment is assumed.
A0082,笹田海風,2025,2025-12-07,50M_STANDING_START_SECONDS,6.28,seconds,LOWER_IS_FASTER,samurai_university_2025_12_07,PUBLISHED_PARTICIPANT_COHORT_35,samurai_university_2025_12_07,A_PROTOCOL_B_FULL_VALUES,HIGH,ACCEPTED_HIGH_CONFIDENCE,2,minimum_of_published_same_session_trials,WITHIN_MEASURED_COHORT_ORDINAL_ONLY,B4_MID_UPPER_COHORT_OCTILE,WITHIN_SAME_METRIC_SAME_COHORT_OCTILE_ONLY,15,35,NO_T90_CONVERSION_NO_AGE_DECAY_NO_GAME_RATING,Session-minimum selection is descriptive; no cross-session precision or performance adjustment is assumed.
A0083,真鍋慧,2025,2025-12-07,50M_STANDING_START_SECONDS,6.31,seconds,LOWER_IS_FASTER,samurai_university_2025_12_07,PUBLISHED_PARTICIPANT_COHORT_35,samurai_university_2025_12_07,A_PROTOCOL_B_FULL_VALUES,HIGH,ACCEPTED_HIGH_CONFIDENCE,2,minimum_of_published_same_session_trials,WITHIN_MEASURED_COHORT_ORDINAL_ONLY,B5_MID_LOWER_COHORT_OCTILE,WITHIN_SAME_METRIC_SAME_COHORT_OCTILE_ONLY,21,35,NO_T90_CONVERSION_NO_AGE_DECAY_NO_GAME_RATING,Session-minimum selection is descriptive; no cross-session precision or performance adjustment is assumed.
A0084,岡田啓吾,2025,2025-12-07,50M_STANDING_START_SECONDS,5.69,seconds,LOWER_IS_FASTER,samurai_university_2025_12_07,PUBLISHED_PARTICIPANT_COHORT_35,samurai_university_2025_12_07,A_PROTOCOL_B_FULL_VALUES,HIGH,ACCEPTED_HIGH_CONFIDENCE,2,minimum_of_published_same_session_trials,WITHIN_MEASURED_COHORT_ORDINAL_ONLY,B1_FASTEST_COHORT_OCTILE,WITHIN_SAME_METRIC_SAME_COHORT_OCTILE_ONLY,1,35,NO_T90_CONVERSION_NO_AGE_DECAY_NO_GAME_RATING,Session-minimum selection is descriptive; no cross-session precision or performance adjustment is assumed.
A0085,山里宝,2025,2025-12-07,50M_STANDING_START_SECONDS,6.28,seconds,LOWER_IS_FASTER,samurai_university_2025_12_07,PUBLISHED_PARTICIPANT_COHORT_35,samurai_university_2025_12_07,A_PROTOCOL_B_FULL_VALUES,HIGH,ACCEPTED_HIGH_CONFIDENCE,1,single_published_value,WITHIN_MEASURED_COHORT_ORDINAL_ONLY,B4_MID_UPPER_COHORT_OCTILE,WITHIN_SAME_METRIC_SAME_COHORT_OCTILE_ONLY,16,35,NO_T90_CONVERSION_NO_AGE_DECAY_NO_GAME_RATING,Small published result set; usable only as a same-session physical ordinal anchor.
A0086,鈴木斗偉,2025,2025-12-07,50M_STANDING_START_SECONDS,6.3,seconds,LOWER_IS_FASTER,samurai_university_2025_12_07,PUBLISHED_PARTICIPANT_COHORT_35,samurai_university_2025_12_07,A_PROTOCOL_B_FULL_VALUES,HIGH,ACCEPTED_HIGH_CONFIDENCE,2,minimum_of_published_same_session_trials,WITHIN_MEASURED_COHORT_ORDINAL_ONLY,B5_MID_LOWER_COHORT_OCTILE,WITHIN_SAME_METRIC_SAME_COHORT_OCTILE_ONLY,19,35,NO_T90_CONVERSION_NO_AGE_DECAY_NO_GAME_RATING,Session-minimum selection is descriptive; no cross-session precision or performance adjustment is assumed.
A0087,木切倉稜真,2025,2025-12-07,50M_STANDING_START_SECONDS,6.63,seconds,LOWER_IS_FASTER,samurai_university_2025_12_07,PUBLISHED_PARTICIPANT_COHORT_35,samurai_university_2025_12_07,A_PROTOCOL_B_FULL_VALUES,HIGH,ACCEPTED_HIGH_CONFIDENCE,2,minimum_of_published_same_session_trials,WITHIN_MEASURED_COHORT_ORDINAL_ONLY,B8_SLOWEST_COHORT_OCTILE,WITHIN_SAME_METRIC_SAME_COHORT_OCTILE_ONLY,33,35,NO_T90_CONVERSION_NO_AGE_DECAY_NO_GAME_RATING,Session-minimum selection is descriptive; no cross-session precision or performance adjustment is assumed.
A0088,梅澤蒼空,2025,2025-12-07,50M_STANDING_START_SECONDS,6.63,seconds,LOWER_IS_FASTER,samurai_university_2025_12_07,PUBLISHED_PARTICIPANT_COHORT_35,samurai_university_2025_12_07,A_PROTOCOL_B_FULL_VALUES,HIGH,ACCEPTED_HIGH_CONFIDENCE,2,minimum_of_published_same_session_trials,WITHIN_MEASURED_COHORT_ORDINAL_ONLY,B8_SLOWEST_COHORT_OCTILE,WITHIN_SAME_METRIC_SAME_COHORT_OCTILE_ONLY,34,35,NO_T90_CONVERSION_NO_AGE_DECAY_NO_GAME_RATING,Session-minimum selection is descriptive; no cross-session precision or performance adjustment is assumed.
A0089,川合錬磨,2025,2025-12-07,50M_STANDING_START_SECONDS,6.29,seconds,LOWER_IS_FASTER,samurai_university_2025_12_07,PUBLISHED_PARTICIPANT_COHORT_35,samurai_university_2025_12_07,A_PROTOCOL_B_FULL_VALUES,HIGH,ACCEPTED_HIGH_CONFIDENCE,2,minimum_of_published_same_session_trials,WITHIN_MEASURED_COHORT_ORDINAL_ONLY,B5_MID_LOWER_COHORT_OCTILE,WITHIN_SAME_METRIC_SAME_COHORT_OCTILE_ONLY,18,35,NO_T90_CONVERSION_NO_AGE_DECAY_NO_GAME_RATING,Session-minimum selection is descriptive; no cross-session precision or performance adjustment is assumed.
A0090,新保玖和,2025,2025-12-07,50M_STANDING_START_SECONDS,6.14,seconds,LOWER_IS_FASTER,samurai_university_2025_12_07,PUBLISHED_PARTICIPANT_COHORT_35,samurai_university_2025_12_07,A_PROTOCOL_B_FULL_VALUES,HIGH,ACCEPTED_HIGH_CONFIDENCE,2,minimum_of_published_same_session_trials,WITHIN_MEASURED_COHORT_ORDINAL_ONLY,B3_UPPER_MID_COHORT_OCTILE,WITHIN_SAME_METRIC_SAME_COHORT_OCTILE_ONLY,9,35,NO_T90_CONVERSION_NO_AGE_DECAY_NO_GAME_RATING,Session-minimum selection is descriptive; no cross-session precision or performance adjustment is assumed.
A0091,光弘帆高,2025,2025-12-07,50M_STANDING_START_SECONDS,6.42,seconds,LOWER_IS_FASTER,samurai_university_2025_12_07,PUBLISHED_PARTICIPANT_COHORT_35,samurai_university_2025_12_07,A_PROTOCOL_B_FULL_VALUES,HIGH,ACCEPTED_HIGH_CONFIDENCE,2,minimum_of_published_same_session_trials,WITHIN_MEASURED_COHORT_ORDINAL_ONLY,B6_LOWER_MID_COHORT_OCTILE,WITHIN_SAME_METRIC_SAME_COHORT_OCTILE_ONLY,25,35,NO_T90_CONVERSION_NO_AGE_DECAY_NO_GAME_RATING,Session-minimum selection is descriptive; no cross-session precision or performance adjustment is assumed.
A0092,小林隼翔,2025,2025-12-07,50M_STANDING_START_SECONDS,6.27,seconds,LOWER_IS_FASTER,samurai_university_2025_12_07,PUBLISHED_PARTICIPANT_COHORT_35,samurai_university_2025_12_07,A_PROTOCOL_B_FULL_VALUES,HIGH,ACCEPTED_HIGH_CONFIDENCE,2,minimum_of_published_same_session_trials,WITHIN_MEASURED_COHORT_ORDINAL_ONLY,B3_UPPER_MID_COHORT_OCTILE,WITHIN_SAME_METRIC_SAME_COHORT_OCTILE_ONLY,13,35,NO_T90_CONVERSION_NO_AGE_DECAY_NO_GAME_RATING,Session-minimum selection is descriptive; no cross-session precision or performance adjustment is assumed.
A0093,緒方漣,2025,2025-12-07,50M_STANDING_START_SECONDS,6.59,seconds,LOWER_IS_FASTER,samurai_university_2025_12_07,PUBLISHED_PARTICIPANT_COHORT_35,samurai_university_2025_12_07,A_PROTOCOL_B_FULL_VALUES,HIGH,ACCEPTED_HIGH_CONFIDENCE,2,minimum_of_published_same_session_trials,WITHIN_MEASURED_COHORT_ORDINAL_ONLY,B8_SLOWEST_COHORT_OCTILE,WITHIN_SAME_METRIC_SAME_COHORT_OCTILE_ONLY,31,35,NO_T90_CONVERSION_NO_AGE_DECAY_NO_GAME_RATING,Session-minimum selection is descriptive; no cross-session precision or performance adjustment is assumed.
A0094,吉田祐大,2025,2025-12-07,50M_STANDING_START_SECONDS,6.47,seconds,LOWER_IS_FASTER,samurai_university_2025_12_07,PUBLISHED_PARTICIPANT_COHORT_35,samurai_university_2025_12_07,A_PROTOCOL_B_FULL_VALUES,HIGH,ACCEPTED_HIGH_CONFIDENCE,2,minimum_of_published_same_session_trials,WITHIN_MEASURED_COHORT_ORDINAL_ONLY,B7_LOWER_COHORT_OCTILE,WITHIN_SAME_METRIC_SAME_COHORT_OCTILE_ONLY,28,35,NO_T90_CONVERSION_NO_AGE_DECAY_NO_GAME_RATING,Session-minimum selection is descriptive; no cross-session precision or performance adjustment is assumed.
A0095,西浦真平,2025,2025-12-07,50M_STANDING_START_SECONDS,6.44,seconds,LOWER_IS_FASTER,samurai_university_2025_12_07,PUBLISHED_PARTICIPANT_COHORT_35,samurai_university_2025_12_07,A_PROTOCOL_B_FULL_VALUES,HIGH,ACCEPTED_HIGH_CONFIDENCE,2,minimum_of_published_same_session_trials,WITHIN_MEASURED_COHORT_ORDINAL_ONLY,B7_LOWER_COHORT_OCTILE,WITHIN_SAME_METRIC_SAME_COHORT_OCTILE_ONLY,27,35,NO_T90_CONVERSION_NO_AGE_DECAY_NO_GAME_RATING,Session-minimum selection is descriptive; no cross-session precision or performance adjustment is assumed.
A0096,佐藤悠太,2025,2025-12-07,50M_STANDING_START_SECONDS,6.51,seconds,LOWER_IS_FASTER,samurai_university_2025_12_07,PUBLISHED_PARTICIPANT_COHORT_35,samurai_university_2025_12_07,A_PROTOCOL_B_FULL_VALUES,HIGH,ACCEPTED_HIGH_CONFIDENCE,2,minimum_of_published_same_session_trials,WITHIN_MEASURED_COHORT_ORDINAL_ONLY,B7_LOWER_COHORT_OCTILE,WITHIN_SAME_METRIC_SAME_COHORT_OCTILE_ONLY,30,35,NO_T90_CONVERSION_NO_AGE_DECAY_NO_GAME_RATING,Session-minimum selection is descriptive; no cross-session precision or performance adjustment is assumed.
A0097,黒田義信,2025,2025-12-07,50M_STANDING_START_SECONDS,6.07,seconds,LOWER_IS_FASTER,samurai_university_2025_12_07,PUBLISHED_PARTICIPANT_COHORT_35,samurai_university_2025_12_07,A_PROTOCOL_B_FULL_VALUES,HIGH,ACCEPTED_HIGH_CONFIDENCE,2,minimum_of_published_same_session_trials,WITHIN_MEASURED_COHORT_ORDINAL_ONLY,B2_UPPER_COHORT_OCTILE,WITHIN_SAME_METRIC_SAME_COHORT_OCTILE_ONLY,8,35,NO_T90_CONVERSION_NO_AGE_DECAY_NO_GAME_RATING,Session-minimum selection is descriptive; no cross-session precision or performance adjustment is assumed.
A0098,榊原七斗,2025,2025-12-07,50M_STANDING_START_SECONDS,5.99,seconds,LOWER_IS_FASTER,samurai_university_2025_12_07,PUBLISHED_PARTICIPANT_COHORT_35,samurai_university_2025_12_07,A_PROTOCOL_B_FULL_VALUES,HIGH,ACCEPTED_HIGH_CONFIDENCE,2,minimum_of_published_same_session_trials,WITHIN_MEASURED_COHORT_ORDINAL_ONLY,B2_UPPER_COHORT_OCTILE,WITHIN_SAME_METRIC_SAME_COHORT_OCTILE_ONLY,5,35,NO_T90_CONVERSION_NO_AGE_DECAY_NO_GAME_RATING,Session-minimum selection is descriptive; no cross-session precision or performance adjustment is assumed.
A0099,境亮陽,2025,2025-12-07,50M_STANDING_START_SECONDS,5.92,seconds,LOWER_IS_FASTER,samurai_university_2025_12_07,PUBLISHED_PARTICIPANT_COHORT_35,samurai_university_2025_12_07,A_PROTOCOL_B_FULL_VALUES,HIGH,ACCEPTED_HIGH_CONFIDENCE,2,minimum_of_published_same_session_trials,WITHIN_MEASURED_COHORT_ORDINAL_ONLY,B1_FASTEST_COHORT_OCTILE,WITHIN_SAME_METRIC_SAME_COHORT_OCTILE_ONLY,3,35,NO_T90_CONVERSION_NO_AGE_DECAY_NO_GAME_RATING,Session-minimum selection is descriptive; no cross-session precision or performance adjustment is assumed.
A0100,寺尾拳聖,2025,2025-12-07,50M_STANDING_START_SECONDS,6.27,seconds,LOWER_IS_FASTER,samurai_university_2025_12_07,PUBLISHED_PARTICIPANT_COHORT_35,samurai_university_2025_12_07,A_PROTOCOL_B_FULL_VALUES,HIGH,ACCEPTED_HIGH_CONFIDENCE,2,minimum_of_published_same_session_trials,WITHIN_MEASURED_COHORT_ORDINAL_ONLY,B4_MID_UPPER_COHORT_OCTILE,WITHIN_SAME_METRIC_SAME_COHORT_OCTILE_ONLY,14,35,NO_T90_CONVERSION_NO_AGE_DECAY_NO_GAME_RATING,Session-minimum selection is descriptive; no cross-session precision or performance adjustment is assumed.
A0101,眞邉麗生,2025,2025-12-07,50M_STANDING_START_SECONDS,6.03,seconds,LOWER_IS_FASTER,samurai_university_2025_12_07,PUBLISHED_PARTICIPANT_COHORT_35,samurai_university_2025_12_07,A_PROTOCOL_B_FULL_VALUES,HIGH,ACCEPTED_HIGH_CONFIDENCE,2,minimum_of_published_same_session_trials,WITHIN_MEASURED_COHORT_ORDINAL_ONLY,B2_UPPER_COHORT_OCTILE,WITHIN_SAME_METRIC_SAME_COHORT_OCTILE_ONLY,7,35,NO_T90_CONVERSION_NO_AGE_DECAY_NO_GAME_RATING,Session-minimum selection is descriptive; no cross-session precision or performance adjustment is assumed.
A0102,三好元気,2025,2025-12-07,50M_STANDING_START_SECONDS,6.34,seconds,LOWER_IS_FASTER,samurai_university_2025_12_07,PUBLISHED_PARTICIPANT_COHORT_35,samurai_university_2025_12_07,A_PROTOCOL_B_FULL_VALUES,HIGH,ACCEPTED_HIGH_CONFIDENCE,2,minimum_of_published_same_session_trials,WITHIN_MEASURED_COHORT_ORDINAL_ONLY,B6_LOWER_MID_COHORT_OCTILE,WITHIN_SAME_METRIC_SAME_COHORT_OCTILE_ONLY,22,35,NO_T90_CONVERSION_NO_AGE_DECAY_NO_GAME_RATING,Session-minimum selection is descriptive; no cross-session precision or performance adjustment is assumed.
A0103,岩田悠聖,2025,2025-12-07,50M_STANDING_START_SECONDS,6.39,seconds,LOWER_IS_FASTER,samurai_university_2025_12_07,PUBLISHED_PARTICIPANT_COHORT_35,samurai_university_2025_12_07,A_PROTOCOL_B_FULL_VALUES,HIGH,ACCEPTED_HIGH_CONFIDENCE,2,minimum_of_published_same_session_trials,WITHIN_MEASURED_COHORT_ORDINAL_ONLY,B6_LOWER_MID_COHORT_OCTILE,WITHIN_SAME_METRIC_SAME_COHORT_OCTILE_ONLY,23,35,NO_T90_CONVERSION_NO_AGE_DECAY_NO_GAME_RATING,Session-minimum selection is descriptive; no cross-session precision or performance adjustment is assumed.
A0104,星野大和,2025,2025-12-07,50M_STANDING_START_SECONDS,6.02,seconds,LOWER_IS_FASTER,samurai_university_2025_12_07,PUBLISHED_PARTICIPANT_COHORT_35,samurai_university_2025_12_07,A_PROTOCOL_B_FULL_VALUES,HIGH,ACCEPTED_HIGH_CONFIDENCE,2,minimum_of_published_same_session_trials,WITHIN_MEASURED_COHORT_ORDINAL_ONLY,B2_UPPER_COHORT_OCTILE,WITHIN_SAME_METRIC_SAME_COHORT_OCTILE_ONLY,6,35,NO_T90_CONVERSION_NO_AGE_DECAY_NO_GAME_RATING,Session-minimum selection is descriptive; no cross-session precision or performance adjustment is assumed.
A0105,春山陽登,2025,2025-12-07,50M_STANDING_START_SECONDS,6.26,seconds,LOWER_IS_FASTER,samurai_university_2025_12_07,PUBLISHED_PARTICIPANT_COHORT_35,samurai_university_2025_12_07,A_PROTOCOL_B_FULL_VALUES,HIGH,ACCEPTED_HIGH_CONFIDENCE,2,minimum_of_published_same_session_trials,WITHIN_MEASURED_COHORT_ORDINAL_ONLY,B3_UPPER_MID_COHORT_OCTILE,WITHIN_SAME_METRIC_SAME_COHORT_OCTILE_ONLY,11,35,NO_T90_CONVERSION_NO_AGE_DECAY_NO_GAME_RATING,Session-minimum selection is descriptive; no cross-session precision or performance adjustment is assumed.
A0106,市橋昂士,2025,2025-12-07,50M_STANDING_START_SECONDS,5.91,seconds,LOWER_IS_FASTER,samurai_university_2025_12_07,PUBLISHED_PARTICIPANT_COHORT_35,samurai_university_2025_12_07,A_PROTOCOL_B_FULL_VALUES,HIGH,ACCEPTED_HIGH_CONFIDENCE,2,minimum_of_published_same_session_trials,WITHIN_MEASURED_COHORT_ORDINAL_ONLY,B1_FASTEST_COHORT_OCTILE,WITHIN_SAME_METRIC_SAME_COHORT_OCTILE_ONLY,2,35,NO_T90_CONVERSION_NO_AGE_DECAY_NO_GAME_RATING,Session-minimum selection is descriptive; no cross-session precision or performance adjustment is assumed.
A0107,田上夏衣,2025,2025-12-07,50M_STANDING_START_SECONDS,5.92,seconds,LOWER_IS_FASTER,samurai_university_2025_12_07,PUBLISHED_PARTICIPANT_COHORT_35,samurai_university_2025_12_07,A_PROTOCOL_B_FULL_VALUES,HIGH,ACCEPTED_HIGH_CONFIDENCE,2,minimum_of_published_same_session_trials,WITHIN_MEASURED_COHORT_ORDINAL_ONLY,B1_FASTEST_COHORT_OCTILE,WITHIN_SAME_METRIC_SAME_COHORT_OCTILE_ONLY,4,35,NO_T90_CONVERSION_NO_AGE_DECAY_NO_GAME_RATING,Session-minimum selection is descriptive; no cross-session precision or performance adjustment is assumed.
A0108,中山優月,2025,2025-12-07,50M_STANDING_START_SECONDS,6.42,seconds,LOWER_IS_FASTER,samurai_university_2025_12_07,PUBLISHED_PARTICIPANT_COHORT_35,samurai_university_2025_12_07,A_PROTOCOL_B_FULL_VALUES,HIGH,ACCEPTED_HIGH_CONFIDENCE,2,minimum_of_published_same_session_trials,WITHIN_MEASURED_COHORT_ORDINAL_ONLY,B6_LOWER_MID_COHORT_OCTILE,WITHIN_SAME_METRIC_SAME_COHORT_OCTILE_ONLY,26,35,NO_T90_CONVERSION_NO_AGE_DECAY_NO_GAME_RATING,Session-minimum selection is descriptive; no cross-session precision or performance adjustment is assumed.
A0109,カリステ,2017,2017-season,T90FT_SECONDS,3.94,seconds,LOWER_IS_FASTER,mlb_statcast_2017_SF,PLAYER_SEASON_OFFICIAL_CSV_ROW,mlb_statcast_running_splits_live_revalidation_20260810,A_FIRST_PARTY_LIVE_REVERIFIED,HIGH,ACCEPTED_HIGH_CONFIDENCE,1,single_observed_value,ABSOLUTE_DIRECT_HISTORICAL_OBSERVATION_ONLY,ABSOLUTE_DIRECT_UNBANDED_CROSS_ERA,No cross-era T90 band: direct observations are retained without an assumed current equivalence class.,,,NO_T90_CONVERSION_NO_AGE_DECAY_NO_GAME_RATING,Different player-season eras are not treated as a current NPB equivalence class.
A0110,サンタナ,2020,2020-season,T90FT_SECONDS,4.13,seconds,LOWER_IS_FASTER,mlb_statcast_2020_CLE,PLAYER_SEASON_OFFICIAL_CSV_ROW,mlb_statcast_running_splits_live_revalidation_20260810,A_FIRST_PARTY_LIVE_REVERIFIED,HIGH,ACCEPTED_HIGH_CONFIDENCE,1,single_observed_value,ABSOLUTE_DIRECT_HISTORICAL_OBSERVATION_ONLY,ABSOLUTE_DIRECT_UNBANDED_CROSS_ERA,No cross-era T90 band: direct observations are retained without an assumed current equivalence class.,,,NO_T90_CONVERSION_NO_AGE_DECAY_NO_GAME_RATING,Different player-season eras are not treated as a current NPB equivalence class.
A0111,秋山翔吾,2021,2021-season,T90FT_SECONDS,3.97,seconds,LOWER_IS_FASTER,mlb_statcast_2021_CIN,PLAYER_SEASON_OFFICIAL_CSV_ROW,mlb_statcast_running_splits_live_revalidation_20260810,A_FIRST_PARTY_LIVE_REVERIFIED,HIGH,ACCEPTED_HIGH_CONFIDENCE,1,single_observed_value,ABSOLUTE_DIRECT_HISTORICAL_OBSERVATION_ONLY,ABSOLUTE_DIRECT_UNBANDED_CROSS_ERA,No cross-era T90 band: direct observations are retained without an assumed current equivalence class.,,,NO_T90_CONVERSION_NO_AGE_DECAY_NO_GAME_RATING,Different player-season eras are not treated as a current NPB equivalence class.
A0112,ポランコ,2021,2021-season,T90FT_SECONDS,3.99,seconds,LOWER_IS_FASTER,mlb_statcast_2021_PIT,PLAYER_SEASON_OFFICIAL_CSV_ROW,mlb_statcast_running_splits_live_revalidation_20260810,A_FIRST_PARTY_LIVE_REVERIFIED,HIGH,ACCEPTED_HIGH_CONFIDENCE,1,single_observed_value,ABSOLUTE_DIRECT_HISTORICAL_OBSERVATION_ONLY,ABSOLUTE_DIRECT_UNBANDED_CROSS_ERA,No cross-era T90 band: direct observations are retained without an assumed current equivalence class.,,,NO_T90_CONVERSION_NO_AGE_DECAY_NO_GAME_RATING,Different player-season eras are not treated as a current NPB equivalence class.
A0113,モンテロ,2024,2024-season,T90FT_SECONDS,4.2,seconds,LOWER_IS_FASTER,mlb_statcast_2024_COL,PLAYER_SEASON_OFFICIAL_CSV_ROW,mlb_statcast_running_splits_live_revalidation_20260810,A_FIRST_PARTY_LIVE_REVERIFIED,HIGH,ACCEPTED_HIGH_CONFIDENCE,1,single_observed_value,ABSOLUTE_DIRECT_HISTORICAL_OBSERVATION_ONLY,ABSOLUTE_DIRECT_UNBANDED_CROSS_ERA,No cross-era T90 band: direct observations are retained without an assumed current equivalence class.,,,NO_T90_CONVERSION_NO_AGE_DECAY_NO_GAME_RATING,Different player-season eras are not treated as a current NPB equivalence class.
A0114,中川 圭太,2026,2026 season snapshot,NPB_PLUS_SPRINT_SPEED_KMH,32.6,km_per_hour,HIGHER_IS_FASTER,npb_plus_2026_current_roster_100,100_OF_100_TARGET_ROSTER_ROWS,npb_plus_sprint_exposure_2026,B_CURRENT_ORDINAL_SAMPLE_COUNT_NOT_PUBLISHED,MODERATE,ACCEPTED_MODERATE_CURRENT_ORDINAL,1,single_observed_value,CURRENT_NPB_PLUS_ORDINAL_WITHIN_100_ONLY,B2_UPPER_COHORT_OCTILE,WITHIN_SAME_METRIC_SAME_COHORT_OCTILE_ONLY,23,100,NO_T90_CONVERSION_NO_AGE_DECAY_NO_GAME_RATING,The public source does not publish per-player run sample counts or qualified-run counts. This is never converted or treated as an MLB-equivalent metric.
A0115,太田 椋,2026,2026 season snapshot,NPB_PLUS_SPRINT_SPEED_KMH,31.7,km_per_hour,HIGHER_IS_FASTER,npb_plus_2026_current_roster_100,100_OF_100_TARGET_ROSTER_ROWS,npb_plus_sprint_exposure_2026,B_CURRENT_ORDINAL_SAMPLE_COUNT_NOT_PUBLISHED,MODERATE,ACCEPTED_MODERATE_CURRENT_ORDINAL,1,single_observed_value,CURRENT_NPB_PLUS_ORDINAL_WITHIN_100_ONLY,B4_MID_UPPER_COHORT_OCTILE,WITHIN_SAME_METRIC_SAME_COHORT_OCTILE_ONLY,42,100,NO_T90_CONVERSION_NO_AGE_DECAY_NO_GAME_RATING,The public source does not publish per-player run sample counts or qualified-run counts. This is never converted or treated as an MLB-equivalent metric.
A0116,宗 佑磨,2026,2026 season snapshot,NPB_PLUS_SPRINT_SPEED_KMH,31.9,km_per_hour,HIGHER_IS_FASTER,npb_plus_2026_current_roster_100,100_OF_100_TARGET_ROSTER_ROWS,npb_plus_sprint_exposure_2026,B_CURRENT_ORDINAL_SAMPLE_COUNT_NOT_PUBLISHED,MODERATE,ACCEPTED_MODERATE_CURRENT_ORDINAL,1,single_observed_value,CURRENT_NPB_PLUS_ORDINAL_WITHIN_100_ONLY,B4_MID_UPPER_COHORT_OCTILE,WITHIN_SAME_METRIC_SAME_COHORT_OCTILE_ONLY,38,100,NO_T90_CONVERSION_NO_AGE_DECAY_NO_GAME_RATING,The public source does not publish per-player run sample counts or qualified-run counts. This is never converted or treated as an MLB-equivalent metric.
A0117,来田 涼斗,2026,2026 season snapshot,NPB_PLUS_SPRINT_SPEED_KMH,32.4,km_per_hour,HIGHER_IS_FASTER,npb_plus_2026_current_roster_100,100_OF_100_TARGET_ROSTER_ROWS,npb_plus_sprint_exposure_2026,B_CURRENT_ORDINAL_SAMPLE_COUNT_NOT_PUBLISHED,MODERATE,ACCEPTED_MODERATE_CURRENT_ORDINAL,1,single_observed_value,CURRENT_NPB_PLUS_ORDINAL_WITHIN_100_ONLY,B3_UPPER_MID_COHORT_OCTILE,WITHIN_SAME_METRIC_SAME_COHORT_OCTILE_ONLY,28,100,NO_T90_CONVERSION_NO_AGE_DECAY_NO_GAME_RATING,The public source does not publish per-player run sample counts or qualified-run counts. This is never converted or treated as an MLB-equivalent metric.
A0118,森 友哉,2026,2026 season snapshot,NPB_PLUS_SPRINT_SPEED_KMH,31.2,km_per_hour,HIGHER_IS_FASTER,npb_plus_2026_current_roster_100,100_OF_100_TARGET_ROSTER_ROWS,npb_plus_sprint_exposure_2026,B_CURRENT_ORDINAL_SAMPLE_COUNT_NOT_PUBLISHED,MODERATE,ACCEPTED_MODERATE_CURRENT_ORDINAL,1,single_observed_value,CURRENT_NPB_PLUS_ORDINAL_WITHIN_100_ONLY,B5_MID_LOWER_COHORT_OCTILE,WITHIN_SAME_METRIC_SAME_COHORT_OCTILE_ONLY,62,100,NO_T90_CONVERSION_NO_AGE_DECAY_NO_GAME_RATING,The public source does not publish per-player run sample counts or qualified-run counts. This is never converted or treated as an MLB-equivalent metric.
A0119,紅林 弘太郎,2026,2026 season snapshot,NPB_PLUS_SPRINT_SPEED_KMH,30.7,km_per_hour,HIGHER_IS_FASTER,npb_plus_2026_current_roster_100,100_OF_100_TARGET_ROSTER_ROWS,npb_plus_sprint_exposure_2026,B_CURRENT_ORDINAL_SAMPLE_COUNT_NOT_PUBLISHED,MODERATE,ACCEPTED_MODERATE_CURRENT_ORDINAL,1,single_observed_value,CURRENT_NPB_PLUS_ORDINAL_WITHIN_100_ONLY,B6_LOWER_MID_COHORT_OCTILE,WITHIN_SAME_METRIC_SAME_COHORT_OCTILE_ONLY,72,100,NO_T90_CONVERSION_NO_AGE_DECAY_NO_GAME_RATING,The public source does not publish per-player run sample counts or qualified-run counts. This is never converted or treated as an MLB-equivalent metric.
A0120,若月 健矢,2026,2026 season snapshot,NPB_PLUS_SPRINT_SPEED_KMH,30.7,km_per_hour,HIGHER_IS_FASTER,npb_plus_2026_current_roster_100,100_OF_100_TARGET_ROSTER_ROWS,npb_plus_sprint_exposure_2026,B_CURRENT_ORDINAL_SAMPLE_COUNT_NOT_PUBLISHED,MODERATE,ACCEPTED_MODERATE_CURRENT_ORDINAL,1,single_observed_value,CURRENT_NPB_PLUS_ORDINAL_WITHIN_100_ONLY,B6_LOWER_MID_COHORT_OCTILE,WITHIN_SAME_METRIC_SAME_COHORT_OCTILE_ONLY,73,100,NO_T90_CONVERSION_NO_AGE_DECAY_NO_GAME_RATING,The public source does not publish per-player run sample counts or qualified-run counts. This is never converted or treated as an MLB-equivalent metric.
A0121,西川 龍馬,2026,2026 season snapshot,NPB_PLUS_SPRINT_SPEED_KMH,31.1,km_per_hour,HIGHER_IS_FASTER,npb_plus_2026_current_roster_100,100_OF_100_TARGET_ROSTER_ROWS,npb_plus_sprint_exposure_2026,B_CURRENT_ORDINAL_SAMPLE_COUNT_NOT_PUBLISHED,MODERATE,ACCEPTED_MODERATE_CURRENT_ORDINAL,1,single_observed_value,CURRENT_NPB_PLUS_ORDINAL_WITHIN_100_ONLY,B6_LOWER_MID_COHORT_OCTILE,WITHIN_SAME_METRIC_SAME_COHORT_OCTILE_ONLY,65,100,NO_T90_CONVERSION_NO_AGE_DECAY_NO_GAME_RATING,The public source does not publish per-player run sample counts or qualified-run counts. This is never converted or treated as an MLB-equivalent metric.
A0122,西野 真弘,2026,2026 season snapshot,NPB_PLUS_SPRINT_SPEED_KMH,31.6,km_per_hour,HIGHER_IS_FASTER,npb_plus_2026_current_roster_100,100_OF_100_TARGET_ROSTER_ROWS,npb_plus_sprint_exposure_2026,B_CURRENT_ORDINAL_SAMPLE_COUNT_NOT_PUBLISHED,MODERATE,ACCEPTED_MODERATE_CURRENT_ORDINAL,1,single_observed_value,CURRENT_NPB_PLUS_ORDINAL_WITHIN_100_ONLY,B4_MID_UPPER_COHORT_OCTILE,WITHIN_SAME_METRIC_SAME_COHORT_OCTILE_ONLY,49,100,NO_T90_CONVERSION_NO_AGE_DECAY_NO_GAME_RATING,The public source does not publish per-player run sample counts or qualified-run counts. This is never converted or treated as an MLB-equivalent metric.
A0123,カリステ,2026,2026 season snapshot,NPB_PLUS_SPRINT_SPEED_KMH,31.3,km_per_hour,HIGHER_IS_FASTER,npb_plus_2026_current_roster_100,100_OF_100_TARGET_ROSTER_ROWS,npb_plus_sprint_exposure_2026,B_CURRENT_ORDINAL_SAMPLE_COUNT_NOT_PUBLISHED,MODERATE,ACCEPTED_MODERATE_CURRENT_ORDINAL,1,single_observed_value,CURRENT_NPB_PLUS_ORDINAL_WITHIN_100_ONLY,B5_MID_LOWER_COHORT_OCTILE,WITHIN_SAME_METRIC_SAME_COHORT_OCTILE_ONLY,59,100,NO_T90_CONVERSION_NO_AGE_DECAY_NO_GAME_RATING,The public source does not publish per-player run sample counts or qualified-run counts. This is never converted or treated as an MLB-equivalent metric.
A0124,土田 龍空,2026,2026 season snapshot,NPB_PLUS_SPRINT_SPEED_KMH,31.2,km_per_hour,HIGHER_IS_FASTER,npb_plus_2026_current_roster_100,100_OF_100_TARGET_ROSTER_ROWS,npb_plus_sprint_exposure_2026,B_CURRENT_ORDINAL_SAMPLE_COUNT_NOT_PUBLISHED,MODERATE,ACCEPTED_MODERATE_CURRENT_ORDINAL,1,single_observed_value,CURRENT_NPB_PLUS_ORDINAL_WITHIN_100_ONLY,B6_LOWER_MID_COHORT_OCTILE,WITHIN_SAME_METRIC_SAME_COHORT_OCTILE_ONLY,63,100,NO_T90_CONVERSION_NO_AGE_DECAY_NO_GAME_RATING,The public source does not publish per-player run sample counts or qualified-run counts. This is never converted or treated as an MLB-equivalent metric.
A0125,大島 洋平,2026,2026 season snapshot,NPB_PLUS_SPRINT_SPEED_KMH,31.7,km_per_hour,HIGHER_IS_FASTER,npb_plus_2026_current_roster_100,100_OF_100_TARGET_ROSTER_ROWS,npb_plus_sprint_exposure_2026,B_CURRENT_ORDINAL_SAMPLE_COUNT_NOT_PUBLISHED,MODERATE,ACCEPTED_MODERATE_CURRENT_ORDINAL,1,single_observed_value,CURRENT_NPB_PLUS_ORDINAL_WITHIN_100_ONLY,B4_MID_UPPER_COHORT_OCTILE,WITHIN_SAME_METRIC_SAME_COHORT_OCTILE_ONLY,43,100,NO_T90_CONVERSION_NO_AGE_DECAY_NO_GAME_RATING,The public source does not publish per-player run sample counts or qualified-run counts. This is never converted or treated as an MLB-equivalent metric.
A0126,岡林 勇希,2026,2026 season snapshot,NPB_PLUS_SPRINT_SPEED_KMH,32.5,km_per_hour,HIGHER_IS_FASTER,npb_plus_2026_current_roster_100,100_OF_100_TARGET_ROSTER_ROWS,npb_plus_sprint_exposure_2026,B_CURRENT_ORDINAL_SAMPLE_COUNT_NOT_PUBLISHED,MODERATE,ACCEPTED_MODERATE_CURRENT_ORDINAL,1,single_observed_value,CURRENT_NPB_PLUS_ORDINAL_WITHIN_100_ONLY,B3_UPPER_MID_COHORT_OCTILE,WITHIN_SAME_METRIC_SAME_COHORT_OCTILE_ONLY,26,100,NO_T90_CONVERSION_NO_AGE_DECAY_NO_GAME_RATING,The public source does not publish per-player run sample counts or qualified-run counts. This is never converted or treated as an MLB-equivalent metric.
A0127,木下 拓哉,2026,2026 season snapshot,NPB_PLUS_SPRINT_SPEED_KMH,29.4,km_per_hour,HIGHER_IS_FASTER,npb_plus_2026_current_roster_100,100_OF_100_TARGET_ROSTER_ROWS,npb_plus_sprint_exposure_2026,B_CURRENT_ORDINAL_SAMPLE_COUNT_NOT_PUBLISHED,MODERATE,ACCEPTED_MODERATE_CURRENT_ORDINAL,1,single_observed_value,CURRENT_NPB_PLUS_ORDINAL_WITHIN_100_ONLY,B8_SLOWEST_COHORT_OCTILE,WITHIN_SAME_METRIC_SAME_COHORT_OCTILE_ONLY,95,100,NO_T90_CONVERSION_NO_AGE_DECAY_NO_GAME_RATING,The public source does not publish per-player run sample counts or qualified-run counts. This is never converted or treated as an MLB-equivalent metric.
A0128,村松 開人,2026,2026 season snapshot,NPB_PLUS_SPRINT_SPEED_KMH,33.4,km_per_hour,HIGHER_IS_FASTER,npb_plus_2026_current_roster_100,100_OF_100_TARGET_ROSTER_ROWS,npb_plus_sprint_exposure_2026,B_CURRENT_ORDINAL_SAMPLE_COUNT_NOT_PUBLISHED,MODERATE,ACCEPTED_MODERATE_CURRENT_ORDINAL,1,single_observed_value,CURRENT_NPB_PLUS_ORDINAL_WITHIN_100_ONLY,B1_FASTEST_COHORT_OCTILE,WITHIN_SAME_METRIC_SAME_COHORT_OCTILE_ONLY,9,100,NO_T90_CONVERSION_NO_AGE_DECAY_NO_GAME_RATING,The public source does not publish per-player run sample counts or qualified-run counts. This is never converted or treated as an MLB-equivalent metric.
A0129,板山 祐太郎,2026,2026 season snapshot,NPB_PLUS_SPRINT_SPEED_KMH,32,km_per_hour,HIGHER_IS_FASTER,npb_plus_2026_current_roster_100,100_OF_100_TARGET_ROSTER_ROWS,npb_plus_sprint_exposure_2026,B_CURRENT_ORDINAL_SAMPLE_COUNT_NOT_PUBLISHED,MODERATE,ACCEPTED_MODERATE_CURRENT_ORDINAL,1,single_observed_value,CURRENT_NPB_PLUS_ORDINAL_WITHIN_100_ONLY,B3_UPPER_MID_COHORT_OCTILE,WITHIN_SAME_METRIC_SAME_COHORT_OCTILE_ONLY,36,100,NO_T90_CONVERSION_NO_AGE_DECAY_NO_GAME_RATING,The public source does not publish per-player run sample counts or qualified-run counts. This is never converted or treated as an MLB-equivalent metric.
A0130,田中 幹也,2026,2026 season snapshot,NPB_PLUS_SPRINT_SPEED_KMH,33.5,km_per_hour,HIGHER_IS_FASTER,npb_plus_2026_current_roster_100,100_OF_100_TARGET_ROSTER_ROWS,npb_plus_sprint_exposure_2026,B_CURRENT_ORDINAL_SAMPLE_COUNT_NOT_PUBLISHED,MODERATE,ACCEPTED_MODERATE_CURRENT_ORDINAL,1,single_observed_value,CURRENT_NPB_PLUS_ORDINAL_WITHIN_100_ONLY,B1_FASTEST_COHORT_OCTILE,WITHIN_SAME_METRIC_SAME_COHORT_OCTILE_ONLY,7,100,NO_T90_CONVERSION_NO_AGE_DECAY_NO_GAME_RATING,The public source does not publish per-player run sample counts or qualified-run counts. This is never converted or treated as an MLB-equivalent metric.
A0131,石川 昂弥,2026,2026 season snapshot,NPB_PLUS_SPRINT_SPEED_KMH,30.6,km_per_hour,HIGHER_IS_FASTER,npb_plus_2026_current_roster_100,100_OF_100_TARGET_ROSTER_ROWS,npb_plus_sprint_exposure_2026,B_CURRENT_ORDINAL_SAMPLE_COUNT_NOT_PUBLISHED,MODERATE,ACCEPTED_MODERATE_CURRENT_ORDINAL,1,single_observed_value,CURRENT_NPB_PLUS_ORDINAL_WITHIN_100_ONLY,B6_LOWER_MID_COHORT_OCTILE,WITHIN_SAME_METRIC_SAME_COHORT_OCTILE_ONLY,75,100,NO_T90_CONVERSION_NO_AGE_DECAY_NO_GAME_RATING,The public source does not publish per-player run sample counts or qualified-run counts. This is never converted or treated as an MLB-equivalent metric.
A0132,福永 裕基,2026,2026 season snapshot,NPB_PLUS_SPRINT_SPEED_KMH,33,km_per_hour,HIGHER_IS_FASTER,npb_plus_2026_current_roster_100,100_OF_100_TARGET_ROSTER_ROWS,npb_plus_sprint_exposure_2026,B_CURRENT_ORDINAL_SAMPLE_COUNT_NOT_PUBLISHED,MODERATE,ACCEPTED_MODERATE_CURRENT_ORDINAL,1,single_observed_value,CURRENT_NPB_PLUS_ORDINAL_WITHIN_100_ONLY,B2_UPPER_COHORT_OCTILE,WITHIN_SAME_METRIC_SAME_COHORT_OCTILE_ONLY,13,100,NO_T90_CONVERSION_NO_AGE_DECAY_NO_GAME_RATING,The public source does not publish per-player run sample counts or qualified-run counts. This is never converted or treated as an MLB-equivalent metric.
A0133,細川 成也,2026,2026 season snapshot,NPB_PLUS_SPRINT_SPEED_KMH,32.7,km_per_hour,HIGHER_IS_FASTER,npb_plus_2026_current_roster_100,100_OF_100_TARGET_ROSTER_ROWS,npb_plus_sprint_exposure_2026,B_CURRENT_ORDINAL_SAMPLE_COUNT_NOT_PUBLISHED,MODERATE,ACCEPTED_MODERATE_CURRENT_ORDINAL,1,single_observed_value,CURRENT_NPB_PLUS_ORDINAL_WITHIN_100_ONLY,B2_UPPER_COHORT_OCTILE,WITHIN_SAME_METRIC_SAME_COHORT_OCTILE_ONLY,20,100,NO_T90_CONVERSION_NO_AGE_DECAY_NO_GAME_RATING,The public source does not publish per-player run sample counts or qualified-run counts. This is never converted or treated as an MLB-equivalent metric.
A0134,高橋 周平,2026,2026 season snapshot,NPB_PLUS_SPRINT_SPEED_KMH,29.5,km_per_hour,HIGHER_IS_FASTER,npb_plus_2026_current_roster_100,100_OF_100_TARGET_ROSTER_ROWS,npb_plus_sprint_exposure_2026,B_CURRENT_ORDINAL_SAMPLE_COUNT_NOT_PUBLISHED,MODERATE,ACCEPTED_MODERATE_CURRENT_ORDINAL,1,single_observed_value,CURRENT_NPB_PLUS_ORDINAL_WITHIN_100_ONLY,B8_SLOWEST_COHORT_OCTILE,WITHIN_SAME_METRIC_SAME_COHORT_OCTILE_ONLY,94,100,NO_T90_CONVERSION_NO_AGE_DECAY_NO_GAME_RATING,The public source does not publish per-player run sample counts or qualified-run counts. This is never converted or treated as an MLB-equivalent metric.
A0135,奈良間 大己,2026,2026 season snapshot,NPB_PLUS_SPRINT_SPEED_KMH,31.7,km_per_hour,HIGHER_IS_FASTER,npb_plus_2026_current_roster_100,100_OF_100_TARGET_ROSTER_ROWS,npb_plus_sprint_exposure_2026,B_CURRENT_ORDINAL_SAMPLE_COUNT_NOT_PUBLISHED,MODERATE,ACCEPTED_MODERATE_CURRENT_ORDINAL,1,single_observed_value,CURRENT_NPB_PLUS_ORDINAL_WITHIN_100_ONLY,B4_MID_UPPER_COHORT_OCTILE,WITHIN_SAME_METRIC_SAME_COHORT_OCTILE_ONLY,44,100,NO_T90_CONVERSION_NO_AGE_DECAY_NO_GAME_RATING,The public source does not publish per-player run sample counts or qualified-run counts. This is never converted or treated as an MLB-equivalent metric.
A0136,水野 達稀,2026,2026 season snapshot,NPB_PLUS_SPRINT_SPEED_KMH,33.4,km_per_hour,HIGHER_IS_FASTER,npb_plus_2026_current_roster_100,100_OF_100_TARGET_ROSTER_ROWS,npb_plus_sprint_exposure_2026,B_CURRENT_ORDINAL_SAMPLE_COUNT_NOT_PUBLISHED,MODERATE,ACCEPTED_MODERATE_CURRENT_ORDINAL,1,single_observed_value,CURRENT_NPB_PLUS_ORDINAL_WITHIN_100_ONLY,B1_FASTEST_COHORT_OCTILE,WITHIN_SAME_METRIC_SAME_COHORT_OCTILE_ONLY,10,100,NO_T90_CONVERSION_NO_AGE_DECAY_NO_GAME_RATING,The public source does not publish per-player run sample counts or qualified-run counts. This is never converted or treated as an MLB-equivalent metric.
A0137,清宮 幸太郎,2026,2026 season snapshot,NPB_PLUS_SPRINT_SPEED_KMH,31.7,km_per_hour,HIGHER_IS_FASTER,npb_plus_2026_current_roster_100,100_OF_100_TARGET_ROSTER_ROWS,npb_plus_sprint_exposure_2026,B_CURRENT_ORDINAL_SAMPLE_COUNT_NOT_PUBLISHED,MODERATE,ACCEPTED_MODERATE_CURRENT_ORDINAL,1,single_observed_value,CURRENT_NPB_PLUS_ORDINAL_WITHIN_100_ONLY,B4_MID_UPPER_COHORT_OCTILE,WITHIN_SAME_METRIC_SAME_COHORT_OCTILE_ONLY,45,100,NO_T90_CONVERSION_NO_AGE_DECAY_NO_GAME_RATING,The public source does not publish per-player run sample counts or qualified-run counts. This is never converted or treated as an MLB-equivalent metric.
A0138,田宮 裕涼,2026,2026 season snapshot,NPB_PLUS_SPRINT_SPEED_KMH,32.4,km_per_hour,HIGHER_IS_FASTER,npb_plus_2026_current_roster_100,100_OF_100_TARGET_ROSTER_ROWS,npb_plus_sprint_exposure_2026,B_CURRENT_ORDINAL_SAMPLE_COUNT_NOT_PUBLISHED,MODERATE,ACCEPTED_MODERATE_CURRENT_ORDINAL,1,single_observed_value,CURRENT_NPB_PLUS_ORDINAL_WITHIN_100_ONLY,B3_UPPER_MID_COHORT_OCTILE,WITHIN_SAME_METRIC_SAME_COHORT_OCTILE_ONLY,29,100,NO_T90_CONVERSION_NO_AGE_DECAY_NO_GAME_RATING,The public source does not publish per-player run sample counts or qualified-run counts. This is never converted or treated as an MLB-equivalent metric.
A0139,郡司 裕也,2026,2026 season snapshot,NPB_PLUS_SPRINT_SPEED_KMH,32.7,km_per_hour,HIGHER_IS_FASTER,npb_plus_2026_current_roster_100,100_OF_100_TARGET_ROSTER_ROWS,npb_plus_sprint_exposure_2026,B_CURRENT_ORDINAL_SAMPLE_COUNT_NOT_PUBLISHED,MODERATE,ACCEPTED_MODERATE_CURRENT_ORDINAL,1,single_observed_value,CURRENT_NPB_PLUS_ORDINAL_WITHIN_100_ONLY,B2_UPPER_COHORT_OCTILE,WITHIN_SAME_METRIC_SAME_COHORT_OCTILE_ONLY,21,100,NO_T90_CONVERSION_NO_AGE_DECAY_NO_GAME_RATING,The public source does not publish per-player run sample counts or qualified-run counts. This is never converted or treated as an MLB-equivalent metric.
A0140,野村 佑希,2026,2026 season snapshot,NPB_PLUS_SPRINT_SPEED_KMH,31.7,km_per_hour,HIGHER_IS_FASTER,npb_plus_2026_current_roster_100,100_OF_100_TARGET_ROSTER_ROWS,npb_plus_sprint_exposure_2026,B_CURRENT_ORDINAL_SAMPLE_COUNT_NOT_PUBLISHED,MODERATE,ACCEPTED_MODERATE_CURRENT_ORDINAL,1,single_observed_value,CURRENT_NPB_PLUS_ORDINAL_WITHIN_100_ONLY,B4_MID_UPPER_COHORT_OCTILE,WITHIN_SAME_METRIC_SAME_COHORT_OCTILE_ONLY,46,100,NO_T90_CONVERSION_NO_AGE_DECAY_NO_GAME_RATING,The public source does not publish per-player run sample counts or qualified-run counts. This is never converted or treated as an MLB-equivalent metric.
A0141,ソト,2026,2026 season snapshot,NPB_PLUS_SPRINT_SPEED_KMH,30.1,km_per_hour,HIGHER_IS_FASTER,npb_plus_2026_current_roster_100,100_OF_100_TARGET_ROSTER_ROWS,npb_plus_sprint_exposure_2026,B_CURRENT_ORDINAL_SAMPLE_COUNT_NOT_PUBLISHED,MODERATE,ACCEPTED_MODERATE_CURRENT_ORDINAL,1,single_observed_value,CURRENT_NPB_PLUS_ORDINAL_WITHIN_100_ONLY,B8_SLOWEST_COHORT_OCTILE,WITHIN_SAME_METRIC_SAME_COHORT_OCTILE_ONLY,91,100,NO_T90_CONVERSION_NO_AGE_DECAY_NO_GAME_RATING,The public source does not publish per-player run sample counts or qualified-run counts. This is never converted or treated as an MLB-equivalent metric.
A0142,ポランコ,2026,2026 season snapshot,NPB_PLUS_SPRINT_SPEED_KMH,31.1,km_per_hour,HIGHER_IS_FASTER,npb_plus_2026_current_roster_100,100_OF_100_TARGET_ROSTER_ROWS,npb_plus_sprint_exposure_2026,B_CURRENT_ORDINAL_SAMPLE_COUNT_NOT_PUBLISHED,MODERATE,ACCEPTED_MODERATE_CURRENT_ORDINAL,1,single_observed_value,CURRENT_NPB_PLUS_ORDINAL_WITHIN_100_ONLY,B6_LOWER_MID_COHORT_OCTILE,WITHIN_SAME_METRIC_SAME_COHORT_OCTILE_ONLY,66,100,NO_T90_CONVERSION_NO_AGE_DECAY_NO_GAME_RATING,The public source does not publish per-player run sample counts or qualified-run counts. This is never converted or treated as an MLB-equivalent metric.
A0143,佐藤 都志也,2026,2026 season snapshot,NPB_PLUS_SPRINT_SPEED_KMH,31.3,km_per_hour,HIGHER_IS_FASTER,npb_plus_2026_current_roster_100,100_OF_100_TARGET_ROSTER_ROWS,npb_plus_sprint_exposure_2026,B_CURRENT_ORDINAL_SAMPLE_COUNT_NOT_PUBLISHED,MODERATE,ACCEPTED_MODERATE_CURRENT_ORDINAL,1,single_observed_value,CURRENT_NPB_PLUS_ORDINAL_WITHIN_100_ONLY,B5_MID_LOWER_COHORT_OCTILE,WITHIN_SAME_METRIC_SAME_COHORT_OCTILE_ONLY,60,100,NO_T90_CONVERSION_NO_AGE_DECAY_NO_GAME_RATING,The public source does not publish per-player run sample counts or qualified-run counts. This is never converted or treated as an MLB-equivalent metric.
A0144,友杉 篤輝,2026,2026 season snapshot,NPB_PLUS_SPRINT_SPEED_KMH,32.7,km_per_hour,HIGHER_IS_FASTER,npb_plus_2026_current_roster_100,100_OF_100_TARGET_ROSTER_ROWS,npb_plus_sprint_exposure_2026,B_CURRENT_ORDINAL_SAMPLE_COUNT_NOT_PUBLISHED,MODERATE,ACCEPTED_MODERATE_CURRENT_ORDINAL,1,single_observed_value,CURRENT_NPB_PLUS_ORDINAL_WITHIN_100_ONLY,B2_UPPER_COHORT_OCTILE,WITHIN_SAME_METRIC_SAME_COHORT_OCTILE_ONLY,22,100,NO_T90_CONVERSION_NO_AGE_DECAY_NO_GAME_RATING,The public source does not publish per-player run sample counts or qualified-run counts. This is never converted or treated as an MLB-equivalent metric.
A0145,安田 尚憲,2026,2026 season snapshot,NPB_PLUS_SPRINT_SPEED_KMH,29.6,km_per_hour,HIGHER_IS_FASTER,npb_plus_2026_current_roster_100,100_OF_100_TARGET_ROSTER_ROWS,npb_plus_sprint_exposure_2026,B_CURRENT_ORDINAL_SAMPLE_COUNT_NOT_PUBLISHED,MODERATE,ACCEPTED_MODERATE_CURRENT_ORDINAL,1,single_observed_value,CURRENT_NPB_PLUS_ORDINAL_WITHIN_100_ONLY,B8_SLOWEST_COHORT_OCTILE,WITHIN_SAME_METRIC_SAME_COHORT_OCTILE_ONLY,93,100,NO_T90_CONVERSION_NO_AGE_DECAY_NO_GAME_RATING,The public source does not publish per-player run sample counts or qualified-run counts. This is never converted or treated as an MLB-equivalent metric.
A0146,小川 龍成,2026,2026 season snapshot,NPB_PLUS_SPRINT_SPEED_KMH,33.4,km_per_hour,HIGHER_IS_FASTER,npb_plus_2026_current_roster_100,100_OF_100_TARGET_ROSTER_ROWS,npb_plus_sprint_exposure_2026,B_CURRENT_ORDINAL_SAMPLE_COUNT_NOT_PUBLISHED,MODERATE,ACCEPTED_MODERATE_CURRENT_ORDINAL,1,single_observed_value,CURRENT_NPB_PLUS_ORDINAL_WITHIN_100_ONLY,B1_FASTEST_COHORT_OCTILE,WITHIN_SAME_METRIC_SAME_COHORT_OCTILE_ONLY,11,100,NO_T90_CONVERSION_NO_AGE_DECAY_NO_GAME_RATING,The public source does not publish per-player run sample counts or qualified-run counts. This is never converted or treated as an MLB-equivalent metric.
A0147,山口 航輝,2026,2026 season snapshot,NPB_PLUS_SPRINT_SPEED_KMH,31.9,km_per_hour,HIGHER_IS_FASTER,npb_plus_2026_current_roster_100,100_OF_100_TARGET_ROSTER_ROWS,npb_plus_sprint_exposure_2026,B_CURRENT_ORDINAL_SAMPLE_COUNT_NOT_PUBLISHED,MODERATE,ACCEPTED_MODERATE_CURRENT_ORDINAL,1,single_observed_value,CURRENT_NPB_PLUS_ORDINAL_WITHIN_100_ONLY,B4_MID_UPPER_COHORT_OCTILE,WITHIN_SAME_METRIC_SAME_COHORT_OCTILE_ONLY,39,100,NO_T90_CONVERSION_NO_AGE_DECAY_NO_GAME_RATING,The public source does not publish per-player run sample counts or qualified-run counts. This is never converted or treated as an MLB-equivalent metric.
A0148,岡 大海,2026,2026 season snapshot,NPB_PLUS_SPRINT_SPEED_KMH,32.6,km_per_hour,HIGHER_IS_FASTER,npb_plus_2026_current_roster_100,100_OF_100_TARGET_ROSTER_ROWS,npb_plus_sprint_exposure_2026,B_CURRENT_ORDINAL_SAMPLE_COUNT_NOT_PUBLISHED,MODERATE,ACCEPTED_MODERATE_CURRENT_ORDINAL,1,single_observed_value,CURRENT_NPB_PLUS_ORDINAL_WITHIN_100_ONLY,B2_UPPER_COHORT_OCTILE,WITHIN_SAME_METRIC_SAME_COHORT_OCTILE_ONLY,24,100,NO_T90_CONVERSION_NO_AGE_DECAY_NO_GAME_RATING,The public source does not publish per-player run sample counts or qualified-run counts. This is never converted or treated as an MLB-equivalent metric.
A0149,藤原 恭大,2026,2026 season snapshot,NPB_PLUS_SPRINT_SPEED_KMH,33,km_per_hour,HIGHER_IS_FASTER,npb_plus_2026_current_roster_100,100_OF_100_TARGET_ROSTER_ROWS,npb_plus_sprint_exposure_2026,B_CURRENT_ORDINAL_SAMPLE_COUNT_NOT_PUBLISHED,MODERATE,ACCEPTED_MODERATE_CURRENT_ORDINAL,1,single_observed_value,CURRENT_NPB_PLUS_ORDINAL_WITHIN_100_ONLY,B2_UPPER_COHORT_OCTILE,WITHIN_SAME_METRIC_SAME_COHORT_OCTILE_ONLY,14,100,NO_T90_CONVERSION_NO_AGE_DECAY_NO_GAME_RATING,The public source does not publish per-player run sample counts or qualified-run counts. This is never converted or treated as an MLB-equivalent metric.
A0150,藤岡 裕大,2026,2026 season snapshot,NPB_PLUS_SPRINT_SPEED_KMH,30.8,km_per_hour,HIGHER_IS_FASTER,npb_plus_2026_current_roster_100,100_OF_100_TARGET_ROSTER_ROWS,npb_plus_sprint_exposure_2026,B_CURRENT_ORDINAL_SAMPLE_COUNT_NOT_PUBLISHED,MODERATE,ACCEPTED_MODERATE_CURRENT_ORDINAL,1,single_observed_value,CURRENT_NPB_PLUS_ORDINAL_WITHIN_100_ONLY,B6_LOWER_MID_COHORT_OCTILE,WITHIN_SAME_METRIC_SAME_COHORT_OCTILE_ONLY,70,100,NO_T90_CONVERSION_NO_AGE_DECAY_NO_GAME_RATING,The public source does not publish per-player run sample counts or qualified-run counts. This is never converted or treated as an MLB-equivalent metric.
A0151,髙部 瑛斗,2026,2026 season snapshot,NPB_PLUS_SPRINT_SPEED_KMH,33.6,km_per_hour,HIGHER_IS_FASTER,npb_plus_2026_current_roster_100,100_OF_100_TARGET_ROSTER_ROWS,npb_plus_sprint_exposure_2026,B_CURRENT_ORDINAL_SAMPLE_COUNT_NOT_PUBLISHED,MODERATE,ACCEPTED_MODERATE_CURRENT_ORDINAL,1,single_observed_value,CURRENT_NPB_PLUS_ORDINAL_WITHIN_100_ONLY,B1_FASTEST_COHORT_OCTILE,WITHIN_SAME_METRIC_SAME_COHORT_OCTILE_ONLY,5,100,NO_T90_CONVERSION_NO_AGE_DECAY_NO_GAME_RATING,The public source does not publish per-player run sample counts or qualified-run counts. This is never converted or treated as an MLB-equivalent metric.
A0152,古賀 悠斗,2026,2026 season snapshot,NPB_PLUS_SPRINT_SPEED_KMH,30.6,km_per_hour,HIGHER_IS_FASTER,npb_plus_2026_current_roster_100,100_OF_100_TARGET_ROSTER_ROWS,npb_plus_sprint_exposure_2026,B_CURRENT_ORDINAL_SAMPLE_COUNT_NOT_PUBLISHED,MODERATE,ACCEPTED_MODERATE_CURRENT_ORDINAL,1,single_observed_value,CURRENT_NPB_PLUS_ORDINAL_WITHIN_100_ONLY,B7_LOWER_COHORT_OCTILE,WITHIN_SAME_METRIC_SAME_COHORT_OCTILE_ONLY,76,100,NO_T90_CONVERSION_NO_AGE_DECAY_NO_GAME_RATING,The public source does not publish per-player run sample counts or qualified-run counts. This is never converted or treated as an MLB-equivalent metric.
A0153,外崎 修汰,2026,2026 season snapshot,NPB_PLUS_SPRINT_SPEED_KMH,32.3,km_per_hour,HIGHER_IS_FASTER,npb_plus_2026_current_roster_100,100_OF_100_TARGET_ROSTER_ROWS,npb_plus_sprint_exposure_2026,B_CURRENT_ORDINAL_SAMPLE_COUNT_NOT_PUBLISHED,MODERATE,ACCEPTED_MODERATE_CURRENT_ORDINAL,1,single_observed_value,CURRENT_NPB_PLUS_ORDINAL_WITHIN_100_ONLY,B3_UPPER_MID_COHORT_OCTILE,WITHIN_SAME_METRIC_SAME_COHORT_OCTILE_ONLY,31,100,NO_T90_CONVERSION_NO_AGE_DECAY_NO_GAME_RATING,The public source does not publish per-player run sample counts or qualified-run counts. This is never converted or treated as an MLB-equivalent metric.
A0154,源田 壮亮,2026,2026 season snapshot,NPB_PLUS_SPRINT_SPEED_KMH,32.9,km_per_hour,HIGHER_IS_FASTER,npb_plus_2026_current_roster_100,100_OF_100_TARGET_ROSTER_ROWS,npb_plus_sprint_exposure_2026,B_CURRENT_ORDINAL_SAMPLE_COUNT_NOT_PUBLISHED,MODERATE,ACCEPTED_MODERATE_CURRENT_ORDINAL,1,single_observed_value,CURRENT_NPB_PLUS_ORDINAL_WITHIN_100_ONLY,B2_UPPER_COHORT_OCTILE,WITHIN_SAME_METRIC_SAME_COHORT_OCTILE_ONLY,17,100,NO_T90_CONVERSION_NO_AGE_DECAY_NO_GAME_RATING,The public source does not publish per-player run sample counts or qualified-run counts. This is never converted or treated as an MLB-equivalent metric.
A0155,滝澤 夏央,2026,2026 season snapshot,NPB_PLUS_SPRINT_SPEED_KMH,33,km_per_hour,HIGHER_IS_FASTER,npb_plus_2026_current_roster_100,100_OF_100_TARGET_ROSTER_ROWS,npb_plus_sprint_exposure_2026,B_CURRENT_ORDINAL_SAMPLE_COUNT_NOT_PUBLISHED,MODERATE,ACCEPTED_MODERATE_CURRENT_ORDINAL,1,single_observed_value,CURRENT_NPB_PLUS_ORDINAL_WITHIN_100_ONLY,B2_UPPER_COHORT_OCTILE,WITHIN_SAME_METRIC_SAME_COHORT_OCTILE_ONLY,15,100,NO_T90_CONVERSION_NO_AGE_DECAY_NO_GAME_RATING,The public source does not publish per-player run sample counts or qualified-run counts. This is never converted or treated as an MLB-equivalent metric.
A0156,石井 一成,2026,2026 season snapshot,NPB_PLUS_SPRINT_SPEED_KMH,32.6,km_per_hour,HIGHER_IS_FASTER,npb_plus_2026_current_roster_100,100_OF_100_TARGET_ROSTER_ROWS,npb_plus_sprint_exposure_2026,B_CURRENT_ORDINAL_SAMPLE_COUNT_NOT_PUBLISHED,MODERATE,ACCEPTED_MODERATE_CURRENT_ORDINAL,1,single_observed_value,CURRENT_NPB_PLUS_ORDINAL_WITHIN_100_ONLY,B2_UPPER_COHORT_OCTILE,WITHIN_SAME_METRIC_SAME_COHORT_OCTILE_ONLY,25,100,NO_T90_CONVERSION_NO_AGE_DECAY_NO_GAME_RATING,The public source does not publish per-player run sample counts or qualified-run counts. This is never converted or treated as an MLB-equivalent metric.
A0157,ファビアン,2026,2026 season snapshot,NPB_PLUS_SPRINT_SPEED_KMH,31.4,km_per_hour,HIGHER_IS_FASTER,npb_plus_2026_current_roster_100,100_OF_100_TARGET_ROSTER_ROWS,npb_plus_sprint_exposure_2026,B_CURRENT_ORDINAL_SAMPLE_COUNT_NOT_PUBLISHED,MODERATE,ACCEPTED_MODERATE_CURRENT_ORDINAL,1,single_observed_value,CURRENT_NPB_PLUS_ORDINAL_WITHIN_100_ONLY,B5_MID_LOWER_COHORT_OCTILE,WITHIN_SAME_METRIC_SAME_COHORT_OCTILE_ONLY,55,100,NO_T90_CONVERSION_NO_AGE_DECAY_NO_GAME_RATING,The public source does not publish per-player run sample counts or qualified-run counts. This is never converted or treated as an MLB-equivalent metric.
A0158,モンテロ,2026,2026 season snapshot,NPB_PLUS_SPRINT_SPEED_KMH,31.9,km_per_hour,HIGHER_IS_FASTER,npb_plus_2026_current_roster_100,100_OF_100_TARGET_ROSTER_ROWS,npb_plus_sprint_exposure_2026,B_CURRENT_ORDINAL_SAMPLE_COUNT_NOT_PUBLISHED,MODERATE,ACCEPTED_MODERATE_CURRENT_ORDINAL,1,single_observed_value,CURRENT_NPB_PLUS_ORDINAL_WITHIN_100_ONLY,B4_MID_UPPER_COHORT_OCTILE,WITHIN_SAME_METRIC_SAME_COHORT_OCTILE_ONLY,40,100,NO_T90_CONVERSION_NO_AGE_DECAY_NO_GAME_RATING,The public source does not publish per-player run sample counts or qualified-run counts. This is never converted or treated as an MLB-equivalent metric.
A0159,名原 典彦,2026,2026 season snapshot,NPB_PLUS_SPRINT_SPEED_KMH,33.7,km_per_hour,HIGHER_IS_FASTER,npb_plus_2026_current_roster_100,100_OF_100_TARGET_ROSTER_ROWS,npb_plus_sprint_exposure_2026,B_CURRENT_ORDINAL_SAMPLE_COUNT_NOT_PUBLISHED,MODERATE,ACCEPTED_MODERATE_CURRENT_ORDINAL,1,single_observed_value,CURRENT_NPB_PLUS_ORDINAL_WITHIN_100_ONLY,B1_FASTEST_COHORT_OCTILE,WITHIN_SAME_METRIC_SAME_COHORT_OCTILE_ONLY,4,100,NO_T90_CONVERSION_NO_AGE_DECAY_NO_GAME_RATING,The public source does not publish per-player run sample counts or qualified-run counts. This is never converted or treated as an MLB-equivalent metric.
A0160,坂倉 将吾,2026,2026 season snapshot,NPB_PLUS_SPRINT_SPEED_KMH,30.6,km_per_hour,HIGHER_IS_FASTER,npb_plus_2026_current_roster_100,100_OF_100_TARGET_ROSTER_ROWS,npb_plus_sprint_exposure_2026,B_CURRENT_ORDINAL_SAMPLE_COUNT_NOT_PUBLISHED,MODERATE,ACCEPTED_MODERATE_CURRENT_ORDINAL,1,single_observed_value,CURRENT_NPB_PLUS_ORDINAL_WITHIN_100_ONLY,B7_LOWER_COHORT_OCTILE,WITHIN_SAME_METRIC_SAME_COHORT_OCTILE_ONLY,77,100,NO_T90_CONVERSION_NO_AGE_DECAY_NO_GAME_RATING,The public source does not publish per-player run sample counts or qualified-run counts. This is never converted or treated as an MLB-equivalent metric.
A0161,小園 海斗,2026,2026 season snapshot,NPB_PLUS_SPRINT_SPEED_KMH,31.5,km_per_hour,HIGHER_IS_FASTER,npb_plus_2026_current_roster_100,100_OF_100_TARGET_ROSTER_ROWS,npb_plus_sprint_exposure_2026,B_CURRENT_ORDINAL_SAMPLE_COUNT_NOT_PUBLISHED,MODERATE,ACCEPTED_MODERATE_CURRENT_ORDINAL,1,single_observed_value,CURRENT_NPB_PLUS_ORDINAL_WITHIN_100_ONLY,B5_MID_LOWER_COHORT_OCTILE,WITHIN_SAME_METRIC_SAME_COHORT_OCTILE_ONLY,53,100,NO_T90_CONVERSION_NO_AGE_DECAY_NO_GAME_RATING,The public source does not publish per-player run sample counts or qualified-run counts. This is never converted or treated as an MLB-equivalent metric.
A0162,矢野 雅哉,2026,2026 season snapshot,NPB_PLUS_SPRINT_SPEED_KMH,30.7,km_per_hour,HIGHER_IS_FASTER,npb_plus_2026_current_roster_100,100_OF_100_TARGET_ROSTER_ROWS,npb_plus_sprint_exposure_2026,B_CURRENT_ORDINAL_SAMPLE_COUNT_NOT_PUBLISHED,MODERATE,ACCEPTED_MODERATE_CURRENT_ORDINAL,1,single_observed_value,CURRENT_NPB_PLUS_ORDINAL_WITHIN_100_ONLY,B6_LOWER_MID_COHORT_OCTILE,WITHIN_SAME_METRIC_SAME_COHORT_OCTILE_ONLY,74,100,NO_T90_CONVERSION_NO_AGE_DECAY_NO_GAME_RATING,The public source does not publish per-player run sample counts or qualified-run counts. This is never converted or treated as an MLB-equivalent metric.
A0163,秋山 翔吾,2026,2026 season snapshot,NPB_PLUS_SPRINT_SPEED_KMH,31.6,km_per_hour,HIGHER_IS_FASTER,npb_plus_2026_current_roster_100,100_OF_100_TARGET_ROSTER_ROWS,npb_plus_sprint_exposure_2026,B_CURRENT_ORDINAL_SAMPLE_COUNT_NOT_PUBLISHED,MODERATE,ACCEPTED_MODERATE_CURRENT_ORDINAL,1,single_observed_value,CURRENT_NPB_PLUS_ORDINAL_WITHIN_100_ONLY,B4_MID_UPPER_COHORT_OCTILE,WITHIN_SAME_METRIC_SAME_COHORT_OCTILE_ONLY,50,100,NO_T90_CONVERSION_NO_AGE_DECAY_NO_GAME_RATING,The public source does not publish per-player run sample counts or qualified-run counts. This is never converted or treated as an MLB-equivalent metric.
A0164,菊池 涼介,2026,2026 season snapshot,NPB_PLUS_SPRINT_SPEED_KMH,31.8,km_per_hour,HIGHER_IS_FASTER,npb_plus_2026_current_roster_100,100_OF_100_TARGET_ROSTER_ROWS,npb_plus_sprint_exposure_2026,B_CURRENT_ORDINAL_SAMPLE_COUNT_NOT_PUBLISHED,MODERATE,ACCEPTED_MODERATE_CURRENT_ORDINAL,1,single_observed_value,CURRENT_NPB_PLUS_ORDINAL_WITHIN_100_ONLY,B4_MID_UPPER_COHORT_OCTILE,WITHIN_SAME_METRIC_SAME_COHORT_OCTILE_ONLY,41,100,NO_T90_CONVERSION_NO_AGE_DECAY_NO_GAME_RATING,The public source does not publish per-player run sample counts or qualified-run counts. This is never converted or treated as an MLB-equivalent metric.
A0165,野間 峻祥,2026,2026 season snapshot,NPB_PLUS_SPRINT_SPEED_KMH,31.7,km_per_hour,HIGHER_IS_FASTER,npb_plus_2026_current_roster_100,100_OF_100_TARGET_ROSTER_ROWS,npb_plus_sprint_exposure_2026,B_CURRENT_ORDINAL_SAMPLE_COUNT_NOT_PUBLISHED,MODERATE,ACCEPTED_MODERATE_CURRENT_ORDINAL,1,single_observed_value,CURRENT_NPB_PLUS_ORDINAL_WITHIN_100_ONLY,B4_MID_UPPER_COHORT_OCTILE,WITHIN_SAME_METRIC_SAME_COHORT_OCTILE_ONLY,47,100,NO_T90_CONVERSION_NO_AGE_DECAY_NO_GAME_RATING,The public source does not publish per-player run sample counts or qualified-run counts. This is never converted or treated as an MLB-equivalent metric.
A0166,サンタナ,2026,2026 season snapshot,NPB_PLUS_SPRINT_SPEED_KMH,30.8,km_per_hour,HIGHER_IS_FASTER,npb_plus_2026_current_roster_100,100_OF_100_TARGET_ROSTER_ROWS,npb_plus_sprint_exposure_2026,B_CURRENT_ORDINAL_SAMPLE_COUNT_NOT_PUBLISHED,MODERATE,ACCEPTED_MODERATE_CURRENT_ORDINAL,1,single_observed_value,CURRENT_NPB_PLUS_ORDINAL_WITHIN_100_ONLY,B6_LOWER_MID_COHORT_OCTILE,WITHIN_SAME_METRIC_SAME_COHORT_OCTILE_ONLY,71,100,NO_T90_CONVERSION_NO_AGE_DECAY_NO_GAME_RATING,The public source does not publish per-player run sample counts or qualified-run counts. This is never converted or treated as an MLB-equivalent metric.
A0167,並木 秀尊,2026,2026 season snapshot,NPB_PLUS_SPRINT_SPEED_KMH,33.8,km_per_hour,HIGHER_IS_FASTER,npb_plus_2026_current_roster_100,100_OF_100_TARGET_ROSTER_ROWS,npb_plus_sprint_exposure_2026,B_CURRENT_ORDINAL_SAMPLE_COUNT_NOT_PUBLISHED,MODERATE,ACCEPTED_MODERATE_CURRENT_ORDINAL,1,single_observed_value,CURRENT_NPB_PLUS_ORDINAL_WITHIN_100_ONLY,B1_FASTEST_COHORT_OCTILE,WITHIN_SAME_METRIC_SAME_COHORT_OCTILE_ONLY,3,100,NO_T90_CONVERSION_NO_AGE_DECAY_NO_GAME_RATING,The public source does not publish per-player run sample counts or qualified-run counts. This is never converted or treated as an MLB-equivalent metric.
A0168,中村 悠平,2026,2026 season snapshot,NPB_PLUS_SPRINT_SPEED_KMH,30.4,km_per_hour,HIGHER_IS_FASTER,npb_plus_2026_current_roster_100,100_OF_100_TARGET_ROSTER_ROWS,npb_plus_sprint_exposure_2026,B_CURRENT_ORDINAL_SAMPLE_COUNT_NOT_PUBLISHED,MODERATE,ACCEPTED_MODERATE_CURRENT_ORDINAL,1,single_observed_value,CURRENT_NPB_PLUS_ORDINAL_WITHIN_100_ONLY,B7_LOWER_COHORT_OCTILE,WITHIN_SAME_METRIC_SAME_COHORT_OCTILE_ONLY,84,100,NO_T90_CONVERSION_NO_AGE_DECAY_NO_GAME_RATING,The public source does not publish per-player run sample counts or qualified-run counts. This is never converted or treated as an MLB-equivalent metric.
A0169,丸山 和郁,2026,2026 season snapshot,NPB_PLUS_SPRINT_SPEED_KMH,32.4,km_per_hour,HIGHER_IS_FASTER,npb_plus_2026_current_roster_100,100_OF_100_TARGET_ROSTER_ROWS,npb_plus_sprint_exposure_2026,B_CURRENT_ORDINAL_SAMPLE_COUNT_NOT_PUBLISHED,MODERATE,ACCEPTED_MODERATE_CURRENT_ORDINAL,1,single_observed_value,CURRENT_NPB_PLUS_ORDINAL_WITHIN_100_ONLY,B3_UPPER_MID_COHORT_OCTILE,WITHIN_SAME_METRIC_SAME_COHORT_OCTILE_ONLY,30,100,NO_T90_CONVERSION_NO_AGE_DECAY_NO_GAME_RATING,The public source does not publish per-player run sample counts or qualified-run counts. This is never converted or treated as an MLB-equivalent metric.
A0170,古賀 優大,2026,2026 season snapshot,NPB_PLUS_SPRINT_SPEED_KMH,32.1,km_per_hour,HIGHER_IS_FASTER,npb_plus_2026_current_roster_100,100_OF_100_TARGET_ROSTER_ROWS,npb_plus_sprint_exposure_2026,B_CURRENT_ORDINAL_SAMPLE_COUNT_NOT_PUBLISHED,MODERATE,ACCEPTED_MODERATE_CURRENT_ORDINAL,1,single_observed_value,CURRENT_NPB_PLUS_ORDINAL_WITHIN_100_ONLY,B3_UPPER_MID_COHORT_OCTILE,WITHIN_SAME_METRIC_SAME_COHORT_OCTILE_ONLY,33,100,NO_T90_CONVERSION_NO_AGE_DECAY_NO_GAME_RATING,The public source does not publish per-player run sample counts or qualified-run counts. This is never converted or treated as an MLB-equivalent metric.
A0171,塩見 泰隆,2026,2026 season snapshot,NPB_PLUS_SPRINT_SPEED_KMH,32.3,km_per_hour,HIGHER_IS_FASTER,npb_plus_2026_current_roster_100,100_OF_100_TARGET_ROSTER_ROWS,npb_plus_sprint_exposure_2026,B_CURRENT_ORDINAL_SAMPLE_COUNT_NOT_PUBLISHED,MODERATE,ACCEPTED_MODERATE_CURRENT_ORDINAL,1,single_observed_value,CURRENT_NPB_PLUS_ORDINAL_WITHIN_100_ONLY,B3_UPPER_MID_COHORT_OCTILE,WITHIN_SAME_METRIC_SAME_COHORT_OCTILE_ONLY,32,100,NO_T90_CONVERSION_NO_AGE_DECAY_NO_GAME_RATING,The public source does not publish per-player run sample counts or qualified-run counts. This is never converted or treated as an MLB-equivalent metric.
A0172,岩田 幸宏,2026,2026 season snapshot,NPB_PLUS_SPRINT_SPEED_KMH,33.6,km_per_hour,HIGHER_IS_FASTER,npb_plus_2026_current_roster_100,100_OF_100_TARGET_ROSTER_ROWS,npb_plus_sprint_exposure_2026,B_CURRENT_ORDINAL_SAMPLE_COUNT_NOT_PUBLISHED,MODERATE,ACCEPTED_MODERATE_CURRENT_ORDINAL,1,single_observed_value,CURRENT_NPB_PLUS_ORDINAL_WITHIN_100_ONLY,B1_FASTEST_COHORT_OCTILE,WITHIN_SAME_METRIC_SAME_COHORT_OCTILE_ONLY,6,100,NO_T90_CONVERSION_NO_AGE_DECAY_NO_GAME_RATING,The public source does not publish per-player run sample counts or qualified-run counts. This is never converted or treated as an MLB-equivalent metric.
A0173,長岡 秀樹,2026,2026 season snapshot,NPB_PLUS_SPRINT_SPEED_KMH,31.6,km_per_hour,HIGHER_IS_FASTER,npb_plus_2026_current_roster_100,100_OF_100_TARGET_ROSTER_ROWS,npb_plus_sprint_exposure_2026,B_CURRENT_ORDINAL_SAMPLE_COUNT_NOT_PUBLISHED,MODERATE,ACCEPTED_MODERATE_CURRENT_ORDINAL,1,single_observed_value,CURRENT_NPB_PLUS_ORDINAL_WITHIN_100_ONLY,B5_MID_LOWER_COHORT_OCTILE,WITHIN_SAME_METRIC_SAME_COHORT_OCTILE_ONLY,51,100,NO_T90_CONVERSION_NO_AGE_DECAY_NO_GAME_RATING,The public source does not publish per-player run sample counts or qualified-run counts. This is never converted or treated as an MLB-equivalent metric.
A0174,太田 光,2026,2026 season snapshot,NPB_PLUS_SPRINT_SPEED_KMH,30.5,km_per_hour,HIGHER_IS_FASTER,npb_plus_2026_current_roster_100,100_OF_100_TARGET_ROSTER_ROWS,npb_plus_sprint_exposure_2026,B_CURRENT_ORDINAL_SAMPLE_COUNT_NOT_PUBLISHED,MODERATE,ACCEPTED_MODERATE_CURRENT_ORDINAL,1,single_observed_value,CURRENT_NPB_PLUS_ORDINAL_WITHIN_100_ONLY,B7_LOWER_COHORT_OCTILE,WITHIN_SAME_METRIC_SAME_COHORT_OCTILE_ONLY,80,100,NO_T90_CONVERSION_NO_AGE_DECAY_NO_GAME_RATING,The public source does not publish per-player run sample counts or qualified-run counts. This is never converted or treated as an MLB-equivalent metric.
A0175,村林 一輝,2026,2026 season snapshot,NPB_PLUS_SPRINT_SPEED_KMH,34.5,km_per_hour,HIGHER_IS_FASTER,npb_plus_2026_current_roster_100,100_OF_100_TARGET_ROSTER_ROWS,npb_plus_sprint_exposure_2026,B_CURRENT_ORDINAL_SAMPLE_COUNT_NOT_PUBLISHED,MODERATE,ACCEPTED_MODERATE_CURRENT_ORDINAL,1,single_observed_value,CURRENT_NPB_PLUS_ORDINAL_WITHIN_100_ONLY,B1_FASTEST_COHORT_OCTILE,WITHIN_SAME_METRIC_SAME_COHORT_OCTILE_ONLY,2,100,NO_T90_CONVERSION_NO_AGE_DECAY_NO_GAME_RATING,The public source does not publish per-player run sample counts or qualified-run counts. This is never converted or treated as an MLB-equivalent metric.
A0176,浅村 栄斗,2026,2026 season snapshot,NPB_PLUS_SPRINT_SPEED_KMH,30.5,km_per_hour,HIGHER_IS_FASTER,npb_plus_2026_current_roster_100,100_OF_100_TARGET_ROSTER_ROWS,npb_plus_sprint_exposure_2026,B_CURRENT_ORDINAL_SAMPLE_COUNT_NOT_PUBLISHED,MODERATE,ACCEPTED_MODERATE_CURRENT_ORDINAL,1,single_observed_value,CURRENT_NPB_PLUS_ORDINAL_WITHIN_100_ONLY,B7_LOWER_COHORT_OCTILE,WITHIN_SAME_METRIC_SAME_COHORT_OCTILE_ONLY,81,100,NO_T90_CONVERSION_NO_AGE_DECAY_NO_GAME_RATING,The public source does not publish per-player run sample counts or qualified-run counts. This is never converted or treated as an MLB-equivalent metric.
A0177,渡邊 佳明,2026,2026 season snapshot,NPB_PLUS_SPRINT_SPEED_KMH,30.3,km_per_hour,HIGHER_IS_FASTER,npb_plus_2026_current_roster_100,100_OF_100_TARGET_ROSTER_ROWS,npb_plus_sprint_exposure_2026,B_CURRENT_ORDINAL_SAMPLE_COUNT_NOT_PUBLISHED,MODERATE,ACCEPTED_MODERATE_CURRENT_ORDINAL,1,single_observed_value,CURRENT_NPB_PLUS_ORDINAL_WITHIN_100_ONLY,B7_LOWER_COHORT_OCTILE,WITHIN_SAME_METRIC_SAME_COHORT_OCTILE_ONLY,86,100,NO_T90_CONVERSION_NO_AGE_DECAY_NO_GAME_RATING,The public source does not publish per-player run sample counts or qualified-run counts. This is never converted or treated as an MLB-equivalent metric.
A0178,鈴木 大地,2026,2026 season snapshot,NPB_PLUS_SPRINT_SPEED_KMH,29,km_per_hour,HIGHER_IS_FASTER,npb_plus_2026_current_roster_100,100_OF_100_TARGET_ROSTER_ROWS,npb_plus_sprint_exposure_2026,B_CURRENT_ORDINAL_SAMPLE_COUNT_NOT_PUBLISHED,MODERATE,ACCEPTED_MODERATE_CURRENT_ORDINAL,1,single_observed_value,CURRENT_NPB_PLUS_ORDINAL_WITHIN_100_ONLY,B8_SLOWEST_COHORT_OCTILE,WITHIN_SAME_METRIC_SAME_COHORT_OCTILE_ONLY,100,100,NO_T90_CONVERSION_NO_AGE_DECAY_NO_GAME_RATING,The public source does not publish per-player run sample counts or qualified-run counts. This is never converted or treated as an MLB-equivalent metric.
A0179,京田 陽太,2026,2026 season snapshot,NPB_PLUS_SPRINT_SPEED_KMH,31.1,km_per_hour,HIGHER_IS_FASTER,npb_plus_2026_current_roster_100,100_OF_100_TARGET_ROSTER_ROWS,npb_plus_sprint_exposure_2026,B_CURRENT_ORDINAL_SAMPLE_COUNT_NOT_PUBLISHED,MODERATE,ACCEPTED_MODERATE_CURRENT_ORDINAL,1,single_observed_value,CURRENT_NPB_PLUS_ORDINAL_WITHIN_100_ONLY,B6_LOWER_MID_COHORT_OCTILE,WITHIN_SAME_METRIC_SAME_COHORT_OCTILE_ONLY,67,100,NO_T90_CONVERSION_NO_AGE_DECAY_NO_GAME_RATING,The public source does not publish per-player run sample counts or qualified-run counts. This is never converted or treated as an MLB-equivalent metric.
A0180,佐野 恵太,2026,2026 season snapshot,NPB_PLUS_SPRINT_SPEED_KMH,30.6,km_per_hour,HIGHER_IS_FASTER,npb_plus_2026_current_roster_100,100_OF_100_TARGET_ROSTER_ROWS,npb_plus_sprint_exposure_2026,B_CURRENT_ORDINAL_SAMPLE_COUNT_NOT_PUBLISHED,MODERATE,ACCEPTED_MODERATE_CURRENT_ORDINAL,1,single_observed_value,CURRENT_NPB_PLUS_ORDINAL_WITHIN_100_ONLY,B7_LOWER_COHORT_OCTILE,WITHIN_SAME_METRIC_SAME_COHORT_OCTILE_ONLY,78,100,NO_T90_CONVERSION_NO_AGE_DECAY_NO_GAME_RATING,The public source does not publish per-player run sample counts or qualified-run counts. This is never converted or treated as an MLB-equivalent metric.
A0181,宮﨑 敏郎,2026,2026 season snapshot,NPB_PLUS_SPRINT_SPEED_KMH,30.3,km_per_hour,HIGHER_IS_FASTER,npb_plus_2026_current_roster_100,100_OF_100_TARGET_ROSTER_ROWS,npb_plus_sprint_exposure_2026,B_CURRENT_ORDINAL_SAMPLE_COUNT_NOT_PUBLISHED,MODERATE,ACCEPTED_MODERATE_CURRENT_ORDINAL,1,single_observed_value,CURRENT_NPB_PLUS_ORDINAL_WITHIN_100_ONLY,B7_LOWER_COHORT_OCTILE,WITHIN_SAME_METRIC_SAME_COHORT_OCTILE_ONLY,87,100,NO_T90_CONVERSION_NO_AGE_DECAY_NO_GAME_RATING,The public source does not publish per-player run sample counts or qualified-run counts. This is never converted or treated as an MLB-equivalent metric.
A0182,山本 祐大,2026,2026 season snapshot,NPB_PLUS_SPRINT_SPEED_KMH,31,km_per_hour,HIGHER_IS_FASTER,npb_plus_2026_current_roster_100,100_OF_100_TARGET_ROSTER_ROWS,npb_plus_sprint_exposure_2026,B_CURRENT_ORDINAL_SAMPLE_COUNT_NOT_PUBLISHED,MODERATE,ACCEPTED_MODERATE_CURRENT_ORDINAL,1,single_observed_value,CURRENT_NPB_PLUS_ORDINAL_WITHIN_100_ONLY,B6_LOWER_MID_COHORT_OCTILE,WITHIN_SAME_METRIC_SAME_COHORT_OCTILE_ONLY,69,100,NO_T90_CONVERSION_NO_AGE_DECAY_NO_GAME_RATING,The public source does not publish per-player run sample counts or qualified-run counts. This is never converted or treated as an MLB-equivalent metric.
A0183,度会 隆輝,2026,2026 season snapshot,NPB_PLUS_SPRINT_SPEED_KMH,31.7,km_per_hour,HIGHER_IS_FASTER,npb_plus_2026_current_roster_100,100_OF_100_TARGET_ROSTER_ROWS,npb_plus_sprint_exposure_2026,B_CURRENT_ORDINAL_SAMPLE_COUNT_NOT_PUBLISHED,MODERATE,ACCEPTED_MODERATE_CURRENT_ORDINAL,1,single_observed_value,CURRENT_NPB_PLUS_ORDINAL_WITHIN_100_ONLY,B4_MID_UPPER_COHORT_OCTILE,WITHIN_SAME_METRIC_SAME_COHORT_OCTILE_ONLY,48,100,NO_T90_CONVERSION_NO_AGE_DECAY_NO_GAME_RATING,The public source does not publish per-player run sample counts or qualified-run counts. This is never converted or treated as an MLB-equivalent metric.
A0184,林 琢真,2026,2026 season snapshot,NPB_PLUS_SPRINT_SPEED_KMH,32,km_per_hour,HIGHER_IS_FASTER,npb_plus_2026_current_roster_100,100_OF_100_TARGET_ROSTER_ROWS,npb_plus_sprint_exposure_2026,B_CURRENT_ORDINAL_SAMPLE_COUNT_NOT_PUBLISHED,MODERATE,ACCEPTED_MODERATE_CURRENT_ORDINAL,1,single_observed_value,CURRENT_NPB_PLUS_ORDINAL_WITHIN_100_ONLY,B3_UPPER_MID_COHORT_OCTILE,WITHIN_SAME_METRIC_SAME_COHORT_OCTILE_ONLY,37,100,NO_T90_CONVERSION_NO_AGE_DECAY_NO_GAME_RATING,The public source does not publish per-player run sample counts or qualified-run counts. This is never converted or treated as an MLB-equivalent metric.
A0185,梶原 昂希,2026,2026 season snapshot,NPB_PLUS_SPRINT_SPEED_KMH,33.4,km_per_hour,HIGHER_IS_FASTER,npb_plus_2026_current_roster_100,100_OF_100_TARGET_ROSTER_ROWS,npb_plus_sprint_exposure_2026,B_CURRENT_ORDINAL_SAMPLE_COUNT_NOT_PUBLISHED,MODERATE,ACCEPTED_MODERATE_CURRENT_ORDINAL,1,single_observed_value,CURRENT_NPB_PLUS_ORDINAL_WITHIN_100_ONLY,B1_FASTEST_COHORT_OCTILE,WITHIN_SAME_METRIC_SAME_COHORT_OCTILE_ONLY,12,100,NO_T90_CONVERSION_NO_AGE_DECAY_NO_GAME_RATING,The public source does not publish per-player run sample counts or qualified-run counts. This is never converted or treated as an MLB-equivalent metric.
A0186,牧 秀悟,2026,2026 season snapshot,NPB_PLUS_SPRINT_SPEED_KMH,31.6,km_per_hour,HIGHER_IS_FASTER,npb_plus_2026_current_roster_100,100_OF_100_TARGET_ROSTER_ROWS,npb_plus_sprint_exposure_2026,B_CURRENT_ORDINAL_SAMPLE_COUNT_NOT_PUBLISHED,MODERATE,ACCEPTED_MODERATE_CURRENT_ORDINAL,1,single_observed_value,CURRENT_NPB_PLUS_ORDINAL_WITHIN_100_ONLY,B5_MID_LOWER_COHORT_OCTILE,WITHIN_SAME_METRIC_SAME_COHORT_OCTILE_ONLY,52,100,NO_T90_CONVERSION_NO_AGE_DECAY_NO_GAME_RATING,The public source does not publish per-player run sample counts or qualified-run counts. This is never converted or treated as an MLB-equivalent metric.
A0187,筒香 嘉智,2026,2026 season snapshot,NPB_PLUS_SPRINT_SPEED_KMH,30.2,km_per_hour,HIGHER_IS_FASTER,npb_plus_2026_current_roster_100,100_OF_100_TARGET_ROSTER_ROWS,npb_plus_sprint_exposure_2026,B_CURRENT_ORDINAL_SAMPLE_COUNT_NOT_PUBLISHED,MODERATE,ACCEPTED_MODERATE_CURRENT_ORDINAL,1,single_observed_value,CURRENT_NPB_PLUS_ORDINAL_WITHIN_100_ONLY,B8_SLOWEST_COHORT_OCTILE,WITHIN_SAME_METRIC_SAME_COHORT_OCTILE_ONLY,89,100,NO_T90_CONVERSION_NO_AGE_DECAY_NO_GAME_RATING,The public source does not publish per-player run sample counts or qualified-run counts. This is never converted or treated as an MLB-equivalent metric.
A0188,蝦名 達夫,2026,2026 season snapshot,NPB_PLUS_SPRINT_SPEED_KMH,31.4,km_per_hour,HIGHER_IS_FASTER,npb_plus_2026_current_roster_100,100_OF_100_TARGET_ROSTER_ROWS,npb_plus_sprint_exposure_2026,B_CURRENT_ORDINAL_SAMPLE_COUNT_NOT_PUBLISHED,MODERATE,ACCEPTED_MODERATE_CURRENT_ORDINAL,1,single_observed_value,CURRENT_NPB_PLUS_ORDINAL_WITHIN_100_ONLY,B5_MID_LOWER_COHORT_OCTILE,WITHIN_SAME_METRIC_SAME_COHORT_OCTILE_ONLY,56,100,NO_T90_CONVERSION_NO_AGE_DECAY_NO_GAME_RATING,The public source does not publish per-player run sample counts or qualified-run counts. This is never converted or treated as an MLB-equivalent metric.
A0189,今宮 健太,2026,2026 season snapshot,NPB_PLUS_SPRINT_SPEED_KMH,30.4,km_per_hour,HIGHER_IS_FASTER,npb_plus_2026_current_roster_100,100_OF_100_TARGET_ROSTER_ROWS,npb_plus_sprint_exposure_2026,B_CURRENT_ORDINAL_SAMPLE_COUNT_NOT_PUBLISHED,MODERATE,ACCEPTED_MODERATE_CURRENT_ORDINAL,1,single_observed_value,CURRENT_NPB_PLUS_ORDINAL_WITHIN_100_ONLY,B7_LOWER_COHORT_OCTILE,WITHIN_SAME_METRIC_SAME_COHORT_OCTILE_ONLY,85,100,NO_T90_CONVERSION_NO_AGE_DECAY_NO_GAME_RATING,The public source does not publish per-player run sample counts or qualified-run counts. This is never converted or treated as an MLB-equivalent metric.
A0190,周東 佑京,2026,2026 season snapshot,NPB_PLUS_SPRINT_SPEED_KMH,35,km_per_hour,HIGHER_IS_FASTER,npb_plus_2026_current_roster_100,100_OF_100_TARGET_ROSTER_ROWS,npb_plus_sprint_exposure_2026,B_CURRENT_ORDINAL_SAMPLE_COUNT_NOT_PUBLISHED,MODERATE,ACCEPTED_MODERATE_CURRENT_ORDINAL,1,single_observed_value,CURRENT_NPB_PLUS_ORDINAL_WITHIN_100_ONLY,B1_FASTEST_COHORT_OCTILE,WITHIN_SAME_METRIC_SAME_COHORT_OCTILE_ONLY,1,100,NO_T90_CONVERSION_NO_AGE_DECAY_NO_GAME_RATING,The public source does not publish per-player run sample counts or qualified-run counts. This is never converted or treated as an MLB-equivalent metric.
A0191,山川 穂高,2026,2026 season snapshot,NPB_PLUS_SPRINT_SPEED_KMH,29.4,km_per_hour,HIGHER_IS_FASTER,npb_plus_2026_current_roster_100,100_OF_100_TARGET_ROSTER_ROWS,npb_plus_sprint_exposure_2026,B_CURRENT_ORDINAL_SAMPLE_COUNT_NOT_PUBLISHED,MODERATE,ACCEPTED_MODERATE_CURRENT_ORDINAL,1,single_observed_value,CURRENT_NPB_PLUS_ORDINAL_WITHIN_100_ONLY,B8_SLOWEST_COHORT_OCTILE,WITHIN_SAME_METRIC_SAME_COHORT_OCTILE_ONLY,96,100,NO_T90_CONVERSION_NO_AGE_DECAY_NO_GAME_RATING,The public source does not publish per-player run sample counts or qualified-run counts. This is never converted or treated as an MLB-equivalent metric.
A0192,柳田 悠岐,2026,2026 season snapshot,NPB_PLUS_SPRINT_SPEED_KMH,32.1,km_per_hour,HIGHER_IS_FASTER,npb_plus_2026_current_roster_100,100_OF_100_TARGET_ROSTER_ROWS,npb_plus_sprint_exposure_2026,B_CURRENT_ORDINAL_SAMPLE_COUNT_NOT_PUBLISHED,MODERATE,ACCEPTED_MODERATE_CURRENT_ORDINAL,1,single_observed_value,CURRENT_NPB_PLUS_ORDINAL_WITHIN_100_ONLY,B3_UPPER_MID_COHORT_OCTILE,WITHIN_SAME_METRIC_SAME_COHORT_OCTILE_ONLY,34,100,NO_T90_CONVERSION_NO_AGE_DECAY_NO_GAME_RATING,The public source does not publish per-player run sample counts or qualified-run counts. This is never converted or treated as an MLB-equivalent metric.
A0193,柳町 達,2026,2026 season snapshot,NPB_PLUS_SPRINT_SPEED_KMH,31.5,km_per_hour,HIGHER_IS_FASTER,npb_plus_2026_current_roster_100,100_OF_100_TARGET_ROSTER_ROWS,npb_plus_sprint_exposure_2026,B_CURRENT_ORDINAL_SAMPLE_COUNT_NOT_PUBLISHED,MODERATE,ACCEPTED_MODERATE_CURRENT_ORDINAL,1,single_observed_value,CURRENT_NPB_PLUS_ORDINAL_WITHIN_100_ONLY,B5_MID_LOWER_COHORT_OCTILE,WITHIN_SAME_METRIC_SAME_COHORT_OCTILE_ONLY,54,100,NO_T90_CONVERSION_NO_AGE_DECAY_NO_GAME_RATING,The public source does not publish per-player run sample counts or qualified-run counts. This is never converted or treated as an MLB-equivalent metric.
A0194,栗原 陵矢,2026,2026 season snapshot,NPB_PLUS_SPRINT_SPEED_KMH,31.3,km_per_hour,HIGHER_IS_FASTER,npb_plus_2026_current_roster_100,100_OF_100_TARGET_ROSTER_ROWS,npb_plus_sprint_exposure_2026,B_CURRENT_ORDINAL_SAMPLE_COUNT_NOT_PUBLISHED,MODERATE,ACCEPTED_MODERATE_CURRENT_ORDINAL,1,single_observed_value,CURRENT_NPB_PLUS_ORDINAL_WITHIN_100_ONLY,B5_MID_LOWER_COHORT_OCTILE,WITHIN_SAME_METRIC_SAME_COHORT_OCTILE_ONLY,61,100,NO_T90_CONVERSION_NO_AGE_DECAY_NO_GAME_RATING,The public source does not publish per-player run sample counts or qualified-run counts. This is never converted or treated as an MLB-equivalent metric.
A0195,正木 智也,2026,2026 season snapshot,NPB_PLUS_SPRINT_SPEED_KMH,31.1,km_per_hour,HIGHER_IS_FASTER,npb_plus_2026_current_roster_100,100_OF_100_TARGET_ROSTER_ROWS,npb_plus_sprint_exposure_2026,B_CURRENT_ORDINAL_SAMPLE_COUNT_NOT_PUBLISHED,MODERATE,ACCEPTED_MODERATE_CURRENT_ORDINAL,1,single_observed_value,CURRENT_NPB_PLUS_ORDINAL_WITHIN_100_ONLY,B6_LOWER_MID_COHORT_OCTILE,WITHIN_SAME_METRIC_SAME_COHORT_OCTILE_ONLY,68,100,NO_T90_CONVERSION_NO_AGE_DECAY_NO_GAME_RATING,The public source does not publish per-player run sample counts or qualified-run counts. This is never converted or treated as an MLB-equivalent metric.
A0196,海野 隆司,2026,2026 season snapshot,NPB_PLUS_SPRINT_SPEED_KMH,30.3,km_per_hour,HIGHER_IS_FASTER,npb_plus_2026_current_roster_100,100_OF_100_TARGET_ROSTER_ROWS,npb_plus_sprint_exposure_2026,B_CURRENT_ORDINAL_SAMPLE_COUNT_NOT_PUBLISHED,MODERATE,ACCEPTED_MODERATE_CURRENT_ORDINAL,1,single_observed_value,CURRENT_NPB_PLUS_ORDINAL_WITHIN_100_ONLY,B8_SLOWEST_COHORT_OCTILE,WITHIN_SAME_METRIC_SAME_COHORT_OCTILE_ONLY,88,100,NO_T90_CONVERSION_NO_AGE_DECAY_NO_GAME_RATING,The public source does not publish per-player run sample counts or qualified-run counts. This is never converted or treated as an MLB-equivalent metric.
A0197,牧原 大成,2026,2026 season snapshot,NPB_PLUS_SPRINT_SPEED_KMH,33.5,km_per_hour,HIGHER_IS_FASTER,npb_plus_2026_current_roster_100,100_OF_100_TARGET_ROSTER_ROWS,npb_plus_sprint_exposure_2026,B_CURRENT_ORDINAL_SAMPLE_COUNT_NOT_PUBLISHED,MODERATE,ACCEPTED_MODERATE_CURRENT_ORDINAL,1,single_observed_value,CURRENT_NPB_PLUS_ORDINAL_WITHIN_100_ONLY,B1_FASTEST_COHORT_OCTILE,WITHIN_SAME_METRIC_SAME_COHORT_OCTILE_ONLY,8,100,NO_T90_CONVERSION_NO_AGE_DECAY_NO_GAME_RATING,The public source does not publish per-player run sample counts or qualified-run counts. This is never converted or treated as an MLB-equivalent metric.
A0198,近藤 健介,2026,2026 season snapshot,NPB_PLUS_SPRINT_SPEED_KMH,31.2,km_per_hour,HIGHER_IS_FASTER,npb_plus_2026_current_roster_100,100_OF_100_TARGET_ROSTER_ROWS,npb_plus_sprint_exposure_2026,B_CURRENT_ORDINAL_SAMPLE_COUNT_NOT_PUBLISHED,MODERATE,ACCEPTED_MODERATE_CURRENT_ORDINAL,1,single_observed_value,CURRENT_NPB_PLUS_ORDINAL_WITHIN_100_ONLY,B6_LOWER_MID_COHORT_OCTILE,WITHIN_SAME_METRIC_SAME_COHORT_OCTILE_ONLY,64,100,NO_T90_CONVERSION_NO_AGE_DECAY_NO_GAME_RATING,The public source does not publish per-player run sample counts or qualified-run counts. This is never converted or treated as an MLB-equivalent metric.
A0199,丸 佳浩,2026,2026 season snapshot,NPB_PLUS_SPRINT_SPEED_KMH,31.4,km_per_hour,HIGHER_IS_FASTER,npb_plus_2026_current_roster_100,100_OF_100_TARGET_ROSTER_ROWS,npb_plus_sprint_exposure_2026,B_CURRENT_ORDINAL_SAMPLE_COUNT_NOT_PUBLISHED,MODERATE,ACCEPTED_MODERATE_CURRENT_ORDINAL,1,single_observed_value,CURRENT_NPB_PLUS_ORDINAL_WITHIN_100_ONLY,B5_MID_LOWER_COHORT_OCTILE,WITHIN_SAME_METRIC_SAME_COHORT_OCTILE_ONLY,57,100,NO_T90_CONVERSION_NO_AGE_DECAY_NO_GAME_RATING,The public source does not publish per-player run sample counts or qualified-run counts. This is never converted or treated as an MLB-equivalent metric.
A0200,佐々木 俊輔,2026,2026 season snapshot,NPB_PLUS_SPRINT_SPEED_KMH,33,km_per_hour,HIGHER_IS_FASTER,npb_plus_2026_current_roster_100,100_OF_100_TARGET_ROSTER_ROWS,npb_plus_sprint_exposure_2026,B_CURRENT_ORDINAL_SAMPLE_COUNT_NOT_PUBLISHED,MODERATE,ACCEPTED_MODERATE_CURRENT_ORDINAL,1,single_observed_value,CURRENT_NPB_PLUS_ORDINAL_WITHIN_100_ONLY,B2_UPPER_COHORT_OCTILE,WITHIN_SAME_METRIC_SAME_COHORT_OCTILE_ONLY,16,100,NO_T90_CONVERSION_NO_AGE_DECAY_NO_GAME_RATING,The public source does not publish per-player run sample counts or qualified-run counts. This is never converted or treated as an MLB-equivalent metric.
A0201,吉川 尚輝,2026,2026 season snapshot,NPB_PLUS_SPRINT_SPEED_KMH,32.5,km_per_hour,HIGHER_IS_FASTER,npb_plus_2026_current_roster_100,100_OF_100_TARGET_ROSTER_ROWS,npb_plus_sprint_exposure_2026,B_CURRENT_ORDINAL_SAMPLE_COUNT_NOT_PUBLISHED,MODERATE,ACCEPTED_MODERATE_CURRENT_ORDINAL,1,single_observed_value,CURRENT_NPB_PLUS_ORDINAL_WITHIN_100_ONLY,B3_UPPER_MID_COHORT_OCTILE,WITHIN_SAME_METRIC_SAME_COHORT_OCTILE_ONLY,27,100,NO_T90_CONVERSION_NO_AGE_DECAY_NO_GAME_RATING,The public source does not publish per-player run sample counts or qualified-run counts. This is never converted or treated as an MLB-equivalent metric.
A0202,大城 卓三,2026,2026 season snapshot,NPB_PLUS_SPRINT_SPEED_KMH,29.2,km_per_hour,HIGHER_IS_FASTER,npb_plus_2026_current_roster_100,100_OF_100_TARGET_ROSTER_ROWS,npb_plus_sprint_exposure_2026,B_CURRENT_ORDINAL_SAMPLE_COUNT_NOT_PUBLISHED,MODERATE,ACCEPTED_MODERATE_CURRENT_ORDINAL,1,single_observed_value,CURRENT_NPB_PLUS_ORDINAL_WITHIN_100_ONLY,B8_SLOWEST_COHORT_OCTILE,WITHIN_SAME_METRIC_SAME_COHORT_OCTILE_ONLY,98,100,NO_T90_CONVERSION_NO_AGE_DECAY_NO_GAME_RATING,The public source does not publish per-player run sample counts or qualified-run counts. This is never converted or treated as an MLB-equivalent metric.
A0203,岸田 行倫,2026,2026 season snapshot,NPB_PLUS_SPRINT_SPEED_KMH,29.4,km_per_hour,HIGHER_IS_FASTER,npb_plus_2026_current_roster_100,100_OF_100_TARGET_ROSTER_ROWS,npb_plus_sprint_exposure_2026,B_CURRENT_ORDINAL_SAMPLE_COUNT_NOT_PUBLISHED,MODERATE,ACCEPTED_MODERATE_CURRENT_ORDINAL,1,single_observed_value,CURRENT_NPB_PLUS_ORDINAL_WITHIN_100_ONLY,B8_SLOWEST_COHORT_OCTILE,WITHIN_SAME_METRIC_SAME_COHORT_OCTILE_ONLY,97,100,NO_T90_CONVERSION_NO_AGE_DECAY_NO_GAME_RATING,The public source does not publish per-player run sample counts or qualified-run counts. This is never converted or treated as an MLB-equivalent metric.
A0204,松本 剛,2026,2026 season snapshot,NPB_PLUS_SPRINT_SPEED_KMH,31.4,km_per_hour,HIGHER_IS_FASTER,npb_plus_2026_current_roster_100,100_OF_100_TARGET_ROSTER_ROWS,npb_plus_sprint_exposure_2026,B_CURRENT_ORDINAL_SAMPLE_COUNT_NOT_PUBLISHED,MODERATE,ACCEPTED_MODERATE_CURRENT_ORDINAL,1,single_observed_value,CURRENT_NPB_PLUS_ORDINAL_WITHIN_100_ONLY,B5_MID_LOWER_COHORT_OCTILE,WITHIN_SAME_METRIC_SAME_COHORT_OCTILE_ONLY,58,100,NO_T90_CONVERSION_NO_AGE_DECAY_NO_GAME_RATING,The public source does not publish per-player run sample counts or qualified-run counts. This is never converted or treated as an MLB-equivalent metric.
A0205,中野 拓夢,2026,2026 season snapshot,NPB_PLUS_SPRINT_SPEED_KMH,32.9,km_per_hour,HIGHER_IS_FASTER,npb_plus_2026_current_roster_100,100_OF_100_TARGET_ROSTER_ROWS,npb_plus_sprint_exposure_2026,B_CURRENT_ORDINAL_SAMPLE_COUNT_NOT_PUBLISHED,MODERATE,ACCEPTED_MODERATE_CURRENT_ORDINAL,1,single_observed_value,CURRENT_NPB_PLUS_ORDINAL_WITHIN_100_ONLY,B2_UPPER_COHORT_OCTILE,WITHIN_SAME_METRIC_SAME_COHORT_OCTILE_ONLY,18,100,NO_T90_CONVERSION_NO_AGE_DECAY_NO_GAME_RATING,The public source does not publish per-player run sample counts or qualified-run counts. This is never converted or treated as an MLB-equivalent metric.
A0206,伏見 寅威,2026,2026 season snapshot,NPB_PLUS_SPRINT_SPEED_KMH,29.1,km_per_hour,HIGHER_IS_FASTER,npb_plus_2026_current_roster_100,100_OF_100_TARGET_ROSTER_ROWS,npb_plus_sprint_exposure_2026,B_CURRENT_ORDINAL_SAMPLE_COUNT_NOT_PUBLISHED,MODERATE,ACCEPTED_MODERATE_CURRENT_ORDINAL,1,single_observed_value,CURRENT_NPB_PLUS_ORDINAL_WITHIN_100_ONLY,B8_SLOWEST_COHORT_OCTILE,WITHIN_SAME_METRIC_SAME_COHORT_OCTILE_ONLY,99,100,NO_T90_CONVERSION_NO_AGE_DECAY_NO_GAME_RATING,The public source does not publish per-player run sample counts or qualified-run counts. This is never converted or treated as an MLB-equivalent metric.
A0207,佐藤 輝明,2026,2026 season snapshot,NPB_PLUS_SPRINT_SPEED_KMH,32.1,km_per_hour,HIGHER_IS_FASTER,npb_plus_2026_current_roster_100,100_OF_100_TARGET_ROSTER_ROWS,npb_plus_sprint_exposure_2026,B_CURRENT_ORDINAL_SAMPLE_COUNT_NOT_PUBLISHED,MODERATE,ACCEPTED_MODERATE_CURRENT_ORDINAL,1,single_observed_value,CURRENT_NPB_PLUS_ORDINAL_WITHIN_100_ONLY,B3_UPPER_MID_COHORT_OCTILE,WITHIN_SAME_METRIC_SAME_COHORT_OCTILE_ONLY,35,100,NO_T90_CONVERSION_NO_AGE_DECAY_NO_GAME_RATING,The public source does not publish per-player run sample counts or qualified-run counts. This is never converted or treated as an MLB-equivalent metric.
A0208,坂本 誠志郎,2026,2026 season snapshot,NPB_PLUS_SPRINT_SPEED_KMH,30.2,km_per_hour,HIGHER_IS_FASTER,npb_plus_2026_current_roster_100,100_OF_100_TARGET_ROSTER_ROWS,npb_plus_sprint_exposure_2026,B_CURRENT_ORDINAL_SAMPLE_COUNT_NOT_PUBLISHED,MODERATE,ACCEPTED_MODERATE_CURRENT_ORDINAL,1,single_observed_value,CURRENT_NPB_PLUS_ORDINAL_WITHIN_100_ONLY,B8_SLOWEST_COHORT_OCTILE,WITHIN_SAME_METRIC_SAME_COHORT_OCTILE_ONLY,90,100,NO_T90_CONVERSION_NO_AGE_DECAY_NO_GAME_RATING,The public source does not publish per-player run sample counts or qualified-run counts. This is never converted or treated as an MLB-equivalent metric.
A0209,大山 悠輔,2026,2026 season snapshot,NPB_PLUS_SPRINT_SPEED_KMH,30.5,km_per_hour,HIGHER_IS_FASTER,npb_plus_2026_current_roster_100,100_OF_100_TARGET_ROSTER_ROWS,npb_plus_sprint_exposure_2026,B_CURRENT_ORDINAL_SAMPLE_COUNT_NOT_PUBLISHED,MODERATE,ACCEPTED_MODERATE_CURRENT_ORDINAL,1,single_observed_value,CURRENT_NPB_PLUS_ORDINAL_WITHIN_100_ONLY,B7_LOWER_COHORT_OCTILE,WITHIN_SAME_METRIC_SAME_COHORT_OCTILE_ONLY,82,100,NO_T90_CONVERSION_NO_AGE_DECAY_NO_GAME_RATING,The public source does not publish per-player run sample counts or qualified-run counts. This is never converted or treated as an MLB-equivalent metric.
A0210,小幡 竜平,2026,2026 season snapshot,NPB_PLUS_SPRINT_SPEED_KMH,32.8,km_per_hour,HIGHER_IS_FASTER,npb_plus_2026_current_roster_100,100_OF_100_TARGET_ROSTER_ROWS,npb_plus_sprint_exposure_2026,B_CURRENT_ORDINAL_SAMPLE_COUNT_NOT_PUBLISHED,MODERATE,ACCEPTED_MODERATE_CURRENT_ORDINAL,1,single_observed_value,CURRENT_NPB_PLUS_ORDINAL_WITHIN_100_ONLY,B2_UPPER_COHORT_OCTILE,WITHIN_SAME_METRIC_SAME_COHORT_OCTILE_ONLY,19,100,NO_T90_CONVERSION_NO_AGE_DECAY_NO_GAME_RATING,The public source does not publish per-player run sample counts or qualified-run counts. This is never converted or treated as an MLB-equivalent metric.
A0211,木浪 聖也,2026,2026 season snapshot,NPB_PLUS_SPRINT_SPEED_KMH,30,km_per_hour,HIGHER_IS_FASTER,npb_plus_2026_current_roster_100,100_OF_100_TARGET_ROSTER_ROWS,npb_plus_sprint_exposure_2026,B_CURRENT_ORDINAL_SAMPLE_COUNT_NOT_PUBLISHED,MODERATE,ACCEPTED_MODERATE_CURRENT_ORDINAL,1,single_observed_value,CURRENT_NPB_PLUS_ORDINAL_WITHIN_100_ONLY,B8_SLOWEST_COHORT_OCTILE,WITHIN_SAME_METRIC_SAME_COHORT_OCTILE_ONLY,92,100,NO_T90_CONVERSION_NO_AGE_DECAY_NO_GAME_RATING,The public source does not publish per-player run sample counts or qualified-run counts. This is never converted or treated as an MLB-equivalent metric.
A0212,梅野 隆太郎,2026,2026 season snapshot,NPB_PLUS_SPRINT_SPEED_KMH,30.6,km_per_hour,HIGHER_IS_FASTER,npb_plus_2026_current_roster_100,100_OF_100_TARGET_ROSTER_ROWS,npb_plus_sprint_exposure_2026,B_CURRENT_ORDINAL_SAMPLE_COUNT_NOT_PUBLISHED,MODERATE,ACCEPTED_MODERATE_CURRENT_ORDINAL,1,single_observed_value,CURRENT_NPB_PLUS_ORDINAL_WITHIN_100_ONLY,B7_LOWER_COHORT_OCTILE,WITHIN_SAME_METRIC_SAME_COHORT_OCTILE_ONLY,79,100,NO_T90_CONVERSION_NO_AGE_DECAY_NO_GAME_RATING,The public source does not publish per-player run sample counts or qualified-run counts. This is never converted or treated as an MLB-equivalent metric.
A0213,森下 翔太,2026,2026 season snapshot,NPB_PLUS_SPRINT_SPEED_KMH,30.5,km_per_hour,HIGHER_IS_FASTER,npb_plus_2026_current_roster_100,100_OF_100_TARGET_ROSTER_ROWS,npb_plus_sprint_exposure_2026,B_CURRENT_ORDINAL_SAMPLE_COUNT_NOT_PUBLISHED,MODERATE,ACCEPTED_MODERATE_CURRENT_ORDINAL,1,single_observed_value,CURRENT_NPB_PLUS_ORDINAL_WITHIN_100_ONLY,B7_LOWER_COHORT_OCTILE,WITHIN_SAME_METRIC_SAME_COHORT_OCTILE_ONLY,83,100,NO_T90_CONVERSION_NO_AGE_DECAY_NO_GAME_RATING,The public source does not publish per-player run sample counts or qualified-run counts. This is never converted or treated as an MLB-equivalent metric.
