lane_id	lane_label	region_or_league	topic_code	topic_family	status	query_formulations	searched_domains_source_families	year_coverage	retained_events	negative_search_result	second_pass_discovery_result	closure_reason	reason_if_not_applicable_or_blocked	source_quality_note	wave2_notes
NPB_NATIONAL	NPB national	Japan	A	rules / on-field environment	SEARCHED_SATURATED	NPB rules / on-field environment history rule reform farm draft contract governance || NPB national rules / on-field environment official archive history 1946-2026 source-families=npb.jp;draft.npb.jp;NPB league/farm archives || second-pass NPB national rules / on-field environment failure reversal negative result	npb.jp;draft.npb.jp;NPB league/farm archives	1946-2026	PNN-007	No materially distinct mechanism beyond existing PW/open domains was retained after the second pass.	Second pass retained PNN-007 as evidence.	Two formulation families plus source checking reached bounded saturation; later archival discoveries remain admissible.		Primary/official checked where available; secondary context is marked in event rows.	Independent cell receipt; not closed by query-count alone.
NPB_NATIONAL	NPB national	Japan	B	draft / amateur acquisition	SEARCHED_SATURATED	NPB draft / amateur acquisition history rule reform farm draft contract governance || NPB national draft / amateur acquisition official archive history 1946-2026 source-families=npb.jp;draft.npb.jp;NPB league/farm archives || second-pass NPB national draft / amateur acquisition failure reversal negative result	npb.jp;draft.npb.jp;NPB league/farm archives	1946-2026	PNN-003;PNN-004;PNN-008;PNW2-004;PNW2-005	No materially distinct mechanism beyond existing PW/open domains was retained after the second pass.	Second pass retained PNN-003,PNN-004,PNN-008,PNW2-004,PNW2-005 as evidence.	Two formulation families plus source checking reached bounded saturation; later archival discoveries remain admissible.		Primary/official checked where available; secondary context is marked in event rows.	Independent cell receipt; not closed by query-count alone.
NPB_NATIONAL	NPB national	Japan	C	contracts / FA / player movement	SEARCHED_SATURATED	NPB contracts / FA / player movement history rule reform farm draft contract governance || NPB national contracts / FA / player movement official archive history 1946-2026 source-families=npb.jp;draft.npb.jp;NPB league/farm archives || second-pass NPB national contracts / FA / player movement failure reversal negative result	npb.jp;draft.npb.jp;NPB league/farm archives	1946-2026	PNN-002;PNN-003;PNN-008;PNN-049;PNW2-006	No materially distinct mechanism beyond existing PW/open domains was retained after the second pass.	Second pass retained PNN-002,PNN-003,PNN-008,PNN-049,PNW2-006 as evidence.	Two formulation families plus source checking reached bounded saturation; later archival discoveries remain admissible.		Primary/official checked where available; secondary context is marked in event rows.	Independent cell receipt; not closed by query-count alone.
NPB_NATIONAL	NPB national	Japan	D	organization / roster / competitive balance	SEARCHED_SATURATED	NPB organization / roster / competitive balance history rule reform farm draft contract governance || NPB national organization / roster / competitive balance official archive history 1946-2026 source-families=npb.jp;draft.npb.jp;NPB league/farm archives || second-pass NPB national organization / roster / competitive balance failure reversal negative result	npb.jp;draft.npb.jp;NPB league/farm archives	1946-2026	PNN-001;PNN-003;PNN-004;PNN-005;PNN-039;PNN-040;PNW2-001;PNW2-003;PNW2-004;PNW2-007;PNW2-008;PNW2-017;PNW2-041	No materially distinct mechanism beyond existing PW/open domains was retained after the second pass.	Second pass retained PNN-001,PNN-003,PNN-004,PNN-005,PNN-039,PNN-040,PNW2-001,PNW2-003,PNW2-004,PNW2-007,PNW2-008,PNW2-017,PNW2-041 as evidence.	Two formulation families plus source checking reached bounded saturation; later archival discoveries remain admissible.		Primary/official checked where available; secondary context is marked in event rows.	Independent cell receipt; not closed by query-count alone.
NPB_NATIONAL	NPB national	Japan	E	player development	SEARCHED_SATURATED	NPB player development history rule reform farm draft contract governance || NPB national player development official archive history 1946-2026 source-families=npb.jp;draft.npb.jp;NPB league/farm archives || second-pass NPB national player development failure reversal negative result	npb.jp;draft.npb.jp;NPB league/farm archives	1946-2026	PNN-005;PNN-006;PNN-008;PNN-035;PNW2-003;PNW2-008;PNW2-009;PNW2-010;PNW2-011;PNW2-014;PNW2-015;PNW2-016;PNW2-017	No materially distinct mechanism beyond existing PW/open domains was retained after the second pass.	Second pass retained PNN-005,PNN-006,PNN-008,PNN-035,PNW2-003,PNW2-008,PNW2-009,PNW2-010,PNW2-011,PNW2-014,PNW2-015,PNW2-016,PNW2-017 as evidence.	Two formulation families plus source checking reached bounded saturation; later archival discoveries remain admissible.		Primary/official checked where available; secondary context is marked in event rows.	Independent cell receipt; not closed by query-count alone.
NPB_NATIONAL	NPB national	Japan	F	scouting / analytics / AI / technology	SEARCHED_SATURATED	NPB scouting / analytics / AI / technology history rule reform farm draft contract governance || NPB national scouting / analytics / AI / technology official archive history 1946-2026 source-families=npb.jp;draft.npb.jp;NPB league/farm archives || second-pass NPB national scouting / analytics / AI / technology failure reversal negative result	npb.jp;draft.npb.jp;NPB league/farm archives	1946-2026	PNN-006;PNN-035;PNW2-011;PNW2-012;PNW2-013;PNW2-015	No materially distinct mechanism beyond existing PW/open domains was retained after the second pass.	Second pass retained PNN-006,PNN-035,PNW2-011,PNW2-012,PNW2-013,PNW2-015 as evidence.	Two formulation families plus source checking reached bounded saturation; later archival discoveries remain admissible.		Primary/official checked where available; secondary context is marked in event rows.	Independent cell receipt; not closed by query-count alone.
NPB_NATIONAL	NPB national	Japan	G	staff / culture / organizational knowledge	SEARCHED_SATURATED	NPB staff / culture / organizational knowledge history rule reform farm draft contract governance || NPB national staff / culture / organizational knowledge official archive history 1946-2026 source-families=npb.jp;draft.npb.jp;NPB league/farm archives || second-pass NPB national staff / culture / organizational knowledge failure reversal negative result	npb.jp;draft.npb.jp;NPB league/farm archives	1946-2026	PNN-006;PNN-035;PNW2-003;PNW2-009;PNW2-011;PNW2-012;PNW2-013;PNW2-015	No materially distinct mechanism beyond existing PW/open domains was retained after the second pass.	Second pass retained PNN-006,PNN-035,PNW2-003,PNW2-009,PNW2-011,PNW2-012,PNW2-013,PNW2-015 as evidence.	Two formulation families plus source checking reached bounded saturation; later archival discoveries remain admissible.		Primary/official checked where available; secondary context is marked in event rows.	Independent cell receipt; not closed by query-count alone.
NPB_NATIONAL	NPB national	Japan	H	opponent research / adaptation	SEARCHED_NEEDS_MORE	NPB opponent research / adaptation history rule reform farm draft contract governance || NPB national opponent research / adaptation official archive history 1946-2026 source-families=npb.jp;draft.npb.jp;NPB league/farm archives || second-pass NPB national opponent research / adaptation failure reversal negative result	npb.jp;draft.npb.jp;NPB league/farm archives	1946-2026	PNW2-013	Searches found covered mechanisms, source-thin references, or details not safe to generalize.	Second pass retained PNW2-013 but did not establish saturation.	Not closed: keep open for a targeted later pass; retained evidence is a bounded seed.	Coverage depth remains incomplete; this is not a completion claim.	Primary/official checked where available; secondary context is marked in event rows.	Independent cell receipt; not closed by query-count alone.
NPB_NATIONAL	NPB national	Japan	I	player identity / psychology / agency	SEARCHED_NEEDS_MORE	NPB player identity / psychology / agency history rule reform farm draft contract governance || NPB national player identity / psychology / agency official archive history 1946-2026 source-families=npb.jp;draft.npb.jp;NPB league/farm archives || second-pass NPB national player identity / psychology / agency failure reversal negative result	npb.jp;draft.npb.jp;NPB league/farm archives	1946-2026	PNN-008	Searches found covered mechanisms, source-thin references, or details not safe to generalize.	Second pass retained PNN-008 but did not establish saturation.	Not closed: keep open for a targeted later pass; retained evidence is a bounded seed.	Coverage depth remains incomplete; this is not a completion claim.	Primary/official checked where available; secondary context is marked in event rows.	Independent cell receipt; not closed by query-count alone.
NPB_NATIONAL	NPB national	Japan	J	injury / fatigue / health	SEARCHED_NEEDS_MORE	NPB injury / fatigue / health history rule reform farm draft contract governance || NPB national injury / fatigue / health official archive history 1946-2026 source-families=npb.jp;draft.npb.jp;NPB league/farm archives || second-pass NPB national injury / fatigue / health failure reversal negative result	npb.jp;draft.npb.jp;NPB league/farm archives	1946-2026	-	Searches found covered mechanisms, source-thin references, or details not safe to generalize.	No high-confidence distinct event retained.	Not closed: keep open for a targeted later pass; retained evidence is a bounded seed.	Coverage depth remains incomplete; this is not a completion claim.	Primary/official checked where available; secondary context is marked in event rows.	Independent cell receipt; not closed by query-count alone.
NPB_NATIONAL	NPB national	Japan	K	business / fans / media / stadiums	SEARCHED_NEEDS_MORE	NPB business / fans / media / stadiums history rule reform farm draft contract governance || NPB national business / fans / media / stadiums official archive history 1946-2026 source-families=npb.jp;draft.npb.jp;NPB league/farm archives || second-pass NPB national business / fans / media / stadiums failure reversal negative result	npb.jp;draft.npb.jp;NPB league/farm archives	1946-2026	PNN-038;PNN-043;PNN-044;PNW2-001;PNW2-002;PNW2-007;PNW2-010;PNW2-015;PNW2-016;PNW2-017;PNW2-041	Searches found covered mechanisms, source-thin references, or details not safe to generalize.	Second pass retained PNN-038,PNN-043,PNN-044,PNW2-001,PNW2-002,PNW2-007,PNW2-010,PNW2-015,PNW2-016,PNW2-017,PNW2-041 but did not establish saturation.	Not closed: keep open for a targeted later pass; retained evidence is a bounded seed.	Coverage depth remains incomplete; this is not a completion claim.	Primary/official checked where available; secondary context is marked in event rows.	Independent cell receipt; not closed by query-count alone.
NPB_NATIONAL	NPB national	Japan	L	governance / labor / player associations	SEARCHED_SATURATED	NPB governance / labor / player associations history rule reform farm draft contract governance || NPB national governance / labor / player associations official archive history 1946-2026 source-families=npb.jp;draft.npb.jp;NPB league/farm archives || second-pass NPB national governance / labor / player associations failure reversal negative result	npb.jp;draft.npb.jp;NPB league/farm archives	1946-2026	PNN-007;PNN-053;PNW2-004;PNW2-005;PNW2-006	No materially distinct mechanism beyond existing PW/open domains was retained after the second pass.	Second pass retained PNN-007,PNN-053,PNW2-004,PNW2-005,PNW2-006 as evidence.	Two formulation families plus source checking reached bounded saturation; later archival discoveries remain admissible.		Primary/official checked where available; secondary context is marked in event rows.	Independent cell receipt; not closed by query-count alone.
NPB_NATIONAL	NPB national	Japan	M	integrity / scandals / enforcement	SEARCHED_SATURATED	NPB integrity / scandals / enforcement history rule reform farm draft contract governance || NPB national integrity / scandals / enforcement official archive history 1946-2026 source-families=npb.jp;draft.npb.jp;NPB league/farm archives || second-pass NPB national integrity / scandals / enforcement failure reversal negative result	npb.jp;draft.npb.jp;NPB league/farm archives	1946-2026	PNN-007;PNN-052;PNN-053;PNW2-005	No materially distinct mechanism beyond existing PW/open domains was retained after the second pass.	Second pass retained PNN-007,PNN-052,PNN-053,PNW2-005 as evidence.	Two formulation families plus source checking reached bounded saturation; later archival discoveries remain admissible.		Primary/official checked where available; secondary context is marked in event rows.	Independent cell receipt; not closed by query-count alone.
NPB_NATIONAL	NPB national	Japan	N	global development	SEARCHED_NEEDS_MORE	NPB global development history rule reform farm draft contract governance || NPB national global development official archive history 1946-2026 source-families=npb.jp;draft.npb.jp;NPB league/farm archives || second-pass NPB national global development failure reversal negative result	npb.jp;draft.npb.jp;NPB league/farm archives	1946-2026	PNN-005;PNN-006;PNN-035;PNW2-009;PNW2-011;PNW2-012;PNW2-014;PNW2-041	Searches found covered mechanisms, source-thin references, or details not safe to generalize.	Second pass retained PNN-005,PNN-006,PNN-035,PNW2-009,PNW2-011,PNW2-012,PNW2-014,PNW2-041 but did not establish saturation.	Not closed: keep open for a targeted later pass; retained evidence is a bounded seed.	Coverage depth remains incomplete; this is not a completion claim.	Primary/official checked where available; secondary context is marked in event rows.	Independent cell receipt; not closed by query-count alone.
NPB_NATIONAL	NPB national	Japan	O	country-specific systems	SEARCHED_NEEDS_MORE	NPB country-specific systems history rule reform farm draft contract governance || NPB national country-specific systems official archive history 1946-2026 source-families=npb.jp;draft.npb.jp;NPB league/farm archives || second-pass NPB national country-specific systems failure reversal negative result	npb.jp;draft.npb.jp;NPB league/farm archives	1946-2026	PNN-002;PNN-008;PNN-049;PNW2-009;PNW2-012	Searches found covered mechanisms, source-thin references, or details not safe to generalize.	Second pass retained PNN-002,PNN-008,PNN-049,PNW2-009,PNW2-012 but did not establish saturation.	Not closed: keep open for a targeted later pass; retained evidence is a bounded seed.	Coverage depth remains incomplete; this is not a completion claim.	Primary/official checked where available; secondary context is marked in event rows.	Independent cell receipt; not closed by query-count alone.
NPB_NATIONAL	NPB national	Japan	P	tournaments / all-star	SEARCHED_NEEDS_MORE	NPB tournaments / all-star history rule reform farm draft contract governance || NPB national tournaments / all-star official archive history 1946-2026 source-families=npb.jp;draft.npb.jp;NPB league/farm archives || second-pass NPB national tournaments / all-star failure reversal negative result	npb.jp;draft.npb.jp;NPB league/farm archives	1946-2026	PNN-038;PNN-039;PNN-040	Searches found covered mechanisms, source-thin references, or details not safe to generalize.	Second pass retained PNN-038,PNN-039,PNN-040 but did not establish saturation.	Not closed: keep open for a targeted later pass; retained evidence is a bounded seed.	Coverage depth remains incomplete; this is not a completion claim.	Primary/official checked where available; secondary context is marked in event rows.	Independent cell receipt; not closed by query-count alone.
NPB_NATIONAL	NPB national	Japan	Q	rare structural events	SEARCHED_SATURATED	NPB rare structural events history rule reform farm draft contract governance || NPB national rare structural events official archive history 1946-2026 source-families=npb.jp;draft.npb.jp;NPB league/farm archives || second-pass NPB national rare structural events failure reversal negative result	npb.jp;draft.npb.jp;NPB league/farm archives	1946-2026	PNN-001;PNN-043;PNN-052;PNW2-001;PNW2-002;PNW2-003;PNW2-006;PNW2-007;PNW2-008;PNW2-010;PNW2-016;PNW2-041	No materially distinct mechanism beyond existing PW/open domains was retained after the second pass.	Second pass retained PNN-001,PNN-043,PNN-052,PNW2-001,PNW2-002,PNW2-003,PNW2-006,PNW2-007,PNW2-008,PNW2-010,PNW2-016,PNW2-041 as evidence.	Two formulation families plus source checking reached bounded saturation; later archival discoveries remain admissible.		Primary/official checked where available; secondary context is marked in event rows.	Independent cell receipt; not closed by query-count alone.
NPB_12_CLUBS	NPB 12 clubs	Japan	A	rules / on-field environment	SEARCHED_NEEDS_MORE	NPB NPB 12 clubs rules / on-field environment 球団史 ファーム 育成 契約 || NPB 12 clubs rules / on-field environment official archive history 1949-2026 source-families=12 club official histories, farm pages, IR/facility pages; NPB club lists || second-pass NPB 12 clubs rules / on-field environment failure reversal negative result	12 club official histories, farm pages, IR/facility pages; NPB club lists	1949-2026	PNN-007	Searches found covered mechanisms, source-thin references, or details not safe to generalize.	Second pass retained PNN-007 but did not establish saturation.	Not closed: keep open for a targeted later pass; retained evidence is a bounded seed.	Coverage depth remains incomplete; this is not a completion claim.	Primary/official checked where available; secondary context is marked in event rows.	Independent cell receipt; not closed by query-count alone.
NPB_12_CLUBS	NPB 12 clubs	Japan	B	draft / amateur acquisition	SEARCHED_NEEDS_MORE	NPB NPB 12 clubs draft / amateur acquisition 球団史 ファーム 育成 契約 || NPB 12 clubs draft / amateur acquisition official archive history 1949-2026 source-families=12 club official histories, farm pages, IR/facility pages; NPB club lists || second-pass NPB 12 clubs draft / amateur acquisition failure reversal negative result	12 club official histories, farm pages, IR/facility pages; NPB club lists	1949-2026	PNN-003;PNN-004;PNN-008;PNW2-004;PNW2-005	Searches found covered mechanisms, source-thin references, or details not safe to generalize.	Second pass retained PNN-003,PNN-004,PNN-008,PNW2-004,PNW2-005 but did not establish saturation.	Not closed: keep open for a targeted later pass; retained evidence is a bounded seed.	Coverage depth remains incomplete; this is not a completion claim.	Primary/official checked where available; secondary context is marked in event rows.	Independent cell receipt; not closed by query-count alone.
NPB_12_CLUBS	NPB 12 clubs	Japan	C	contracts / FA / player movement	SEARCHED_NEEDS_MORE	NPB NPB 12 clubs contracts / FA / player movement 球団史 ファーム 育成 契約 || NPB 12 clubs contracts / FA / player movement official archive history 1949-2026 source-families=12 club official histories, farm pages, IR/facility pages; NPB club lists || second-pass NPB 12 clubs contracts / FA / player movement failure reversal negative result	12 club official histories, farm pages, IR/facility pages; NPB club lists	1949-2026	PNN-002;PNN-003;PNN-008;PNN-049;PNW2-006	Searches found covered mechanisms, source-thin references, or details not safe to generalize.	Second pass retained PNN-002,PNN-003,PNN-008,PNN-049,PNW2-006 but did not establish saturation.	Not closed: keep open for a targeted later pass; retained evidence is a bounded seed.	Coverage depth remains incomplete; this is not a completion claim.	Primary/official checked where available; secondary context is marked in event rows.	Independent cell receipt; not closed by query-count alone.
NPB_12_CLUBS	NPB 12 clubs	Japan	D	organization / roster / competitive balance	SEARCHED_SATURATED	NPB NPB 12 clubs organization / roster / competitive balance 球団史 ファーム 育成 契約 || NPB 12 clubs organization / roster / competitive balance official archive history 1949-2026 source-families=12 club official histories, farm pages, IR/facility pages; NPB club lists || second-pass NPB 12 clubs organization / roster / competitive balance failure reversal negative result	12 club official histories, farm pages, IR/facility pages; NPB club lists	1949-2026	PNN-001;PNN-003;PNN-004;PNN-005;PNN-039;PNW2-001;PNW2-003;PNW2-004;PNW2-007;PNW2-008;PNW2-017	No materially distinct mechanism beyond existing PW/open domains was retained after the second pass.	Second pass retained PNN-001,PNN-003,PNN-004,PNN-005,PNN-039,PNW2-001,PNW2-003,PNW2-004,PNW2-007,PNW2-008,PNW2-017 as evidence.	Two formulation families plus source checking reached bounded saturation; later archival discoveries remain admissible.		Primary/official checked where available; secondary context is marked in event rows.	Independent cell receipt; not closed by query-count alone.
NPB_12_CLUBS	NPB 12 clubs	Japan	E	player development	SEARCHED_SATURATED	NPB NPB 12 clubs player development 球団史 ファーム 育成 契約 || NPB 12 clubs player development official archive history 1949-2026 source-families=12 club official histories, farm pages, IR/facility pages; NPB club lists || second-pass NPB 12 clubs player development failure reversal negative result	12 club official histories, farm pages, IR/facility pages; NPB club lists	1949-2026	PNN-005;PNN-006;PNN-008;PNN-009;PNW2-003;PNW2-008;PNW2-009;PNW2-010;PNW2-011;PNW2-014;PNW2-015;PNW2-016;PNW2-017	No materially distinct mechanism beyond existing PW/open domains was retained after the second pass.	Second pass retained PNN-005,PNN-006,PNN-008,PNN-009,PNW2-003,PNW2-008,PNW2-009,PNW2-010,PNW2-011,PNW2-014,PNW2-015,PNW2-016,PNW2-017 as evidence.	Two formulation families plus source checking reached bounded saturation; later archival discoveries remain admissible.		Primary/official checked where available; secondary context is marked in event rows.	Independent cell receipt; not closed by query-count alone.
NPB_12_CLUBS	NPB 12 clubs	Japan	F	scouting / analytics / AI / technology	SEARCHED_NEEDS_MORE	NPB NPB 12 clubs scouting / analytics / AI / technology 球団史 ファーム 育成 契約 || NPB 12 clubs scouting / analytics / AI / technology official archive history 1949-2026 source-families=12 club official histories, farm pages, IR/facility pages; NPB club lists || second-pass NPB 12 clubs scouting / analytics / AI / technology failure reversal negative result	12 club official histories, farm pages, IR/facility pages; NPB club lists	1949-2026	PNN-006;PNN-009;PNW2-011;PNW2-012;PNW2-013;PNW2-015	Searches found covered mechanisms, source-thin references, or details not safe to generalize.	Second pass retained PNN-006,PNN-009,PNW2-011,PNW2-012,PNW2-013,PNW2-015 but did not establish saturation.	Not closed: keep open for a targeted later pass; retained evidence is a bounded seed.	Coverage depth remains incomplete; this is not a completion claim.	Primary/official checked where available; secondary context is marked in event rows.	Independent cell receipt; not closed by query-count alone.
NPB_12_CLUBS	NPB 12 clubs	Japan	G	staff / culture / organizational knowledge	SEARCHED_SATURATED	NPB NPB 12 clubs staff / culture / organizational knowledge 球団史 ファーム 育成 契約 || NPB 12 clubs staff / culture / organizational knowledge official archive history 1949-2026 source-families=12 club official histories, farm pages, IR/facility pages; NPB club lists || second-pass NPB 12 clubs staff / culture / organizational knowledge failure reversal negative result	12 club official histories, farm pages, IR/facility pages; NPB club lists	1949-2026	PNN-006;PNN-009;PNW2-003;PNW2-009;PNW2-011;PNW2-012;PNW2-013;PNW2-015	No materially distinct mechanism beyond existing PW/open domains was retained after the second pass.	Second pass retained PNN-006,PNN-009,PNW2-003,PNW2-009,PNW2-011,PNW2-012,PNW2-013,PNW2-015 as evidence.	Two formulation families plus source checking reached bounded saturation; later archival discoveries remain admissible.		Primary/official checked where available; secondary context is marked in event rows.	Independent cell receipt; not closed by query-count alone.
NPB_12_CLUBS	NPB 12 clubs	Japan	H	opponent research / adaptation	SEARCHED_NEEDS_MORE	NPB NPB 12 clubs opponent research / adaptation 球団史 ファーム 育成 契約 || NPB 12 clubs opponent research / adaptation official archive history 1949-2026 source-families=12 club official histories, farm pages, IR/facility pages; NPB club lists || second-pass NPB 12 clubs opponent research / adaptation failure reversal negative result	12 club official histories, farm pages, IR/facility pages; NPB club lists	1949-2026	PNW2-013	Searches found covered mechanisms, source-thin references, or details not safe to generalize.	Second pass retained PNW2-013 but did not establish saturation.	Not closed: keep open for a targeted later pass; retained evidence is a bounded seed.	Coverage depth remains incomplete; this is not a completion claim.	Primary/official checked where available; secondary context is marked in event rows.	Independent cell receipt; not closed by query-count alone.
NPB_12_CLUBS	NPB 12 clubs	Japan	I	player identity / psychology / agency	SEARCHED_NEEDS_MORE	NPB NPB 12 clubs player identity / psychology / agency 球団史 ファーム 育成 契約 || NPB 12 clubs player identity / psychology / agency official archive history 1949-2026 source-families=12 club official histories, farm pages, IR/facility pages; NPB club lists || second-pass NPB 12 clubs player identity / psychology / agency failure reversal negative result	12 club official histories, farm pages, IR/facility pages; NPB club lists	1949-2026	PNN-008	Searches found covered mechanisms, source-thin references, or details not safe to generalize.	Second pass retained PNN-008 but did not establish saturation.	Not closed: keep open for a targeted later pass; retained evidence is a bounded seed.	Coverage depth remains incomplete; this is not a completion claim.	Primary/official checked where available; secondary context is marked in event rows.	Independent cell receipt; not closed by query-count alone.
NPB_12_CLUBS	NPB 12 clubs	Japan	J	injury / fatigue / health	BLOCKED	NPB NPB 12 clubs injury / fatigue / health 球団史 ファーム 育成 契約 || NPB 12 clubs injury / fatigue / health official archive history 1949-2026 source-families=12 club official histories, farm pages, IR/facility pages; NPB club lists || second-pass NPB 12 clubs injury / fatigue / health failure reversal negative result	12 club official histories, farm pages, IR/facility pages; NPB club lists	1949-2026	-	Primary source depth was not sufficient to close this cell without importing unverified legal, medical, or club-level claims.	Second pass found contextual references but no authoritative event that safely closes the cell.	BLOCKED pending source-authority escalation or language-specific archival work.	Source quality/depth blocker; do not infer missing mechanisms.	Primary/official checked where available; secondary context is marked in event rows.	Independent cell receipt; not closed by query-count alone.
NPB_12_CLUBS	NPB 12 clubs	Japan	K	business / fans / media / stadiums	SEARCHED_SATURATED	NPB NPB 12 clubs business / fans / media / stadiums 球団史 ファーム 育成 契約 || NPB 12 clubs business / fans / media / stadiums official archive history 1949-2026 source-families=12 club official histories, farm pages, IR/facility pages; NPB club lists || second-pass NPB 12 clubs business / fans / media / stadiums failure reversal negative result	12 club official histories, farm pages, IR/facility pages; NPB club lists	1949-2026	PNN-043;PNN-044;PNW2-001;PNW2-002;PNW2-007;PNW2-010;PNW2-015;PNW2-016;PNW2-017	No materially distinct mechanism beyond existing PW/open domains was retained after the second pass.	Second pass retained PNN-043,PNN-044,PNW2-001,PNW2-002,PNW2-007,PNW2-010,PNW2-015,PNW2-016,PNW2-017 as evidence.	Two formulation families plus source checking reached bounded saturation; later archival discoveries remain admissible.		Primary/official checked where available; secondary context is marked in event rows.	Independent cell receipt; not closed by query-count alone.
NPB_12_CLUBS	NPB 12 clubs	Japan	L	governance / labor / player associations	SEARCHED_NEEDS_MORE	NPB NPB 12 clubs governance / labor / player associations 球団史 ファーム 育成 契約 || NPB 12 clubs governance / labor / player associations official archive history 1949-2026 source-families=12 club official histories, farm pages, IR/facility pages; NPB club lists || second-pass NPB 12 clubs governance / labor / player associations failure reversal negative result	12 club official histories, farm pages, IR/facility pages; NPB club lists	1949-2026	PNN-007;PNN-053;PNW2-004;PNW2-005;PNW2-006	Searches found covered mechanisms, source-thin references, or details not safe to generalize.	Second pass retained PNN-007,PNN-053,PNW2-004,PNW2-005,PNW2-006 but did not establish saturation.	Not closed: keep open for a targeted later pass; retained evidence is a bounded seed.	Coverage depth remains incomplete; this is not a completion claim.	Primary/official checked where available; secondary context is marked in event rows.	Independent cell receipt; not closed by query-count alone.
NPB_12_CLUBS	NPB 12 clubs	Japan	M	integrity / scandals / enforcement	BLOCKED	NPB NPB 12 clubs integrity / scandals / enforcement 球団史 ファーム 育成 契約 || NPB 12 clubs integrity / scandals / enforcement official archive history 1949-2026 source-families=12 club official histories, farm pages, IR/facility pages; NPB club lists || second-pass NPB 12 clubs integrity / scandals / enforcement failure reversal negative result	12 club official histories, farm pages, IR/facility pages; NPB club lists	1949-2026	PNN-007;PNN-052;PNN-053;PNW2-005	Primary source depth was not sufficient to close this cell without importing unverified legal, medical, or club-level claims.	Second pass found contextual references but no authoritative event that safely closes the cell.	BLOCKED pending source-authority escalation or language-specific archival work.	Source quality/depth blocker; do not infer missing mechanisms.	Primary/official checked where available; secondary context is marked in event rows.	Independent cell receipt; not closed by query-count alone.
NPB_12_CLUBS	NPB 12 clubs	Japan	N	global development	SEARCHED_NEEDS_MORE	NPB NPB 12 clubs global development 球団史 ファーム 育成 契約 || NPB 12 clubs global development official archive history 1949-2026 source-families=12 club official histories, farm pages, IR/facility pages; NPB club lists || second-pass NPB 12 clubs global development failure reversal negative result	12 club official histories, farm pages, IR/facility pages; NPB club lists	1949-2026	PNN-005;PNN-006;PNN-009;PNW2-009;PNW2-011;PNW2-012;PNW2-014	Searches found covered mechanisms, source-thin references, or details not safe to generalize.	Second pass retained PNN-005,PNN-006,PNN-009,PNW2-009,PNW2-011,PNW2-012,PNW2-014 but did not establish saturation.	Not closed: keep open for a targeted later pass; retained evidence is a bounded seed.	Coverage depth remains incomplete; this is not a completion claim.	Primary/official checked where available; secondary context is marked in event rows.	Independent cell receipt; not closed by query-count alone.
NPB_12_CLUBS	NPB 12 clubs	Japan	O	country-specific systems	SEARCHED_NEEDS_MORE	NPB NPB 12 clubs country-specific systems 球団史 ファーム 育成 契約 || NPB 12 clubs country-specific systems official archive history 1949-2026 source-families=12 club official histories, farm pages, IR/facility pages; NPB club lists || second-pass NPB 12 clubs country-specific systems failure reversal negative result	12 club official histories, farm pages, IR/facility pages; NPB club lists	1949-2026	PNN-002;PNN-008;PNN-049;PNW2-009;PNW2-012	Searches found covered mechanisms, source-thin references, or details not safe to generalize.	Second pass retained PNN-002,PNN-008,PNN-049,PNW2-009,PNW2-012 but did not establish saturation.	Not closed: keep open for a targeted later pass; retained evidence is a bounded seed.	Coverage depth remains incomplete; this is not a completion claim.	Primary/official checked where available; secondary context is marked in event rows.	Independent cell receipt; not closed by query-count alone.
NPB_12_CLUBS	NPB 12 clubs	Japan	P	tournaments / all-star	SEARCHED_NEEDS_MORE	NPB NPB 12 clubs tournaments / all-star 球団史 ファーム 育成 契約 || NPB 12 clubs tournaments / all-star official archive history 1949-2026 source-families=12 club official histories, farm pages, IR/facility pages; NPB club lists || second-pass NPB 12 clubs tournaments / all-star failure reversal negative result	12 club official histories, farm pages, IR/facility pages; NPB club lists	1949-2026	PNN-039	Searches found covered mechanisms, source-thin references, or details not safe to generalize.	Second pass retained PNN-039 but did not establish saturation.	Not closed: keep open for a targeted later pass; retained evidence is a bounded seed.	Coverage depth remains incomplete; this is not a completion claim.	Primary/official checked where available; secondary context is marked in event rows.	Independent cell receipt; not closed by query-count alone.
NPB_12_CLUBS	NPB 12 clubs	Japan	Q	rare structural events	SEARCHED_NEEDS_MORE	NPB NPB 12 clubs rare structural events 球団史 ファーム 育成 契約 || NPB 12 clubs rare structural events official archive history 1949-2026 source-families=12 club official histories, farm pages, IR/facility pages; NPB club lists || second-pass NPB 12 clubs rare structural events failure reversal negative result	12 club official histories, farm pages, IR/facility pages; NPB club lists	1949-2026	PNN-001;PNN-043;PNN-052;PNW2-001;PNW2-002;PNW2-003;PNW2-006;PNW2-007;PNW2-008;PNW2-010;PNW2-016	Searches found covered mechanisms, source-thin references, or details not safe to generalize.	Second pass retained PNN-001,PNN-043,PNN-052,PNW2-001,PNW2-002,PNW2-003,PNW2-006,PNW2-007,PNW2-008,PNW2-010,PNW2-016 but did not establish saturation.	Not closed: keep open for a targeted later pass; retained evidence is a bounded seed.	Coverage depth remains incomplete; this is not a completion claim.	Primary/official checked where available; secondary context is marked in event rows.	Independent cell receipt; not closed by query-count alone.
MLB	MLB	North America	A	rules / on-field environment	SEARCHED_SATURATED	MLB rules / on-field environment historical mechanism rule labor expansion || MLB rules / on-field environment official archive history 1900-2026 source-families=mlb.com;MLBPA;official MLB rules/CBA/history || second-pass MLB rules / on-field environment failure reversal negative result	mlb.com;MLBPA;official MLB rules/CBA/history	1900-2026	PNN-010;PNN-019;PNN-020;PNN-056;PNW2-029	No materially distinct mechanism beyond existing PW/open domains was retained after the second pass.	Second pass retained PNN-010,PNN-019,PNN-020,PNN-056,PNW2-029 as evidence.	Two formulation families plus source checking reached bounded saturation; later archival discoveries remain admissible.		Primary/official checked where available; secondary context is marked in event rows.	Independent cell receipt; not closed by query-count alone.
MLB	MLB	North America	B	draft / amateur acquisition	SEARCHED_SATURATED	MLB draft / amateur acquisition historical mechanism rule labor expansion || MLB draft / amateur acquisition official archive history 1900-2026 source-families=mlb.com;MLBPA;official MLB rules/CBA/history || second-pass MLB draft / amateur acquisition failure reversal negative result	mlb.com;MLBPA;official MLB rules/CBA/history	1900-2026	PNN-008;PNN-013;PNN-014;PNW2-019;PNW2-020;PNW2-022;PNW2-023;PNW2-028;PNW2-032;PNW2-034	No materially distinct mechanism beyond existing PW/open domains was retained after the second pass.	Second pass retained PNN-008,PNN-013,PNN-014,PNW2-019,PNW2-020,PNW2-022,PNW2-023,PNW2-028,PNW2-032,PNW2-034 as evidence.	Two formulation families plus source checking reached bounded saturation; later archival discoveries remain admissible.		Primary/official checked where available; secondary context is marked in event rows.	Independent cell receipt; not closed by query-count alone.
MLB	MLB	North America	C	contracts / FA / player movement	SEARCHED_SATURATED	MLB contracts / FA / player movement historical mechanism rule labor expansion || MLB contracts / FA / player movement official archive history 1900-2026 source-families=mlb.com;MLBPA;official MLB rules/CBA/history || second-pass MLB contracts / FA / player movement failure reversal negative result	mlb.com;MLBPA;official MLB rules/CBA/history	1900-2026	PNN-002;PNN-008;PNN-012;PNN-027;PNN-028;PNN-030;PNN-047;PNN-048;PNN-049;PNN-050;PNN-058;PNW2-024;PNW2-028;PNW2-035;PNW2-043	No materially distinct mechanism beyond existing PW/open domains was retained after the second pass.	Second pass retained PNN-002,PNN-008,PNN-012,PNN-027,PNN-028,PNN-030,PNN-047,PNN-048,PNN-049,PNN-050,PNN-058,PNW2-024,PNW2-028,PNW2-035,PNW2-043 as evidence.	Two formulation families plus source checking reached bounded saturation; later archival discoveries remain admissible.		Primary/official checked where available; secondary context is marked in event rows.	Independent cell receipt; not closed by query-count alone.
MLB	MLB	North America	D	organization / roster / competitive balance	SEARCHED_SATURATED	MLB organization / roster / competitive balance historical mechanism rule labor expansion || MLB organization / roster / competitive balance official archive history 1900-2026 source-families=mlb.com;MLBPA;official MLB rules/CBA/history || second-pass MLB organization / roster / competitive balance failure reversal negative result	mlb.com;MLBPA;official MLB rules/CBA/history	1900-2026	PNN-012;PNN-013;PNN-014;PNN-041;PNW2-018;PNW2-019;PNW2-022;PNW2-025;PNW2-026;PNW2-027;PNW2-028	No materially distinct mechanism beyond existing PW/open domains was retained after the second pass.	Second pass retained PNN-012,PNN-013,PNN-014,PNN-041,PNW2-018,PNW2-019,PNW2-022,PNW2-025,PNW2-026,PNW2-027,PNW2-028 as evidence.	Two formulation families plus source checking reached bounded saturation; later archival discoveries remain admissible.		Primary/official checked where available; secondary context is marked in event rows.	Independent cell receipt; not closed by query-count alone.
MLB	MLB	North America	E	player development	SEARCHED_NEEDS_MORE	MLB player development historical mechanism rule labor expansion || MLB player development official archive history 1900-2026 source-families=mlb.com;MLBPA;official MLB rules/CBA/history || second-pass MLB player development failure reversal negative result	mlb.com;MLBPA;official MLB rules/CBA/history	1900-2026	PNN-008;PNN-009;PNN-015;PNN-029;PNW2-018;PNW2-019;PNW2-025;PNW2-026;PNW2-030;PNW2-031;PNW2-032;PNW2-033	Searches found covered mechanisms, source-thin references, or details not safe to generalize.	Second pass retained PNN-008,PNN-009,PNN-015,PNN-029,PNW2-018,PNW2-019,PNW2-025,PNW2-026,PNW2-030,PNW2-031,PNW2-032,PNW2-033 but did not establish saturation.	Not closed: keep open for a targeted later pass; retained evidence is a bounded seed.	Coverage depth remains incomplete; this is not a completion claim.	Primary/official checked where available; secondary context is marked in event rows.	Independent cell receipt; not closed by query-count alone.
MLB	MLB	North America	F	scouting / analytics / AI / technology	SEARCHED_SATURATED	MLB scouting / analytics / AI / technology historical mechanism rule labor expansion || MLB scouting / analytics / AI / technology official archive history 1900-2026 source-families=mlb.com;MLBPA;official MLB rules/CBA/history || second-pass MLB scouting / analytics / AI / technology failure reversal negative result	mlb.com;MLBPA;official MLB rules/CBA/history	1900-2026	PNN-009;PNN-010;PNN-017;PNN-018;PNN-019;PNN-020;PNN-029;PNN-054;PNW2-012;PNW2-020;PNW2-029;PNW2-030;PNW2-031;PNW2-034	No materially distinct mechanism beyond existing PW/open domains was retained after the second pass.	Second pass retained PNN-009,PNN-010,PNN-017,PNN-018,PNN-019,PNN-020,PNN-029,PNN-054,PNW2-012,PNW2-020,PNW2-029,PNW2-030,PNW2-031,PNW2-034 as evidence.	Two formulation families plus source checking reached bounded saturation; later archival discoveries remain admissible.		Primary/official checked where available; secondary context is marked in event rows.	Independent cell receipt; not closed by query-count alone.
MLB	MLB	North America	G	staff / culture / organizational knowledge	SEARCHED_NEEDS_MORE	MLB staff / culture / organizational knowledge historical mechanism rule labor expansion || MLB staff / culture / organizational knowledge official archive history 1900-2026 source-families=mlb.com;MLBPA;official MLB rules/CBA/history || second-pass MLB staff / culture / organizational knowledge failure reversal negative result	mlb.com;MLBPA;official MLB rules/CBA/history	1900-2026	PNN-009;PNN-017;PNN-018;PNN-029;PNW2-012;PNW2-025;PNW2-026;PNW2-030;PNW2-031	Searches found covered mechanisms, source-thin references, or details not safe to generalize.	Second pass retained PNN-009,PNN-017,PNN-018,PNN-029,PNW2-012,PNW2-025,PNW2-026,PNW2-030,PNW2-031 but did not establish saturation.	Not closed: keep open for a targeted later pass; retained evidence is a bounded seed.	Coverage depth remains incomplete; this is not a completion claim.	Primary/official checked where available; secondary context is marked in event rows.	Independent cell receipt; not closed by query-count alone.
MLB	MLB	North America	H	opponent research / adaptation	SEARCHED_NEEDS_MORE	MLB opponent research / adaptation historical mechanism rule labor expansion || MLB opponent research / adaptation official archive history 1900-2026 source-families=mlb.com;MLBPA;official MLB rules/CBA/history || second-pass MLB opponent research / adaptation failure reversal negative result	mlb.com;MLBPA;official MLB rules/CBA/history	1900-2026	PNN-010;PNN-054;PNW2-020	Searches found covered mechanisms, source-thin references, or details not safe to generalize.	Second pass retained PNN-010,PNN-054,PNW2-020 but did not establish saturation.	Not closed: keep open for a targeted later pass; retained evidence is a bounded seed.	Coverage depth remains incomplete; this is not a completion claim.	Primary/official checked where available; secondary context is marked in event rows.	Independent cell receipt; not closed by query-count alone.
MLB	MLB	North America	I	player identity / psychology / agency	SEARCHED_NEEDS_MORE	MLB player identity / psychology / agency historical mechanism rule labor expansion || MLB player identity / psychology / agency official archive history 1900-2026 source-families=mlb.com;MLBPA;official MLB rules/CBA/history || second-pass MLB player identity / psychology / agency failure reversal negative result	mlb.com;MLBPA;official MLB rules/CBA/history	1900-2026	PNN-008;PNW2-026	Searches found covered mechanisms, source-thin references, or details not safe to generalize.	Second pass retained PNN-008,PNW2-026 but did not establish saturation.	Not closed: keep open for a targeted later pass; retained evidence is a bounded seed.	Coverage depth remains incomplete; this is not a completion claim.	Primary/official checked where available; secondary context is marked in event rows.	Independent cell receipt; not closed by query-count alone.
MLB	MLB	North America	J	injury / fatigue / health	SEARCHED_NEEDS_MORE	MLB injury / fatigue / health historical mechanism rule labor expansion || MLB injury / fatigue / health official archive history 1900-2026 source-families=mlb.com;MLBPA;official MLB rules/CBA/history || second-pass MLB injury / fatigue / health failure reversal negative result	mlb.com;MLBPA;official MLB rules/CBA/history	1900-2026	-	Searches found covered mechanisms, source-thin references, or details not safe to generalize.	No high-confidence distinct event retained.	Not closed: keep open for a targeted later pass; retained evidence is a bounded seed.	Coverage depth remains incomplete; this is not a completion claim.	Primary/official checked where available; secondary context is marked in event rows.	Independent cell receipt; not closed by query-count alone.
MLB	MLB	North America	K	business / fans / media / stadiums	SEARCHED_SATURATED	MLB business / fans / media / stadiums historical mechanism rule labor expansion || MLB business / fans / media / stadiums official archive history 1900-2026 source-families=mlb.com;MLBPA;official MLB rules/CBA/history || second-pass MLB business / fans / media / stadiums failure reversal negative result	mlb.com;MLBPA;official MLB rules/CBA/history	1900-2026	PNN-038;PNN-042;PNN-045;PNN-046;PNN-047;PNN-048;PNW2-018;PNW2-027	No materially distinct mechanism beyond existing PW/open domains was retained after the second pass.	Second pass retained PNN-038,PNN-042,PNN-045,PNN-046,PNN-047,PNN-048,PNW2-018,PNW2-027 as evidence.	Two formulation families plus source checking reached bounded saturation; later archival discoveries remain admissible.		Primary/official checked where available; secondary context is marked in event rows.	Independent cell receipt; not closed by query-count alone.
MLB	MLB	North America	L	governance / labor / player associations	SEARCHED_SATURATED	MLB governance / labor / player associations historical mechanism rule labor expansion || MLB governance / labor / player associations official archive history 1900-2026 source-families=mlb.com;MLBPA;official MLB rules/CBA/history || second-pass MLB governance / labor / player associations failure reversal negative result	mlb.com;MLBPA;official MLB rules/CBA/history	1900-2026	PNN-011;PNN-016;PNN-027;PNN-028;PNN-048;PNN-053;PNN-058;PNN-059;PNW2-018;PNW2-023;PNW2-024;PNW2-043	No materially distinct mechanism beyond existing PW/open domains was retained after the second pass.	Second pass retained PNN-011,PNN-016,PNN-027,PNN-028,PNN-048,PNN-053,PNN-058,PNN-059,PNW2-018,PNW2-023,PNW2-024,PNW2-043 as evidence.	Two formulation families plus source checking reached bounded saturation; later archival discoveries remain admissible.		Primary/official checked where available; secondary context is marked in event rows.	Independent cell receipt; not closed by query-count alone.
MLB	MLB	North America	M	integrity / scandals / enforcement	SEARCHED_SATURATED	MLB integrity / scandals / enforcement historical mechanism rule labor expansion || MLB integrity / scandals / enforcement official archive history 1900-2026 source-families=mlb.com;MLBPA;official MLB rules/CBA/history || second-pass MLB integrity / scandals / enforcement failure reversal negative result	mlb.com;MLBPA;official MLB rules/CBA/history	1900-2026	PNN-051;PNN-053;PNN-054;PNN-055;PNN-056;PNW2-030	No materially distinct mechanism beyond existing PW/open domains was retained after the second pass.	Second pass retained PNN-051,PNN-053,PNN-054,PNN-055,PNN-056,PNW2-030 as evidence.	Two formulation families plus source checking reached bounded saturation; later archival discoveries remain admissible.		Primary/official checked where available; secondary context is marked in event rows.	Independent cell receipt; not closed by query-count alone.
MLB	MLB	North America	N	global development	SEARCHED_NEEDS_MORE	MLB global development historical mechanism rule labor expansion || MLB global development official archive history 1900-2026 source-families=mlb.com;MLBPA;official MLB rules/CBA/history || second-pass MLB global development failure reversal negative result	mlb.com;MLBPA;official MLB rules/CBA/history	1900-2026	PNN-009;PNN-015;PNN-029;PNW2-012;PNW2-019;PNW2-022;PNW2-023;PNW2-027;PNW2-030;PNW2-031;PNW2-032;PNW2-033;PNW2-034	Searches found covered mechanisms, source-thin references, or details not safe to generalize.	Second pass retained PNN-009,PNN-015,PNN-029,PNW2-012,PNW2-019,PNW2-022,PNW2-023,PNW2-027,PNW2-030,PNW2-031,PNW2-032,PNW2-033,PNW2-034 but did not establish saturation.	Not closed: keep open for a targeted later pass; retained evidence is a bounded seed.	Coverage depth remains incomplete; this is not a completion claim.	Primary/official checked where available; secondary context is marked in event rows.	Independent cell receipt; not closed by query-count alone.
MLB	MLB	North America	O	country-specific systems	SEARCHED_NEEDS_MORE	MLB country-specific systems historical mechanism rule labor expansion || MLB country-specific systems official archive history 1900-2026 source-families=mlb.com;MLBPA;official MLB rules/CBA/history || second-pass MLB country-specific systems failure reversal negative result	mlb.com;MLBPA;official MLB rules/CBA/history	1900-2026	PNN-002;PNN-008;PNN-027;PNN-028;PNN-029;PNN-030;PNN-049;PNW2-012;PNW2-023;PNW2-030;PNW2-032;PNW2-033;PNW2-034;PNW2-035	Searches found covered mechanisms, source-thin references, or details not safe to generalize.	Second pass retained PNN-002,PNN-008,PNN-027,PNN-028,PNN-029,PNN-030,PNN-049,PNW2-012,PNW2-023,PNW2-030,PNW2-032,PNW2-033,PNW2-034,PNW2-035 but did not establish saturation.	Not closed: keep open for a targeted later pass; retained evidence is a bounded seed.	Coverage depth remains incomplete; this is not a completion claim.	Primary/official checked where available; secondary context is marked in event rows.	Independent cell receipt; not closed by query-count alone.
MLB	MLB	North America	P	tournaments / all-star	SEARCHED_NEEDS_MORE	MLB tournaments / all-star historical mechanism rule labor expansion || MLB tournaments / all-star official archive history 1900-2026 source-families=mlb.com;MLBPA;official MLB rules/CBA/history || second-pass MLB tournaments / all-star failure reversal negative result	mlb.com;MLBPA;official MLB rules/CBA/history	1900-2026	PNN-038;PNN-041;PNN-042	Searches found covered mechanisms, source-thin references, or details not safe to generalize.	Second pass retained PNN-038,PNN-041,PNN-042 but did not establish saturation.	Not closed: keep open for a targeted later pass; retained evidence is a bounded seed.	Coverage depth remains incomplete; this is not a completion claim.	Primary/official checked where available; secondary context is marked in event rows.	Independent cell receipt; not closed by query-count alone.
MLB	MLB	North America	Q	rare structural events	SEARCHED_SATURATED	MLB rare structural events historical mechanism rule labor expansion || MLB rare structural events official archive history 1900-2026 source-families=mlb.com;MLBPA;official MLB rules/CBA/history || second-pass MLB rare structural events failure reversal negative result	mlb.com;MLBPA;official MLB rules/CBA/history	1900-2026	PNN-011;PNN-016;PNN-041;PNN-045;PNN-046;PNN-051;PNN-058;PNN-059;PNW2-022;PNW2-024;PNW2-025;PNW2-026;PNW2-027;PNW2-028;PNW2-029;PNW2-033;PNW2-043	No materially distinct mechanism beyond existing PW/open domains was retained after the second pass.	Second pass retained PNN-011,PNN-016,PNN-041,PNN-045,PNN-046,PNN-051,PNN-058,PNN-059,PNW2-022,PNW2-024,PNW2-025,PNW2-026,PNW2-027,PNW2-028,PNW2-029,PNW2-033,PNW2-043 as evidence.	Two formulation families plus source checking reached bounded saturation; later archival discoveries remain admissible.		Primary/official checked where available; secondary context is marked in event rows.	Independent cell receipt; not closed by query-count alone.
MLB_MILB	MLB/MiLB	North America	A	rules / on-field environment	SEARCHED_NEEDS_MORE	MLB MiLB farm affiliate rules / on-field environment development history || MLB/MiLB rules / on-field environment official archive history 1920-2026 source-families=MLB.com;MiLB.com;official player-development/affiliate pages || second-pass MLB/MiLB rules / on-field environment failure reversal negative result	MLB.com;MiLB.com;official player-development/affiliate pages	1920-2026	PNN-010;PNN-019;PNN-031	Searches found covered mechanisms, source-thin references, or details not safe to generalize.	Second pass retained PNN-010,PNN-019,PNN-031 but did not establish saturation.	Not closed: keep open for a targeted later pass; retained evidence is a bounded seed.	Coverage depth remains incomplete; this is not a completion claim.	Primary/official checked where available; secondary context is marked in event rows.	Independent cell receipt; not closed by query-count alone.
MLB_MILB	MLB/MiLB	North America	B	draft / amateur acquisition	SEARCHED_SATURATED	MLB MiLB farm affiliate draft / amateur acquisition development history || MLB/MiLB draft / amateur acquisition official archive history 1920-2026 source-families=MLB.com;MiLB.com;official player-development/affiliate pages || second-pass MLB/MiLB draft / amateur acquisition failure reversal negative result	MLB.com;MiLB.com;official player-development/affiliate pages	1920-2026	PNW2-019	No materially distinct mechanism beyond existing PW/open domains was retained after the second pass.	Second pass retained PNW2-019 as evidence.	Two formulation families plus source checking reached bounded saturation; later archival discoveries remain admissible.		Primary/official checked where available; secondary context is marked in event rows.	Independent cell receipt; not closed by query-count alone.
MLB_MILB	MLB/MiLB	North America	C	contracts / FA / player movement	SEARCHED_NEEDS_MORE	MLB MiLB farm affiliate contracts / FA / player movement development history || MLB/MiLB contracts / FA / player movement official archive history 1920-2026 source-families=MLB.com;MiLB.com;official player-development/affiliate pages || second-pass MLB/MiLB contracts / FA / player movement failure reversal negative result	MLB.com;MiLB.com;official player-development/affiliate pages	1920-2026	-	Searches found covered mechanisms, source-thin references, or details not safe to generalize.	No high-confidence distinct event retained.	Not closed: keep open for a targeted later pass; retained evidence is a bounded seed.	Coverage depth remains incomplete; this is not a completion claim.	Primary/official checked where available; secondary context is marked in event rows.	Independent cell receipt; not closed by query-count alone.
MLB_MILB	MLB/MiLB	North America	D	organization / roster / competitive balance	SEARCHED_NEEDS_MORE	MLB MiLB farm affiliate organization / roster / competitive balance development history || MLB/MiLB organization / roster / competitive balance official archive history 1920-2026 source-families=MLB.com;MiLB.com;official player-development/affiliate pages || second-pass MLB/MiLB organization / roster / competitive balance failure reversal negative result	MLB.com;MiLB.com;official player-development/affiliate pages	1920-2026	PNN-005;PNN-031;PNW2-003;PNW2-008;PNW2-017;PNW2-018;PNW2-019;PNW2-025;PNW2-026	Searches found covered mechanisms, source-thin references, or details not safe to generalize.	Second pass retained PNN-005,PNN-031,PNW2-003,PNW2-008,PNW2-017,PNW2-018,PNW2-019,PNW2-025,PNW2-026 but did not establish saturation.	Not closed: keep open for a targeted later pass; retained evidence is a bounded seed.	Coverage depth remains incomplete; this is not a completion claim.	Primary/official checked where available; secondary context is marked in event rows.	Independent cell receipt; not closed by query-count alone.
MLB_MILB	MLB/MiLB	North America	E	player development	SEARCHED_SATURATED	MLB MiLB farm affiliate player development development history || MLB/MiLB player development official archive history 1920-2026 source-families=MLB.com;MiLB.com;official player-development/affiliate pages || second-pass MLB/MiLB player development failure reversal negative result	MLB.com;MiLB.com;official player-development/affiliate pages	1920-2026	PNN-005;PNN-015;PNW2-003;PNW2-008;PNW2-010;PNW2-011;PNW2-016;PNW2-017;PNW2-018;PNW2-019;PNW2-025;PNW2-026;PNW2-033	No materially distinct mechanism beyond existing PW/open domains was retained after the second pass.	Second pass retained PNN-005,PNN-015,PNW2-003,PNW2-008,PNW2-010,PNW2-011,PNW2-016,PNW2-017,PNW2-018,PNW2-019,PNW2-025,PNW2-026,PNW2-033 as evidence.	Two formulation families plus source checking reached bounded saturation; later archival discoveries remain admissible.		Primary/official checked where available; secondary context is marked in event rows.	Independent cell receipt; not closed by query-count alone.
MLB_MILB	MLB/MiLB	North America	F	scouting / analytics / AI / technology	SEARCHED_SATURATED	MLB MiLB farm affiliate scouting / analytics / AI / technology development history || MLB/MiLB scouting / analytics / AI / technology official archive history 1920-2026 source-families=MLB.com;MiLB.com;official player-development/affiliate pages || second-pass MLB/MiLB scouting / analytics / AI / technology failure reversal negative result	MLB.com;MiLB.com;official player-development/affiliate pages	1920-2026	PNN-010;PNN-019;PNW2-011	No materially distinct mechanism beyond existing PW/open domains was retained after the second pass.	Second pass retained PNN-010,PNN-019,PNW2-011 as evidence.	Two formulation families plus source checking reached bounded saturation; later archival discoveries remain admissible.		Primary/official checked where available; secondary context is marked in event rows.	Independent cell receipt; not closed by query-count alone.
MLB_MILB	MLB/MiLB	North America	G	staff / culture / organizational knowledge	SEARCHED_SATURATED	MLB MiLB farm affiliate staff / culture / organizational knowledge development history || MLB/MiLB staff / culture / organizational knowledge official archive history 1920-2026 source-families=MLB.com;MiLB.com;official player-development/affiliate pages || second-pass MLB/MiLB staff / culture / organizational knowledge failure reversal negative result	MLB.com;MiLB.com;official player-development/affiliate pages	1920-2026	PNW2-003;PNW2-011;PNW2-025;PNW2-026	No materially distinct mechanism beyond existing PW/open domains was retained after the second pass.	Second pass retained PNW2-003,PNW2-011,PNW2-025,PNW2-026 as evidence.	Two formulation families plus source checking reached bounded saturation; later archival discoveries remain admissible.		Primary/official checked where available; secondary context is marked in event rows.	Independent cell receipt; not closed by query-count alone.
MLB_MILB	MLB/MiLB	North America	H	opponent research / adaptation	SEARCHED_NEEDS_MORE	MLB MiLB farm affiliate opponent research / adaptation development history || MLB/MiLB opponent research / adaptation official archive history 1920-2026 source-families=MLB.com;MiLB.com;official player-development/affiliate pages || second-pass MLB/MiLB opponent research / adaptation failure reversal negative result	MLB.com;MiLB.com;official player-development/affiliate pages	1920-2026	PNN-010	Searches found covered mechanisms, source-thin references, or details not safe to generalize.	Second pass retained PNN-010 but did not establish saturation.	Not closed: keep open for a targeted later pass; retained evidence is a bounded seed.	Coverage depth remains incomplete; this is not a completion claim.	Primary/official checked where available; secondary context is marked in event rows.	Independent cell receipt; not closed by query-count alone.
MLB_MILB	MLB/MiLB	North America	I	player identity / psychology / agency	SEARCHED_NEEDS_MORE	MLB MiLB farm affiliate player identity / psychology / agency development history || MLB/MiLB player identity / psychology / agency official archive history 1920-2026 source-families=MLB.com;MiLB.com;official player-development/affiliate pages || second-pass MLB/MiLB player identity / psychology / agency failure reversal negative result	MLB.com;MiLB.com;official player-development/affiliate pages	1920-2026	PNW2-026	Searches found covered mechanisms, source-thin references, or details not safe to generalize.	Second pass retained PNW2-026 but did not establish saturation.	Not closed: keep open for a targeted later pass; retained evidence is a bounded seed.	Coverage depth remains incomplete; this is not a completion claim.	Primary/official checked where available; secondary context is marked in event rows.	Independent cell receipt; not closed by query-count alone.
MLB_MILB	MLB/MiLB	North America	J	injury / fatigue / health	SEARCHED_NEEDS_MORE	MLB MiLB farm affiliate injury / fatigue / health development history || MLB/MiLB injury / fatigue / health official archive history 1920-2026 source-families=MLB.com;MiLB.com;official player-development/affiliate pages || second-pass MLB/MiLB injury / fatigue / health failure reversal negative result	MLB.com;MiLB.com;official player-development/affiliate pages	1920-2026	-	Searches found covered mechanisms, source-thin references, or details not safe to generalize.	No high-confidence distinct event retained.	Not closed: keep open for a targeted later pass; retained evidence is a bounded seed.	Coverage depth remains incomplete; this is not a completion claim.	Primary/official checked where available; secondary context is marked in event rows.	Independent cell receipt; not closed by query-count alone.
MLB_MILB	MLB/MiLB	North America	K	business / fans / media / stadiums	SEARCHED_NEEDS_MORE	MLB MiLB farm affiliate business / fans / media / stadiums development history || MLB/MiLB business / fans / media / stadiums official archive history 1920-2026 source-families=MLB.com;MiLB.com;official player-development/affiliate pages || second-pass MLB/MiLB business / fans / media / stadiums failure reversal negative result	MLB.com;MiLB.com;official player-development/affiliate pages	1920-2026	PNW2-010;PNW2-016;PNW2-017;PNW2-018	Searches found covered mechanisms, source-thin references, or details not safe to generalize.	Second pass retained PNW2-010,PNW2-016,PNW2-017,PNW2-018 but did not establish saturation.	Not closed: keep open for a targeted later pass; retained evidence is a bounded seed.	Coverage depth remains incomplete; this is not a completion claim.	Primary/official checked where available; secondary context is marked in event rows.	Independent cell receipt; not closed by query-count alone.
MLB_MILB	MLB/MiLB	North America	L	governance / labor / player associations	SEARCHED_NEEDS_MORE	MLB MiLB farm affiliate governance / labor / player associations development history || MLB/MiLB governance / labor / player associations official archive history 1920-2026 source-families=MLB.com;MiLB.com;official player-development/affiliate pages || second-pass MLB/MiLB governance / labor / player associations failure reversal negative result	MLB.com;MiLB.com;official player-development/affiliate pages	1920-2026	PNW2-018	Searches found covered mechanisms, source-thin references, or details not safe to generalize.	Second pass retained PNW2-018 but did not establish saturation.	Not closed: keep open for a targeted later pass; retained evidence is a bounded seed.	Coverage depth remains incomplete; this is not a completion claim.	Primary/official checked where available; secondary context is marked in event rows.	Independent cell receipt; not closed by query-count alone.
MLB_MILB	MLB/MiLB	North America	M	integrity / scandals / enforcement	SEARCHED_NEEDS_MORE	MLB MiLB farm affiliate integrity / scandals / enforcement development history || MLB/MiLB integrity / scandals / enforcement official archive history 1920-2026 source-families=MLB.com;MiLB.com;official player-development/affiliate pages || second-pass MLB/MiLB integrity / scandals / enforcement failure reversal negative result	MLB.com;MiLB.com;official player-development/affiliate pages	1920-2026	-	Searches found covered mechanisms, source-thin references, or details not safe to generalize.	No high-confidence distinct event retained.	Not closed: keep open for a targeted later pass; retained evidence is a bounded seed.	Coverage depth remains incomplete; this is not a completion claim.	Primary/official checked where available; secondary context is marked in event rows.	Independent cell receipt; not closed by query-count alone.
MLB_MILB	MLB/MiLB	North America	N	global development	SEARCHED_NEEDS_MORE	MLB MiLB farm affiliate global development development history || MLB/MiLB global development official archive history 1920-2026 source-families=MLB.com;MiLB.com;official player-development/affiliate pages || second-pass MLB/MiLB global development failure reversal negative result	MLB.com;MiLB.com;official player-development/affiliate pages	1920-2026	PNN-005;PNN-015;PNW2-011;PNW2-019;PNW2-033	Searches found covered mechanisms, source-thin references, or details not safe to generalize.	Second pass retained PNN-005,PNN-015,PNW2-011,PNW2-019,PNW2-033 but did not establish saturation.	Not closed: keep open for a targeted later pass; retained evidence is a bounded seed.	Coverage depth remains incomplete; this is not a completion claim.	Primary/official checked where available; secondary context is marked in event rows.	Independent cell receipt; not closed by query-count alone.
MLB_MILB	MLB/MiLB	North America	O	country-specific systems	SEARCHED_NEEDS_MORE	MLB MiLB farm affiliate country-specific systems development history || MLB/MiLB country-specific systems official archive history 1920-2026 source-families=MLB.com;MiLB.com;official player-development/affiliate pages || second-pass MLB/MiLB country-specific systems failure reversal negative result	MLB.com;MiLB.com;official player-development/affiliate pages	1920-2026	PNW2-033	Searches found covered mechanisms, source-thin references, or details not safe to generalize.	Second pass retained PNW2-033 but did not establish saturation.	Not closed: keep open for a targeted later pass; retained evidence is a bounded seed.	Coverage depth remains incomplete; this is not a completion claim.	Primary/official checked where available; secondary context is marked in event rows.	Independent cell receipt; not closed by query-count alone.
MLB_MILB	MLB/MiLB	North America	P	tournaments / all-star	SEARCHED_NEEDS_MORE	MLB MiLB farm affiliate tournaments / all-star development history || MLB/MiLB tournaments / all-star official archive history 1920-2026 source-families=MLB.com;MiLB.com;official player-development/affiliate pages || second-pass MLB/MiLB tournaments / all-star failure reversal negative result	MLB.com;MiLB.com;official player-development/affiliate pages	1920-2026	-	Searches found covered mechanisms, source-thin references, or details not safe to generalize.	No high-confidence distinct event retained.	Not closed: keep open for a targeted later pass; retained evidence is a bounded seed.	Coverage depth remains incomplete; this is not a completion claim.	Primary/official checked where available; secondary context is marked in event rows.	Independent cell receipt; not closed by query-count alone.
MLB_MILB	MLB/MiLB	North America	Q	rare structural events	SEARCHED_NEEDS_MORE	MLB MiLB farm affiliate rare structural events development history || MLB/MiLB rare structural events official archive history 1920-2026 source-families=MLB.com;MiLB.com;official player-development/affiliate pages || second-pass MLB/MiLB rare structural events failure reversal negative result	MLB.com;MiLB.com;official player-development/affiliate pages	1920-2026	PNW2-003;PNW2-008;PNW2-010;PNW2-016;PNW2-025;PNW2-026;PNW2-033	Searches found covered mechanisms, source-thin references, or details not safe to generalize.	Second pass retained PNW2-003,PNW2-008,PNW2-010,PNW2-016,PNW2-025,PNW2-026,PNW2-033 but did not establish saturation.	Not closed: keep open for a targeted later pass; retained evidence is a bounded seed.	Coverage depth remains incomplete; this is not a completion claim.	Primary/official checked where available; secondary context is marked in event rows.	Independent cell receipt; not closed by query-count alone.
NCAA_US_COLLEGE	NCAA / US college baseball	North America	A	rules / on-field environment	SEARCHED_NEEDS_MORE	NCAA college baseball rules / on-field environment eligibility NIL transfer draft || NCAA / US college baseball rules / on-field environment official archive history 1990-2026 source-families=ncaa.org;USA Baseball;official college league pages;Cape Cod || second-pass NCAA / US college baseball rules / on-field environment failure reversal negative result	ncaa.org;USA Baseball;official college league pages;Cape Cod	1990-2026	-	Searches found covered mechanisms, source-thin references, or details not safe to generalize.	No high-confidence distinct event retained.	Not closed: keep open for a targeted later pass; retained evidence is a bounded seed.	Coverage depth remains incomplete; this is not a completion claim.	Primary/official checked where available; secondary context is marked in event rows.	Independent cell receipt; not closed by query-count alone.
NCAA_US_COLLEGE	NCAA / US college baseball	North America	B	draft / amateur acquisition	SEARCHED_SATURATED	NCAA college baseball draft / amateur acquisition eligibility NIL transfer draft || NCAA / US college baseball draft / amateur acquisition official archive history 1990-2026 source-families=ncaa.org;USA Baseball;official college league pages;Cape Cod || second-pass NCAA / US college baseball draft / amateur acquisition failure reversal negative result	ncaa.org;USA Baseball;official college league pages;Cape Cod	1990-2026	PNW2-021;PNW2-042	No materially distinct mechanism beyond existing PW/open domains was retained after the second pass.	Second pass retained PNW2-021,PNW2-042 as evidence.	Two formulation families plus source checking reached bounded saturation; later archival discoveries remain admissible.		Primary/official checked where available; secondary context is marked in event rows.	Independent cell receipt; not closed by query-count alone.
NCAA_US_COLLEGE	NCAA / US college baseball	North America	C	contracts / FA / player movement	SEARCHED_NEEDS_MORE	NCAA college baseball contracts / FA / player movement eligibility NIL transfer draft || NCAA / US college baseball contracts / FA / player movement official archive history 1990-2026 source-families=ncaa.org;USA Baseball;official college league pages;Cape Cod || second-pass NCAA / US college baseball contracts / FA / player movement failure reversal negative result	ncaa.org;USA Baseball;official college league pages;Cape Cod	1990-2026	PNW2-021	Searches found covered mechanisms, source-thin references, or details not safe to generalize.	Second pass retained PNW2-021 but did not establish saturation.	Not closed: keep open for a targeted later pass; retained evidence is a bounded seed.	Coverage depth remains incomplete; this is not a completion claim.	Primary/official checked where available; secondary context is marked in event rows.	Independent cell receipt; not closed by query-count alone.
NCAA_US_COLLEGE	NCAA / US college baseball	North America	D	organization / roster / competitive balance	SEARCHED_NEEDS_MORE	NCAA college baseball organization / roster / competitive balance eligibility NIL transfer draft || NCAA / US college baseball organization / roster / competitive balance official archive history 1990-2026 source-families=ncaa.org;USA Baseball;official college league pages;Cape Cod || second-pass NCAA / US college baseball organization / roster / competitive balance failure reversal negative result	ncaa.org;USA Baseball;official college league pages;Cape Cod	1990-2026	-	Searches found covered mechanisms, source-thin references, or details not safe to generalize.	No high-confidence distinct event retained.	Not closed: keep open for a targeted later pass; retained evidence is a bounded seed.	Coverage depth remains incomplete; this is not a completion claim.	Primary/official checked where available; secondary context is marked in event rows.	Independent cell receipt; not closed by query-count alone.
NCAA_US_COLLEGE	NCAA / US college baseball	North America	E	player development	SEARCHED_SATURATED	NCAA college baseball player development eligibility NIL transfer draft || NCAA / US college baseball player development official archive history 1990-2026 source-families=ncaa.org;USA Baseball;official college league pages;Cape Cod || second-pass NCAA / US college baseball player development failure reversal negative result	ncaa.org;USA Baseball;official college league pages;Cape Cod	1990-2026	PNW2-042	No materially distinct mechanism beyond existing PW/open domains was retained after the second pass.	Second pass retained PNW2-042 as evidence.	Two formulation families plus source checking reached bounded saturation; later archival discoveries remain admissible.		Primary/official checked where available; secondary context is marked in event rows.	Independent cell receipt; not closed by query-count alone.
NCAA_US_COLLEGE	NCAA / US college baseball	North America	F	scouting / analytics / AI / technology	SEARCHED_SATURATED	NCAA college baseball scouting / analytics / AI / technology eligibility NIL transfer draft || NCAA / US college baseball scouting / analytics / AI / technology official archive history 1990-2026 source-families=ncaa.org;USA Baseball;official college league pages;Cape Cod || second-pass NCAA / US college baseball scouting / analytics / AI / technology failure reversal negative result	ncaa.org;USA Baseball;official college league pages;Cape Cod	1990-2026	-	No materially distinct mechanism beyond existing PW/open domains was retained after the second pass.	Duplicate/descriptive/low-value results only.	Two formulation families plus source checking reached bounded saturation; later archival discoveries remain admissible.		Primary/official checked where available; secondary context is marked in event rows.	Independent cell receipt; not closed by query-count alone.
NCAA_US_COLLEGE	NCAA / US college baseball	North America	G	staff / culture / organizational knowledge	SEARCHED_NEEDS_MORE	NCAA college baseball staff / culture / organizational knowledge eligibility NIL transfer draft || NCAA / US college baseball staff / culture / organizational knowledge official archive history 1990-2026 source-families=ncaa.org;USA Baseball;official college league pages;Cape Cod || second-pass NCAA / US college baseball staff / culture / organizational knowledge failure reversal negative result	ncaa.org;USA Baseball;official college league pages;Cape Cod	1990-2026	PNW2-042	Searches found covered mechanisms, source-thin references, or details not safe to generalize.	Second pass retained PNW2-042 but did not establish saturation.	Not closed: keep open for a targeted later pass; retained evidence is a bounded seed.	Coverage depth remains incomplete; this is not a completion claim.	Primary/official checked where available; secondary context is marked in event rows.	Independent cell receipt; not closed by query-count alone.
NCAA_US_COLLEGE	NCAA / US college baseball	North America	H	opponent research / adaptation	SEARCHED_NEEDS_MORE	NCAA college baseball opponent research / adaptation eligibility NIL transfer draft || NCAA / US college baseball opponent research / adaptation official archive history 1990-2026 source-families=ncaa.org;USA Baseball;official college league pages;Cape Cod || second-pass NCAA / US college baseball opponent research / adaptation failure reversal negative result	ncaa.org;USA Baseball;official college league pages;Cape Cod	1990-2026	-	Searches found covered mechanisms, source-thin references, or details not safe to generalize.	No high-confidence distinct event retained.	Not closed: keep open for a targeted later pass; retained evidence is a bounded seed.	Coverage depth remains incomplete; this is not a completion claim.	Primary/official checked where available; secondary context is marked in event rows.	Independent cell receipt; not closed by query-count alone.
NCAA_US_COLLEGE	NCAA / US college baseball	North America	I	player identity / psychology / agency	SEARCHED_SATURATED	NCAA college baseball player identity / psychology / agency eligibility NIL transfer draft || NCAA / US college baseball player identity / psychology / agency official archive history 1990-2026 source-families=ncaa.org;USA Baseball;official college league pages;Cape Cod || second-pass NCAA / US college baseball player identity / psychology / agency failure reversal negative result	ncaa.org;USA Baseball;official college league pages;Cape Cod	1990-2026	PNW2-021	No materially distinct mechanism beyond existing PW/open domains was retained after the second pass.	Second pass retained PNW2-021 as evidence.	Two formulation families plus source checking reached bounded saturation; later archival discoveries remain admissible.		Primary/official checked where available; secondary context is marked in event rows.	Independent cell receipt; not closed by query-count alone.
NCAA_US_COLLEGE	NCAA / US college baseball	North America	J	injury / fatigue / health	SEARCHED_NEEDS_MORE	NCAA college baseball injury / fatigue / health eligibility NIL transfer draft || NCAA / US college baseball injury / fatigue / health official archive history 1990-2026 source-families=ncaa.org;USA Baseball;official college league pages;Cape Cod || second-pass NCAA / US college baseball injury / fatigue / health failure reversal negative result	ncaa.org;USA Baseball;official college league pages;Cape Cod	1990-2026	-	Searches found covered mechanisms, source-thin references, or details not safe to generalize.	No high-confidence distinct event retained.	Not closed: keep open for a targeted later pass; retained evidence is a bounded seed.	Coverage depth remains incomplete; this is not a completion claim.	Primary/official checked where available; secondary context is marked in event rows.	Independent cell receipt; not closed by query-count alone.
NCAA_US_COLLEGE	NCAA / US college baseball	North America	K	business / fans / media / stadiums	SEARCHED_NEEDS_MORE	NCAA college baseball business / fans / media / stadiums eligibility NIL transfer draft || NCAA / US college baseball business / fans / media / stadiums official archive history 1990-2026 source-families=ncaa.org;USA Baseball;official college league pages;Cape Cod || second-pass NCAA / US college baseball business / fans / media / stadiums failure reversal negative result	ncaa.org;USA Baseball;official college league pages;Cape Cod	1990-2026	-	Searches found covered mechanisms, source-thin references, or details not safe to generalize.	No high-confidence distinct event retained.	Not closed: keep open for a targeted later pass; retained evidence is a bounded seed.	Coverage depth remains incomplete; this is not a completion claim.	Primary/official checked where available; secondary context is marked in event rows.	Independent cell receipt; not closed by query-count alone.
NCAA_US_COLLEGE	NCAA / US college baseball	North America	L	governance / labor / player associations	SEARCHED_NEEDS_MORE	NCAA college baseball governance / labor / player associations eligibility NIL transfer draft || NCAA / US college baseball governance / labor / player associations official archive history 1990-2026 source-families=ncaa.org;USA Baseball;official college league pages;Cape Cod || second-pass NCAA / US college baseball governance / labor / player associations failure reversal negative result	ncaa.org;USA Baseball;official college league pages;Cape Cod	1990-2026	PNW2-021	Searches found covered mechanisms, source-thin references, or details not safe to generalize.	Second pass retained PNW2-021 but did not establish saturation.	Not closed: keep open for a targeted later pass; retained evidence is a bounded seed.	Coverage depth remains incomplete; this is not a completion claim.	Primary/official checked where available; secondary context is marked in event rows.	Independent cell receipt; not closed by query-count alone.
NCAA_US_COLLEGE	NCAA / US college baseball	North America	M	integrity / scandals / enforcement	SEARCHED_NEEDS_MORE	NCAA college baseball integrity / scandals / enforcement eligibility NIL transfer draft || NCAA / US college baseball integrity / scandals / enforcement official archive history 1990-2026 source-families=ncaa.org;USA Baseball;official college league pages;Cape Cod || second-pass NCAA / US college baseball integrity / scandals / enforcement failure reversal negative result	ncaa.org;USA Baseball;official college league pages;Cape Cod	1990-2026	-	Searches found covered mechanisms, source-thin references, or details not safe to generalize.	No high-confidence distinct event retained.	Not closed: keep open for a targeted later pass; retained evidence is a bounded seed.	Coverage depth remains incomplete; this is not a completion claim.	Primary/official checked where available; secondary context is marked in event rows.	Independent cell receipt; not closed by query-count alone.
NCAA_US_COLLEGE	NCAA / US college baseball	North America	N	global development	SEARCHED_NEEDS_MORE	NCAA college baseball global development eligibility NIL transfer draft || NCAA / US college baseball global development official archive history 1990-2026 source-families=ncaa.org;USA Baseball;official college league pages;Cape Cod || second-pass NCAA / US college baseball global development failure reversal negative result	ncaa.org;USA Baseball;official college league pages;Cape Cod	1990-2026	PNW2-042	Searches found covered mechanisms, source-thin references, or details not safe to generalize.	Second pass retained PNW2-042 but did not establish saturation.	Not closed: keep open for a targeted later pass; retained evidence is a bounded seed.	Coverage depth remains incomplete; this is not a completion claim.	Primary/official checked where available; secondary context is marked in event rows.	Independent cell receipt; not closed by query-count alone.
NCAA_US_COLLEGE	NCAA / US college baseball	North America	O	country-specific systems	SEARCHED_NEEDS_MORE	NCAA college baseball country-specific systems eligibility NIL transfer draft || NCAA / US college baseball country-specific systems official archive history 1990-2026 source-families=ncaa.org;USA Baseball;official college league pages;Cape Cod || second-pass NCAA / US college baseball country-specific systems failure reversal negative result	ncaa.org;USA Baseball;official college league pages;Cape Cod	1990-2026	-	Searches found covered mechanisms, source-thin references, or details not safe to generalize.	No high-confidence distinct event retained.	Not closed: keep open for a targeted later pass; retained evidence is a bounded seed.	Coverage depth remains incomplete; this is not a completion claim.	Primary/official checked where available; secondary context is marked in event rows.	Independent cell receipt; not closed by query-count alone.
NCAA_US_COLLEGE	NCAA / US college baseball	North America	P	tournaments / all-star	SEARCHED_NEEDS_MORE	NCAA college baseball tournaments / all-star eligibility NIL transfer draft || NCAA / US college baseball tournaments / all-star official archive history 1990-2026 source-families=ncaa.org;USA Baseball;official college league pages;Cape Cod || second-pass NCAA / US college baseball tournaments / all-star failure reversal negative result	ncaa.org;USA Baseball;official college league pages;Cape Cod	1990-2026	-	Searches found covered mechanisms, source-thin references, or details not safe to generalize.	No high-confidence distinct event retained.	Not closed: keep open for a targeted later pass; retained evidence is a bounded seed.	Coverage depth remains incomplete; this is not a completion claim.	Primary/official checked where available; secondary context is marked in event rows.	Independent cell receipt; not closed by query-count alone.
NCAA_US_COLLEGE	NCAA / US college baseball	North America	Q	rare structural events	SEARCHED_NEEDS_MORE	NCAA college baseball rare structural events eligibility NIL transfer draft || NCAA / US college baseball rare structural events official archive history 1990-2026 source-families=ncaa.org;USA Baseball;official college league pages;Cape Cod || second-pass NCAA / US college baseball rare structural events failure reversal negative result	ncaa.org;USA Baseball;official college league pages;Cape Cod	1990-2026	-	Searches found covered mechanisms, source-thin references, or details not safe to generalize.	No high-confidence distinct event retained.	Not closed: keep open for a targeted later pass; retained evidence is a bounded seed.	Coverage depth remains incomplete; this is not a completion claim.	Primary/official checked where available; secondary context is marked in event rows.	Independent cell receipt; not closed by query-count alone.
US_PRIVATE_DEVELOPMENT	US private development ecosystem	North America	A	rules / on-field environment	SEARCHED_NEEDS_MORE	US baseball private development showcase summer league rules / on-field environment || US private development ecosystem rules / on-field environment official archive history 1920-2026 source-families=Cape Cod;MLB Draft League;PDP;showcase pages || second-pass US private development ecosystem rules / on-field environment failure reversal negative result	Cape Cod;MLB Draft League;PDP;showcase pages	1920-2026	-	Searches found covered mechanisms, source-thin references, or details not safe to generalize.	No high-confidence distinct event retained.	Not closed: keep open for a targeted later pass; retained evidence is a bounded seed.	Coverage depth remains incomplete; this is not a completion claim.	Primary/official checked where available; secondary context is marked in event rows.	Independent cell receipt; not closed by query-count alone.
US_PRIVATE_DEVELOPMENT	US private development ecosystem	North America	B	draft / amateur acquisition	SEARCHED_SATURATED	US baseball private development showcase summer league draft / amateur acquisition || US private development ecosystem draft / amateur acquisition official archive history 1920-2026 source-families=Cape Cod;MLB Draft League;PDP;showcase pages || second-pass US private development ecosystem draft / amateur acquisition failure reversal negative result	Cape Cod;MLB Draft League;PDP;showcase pages	1920-2026	PNW2-019;PNW2-020;PNW2-042	No materially distinct mechanism beyond existing PW/open domains was retained after the second pass.	Second pass retained PNW2-019,PNW2-020,PNW2-042 as evidence.	Two formulation families plus source checking reached bounded saturation; later archival discoveries remain admissible.		Primary/official checked where available; secondary context is marked in event rows.	Independent cell receipt; not closed by query-count alone.
US_PRIVATE_DEVELOPMENT	US private development ecosystem	North America	C	contracts / FA / player movement	SEARCHED_NEEDS_MORE	US baseball private development showcase summer league contracts / FA / player movement || US private development ecosystem contracts / FA / player movement official archive history 1920-2026 source-families=Cape Cod;MLB Draft League;PDP;showcase pages || second-pass US private development ecosystem contracts / FA / player movement failure reversal negative result	Cape Cod;MLB Draft League;PDP;showcase pages	1920-2026	-	Searches found covered mechanisms, source-thin references, or details not safe to generalize.	No high-confidence distinct event retained.	Not closed: keep open for a targeted later pass; retained evidence is a bounded seed.	Coverage depth remains incomplete; this is not a completion claim.	Primary/official checked where available; secondary context is marked in event rows.	Independent cell receipt; not closed by query-count alone.
US_PRIVATE_DEVELOPMENT	US private development ecosystem	North America	D	organization / roster / competitive balance	SEARCHED_NEEDS_MORE	US baseball private development showcase summer league organization / roster / competitive balance || US private development ecosystem organization / roster / competitive balance official archive history 1920-2026 source-families=Cape Cod;MLB Draft League;PDP;showcase pages || second-pass US private development ecosystem organization / roster / competitive balance failure reversal negative result	Cape Cod;MLB Draft League;PDP;showcase pages	1920-2026	PNN-005;PNW2-019;PNW2-025	Searches found covered mechanisms, source-thin references, or details not safe to generalize.	Second pass retained PNN-005,PNW2-019,PNW2-025 but did not establish saturation.	Not closed: keep open for a targeted later pass; retained evidence is a bounded seed.	Coverage depth remains incomplete; this is not a completion claim.	Primary/official checked where available; secondary context is marked in event rows.	Independent cell receipt; not closed by query-count alone.
US_PRIVATE_DEVELOPMENT	US private development ecosystem	North America	E	player development	SEARCHED_SATURATED	US baseball private development showcase summer league player development || US private development ecosystem player development official archive history 1920-2026 source-families=Cape Cod;MLB Draft League;PDP;showcase pages || second-pass US private development ecosystem player development failure reversal negative result	Cape Cod;MLB Draft League;PDP;showcase pages	1920-2026	PNN-005;PNW2-019;PNW2-025;PNW2-030;PNW2-042	No materially distinct mechanism beyond existing PW/open domains was retained after the second pass.	Second pass retained PNN-005,PNW2-019,PNW2-025,PNW2-030,PNW2-042 as evidence.	Two formulation families plus source checking reached bounded saturation; later archival discoveries remain admissible.		Primary/official checked where available; secondary context is marked in event rows.	Independent cell receipt; not closed by query-count alone.
US_PRIVATE_DEVELOPMENT	US private development ecosystem	North America	F	scouting / analytics / AI / technology	SEARCHED_SATURATED	US baseball private development showcase summer league scouting / analytics / AI / technology || US private development ecosystem scouting / analytics / AI / technology official archive history 1920-2026 source-families=Cape Cod;MLB Draft League;PDP;showcase pages || second-pass US private development ecosystem scouting / analytics / AI / technology failure reversal negative result	Cape Cod;MLB Draft League;PDP;showcase pages	1920-2026	PNW2-020;PNW2-030	No materially distinct mechanism beyond existing PW/open domains was retained after the second pass.	Second pass retained PNW2-020,PNW2-030 as evidence.	Two formulation families plus source checking reached bounded saturation; later archival discoveries remain admissible.		Primary/official checked where available; secondary context is marked in event rows.	Independent cell receipt; not closed by query-count alone.
US_PRIVATE_DEVELOPMENT	US private development ecosystem	North America	G	staff / culture / organizational knowledge	SEARCHED_SATURATED	US baseball private development showcase summer league staff / culture / organizational knowledge || US private development ecosystem staff / culture / organizational knowledge official archive history 1920-2026 source-families=Cape Cod;MLB Draft League;PDP;showcase pages || second-pass US private development ecosystem staff / culture / organizational knowledge failure reversal negative result	Cape Cod;MLB Draft League;PDP;showcase pages	1920-2026	PNW2-025;PNW2-030;PNW2-042	No materially distinct mechanism beyond existing PW/open domains was retained after the second pass.	Second pass retained PNW2-025,PNW2-030,PNW2-042 as evidence.	Two formulation families plus source checking reached bounded saturation; later archival discoveries remain admissible.		Primary/official checked where available; secondary context is marked in event rows.	Independent cell receipt; not closed by query-count alone.
US_PRIVATE_DEVELOPMENT	US private development ecosystem	North America	H	opponent research / adaptation	SEARCHED_NEEDS_MORE	US baseball private development showcase summer league opponent research / adaptation || US private development ecosystem opponent research / adaptation official archive history 1920-2026 source-families=Cape Cod;MLB Draft League;PDP;showcase pages || second-pass US private development ecosystem opponent research / adaptation failure reversal negative result	Cape Cod;MLB Draft League;PDP;showcase pages	1920-2026	PNW2-020	Searches found covered mechanisms, source-thin references, or details not safe to generalize.	Second pass retained PNW2-020 but did not establish saturation.	Not closed: keep open for a targeted later pass; retained evidence is a bounded seed.	Coverage depth remains incomplete; this is not a completion claim.	Primary/official checked where available; secondary context is marked in event rows.	Independent cell receipt; not closed by query-count alone.
US_PRIVATE_DEVELOPMENT	US private development ecosystem	North America	I	player identity / psychology / agency	SEARCHED_NEEDS_MORE	US baseball private development showcase summer league player identity / psychology / agency || US private development ecosystem player identity / psychology / agency official archive history 1920-2026 source-families=Cape Cod;MLB Draft League;PDP;showcase pages || second-pass US private development ecosystem player identity / psychology / agency failure reversal negative result	Cape Cod;MLB Draft League;PDP;showcase pages	1920-2026	-	Searches found covered mechanisms, source-thin references, or details not safe to generalize.	No high-confidence distinct event retained.	Not closed: keep open for a targeted later pass; retained evidence is a bounded seed.	Coverage depth remains incomplete; this is not a completion claim.	Primary/official checked where available; secondary context is marked in event rows.	Independent cell receipt; not closed by query-count alone.
US_PRIVATE_DEVELOPMENT	US private development ecosystem	North America	J	injury / fatigue / health	SEARCHED_NEEDS_MORE	US baseball private development showcase summer league injury / fatigue / health || US private development ecosystem injury / fatigue / health official archive history 1920-2026 source-families=Cape Cod;MLB Draft League;PDP;showcase pages || second-pass US private development ecosystem injury / fatigue / health failure reversal negative result	Cape Cod;MLB Draft League;PDP;showcase pages	1920-2026	-	Searches found covered mechanisms, source-thin references, or details not safe to generalize.	No high-confidence distinct event retained.	Not closed: keep open for a targeted later pass; retained evidence is a bounded seed.	Coverage depth remains incomplete; this is not a completion claim.	Primary/official checked where available; secondary context is marked in event rows.	Independent cell receipt; not closed by query-count alone.
US_PRIVATE_DEVELOPMENT	US private development ecosystem	North America	K	business / fans / media / stadiums	SEARCHED_NEEDS_MORE	US baseball private development showcase summer league business / fans / media / stadiums || US private development ecosystem business / fans / media / stadiums official archive history 1920-2026 source-families=Cape Cod;MLB Draft League;PDP;showcase pages || second-pass US private development ecosystem business / fans / media / stadiums failure reversal negative result	Cape Cod;MLB Draft League;PDP;showcase pages	1920-2026	-	Searches found covered mechanisms, source-thin references, or details not safe to generalize.	No high-confidence distinct event retained.	Not closed: keep open for a targeted later pass; retained evidence is a bounded seed.	Coverage depth remains incomplete; this is not a completion claim.	Primary/official checked where available; secondary context is marked in event rows.	Independent cell receipt; not closed by query-count alone.
US_PRIVATE_DEVELOPMENT	US private development ecosystem	North America	L	governance / labor / player associations	SEARCHED_NEEDS_MORE	US baseball private development showcase summer league governance / labor / player associations || US private development ecosystem governance / labor / player associations official archive history 1920-2026 source-families=Cape Cod;MLB Draft League;PDP;showcase pages || second-pass US private development ecosystem governance / labor / player associations failure reversal negative result	Cape Cod;MLB Draft League;PDP;showcase pages	1920-2026	PNN-032	Searches found covered mechanisms, source-thin references, or details not safe to generalize.	Second pass retained PNN-032 but did not establish saturation.	Not closed: keep open for a targeted later pass; retained evidence is a bounded seed.	Coverage depth remains incomplete; this is not a completion claim.	Primary/official checked where available; secondary context is marked in event rows.	Independent cell receipt; not closed by query-count alone.
US_PRIVATE_DEVELOPMENT	US private development ecosystem	North America	M	integrity / scandals / enforcement	SEARCHED_NEEDS_MORE	US baseball private development showcase summer league integrity / scandals / enforcement || US private development ecosystem integrity / scandals / enforcement official archive history 1920-2026 source-families=Cape Cod;MLB Draft League;PDP;showcase pages || second-pass US private development ecosystem integrity / scandals / enforcement failure reversal negative result	Cape Cod;MLB Draft League;PDP;showcase pages	1920-2026	PNW2-030	Searches found covered mechanisms, source-thin references, or details not safe to generalize.	Second pass retained PNW2-030 but did not establish saturation.	Not closed: keep open for a targeted later pass; retained evidence is a bounded seed.	Coverage depth remains incomplete; this is not a completion claim.	Primary/official checked where available; secondary context is marked in event rows.	Independent cell receipt; not closed by query-count alone.
US_PRIVATE_DEVELOPMENT	US private development ecosystem	North America	N	global development	SEARCHED_NEEDS_MORE	US baseball private development showcase summer league global development || US private development ecosystem global development official archive history 1920-2026 source-families=Cape Cod;MLB Draft League;PDP;showcase pages || second-pass US private development ecosystem global development failure reversal negative result	Cape Cod;MLB Draft League;PDP;showcase pages	1920-2026	PNN-005;PNN-032;PNW2-019;PNW2-030;PNW2-042	Searches found covered mechanisms, source-thin references, or details not safe to generalize.	Second pass retained PNN-005,PNN-032,PNW2-019,PNW2-030,PNW2-042 but did not establish saturation.	Not closed: keep open for a targeted later pass; retained evidence is a bounded seed.	Coverage depth remains incomplete; this is not a completion claim.	Primary/official checked where available; secondary context is marked in event rows.	Independent cell receipt; not closed by query-count alone.
US_PRIVATE_DEVELOPMENT	US private development ecosystem	North America	O	country-specific systems	SEARCHED_NEEDS_MORE	US baseball private development showcase summer league country-specific systems || US private development ecosystem country-specific systems official archive history 1920-2026 source-families=Cape Cod;MLB Draft League;PDP;showcase pages || second-pass US private development ecosystem country-specific systems failure reversal negative result	Cape Cod;MLB Draft League;PDP;showcase pages	1920-2026	PNN-032;PNW2-030	Searches found covered mechanisms, source-thin references, or details not safe to generalize.	Second pass retained PNN-032,PNW2-030 but did not establish saturation.	Not closed: keep open for a targeted later pass; retained evidence is a bounded seed.	Coverage depth remains incomplete; this is not a completion claim.	Primary/official checked where available; secondary context is marked in event rows.	Independent cell receipt; not closed by query-count alone.
US_PRIVATE_DEVELOPMENT	US private development ecosystem	North America	P	tournaments / all-star	SEARCHED_NEEDS_MORE	US baseball private development showcase summer league tournaments / all-star || US private development ecosystem tournaments / all-star official archive history 1920-2026 source-families=Cape Cod;MLB Draft League;PDP;showcase pages || second-pass US private development ecosystem tournaments / all-star failure reversal negative result	Cape Cod;MLB Draft League;PDP;showcase pages	1920-2026	PNN-032	Searches found covered mechanisms, source-thin references, or details not safe to generalize.	Second pass retained PNN-032 but did not establish saturation.	Not closed: keep open for a targeted later pass; retained evidence is a bounded seed.	Coverage depth remains incomplete; this is not a completion claim.	Primary/official checked where available; secondary context is marked in event rows.	Independent cell receipt; not closed by query-count alone.
US_PRIVATE_DEVELOPMENT	US private development ecosystem	North America	Q	rare structural events	SEARCHED_NEEDS_MORE	US baseball private development showcase summer league rare structural events || US private development ecosystem rare structural events official archive history 1920-2026 source-families=Cape Cod;MLB Draft League;PDP;showcase pages || second-pass US private development ecosystem rare structural events failure reversal negative result	Cape Cod;MLB Draft League;PDP;showcase pages	1920-2026	PNW2-025	Searches found covered mechanisms, source-thin references, or details not safe to generalize.	Second pass retained PNW2-025 but did not establish saturation.	Not closed: keep open for a targeted later pass; retained evidence is a bounded seed.	Coverage depth remains incomplete; this is not a completion claim.	Primary/official checked where available; secondary context is marked in event rows.	Independent cell receipt; not closed by query-count alone.
KBO	KBO	East Asia	A	rules / on-field environment	SEARCHED_NEEDS_MORE	KBO rules / on-field environment history rule club development foreign player || KBO rules / on-field environment official archive history 1982-2026 source-families=KBO official history/rules;club sites;MLB protocol sources || second-pass KBO rules / on-field environment failure reversal negative result	KBO official history/rules;club sites;MLB protocol sources	1982-2026	-	Searches found covered mechanisms, source-thin references, or details not safe to generalize.	No high-confidence distinct event retained.	Not closed: keep open for a targeted later pass; retained evidence is a bounded seed.	Coverage depth remains incomplete; this is not a completion claim.	Primary/official checked where available; secondary context is marked in event rows.	Independent cell receipt; not closed by query-count alone.
KBO	KBO	East Asia	B	draft / amateur acquisition	SEARCHED_NEEDS_MORE	KBO draft / amateur acquisition history rule club development foreign player || KBO draft / amateur acquisition official archive history 1982-2026 source-families=KBO official history/rules;club sites;MLB protocol sources || second-pass KBO draft / amateur acquisition failure reversal negative result	KBO official history/rules;club sites;MLB protocol sources	1982-2026	PNN-021	Searches found covered mechanisms, source-thin references, or details not safe to generalize.	Second pass retained PNN-021 but did not establish saturation.	Not closed: keep open for a targeted later pass; retained evidence is a bounded seed.	Coverage depth remains incomplete; this is not a completion claim.	Primary/official checked where available; secondary context is marked in event rows.	Independent cell receipt; not closed by query-count alone.
KBO	KBO	East Asia	C	contracts / FA / player movement	SEARCHED_SATURATED	KBO contracts / FA / player movement history rule club development foreign player || KBO contracts / FA / player movement official archive history 1982-2026 source-families=KBO official history/rules;club sites;MLB protocol sources || second-pass KBO contracts / FA / player movement failure reversal negative result	KBO official history/rules;club sites;MLB protocol sources	1982-2026	PNN-021;PNN-023	No materially distinct mechanism beyond existing PW/open domains was retained after the second pass.	Second pass retained PNN-021,PNN-023 as evidence.	Two formulation families plus source checking reached bounded saturation; later archival discoveries remain admissible.		Primary/official checked where available; secondary context is marked in event rows.	Independent cell receipt; not closed by query-count alone.
KBO	KBO	East Asia	D	organization / roster / competitive balance	SEARCHED_SATURATED	KBO organization / roster / competitive balance history rule club development foreign player || KBO organization / roster / competitive balance official archive history 1982-2026 source-families=KBO official history/rules;club sites;MLB protocol sources || second-pass KBO organization / roster / competitive balance failure reversal negative result	KBO official history/rules;club sites;MLB protocol sources	1982-2026	PNN-021;PNN-022	No materially distinct mechanism beyond existing PW/open domains was retained after the second pass.	Second pass retained PNN-021,PNN-022 as evidence.	Two formulation families plus source checking reached bounded saturation; later archival discoveries remain admissible.		Primary/official checked where available; secondary context is marked in event rows.	Independent cell receipt; not closed by query-count alone.
KBO	KBO	East Asia	E	player development	SEARCHED_NEEDS_MORE	KBO player development history rule club development foreign player || KBO player development official archive history 1982-2026 source-families=KBO official history/rules;club sites;MLB protocol sources || second-pass KBO player development failure reversal negative result	KBO official history/rules;club sites;MLB protocol sources	1982-2026	PNN-006;PNN-023	Searches found covered mechanisms, source-thin references, or details not safe to generalize.	Second pass retained PNN-006,PNN-023 but did not establish saturation.	Not closed: keep open for a targeted later pass; retained evidence is a bounded seed.	Coverage depth remains incomplete; this is not a completion claim.	Primary/official checked where available; secondary context is marked in event rows.	Independent cell receipt; not closed by query-count alone.
KBO	KBO	East Asia	F	scouting / analytics / AI / technology	SEARCHED_NEEDS_MORE	KBO scouting / analytics / AI / technology history rule club development foreign player || KBO scouting / analytics / AI / technology official archive history 1982-2026 source-families=KBO official history/rules;club sites;MLB protocol sources || second-pass KBO scouting / analytics / AI / technology failure reversal negative result	KBO official history/rules;club sites;MLB protocol sources	1982-2026	PNN-006	Searches found covered mechanisms, source-thin references, or details not safe to generalize.	Second pass retained PNN-006 but did not establish saturation.	Not closed: keep open for a targeted later pass; retained evidence is a bounded seed.	Coverage depth remains incomplete; this is not a completion claim.	Primary/official checked where available; secondary context is marked in event rows.	Independent cell receipt; not closed by query-count alone.
KBO	KBO	East Asia	G	staff / culture / organizational knowledge	SEARCHED_NEEDS_MORE	KBO staff / culture / organizational knowledge history rule club development foreign player || KBO staff / culture / organizational knowledge official archive history 1982-2026 source-families=KBO official history/rules;club sites;MLB protocol sources || second-pass KBO staff / culture / organizational knowledge failure reversal negative result	KBO official history/rules;club sites;MLB protocol sources	1982-2026	PNN-006	Searches found covered mechanisms, source-thin references, or details not safe to generalize.	Second pass retained PNN-006 but did not establish saturation.	Not closed: keep open for a targeted later pass; retained evidence is a bounded seed.	Coverage depth remains incomplete; this is not a completion claim.	Primary/official checked where available; secondary context is marked in event rows.	Independent cell receipt; not closed by query-count alone.
KBO	KBO	East Asia	H	opponent research / adaptation	SEARCHED_NEEDS_MORE	KBO opponent research / adaptation history rule club development foreign player || KBO opponent research / adaptation official archive history 1982-2026 source-families=KBO official history/rules;club sites;MLB protocol sources || second-pass KBO opponent research / adaptation failure reversal negative result	KBO official history/rules;club sites;MLB protocol sources	1982-2026	-	Searches found covered mechanisms, source-thin references, or details not safe to generalize.	No high-confidence distinct event retained.	Not closed: keep open for a targeted later pass; retained evidence is a bounded seed.	Coverage depth remains incomplete; this is not a completion claim.	Primary/official checked where available; secondary context is marked in event rows.	Independent cell receipt; not closed by query-count alone.
KBO	KBO	East Asia	I	player identity / psychology / agency	SEARCHED_NEEDS_MORE	KBO player identity / psychology / agency history rule club development foreign player || KBO player identity / psychology / agency official archive history 1982-2026 source-families=KBO official history/rules;club sites;MLB protocol sources || second-pass KBO player identity / psychology / agency failure reversal negative result	KBO official history/rules;club sites;MLB protocol sources	1982-2026	PNN-023	Searches found covered mechanisms, source-thin references, or details not safe to generalize.	Second pass retained PNN-023 but did not establish saturation.	Not closed: keep open for a targeted later pass; retained evidence is a bounded seed.	Coverage depth remains incomplete; this is not a completion claim.	Primary/official checked where available; secondary context is marked in event rows.	Independent cell receipt; not closed by query-count alone.
KBO	KBO	East Asia	J	injury / fatigue / health	SEARCHED_NEEDS_MORE	KBO injury / fatigue / health history rule club development foreign player || KBO injury / fatigue / health official archive history 1982-2026 source-families=KBO official history/rules;club sites;MLB protocol sources || second-pass KBO injury / fatigue / health failure reversal negative result	KBO official history/rules;club sites;MLB protocol sources	1982-2026	-	Searches found covered mechanisms, source-thin references, or details not safe to generalize.	No high-confidence distinct event retained.	Not closed: keep open for a targeted later pass; retained evidence is a bounded seed.	Coverage depth remains incomplete; this is not a completion claim.	Primary/official checked where available; secondary context is marked in event rows.	Independent cell receipt; not closed by query-count alone.
KBO	KBO	East Asia	K	business / fans / media / stadiums	SEARCHED_NEEDS_MORE	KBO business / fans / media / stadiums history rule club development foreign player || KBO business / fans / media / stadiums official archive history 1982-2026 source-families=KBO official history/rules;club sites;MLB protocol sources || second-pass KBO business / fans / media / stadiums failure reversal negative result	KBO official history/rules;club sites;MLB protocol sources	1982-2026	-	Searches found covered mechanisms, source-thin references, or details not safe to generalize.	No high-confidence distinct event retained.	Not closed: keep open for a targeted later pass; retained evidence is a bounded seed.	Coverage depth remains incomplete; this is not a completion claim.	Primary/official checked where available; secondary context is marked in event rows.	Independent cell receipt; not closed by query-count alone.
KBO	KBO	East Asia	L	governance / labor / player associations	SEARCHED_NEEDS_MORE	KBO governance / labor / player associations history rule club development foreign player || KBO governance / labor / player associations official archive history 1982-2026 source-families=KBO official history/rules;club sites;MLB protocol sources || second-pass KBO governance / labor / player associations failure reversal negative result	KBO official history/rules;club sites;MLB protocol sources	1982-2026	-	Searches found covered mechanisms, source-thin references, or details not safe to generalize.	No high-confidence distinct event retained.	Not closed: keep open for a targeted later pass; retained evidence is a bounded seed.	Coverage depth remains incomplete; this is not a completion claim.	Primary/official checked where available; secondary context is marked in event rows.	Independent cell receipt; not closed by query-count alone.
KBO	KBO	East Asia	M	integrity / scandals / enforcement	SEARCHED_NEEDS_MORE	KBO integrity / scandals / enforcement history rule club development foreign player || KBO integrity / scandals / enforcement official archive history 1982-2026 source-families=KBO official history/rules;club sites;MLB protocol sources || second-pass KBO integrity / scandals / enforcement failure reversal negative result	KBO official history/rules;club sites;MLB protocol sources	1982-2026	-	Searches found covered mechanisms, source-thin references, or details not safe to generalize.	No high-confidence distinct event retained.	Not closed: keep open for a targeted later pass; retained evidence is a bounded seed.	Coverage depth remains incomplete; this is not a completion claim.	Primary/official checked where available; secondary context is marked in event rows.	Independent cell receipt; not closed by query-count alone.
KBO	KBO	East Asia	N	global development	SEARCHED_NEEDS_MORE	KBO global development history rule club development foreign player || KBO global development official archive history 1982-2026 source-families=KBO official history/rules;club sites;MLB protocol sources || second-pass KBO global development failure reversal negative result	KBO official history/rules;club sites;MLB protocol sources	1982-2026	PNN-006;PNN-022	Searches found covered mechanisms, source-thin references, or details not safe to generalize.	Second pass retained PNN-006,PNN-022 but did not establish saturation.	Not closed: keep open for a targeted later pass; retained evidence is a bounded seed.	Coverage depth remains incomplete; this is not a completion claim.	Primary/official checked where available; secondary context is marked in event rows.	Independent cell receipt; not closed by query-count alone.
KBO	KBO	East Asia	O	country-specific systems	SEARCHED_SATURATED	KBO country-specific systems history rule club development foreign player || KBO country-specific systems official archive history 1982-2026 source-families=KBO official history/rules;club sites;MLB protocol sources || second-pass KBO country-specific systems failure reversal negative result	KBO official history/rules;club sites;MLB protocol sources	1982-2026	PNN-023	No materially distinct mechanism beyond existing PW/open domains was retained after the second pass.	Second pass retained PNN-023 as evidence.	Two formulation families plus source checking reached bounded saturation; later archival discoveries remain admissible.		Primary/official checked where available; secondary context is marked in event rows.	Independent cell receipt; not closed by query-count alone.
KBO	KBO	East Asia	P	tournaments / all-star	SEARCHED_NEEDS_MORE	KBO tournaments / all-star history rule club development foreign player || KBO tournaments / all-star official archive history 1982-2026 source-families=KBO official history/rules;club sites;MLB protocol sources || second-pass KBO tournaments / all-star failure reversal negative result	KBO official history/rules;club sites;MLB protocol sources	1982-2026	-	Searches found covered mechanisms, source-thin references, or details not safe to generalize.	No high-confidence distinct event retained.	Not closed: keep open for a targeted later pass; retained evidence is a bounded seed.	Coverage depth remains incomplete; this is not a completion claim.	Primary/official checked where available; secondary context is marked in event rows.	Independent cell receipt; not closed by query-count alone.
KBO	KBO	East Asia	Q	rare structural events	SEARCHED_NEEDS_MORE	KBO rare structural events history rule club development foreign player || KBO rare structural events official archive history 1982-2026 source-families=KBO official history/rules;club sites;MLB protocol sources || second-pass KBO rare structural events failure reversal negative result	KBO official history/rules;club sites;MLB protocol sources	1982-2026	PNN-022	Searches found covered mechanisms, source-thin references, or details not safe to generalize.	Second pass retained PNN-022 but did not establish saturation.	Not closed: keep open for a targeted later pass; retained evidence is a bounded seed.	Coverage depth remains incomplete; this is not a completion claim.	Primary/official checked where available; secondary context is marked in event rows.	Independent cell receipt; not closed by query-count alone.
CPBL	CPBL	East Asia	A	rules / on-field environment	SEARCHED_SATURATED	CPBL rules / on-field environment history roster draft integrity official || CPBL rules / on-field environment official archive history 1990-2026 source-families=CPBL official structure/register/news;official league materials || second-pass CPBL rules / on-field environment failure reversal negative result	CPBL official structure/register/news;official league materials	1990-2026	-	No materially distinct mechanism beyond existing PW/open domains was retained after the second pass.	Duplicate/descriptive/low-value results only.	Two formulation families plus source checking reached bounded saturation; later archival discoveries remain admissible.		Primary/official checked where available; secondary context is marked in event rows.	Independent cell receipt; not closed by query-count alone.
CPBL	CPBL	East Asia	B	draft / amateur acquisition	SEARCHED_SATURATED	CPBL draft / amateur acquisition history roster draft integrity official || CPBL draft / amateur acquisition official archive history 1990-2026 source-families=CPBL official structure/register/news;official league materials || second-pass CPBL draft / amateur acquisition failure reversal negative result	CPBL official structure/register/news;official league materials	1990-2026	PNN-025	No materially distinct mechanism beyond existing PW/open domains was retained after the second pass.	Second pass retained PNN-025 as evidence.	Two formulation families plus source checking reached bounded saturation; later archival discoveries remain admissible.		Primary/official checked where available; secondary context is marked in event rows.	Independent cell receipt; not closed by query-count alone.
CPBL	CPBL	East Asia	C	contracts / FA / player movement	SEARCHED_SATURATED	CPBL contracts / FA / player movement history roster draft integrity official || CPBL contracts / FA / player movement official archive history 1990-2026 source-families=CPBL official structure/register/news;official league materials || second-pass CPBL contracts / FA / player movement failure reversal negative result	CPBL official structure/register/news;official league materials	1990-2026	PNN-024;PNN-025;PNN-026	No materially distinct mechanism beyond existing PW/open domains was retained after the second pass.	Second pass retained PNN-024,PNN-025,PNN-026 as evidence.	Two formulation families plus source checking reached bounded saturation; later archival discoveries remain admissible.		Primary/official checked where available; secondary context is marked in event rows.	Independent cell receipt; not closed by query-count alone.
CPBL	CPBL	East Asia	D	organization / roster / competitive balance	SEARCHED_SATURATED	CPBL organization / roster / competitive balance history roster draft integrity official || CPBL organization / roster / competitive balance official archive history 1990-2026 source-families=CPBL official structure/register/news;official league materials || second-pass CPBL organization / roster / competitive balance failure reversal negative result	CPBL official structure/register/news;official league materials	1990-2026	-	No materially distinct mechanism beyond existing PW/open domains was retained after the second pass.	Duplicate/descriptive/low-value results only.	Two formulation families plus source checking reached bounded saturation; later archival discoveries remain admissible.		Primary/official checked where available; secondary context is marked in event rows.	Independent cell receipt; not closed by query-count alone.
CPBL	CPBL	East Asia	E	player development	SEARCHED_NEEDS_MORE	CPBL player development history roster draft integrity official || CPBL player development official archive history 1990-2026 source-families=CPBL official structure/register/news;official league materials || second-pass CPBL player development failure reversal negative result	CPBL official structure/register/news;official league materials	1990-2026	PNN-006	Searches found covered mechanisms, source-thin references, or details not safe to generalize.	Second pass retained PNN-006 but did not establish saturation.	Not closed: keep open for a targeted later pass; retained evidence is a bounded seed.	Coverage depth remains incomplete; this is not a completion claim.	Primary/official checked where available; secondary context is marked in event rows.	Independent cell receipt; not closed by query-count alone.
CPBL	CPBL	East Asia	F	scouting / analytics / AI / technology	SEARCHED_NEEDS_MORE	CPBL scouting / analytics / AI / technology history roster draft integrity official || CPBL scouting / analytics / AI / technology official archive history 1990-2026 source-families=CPBL official structure/register/news;official league materials || second-pass CPBL scouting / analytics / AI / technology failure reversal negative result	CPBL official structure/register/news;official league materials	1990-2026	PNN-006	Searches found covered mechanisms, source-thin references, or details not safe to generalize.	Second pass retained PNN-006 but did not establish saturation.	Not closed: keep open for a targeted later pass; retained evidence is a bounded seed.	Coverage depth remains incomplete; this is not a completion claim.	Primary/official checked where available; secondary context is marked in event rows.	Independent cell receipt; not closed by query-count alone.
CPBL	CPBL	East Asia	G	staff / culture / organizational knowledge	SEARCHED_NEEDS_MORE	CPBL staff / culture / organizational knowledge history roster draft integrity official || CPBL staff / culture / organizational knowledge official archive history 1990-2026 source-families=CPBL official structure/register/news;official league materials || second-pass CPBL staff / culture / organizational knowledge failure reversal negative result	CPBL official structure/register/news;official league materials	1990-2026	PNN-006	Searches found covered mechanisms, source-thin references, or details not safe to generalize.	Second pass retained PNN-006 but did not establish saturation.	Not closed: keep open for a targeted later pass; retained evidence is a bounded seed.	Coverage depth remains incomplete; this is not a completion claim.	Primary/official checked where available; secondary context is marked in event rows.	Independent cell receipt; not closed by query-count alone.
CPBL	CPBL	East Asia	H	opponent research / adaptation	SEARCHED_NEEDS_MORE	CPBL opponent research / adaptation history roster draft integrity official || CPBL opponent research / adaptation official archive history 1990-2026 source-families=CPBL official structure/register/news;official league materials || second-pass CPBL opponent research / adaptation failure reversal negative result	CPBL official structure/register/news;official league materials	1990-2026	-	Searches found covered mechanisms, source-thin references, or details not safe to generalize.	No high-confidence distinct event retained.	Not closed: keep open for a targeted later pass; retained evidence is a bounded seed.	Coverage depth remains incomplete; this is not a completion claim.	Primary/official checked where available; secondary context is marked in event rows.	Independent cell receipt; not closed by query-count alone.
CPBL	CPBL	East Asia	I	player identity / psychology / agency	SEARCHED_NEEDS_MORE	CPBL player identity / psychology / agency history roster draft integrity official || CPBL player identity / psychology / agency official archive history 1990-2026 source-families=CPBL official structure/register/news;official league materials || second-pass CPBL player identity / psychology / agency failure reversal negative result	CPBL official structure/register/news;official league materials	1990-2026	-	Searches found covered mechanisms, source-thin references, or details not safe to generalize.	No high-confidence distinct event retained.	Not closed: keep open for a targeted later pass; retained evidence is a bounded seed.	Coverage depth remains incomplete; this is not a completion claim.	Primary/official checked where available; secondary context is marked in event rows.	Independent cell receipt; not closed by query-count alone.
CPBL	CPBL	East Asia	J	injury / fatigue / health	SEARCHED_NEEDS_MORE	CPBL injury / fatigue / health history roster draft integrity official || CPBL injury / fatigue / health official archive history 1990-2026 source-families=CPBL official structure/register/news;official league materials || second-pass CPBL injury / fatigue / health failure reversal negative result	CPBL official structure/register/news;official league materials	1990-2026	-	Searches found covered mechanisms, source-thin references, or details not safe to generalize.	No high-confidence distinct event retained.	Not closed: keep open for a targeted later pass; retained evidence is a bounded seed.	Coverage depth remains incomplete; this is not a completion claim.	Primary/official checked where available; secondary context is marked in event rows.	Independent cell receipt; not closed by query-count alone.
CPBL	CPBL	East Asia	K	business / fans / media / stadiums	SEARCHED_NEEDS_MORE	CPBL business / fans / media / stadiums history roster draft integrity official || CPBL business / fans / media / stadiums official archive history 1990-2026 source-families=CPBL official structure/register/news;official league materials || second-pass CPBL business / fans / media / stadiums failure reversal negative result	CPBL official structure/register/news;official league materials	1990-2026	-	Searches found covered mechanisms, source-thin references, or details not safe to generalize.	No high-confidence distinct event retained.	Not closed: keep open for a targeted later pass; retained evidence is a bounded seed.	Coverage depth remains incomplete; this is not a completion claim.	Primary/official checked where available; secondary context is marked in event rows.	Independent cell receipt; not closed by query-count alone.
CPBL	CPBL	East Asia	L	governance / labor / player associations	SEARCHED_NEEDS_MORE	CPBL governance / labor / player associations history roster draft integrity official || CPBL governance / labor / player associations official archive history 1990-2026 source-families=CPBL official structure/register/news;official league materials || second-pass CPBL governance / labor / player associations failure reversal negative result	CPBL official structure/register/news;official league materials	1990-2026	-	Searches found covered mechanisms, source-thin references, or details not safe to generalize.	No high-confidence distinct event retained.	Not closed: keep open for a targeted later pass; retained evidence is a bounded seed.	Coverage depth remains incomplete; this is not a completion claim.	Primary/official checked where available; secondary context is marked in event rows.	Independent cell receipt; not closed by query-count alone.
CPBL	CPBL	East Asia	M	integrity / scandals / enforcement	SEARCHED_SATURATED	CPBL integrity / scandals / enforcement history roster draft integrity official || CPBL integrity / scandals / enforcement official archive history 1990-2026 source-families=CPBL official structure/register/news;official league materials || second-pass CPBL integrity / scandals / enforcement failure reversal negative result	CPBL official structure/register/news;official league materials	1990-2026	PNN-057	No materially distinct mechanism beyond existing PW/open domains was retained after the second pass.	Second pass retained PNN-057 as evidence.	Two formulation families plus source checking reached bounded saturation; later archival discoveries remain admissible.		Primary/official checked where available; secondary context is marked in event rows.	Independent cell receipt; not closed by query-count alone.
CPBL	CPBL	East Asia	N	global development	SEARCHED_NEEDS_MORE	CPBL global development history roster draft integrity official || CPBL global development official archive history 1990-2026 source-families=CPBL official structure/register/news;official league materials || second-pass CPBL global development failure reversal negative result	CPBL official structure/register/news;official league materials	1990-2026	PNN-006	Searches found covered mechanisms, source-thin references, or details not safe to generalize.	Second pass retained PNN-006 but did not establish saturation.	Not closed: keep open for a targeted later pass; retained evidence is a bounded seed.	Coverage depth remains incomplete; this is not a completion claim.	Primary/official checked where available; secondary context is marked in event rows.	Independent cell receipt; not closed by query-count alone.
CPBL	CPBL	East Asia	O	country-specific systems	SEARCHED_NEEDS_MORE	CPBL country-specific systems history roster draft integrity official || CPBL country-specific systems official archive history 1990-2026 source-families=CPBL official structure/register/news;official league materials || second-pass CPBL country-specific systems failure reversal negative result	CPBL official structure/register/news;official league materials	1990-2026	PNN-024;PNN-025;PNN-026	Searches found covered mechanisms, source-thin references, or details not safe to generalize.	Second pass retained PNN-024,PNN-025,PNN-026 but did not establish saturation.	Not closed: keep open for a targeted later pass; retained evidence is a bounded seed.	Coverage depth remains incomplete; this is not a completion claim.	Primary/official checked where available; secondary context is marked in event rows.	Independent cell receipt; not closed by query-count alone.
CPBL	CPBL	East Asia	P	tournaments / all-star	SEARCHED_NEEDS_MORE	CPBL tournaments / all-star history roster draft integrity official || CPBL tournaments / all-star official archive history 1990-2026 source-families=CPBL official structure/register/news;official league materials || second-pass CPBL tournaments / all-star failure reversal negative result	CPBL official structure/register/news;official league materials	1990-2026	-	Searches found covered mechanisms, source-thin references, or details not safe to generalize.	No high-confidence distinct event retained.	Not closed: keep open for a targeted later pass; retained evidence is a bounded seed.	Coverage depth remains incomplete; this is not a completion claim.	Primary/official checked where available; secondary context is marked in event rows.	Independent cell receipt; not closed by query-count alone.
CPBL	CPBL	East Asia	Q	rare structural events	SEARCHED_NEEDS_MORE	CPBL rare structural events history roster draft integrity official || CPBL rare structural events official archive history 1990-2026 source-families=CPBL official structure/register/news;official league materials || second-pass CPBL rare structural events failure reversal negative result	CPBL official structure/register/news;official league materials	1990-2026	-	Searches found covered mechanisms, source-thin references, or details not safe to generalize.	No high-confidence distinct event retained.	Not closed: keep open for a targeted later pass; retained evidence is a bounded seed.	Coverage depth remains incomplete; this is not a completion claim.	Primary/official checked where available; secondary context is marked in event rows.	Independent cell receipt; not closed by query-count alone.
MEXICO_LMB	Mexico / LMB	Latin America	A	rules / on-field environment	SEARCHED_NEEDS_MORE	Mexican League LMB rules / on-field environment player transfer rule history || Mexico / LMB rules / on-field environment official archive history 1990-2026 source-families=MLB.com;LMB official;MiLB transfer/rule releases || second-pass Mexico / LMB rules / on-field environment failure reversal negative result	MLB.com;LMB official;MiLB transfer/rule releases	1990-2026	PNN-031	Searches found covered mechanisms, source-thin references, or details not safe to generalize.	Second pass retained PNN-031 but did not establish saturation.	Not closed: keep open for a targeted later pass; retained evidence is a bounded seed.	Coverage depth remains incomplete; this is not a completion claim.	Primary/official checked where available; secondary context is marked in event rows.	Independent cell receipt; not closed by query-count alone.
MEXICO_LMB	Mexico / LMB	Latin America	B	draft / amateur acquisition	SEARCHED_NEEDS_MORE	Mexican League LMB draft / amateur acquisition player transfer rule history || Mexico / LMB draft / amateur acquisition official archive history 1990-2026 source-families=MLB.com;LMB official;MiLB transfer/rule releases || second-pass Mexico / LMB draft / amateur acquisition failure reversal negative result	MLB.com;LMB official;MiLB transfer/rule releases	1990-2026	-	Searches found covered mechanisms, source-thin references, or details not safe to generalize.	No high-confidence distinct event retained.	Not closed: keep open for a targeted later pass; retained evidence is a bounded seed.	Coverage depth remains incomplete; this is not a completion claim.	Primary/official checked where available; secondary context is marked in event rows.	Independent cell receipt; not closed by query-count alone.
MEXICO_LMB	Mexico / LMB	Latin America	C	contracts / FA / player movement	SEARCHED_SATURATED	Mexican League LMB contracts / FA / player movement player transfer rule history || Mexico / LMB contracts / FA / player movement official archive history 1990-2026 source-families=MLB.com;LMB official;MiLB transfer/rule releases || second-pass Mexico / LMB contracts / FA / player movement failure reversal negative result	MLB.com;LMB official;MiLB transfer/rule releases	1990-2026	PNN-030;PNW2-035	No materially distinct mechanism beyond existing PW/open domains was retained after the second pass.	Second pass retained PNN-030,PNW2-035 as evidence.	Two formulation families plus source checking reached bounded saturation; later archival discoveries remain admissible.		Primary/official checked where available; secondary context is marked in event rows.	Independent cell receipt; not closed by query-count alone.
MEXICO_LMB	Mexico / LMB	Latin America	D	organization / roster / competitive balance	SEARCHED_NEEDS_MORE	Mexican League LMB organization / roster / competitive balance player transfer rule history || Mexico / LMB organization / roster / competitive balance official archive history 1990-2026 source-families=MLB.com;LMB official;MiLB transfer/rule releases || second-pass Mexico / LMB organization / roster / competitive balance failure reversal negative result	MLB.com;LMB official;MiLB transfer/rule releases	1990-2026	PNN-031	Searches found covered mechanisms, source-thin references, or details not safe to generalize.	Second pass retained PNN-031 but did not establish saturation.	Not closed: keep open for a targeted later pass; retained evidence is a bounded seed.	Coverage depth remains incomplete; this is not a completion claim.	Primary/official checked where available; secondary context is marked in event rows.	Independent cell receipt; not closed by query-count alone.
MEXICO_LMB	Mexico / LMB	Latin America	E	player development	SEARCHED_NEEDS_MORE	Mexican League LMB player development player transfer rule history || Mexico / LMB player development official archive history 1990-2026 source-families=MLB.com;LMB official;MiLB transfer/rule releases || second-pass Mexico / LMB player development failure reversal negative result	MLB.com;LMB official;MiLB transfer/rule releases	1990-2026	-	Searches found covered mechanisms, source-thin references, or details not safe to generalize.	No high-confidence distinct event retained.	Not closed: keep open for a targeted later pass; retained evidence is a bounded seed.	Coverage depth remains incomplete; this is not a completion claim.	Primary/official checked where available; secondary context is marked in event rows.	Independent cell receipt; not closed by query-count alone.
MEXICO_LMB	Mexico / LMB	Latin America	F	scouting / analytics / AI / technology	SEARCHED_NEEDS_MORE	Mexican League LMB scouting / analytics / AI / technology player transfer rule history || Mexico / LMB scouting / analytics / AI / technology official archive history 1990-2026 source-families=MLB.com;LMB official;MiLB transfer/rule releases || second-pass Mexico / LMB scouting / analytics / AI / technology failure reversal negative result	MLB.com;LMB official;MiLB transfer/rule releases	1990-2026	-	Searches found covered mechanisms, source-thin references, or details not safe to generalize.	No high-confidence distinct event retained.	Not closed: keep open for a targeted later pass; retained evidence is a bounded seed.	Coverage depth remains incomplete; this is not a completion claim.	Primary/official checked where available; secondary context is marked in event rows.	Independent cell receipt; not closed by query-count alone.
MEXICO_LMB	Mexico / LMB	Latin America	G	staff / culture / organizational knowledge	SEARCHED_NEEDS_MORE	Mexican League LMB staff / culture / organizational knowledge player transfer rule history || Mexico / LMB staff / culture / organizational knowledge official archive history 1990-2026 source-families=MLB.com;LMB official;MiLB transfer/rule releases || second-pass Mexico / LMB staff / culture / organizational knowledge failure reversal negative result	MLB.com;LMB official;MiLB transfer/rule releases	1990-2026	-	Searches found covered mechanisms, source-thin references, or details not safe to generalize.	No high-confidence distinct event retained.	Not closed: keep open for a targeted later pass; retained evidence is a bounded seed.	Coverage depth remains incomplete; this is not a completion claim.	Primary/official checked where available; secondary context is marked in event rows.	Independent cell receipt; not closed by query-count alone.
MEXICO_LMB	Mexico / LMB	Latin America	H	opponent research / adaptation	SEARCHED_NEEDS_MORE	Mexican League LMB opponent research / adaptation player transfer rule history || Mexico / LMB opponent research / adaptation official archive history 1990-2026 source-families=MLB.com;LMB official;MiLB transfer/rule releases || second-pass Mexico / LMB opponent research / adaptation failure reversal negative result	MLB.com;LMB official;MiLB transfer/rule releases	1990-2026	-	Searches found covered mechanisms, source-thin references, or details not safe to generalize.	No high-confidence distinct event retained.	Not closed: keep open for a targeted later pass; retained evidence is a bounded seed.	Coverage depth remains incomplete; this is not a completion claim.	Primary/official checked where available; secondary context is marked in event rows.	Independent cell receipt; not closed by query-count alone.
MEXICO_LMB	Mexico / LMB	Latin America	I	player identity / psychology / agency	SEARCHED_NEEDS_MORE	Mexican League LMB player identity / psychology / agency player transfer rule history || Mexico / LMB player identity / psychology / agency official archive history 1990-2026 source-families=MLB.com;LMB official;MiLB transfer/rule releases || second-pass Mexico / LMB player identity / psychology / agency failure reversal negative result	MLB.com;LMB official;MiLB transfer/rule releases	1990-2026	-	Searches found covered mechanisms, source-thin references, or details not safe to generalize.	No high-confidence distinct event retained.	Not closed: keep open for a targeted later pass; retained evidence is a bounded seed.	Coverage depth remains incomplete; this is not a completion claim.	Primary/official checked where available; secondary context is marked in event rows.	Independent cell receipt; not closed by query-count alone.
MEXICO_LMB	Mexico / LMB	Latin America	J	injury / fatigue / health	SEARCHED_NEEDS_MORE	Mexican League LMB injury / fatigue / health player transfer rule history || Mexico / LMB injury / fatigue / health official archive history 1990-2026 source-families=MLB.com;LMB official;MiLB transfer/rule releases || second-pass Mexico / LMB injury / fatigue / health failure reversal negative result	MLB.com;LMB official;MiLB transfer/rule releases	1990-2026	-	Searches found covered mechanisms, source-thin references, or details not safe to generalize.	No high-confidence distinct event retained.	Not closed: keep open for a targeted later pass; retained evidence is a bounded seed.	Coverage depth remains incomplete; this is not a completion claim.	Primary/official checked where available; secondary context is marked in event rows.	Independent cell receipt; not closed by query-count alone.
MEXICO_LMB	Mexico / LMB	Latin America	K	business / fans / media / stadiums	SEARCHED_NEEDS_MORE	Mexican League LMB business / fans / media / stadiums player transfer rule history || Mexico / LMB business / fans / media / stadiums official archive history 1990-2026 source-families=MLB.com;LMB official;MiLB transfer/rule releases || second-pass Mexico / LMB business / fans / media / stadiums failure reversal negative result	MLB.com;LMB official;MiLB transfer/rule releases	1990-2026	-	Searches found covered mechanisms, source-thin references, or details not safe to generalize.	No high-confidence distinct event retained.	Not closed: keep open for a targeted later pass; retained evidence is a bounded seed.	Coverage depth remains incomplete; this is not a completion claim.	Primary/official checked where available; secondary context is marked in event rows.	Independent cell receipt; not closed by query-count alone.
MEXICO_LMB	Mexico / LMB	Latin America	L	governance / labor / player associations	SEARCHED_NEEDS_MORE	Mexican League LMB governance / labor / player associations player transfer rule history || Mexico / LMB governance / labor / player associations official archive history 1990-2026 source-families=MLB.com;LMB official;MiLB transfer/rule releases || second-pass Mexico / LMB governance / labor / player associations failure reversal negative result	MLB.com;LMB official;MiLB transfer/rule releases	1990-2026	-	Searches found covered mechanisms, source-thin references, or details not safe to generalize.	No high-confidence distinct event retained.	Not closed: keep open for a targeted later pass; retained evidence is a bounded seed.	Coverage depth remains incomplete; this is not a completion claim.	Primary/official checked where available; secondary context is marked in event rows.	Independent cell receipt; not closed by query-count alone.
MEXICO_LMB	Mexico / LMB	Latin America	M	integrity / scandals / enforcement	SEARCHED_NEEDS_MORE	Mexican League LMB integrity / scandals / enforcement player transfer rule history || Mexico / LMB integrity / scandals / enforcement official archive history 1990-2026 source-families=MLB.com;LMB official;MiLB transfer/rule releases || second-pass Mexico / LMB integrity / scandals / enforcement failure reversal negative result	MLB.com;LMB official;MiLB transfer/rule releases	1990-2026	-	Searches found covered mechanisms, source-thin references, or details not safe to generalize.	No high-confidence distinct event retained.	Not closed: keep open for a targeted later pass; retained evidence is a bounded seed.	Coverage depth remains incomplete; this is not a completion claim.	Primary/official checked where available; secondary context is marked in event rows.	Independent cell receipt; not closed by query-count alone.
MEXICO_LMB	Mexico / LMB	Latin America	N	global development	SEARCHED_NEEDS_MORE	Mexican League LMB global development player transfer rule history || Mexico / LMB global development official archive history 1990-2026 source-families=MLB.com;LMB official;MiLB transfer/rule releases || second-pass Mexico / LMB global development failure reversal negative result	MLB.com;LMB official;MiLB transfer/rule releases	1990-2026	-	Searches found covered mechanisms, source-thin references, or details not safe to generalize.	No high-confidence distinct event retained.	Not closed: keep open for a targeted later pass; retained evidence is a bounded seed.	Coverage depth remains incomplete; this is not a completion claim.	Primary/official checked where available; secondary context is marked in event rows.	Independent cell receipt; not closed by query-count alone.
MEXICO_LMB	Mexico / LMB	Latin America	O	country-specific systems	SEARCHED_SATURATED	Mexican League LMB country-specific systems player transfer rule history || Mexico / LMB country-specific systems official archive history 1990-2026 source-families=MLB.com;LMB official;MiLB transfer/rule releases || second-pass Mexico / LMB country-specific systems failure reversal negative result	MLB.com;LMB official;MiLB transfer/rule releases	1990-2026	PNN-030;PNW2-035	No materially distinct mechanism beyond existing PW/open domains was retained after the second pass.	Second pass retained PNN-030,PNW2-035 as evidence.	Two formulation families plus source checking reached bounded saturation; later archival discoveries remain admissible.		Primary/official checked where available; secondary context is marked in event rows.	Independent cell receipt; not closed by query-count alone.
MEXICO_LMB	Mexico / LMB	Latin America	P	tournaments / all-star	SEARCHED_NEEDS_MORE	Mexican League LMB tournaments / all-star player transfer rule history || Mexico / LMB tournaments / all-star official archive history 1990-2026 source-families=MLB.com;LMB official;MiLB transfer/rule releases || second-pass Mexico / LMB tournaments / all-star failure reversal negative result	MLB.com;LMB official;MiLB transfer/rule releases	1990-2026	-	Searches found covered mechanisms, source-thin references, or details not safe to generalize.	No high-confidence distinct event retained.	Not closed: keep open for a targeted later pass; retained evidence is a bounded seed.	Coverage depth remains incomplete; this is not a completion claim.	Primary/official checked where available; secondary context is marked in event rows.	Independent cell receipt; not closed by query-count alone.
MEXICO_LMB	Mexico / LMB	Latin America	Q	rare structural events	SEARCHED_NEEDS_MORE	Mexican League LMB rare structural events player transfer rule history || Mexico / LMB rare structural events official archive history 1990-2026 source-families=MLB.com;LMB official;MiLB transfer/rule releases || second-pass Mexico / LMB rare structural events failure reversal negative result	MLB.com;LMB official;MiLB transfer/rule releases	1990-2026	-	Searches found covered mechanisms, source-thin references, or details not safe to generalize.	No high-confidence distinct event retained.	Not closed: keep open for a targeted later pass; retained evidence is a bounded seed.	Coverage depth remains incomplete; this is not a completion claim.	Primary/official checked where available; secondary context is marked in event rows.	Independent cell receipt; not closed by query-count alone.
DOMINICAN_REPUBLIC	Dominican Republic	Caribbean	A	rules / on-field environment	SEARCHED_NEEDS_MORE	Dominican Republic baseball academy trainer rules / on-field environment history || Dominican Republic rules / on-field environment official archive history 1980-2026 source-families=MLB trainer partnership;academy reports;LIDOM/federation || second-pass Dominican Republic rules / on-field environment failure reversal negative result	MLB trainer partnership;academy reports;LIDOM/federation	1980-2026	-	Searches found covered mechanisms, source-thin references, or details not safe to generalize.	No high-confidence distinct event retained.	Not closed: keep open for a targeted later pass; retained evidence is a bounded seed.	Coverage depth remains incomplete; this is not a completion claim.	Primary/official checked where available; secondary context is marked in event rows.	Independent cell receipt; not closed by query-count alone.
DOMINICAN_REPUBLIC	Dominican Republic	Caribbean	B	draft / amateur acquisition	SEARCHED_NEEDS_MORE	Dominican Republic baseball academy trainer draft / amateur acquisition history || Dominican Republic draft / amateur acquisition official archive history 1980-2026 source-families=MLB trainer partnership;academy reports;LIDOM/federation || second-pass Dominican Republic draft / amateur acquisition failure reversal negative result	MLB trainer partnership;academy reports;LIDOM/federation	1980-2026	PNW2-023	Searches found covered mechanisms, source-thin references, or details not safe to generalize.	Second pass retained PNW2-023 but did not establish saturation.	Not closed: keep open for a targeted later pass; retained evidence is a bounded seed.	Coverage depth remains incomplete; this is not a completion claim.	Primary/official checked where available; secondary context is marked in event rows.	Independent cell receipt; not closed by query-count alone.
DOMINICAN_REPUBLIC	Dominican Republic	Caribbean	C	contracts / FA / player movement	SEARCHED_NEEDS_MORE	Dominican Republic baseball academy trainer contracts / FA / player movement history || Dominican Republic contracts / FA / player movement official archive history 1980-2026 source-families=MLB trainer partnership;academy reports;LIDOM/federation || second-pass Dominican Republic contracts / FA / player movement failure reversal negative result	MLB trainer partnership;academy reports;LIDOM/federation	1980-2026	-	Searches found covered mechanisms, source-thin references, or details not safe to generalize.	No high-confidence distinct event retained.	Not closed: keep open for a targeted later pass; retained evidence is a bounded seed.	Coverage depth remains incomplete; this is not a completion claim.	Primary/official checked where available; secondary context is marked in event rows.	Independent cell receipt; not closed by query-count alone.
DOMINICAN_REPUBLIC	Dominican Republic	Caribbean	D	organization / roster / competitive balance	SEARCHED_NEEDS_MORE	Dominican Republic baseball academy trainer organization / roster / competitive balance history || Dominican Republic organization / roster / competitive balance official archive history 1980-2026 source-families=MLB trainer partnership;academy reports;LIDOM/federation || second-pass Dominican Republic organization / roster / competitive balance failure reversal negative result	MLB trainer partnership;academy reports;LIDOM/federation	1980-2026	-	Searches found covered mechanisms, source-thin references, or details not safe to generalize.	No high-confidence distinct event retained.	Not closed: keep open for a targeted later pass; retained evidence is a bounded seed.	Coverage depth remains incomplete; this is not a completion claim.	Primary/official checked where available; secondary context is marked in event rows.	Independent cell receipt; not closed by query-count alone.
DOMINICAN_REPUBLIC	Dominican Republic	Caribbean	E	player development	SEARCHED_SATURATED	Dominican Republic baseball academy trainer player development history || Dominican Republic player development official archive history 1980-2026 source-families=MLB trainer partnership;academy reports;LIDOM/federation || second-pass Dominican Republic player development failure reversal negative result	MLB trainer partnership;academy reports;LIDOM/federation	1980-2026	PNN-009;PNN-029;PNW2-030;PNW2-031	No materially distinct mechanism beyond existing PW/open domains was retained after the second pass.	Second pass retained PNN-009,PNN-029,PNW2-030,PNW2-031 as evidence.	Two formulation families plus source checking reached bounded saturation; later archival discoveries remain admissible.		Primary/official checked where available; secondary context is marked in event rows.	Independent cell receipt; not closed by query-count alone.
DOMINICAN_REPUBLIC	Dominican Republic	Caribbean	F	scouting / analytics / AI / technology	SEARCHED_SATURATED	Dominican Republic baseball academy trainer scouting / analytics / AI / technology history || Dominican Republic scouting / analytics / AI / technology official archive history 1980-2026 source-families=MLB trainer partnership;academy reports;LIDOM/federation || second-pass Dominican Republic scouting / analytics / AI / technology failure reversal negative result	MLB trainer partnership;academy reports;LIDOM/federation	1980-2026	PNN-009;PNN-029;PNW2-030;PNW2-031	No materially distinct mechanism beyond existing PW/open domains was retained after the second pass.	Second pass retained PNN-009,PNN-029,PNW2-030,PNW2-031 as evidence.	Two formulation families plus source checking reached bounded saturation; later archival discoveries remain admissible.		Primary/official checked where available; secondary context is marked in event rows.	Independent cell receipt; not closed by query-count alone.
DOMINICAN_REPUBLIC	Dominican Republic	Caribbean	G	staff / culture / organizational knowledge	SEARCHED_NEEDS_MORE	Dominican Republic baseball academy trainer staff / culture / organizational knowledge history || Dominican Republic staff / culture / organizational knowledge official archive history 1980-2026 source-families=MLB trainer partnership;academy reports;LIDOM/federation || second-pass Dominican Republic staff / culture / organizational knowledge failure reversal negative result	MLB trainer partnership;academy reports;LIDOM/federation	1980-2026	PNN-009;PNN-029;PNW2-030;PNW2-031	Searches found covered mechanisms, source-thin references, or details not safe to generalize.	Second pass retained PNN-009,PNN-029,PNW2-030,PNW2-031 but did not establish saturation.	Not closed: keep open for a targeted later pass; retained evidence is a bounded seed.	Coverage depth remains incomplete; this is not a completion claim.	Primary/official checked where available; secondary context is marked in event rows.	Independent cell receipt; not closed by query-count alone.
DOMINICAN_REPUBLIC	Dominican Republic	Caribbean	H	opponent research / adaptation	SEARCHED_NEEDS_MORE	Dominican Republic baseball academy trainer opponent research / adaptation history || Dominican Republic opponent research / adaptation official archive history 1980-2026 source-families=MLB trainer partnership;academy reports;LIDOM/federation || second-pass Dominican Republic opponent research / adaptation failure reversal negative result	MLB trainer partnership;academy reports;LIDOM/federation	1980-2026	-	Searches found covered mechanisms, source-thin references, or details not safe to generalize.	No high-confidence distinct event retained.	Not closed: keep open for a targeted later pass; retained evidence is a bounded seed.	Coverage depth remains incomplete; this is not a completion claim.	Primary/official checked where available; secondary context is marked in event rows.	Independent cell receipt; not closed by query-count alone.
DOMINICAN_REPUBLIC	Dominican Republic	Caribbean	I	player identity / psychology / agency	SEARCHED_NEEDS_MORE	Dominican Republic baseball academy trainer player identity / psychology / agency history || Dominican Republic player identity / psychology / agency official archive history 1980-2026 source-families=MLB trainer partnership;academy reports;LIDOM/federation || second-pass Dominican Republic player identity / psychology / agency failure reversal negative result	MLB trainer partnership;academy reports;LIDOM/federation	1980-2026	-	Searches found covered mechanisms, source-thin references, or details not safe to generalize.	No high-confidence distinct event retained.	Not closed: keep open for a targeted later pass; retained evidence is a bounded seed.	Coverage depth remains incomplete; this is not a completion claim.	Primary/official checked where available; secondary context is marked in event rows.	Independent cell receipt; not closed by query-count alone.
DOMINICAN_REPUBLIC	Dominican Republic	Caribbean	J	injury / fatigue / health	SEARCHED_NEEDS_MORE	Dominican Republic baseball academy trainer injury / fatigue / health history || Dominican Republic injury / fatigue / health official archive history 1980-2026 source-families=MLB trainer partnership;academy reports;LIDOM/federation || second-pass Dominican Republic injury / fatigue / health failure reversal negative result	MLB trainer partnership;academy reports;LIDOM/federation	1980-2026	-	Searches found covered mechanisms, source-thin references, or details not safe to generalize.	No high-confidence distinct event retained.	Not closed: keep open for a targeted later pass; retained evidence is a bounded seed.	Coverage depth remains incomplete; this is not a completion claim.	Primary/official checked where available; secondary context is marked in event rows.	Independent cell receipt; not closed by query-count alone.
DOMINICAN_REPUBLIC	Dominican Republic	Caribbean	K	business / fans / media / stadiums	SEARCHED_NEEDS_MORE	Dominican Republic baseball academy trainer business / fans / media / stadiums history || Dominican Republic business / fans / media / stadiums official archive history 1980-2026 source-families=MLB trainer partnership;academy reports;LIDOM/federation || second-pass Dominican Republic business / fans / media / stadiums failure reversal negative result	MLB trainer partnership;academy reports;LIDOM/federation	1980-2026	-	Searches found covered mechanisms, source-thin references, or details not safe to generalize.	No high-confidence distinct event retained.	Not closed: keep open for a targeted later pass; retained evidence is a bounded seed.	Coverage depth remains incomplete; this is not a completion claim.	Primary/official checked where available; secondary context is marked in event rows.	Independent cell receipt; not closed by query-count alone.
DOMINICAN_REPUBLIC	Dominican Republic	Caribbean	L	governance / labor / player associations	SEARCHED_NEEDS_MORE	Dominican Republic baseball academy trainer governance / labor / player associations history || Dominican Republic governance / labor / player associations official archive history 1980-2026 source-families=MLB trainer partnership;academy reports;LIDOM/federation || second-pass Dominican Republic governance / labor / player associations failure reversal negative result	MLB trainer partnership;academy reports;LIDOM/federation	1980-2026	PNW2-023	Searches found covered mechanisms, source-thin references, or details not safe to generalize.	Second pass retained PNW2-023 but did not establish saturation.	Not closed: keep open for a targeted later pass; retained evidence is a bounded seed.	Coverage depth remains incomplete; this is not a completion claim.	Primary/official checked where available; secondary context is marked in event rows.	Independent cell receipt; not closed by query-count alone.
DOMINICAN_REPUBLIC	Dominican Republic	Caribbean	M	integrity / scandals / enforcement	SEARCHED_NEEDS_MORE	Dominican Republic baseball academy trainer integrity / scandals / enforcement history || Dominican Republic integrity / scandals / enforcement official archive history 1980-2026 source-families=MLB trainer partnership;academy reports;LIDOM/federation || second-pass Dominican Republic integrity / scandals / enforcement failure reversal negative result	MLB trainer partnership;academy reports;LIDOM/federation	1980-2026	PNW2-030	Searches found covered mechanisms, source-thin references, or details not safe to generalize.	Second pass retained PNW2-030 but did not establish saturation.	Not closed: keep open for a targeted later pass; retained evidence is a bounded seed.	Coverage depth remains incomplete; this is not a completion claim.	Primary/official checked where available; secondary context is marked in event rows.	Independent cell receipt; not closed by query-count alone.
DOMINICAN_REPUBLIC	Dominican Republic	Caribbean	N	global development	SEARCHED_SATURATED	Dominican Republic baseball academy trainer global development history || Dominican Republic global development official archive history 1980-2026 source-families=MLB trainer partnership;academy reports;LIDOM/federation || second-pass Dominican Republic global development failure reversal negative result	MLB trainer partnership;academy reports;LIDOM/federation	1980-2026	PNN-009;PNN-029;PNW2-023;PNW2-030;PNW2-031	No materially distinct mechanism beyond existing PW/open domains was retained after the second pass.	Second pass retained PNN-009,PNN-029,PNW2-023,PNW2-030,PNW2-031 as evidence.	Two formulation families plus source checking reached bounded saturation; later archival discoveries remain admissible.		Primary/official checked where available; secondary context is marked in event rows.	Independent cell receipt; not closed by query-count alone.
DOMINICAN_REPUBLIC	Dominican Republic	Caribbean	O	country-specific systems	SEARCHED_NEEDS_MORE	Dominican Republic baseball academy trainer country-specific systems history || Dominican Republic country-specific systems official archive history 1980-2026 source-families=MLB trainer partnership;academy reports;LIDOM/federation || second-pass Dominican Republic country-specific systems failure reversal negative result	MLB trainer partnership;academy reports;LIDOM/federation	1980-2026	PNN-029;PNW2-023;PNW2-030	Searches found covered mechanisms, source-thin references, or details not safe to generalize.	Second pass retained PNN-029,PNW2-023,PNW2-030 but did not establish saturation.	Not closed: keep open for a targeted later pass; retained evidence is a bounded seed.	Coverage depth remains incomplete; this is not a completion claim.	Primary/official checked where available; secondary context is marked in event rows.	Independent cell receipt; not closed by query-count alone.
DOMINICAN_REPUBLIC	Dominican Republic	Caribbean	P	tournaments / all-star	SEARCHED_NEEDS_MORE	Dominican Republic baseball academy trainer tournaments / all-star history || Dominican Republic tournaments / all-star official archive history 1980-2026 source-families=MLB trainer partnership;academy reports;LIDOM/federation || second-pass Dominican Republic tournaments / all-star failure reversal negative result	MLB trainer partnership;academy reports;LIDOM/federation	1980-2026	-	Searches found covered mechanisms, source-thin references, or details not safe to generalize.	No high-confidence distinct event retained.	Not closed: keep open for a targeted later pass; retained evidence is a bounded seed.	Coverage depth remains incomplete; this is not a completion claim.	Primary/official checked where available; secondary context is marked in event rows.	Independent cell receipt; not closed by query-count alone.
DOMINICAN_REPUBLIC	Dominican Republic	Caribbean	Q	rare structural events	SEARCHED_NEEDS_MORE	Dominican Republic baseball academy trainer rare structural events history || Dominican Republic rare structural events official archive history 1980-2026 source-families=MLB trainer partnership;academy reports;LIDOM/federation || second-pass Dominican Republic rare structural events failure reversal negative result	MLB trainer partnership;academy reports;LIDOM/federation	1980-2026	-	Searches found covered mechanisms, source-thin references, or details not safe to generalize.	No high-confidence distinct event retained.	Not closed: keep open for a targeted later pass; retained evidence is a bounded seed.	Coverage depth remains incomplete; this is not a completion claim.	Primary/official checked where available; secondary context is marked in event rows.	Independent cell receipt; not closed by query-count alone.
VENEZUELA	Venezuela	Latin America	A	rules / on-field environment	SEARCHED_NEEDS_MORE	Venezuela baseball academy summer league rules / on-field environment history || Venezuela rules / on-field environment official archive history 1990-2026 source-families=MLB/MiLB;Venezuelan league/federation;policy/travel releases || second-pass Venezuela rules / on-field environment failure reversal negative result	MLB/MiLB;Venezuelan league/federation;policy/travel releases	1990-2026	-	Searches found covered mechanisms, source-thin references, or details not safe to generalize.	No high-confidence distinct event retained.	Not closed: keep open for a targeted later pass; retained evidence is a bounded seed.	Coverage depth remains incomplete; this is not a completion claim.	Primary/official checked where available; secondary context is marked in event rows.	Independent cell receipt; not closed by query-count alone.
VENEZUELA	Venezuela	Latin America	B	draft / amateur acquisition	SEARCHED_NEEDS_MORE	Venezuela baseball academy summer league draft / amateur acquisition history || Venezuela draft / amateur acquisition official archive history 1990-2026 source-families=MLB/MiLB;Venezuelan league/federation;policy/travel releases || second-pass Venezuela draft / amateur acquisition failure reversal negative result	MLB/MiLB;Venezuelan league/federation;policy/travel releases	1990-2026	PNW2-034	Searches found covered mechanisms, source-thin references, or details not safe to generalize.	Second pass retained PNW2-034 but did not establish saturation.	Not closed: keep open for a targeted later pass; retained evidence is a bounded seed.	Coverage depth remains incomplete; this is not a completion claim.	Primary/official checked where available; secondary context is marked in event rows.	Independent cell receipt; not closed by query-count alone.
VENEZUELA	Venezuela	Latin America	C	contracts / FA / player movement	SEARCHED_NEEDS_MORE	Venezuela baseball academy summer league contracts / FA / player movement history || Venezuela contracts / FA / player movement official archive history 1990-2026 source-families=MLB/MiLB;Venezuelan league/federation;policy/travel releases || second-pass Venezuela contracts / FA / player movement failure reversal negative result	MLB/MiLB;Venezuelan league/federation;policy/travel releases	1990-2026	-	Searches found covered mechanisms, source-thin references, or details not safe to generalize.	No high-confidence distinct event retained.	Not closed: keep open for a targeted later pass; retained evidence is a bounded seed.	Coverage depth remains incomplete; this is not a completion claim.	Primary/official checked where available; secondary context is marked in event rows.	Independent cell receipt; not closed by query-count alone.
VENEZUELA	Venezuela	Latin America	D	organization / roster / competitive balance	SEARCHED_NEEDS_MORE	Venezuela baseball academy summer league organization / roster / competitive balance history || Venezuela organization / roster / competitive balance official archive history 1990-2026 source-families=MLB/MiLB;Venezuelan league/federation;policy/travel releases || second-pass Venezuela organization / roster / competitive balance failure reversal negative result	MLB/MiLB;Venezuelan league/federation;policy/travel releases	1990-2026	-	Searches found covered mechanisms, source-thin references, or details not safe to generalize.	No high-confidence distinct event retained.	Not closed: keep open for a targeted later pass; retained evidence is a bounded seed.	Coverage depth remains incomplete; this is not a completion claim.	Primary/official checked where available; secondary context is marked in event rows.	Independent cell receipt; not closed by query-count alone.
VENEZUELA	Venezuela	Latin America	E	player development	SEARCHED_SATURATED	Venezuela baseball academy summer league player development history || Venezuela player development official archive history 1990-2026 source-families=MLB/MiLB;Venezuelan league/federation;policy/travel releases || second-pass Venezuela player development failure reversal negative result	MLB/MiLB;Venezuelan league/federation;policy/travel releases	1990-2026	PNW2-033	No materially distinct mechanism beyond existing PW/open domains was retained after the second pass.	Second pass retained PNW2-033 as evidence.	Two formulation families plus source checking reached bounded saturation; later archival discoveries remain admissible.		Primary/official checked where available; secondary context is marked in event rows.	Independent cell receipt; not closed by query-count alone.
VENEZUELA	Venezuela	Latin America	F	scouting / analytics / AI / technology	SEARCHED_NEEDS_MORE	Venezuela baseball academy summer league scouting / analytics / AI / technology history || Venezuela scouting / analytics / AI / technology official archive history 1990-2026 source-families=MLB/MiLB;Venezuelan league/federation;policy/travel releases || second-pass Venezuela scouting / analytics / AI / technology failure reversal negative result	MLB/MiLB;Venezuelan league/federation;policy/travel releases	1990-2026	PNW2-034	Searches found covered mechanisms, source-thin references, or details not safe to generalize.	Second pass retained PNW2-034 but did not establish saturation.	Not closed: keep open for a targeted later pass; retained evidence is a bounded seed.	Coverage depth remains incomplete; this is not a completion claim.	Primary/official checked where available; secondary context is marked in event rows.	Independent cell receipt; not closed by query-count alone.
VENEZUELA	Venezuela	Latin America	G	staff / culture / organizational knowledge	SEARCHED_NEEDS_MORE	Venezuela baseball academy summer league staff / culture / organizational knowledge history || Venezuela staff / culture / organizational knowledge official archive history 1990-2026 source-families=MLB/MiLB;Venezuelan league/federation;policy/travel releases || second-pass Venezuela staff / culture / organizational knowledge failure reversal negative result	MLB/MiLB;Venezuelan league/federation;policy/travel releases	1990-2026	-	Searches found covered mechanisms, source-thin references, or details not safe to generalize.	No high-confidence distinct event retained.	Not closed: keep open for a targeted later pass; retained evidence is a bounded seed.	Coverage depth remains incomplete; this is not a completion claim.	Primary/official checked where available; secondary context is marked in event rows.	Independent cell receipt; not closed by query-count alone.
VENEZUELA	Venezuela	Latin America	H	opponent research / adaptation	SEARCHED_NEEDS_MORE	Venezuela baseball academy summer league opponent research / adaptation history || Venezuela opponent research / adaptation official archive history 1990-2026 source-families=MLB/MiLB;Venezuelan league/federation;policy/travel releases || second-pass Venezuela opponent research / adaptation failure reversal negative result	MLB/MiLB;Venezuelan league/federation;policy/travel releases	1990-2026	-	Searches found covered mechanisms, source-thin references, or details not safe to generalize.	No high-confidence distinct event retained.	Not closed: keep open for a targeted later pass; retained evidence is a bounded seed.	Coverage depth remains incomplete; this is not a completion claim.	Primary/official checked where available; secondary context is marked in event rows.	Independent cell receipt; not closed by query-count alone.
VENEZUELA	Venezuela	Latin America	I	player identity / psychology / agency	SEARCHED_NEEDS_MORE	Venezuela baseball academy summer league player identity / psychology / agency history || Venezuela player identity / psychology / agency official archive history 1990-2026 source-families=MLB/MiLB;Venezuelan league/federation;policy/travel releases || second-pass Venezuela player identity / psychology / agency failure reversal negative result	MLB/MiLB;Venezuelan league/federation;policy/travel releases	1990-2026	-	Searches found covered mechanisms, source-thin references, or details not safe to generalize.	No high-confidence distinct event retained.	Not closed: keep open for a targeted later pass; retained evidence is a bounded seed.	Coverage depth remains incomplete; this is not a completion claim.	Primary/official checked where available; secondary context is marked in event rows.	Independent cell receipt; not closed by query-count alone.
VENEZUELA	Venezuela	Latin America	J	injury / fatigue / health	SEARCHED_NEEDS_MORE	Venezuela baseball academy summer league injury / fatigue / health history || Venezuela injury / fatigue / health official archive history 1990-2026 source-families=MLB/MiLB;Venezuelan league/federation;policy/travel releases || second-pass Venezuela injury / fatigue / health failure reversal negative result	MLB/MiLB;Venezuelan league/federation;policy/travel releases	1990-2026	-	Searches found covered mechanisms, source-thin references, or details not safe to generalize.	No high-confidence distinct event retained.	Not closed: keep open for a targeted later pass; retained evidence is a bounded seed.	Coverage depth remains incomplete; this is not a completion claim.	Primary/official checked where available; secondary context is marked in event rows.	Independent cell receipt; not closed by query-count alone.
VENEZUELA	Venezuela	Latin America	K	business / fans / media / stadiums	SEARCHED_NEEDS_MORE	Venezuela baseball academy summer league business / fans / media / stadiums history || Venezuela business / fans / media / stadiums official archive history 1990-2026 source-families=MLB/MiLB;Venezuelan league/federation;policy/travel releases || second-pass Venezuela business / fans / media / stadiums failure reversal negative result	MLB/MiLB;Venezuelan league/federation;policy/travel releases	1990-2026	-	Searches found covered mechanisms, source-thin references, or details not safe to generalize.	No high-confidence distinct event retained.	Not closed: keep open for a targeted later pass; retained evidence is a bounded seed.	Coverage depth remains incomplete; this is not a completion claim.	Primary/official checked where available; secondary context is marked in event rows.	Independent cell receipt; not closed by query-count alone.
VENEZUELA	Venezuela	Latin America	L	governance / labor / player associations	SEARCHED_NEEDS_MORE	Venezuela baseball academy summer league governance / labor / player associations history || Venezuela governance / labor / player associations official archive history 1990-2026 source-families=MLB/MiLB;Venezuelan league/federation;policy/travel releases || second-pass Venezuela governance / labor / player associations failure reversal negative result	MLB/MiLB;Venezuelan league/federation;policy/travel releases	1990-2026	-	Searches found covered mechanisms, source-thin references, or details not safe to generalize.	No high-confidence distinct event retained.	Not closed: keep open for a targeted later pass; retained evidence is a bounded seed.	Coverage depth remains incomplete; this is not a completion claim.	Primary/official checked where available; secondary context is marked in event rows.	Independent cell receipt; not closed by query-count alone.
VENEZUELA	Venezuela	Latin America	M	integrity / scandals / enforcement	SEARCHED_NEEDS_MORE	Venezuela baseball academy summer league integrity / scandals / enforcement history || Venezuela integrity / scandals / enforcement official archive history 1990-2026 source-families=MLB/MiLB;Venezuelan league/federation;policy/travel releases || second-pass Venezuela integrity / scandals / enforcement failure reversal negative result	MLB/MiLB;Venezuelan league/federation;policy/travel releases	1990-2026	-	Searches found covered mechanisms, source-thin references, or details not safe to generalize.	No high-confidence distinct event retained.	Not closed: keep open for a targeted later pass; retained evidence is a bounded seed.	Coverage depth remains incomplete; this is not a completion claim.	Primary/official checked where available; secondary context is marked in event rows.	Independent cell receipt; not closed by query-count alone.
VENEZUELA	Venezuela	Latin America	N	global development	SEARCHED_SATURATED	Venezuela baseball academy summer league global development history || Venezuela global development official archive history 1990-2026 source-families=MLB/MiLB;Venezuelan league/federation;policy/travel releases || second-pass Venezuela global development failure reversal negative result	MLB/MiLB;Venezuelan league/federation;policy/travel releases	1990-2026	PNW2-033;PNW2-034	No materially distinct mechanism beyond existing PW/open domains was retained after the second pass.	Second pass retained PNW2-033,PNW2-034 as evidence.	Two formulation families plus source checking reached bounded saturation; later archival discoveries remain admissible.		Primary/official checked where available; secondary context is marked in event rows.	Independent cell receipt; not closed by query-count alone.
VENEZUELA	Venezuela	Latin America	O	country-specific systems	SEARCHED_SATURATED	Venezuela baseball academy summer league country-specific systems history || Venezuela country-specific systems official archive history 1990-2026 source-families=MLB/MiLB;Venezuelan league/federation;policy/travel releases || second-pass Venezuela country-specific systems failure reversal negative result	MLB/MiLB;Venezuelan league/federation;policy/travel releases	1990-2026	PNW2-033;PNW2-034	No materially distinct mechanism beyond existing PW/open domains was retained after the second pass.	Second pass retained PNW2-033,PNW2-034 as evidence.	Two formulation families plus source checking reached bounded saturation; later archival discoveries remain admissible.		Primary/official checked where available; secondary context is marked in event rows.	Independent cell receipt; not closed by query-count alone.
VENEZUELA	Venezuela	Latin America	P	tournaments / all-star	SEARCHED_NEEDS_MORE	Venezuela baseball academy summer league tournaments / all-star history || Venezuela tournaments / all-star official archive history 1990-2026 source-families=MLB/MiLB;Venezuelan league/federation;policy/travel releases || second-pass Venezuela tournaments / all-star failure reversal negative result	MLB/MiLB;Venezuelan league/federation;policy/travel releases	1990-2026	-	Searches found covered mechanisms, source-thin references, or details not safe to generalize.	No high-confidence distinct event retained.	Not closed: keep open for a targeted later pass; retained evidence is a bounded seed.	Coverage depth remains incomplete; this is not a completion claim.	Primary/official checked where available; secondary context is marked in event rows.	Independent cell receipt; not closed by query-count alone.
VENEZUELA	Venezuela	Latin America	Q	rare structural events	SEARCHED_NEEDS_MORE	Venezuela baseball academy summer league rare structural events history || Venezuela rare structural events official archive history 1990-2026 source-families=MLB/MiLB;Venezuelan league/federation;policy/travel releases || second-pass Venezuela rare structural events failure reversal negative result	MLB/MiLB;Venezuelan league/federation;policy/travel releases	1990-2026	PNW2-033	Searches found covered mechanisms, source-thin references, or details not safe to generalize.	Second pass retained PNW2-033 but did not establish saturation.	Not closed: keep open for a targeted later pass; retained evidence is a bounded seed.	Coverage depth remains incomplete; this is not a completion claim.	Primary/official checked where available; secondary context is marked in event rows.	Independent cell receipt; not closed by query-count alone.
PUERTO_RICO	Puerto Rico	Caribbean	A	rules / on-field environment	SEARCHED_NEEDS_MORE	Puerto Rico baseball amateur development draft rules / on-field environment history || Puerto Rico rules / on-field environment official archive history 1960-2026 source-families=MLB international;PR federation/LBPRC;official tournaments || second-pass Puerto Rico rules / on-field environment failure reversal negative result	MLB international;PR federation/LBPRC;official tournaments	1960-2026	-	Searches found covered mechanisms, source-thin references, or details not safe to generalize.	No high-confidence distinct event retained.	Not closed: keep open for a targeted later pass; retained evidence is a bounded seed.	Coverage depth remains incomplete; this is not a completion claim.	Primary/official checked where available; secondary context is marked in event rows.	Independent cell receipt; not closed by query-count alone.
PUERTO_RICO	Puerto Rico	Caribbean	B	draft / amateur acquisition	SEARCHED_NEEDS_MORE	Puerto Rico baseball amateur development draft draft / amateur acquisition history || Puerto Rico draft / amateur acquisition official archive history 1960-2026 source-families=MLB international;PR federation/LBPRC;official tournaments || second-pass Puerto Rico draft / amateur acquisition failure reversal negative result	MLB international;PR federation/LBPRC;official tournaments	1960-2026	PNW2-032	Searches found covered mechanisms, source-thin references, or details not safe to generalize.	Second pass retained PNW2-032 but did not establish saturation.	Not closed: keep open for a targeted later pass; retained evidence is a bounded seed.	Coverage depth remains incomplete; this is not a completion claim.	Primary/official checked where available; secondary context is marked in event rows.	Independent cell receipt; not closed by query-count alone.
PUERTO_RICO	Puerto Rico	Caribbean	C	contracts / FA / player movement	SEARCHED_NEEDS_MORE	Puerto Rico baseball amateur development draft contracts / FA / player movement history || Puerto Rico contracts / FA / player movement official archive history 1960-2026 source-families=MLB international;PR federation/LBPRC;official tournaments || second-pass Puerto Rico contracts / FA / player movement failure reversal negative result	MLB international;PR federation/LBPRC;official tournaments	1960-2026	-	Searches found covered mechanisms, source-thin references, or details not safe to generalize.	No high-confidence distinct event retained.	Not closed: keep open for a targeted later pass; retained evidence is a bounded seed.	Coverage depth remains incomplete; this is not a completion claim.	Primary/official checked where available; secondary context is marked in event rows.	Independent cell receipt; not closed by query-count alone.
PUERTO_RICO	Puerto Rico	Caribbean	D	organization / roster / competitive balance	SEARCHED_NEEDS_MORE	Puerto Rico baseball amateur development draft organization / roster / competitive balance history || Puerto Rico organization / roster / competitive balance official archive history 1960-2026 source-families=MLB international;PR federation/LBPRC;official tournaments || second-pass Puerto Rico organization / roster / competitive balance failure reversal negative result	MLB international;PR federation/LBPRC;official tournaments	1960-2026	-	Searches found covered mechanisms, source-thin references, or details not safe to generalize.	No high-confidence distinct event retained.	Not closed: keep open for a targeted later pass; retained evidence is a bounded seed.	Coverage depth remains incomplete; this is not a completion claim.	Primary/official checked where available; secondary context is marked in event rows.	Independent cell receipt; not closed by query-count alone.
PUERTO_RICO	Puerto Rico	Caribbean	E	player development	SEARCHED_NEEDS_MORE	Puerto Rico baseball amateur development draft player development history || Puerto Rico player development official archive history 1960-2026 source-families=MLB international;PR federation/LBPRC;official tournaments || second-pass Puerto Rico player development failure reversal negative result	MLB international;PR federation/LBPRC;official tournaments	1960-2026	PNW2-032	Searches found covered mechanisms, source-thin references, or details not safe to generalize.	Second pass retained PNW2-032 but did not establish saturation.	Not closed: keep open for a targeted later pass; retained evidence is a bounded seed.	Coverage depth remains incomplete; this is not a completion claim.	Primary/official checked where available; secondary context is marked in event rows.	Independent cell receipt; not closed by query-count alone.
PUERTO_RICO	Puerto Rico	Caribbean	F	scouting / analytics / AI / technology	SEARCHED_NEEDS_MORE	Puerto Rico baseball amateur development draft scouting / analytics / AI / technology history || Puerto Rico scouting / analytics / AI / technology official archive history 1960-2026 source-families=MLB international;PR federation/LBPRC;official tournaments || second-pass Puerto Rico scouting / analytics / AI / technology failure reversal negative result	MLB international;PR federation/LBPRC;official tournaments	1960-2026	-	Searches found covered mechanisms, source-thin references, or details not safe to generalize.	No high-confidence distinct event retained.	Not closed: keep open for a targeted later pass; retained evidence is a bounded seed.	Coverage depth remains incomplete; this is not a completion claim.	Primary/official checked where available; secondary context is marked in event rows.	Independent cell receipt; not closed by query-count alone.
PUERTO_RICO	Puerto Rico	Caribbean	G	staff / culture / organizational knowledge	SEARCHED_NEEDS_MORE	Puerto Rico baseball amateur development draft staff / culture / organizational knowledge history || Puerto Rico staff / culture / organizational knowledge official archive history 1960-2026 source-families=MLB international;PR federation/LBPRC;official tournaments || second-pass Puerto Rico staff / culture / organizational knowledge failure reversal negative result	MLB international;PR federation/LBPRC;official tournaments	1960-2026	-	Searches found covered mechanisms, source-thin references, or details not safe to generalize.	No high-confidence distinct event retained.	Not closed: keep open for a targeted later pass; retained evidence is a bounded seed.	Coverage depth remains incomplete; this is not a completion claim.	Primary/official checked where available; secondary context is marked in event rows.	Independent cell receipt; not closed by query-count alone.
PUERTO_RICO	Puerto Rico	Caribbean	H	opponent research / adaptation	SEARCHED_NEEDS_MORE	Puerto Rico baseball amateur development draft opponent research / adaptation history || Puerto Rico opponent research / adaptation official archive history 1960-2026 source-families=MLB international;PR federation/LBPRC;official tournaments || second-pass Puerto Rico opponent research / adaptation failure reversal negative result	MLB international;PR federation/LBPRC;official tournaments	1960-2026	-	Searches found covered mechanisms, source-thin references, or details not safe to generalize.	No high-confidence distinct event retained.	Not closed: keep open for a targeted later pass; retained evidence is a bounded seed.	Coverage depth remains incomplete; this is not a completion claim.	Primary/official checked where available; secondary context is marked in event rows.	Independent cell receipt; not closed by query-count alone.
PUERTO_RICO	Puerto Rico	Caribbean	I	player identity / psychology / agency	SEARCHED_NEEDS_MORE	Puerto Rico baseball amateur development draft player identity / psychology / agency history || Puerto Rico player identity / psychology / agency official archive history 1960-2026 source-families=MLB international;PR federation/LBPRC;official tournaments || second-pass Puerto Rico player identity / psychology / agency failure reversal negative result	MLB international;PR federation/LBPRC;official tournaments	1960-2026	-	Searches found covered mechanisms, source-thin references, or details not safe to generalize.	No high-confidence distinct event retained.	Not closed: keep open for a targeted later pass; retained evidence is a bounded seed.	Coverage depth remains incomplete; this is not a completion claim.	Primary/official checked where available; secondary context is marked in event rows.	Independent cell receipt; not closed by query-count alone.
PUERTO_RICO	Puerto Rico	Caribbean	J	injury / fatigue / health	BLOCKED	Puerto Rico baseball amateur development draft injury / fatigue / health history || Puerto Rico injury / fatigue / health official archive history 1960-2026 source-families=MLB international;PR federation/LBPRC;official tournaments || second-pass Puerto Rico injury / fatigue / health failure reversal negative result	MLB international;PR federation/LBPRC;official tournaments	1960-2026	-	Primary source depth was not sufficient to close this cell without importing unverified legal, medical, or club-level claims.	Second pass found contextual references but no authoritative event that safely closes the cell.	BLOCKED pending source-authority escalation or language-specific archival work.	Source quality/depth blocker; do not infer missing mechanisms.	Primary/official checked where available; secondary context is marked in event rows.	Independent cell receipt; not closed by query-count alone.
PUERTO_RICO	Puerto Rico	Caribbean	K	business / fans / media / stadiums	SEARCHED_NEEDS_MORE	Puerto Rico baseball amateur development draft business / fans / media / stadiums history || Puerto Rico business / fans / media / stadiums official archive history 1960-2026 source-families=MLB international;PR federation/LBPRC;official tournaments || second-pass Puerto Rico business / fans / media / stadiums failure reversal negative result	MLB international;PR federation/LBPRC;official tournaments	1960-2026	-	Searches found covered mechanisms, source-thin references, or details not safe to generalize.	No high-confidence distinct event retained.	Not closed: keep open for a targeted later pass; retained evidence is a bounded seed.	Coverage depth remains incomplete; this is not a completion claim.	Primary/official checked where available; secondary context is marked in event rows.	Independent cell receipt; not closed by query-count alone.
PUERTO_RICO	Puerto Rico	Caribbean	L	governance / labor / player associations	SEARCHED_NEEDS_MORE	Puerto Rico baseball amateur development draft governance / labor / player associations history || Puerto Rico governance / labor / player associations official archive history 1960-2026 source-families=MLB international;PR federation/LBPRC;official tournaments || second-pass Puerto Rico governance / labor / player associations failure reversal negative result	MLB international;PR federation/LBPRC;official tournaments	1960-2026	-	Searches found covered mechanisms, source-thin references, or details not safe to generalize.	No high-confidence distinct event retained.	Not closed: keep open for a targeted later pass; retained evidence is a bounded seed.	Coverage depth remains incomplete; this is not a completion claim.	Primary/official checked where available; secondary context is marked in event rows.	Independent cell receipt; not closed by query-count alone.
PUERTO_RICO	Puerto Rico	Caribbean	M	integrity / scandals / enforcement	BLOCKED	Puerto Rico baseball amateur development draft integrity / scandals / enforcement history || Puerto Rico integrity / scandals / enforcement official archive history 1960-2026 source-families=MLB international;PR federation/LBPRC;official tournaments || second-pass Puerto Rico integrity / scandals / enforcement failure reversal negative result	MLB international;PR federation/LBPRC;official tournaments	1960-2026	-	Primary source depth was not sufficient to close this cell without importing unverified legal, medical, or club-level claims.	Second pass found contextual references but no authoritative event that safely closes the cell.	BLOCKED pending source-authority escalation or language-specific archival work.	Source quality/depth blocker; do not infer missing mechanisms.	Primary/official checked where available; secondary context is marked in event rows.	Independent cell receipt; not closed by query-count alone.
PUERTO_RICO	Puerto Rico	Caribbean	N	global development	SEARCHED_NEEDS_MORE	Puerto Rico baseball amateur development draft global development history || Puerto Rico global development official archive history 1960-2026 source-families=MLB international;PR federation/LBPRC;official tournaments || second-pass Puerto Rico global development failure reversal negative result	MLB international;PR federation/LBPRC;official tournaments	1960-2026	PNW2-032	Searches found covered mechanisms, source-thin references, or details not safe to generalize.	Second pass retained PNW2-032 but did not establish saturation.	Not closed: keep open for a targeted later pass; retained evidence is a bounded seed.	Coverage depth remains incomplete; this is not a completion claim.	Primary/official checked where available; secondary context is marked in event rows.	Independent cell receipt; not closed by query-count alone.
PUERTO_RICO	Puerto Rico	Caribbean	O	country-specific systems	SEARCHED_NEEDS_MORE	Puerto Rico baseball amateur development draft country-specific systems history || Puerto Rico country-specific systems official archive history 1960-2026 source-families=MLB international;PR federation/LBPRC;official tournaments || second-pass Puerto Rico country-specific systems failure reversal negative result	MLB international;PR federation/LBPRC;official tournaments	1960-2026	PNW2-032	Searches found covered mechanisms, source-thin references, or details not safe to generalize.	Second pass retained PNW2-032 but did not establish saturation.	Not closed: keep open for a targeted later pass; retained evidence is a bounded seed.	Coverage depth remains incomplete; this is not a completion claim.	Primary/official checked where available; secondary context is marked in event rows.	Independent cell receipt; not closed by query-count alone.
PUERTO_RICO	Puerto Rico	Caribbean	P	tournaments / all-star	SEARCHED_NEEDS_MORE	Puerto Rico baseball amateur development draft tournaments / all-star history || Puerto Rico tournaments / all-star official archive history 1960-2026 source-families=MLB international;PR federation/LBPRC;official tournaments || second-pass Puerto Rico tournaments / all-star failure reversal negative result	MLB international;PR federation/LBPRC;official tournaments	1960-2026	-	Searches found covered mechanisms, source-thin references, or details not safe to generalize.	No high-confidence distinct event retained.	Not closed: keep open for a targeted later pass; retained evidence is a bounded seed.	Coverage depth remains incomplete; this is not a completion claim.	Primary/official checked where available; secondary context is marked in event rows.	Independent cell receipt; not closed by query-count alone.
PUERTO_RICO	Puerto Rico	Caribbean	Q	rare structural events	SEARCHED_NEEDS_MORE	Puerto Rico baseball amateur development draft rare structural events history || Puerto Rico rare structural events official archive history 1960-2026 source-families=MLB international;PR federation/LBPRC;official tournaments || second-pass Puerto Rico rare structural events failure reversal negative result	MLB international;PR federation/LBPRC;official tournaments	1960-2026	-	Searches found covered mechanisms, source-thin references, or details not safe to generalize.	No high-confidence distinct event retained.	Not closed: keep open for a targeted later pass; retained evidence is a bounded seed.	Coverage depth remains incomplete; this is not a completion claim.	Primary/official checked where available; secondary context is marked in event rows.	Independent cell receipt; not closed by query-count alone.
CUBA	Cuba	Caribbean	A	rules / on-field environment	SEARCHED_NEEDS_MORE	Cuba baseball player pathway federation agreement rules / on-field environment history || Cuba rules / on-field environment official archive history 1960-2026 source-families=MLB/Federation agreements;WBSC;Cuban federation/tournament || second-pass Cuba rules / on-field environment failure reversal negative result	MLB/Federation agreements;WBSC;Cuban federation/tournament	1960-2026	-	Searches found covered mechanisms, source-thin references, or details not safe to generalize.	No high-confidence distinct event retained.	Not closed: keep open for a targeted later pass; retained evidence is a bounded seed.	Coverage depth remains incomplete; this is not a completion claim.	Primary/official checked where available; secondary context is marked in event rows.	Independent cell receipt; not closed by query-count alone.
CUBA	Cuba	Caribbean	B	draft / amateur acquisition	SEARCHED_NEEDS_MORE	Cuba baseball player pathway federation agreement draft / amateur acquisition history || Cuba draft / amateur acquisition official archive history 1960-2026 source-families=MLB/Federation agreements;WBSC;Cuban federation/tournament || second-pass Cuba draft / amateur acquisition failure reversal negative result	MLB/Federation agreements;WBSC;Cuban federation/tournament	1960-2026	-	Searches found covered mechanisms, source-thin references, or details not safe to generalize.	No high-confidence distinct event retained.	Not closed: keep open for a targeted later pass; retained evidence is a bounded seed.	Coverage depth remains incomplete; this is not a completion claim.	Primary/official checked where available; secondary context is marked in event rows.	Independent cell receipt; not closed by query-count alone.
CUBA	Cuba	Caribbean	C	contracts / FA / player movement	BLOCKED	Cuba baseball player pathway federation agreement contracts / FA / player movement history || Cuba contracts / FA / player movement official archive history 1960-2026 source-families=MLB/Federation agreements;WBSC;Cuban federation/tournament || second-pass Cuba contracts / FA / player movement failure reversal negative result	MLB/Federation agreements;WBSC;Cuban federation/tournament	1960-2026	PNN-027;PNN-028	Primary source depth was not sufficient to close this cell without importing unverified legal, medical, or club-level claims.	Second pass found contextual references but no authoritative event that safely closes the cell.	BLOCKED pending source-authority escalation or language-specific archival work.	Source quality/depth blocker; do not infer missing mechanisms.	Primary/official checked where available; secondary context is marked in event rows.	Independent cell receipt; not closed by query-count alone.
CUBA	Cuba	Caribbean	D	organization / roster / competitive balance	SEARCHED_NEEDS_MORE	Cuba baseball player pathway federation agreement organization / roster / competitive balance history || Cuba organization / roster / competitive balance official archive history 1960-2026 source-families=MLB/Federation agreements;WBSC;Cuban federation/tournament || second-pass Cuba organization / roster / competitive balance failure reversal negative result	MLB/Federation agreements;WBSC;Cuban federation/tournament	1960-2026	-	Searches found covered mechanisms, source-thin references, or details not safe to generalize.	No high-confidence distinct event retained.	Not closed: keep open for a targeted later pass; retained evidence is a bounded seed.	Coverage depth remains incomplete; this is not a completion claim.	Primary/official checked where available; secondary context is marked in event rows.	Independent cell receipt; not closed by query-count alone.
CUBA	Cuba	Caribbean	E	player development	SEARCHED_NEEDS_MORE	Cuba baseball player pathway federation agreement player development history || Cuba player development official archive history 1960-2026 source-families=MLB/Federation agreements;WBSC;Cuban federation/tournament || second-pass Cuba player development failure reversal negative result	MLB/Federation agreements;WBSC;Cuban federation/tournament	1960-2026	-	Searches found covered mechanisms, source-thin references, or details not safe to generalize.	No high-confidence distinct event retained.	Not closed: keep open for a targeted later pass; retained evidence is a bounded seed.	Coverage depth remains incomplete; this is not a completion claim.	Primary/official checked where available; secondary context is marked in event rows.	Independent cell receipt; not closed by query-count alone.
CUBA	Cuba	Caribbean	F	scouting / analytics / AI / technology	SEARCHED_NEEDS_MORE	Cuba baseball player pathway federation agreement scouting / analytics / AI / technology history || Cuba scouting / analytics / AI / technology official archive history 1960-2026 source-families=MLB/Federation agreements;WBSC;Cuban federation/tournament || second-pass Cuba scouting / analytics / AI / technology failure reversal negative result	MLB/Federation agreements;WBSC;Cuban federation/tournament	1960-2026	-	Searches found covered mechanisms, source-thin references, or details not safe to generalize.	No high-confidence distinct event retained.	Not closed: keep open for a targeted later pass; retained evidence is a bounded seed.	Coverage depth remains incomplete; this is not a completion claim.	Primary/official checked where available; secondary context is marked in event rows.	Independent cell receipt; not closed by query-count alone.
CUBA	Cuba	Caribbean	G	staff / culture / organizational knowledge	SEARCHED_NEEDS_MORE	Cuba baseball player pathway federation agreement staff / culture / organizational knowledge history || Cuba staff / culture / organizational knowledge official archive history 1960-2026 source-families=MLB/Federation agreements;WBSC;Cuban federation/tournament || second-pass Cuba staff / culture / organizational knowledge failure reversal negative result	MLB/Federation agreements;WBSC;Cuban federation/tournament	1960-2026	-	Searches found covered mechanisms, source-thin references, or details not safe to generalize.	No high-confidence distinct event retained.	Not closed: keep open for a targeted later pass; retained evidence is a bounded seed.	Coverage depth remains incomplete; this is not a completion claim.	Primary/official checked where available; secondary context is marked in event rows.	Independent cell receipt; not closed by query-count alone.
CUBA	Cuba	Caribbean	H	opponent research / adaptation	SEARCHED_NEEDS_MORE	Cuba baseball player pathway federation agreement opponent research / adaptation history || Cuba opponent research / adaptation official archive history 1960-2026 source-families=MLB/Federation agreements;WBSC;Cuban federation/tournament || second-pass Cuba opponent research / adaptation failure reversal negative result	MLB/Federation agreements;WBSC;Cuban federation/tournament	1960-2026	-	Searches found covered mechanisms, source-thin references, or details not safe to generalize.	No high-confidence distinct event retained.	Not closed: keep open for a targeted later pass; retained evidence is a bounded seed.	Coverage depth remains incomplete; this is not a completion claim.	Primary/official checked where available; secondary context is marked in event rows.	Independent cell receipt; not closed by query-count alone.
CUBA	Cuba	Caribbean	I	player identity / psychology / agency	SEARCHED_NEEDS_MORE	Cuba baseball player pathway federation agreement player identity / psychology / agency history || Cuba player identity / psychology / agency official archive history 1960-2026 source-families=MLB/Federation agreements;WBSC;Cuban federation/tournament || second-pass Cuba player identity / psychology / agency failure reversal negative result	MLB/Federation agreements;WBSC;Cuban federation/tournament	1960-2026	-	Searches found covered mechanisms, source-thin references, or details not safe to generalize.	No high-confidence distinct event retained.	Not closed: keep open for a targeted later pass; retained evidence is a bounded seed.	Coverage depth remains incomplete; this is not a completion claim.	Primary/official checked where available; secondary context is marked in event rows.	Independent cell receipt; not closed by query-count alone.
CUBA	Cuba	Caribbean	J	injury / fatigue / health	SEARCHED_NEEDS_MORE	Cuba baseball player pathway federation agreement injury / fatigue / health history || Cuba injury / fatigue / health official archive history 1960-2026 source-families=MLB/Federation agreements;WBSC;Cuban federation/tournament || second-pass Cuba injury / fatigue / health failure reversal negative result	MLB/Federation agreements;WBSC;Cuban federation/tournament	1960-2026	-	Searches found covered mechanisms, source-thin references, or details not safe to generalize.	No high-confidence distinct event retained.	Not closed: keep open for a targeted later pass; retained evidence is a bounded seed.	Coverage depth remains incomplete; this is not a completion claim.	Primary/official checked where available; secondary context is marked in event rows.	Independent cell receipt; not closed by query-count alone.
CUBA	Cuba	Caribbean	K	business / fans / media / stadiums	SEARCHED_NEEDS_MORE	Cuba baseball player pathway federation agreement business / fans / media / stadiums history || Cuba business / fans / media / stadiums official archive history 1960-2026 source-families=MLB/Federation agreements;WBSC;Cuban federation/tournament || second-pass Cuba business / fans / media / stadiums failure reversal negative result	MLB/Federation agreements;WBSC;Cuban federation/tournament	1960-2026	-	Searches found covered mechanisms, source-thin references, or details not safe to generalize.	No high-confidence distinct event retained.	Not closed: keep open for a targeted later pass; retained evidence is a bounded seed.	Coverage depth remains incomplete; this is not a completion claim.	Primary/official checked where available; secondary context is marked in event rows.	Independent cell receipt; not closed by query-count alone.
CUBA	Cuba	Caribbean	L	governance / labor / player associations	BLOCKED	Cuba baseball player pathway federation agreement governance / labor / player associations history || Cuba governance / labor / player associations official archive history 1960-2026 source-families=MLB/Federation agreements;WBSC;Cuban federation/tournament || second-pass Cuba governance / labor / player associations failure reversal negative result	MLB/Federation agreements;WBSC;Cuban federation/tournament	1960-2026	PNN-027;PNN-028;PNN-032	Primary source depth was not sufficient to close this cell without importing unverified legal, medical, or club-level claims.	Second pass found contextual references but no authoritative event that safely closes the cell.	BLOCKED pending source-authority escalation or language-specific archival work.	Source quality/depth blocker; do not infer missing mechanisms.	Primary/official checked where available; secondary context is marked in event rows.	Independent cell receipt; not closed by query-count alone.
CUBA	Cuba	Caribbean	M	integrity / scandals / enforcement	BLOCKED	Cuba baseball player pathway federation agreement integrity / scandals / enforcement history || Cuba integrity / scandals / enforcement official archive history 1960-2026 source-families=MLB/Federation agreements;WBSC;Cuban federation/tournament || second-pass Cuba integrity / scandals / enforcement failure reversal negative result	MLB/Federation agreements;WBSC;Cuban federation/tournament	1960-2026	-	Primary source depth was not sufficient to close this cell without importing unverified legal, medical, or club-level claims.	Second pass found contextual references but no authoritative event that safely closes the cell.	BLOCKED pending source-authority escalation or language-specific archival work.	Source quality/depth blocker; do not infer missing mechanisms.	Primary/official checked where available; secondary context is marked in event rows.	Independent cell receipt; not closed by query-count alone.
CUBA	Cuba	Caribbean	N	global development	SEARCHED_SATURATED	Cuba baseball player pathway federation agreement global development history || Cuba global development official archive history 1960-2026 source-families=MLB/Federation agreements;WBSC;Cuban federation/tournament || second-pass Cuba global development failure reversal negative result	MLB/Federation agreements;WBSC;Cuban federation/tournament	1960-2026	PNN-032	No materially distinct mechanism beyond existing PW/open domains was retained after the second pass.	Second pass retained PNN-032 as evidence.	Two formulation families plus source checking reached bounded saturation; later archival discoveries remain admissible.		Primary/official checked where available; secondary context is marked in event rows.	Independent cell receipt; not closed by query-count alone.
CUBA	Cuba	Caribbean	O	country-specific systems	SEARCHED_SATURATED	Cuba baseball player pathway federation agreement country-specific systems history || Cuba country-specific systems official archive history 1960-2026 source-families=MLB/Federation agreements;WBSC;Cuban federation/tournament || second-pass Cuba country-specific systems failure reversal negative result	MLB/Federation agreements;WBSC;Cuban federation/tournament	1960-2026	PNN-027;PNN-028;PNN-032	No materially distinct mechanism beyond existing PW/open domains was retained after the second pass.	Second pass retained PNN-027,PNN-028,PNN-032 as evidence.	Two formulation families plus source checking reached bounded saturation; later archival discoveries remain admissible.		Primary/official checked where available; secondary context is marked in event rows.	Independent cell receipt; not closed by query-count alone.
CUBA	Cuba	Caribbean	P	tournaments / all-star	SEARCHED_NEEDS_MORE	Cuba baseball player pathway federation agreement tournaments / all-star history || Cuba tournaments / all-star official archive history 1960-2026 source-families=MLB/Federation agreements;WBSC;Cuban federation/tournament || second-pass Cuba tournaments / all-star failure reversal negative result	MLB/Federation agreements;WBSC;Cuban federation/tournament	1960-2026	PNN-032	Searches found covered mechanisms, source-thin references, or details not safe to generalize.	Second pass retained PNN-032 but did not establish saturation.	Not closed: keep open for a targeted later pass; retained evidence is a bounded seed.	Coverage depth remains incomplete; this is not a completion claim.	Primary/official checked where available; secondary context is marked in event rows.	Independent cell receipt; not closed by query-count alone.
CUBA	Cuba	Caribbean	Q	rare structural events	SEARCHED_NEEDS_MORE	Cuba baseball player pathway federation agreement rare structural events history || Cuba rare structural events official archive history 1960-2026 source-families=MLB/Federation agreements;WBSC;Cuban federation/tournament || second-pass Cuba rare structural events failure reversal negative result	MLB/Federation agreements;WBSC;Cuban federation/tournament	1960-2026	-	Searches found covered mechanisms, source-thin references, or details not safe to generalize.	No high-confidence distinct event retained.	Not closed: keep open for a targeted later pass; retained evidence is a bounded seed.	Coverage depth remains incomplete; this is not a completion claim.	Primary/official checked where available; secondary context is marked in event rows.	Independent cell receipt; not closed by query-count alone.
CARIBBEAN_WINTER	Caribbean winter leagues	Caribbean	A	rules / on-field environment	SEARCHED_NEEDS_MORE	Caribbean winter league baseball rules / on-field environment history tournament || Caribbean winter leagues rules / on-field environment official archive history 1949-2026 source-families=Caribbean Series;LIDOM;LBPRC;LVBP;official winter pages || second-pass Caribbean winter leagues rules / on-field environment failure reversal negative result	Caribbean Series;LIDOM;LBPRC;LVBP;official winter pages	1949-2026	-	Searches found covered mechanisms, source-thin references, or details not safe to generalize.	No high-confidence distinct event retained.	Not closed: keep open for a targeted later pass; retained evidence is a bounded seed.	Coverage depth remains incomplete; this is not a completion claim.	Primary/official checked where available; secondary context is marked in event rows.	Independent cell receipt; not closed by query-count alone.
CARIBBEAN_WINTER	Caribbean winter leagues	Caribbean	B	draft / amateur acquisition	SEARCHED_NEEDS_MORE	Caribbean winter league baseball draft / amateur acquisition history tournament || Caribbean winter leagues draft / amateur acquisition official archive history 1949-2026 source-families=Caribbean Series;LIDOM;LBPRC;LVBP;official winter pages || second-pass Caribbean winter leagues draft / amateur acquisition failure reversal negative result	Caribbean Series;LIDOM;LBPRC;LVBP;official winter pages	1949-2026	PNW2-032;PNW2-034	Searches found covered mechanisms, source-thin references, or details not safe to generalize.	Second pass retained PNW2-032,PNW2-034 but did not establish saturation.	Not closed: keep open for a targeted later pass; retained evidence is a bounded seed.	Coverage depth remains incomplete; this is not a completion claim.	Primary/official checked where available; secondary context is marked in event rows.	Independent cell receipt; not closed by query-count alone.
CARIBBEAN_WINTER	Caribbean winter leagues	Caribbean	C	contracts / FA / player movement	SEARCHED_NEEDS_MORE	Caribbean winter league baseball contracts / FA / player movement history tournament || Caribbean winter leagues contracts / FA / player movement official archive history 1949-2026 source-families=Caribbean Series;LIDOM;LBPRC;LVBP;official winter pages || second-pass Caribbean winter leagues contracts / FA / player movement failure reversal negative result	Caribbean Series;LIDOM;LBPRC;LVBP;official winter pages	1949-2026	PNN-027;PNN-028	Searches found covered mechanisms, source-thin references, or details not safe to generalize.	Second pass retained PNN-027,PNN-028 but did not establish saturation.	Not closed: keep open for a targeted later pass; retained evidence is a bounded seed.	Coverage depth remains incomplete; this is not a completion claim.	Primary/official checked where available; secondary context is marked in event rows.	Independent cell receipt; not closed by query-count alone.
CARIBBEAN_WINTER	Caribbean winter leagues	Caribbean	D	organization / roster / competitive balance	SEARCHED_NEEDS_MORE	Caribbean winter league baseball organization / roster / competitive balance history tournament || Caribbean winter leagues organization / roster / competitive balance official archive history 1949-2026 source-families=Caribbean Series;LIDOM;LBPRC;LVBP;official winter pages || second-pass Caribbean winter leagues organization / roster / competitive balance failure reversal negative result	Caribbean Series;LIDOM;LBPRC;LVBP;official winter pages	1949-2026	-	Searches found covered mechanisms, source-thin references, or details not safe to generalize.	No high-confidence distinct event retained.	Not closed: keep open for a targeted later pass; retained evidence is a bounded seed.	Coverage depth remains incomplete; this is not a completion claim.	Primary/official checked where available; secondary context is marked in event rows.	Independent cell receipt; not closed by query-count alone.
CARIBBEAN_WINTER	Caribbean winter leagues	Caribbean	E	player development	SEARCHED_NEEDS_MORE	Caribbean winter league baseball player development history tournament || Caribbean winter leagues player development official archive history 1949-2026 source-families=Caribbean Series;LIDOM;LBPRC;LVBP;official winter pages || second-pass Caribbean winter leagues player development failure reversal negative result	Caribbean Series;LIDOM;LBPRC;LVBP;official winter pages	1949-2026	PNN-006;PNN-009;PNN-029;PNW2-030;PNW2-031;PNW2-032	Searches found covered mechanisms, source-thin references, or details not safe to generalize.	Second pass retained PNN-006,PNN-009,PNN-029,PNW2-030,PNW2-031,PNW2-032 but did not establish saturation.	Not closed: keep open for a targeted later pass; retained evidence is a bounded seed.	Coverage depth remains incomplete; this is not a completion claim.	Primary/official checked where available; secondary context is marked in event rows.	Independent cell receipt; not closed by query-count alone.
CARIBBEAN_WINTER	Caribbean winter leagues	Caribbean	F	scouting / analytics / AI / technology	SEARCHED_NEEDS_MORE	Caribbean winter league baseball scouting / analytics / AI / technology history tournament || Caribbean winter leagues scouting / analytics / AI / technology official archive history 1949-2026 source-families=Caribbean Series;LIDOM;LBPRC;LVBP;official winter pages || second-pass Caribbean winter leagues scouting / analytics / AI / technology failure reversal negative result	Caribbean Series;LIDOM;LBPRC;LVBP;official winter pages	1949-2026	PNN-006;PNN-009;PNN-029;PNW2-030;PNW2-031;PNW2-034	Searches found covered mechanisms, source-thin references, or details not safe to generalize.	Second pass retained PNN-006,PNN-009,PNN-029,PNW2-030,PNW2-031,PNW2-034 but did not establish saturation.	Not closed: keep open for a targeted later pass; retained evidence is a bounded seed.	Coverage depth remains incomplete; this is not a completion claim.	Primary/official checked where available; secondary context is marked in event rows.	Independent cell receipt; not closed by query-count alone.
CARIBBEAN_WINTER	Caribbean winter leagues	Caribbean	G	staff / culture / organizational knowledge	SEARCHED_NEEDS_MORE	Caribbean winter league baseball staff / culture / organizational knowledge history tournament || Caribbean winter leagues staff / culture / organizational knowledge official archive history 1949-2026 source-families=Caribbean Series;LIDOM;LBPRC;LVBP;official winter pages || second-pass Caribbean winter leagues staff / culture / organizational knowledge failure reversal negative result	Caribbean Series;LIDOM;LBPRC;LVBP;official winter pages	1949-2026	PNN-006;PNN-009;PNN-029;PNW2-030;PNW2-031	Searches found covered mechanisms, source-thin references, or details not safe to generalize.	Second pass retained PNN-006,PNN-009,PNN-029,PNW2-030,PNW2-031 but did not establish saturation.	Not closed: keep open for a targeted later pass; retained evidence is a bounded seed.	Coverage depth remains incomplete; this is not a completion claim.	Primary/official checked where available; secondary context is marked in event rows.	Independent cell receipt; not closed by query-count alone.
CARIBBEAN_WINTER	Caribbean winter leagues	Caribbean	H	opponent research / adaptation	SEARCHED_NEEDS_MORE	Caribbean winter league baseball opponent research / adaptation history tournament || Caribbean winter leagues opponent research / adaptation official archive history 1949-2026 source-families=Caribbean Series;LIDOM;LBPRC;LVBP;official winter pages || second-pass Caribbean winter leagues opponent research / adaptation failure reversal negative result	Caribbean Series;LIDOM;LBPRC;LVBP;official winter pages	1949-2026	-	Searches found covered mechanisms, source-thin references, or details not safe to generalize.	No high-confidence distinct event retained.	Not closed: keep open for a targeted later pass; retained evidence is a bounded seed.	Coverage depth remains incomplete; this is not a completion claim.	Primary/official checked where available; secondary context is marked in event rows.	Independent cell receipt; not closed by query-count alone.
CARIBBEAN_WINTER	Caribbean winter leagues	Caribbean	I	player identity / psychology / agency	SEARCHED_NEEDS_MORE	Caribbean winter league baseball player identity / psychology / agency history tournament || Caribbean winter leagues player identity / psychology / agency official archive history 1949-2026 source-families=Caribbean Series;LIDOM;LBPRC;LVBP;official winter pages || second-pass Caribbean winter leagues player identity / psychology / agency failure reversal negative result	Caribbean Series;LIDOM;LBPRC;LVBP;official winter pages	1949-2026	-	Searches found covered mechanisms, source-thin references, or details not safe to generalize.	No high-confidence distinct event retained.	Not closed: keep open for a targeted later pass; retained evidence is a bounded seed.	Coverage depth remains incomplete; this is not a completion claim.	Primary/official checked where available; secondary context is marked in event rows.	Independent cell receipt; not closed by query-count alone.
CARIBBEAN_WINTER	Caribbean winter leagues	Caribbean	J	injury / fatigue / health	SEARCHED_NEEDS_MORE	Caribbean winter league baseball injury / fatigue / health history tournament || Caribbean winter leagues injury / fatigue / health official archive history 1949-2026 source-families=Caribbean Series;LIDOM;LBPRC;LVBP;official winter pages || second-pass Caribbean winter leagues injury / fatigue / health failure reversal negative result	Caribbean Series;LIDOM;LBPRC;LVBP;official winter pages	1949-2026	-	Searches found covered mechanisms, source-thin references, or details not safe to generalize.	No high-confidence distinct event retained.	Not closed: keep open for a targeted later pass; retained evidence is a bounded seed.	Coverage depth remains incomplete; this is not a completion claim.	Primary/official checked where available; secondary context is marked in event rows.	Independent cell receipt; not closed by query-count alone.
CARIBBEAN_WINTER	Caribbean winter leagues	Caribbean	K	business / fans / media / stadiums	SEARCHED_NEEDS_MORE	Caribbean winter league baseball business / fans / media / stadiums history tournament || Caribbean winter leagues business / fans / media / stadiums official archive history 1949-2026 source-families=Caribbean Series;LIDOM;LBPRC;LVBP;official winter pages || second-pass Caribbean winter leagues business / fans / media / stadiums failure reversal negative result	Caribbean Series;LIDOM;LBPRC;LVBP;official winter pages	1949-2026	-	Searches found covered mechanisms, source-thin references, or details not safe to generalize.	No high-confidence distinct event retained.	Not closed: keep open for a targeted later pass; retained evidence is a bounded seed.	Coverage depth remains incomplete; this is not a completion claim.	Primary/official checked where available; secondary context is marked in event rows.	Independent cell receipt; not closed by query-count alone.
CARIBBEAN_WINTER	Caribbean winter leagues	Caribbean	L	governance / labor / player associations	SEARCHED_NEEDS_MORE	Caribbean winter league baseball governance / labor / player associations history tournament || Caribbean winter leagues governance / labor / player associations official archive history 1949-2026 source-families=Caribbean Series;LIDOM;LBPRC;LVBP;official winter pages || second-pass Caribbean winter leagues governance / labor / player associations failure reversal negative result	Caribbean Series;LIDOM;LBPRC;LVBP;official winter pages	1949-2026	PNN-027;PNN-028;PNN-032	Searches found covered mechanisms, source-thin references, or details not safe to generalize.	Second pass retained PNN-027,PNN-028,PNN-032 but did not establish saturation.	Not closed: keep open for a targeted later pass; retained evidence is a bounded seed.	Coverage depth remains incomplete; this is not a completion claim.	Primary/official checked where available; secondary context is marked in event rows.	Independent cell receipt; not closed by query-count alone.
CARIBBEAN_WINTER	Caribbean winter leagues	Caribbean	M	integrity / scandals / enforcement	SEARCHED_NEEDS_MORE	Caribbean winter league baseball integrity / scandals / enforcement history tournament || Caribbean winter leagues integrity / scandals / enforcement official archive history 1949-2026 source-families=Caribbean Series;LIDOM;LBPRC;LVBP;official winter pages || second-pass Caribbean winter leagues integrity / scandals / enforcement failure reversal negative result	Caribbean Series;LIDOM;LBPRC;LVBP;official winter pages	1949-2026	PNW2-030	Searches found covered mechanisms, source-thin references, or details not safe to generalize.	Second pass retained PNW2-030 but did not establish saturation.	Not closed: keep open for a targeted later pass; retained evidence is a bounded seed.	Coverage depth remains incomplete; this is not a completion claim.	Primary/official checked where available; secondary context is marked in event rows.	Independent cell receipt; not closed by query-count alone.
CARIBBEAN_WINTER	Caribbean winter leagues	Caribbean	N	global development	SEARCHED_SATURATED	Caribbean winter league baseball global development history tournament || Caribbean winter leagues global development official archive history 1949-2026 source-families=Caribbean Series;LIDOM;LBPRC;LVBP;official winter pages || second-pass Caribbean winter leagues global development failure reversal negative result	Caribbean Series;LIDOM;LBPRC;LVBP;official winter pages	1949-2026	PNN-006;PNN-009;PNN-029;PNN-032;PNW2-030;PNW2-031;PNW2-032;PNW2-034;PNW2-036	No materially distinct mechanism beyond existing PW/open domains was retained after the second pass.	Second pass retained PNN-006,PNN-009,PNN-029,PNN-032,PNW2-030,PNW2-031,PNW2-032,PNW2-034,PNW2-036 as evidence.	Two formulation families plus source checking reached bounded saturation; later archival discoveries remain admissible.		Primary/official checked where available; secondary context is marked in event rows.	Independent cell receipt; not closed by query-count alone.
CARIBBEAN_WINTER	Caribbean winter leagues	Caribbean	O	country-specific systems	SEARCHED_NEEDS_MORE	Caribbean winter league baseball country-specific systems history tournament || Caribbean winter leagues country-specific systems official archive history 1949-2026 source-families=Caribbean Series;LIDOM;LBPRC;LVBP;official winter pages || second-pass Caribbean winter leagues country-specific systems failure reversal negative result	Caribbean Series;LIDOM;LBPRC;LVBP;official winter pages	1949-2026	PNN-027;PNN-028;PNN-029;PNN-032;PNW2-030;PNW2-032;PNW2-034	Searches found covered mechanisms, source-thin references, or details not safe to generalize.	Second pass retained PNN-027,PNN-028,PNN-029,PNN-032,PNW2-030,PNW2-032,PNW2-034 but did not establish saturation.	Not closed: keep open for a targeted later pass; retained evidence is a bounded seed.	Coverage depth remains incomplete; this is not a completion claim.	Primary/official checked where available; secondary context is marked in event rows.	Independent cell receipt; not closed by query-count alone.
CARIBBEAN_WINTER	Caribbean winter leagues	Caribbean	P	tournaments / all-star	SEARCHED_SATURATED	Caribbean winter league baseball tournaments / all-star history tournament || Caribbean winter leagues tournaments / all-star official archive history 1949-2026 source-families=Caribbean Series;LIDOM;LBPRC;LVBP;official winter pages || second-pass Caribbean winter leagues tournaments / all-star failure reversal negative result	Caribbean Series;LIDOM;LBPRC;LVBP;official winter pages	1949-2026	PNN-032;PNW2-036	No materially distinct mechanism beyond existing PW/open domains was retained after the second pass.	Second pass retained PNN-032,PNW2-036 as evidence.	Two formulation families plus source checking reached bounded saturation; later archival discoveries remain admissible.		Primary/official checked where available; secondary context is marked in event rows.	Independent cell receipt; not closed by query-count alone.
CARIBBEAN_WINTER	Caribbean winter leagues	Caribbean	Q	rare structural events	SEARCHED_NEEDS_MORE	Caribbean winter league baseball rare structural events history tournament || Caribbean winter leagues rare structural events official archive history 1949-2026 source-families=Caribbean Series;LIDOM;LBPRC;LVBP;official winter pages || second-pass Caribbean winter leagues rare structural events failure reversal negative result	Caribbean Series;LIDOM;LBPRC;LVBP;official winter pages	1949-2026	PNW2-036	Searches found covered mechanisms, source-thin references, or details not safe to generalize.	Second pass retained PNW2-036 but did not establish saturation.	Not closed: keep open for a targeted later pass; retained evidence is a bounded seed.	Coverage depth remains incomplete; this is not a completion claim.	Primary/official checked where available; secondary context is marked in event rows.	Independent cell receipt; not closed by query-count alone.
EUROPE	Europe	Europe	A	rules / on-field environment	SEARCHED_NEEDS_MORE	European baseball club competition rules / on-field environment promotion relegation history || Europe rules / on-field environment official archive history 1990-2026 source-families=WBSC Europe reports/regulations;member federation pages || second-pass Europe rules / on-field environment failure reversal negative result	WBSC Europe reports/regulations;member federation pages	1990-2026	-	Searches found covered mechanisms, source-thin references, or details not safe to generalize.	No high-confidence distinct event retained.	Not closed: keep open for a targeted later pass; retained evidence is a bounded seed.	Coverage depth remains incomplete; this is not a completion claim.	Primary/official checked where available; secondary context is marked in event rows.	Independent cell receipt; not closed by query-count alone.
EUROPE	Europe	Europe	B	draft / amateur acquisition	SEARCHED_NEEDS_MORE	European baseball club competition draft / amateur acquisition promotion relegation history || Europe draft / amateur acquisition official archive history 1990-2026 source-families=WBSC Europe reports/regulations;member federation pages || second-pass Europe draft / amateur acquisition failure reversal negative result	WBSC Europe reports/regulations;member federation pages	1990-2026	-	Searches found covered mechanisms, source-thin references, or details not safe to generalize.	No high-confidence distinct event retained.	Not closed: keep open for a targeted later pass; retained evidence is a bounded seed.	Coverage depth remains incomplete; this is not a completion claim.	Primary/official checked where available; secondary context is marked in event rows.	Independent cell receipt; not closed by query-count alone.
EUROPE	Europe	Europe	C	contracts / FA / player movement	SEARCHED_NEEDS_MORE	European baseball club competition contracts / FA / player movement promotion relegation history || Europe contracts / FA / player movement official archive history 1990-2026 source-families=WBSC Europe reports/regulations;member federation pages || second-pass Europe contracts / FA / player movement failure reversal negative result	WBSC Europe reports/regulations;member federation pages	1990-2026	-	Searches found covered mechanisms, source-thin references, or details not safe to generalize.	No high-confidence distinct event retained.	Not closed: keep open for a targeted later pass; retained evidence is a bounded seed.	Coverage depth remains incomplete; this is not a completion claim.	Primary/official checked where available; secondary context is marked in event rows.	Independent cell receipt; not closed by query-count alone.
EUROPE	Europe	Europe	D	organization / roster / competitive balance	SEARCHED_NEEDS_MORE	European baseball club competition organization / roster / competitive balance promotion relegation history || Europe organization / roster / competitive balance official archive history 1990-2026 source-families=WBSC Europe reports/regulations;member federation pages || second-pass Europe organization / roster / competitive balance failure reversal negative result	WBSC Europe reports/regulations;member federation pages	1990-2026	PNN-033;PNW2-037	Searches found covered mechanisms, source-thin references, or details not safe to generalize.	Second pass retained PNN-033,PNW2-037 but did not establish saturation.	Not closed: keep open for a targeted later pass; retained evidence is a bounded seed.	Coverage depth remains incomplete; this is not a completion claim.	Primary/official checked where available; secondary context is marked in event rows.	Independent cell receipt; not closed by query-count alone.
EUROPE	Europe	Europe	E	player development	SEARCHED_NEEDS_MORE	European baseball club competition player development promotion relegation history || Europe player development official archive history 1990-2026 source-families=WBSC Europe reports/regulations;member federation pages || second-pass Europe player development failure reversal negative result	WBSC Europe reports/regulations;member federation pages	1990-2026	-	Searches found covered mechanisms, source-thin references, or details not safe to generalize.	No high-confidence distinct event retained.	Not closed: keep open for a targeted later pass; retained evidence is a bounded seed.	Coverage depth remains incomplete; this is not a completion claim.	Primary/official checked where available; secondary context is marked in event rows.	Independent cell receipt; not closed by query-count alone.
EUROPE	Europe	Europe	F	scouting / analytics / AI / technology	SEARCHED_NEEDS_MORE	European baseball club competition scouting / analytics / AI / technology promotion relegation history || Europe scouting / analytics / AI / technology official archive history 1990-2026 source-families=WBSC Europe reports/regulations;member federation pages || second-pass Europe scouting / analytics / AI / technology failure reversal negative result	WBSC Europe reports/regulations;member federation pages	1990-2026	-	Searches found covered mechanisms, source-thin references, or details not safe to generalize.	No high-confidence distinct event retained.	Not closed: keep open for a targeted later pass; retained evidence is a bounded seed.	Coverage depth remains incomplete; this is not a completion claim.	Primary/official checked where available; secondary context is marked in event rows.	Independent cell receipt; not closed by query-count alone.
EUROPE	Europe	Europe	G	staff / culture / organizational knowledge	SEARCHED_NEEDS_MORE	European baseball club competition staff / culture / organizational knowledge promotion relegation history || Europe staff / culture / organizational knowledge official archive history 1990-2026 source-families=WBSC Europe reports/regulations;member federation pages || second-pass Europe staff / culture / organizational knowledge failure reversal negative result	WBSC Europe reports/regulations;member federation pages	1990-2026	-	Searches found covered mechanisms, source-thin references, or details not safe to generalize.	No high-confidence distinct event retained.	Not closed: keep open for a targeted later pass; retained evidence is a bounded seed.	Coverage depth remains incomplete; this is not a completion claim.	Primary/official checked where available; secondary context is marked in event rows.	Independent cell receipt; not closed by query-count alone.
EUROPE	Europe	Europe	H	opponent research / adaptation	SEARCHED_NEEDS_MORE	European baseball club competition opponent research / adaptation promotion relegation history || Europe opponent research / adaptation official archive history 1990-2026 source-families=WBSC Europe reports/regulations;member federation pages || second-pass Europe opponent research / adaptation failure reversal negative result	WBSC Europe reports/regulations;member federation pages	1990-2026	-	Searches found covered mechanisms, source-thin references, or details not safe to generalize.	No high-confidence distinct event retained.	Not closed: keep open for a targeted later pass; retained evidence is a bounded seed.	Coverage depth remains incomplete; this is not a completion claim.	Primary/official checked where available; secondary context is marked in event rows.	Independent cell receipt; not closed by query-count alone.
EUROPE	Europe	Europe	I	player identity / psychology / agency	SEARCHED_NEEDS_MORE	European baseball club competition player identity / psychology / agency promotion relegation history || Europe player identity / psychology / agency official archive history 1990-2026 source-families=WBSC Europe reports/regulations;member federation pages || second-pass Europe player identity / psychology / agency failure reversal negative result	WBSC Europe reports/regulations;member federation pages	1990-2026	-	Searches found covered mechanisms, source-thin references, or details not safe to generalize.	No high-confidence distinct event retained.	Not closed: keep open for a targeted later pass; retained evidence is a bounded seed.	Coverage depth remains incomplete; this is not a completion claim.	Primary/official checked where available; secondary context is marked in event rows.	Independent cell receipt; not closed by query-count alone.
EUROPE	Europe	Europe	J	injury / fatigue / health	SEARCHED_NEEDS_MORE	European baseball club competition injury / fatigue / health promotion relegation history || Europe injury / fatigue / health official archive history 1990-2026 source-families=WBSC Europe reports/regulations;member federation pages || second-pass Europe injury / fatigue / health failure reversal negative result	WBSC Europe reports/regulations;member federation pages	1990-2026	-	Searches found covered mechanisms, source-thin references, or details not safe to generalize.	No high-confidence distinct event retained.	Not closed: keep open for a targeted later pass; retained evidence is a bounded seed.	Coverage depth remains incomplete; this is not a completion claim.	Primary/official checked where available; secondary context is marked in event rows.	Independent cell receipt; not closed by query-count alone.
EUROPE	Europe	Europe	K	business / fans / media / stadiums	SEARCHED_NEEDS_MORE	European baseball club competition business / fans / media / stadiums promotion relegation history || Europe business / fans / media / stadiums official archive history 1990-2026 source-families=WBSC Europe reports/regulations;member federation pages || second-pass Europe business / fans / media / stadiums failure reversal negative result	WBSC Europe reports/regulations;member federation pages	1990-2026	-	Searches found covered mechanisms, source-thin references, or details not safe to generalize.	No high-confidence distinct event retained.	Not closed: keep open for a targeted later pass; retained evidence is a bounded seed.	Coverage depth remains incomplete; this is not a completion claim.	Primary/official checked where available; secondary context is marked in event rows.	Independent cell receipt; not closed by query-count alone.
EUROPE	Europe	Europe	L	governance / labor / player associations	SEARCHED_NEEDS_MORE	European baseball club competition governance / labor / player associations promotion relegation history || Europe governance / labor / player associations official archive history 1990-2026 source-families=WBSC Europe reports/regulations;member federation pages || second-pass Europe governance / labor / player associations failure reversal negative result	WBSC Europe reports/regulations;member federation pages	1990-2026	-	Searches found covered mechanisms, source-thin references, or details not safe to generalize.	No high-confidence distinct event retained.	Not closed: keep open for a targeted later pass; retained evidence is a bounded seed.	Coverage depth remains incomplete; this is not a completion claim.	Primary/official checked where available; secondary context is marked in event rows.	Independent cell receipt; not closed by query-count alone.
EUROPE	Europe	Europe	M	integrity / scandals / enforcement	SEARCHED_NEEDS_MORE	European baseball club competition integrity / scandals / enforcement promotion relegation history || Europe integrity / scandals / enforcement official archive history 1990-2026 source-families=WBSC Europe reports/regulations;member federation pages || second-pass Europe integrity / scandals / enforcement failure reversal negative result	WBSC Europe reports/regulations;member federation pages	1990-2026	-	Searches found covered mechanisms, source-thin references, or details not safe to generalize.	No high-confidence distinct event retained.	Not closed: keep open for a targeted later pass; retained evidence is a bounded seed.	Coverage depth remains incomplete; this is not a completion claim.	Primary/official checked where available; secondary context is marked in event rows.	Independent cell receipt; not closed by query-count alone.
EUROPE	Europe	Europe	N	global development	SEARCHED_SATURATED	European baseball club competition global development promotion relegation history || Europe global development official archive history 1990-2026 source-families=WBSC Europe reports/regulations;member federation pages || second-pass Europe global development failure reversal negative result	WBSC Europe reports/regulations;member federation pages	1990-2026	PNN-033;PNW2-037	No materially distinct mechanism beyond existing PW/open domains was retained after the second pass.	Second pass retained PNN-033,PNW2-037 as evidence.	Two formulation families plus source checking reached bounded saturation; later archival discoveries remain admissible.		Primary/official checked where available; secondary context is marked in event rows.	Independent cell receipt; not closed by query-count alone.
EUROPE	Europe	Europe	O	country-specific systems	SEARCHED_NEEDS_MORE	European baseball club competition country-specific systems promotion relegation history || Europe country-specific systems official archive history 1990-2026 source-families=WBSC Europe reports/regulations;member federation pages || second-pass Europe country-specific systems failure reversal negative result	WBSC Europe reports/regulations;member federation pages	1990-2026	-	Searches found covered mechanisms, source-thin references, or details not safe to generalize.	No high-confidence distinct event retained.	Not closed: keep open for a targeted later pass; retained evidence is a bounded seed.	Coverage depth remains incomplete; this is not a completion claim.	Primary/official checked where available; secondary context is marked in event rows.	Independent cell receipt; not closed by query-count alone.
EUROPE	Europe	Europe	P	tournaments / all-star	SEARCHED_NEEDS_MORE	European baseball club competition tournaments / all-star promotion relegation history || Europe tournaments / all-star official archive history 1990-2026 source-families=WBSC Europe reports/regulations;member federation pages || second-pass Europe tournaments / all-star failure reversal negative result	WBSC Europe reports/regulations;member federation pages	1990-2026	PNW2-037	Searches found covered mechanisms, source-thin references, or details not safe to generalize.	Second pass retained PNW2-037 but did not establish saturation.	Not closed: keep open for a targeted later pass; retained evidence is a bounded seed.	Coverage depth remains incomplete; this is not a completion claim.	Primary/official checked where available; secondary context is marked in event rows.	Independent cell receipt; not closed by query-count alone.
EUROPE	Europe	Europe	Q	rare structural events	SEARCHED_SATURATED	European baseball club competition rare structural events promotion relegation history || Europe rare structural events official archive history 1990-2026 source-families=WBSC Europe reports/regulations;member federation pages || second-pass Europe rare structural events failure reversal negative result	WBSC Europe reports/regulations;member federation pages	1990-2026	PNN-033;PNW2-037	No materially distinct mechanism beyond existing PW/open domains was retained after the second pass.	Second pass retained PNN-033,PNW2-037 as evidence.	Two formulation families plus source checking reached bounded saturation; later archival discoveries remain admissible.		Primary/official checked where available; secondary context is marked in event rows.	Independent cell receipt; not closed by query-count alone.
AFRICA	Africa	Africa	A	rules / on-field environment	SEARCHED_NEEDS_MORE	Africa baseball federation development rules / on-field environment history || Africa rules / on-field environment official archive history 1990-2026 source-families=WBSC Africa reports;member federation/tournament pages || second-pass Africa rules / on-field environment failure reversal negative result	WBSC Africa reports;member federation/tournament pages	1990-2026	PNW2-038	Searches found covered mechanisms, source-thin references, or details not safe to generalize.	Second pass retained PNW2-038 but did not establish saturation.	Not closed: keep open for a targeted later pass; retained evidence is a bounded seed.	Coverage depth remains incomplete; this is not a completion claim.	Primary/official checked where available; secondary context is marked in event rows.	Independent cell receipt; not closed by query-count alone.
AFRICA	Africa	Africa	B	draft / amateur acquisition	SEARCHED_NEEDS_MORE	Africa baseball federation development draft / amateur acquisition history || Africa draft / amateur acquisition official archive history 1990-2026 source-families=WBSC Africa reports;member federation/tournament pages || second-pass Africa draft / amateur acquisition failure reversal negative result	WBSC Africa reports;member federation/tournament pages	1990-2026	-	Searches found covered mechanisms, source-thin references, or details not safe to generalize.	No high-confidence distinct event retained.	Not closed: keep open for a targeted later pass; retained evidence is a bounded seed.	Coverage depth remains incomplete; this is not a completion claim.	Primary/official checked where available; secondary context is marked in event rows.	Independent cell receipt; not closed by query-count alone.
AFRICA	Africa	Africa	C	contracts / FA / player movement	BLOCKED	Africa baseball federation development contracts / FA / player movement history || Africa contracts / FA / player movement official archive history 1990-2026 source-families=WBSC Africa reports;member federation/tournament pages || second-pass Africa contracts / FA / player movement failure reversal negative result	WBSC Africa reports;member federation/tournament pages	1990-2026	-	Primary source depth was not sufficient to close this cell without importing unverified legal, medical, or club-level claims.	Second pass found contextual references but no authoritative event that safely closes the cell.	BLOCKED pending source-authority escalation or language-specific archival work.	Source quality/depth blocker; do not infer missing mechanisms.	Primary/official checked where available; secondary context is marked in event rows.	Independent cell receipt; not closed by query-count alone.
AFRICA	Africa	Africa	D	organization / roster / competitive balance	SEARCHED_NEEDS_MORE	Africa baseball federation development organization / roster / competitive balance history || Africa organization / roster / competitive balance official archive history 1990-2026 source-families=WBSC Africa reports;member federation/tournament pages || second-pass Africa organization / roster / competitive balance failure reversal negative result	WBSC Africa reports;member federation/tournament pages	1990-2026	-	Searches found covered mechanisms, source-thin references, or details not safe to generalize.	No high-confidence distinct event retained.	Not closed: keep open for a targeted later pass; retained evidence is a bounded seed.	Coverage depth remains incomplete; this is not a completion claim.	Primary/official checked where available; secondary context is marked in event rows.	Independent cell receipt; not closed by query-count alone.
AFRICA	Africa	Africa	E	player development	SEARCHED_NEEDS_MORE	Africa baseball federation development player development history || Africa player development official archive history 1990-2026 source-families=WBSC Africa reports;member federation/tournament pages || second-pass Africa player development failure reversal negative result	WBSC Africa reports;member federation/tournament pages	1990-2026	-	Searches found covered mechanisms, source-thin references, or details not safe to generalize.	No high-confidence distinct event retained.	Not closed: keep open for a targeted later pass; retained evidence is a bounded seed.	Coverage depth remains incomplete; this is not a completion claim.	Primary/official checked where available; secondary context is marked in event rows.	Independent cell receipt; not closed by query-count alone.
AFRICA	Africa	Africa	F	scouting / analytics / AI / technology	SEARCHED_NEEDS_MORE	Africa baseball federation development scouting / analytics / AI / technology history || Africa scouting / analytics / AI / technology official archive history 1990-2026 source-families=WBSC Africa reports;member federation/tournament pages || second-pass Africa scouting / analytics / AI / technology failure reversal negative result	WBSC Africa reports;member federation/tournament pages	1990-2026	-	Searches found covered mechanisms, source-thin references, or details not safe to generalize.	No high-confidence distinct event retained.	Not closed: keep open for a targeted later pass; retained evidence is a bounded seed.	Coverage depth remains incomplete; this is not a completion claim.	Primary/official checked where available; secondary context is marked in event rows.	Independent cell receipt; not closed by query-count alone.
AFRICA	Africa	Africa	G	staff / culture / organizational knowledge	SEARCHED_NEEDS_MORE	Africa baseball federation development staff / culture / organizational knowledge history || Africa staff / culture / organizational knowledge official archive history 1990-2026 source-families=WBSC Africa reports;member federation/tournament pages || second-pass Africa staff / culture / organizational knowledge failure reversal negative result	WBSC Africa reports;member federation/tournament pages	1990-2026	PNW2-038	Searches found covered mechanisms, source-thin references, or details not safe to generalize.	Second pass retained PNW2-038 but did not establish saturation.	Not closed: keep open for a targeted later pass; retained evidence is a bounded seed.	Coverage depth remains incomplete; this is not a completion claim.	Primary/official checked where available; secondary context is marked in event rows.	Independent cell receipt; not closed by query-count alone.
AFRICA	Africa	Africa	H	opponent research / adaptation	SEARCHED_NEEDS_MORE	Africa baseball federation development opponent research / adaptation history || Africa opponent research / adaptation official archive history 1990-2026 source-families=WBSC Africa reports;member federation/tournament pages || second-pass Africa opponent research / adaptation failure reversal negative result	WBSC Africa reports;member federation/tournament pages	1990-2026	-	Searches found covered mechanisms, source-thin references, or details not safe to generalize.	No high-confidence distinct event retained.	Not closed: keep open for a targeted later pass; retained evidence is a bounded seed.	Coverage depth remains incomplete; this is not a completion claim.	Primary/official checked where available; secondary context is marked in event rows.	Independent cell receipt; not closed by query-count alone.
AFRICA	Africa	Africa	I	player identity / psychology / agency	SEARCHED_NEEDS_MORE	Africa baseball federation development player identity / psychology / agency history || Africa player identity / psychology / agency official archive history 1990-2026 source-families=WBSC Africa reports;member federation/tournament pages || second-pass Africa player identity / psychology / agency failure reversal negative result	WBSC Africa reports;member federation/tournament pages	1990-2026	-	Searches found covered mechanisms, source-thin references, or details not safe to generalize.	No high-confidence distinct event retained.	Not closed: keep open for a targeted later pass; retained evidence is a bounded seed.	Coverage depth remains incomplete; this is not a completion claim.	Primary/official checked where available; secondary context is marked in event rows.	Independent cell receipt; not closed by query-count alone.
AFRICA	Africa	Africa	J	injury / fatigue / health	BLOCKED	Africa baseball federation development injury / fatigue / health history || Africa injury / fatigue / health official archive history 1990-2026 source-families=WBSC Africa reports;member federation/tournament pages || second-pass Africa injury / fatigue / health failure reversal negative result	WBSC Africa reports;member federation/tournament pages	1990-2026	-	Primary source depth was not sufficient to close this cell without importing unverified legal, medical, or club-level claims.	Second pass found contextual references but no authoritative event that safely closes the cell.	BLOCKED pending source-authority escalation or language-specific archival work.	Source quality/depth blocker; do not infer missing mechanisms.	Primary/official checked where available; secondary context is marked in event rows.	Independent cell receipt; not closed by query-count alone.
AFRICA	Africa	Africa	K	business / fans / media / stadiums	SEARCHED_NEEDS_MORE	Africa baseball federation development business / fans / media / stadiums history || Africa business / fans / media / stadiums official archive history 1990-2026 source-families=WBSC Africa reports;member federation/tournament pages || second-pass Africa business / fans / media / stadiums failure reversal negative result	WBSC Africa reports;member federation/tournament pages	1990-2026	-	Searches found covered mechanisms, source-thin references, or details not safe to generalize.	No high-confidence distinct event retained.	Not closed: keep open for a targeted later pass; retained evidence is a bounded seed.	Coverage depth remains incomplete; this is not a completion claim.	Primary/official checked where available; secondary context is marked in event rows.	Independent cell receipt; not closed by query-count alone.
AFRICA	Africa	Africa	L	governance / labor / player associations	SEARCHED_NEEDS_MORE	Africa baseball federation development governance / labor / player associations history || Africa governance / labor / player associations official archive history 1990-2026 source-families=WBSC Africa reports;member federation/tournament pages || second-pass Africa governance / labor / player associations failure reversal negative result	WBSC Africa reports;member federation/tournament pages	1990-2026	PNW2-038	Searches found covered mechanisms, source-thin references, or details not safe to generalize.	Second pass retained PNW2-038 but did not establish saturation.	Not closed: keep open for a targeted later pass; retained evidence is a bounded seed.	Coverage depth remains incomplete; this is not a completion claim.	Primary/official checked where available; secondary context is marked in event rows.	Independent cell receipt; not closed by query-count alone.
AFRICA	Africa	Africa	M	integrity / scandals / enforcement	BLOCKED	Africa baseball federation development integrity / scandals / enforcement history || Africa integrity / scandals / enforcement official archive history 1990-2026 source-families=WBSC Africa reports;member federation/tournament pages || second-pass Africa integrity / scandals / enforcement failure reversal negative result	WBSC Africa reports;member federation/tournament pages	1990-2026	-	Primary source depth was not sufficient to close this cell without importing unverified legal, medical, or club-level claims.	Second pass found contextual references but no authoritative event that safely closes the cell.	BLOCKED pending source-authority escalation or language-specific archival work.	Source quality/depth blocker; do not infer missing mechanisms.	Primary/official checked where available; secondary context is marked in event rows.	Independent cell receipt; not closed by query-count alone.
AFRICA	Africa	Africa	N	global development	SEARCHED_SATURATED	Africa baseball federation development global development history || Africa global development official archive history 1990-2026 source-families=WBSC Africa reports;member federation/tournament pages || second-pass Africa global development failure reversal negative result	WBSC Africa reports;member federation/tournament pages	1990-2026	PNN-034;PNW2-038	No materially distinct mechanism beyond existing PW/open domains was retained after the second pass.	Second pass retained PNN-034,PNW2-038 as evidence.	Two formulation families plus source checking reached bounded saturation; later archival discoveries remain admissible.		Primary/official checked where available; secondary context is marked in event rows.	Independent cell receipt; not closed by query-count alone.
AFRICA	Africa	Africa	O	country-specific systems	SEARCHED_NEEDS_MORE	Africa baseball federation development country-specific systems history || Africa country-specific systems official archive history 1990-2026 source-families=WBSC Africa reports;member federation/tournament pages || second-pass Africa country-specific systems failure reversal negative result	WBSC Africa reports;member federation/tournament pages	1990-2026	-	Searches found covered mechanisms, source-thin references, or details not safe to generalize.	No high-confidence distinct event retained.	Not closed: keep open for a targeted later pass; retained evidence is a bounded seed.	Coverage depth remains incomplete; this is not a completion claim.	Primary/official checked where available; secondary context is marked in event rows.	Independent cell receipt; not closed by query-count alone.
AFRICA	Africa	Africa	P	tournaments / all-star	SEARCHED_NEEDS_MORE	Africa baseball federation development tournaments / all-star history || Africa tournaments / all-star official archive history 1990-2026 source-families=WBSC Africa reports;member federation/tournament pages || second-pass Africa tournaments / all-star failure reversal negative result	WBSC Africa reports;member federation/tournament pages	1990-2026	-	Searches found covered mechanisms, source-thin references, or details not safe to generalize.	No high-confidence distinct event retained.	Not closed: keep open for a targeted later pass; retained evidence is a bounded seed.	Coverage depth remains incomplete; this is not a completion claim.	Primary/official checked where available; secondary context is marked in event rows.	Independent cell receipt; not closed by query-count alone.
AFRICA	Africa	Africa	Q	rare structural events	SEARCHED_NEEDS_MORE	Africa baseball federation development rare structural events history || Africa rare structural events official archive history 1990-2026 source-families=WBSC Africa reports;member federation/tournament pages || second-pass Africa rare structural events failure reversal negative result	WBSC Africa reports;member federation/tournament pages	1990-2026	PNN-034;PNW2-038	Searches found covered mechanisms, source-thin references, or details not safe to generalize.	Second pass retained PNN-034,PNW2-038 but did not establish saturation.	Not closed: keep open for a targeted later pass; retained evidence is a bounded seed.	Coverage depth remains incomplete; this is not a completion claim.	Primary/official checked where available; secondary context is marked in event rows.	Independent cell receipt; not closed by query-count alone.
AUSTRALIA_OCEANIA	Australia / Oceania	Oceania	A	rules / on-field environment	SEARCHED_NEEDS_MORE	Australia Oceania baseball league rules / on-field environment history pathway || Australia / Oceania rules / on-field environment official archive history 1989-2026 source-families=Baseball Australia;ABL;WBSC Oceania;National Sports Tribunal || second-pass Australia / Oceania rules / on-field environment failure reversal negative result	Baseball Australia;ABL;WBSC Oceania;National Sports Tribunal	1989-2026	PNN-036;PNW2-040	Searches found covered mechanisms, source-thin references, or details not safe to generalize.	Second pass retained PNN-036,PNW2-040 but did not establish saturation.	Not closed: keep open for a targeted later pass; retained evidence is a bounded seed.	Coverage depth remains incomplete; this is not a completion claim.	Primary/official checked where available; secondary context is marked in event rows.	Independent cell receipt; not closed by query-count alone.
AUSTRALIA_OCEANIA	Australia / Oceania	Oceania	B	draft / amateur acquisition	SEARCHED_NEEDS_MORE	Australia Oceania baseball league draft / amateur acquisition history pathway || Australia / Oceania draft / amateur acquisition official archive history 1989-2026 source-families=Baseball Australia;ABL;WBSC Oceania;National Sports Tribunal || second-pass Australia / Oceania draft / amateur acquisition failure reversal negative result	Baseball Australia;ABL;WBSC Oceania;National Sports Tribunal	1989-2026	PNN-008	Searches found covered mechanisms, source-thin references, or details not safe to generalize.	Second pass retained PNN-008 but did not establish saturation.	Not closed: keep open for a targeted later pass; retained evidence is a bounded seed.	Coverage depth remains incomplete; this is not a completion claim.	Primary/official checked where available; secondary context is marked in event rows.	Independent cell receipt; not closed by query-count alone.
AUSTRALIA_OCEANIA	Australia / Oceania	Oceania	C	contracts / FA / player movement	SEARCHED_NEEDS_MORE	Australia Oceania baseball league contracts / FA / player movement history pathway || Australia / Oceania contracts / FA / player movement official archive history 1989-2026 source-families=Baseball Australia;ABL;WBSC Oceania;National Sports Tribunal || second-pass Australia / Oceania contracts / FA / player movement failure reversal negative result	Baseball Australia;ABL;WBSC Oceania;National Sports Tribunal	1989-2026	PNN-008	Searches found covered mechanisms, source-thin references, or details not safe to generalize.	Second pass retained PNN-008 but did not establish saturation.	Not closed: keep open for a targeted later pass; retained evidence is a bounded seed.	Coverage depth remains incomplete; this is not a completion claim.	Primary/official checked where available; secondary context is marked in event rows.	Independent cell receipt; not closed by query-count alone.
AUSTRALIA_OCEANIA	Australia / Oceania	Oceania	D	organization / roster / competitive balance	SEARCHED_SATURATED	Australia Oceania baseball league organization / roster / competitive balance history pathway || Australia / Oceania organization / roster / competitive balance official archive history 1989-2026 source-families=Baseball Australia;ABL;WBSC Oceania;National Sports Tribunal || second-pass Australia / Oceania organization / roster / competitive balance failure reversal negative result	Baseball Australia;ABL;WBSC Oceania;National Sports Tribunal	1989-2026	PNW2-039;PNW2-041	No materially distinct mechanism beyond existing PW/open domains was retained after the second pass.	Second pass retained PNW2-039,PNW2-041 as evidence.	Two formulation families plus source checking reached bounded saturation; later archival discoveries remain admissible.		Primary/official checked where available; secondary context is marked in event rows.	Independent cell receipt; not closed by query-count alone.
AUSTRALIA_OCEANIA	Australia / Oceania	Oceania	E	player development	SEARCHED_SATURATED	Australia Oceania baseball league player development history pathway || Australia / Oceania player development official archive history 1989-2026 source-families=Baseball Australia;ABL;WBSC Oceania;National Sports Tribunal || second-pass Australia / Oceania player development failure reversal negative result	Baseball Australia;ABL;WBSC Oceania;National Sports Tribunal	1989-2026	PNN-008;PNN-035;PNW2-039	No materially distinct mechanism beyond existing PW/open domains was retained after the second pass.	Second pass retained PNN-008,PNN-035,PNW2-039 as evidence.	Two formulation families plus source checking reached bounded saturation; later archival discoveries remain admissible.		Primary/official checked where available; secondary context is marked in event rows.	Independent cell receipt; not closed by query-count alone.
AUSTRALIA_OCEANIA	Australia / Oceania	Oceania	F	scouting / analytics / AI / technology	SEARCHED_NEEDS_MORE	Australia Oceania baseball league scouting / analytics / AI / technology history pathway || Australia / Oceania scouting / analytics / AI / technology official archive history 1989-2026 source-families=Baseball Australia;ABL;WBSC Oceania;National Sports Tribunal || second-pass Australia / Oceania scouting / analytics / AI / technology failure reversal negative result	Baseball Australia;ABL;WBSC Oceania;National Sports Tribunal	1989-2026	PNN-035	Searches found covered mechanisms, source-thin references, or details not safe to generalize.	Second pass retained PNN-035 but did not establish saturation.	Not closed: keep open for a targeted later pass; retained evidence is a bounded seed.	Coverage depth remains incomplete; this is not a completion claim.	Primary/official checked where available; secondary context is marked in event rows.	Independent cell receipt; not closed by query-count alone.
AUSTRALIA_OCEANIA	Australia / Oceania	Oceania	G	staff / culture / organizational knowledge	SEARCHED_NEEDS_MORE	Australia Oceania baseball league staff / culture / organizational knowledge history pathway || Australia / Oceania staff / culture / organizational knowledge official archive history 1989-2026 source-families=Baseball Australia;ABL;WBSC Oceania;National Sports Tribunal || second-pass Australia / Oceania staff / culture / organizational knowledge failure reversal negative result	Baseball Australia;ABL;WBSC Oceania;National Sports Tribunal	1989-2026	PNN-035	Searches found covered mechanisms, source-thin references, or details not safe to generalize.	Second pass retained PNN-035 but did not establish saturation.	Not closed: keep open for a targeted later pass; retained evidence is a bounded seed.	Coverage depth remains incomplete; this is not a completion claim.	Primary/official checked where available; secondary context is marked in event rows.	Independent cell receipt; not closed by query-count alone.
AUSTRALIA_OCEANIA	Australia / Oceania	Oceania	H	opponent research / adaptation	SEARCHED_NEEDS_MORE	Australia Oceania baseball league opponent research / adaptation history pathway || Australia / Oceania opponent research / adaptation official archive history 1989-2026 source-families=Baseball Australia;ABL;WBSC Oceania;National Sports Tribunal || second-pass Australia / Oceania opponent research / adaptation failure reversal negative result	Baseball Australia;ABL;WBSC Oceania;National Sports Tribunal	1989-2026	-	Searches found covered mechanisms, source-thin references, or details not safe to generalize.	No high-confidence distinct event retained.	Not closed: keep open for a targeted later pass; retained evidence is a bounded seed.	Coverage depth remains incomplete; this is not a completion claim.	Primary/official checked where available; secondary context is marked in event rows.	Independent cell receipt; not closed by query-count alone.
AUSTRALIA_OCEANIA	Australia / Oceania	Oceania	I	player identity / psychology / agency	SEARCHED_NEEDS_MORE	Australia Oceania baseball league player identity / psychology / agency history pathway || Australia / Oceania player identity / psychology / agency official archive history 1989-2026 source-families=Baseball Australia;ABL;WBSC Oceania;National Sports Tribunal || second-pass Australia / Oceania player identity / psychology / agency failure reversal negative result	Baseball Australia;ABL;WBSC Oceania;National Sports Tribunal	1989-2026	PNN-008	Searches found covered mechanisms, source-thin references, or details not safe to generalize.	Second pass retained PNN-008 but did not establish saturation.	Not closed: keep open for a targeted later pass; retained evidence is a bounded seed.	Coverage depth remains incomplete; this is not a completion claim.	Primary/official checked where available; secondary context is marked in event rows.	Independent cell receipt; not closed by query-count alone.
AUSTRALIA_OCEANIA	Australia / Oceania	Oceania	J	injury / fatigue / health	SEARCHED_NEEDS_MORE	Australia Oceania baseball league injury / fatigue / health history pathway || Australia / Oceania injury / fatigue / health official archive history 1989-2026 source-families=Baseball Australia;ABL;WBSC Oceania;National Sports Tribunal || second-pass Australia / Oceania injury / fatigue / health failure reversal negative result	Baseball Australia;ABL;WBSC Oceania;National Sports Tribunal	1989-2026	-	Searches found covered mechanisms, source-thin references, or details not safe to generalize.	No high-confidence distinct event retained.	Not closed: keep open for a targeted later pass; retained evidence is a bounded seed.	Coverage depth remains incomplete; this is not a completion claim.	Primary/official checked where available; secondary context is marked in event rows.	Independent cell receipt; not closed by query-count alone.
AUSTRALIA_OCEANIA	Australia / Oceania	Oceania	K	business / fans / media / stadiums	SEARCHED_SATURATED	Australia Oceania baseball league business / fans / media / stadiums history pathway || Australia / Oceania business / fans / media / stadiums official archive history 1989-2026 source-families=Baseball Australia;ABL;WBSC Oceania;National Sports Tribunal || second-pass Australia / Oceania business / fans / media / stadiums failure reversal negative result	Baseball Australia;ABL;WBSC Oceania;National Sports Tribunal	1989-2026	PNN-037;PNW2-041	No materially distinct mechanism beyond existing PW/open domains was retained after the second pass.	Second pass retained PNN-037,PNW2-041 as evidence.	Two formulation families plus source checking reached bounded saturation; later archival discoveries remain admissible.		Primary/official checked where available; secondary context is marked in event rows.	Independent cell receipt; not closed by query-count alone.
AUSTRALIA_OCEANIA	Australia / Oceania	Oceania	L	governance / labor / player associations	SEARCHED_NEEDS_MORE	Australia Oceania baseball league governance / labor / player associations history pathway || Australia / Oceania governance / labor / player associations official archive history 1989-2026 source-families=Baseball Australia;ABL;WBSC Oceania;National Sports Tribunal || second-pass Australia / Oceania governance / labor / player associations failure reversal negative result	Baseball Australia;ABL;WBSC Oceania;National Sports Tribunal	1989-2026	PNW2-040	Searches found covered mechanisms, source-thin references, or details not safe to generalize.	Second pass retained PNW2-040 but did not establish saturation.	Not closed: keep open for a targeted later pass; retained evidence is a bounded seed.	Coverage depth remains incomplete; this is not a completion claim.	Primary/official checked where available; secondary context is marked in event rows.	Independent cell receipt; not closed by query-count alone.
AUSTRALIA_OCEANIA	Australia / Oceania	Oceania	M	integrity / scandals / enforcement	SEARCHED_NEEDS_MORE	Australia Oceania baseball league integrity / scandals / enforcement history pathway || Australia / Oceania integrity / scandals / enforcement official archive history 1989-2026 source-families=Baseball Australia;ABL;WBSC Oceania;National Sports Tribunal || second-pass Australia / Oceania integrity / scandals / enforcement failure reversal negative result	Baseball Australia;ABL;WBSC Oceania;National Sports Tribunal	1989-2026	-	Searches found covered mechanisms, source-thin references, or details not safe to generalize.	No high-confidence distinct event retained.	Not closed: keep open for a targeted later pass; retained evidence is a bounded seed.	Coverage depth remains incomplete; this is not a completion claim.	Primary/official checked where available; secondary context is marked in event rows.	Independent cell receipt; not closed by query-count alone.
AUSTRALIA_OCEANIA	Australia / Oceania	Oceania	N	global development	SEARCHED_SATURATED	Australia Oceania baseball league global development history pathway || Australia / Oceania global development official archive history 1989-2026 source-families=Baseball Australia;ABL;WBSC Oceania;National Sports Tribunal || second-pass Australia / Oceania global development failure reversal negative result	Baseball Australia;ABL;WBSC Oceania;National Sports Tribunal	1989-2026	PNN-035;PNW2-039;PNW2-041	No materially distinct mechanism beyond existing PW/open domains was retained after the second pass.	Second pass retained PNN-035,PNW2-039,PNW2-041 as evidence.	Two formulation families plus source checking reached bounded saturation; later archival discoveries remain admissible.		Primary/official checked where available; secondary context is marked in event rows.	Independent cell receipt; not closed by query-count alone.
AUSTRALIA_OCEANIA	Australia / Oceania	Oceania	O	country-specific systems	SEARCHED_NEEDS_MORE	Australia Oceania baseball league country-specific systems history pathway || Australia / Oceania country-specific systems official archive history 1989-2026 source-families=Baseball Australia;ABL;WBSC Oceania;National Sports Tribunal || second-pass Australia / Oceania country-specific systems failure reversal negative result	Baseball Australia;ABL;WBSC Oceania;National Sports Tribunal	1989-2026	PNN-008	Searches found covered mechanisms, source-thin references, or details not safe to generalize.	Second pass retained PNN-008 but did not establish saturation.	Not closed: keep open for a targeted later pass; retained evidence is a bounded seed.	Coverage depth remains incomplete; this is not a completion claim.	Primary/official checked where available; secondary context is marked in event rows.	Independent cell receipt; not closed by query-count alone.
AUSTRALIA_OCEANIA	Australia / Oceania	Oceania	P	tournaments / all-star	SEARCHED_NEEDS_MORE	Australia Oceania baseball league tournaments / all-star history pathway || Australia / Oceania tournaments / all-star official archive history 1989-2026 source-families=Baseball Australia;ABL;WBSC Oceania;National Sports Tribunal || second-pass Australia / Oceania tournaments / all-star failure reversal negative result	Baseball Australia;ABL;WBSC Oceania;National Sports Tribunal	1989-2026	PNN-036;PNN-037;PNW2-040	Searches found covered mechanisms, source-thin references, or details not safe to generalize.	Second pass retained PNN-036,PNN-037,PNW2-040 but did not establish saturation.	Not closed: keep open for a targeted later pass; retained evidence is a bounded seed.	Coverage depth remains incomplete; this is not a completion claim.	Primary/official checked where available; secondary context is marked in event rows.	Independent cell receipt; not closed by query-count alone.
AUSTRALIA_OCEANIA	Australia / Oceania	Oceania	Q	rare structural events	SEARCHED_SATURATED	Australia Oceania baseball league rare structural events history pathway || Australia / Oceania rare structural events official archive history 1989-2026 source-families=Baseball Australia;ABL;WBSC Oceania;National Sports Tribunal || second-pass Australia / Oceania rare structural events failure reversal negative result	Baseball Australia;ABL;WBSC Oceania;National Sports Tribunal	1989-2026	PNN-036;PNN-037;PNW2-039;PNW2-040;PNW2-041	No materially distinct mechanism beyond existing PW/open domains was retained after the second pass.	Second pass retained PNN-036,PNN-037,PNW2-039,PNW2-040,PNW2-041 as evidence.	Two formulation families plus source checking reached bounded saturation; later archival discoveries remain admissible.		Primary/official checked where available; secondary context is marked in event rows.	Independent cell receipt; not closed by query-count alone.
INDEPENDENT_LEAGUES	Independent leagues	Global	A	rules / on-field environment	SEARCHED_NEEDS_MORE	independent baseball league player development draft route rules / on-field environment || Independent leagues rules / on-field environment official archive history 1990-2026 source-families=MLB Draft League;official independent pages;WBSC/MiLB || second-pass Independent leagues rules / on-field environment failure reversal negative result	MLB Draft League;official independent pages;WBSC/MiLB	1990-2026	-	Searches found covered mechanisms, source-thin references, or details not safe to generalize.	No high-confidence distinct event retained.	Not closed: keep open for a targeted later pass; retained evidence is a bounded seed.	Coverage depth remains incomplete; this is not a completion claim.	Primary/official checked where available; secondary context is marked in event rows.	Independent cell receipt; not closed by query-count alone.
INDEPENDENT_LEAGUES	Independent leagues	Global	B	draft / amateur acquisition	SEARCHED_SATURATED	independent baseball league player development draft route draft / amateur acquisition || Independent leagues draft / amateur acquisition official archive history 1990-2026 source-families=MLB Draft League;official independent pages;WBSC/MiLB || second-pass Independent leagues draft / amateur acquisition failure reversal negative result	MLB Draft League;official independent pages;WBSC/MiLB	1990-2026	PNW2-019;PNW2-042	No materially distinct mechanism beyond existing PW/open domains was retained after the second pass.	Second pass retained PNW2-019,PNW2-042 as evidence.	Two formulation families plus source checking reached bounded saturation; later archival discoveries remain admissible.		Primary/official checked where available; secondary context is marked in event rows.	Independent cell receipt; not closed by query-count alone.
INDEPENDENT_LEAGUES	Independent leagues	Global	C	contracts / FA / player movement	SEARCHED_NEEDS_MORE	independent baseball league player development draft route contracts / FA / player movement || Independent leagues contracts / FA / player movement official archive history 1990-2026 source-families=MLB Draft League;official independent pages;WBSC/MiLB || second-pass Independent leagues contracts / FA / player movement failure reversal negative result	MLB Draft League;official independent pages;WBSC/MiLB	1990-2026	-	Searches found covered mechanisms, source-thin references, or details not safe to generalize.	No high-confidence distinct event retained.	Not closed: keep open for a targeted later pass; retained evidence is a bounded seed.	Coverage depth remains incomplete; this is not a completion claim.	Primary/official checked where available; secondary context is marked in event rows.	Independent cell receipt; not closed by query-count alone.
INDEPENDENT_LEAGUES	Independent leagues	Global	D	organization / roster / competitive balance	SEARCHED_NEEDS_MORE	independent baseball league player development draft route organization / roster / competitive balance || Independent leagues organization / roster / competitive balance official archive history 1990-2026 source-families=MLB Draft League;official independent pages;WBSC/MiLB || second-pass Independent leagues organization / roster / competitive balance failure reversal negative result	MLB Draft League;official independent pages;WBSC/MiLB	1990-2026	PNN-005;PNW2-019;PNW2-025	Searches found covered mechanisms, source-thin references, or details not safe to generalize.	Second pass retained PNN-005,PNW2-019,PNW2-025 but did not establish saturation.	Not closed: keep open for a targeted later pass; retained evidence is a bounded seed.	Coverage depth remains incomplete; this is not a completion claim.	Primary/official checked where available; secondary context is marked in event rows.	Independent cell receipt; not closed by query-count alone.
INDEPENDENT_LEAGUES	Independent leagues	Global	E	player development	SEARCHED_SATURATED	independent baseball league player development draft route player development || Independent leagues player development official archive history 1990-2026 source-families=MLB Draft League;official independent pages;WBSC/MiLB || second-pass Independent leagues player development failure reversal negative result	MLB Draft League;official independent pages;WBSC/MiLB	1990-2026	PNN-005;PNW2-019;PNW2-025;PNW2-030;PNW2-042	No materially distinct mechanism beyond existing PW/open domains was retained after the second pass.	Second pass retained PNN-005,PNW2-019,PNW2-025,PNW2-030,PNW2-042 as evidence.	Two formulation families plus source checking reached bounded saturation; later archival discoveries remain admissible.		Primary/official checked where available; secondary context is marked in event rows.	Independent cell receipt; not closed by query-count alone.
INDEPENDENT_LEAGUES	Independent leagues	Global	F	scouting / analytics / AI / technology	SEARCHED_NEEDS_MORE	independent baseball league player development draft route scouting / analytics / AI / technology || Independent leagues scouting / analytics / AI / technology official archive history 1990-2026 source-families=MLB Draft League;official independent pages;WBSC/MiLB || second-pass Independent leagues scouting / analytics / AI / technology failure reversal negative result	MLB Draft League;official independent pages;WBSC/MiLB	1990-2026	PNW2-030	Searches found covered mechanisms, source-thin references, or details not safe to generalize.	Second pass retained PNW2-030 but did not establish saturation.	Not closed: keep open for a targeted later pass; retained evidence is a bounded seed.	Coverage depth remains incomplete; this is not a completion claim.	Primary/official checked where available; secondary context is marked in event rows.	Independent cell receipt; not closed by query-count alone.
INDEPENDENT_LEAGUES	Independent leagues	Global	G	staff / culture / organizational knowledge	SEARCHED_NEEDS_MORE	independent baseball league player development draft route staff / culture / organizational knowledge || Independent leagues staff / culture / organizational knowledge official archive history 1990-2026 source-families=MLB Draft League;official independent pages;WBSC/MiLB || second-pass Independent leagues staff / culture / organizational knowledge failure reversal negative result	MLB Draft League;official independent pages;WBSC/MiLB	1990-2026	PNW2-025;PNW2-030;PNW2-042	Searches found covered mechanisms, source-thin references, or details not safe to generalize.	Second pass retained PNW2-025,PNW2-030,PNW2-042 but did not establish saturation.	Not closed: keep open for a targeted later pass; retained evidence is a bounded seed.	Coverage depth remains incomplete; this is not a completion claim.	Primary/official checked where available; secondary context is marked in event rows.	Independent cell receipt; not closed by query-count alone.
INDEPENDENT_LEAGUES	Independent leagues	Global	H	opponent research / adaptation	SEARCHED_NEEDS_MORE	independent baseball league player development draft route opponent research / adaptation || Independent leagues opponent research / adaptation official archive history 1990-2026 source-families=MLB Draft League;official independent pages;WBSC/MiLB || second-pass Independent leagues opponent research / adaptation failure reversal negative result	MLB Draft League;official independent pages;WBSC/MiLB	1990-2026	-	Searches found covered mechanisms, source-thin references, or details not safe to generalize.	No high-confidence distinct event retained.	Not closed: keep open for a targeted later pass; retained evidence is a bounded seed.	Coverage depth remains incomplete; this is not a completion claim.	Primary/official checked where available; secondary context is marked in event rows.	Independent cell receipt; not closed by query-count alone.
INDEPENDENT_LEAGUES	Independent leagues	Global	I	player identity / psychology / agency	SEARCHED_NEEDS_MORE	independent baseball league player development draft route player identity / psychology / agency || Independent leagues player identity / psychology / agency official archive history 1990-2026 source-families=MLB Draft League;official independent pages;WBSC/MiLB || second-pass Independent leagues player identity / psychology / agency failure reversal negative result	MLB Draft League;official independent pages;WBSC/MiLB	1990-2026	-	Searches found covered mechanisms, source-thin references, or details not safe to generalize.	No high-confidence distinct event retained.	Not closed: keep open for a targeted later pass; retained evidence is a bounded seed.	Coverage depth remains incomplete; this is not a completion claim.	Primary/official checked where available; secondary context is marked in event rows.	Independent cell receipt; not closed by query-count alone.
INDEPENDENT_LEAGUES	Independent leagues	Global	J	injury / fatigue / health	SEARCHED_NEEDS_MORE	independent baseball league player development draft route injury / fatigue / health || Independent leagues injury / fatigue / health official archive history 1990-2026 source-families=MLB Draft League;official independent pages;WBSC/MiLB || second-pass Independent leagues injury / fatigue / health failure reversal negative result	MLB Draft League;official independent pages;WBSC/MiLB	1990-2026	-	Searches found covered mechanisms, source-thin references, or details not safe to generalize.	No high-confidence distinct event retained.	Not closed: keep open for a targeted later pass; retained evidence is a bounded seed.	Coverage depth remains incomplete; this is not a completion claim.	Primary/official checked where available; secondary context is marked in event rows.	Independent cell receipt; not closed by query-count alone.
INDEPENDENT_LEAGUES	Independent leagues	Global	K	business / fans / media / stadiums	SEARCHED_NEEDS_MORE	independent baseball league player development draft route business / fans / media / stadiums || Independent leagues business / fans / media / stadiums official archive history 1990-2026 source-families=MLB Draft League;official independent pages;WBSC/MiLB || second-pass Independent leagues business / fans / media / stadiums failure reversal negative result	MLB Draft League;official independent pages;WBSC/MiLB	1990-2026	-	Searches found covered mechanisms, source-thin references, or details not safe to generalize.	No high-confidence distinct event retained.	Not closed: keep open for a targeted later pass; retained evidence is a bounded seed.	Coverage depth remains incomplete; this is not a completion claim.	Primary/official checked where available; secondary context is marked in event rows.	Independent cell receipt; not closed by query-count alone.
INDEPENDENT_LEAGUES	Independent leagues	Global	L	governance / labor / player associations	SEARCHED_NEEDS_MORE	independent baseball league player development draft route governance / labor / player associations || Independent leagues governance / labor / player associations official archive history 1990-2026 source-families=MLB Draft League;official independent pages;WBSC/MiLB || second-pass Independent leagues governance / labor / player associations failure reversal negative result	MLB Draft League;official independent pages;WBSC/MiLB	1990-2026	PNN-032	Searches found covered mechanisms, source-thin references, or details not safe to generalize.	Second pass retained PNN-032 but did not establish saturation.	Not closed: keep open for a targeted later pass; retained evidence is a bounded seed.	Coverage depth remains incomplete; this is not a completion claim.	Primary/official checked where available; secondary context is marked in event rows.	Independent cell receipt; not closed by query-count alone.
INDEPENDENT_LEAGUES	Independent leagues	Global	M	integrity / scandals / enforcement	SEARCHED_NEEDS_MORE	independent baseball league player development draft route integrity / scandals / enforcement || Independent leagues integrity / scandals / enforcement official archive history 1990-2026 source-families=MLB Draft League;official independent pages;WBSC/MiLB || second-pass Independent leagues integrity / scandals / enforcement failure reversal negative result	MLB Draft League;official independent pages;WBSC/MiLB	1990-2026	PNW2-030	Searches found covered mechanisms, source-thin references, or details not safe to generalize.	Second pass retained PNW2-030 but did not establish saturation.	Not closed: keep open for a targeted later pass; retained evidence is a bounded seed.	Coverage depth remains incomplete; this is not a completion claim.	Primary/official checked where available; secondary context is marked in event rows.	Independent cell receipt; not closed by query-count alone.
INDEPENDENT_LEAGUES	Independent leagues	Global	N	global development	SEARCHED_NEEDS_MORE	independent baseball league player development draft route global development || Independent leagues global development official archive history 1990-2026 source-families=MLB Draft League;official independent pages;WBSC/MiLB || second-pass Independent leagues global development failure reversal negative result	MLB Draft League;official independent pages;WBSC/MiLB	1990-2026	PNN-005;PNN-032;PNW2-019;PNW2-030;PNW2-042	Searches found covered mechanisms, source-thin references, or details not safe to generalize.	Second pass retained PNN-005,PNN-032,PNW2-019,PNW2-030,PNW2-042 but did not establish saturation.	Not closed: keep open for a targeted later pass; retained evidence is a bounded seed.	Coverage depth remains incomplete; this is not a completion claim.	Primary/official checked where available; secondary context is marked in event rows.	Independent cell receipt; not closed by query-count alone.
INDEPENDENT_LEAGUES	Independent leagues	Global	O	country-specific systems	SEARCHED_NEEDS_MORE	independent baseball league player development draft route country-specific systems || Independent leagues country-specific systems official archive history 1990-2026 source-families=MLB Draft League;official independent pages;WBSC/MiLB || second-pass Independent leagues country-specific systems failure reversal negative result	MLB Draft League;official independent pages;WBSC/MiLB	1990-2026	PNN-032;PNW2-030	Searches found covered mechanisms, source-thin references, or details not safe to generalize.	Second pass retained PNN-032,PNW2-030 but did not establish saturation.	Not closed: keep open for a targeted later pass; retained evidence is a bounded seed.	Coverage depth remains incomplete; this is not a completion claim.	Primary/official checked where available; secondary context is marked in event rows.	Independent cell receipt; not closed by query-count alone.
INDEPENDENT_LEAGUES	Independent leagues	Global	P	tournaments / all-star	SEARCHED_NEEDS_MORE	independent baseball league player development draft route tournaments / all-star || Independent leagues tournaments / all-star official archive history 1990-2026 source-families=MLB Draft League;official independent pages;WBSC/MiLB || second-pass Independent leagues tournaments / all-star failure reversal negative result	MLB Draft League;official independent pages;WBSC/MiLB	1990-2026	PNN-032	Searches found covered mechanisms, source-thin references, or details not safe to generalize.	Second pass retained PNN-032 but did not establish saturation.	Not closed: keep open for a targeted later pass; retained evidence is a bounded seed.	Coverage depth remains incomplete; this is not a completion claim.	Primary/official checked where available; secondary context is marked in event rows.	Independent cell receipt; not closed by query-count alone.
INDEPENDENT_LEAGUES	Independent leagues	Global	Q	rare structural events	SEARCHED_NEEDS_MORE	independent baseball league player development draft route rare structural events || Independent leagues rare structural events official archive history 1990-2026 source-families=MLB Draft League;official independent pages;WBSC/MiLB || second-pass Independent leagues rare structural events failure reversal negative result	MLB Draft League;official independent pages;WBSC/MiLB	1990-2026	PNW2-025	Searches found covered mechanisms, source-thin references, or details not safe to generalize.	Second pass retained PNW2-025 but did not establish saturation.	Not closed: keep open for a targeted later pass; retained evidence is a bounded seed.	Coverage depth remains incomplete; this is not a completion claim.	Primary/official checked where available; secondary context is marked in event rows.	Independent cell receipt; not closed by query-count alone.
WBSC_GLOBAL	WBSC global tournaments and federations	Global	A	rules / on-field environment	SEARCHED_NEEDS_MORE	WBSC baseball international tournament federation rules / on-field environment history || WBSC global tournaments and federations rules / on-field environment official archive history 1930-2026 source-families=WBSC;MLB;official national federations/tournaments || second-pass WBSC global tournaments and federations rules / on-field environment failure reversal negative result	WBSC;MLB;official national federations/tournaments	1930-2026	PNN-036;PNW2-038	Searches found covered mechanisms, source-thin references, or details not safe to generalize.	Second pass retained PNN-036,PNW2-038 but did not establish saturation.	Not closed: keep open for a targeted later pass; retained evidence is a bounded seed.	Coverage depth remains incomplete; this is not a completion claim.	Primary/official checked where available; secondary context is marked in event rows.	Independent cell receipt; not closed by query-count alone.
WBSC_GLOBAL	WBSC global tournaments and federations	Global	B	draft / amateur acquisition	SEARCHED_NEEDS_MORE	WBSC baseball international tournament federation draft / amateur acquisition history || WBSC global tournaments and federations draft / amateur acquisition official archive history 1930-2026 source-families=WBSC;MLB;official national federations/tournaments || second-pass WBSC global tournaments and federations draft / amateur acquisition failure reversal negative result	WBSC;MLB;official national federations/tournaments	1930-2026	-	Searches found covered mechanisms, source-thin references, or details not safe to generalize.	No high-confidence distinct event retained.	Not closed: keep open for a targeted later pass; retained evidence is a bounded seed.	Coverage depth remains incomplete; this is not a completion claim.	Primary/official checked where available; secondary context is marked in event rows.	Independent cell receipt; not closed by query-count alone.
WBSC_GLOBAL	WBSC global tournaments and federations	Global	C	contracts / FA / player movement	SEARCHED_NEEDS_MORE	WBSC baseball international tournament federation contracts / FA / player movement history || WBSC global tournaments and federations contracts / FA / player movement official archive history 1930-2026 source-families=WBSC;MLB;official national federations/tournaments || second-pass WBSC global tournaments and federations contracts / FA / player movement failure reversal negative result	WBSC;MLB;official national federations/tournaments	1930-2026	-	Searches found covered mechanisms, source-thin references, or details not safe to generalize.	No high-confidence distinct event retained.	Not closed: keep open for a targeted later pass; retained evidence is a bounded seed.	Coverage depth remains incomplete; this is not a completion claim.	Primary/official checked where available; secondary context is marked in event rows.	Independent cell receipt; not closed by query-count alone.
WBSC_GLOBAL	WBSC global tournaments and federations	Global	D	organization / roster / competitive balance	SEARCHED_NEEDS_MORE	WBSC baseball international tournament federation organization / roster / competitive balance history || WBSC global tournaments and federations organization / roster / competitive balance official archive history 1930-2026 source-families=WBSC;MLB;official national federations/tournaments || second-pass WBSC global tournaments and federations organization / roster / competitive balance failure reversal negative result	WBSC;MLB;official national federations/tournaments	1930-2026	PNN-033;PNN-039;PNN-040;PNN-041;PNW2-037	Searches found covered mechanisms, source-thin references, or details not safe to generalize.	Second pass retained PNN-033,PNN-039,PNN-040,PNN-041,PNW2-037 but did not establish saturation.	Not closed: keep open for a targeted later pass; retained evidence is a bounded seed.	Coverage depth remains incomplete; this is not a completion claim.	Primary/official checked where available; secondary context is marked in event rows.	Independent cell receipt; not closed by query-count alone.
WBSC_GLOBAL	WBSC global tournaments and federations	Global	E	player development	SEARCHED_NEEDS_MORE	WBSC baseball international tournament federation player development history || WBSC global tournaments and federations player development official archive history 1930-2026 source-families=WBSC;MLB;official national federations/tournaments || second-pass WBSC global tournaments and federations player development failure reversal negative result	WBSC;MLB;official national federations/tournaments	1930-2026	PNN-035	Searches found covered mechanisms, source-thin references, or details not safe to generalize.	Second pass retained PNN-035 but did not establish saturation.	Not closed: keep open for a targeted later pass; retained evidence is a bounded seed.	Coverage depth remains incomplete; this is not a completion claim.	Primary/official checked where available; secondary context is marked in event rows.	Independent cell receipt; not closed by query-count alone.
WBSC_GLOBAL	WBSC global tournaments and federations	Global	F	scouting / analytics / AI / technology	SEARCHED_NEEDS_MORE	WBSC baseball international tournament federation scouting / analytics / AI / technology history || WBSC global tournaments and federations scouting / analytics / AI / technology official archive history 1930-2026 source-families=WBSC;MLB;official national federations/tournaments || second-pass WBSC global tournaments and federations scouting / analytics / AI / technology failure reversal negative result	WBSC;MLB;official national federations/tournaments	1930-2026	PNN-035	Searches found covered mechanisms, source-thin references, or details not safe to generalize.	Second pass retained PNN-035 but did not establish saturation.	Not closed: keep open for a targeted later pass; retained evidence is a bounded seed.	Coverage depth remains incomplete; this is not a completion claim.	Primary/official checked where available; secondary context is marked in event rows.	Independent cell receipt; not closed by query-count alone.
WBSC_GLOBAL	WBSC global tournaments and federations	Global	G	staff / culture / organizational knowledge	SEARCHED_NEEDS_MORE	WBSC baseball international tournament federation staff / culture / organizational knowledge history || WBSC global tournaments and federations staff / culture / organizational knowledge official archive history 1930-2026 source-families=WBSC;MLB;official national federations/tournaments || second-pass WBSC global tournaments and federations staff / culture / organizational knowledge failure reversal negative result	WBSC;MLB;official national federations/tournaments	1930-2026	PNN-035;PNW2-038	Searches found covered mechanisms, source-thin references, or details not safe to generalize.	Second pass retained PNN-035,PNW2-038 but did not establish saturation.	Not closed: keep open for a targeted later pass; retained evidence is a bounded seed.	Coverage depth remains incomplete; this is not a completion claim.	Primary/official checked where available; secondary context is marked in event rows.	Independent cell receipt; not closed by query-count alone.
WBSC_GLOBAL	WBSC global tournaments and federations	Global	H	opponent research / adaptation	SEARCHED_NEEDS_MORE	WBSC baseball international tournament federation opponent research / adaptation history || WBSC global tournaments and federations opponent research / adaptation official archive history 1930-2026 source-families=WBSC;MLB;official national federations/tournaments || second-pass WBSC global tournaments and federations opponent research / adaptation failure reversal negative result	WBSC;MLB;official national federations/tournaments	1930-2026	-	Searches found covered mechanisms, source-thin references, or details not safe to generalize.	No high-confidence distinct event retained.	Not closed: keep open for a targeted later pass; retained evidence is a bounded seed.	Coverage depth remains incomplete; this is not a completion claim.	Primary/official checked where available; secondary context is marked in event rows.	Independent cell receipt; not closed by query-count alone.
WBSC_GLOBAL	WBSC global tournaments and federations	Global	I	player identity / psychology / agency	SEARCHED_NEEDS_MORE	WBSC baseball international tournament federation player identity / psychology / agency history || WBSC global tournaments and federations player identity / psychology / agency official archive history 1930-2026 source-families=WBSC;MLB;official national federations/tournaments || second-pass WBSC global tournaments and federations player identity / psychology / agency failure reversal negative result	WBSC;MLB;official national federations/tournaments	1930-2026	-	Searches found covered mechanisms, source-thin references, or details not safe to generalize.	No high-confidence distinct event retained.	Not closed: keep open for a targeted later pass; retained evidence is a bounded seed.	Coverage depth remains incomplete; this is not a completion claim.	Primary/official checked where available; secondary context is marked in event rows.	Independent cell receipt; not closed by query-count alone.
WBSC_GLOBAL	WBSC global tournaments and federations	Global	J	injury / fatigue / health	SEARCHED_NEEDS_MORE	WBSC baseball international tournament federation injury / fatigue / health history || WBSC global tournaments and federations injury / fatigue / health official archive history 1930-2026 source-families=WBSC;MLB;official national federations/tournaments || second-pass WBSC global tournaments and federations injury / fatigue / health failure reversal negative result	WBSC;MLB;official national federations/tournaments	1930-2026	-	Searches found covered mechanisms, source-thin references, or details not safe to generalize.	No high-confidence distinct event retained.	Not closed: keep open for a targeted later pass; retained evidence is a bounded seed.	Coverage depth remains incomplete; this is not a completion claim.	Primary/official checked where available; secondary context is marked in event rows.	Independent cell receipt; not closed by query-count alone.
WBSC_GLOBAL	WBSC global tournaments and federations	Global	K	business / fans / media / stadiums	SEARCHED_NEEDS_MORE	WBSC baseball international tournament federation business / fans / media / stadiums history || WBSC global tournaments and federations business / fans / media / stadiums official archive history 1930-2026 source-families=WBSC;MLB;official national federations/tournaments || second-pass WBSC global tournaments and federations business / fans / media / stadiums failure reversal negative result	WBSC;MLB;official national federations/tournaments	1930-2026	PNN-038;PNN-042	Searches found covered mechanisms, source-thin references, or details not safe to generalize.	Second pass retained PNN-038,PNN-042 but did not establish saturation.	Not closed: keep open for a targeted later pass; retained evidence is a bounded seed.	Coverage depth remains incomplete; this is not a completion claim.	Primary/official checked where available; secondary context is marked in event rows.	Independent cell receipt; not closed by query-count alone.
WBSC_GLOBAL	WBSC global tournaments and federations	Global	L	governance / labor / player associations	SEARCHED_NEEDS_MORE	WBSC baseball international tournament federation governance / labor / player associations history || WBSC global tournaments and federations governance / labor / player associations official archive history 1930-2026 source-families=WBSC;MLB;official national federations/tournaments || second-pass WBSC global tournaments and federations governance / labor / player associations failure reversal negative result	WBSC;MLB;official national federations/tournaments	1930-2026	PNW2-038	Searches found covered mechanisms, source-thin references, or details not safe to generalize.	Second pass retained PNW2-038 but did not establish saturation.	Not closed: keep open for a targeted later pass; retained evidence is a bounded seed.	Coverage depth remains incomplete; this is not a completion claim.	Primary/official checked where available; secondary context is marked in event rows.	Independent cell receipt; not closed by query-count alone.
WBSC_GLOBAL	WBSC global tournaments and federations	Global	M	integrity / scandals / enforcement	SEARCHED_NEEDS_MORE	WBSC baseball international tournament federation integrity / scandals / enforcement history || WBSC global tournaments and federations integrity / scandals / enforcement official archive history 1930-2026 source-families=WBSC;MLB;official national federations/tournaments || second-pass WBSC global tournaments and federations integrity / scandals / enforcement failure reversal negative result	WBSC;MLB;official national federations/tournaments	1930-2026	-	Searches found covered mechanisms, source-thin references, or details not safe to generalize.	No high-confidence distinct event retained.	Not closed: keep open for a targeted later pass; retained evidence is a bounded seed.	Coverage depth remains incomplete; this is not a completion claim.	Primary/official checked where available; secondary context is marked in event rows.	Independent cell receipt; not closed by query-count alone.
WBSC_GLOBAL	WBSC global tournaments and federations	Global	N	global development	SEARCHED_SATURATED	WBSC baseball international tournament federation global development history || WBSC global tournaments and federations global development official archive history 1930-2026 source-families=WBSC;MLB;official national federations/tournaments || second-pass WBSC global tournaments and federations global development failure reversal negative result	WBSC;MLB;official national federations/tournaments	1930-2026	PNN-033;PNN-034;PNN-035;PNW2-036;PNW2-037;PNW2-038	No materially distinct mechanism beyond existing PW/open domains was retained after the second pass.	Second pass retained PNN-033,PNN-034,PNN-035,PNW2-036,PNW2-037,PNW2-038 as evidence.	Two formulation families plus source checking reached bounded saturation; later archival discoveries remain admissible.		Primary/official checked where available; secondary context is marked in event rows.	Independent cell receipt; not closed by query-count alone.
WBSC_GLOBAL	WBSC global tournaments and federations	Global	O	country-specific systems	SEARCHED_NEEDS_MORE	WBSC baseball international tournament federation country-specific systems history || WBSC global tournaments and federations country-specific systems official archive history 1930-2026 source-families=WBSC;MLB;official national federations/tournaments || second-pass WBSC global tournaments and federations country-specific systems failure reversal negative result	WBSC;MLB;official national federations/tournaments	1930-2026	-	Searches found covered mechanisms, source-thin references, or details not safe to generalize.	No high-confidence distinct event retained.	Not closed: keep open for a targeted later pass; retained evidence is a bounded seed.	Coverage depth remains incomplete; this is not a completion claim.	Primary/official checked where available; secondary context is marked in event rows.	Independent cell receipt; not closed by query-count alone.
WBSC_GLOBAL	WBSC global tournaments and federations	Global	P	tournaments / all-star	SEARCHED_SATURATED	WBSC baseball international tournament federation tournaments / all-star history || WBSC global tournaments and federations tournaments / all-star official archive history 1930-2026 source-families=WBSC;MLB;official national federations/tournaments || second-pass WBSC global tournaments and federations tournaments / all-star failure reversal negative result	WBSC;MLB;official national federations/tournaments	1930-2026	PNN-036;PNN-038;PNN-039;PNN-040;PNN-041;PNN-042;PNW2-036;PNW2-037	No materially distinct mechanism beyond existing PW/open domains was retained after the second pass.	Second pass retained PNN-036,PNN-038,PNN-039,PNN-040,PNN-041,PNN-042,PNW2-036,PNW2-037 as evidence.	Two formulation families plus source checking reached bounded saturation; later archival discoveries remain admissible.		Primary/official checked where available; secondary context is marked in event rows.	Independent cell receipt; not closed by query-count alone.
WBSC_GLOBAL	WBSC global tournaments and federations	Global	Q	rare structural events	SEARCHED_SATURATED	WBSC baseball international tournament federation rare structural events history || WBSC global tournaments and federations rare structural events official archive history 1930-2026 source-families=WBSC;MLB;official national federations/tournaments || second-pass WBSC global tournaments and federations rare structural events failure reversal negative result	WBSC;MLB;official national federations/tournaments	1930-2026	PNN-033;PNN-034;PNN-036;PNN-041;PNW2-036;PNW2-037;PNW2-038	No materially distinct mechanism beyond existing PW/open domains was retained after the second pass.	Second pass retained PNN-033,PNN-034,PNN-036,PNN-041,PNW2-036,PNW2-037,PNW2-038 as evidence.	Two formulation families plus source checking reached bounded saturation; later archival discoveries remain admissible.		Primary/official checked where available; secondary context is marked in event rows.	Independent cell receipt; not closed by query-count alone.
