stable_player_key,npb_name,npb_name_en,identity_state,evidence_role,mlbam_id,season,team,position,batting_side_if_running_split_present,sprint_speed_kmh,competitive_runs,bolts,raw_hp_to_1b_seconds,hp_to_1b_semantics,qualifier_name,qualifier_value,exposure_reliability_guard,source_url,source_response_sha256,source_export_row_number,missingness_policy
PROEYE:33335151,エスコバー,Alcides Escobar,MATCHED_VERIFIED_MLBAM_OR_CURATED_BRIDGE,CURRENT_OR_HISTORICAL_EXTERNAL_GAME_APPRAISAL_AND_MLB_REGULAR_SEASON_EVIDENCE,444876,2015,KC,SS,R,27.4,325,,4.4,RAW_H2F_LEADERBOARD_FIELD_NOT_STANDARDIZED_90FT,min_competitive_runs,10,Bolts are interpreted only with Competitive Runs; absent rows are not zero/slow.,https://baseballsavant.mlb.com/leaderboard/sprint_speed?year=2015&position=&team=&min=10&csv=true,515b81e16926f70b7d062e013e9ef3265ea70ab9ead33e58be3b58a549a61a33,237,MISSING_LEADERBOARD_ROW_IS_MISSING_EXPOSURE_NOT_SLOW
PROEYE:33335151,エスコバー,Alcides Escobar,MATCHED_VERIFIED_MLBAM_OR_CURATED_BRIDGE,CURRENT_OR_HISTORICAL_EXTERNAL_GAME_APPRAISAL_AND_MLB_REGULAR_SEASON_EVIDENCE,444876,2016,KC,SS,R,27.5,307,3,4.34,RAW_H2F_LEADERBOARD_FIELD_NOT_STANDARDIZED_90FT,min_competitive_runs,10,Bolts are interpreted only with Competitive Runs; absent rows are not zero/slow.,https://baseballsavant.mlb.com/leaderboard/sprint_speed?year=2016&position=&team=&min=10&csv=true,172b7304f1c1b521e13f3f3ddefe1691b1a374913a157ad3620b50ff63d4113e,231,MISSING_LEADERBOARD_ROW_IS_MISSING_EXPOSURE_NOT_SLOW
PROEYE:33335151,エスコバー,Alcides Escobar,MATCHED_VERIFIED_MLBAM_OR_CURATED_BRIDGE,CURRENT_OR_HISTORICAL_EXTERNAL_GAME_APPRAISAL_AND_MLB_REGULAR_SEASON_EVIDENCE,444876,2017,KC,SS,R,27.7,264,2,4.35,RAW_H2F_LEADERBOARD_FIELD_NOT_STANDARDIZED_90FT,min_competitive_runs,10,Bolts are interpreted only with Competitive Runs; absent rows are not zero/slow.,https://baseballsavant.mlb.com/leaderboard/sprint_speed?year=2017&position=&team=&min=10&csv=true,21400aeee8a3522a3ddf4e2535227252390d6b8cd14b93feee9fd07ef75fa813,204,MISSING_LEADERBOARD_ROW_IS_MISSING_EXPOSURE_NOT_SLOW
PROEYE:33335151,エスコバー,Alcides Escobar,MATCHED_VERIFIED_MLBAM_OR_CURATED_BRIDGE,CURRENT_OR_HISTORICAL_EXTERNAL_GAME_APPRAISAL_AND_MLB_REGULAR_SEASON_EVIDENCE,444876,2018,KC,SS,R,27.5,241,,4.33,RAW_H2F_LEADERBOARD_FIELD_NOT_STANDARDIZED_90FT,min_competitive_runs,10,Bolts are interpreted only with Competitive Runs; absent rows are not zero/slow.,https://baseballsavant.mlb.com/leaderboard/sprint_speed?year=2018&position=&team=&min=10&csv=true,80ee384c782e52853a4627d7f40582a6cb58bd669501181eb06142eab080c5c8,244,MISSING_LEADERBOARD_ROW_IS_MISSING_EXPOSURE_NOT_SLOW
PROEYE:33335151,エスコバー,Alcides Escobar,MATCHED_VERIFIED_MLBAM_OR_CURATED_BRIDGE,CURRENT_OR_HISTORICAL_EXTERNAL_GAME_APPRAISAL_AND_MLB_REGULAR_SEASON_EVIDENCE,444876,2021,WSH,SS,R,27.5,133,3,4.36,RAW_H2F_LEADERBOARD_FIELD_NOT_STANDARDIZED_90FT,min_competitive_runs,10,Bolts are interpreted only with Competitive Runs; absent rows are not zero/slow.,https://baseballsavant.mlb.com/leaderboard/sprint_speed?year=2021&position=&team=&min=10&csv=true,2baeef658a3212f03cc2fb31aae4e51f22513cf26c9d43ce91fa628838c62707,248,MISSING_LEADERBOARD_ROW_IS_MISSING_EXPOSURE_NOT_SLOW
PROEYE:33335151,エスコバー,Alcides Escobar,MATCHED_VERIFIED_MLBAM_OR_CURATED_BRIDGE,CURRENT_OR_HISTORICAL_EXTERNAL_GAME_APPRAISAL_AND_MLB_REGULAR_SEASON_EVIDENCE,444876,2022,WSH,SS,R,28.2,44,1,4.41,RAW_H2F_LEADERBOARD_FIELD_NOT_STANDARDIZED_90FT,min_competitive_runs,10,Bolts are interpreted only with Competitive Runs; absent rows are not zero/slow.,https://baseballsavant.mlb.com/leaderboard/sprint_speed?year=2022&position=&team=&min=10&csv=true,6380444dc0847108b28d1f93c9d6fbff7c3739e7938822569a744b20537c7f16,168,MISSING_LEADERBOARD_ROW_IS_MISSING_EXPOSURE_NOT_SLOW
PROEYE:53755151,パーラ,Gerardo Parra,MATCHED_VERIFIED_MLBAM_OR_CURATED_BRIDGE,CURRENT_OR_HISTORICAL_EXTERNAL_GAME_APPRAISAL_AND_MLB_REGULAR_SEASON_EVIDENCE,467827,2015,BAL,RF,L,26.6,252,,4.41,RAW_H2F_LEADERBOARD_FIELD_NOT_STANDARDIZED_90FT,min_competitive_runs,10,Bolts are interpreted only with Competitive Runs; absent rows are not zero/slow.,https://baseballsavant.mlb.com/leaderboard/sprint_speed?year=2015&position=&team=&min=10&csv=true,515b81e16926f70b7d062e013e9ef3265ea70ab9ead33e58be3b58a549a61a33,352,MISSING_LEADERBOARD_ROW_IS_MISSING_EXPOSURE_NOT_SLOW
PROEYE:53755151,パーラ,Gerardo Parra,MATCHED_VERIFIED_MLBAM_OR_CURATED_BRIDGE,CURRENT_OR_HISTORICAL_EXTERNAL_GAME_APPRAISAL_AND_MLB_REGULAR_SEASON_EVIDENCE,467827,2016,COL,LF,L,26.4,192,,4.31,RAW_H2F_LEADERBOARD_FIELD_NOT_STANDARDIZED_90FT,min_competitive_runs,10,Bolts are interpreted only with Competitive Runs; absent rows are not zero/slow.,https://baseballsavant.mlb.com/leaderboard/sprint_speed?year=2016&position=&team=&min=10&csv=true,172b7304f1c1b521e13f3f3ddefe1691b1a374913a157ad3620b50ff63d4113e,372,MISSING_LEADERBOARD_ROW_IS_MISSING_EXPOSURE_NOT_SLOW
PROEYE:53755151,パーラ,Gerardo Parra,MATCHED_VERIFIED_MLBAM_OR_CURATED_BRIDGE,CURRENT_OR_HISTORICAL_EXTERNAL_GAME_APPRAISAL_AND_MLB_REGULAR_SEASON_EVIDENCE,467827,2017,COL,LF,L,26.4,183,,4.32,RAW_H2F_LEADERBOARD_FIELD_NOT_STANDARDIZED_90FT,min_competitive_runs,10,Bolts are interpreted only with Competitive Runs; absent rows are not zero/slow.,https://baseballsavant.mlb.com/leaderboard/sprint_speed?year=2017&position=&team=&min=10&csv=true,21400aeee8a3522a3ddf4e2535227252390d6b8cd14b93feee9fd07ef75fa813,387,MISSING_LEADERBOARD_ROW_IS_MISSING_EXPOSURE_NOT_SLOW
PROEYE:53755151,パーラ,Gerardo Parra,MATCHED_VERIFIED_MLBAM_OR_CURATED_BRIDGE,CURRENT_OR_HISTORICAL_EXTERNAL_GAME_APPRAISAL_AND_MLB_REGULAR_SEASON_EVIDENCE,467827,2018,COL,LF,L,26.5,186,,4.31,RAW_H2F_LEADERBOARD_FIELD_NOT_STANDARDIZED_90FT,min_competitive_runs,10,Bolts are interpreted only with Competitive Runs; absent rows are not zero/slow.,https://baseballsavant.mlb.com/leaderboard/sprint_speed?year=2018&position=&team=&min=10&csv=true,80ee384c782e52853a4627d7f40582a6cb58bd669501181eb06142eab080c5c8,365,MISSING_LEADERBOARD_ROW_IS_MISSING_EXPOSURE_NOT_SLOW
PROEYE:53755151,パーラ,Gerardo Parra,MATCHED_VERIFIED_MLBAM_OR_CURATED_BRIDGE,CURRENT_OR_HISTORICAL_EXTERNAL_GAME_APPRAISAL_AND_MLB_REGULAR_SEASON_EVIDENCE,467827,2019,WSH,RF,L,26.4,128,,4.43,RAW_H2F_LEADERBOARD_FIELD_NOT_STANDARDIZED_90FT,min_competitive_runs,10,Bolts are interpreted only with Competitive Runs; absent rows are not zero/slow.,https://baseballsavant.mlb.com/leaderboard/sprint_speed?year=2019&position=&team=&min=10&csv=true,ac473957823a6ca43ae4a121f9689a36b875116997b21699076eba8e70a3167b,401,MISSING_LEADERBOARD_ROW_IS_MISSING_EXPOSURE_NOT_SLOW
PROEYE:53755151,パーラ,Gerardo Parra,MATCHED_VERIFIED_MLBAM_OR_CURATED_BRIDGE,CURRENT_OR_HISTORICAL_EXTERNAL_GAME_APPRAISAL_AND_MLB_REGULAR_SEASON_EVIDENCE,467827,2021,WSH,LF,,26.1,33,,,RAW_H2F_LEADERBOARD_FIELD_NOT_STANDARDIZED_90FT,min_competitive_runs,10,Bolts are interpreted only with Competitive Runs; absent rows are not zero/slow.,https://baseballsavant.mlb.com/leaderboard/sprint_speed?year=2021&position=&team=&min=10&csv=true,2baeef658a3212f03cc2fb31aae4e51f22513cf26c9d43ce91fa628838c62707,441,MISSING_LEADERBOARD_ROW_IS_MISSING_EXPOSURE_NOT_SLOW
PROEYE:83785155,ガルビス,Freddy Galvis,MATCHED_VERIFIED_MLBAM_OR_CURATED_BRIDGE,CURRENT_OR_HISTORICAL_EXTERNAL_GAME_APPRAISAL_AND_MLB_REGULAR_SEASON_EVIDENCE,520471,2015,PHI,SS,L,27.1,208,,4.31,RAW_H2F_LEADERBOARD_FIELD_NOT_STANDARDIZED_90FT,min_competitive_runs,10,Bolts are interpreted only with Competitive Runs; absent rows are not zero/slow.,https://baseballsavant.mlb.com/leaderboard/sprint_speed?year=2015&position=&team=&min=10&csv=true,515b81e16926f70b7d062e013e9ef3265ea70ab9ead33e58be3b58a549a61a33,281,MISSING_LEADERBOARD_ROW_IS_MISSING_EXPOSURE_NOT_SLOW
PROEYE:83785155,ガルビス,Freddy Galvis,MATCHED_VERIFIED_MLBAM_OR_CURATED_BRIDGE,CURRENT_OR_HISTORICAL_EXTERNAL_GAME_APPRAISAL_AND_MLB_REGULAR_SEASON_EVIDENCE,520471,2016,PHI,SS,,27.5,221,1,4.23,RAW_H2F_LEADERBOARD_FIELD_NOT_STANDARDIZED_90FT,min_competitive_runs,10,Bolts are interpreted only with Competitive Runs; absent rows are not zero/slow.,https://baseballsavant.mlb.com/leaderboard/sprint_speed?year=2016&position=&team=&min=10&csv=true,172b7304f1c1b521e13f3f3ddefe1691b1a374913a157ad3620b50ff63d4113e,226,MISSING_LEADERBOARD_ROW_IS_MISSING_EXPOSURE_NOT_SLOW
PROEYE:83785155,ガルビス,Freddy Galvis,MATCHED_VERIFIED_MLBAM_OR_CURATED_BRIDGE,CURRENT_OR_HISTORICAL_EXTERNAL_GAME_APPRAISAL_AND_MLB_REGULAR_SEASON_EVIDENCE,520471,2017,PHI,SS,,27.3,253,,4.29,RAW_H2F_LEADERBOARD_FIELD_NOT_STANDARDIZED_90FT,min_competitive_runs,10,Bolts are interpreted only with Competitive Runs; absent rows are not zero/slow.,https://baseballsavant.mlb.com/leaderboard/sprint_speed?year=2017&position=&team=&min=10&csv=true,21400aeee8a3522a3ddf4e2535227252390d6b8cd14b93feee9fd07ef75fa813,268,MISSING_LEADERBOARD_ROW_IS_MISSING_EXPOSURE_NOT_SLOW
PROEYE:83785155,ガルビス,Freddy Galvis,MATCHED_VERIFIED_MLBAM_OR_CURATED_BRIDGE,CURRENT_OR_HISTORICAL_EXTERNAL_GAME_APPRAISAL_AND_MLB_REGULAR_SEASON_EVIDENCE,520471,2018,SD,SS,,26.8,218,,4.34,RAW_H2F_LEADERBOARD_FIELD_NOT_STANDARDIZED_90FT,min_competitive_runs,10,Bolts are interpreted only with Competitive Runs; absent rows are not zero/slow.,https://baseballsavant.mlb.com/leaderboard/sprint_speed?year=2018&position=&team=&min=10&csv=true,80ee384c782e52853a4627d7f40582a6cb58bd669501181eb06142eab080c5c8,326,MISSING_LEADERBOARD_ROW_IS_MISSING_EXPOSURE_NOT_SLOW
PROEYE:83785155,ガルビス,Freddy Galvis,MATCHED_VERIFIED_MLBAM_OR_CURATED_BRIDGE,CURRENT_OR_HISTORICAL_EXTERNAL_GAME_APPRAISAL_AND_MLB_REGULAR_SEASON_EVIDENCE,520471,2019,CIN,SS,,25.9,197,,4.44,RAW_H2F_LEADERBOARD_FIELD_NOT_STANDARDIZED_90FT,min_competitive_runs,10,Bolts are interpreted only with Competitive Runs; absent rows are not zero/slow.,https://baseballsavant.mlb.com/leaderboard/sprint_speed?year=2019&position=&team=&min=10&csv=true,ac473957823a6ca43ae4a121f9689a36b875116997b21699076eba8e70a3167b,455,MISSING_LEADERBOARD_ROW_IS_MISSING_EXPOSURE_NOT_SLOW
PROEYE:83785155,ガルビス,Freddy Galvis,MATCHED_VERIFIED_MLBAM_OR_CURATED_BRIDGE,CURRENT_OR_HISTORICAL_EXTERNAL_GAME_APPRAISAL_AND_MLB_REGULAR_SEASON_EVIDENCE,520471,2020,CIN,SS,,26,57,,4.43,RAW_H2F_LEADERBOARD_FIELD_NOT_STANDARDIZED_90FT,min_competitive_runs,10,Bolts are interpreted only with Competitive Runs; absent rows are not zero/slow.,https://baseballsavant.mlb.com/leaderboard/sprint_speed?year=2020&position=&team=&min=10&csv=true,13d68b0e764f9869cfda8dd68ad5019c740bbc113f3632ffdc75da044ae3ba72,341,MISSING_LEADERBOARD_ROW_IS_MISSING_EXPOSURE_NOT_SLOW
PROEYE:83785155,ガルビス,Freddy Galvis,MATCHED_VERIFIED_MLBAM_OR_CURATED_BRIDGE,CURRENT_OR_HISTORICAL_EXTERNAL_GAME_APPRAISAL_AND_MLB_REGULAR_SEASON_EVIDENCE,520471,2021,PHI,SS,L,25.9,125,,4.52,RAW_H2F_LEADERBOARD_FIELD_NOT_STANDARDIZED_90FT,min_competitive_runs,10,Bolts are interpreted only with Competitive Runs; absent rows are not zero/slow.,https://baseballsavant.mlb.com/leaderboard/sprint_speed?year=2021&position=&team=&min=10&csv=true,2baeef658a3212f03cc2fb31aae4e51f22513cf26c9d43ce91fa628838c62707,457,MISSING_LEADERBOARD_ROW_IS_MISSING_EXPOSURE_NOT_SLOW
PROEYE:53555159,アギラー,Jesus Aguilar,MATCHED_VERIFIED_MLBAM_OR_CURATED_BRIDGE,CURRENT_OR_HISTORICAL_EXTERNAL_GAME_APPRAISAL_AND_MLB_REGULAR_SEASON_EVIDENCE,542583,2017,MIL,1B,R,24.6,89,,4.75,RAW_H2F_LEADERBOARD_FIELD_NOT_STANDARDIZED_90FT,min_competitive_runs,10,Bolts are interpreted only with Competitive Runs; absent rows are not zero/slow.,https://baseballsavant.mlb.com/leaderboard/sprint_speed?year=2017&position=&team=&min=10&csv=true,21400aeee8a3522a3ddf4e2535227252390d6b8cd14b93feee9fd07ef75fa813,521,MISSING_LEADERBOARD_ROW_IS_MISSING_EXPOSURE_NOT_SLOW
PROEYE:53555159,アギラー,Jesus Aguilar,MATCHED_VERIFIED_MLBAM_OR_CURATED_BRIDGE,CURRENT_OR_HISTORICAL_EXTERNAL_GAME_APPRAISAL_AND_MLB_REGULAR_SEASON_EVIDENCE,542583,2018,MIL,1B,R,24.6,153,,4.7,RAW_H2F_LEADERBOARD_FIELD_NOT_STANDARDIZED_90FT,min_competitive_runs,10,Bolts are interpreted only with Competitive Runs; absent rows are not zero/slow.,https://baseballsavant.mlb.com/leaderboard/sprint_speed?year=2018&position=&team=&min=10&csv=true,80ee384c782e52853a4627d7f40582a6cb58bd669501181eb06142eab080c5c8,514,MISSING_LEADERBOARD_ROW_IS_MISSING_EXPOSURE_NOT_SLOW
PROEYE:53555159,アギラー,Jesus Aguilar,MATCHED_VERIFIED_MLBAM_OR_CURATED_BRIDGE,CURRENT_OR_HISTORICAL_EXTERNAL_GAME_APPRAISAL_AND_MLB_REGULAR_SEASON_EVIDENCE,542583,2019,TB,1B,R,23.5,108,,4.97,RAW_H2F_LEADERBOARD_FIELD_NOT_STANDARDIZED_90FT,min_competitive_runs,10,Bolts are interpreted only with Competitive Runs; absent rows are not zero/slow.,https://baseballsavant.mlb.com/leaderboard/sprint_speed?year=2019&position=&team=&min=10&csv=true,ac473957823a6ca43ae4a121f9689a36b875116997b21699076eba8e70a3167b,563,MISSING_LEADERBOARD_ROW_IS_MISSING_EXPOSURE_NOT_SLOW
PROEYE:53555159,アギラー,Jesus Aguilar,MATCHED_VERIFIED_MLBAM_OR_CURATED_BRIDGE,CURRENT_OR_HISTORICAL_EXTERNAL_GAME_APPRAISAL_AND_MLB_REGULAR_SEASON_EVIDENCE,542583,2020,MIA,1B,,24.7,66,,4.93,RAW_H2F_LEADERBOARD_FIELD_NOT_STANDARDIZED_90FT,min_competitive_runs,10,Bolts are interpreted only with Competitive Runs; absent rows are not zero/slow.,https://baseballsavant.mlb.com/leaderboard/sprint_speed?year=2020&position=&team=&min=10&csv=true,13d68b0e764f9869cfda8dd68ad5019c740bbc113f3632ffdc75da044ae3ba72,429,MISSING_LEADERBOARD_ROW_IS_MISSING_EXPOSURE_NOT_SLOW
PROEYE:53555159,アギラー,Jesus Aguilar,MATCHED_VERIFIED_MLBAM_OR_CURATED_BRIDGE,CURRENT_OR_HISTORICAL_EXTERNAL_GAME_APPRAISAL_AND_MLB_REGULAR_SEASON_EVIDENCE,542583,2021,MIA,1B,R,24.4,132,,4.81,RAW_H2F_LEADERBOARD_FIELD_NOT_STANDARDIZED_90FT,min_competitive_runs,10,Bolts are interpreted only with Competitive Runs; absent rows are not zero/slow.,https://baseballsavant.mlb.com/leaderboard/sprint_speed?year=2021&position=&team=&min=10&csv=true,2baeef658a3212f03cc2fb31aae4e51f22513cf26c9d43ce91fa628838c62707,545,MISSING_LEADERBOARD_ROW_IS_MISSING_EXPOSURE_NOT_SLOW
PROEYE:53555159,アギラー,Jesus Aguilar,MATCHED_VERIFIED_MLBAM_OR_CURATED_BRIDGE,CURRENT_OR_HISTORICAL_EXTERNAL_GAME_APPRAISAL_AND_MLB_REGULAR_SEASON_EVIDENCE,542583,2022,BAL,1B,R,24,125,,5.01,RAW_H2F_LEADERBOARD_FIELD_NOT_STANDARDIZED_90FT,min_competitive_runs,10,Bolts are interpreted only with Competitive Runs; absent rows are not zero/slow.,https://baseballsavant.mlb.com/leaderboard/sprint_speed?year=2022&position=&team=&min=10&csv=true,6380444dc0847108b28d1f93c9d6fbff7c3739e7938822569a744b20537c7f16,578,MISSING_LEADERBOARD_ROW_IS_MISSING_EXPOSURE_NOT_SLOW
PROEYE:53555159,アギラー,Jesus Aguilar,MATCHED_VERIFIED_MLBAM_OR_CURATED_BRIDGE,CURRENT_OR_HISTORICAL_EXTERNAL_GAME_APPRAISAL_AND_MLB_REGULAR_SEASON_EVIDENCE,542583,2023,ATH,1B,,23,27,,,RAW_H2F_LEADERBOARD_FIELD_NOT_STANDARDIZED_90FT,min_competitive_runs,10,Bolts are interpreted only with Competitive Runs; absent rows are not zero/slow.,https://baseballsavant.mlb.com/leaderboard/sprint_speed?year=2023&position=&team=&min=10&csv=true,2327b0cae7d6fb063c501313a8e100f8a6f2a7944a01db283f780b07b3041dde,582,MISSING_LEADERBOARD_ROW_IS_MISSING_EXPOSURE_NOT_SLOW
PROEYE:33935159,ディカーソン,Alex Dickerson,MATCHED_VERIFIED_MLBAM_OR_CURATED_BRIDGE,CURRENT_OR_HISTORICAL_EXTERNAL_GAME_APPRAISAL_AND_MLB_REGULAR_SEASON_EVIDENCE,543105,2016,SD,LF,L,27.7,113,,4.3,RAW_H2F_LEADERBOARD_FIELD_NOT_STANDARDIZED_90FT,min_competitive_runs,10,Bolts are interpreted only with Competitive Runs; absent rows are not zero/slow.,https://baseballsavant.mlb.com/leaderboard/sprint_speed?year=2016&position=&team=&min=10&csv=true,172b7304f1c1b521e13f3f3ddefe1691b1a374913a157ad3620b50ff63d4113e,207,MISSING_LEADERBOARD_ROW_IS_MISSING_EXPOSURE_NOT_SLOW
PROEYE:33935159,ディカーソン,Alex Dickerson,MATCHED_VERIFIED_MLBAM_OR_CURATED_BRIDGE,CURRENT_OR_HISTORICAL_EXTERNAL_GAME_APPRAISAL_AND_MLB_REGULAR_SEASON_EVIDENCE,543105,2019,SF,LF,L,26.7,74,,4.42,RAW_H2F_LEADERBOARD_FIELD_NOT_STANDARDIZED_90FT,min_competitive_runs,10,Bolts are interpreted only with Competitive Runs; absent rows are not zero/slow.,https://baseballsavant.mlb.com/leaderboard/sprint_speed?year=2019&position=&team=&min=10&csv=true,ac473957823a6ca43ae4a121f9689a36b875116997b21699076eba8e70a3167b,346,MISSING_LEADERBOARD_ROW_IS_MISSING_EXPOSURE_NOT_SLOW
PROEYE:33935159,ディカーソン,Alex Dickerson,MATCHED_VERIFIED_MLBAM_OR_CURATED_BRIDGE,CURRENT_OR_HISTORICAL_EXTERNAL_GAME_APPRAISAL_AND_MLB_REGULAR_SEASON_EVIDENCE,543105,2020,SF,LF,,26.9,60,,4.37,RAW_H2F_LEADERBOARD_FIELD_NOT_STANDARDIZED_90FT,min_competitive_runs,10,Bolts are interpreted only with Competitive Runs; absent rows are not zero/slow.,https://baseballsavant.mlb.com/leaderboard/sprint_speed?year=2020&position=&team=&min=10&csv=true,13d68b0e764f9869cfda8dd68ad5019c740bbc113f3632ffdc75da044ae3ba72,233,MISSING_LEADERBOARD_ROW_IS_MISSING_EXPOSURE_NOT_SLOW
PROEYE:33935159,ディカーソン,Alex Dickerson,MATCHED_VERIFIED_MLBAM_OR_CURATED_BRIDGE,CURRENT_OR_HISTORICAL_EXTERNAL_GAME_APPRAISAL_AND_MLB_REGULAR_SEASON_EVIDENCE,543105,2021,SF,LF,L,26.7,85,,4.54,RAW_H2F_LEADERBOARD_FIELD_NOT_STANDARDIZED_90FT,min_competitive_runs,10,Bolts are interpreted only with Competitive Runs; absent rows are not zero/slow.,https://baseballsavant.mlb.com/leaderboard/sprint_speed?year=2021&position=&team=&min=10&csv=true,2baeef658a3212f03cc2fb31aae4e51f22513cf26c9d43ce91fa628838c62707,367,MISSING_LEADERBOARD_ROW_IS_MISSING_EXPOSURE_NOT_SLOW
PROEYE:33935159,ディカーソン,Alex Dickerson,MATCHED_VERIFIED_MLBAM_OR_CURATED_BRIDGE,CURRENT_OR_HISTORICAL_EXTERNAL_GAME_APPRAISAL_AND_MLB_REGULAR_SEASON_EVIDENCE,543105,2022,ATL,DH,,25.9,13,,,RAW_H2F_LEADERBOARD_FIELD_NOT_STANDARDIZED_90FT,min_competitive_runs,10,Bolts are interpreted only with Competitive Runs; absent rows are not zero/slow.,https://baseballsavant.mlb.com/leaderboard/sprint_speed?year=2022&position=&team=&min=10&csv=true,6380444dc0847108b28d1f93c9d6fbff7c3739e7938822569a744b20537c7f16,485,MISSING_LEADERBOARD_ROW_IS_MISSING_EXPOSURE_NOT_SLOW
PROEYE:63565157,アストゥディーヨ,Willians Astudillo,MATCHED_VERIFIED_MLBAM_OR_CURATED_BRIDGE,CURRENT_OR_HISTORICAL_EXTERNAL_GAME_APPRAISAL_AND_MLB_REGULAR_SEASON_EVIDENCE,553902,2018,MIN,C,R,24.5,43,,4.81,RAW_H2F_LEADERBOARD_FIELD_NOT_STANDARDIZED_90FT,min_competitive_runs,10,Bolts are interpreted only with Competitive Runs; absent rows are not zero/slow.,https://baseballsavant.mlb.com/leaderboard/sprint_speed?year=2018&position=&team=&min=10&csv=true,80ee384c782e52853a4627d7f40582a6cb58bd669501181eb06142eab080c5c8,521,MISSING_LEADERBOARD_ROW_IS_MISSING_EXPOSURE_NOT_SLOW
PROEYE:63565157,アストゥディーヨ,Willians Astudillo,MATCHED_VERIFIED_MLBAM_OR_CURATED_BRIDGE,CURRENT_OR_HISTORICAL_EXTERNAL_GAME_APPRAISAL_AND_MLB_REGULAR_SEASON_EVIDENCE,553902,2019,MIN,C,R,24.3,88,,4.86,RAW_H2F_LEADERBOARD_FIELD_NOT_STANDARDIZED_90FT,min_competitive_runs,10,Bolts are interpreted only with Competitive Runs; absent rows are not zero/slow.,https://baseballsavant.mlb.com/leaderboard/sprint_speed?year=2019&position=&team=&min=10&csv=true,ac473957823a6ca43ae4a121f9689a36b875116997b21699076eba8e70a3167b,546,MISSING_LEADERBOARD_ROW_IS_MISSING_EXPOSURE_NOT_SLOW
PROEYE:63565157,アストゥディーヨ,Willians Astudillo,MATCHED_VERIFIED_MLBAM_OR_CURATED_BRIDGE,CURRENT_OR_HISTORICAL_EXTERNAL_GAME_APPRAISAL_AND_MLB_REGULAR_SEASON_EVIDENCE,553902,2021,MIN,3B,R,24.2,85,,4.97,RAW_H2F_LEADERBOARD_FIELD_NOT_STANDARDIZED_90FT,min_competitive_runs,10,Bolts are interpreted only with Competitive Runs; absent rows are not zero/slow.,https://baseballsavant.mlb.com/leaderboard/sprint_speed?year=2021&position=&team=&min=10&csv=true,2baeef658a3212f03cc2fb31aae4e51f22513cf26c9d43ce91fa628838c62707,548,MISSING_LEADERBOARD_ROW_IS_MISSING_EXPOSURE_NOT_SLOW
PROEYE:63565157,アストゥディーヨ,Willians Astudillo,MATCHED_VERIFIED_MLBAM_OR_CURATED_BRIDGE,CURRENT_OR_HISTORICAL_EXTERNAL_GAME_APPRAISAL_AND_MLB_REGULAR_SEASON_EVIDENCE,553902,2022,MIA,2B,,24.5,23,,4.76,RAW_H2F_LEADERBOARD_FIELD_NOT_STANDARDIZED_90FT,min_competitive_runs,10,Bolts are interpreted only with Competitive Runs; absent rows are not zero/slow.,https://baseballsavant.mlb.com/leaderboard/sprint_speed?year=2022&position=&team=&min=10&csv=true,6380444dc0847108b28d1f93c9d6fbff7c3739e7938822569a744b20537c7f16,564,MISSING_LEADERBOARD_ROW_IS_MISSING_EXPOSURE_NOT_SLOW
PROEYE:63065155,ポランコ,Gregory Polanco,MATCHED_ID_OR_HIGH_CONFIDENCE_NAME,CURRENT_OR_HISTORICAL_EXTERNAL_GAME_APPRAISAL_AND_MLB_REGULAR_SEASON_EVIDENCE,570256,2015,PIT,RF,L,28.5,270,37,4.16,RAW_H2F_LEADERBOARD_FIELD_NOT_STANDARDIZED_90FT,min_competitive_runs,10,Bolts are interpreted only with Competitive Runs; absent rows are not zero/slow.,https://baseballsavant.mlb.com/leaderboard/sprint_speed?year=2015&position=&team=&min=10&csv=true,515b81e16926f70b7d062e013e9ef3265ea70ab9ead33e58be3b58a549a61a33,83,MISSING_LEADERBOARD_ROW_IS_MISSING_EXPOSURE_NOT_SLOW
PROEYE:63065155,ポランコ,Gregory Polanco,MATCHED_ID_OR_HIGH_CONFIDENCE_NAME,CURRENT_OR_HISTORICAL_EXTERNAL_GAME_APPRAISAL_AND_MLB_REGULAR_SEASON_EVIDENCE,570256,2016,PIT,RF,L,27.3,194,5,4.26,RAW_H2F_LEADERBOARD_FIELD_NOT_STANDARDIZED_90FT,min_competitive_runs,10,Bolts are interpreted only with Competitive Runs; absent rows are not zero/slow.,https://baseballsavant.mlb.com/leaderboard/sprint_speed?year=2016&position=&team=&min=10&csv=true,172b7304f1c1b521e13f3f3ddefe1691b1a374913a157ad3620b50ff63d4113e,260,MISSING_LEADERBOARD_ROW_IS_MISSING_EXPOSURE_NOT_SLOW
PROEYE:63065155,ポランコ,Gregory Polanco,MATCHED_ID_OR_HIGH_CONFIDENCE_NAME,CURRENT_OR_HISTORICAL_EXTERNAL_GAME_APPRAISAL_AND_MLB_REGULAR_SEASON_EVIDENCE,570256,2017,PIT,RF,L,27.2,155,2,4.25,RAW_H2F_LEADERBOARD_FIELD_NOT_STANDARDIZED_90FT,min_competitive_runs,10,Bolts are interpreted only with Competitive Runs; absent rows are not zero/slow.,https://baseballsavant.mlb.com/leaderboard/sprint_speed?year=2017&position=&team=&min=10&csv=true,21400aeee8a3522a3ddf4e2535227252390d6b8cd14b93feee9fd07ef75fa813,277,MISSING_LEADERBOARD_ROW_IS_MISSING_EXPOSURE_NOT_SLOW
PROEYE:63065155,ポランコ,Gregory Polanco,MATCHED_ID_OR_HIGH_CONFIDENCE_NAME,CURRENT_OR_HISTORICAL_EXTERNAL_GAME_APPRAISAL_AND_MLB_REGULAR_SEASON_EVIDENCE,570256,2018,PIT,RF,L,27.9,175,8,4.18,RAW_H2F_LEADERBOARD_FIELD_NOT_STANDARDIZED_90FT,min_competitive_runs,10,Bolts are interpreted only with Competitive Runs; absent rows are not zero/slow.,https://baseballsavant.mlb.com/leaderboard/sprint_speed?year=2018&position=&team=&min=10&csv=true,80ee384c782e52853a4627d7f40582a6cb58bd669501181eb06142eab080c5c8,184,MISSING_LEADERBOARD_ROW_IS_MISSING_EXPOSURE_NOT_SLOW
PROEYE:63065155,ポランコ,Gregory Polanco,MATCHED_ID_OR_HIGH_CONFIDENCE_NAME,CURRENT_OR_HISTORICAL_EXTERNAL_GAME_APPRAISAL_AND_MLB_REGULAR_SEASON_EVIDENCE,570256,2019,PIT,RF,,26.9,44,,4.36,RAW_H2F_LEADERBOARD_FIELD_NOT_STANDARDIZED_90FT,min_competitive_runs,10,Bolts are interpreted only with Competitive Runs; absent rows are not zero/slow.,https://baseballsavant.mlb.com/leaderboard/sprint_speed?year=2019&position=&team=&min=10&csv=true,ac473957823a6ca43ae4a121f9689a36b875116997b21699076eba8e70a3167b,325,MISSING_LEADERBOARD_ROW_IS_MISSING_EXPOSURE_NOT_SLOW
PROEYE:63065155,ポランコ,Gregory Polanco,MATCHED_ID_OR_HIGH_CONFIDENCE_NAME,CURRENT_OR_HISTORICAL_EXTERNAL_GAME_APPRAISAL_AND_MLB_REGULAR_SEASON_EVIDENCE,570256,2020,PIT,RF,,27.5,24,,4.28,RAW_H2F_LEADERBOARD_FIELD_NOT_STANDARDIZED_90FT,min_competitive_runs,10,Bolts are interpreted only with Competitive Runs; absent rows are not zero/slow.,https://baseballsavant.mlb.com/leaderboard/sprint_speed?year=2020&position=&team=&min=10&csv=true,13d68b0e764f9869cfda8dd68ad5019c740bbc113f3632ffdc75da044ae3ba72,162,MISSING_LEADERBOARD_ROW_IS_MISSING_EXPOSURE_NOT_SLOW
PROEYE:63065155,ポランコ,Gregory Polanco,MATCHED_ID_OR_HIGH_CONFIDENCE_NAME,CURRENT_OR_HISTORICAL_EXTERNAL_GAME_APPRAISAL_AND_MLB_REGULAR_SEASON_EVIDENCE,570256,2021,PIT,RF,L,27.2,107,,4.37,RAW_H2F_LEADERBOARD_FIELD_NOT_STANDARDIZED_90FT,min_competitive_runs,10,Bolts are interpreted only with Competitive Runs; absent rows are not zero/slow.,https://baseballsavant.mlb.com/leaderboard/sprint_speed?year=2021&position=&team=&min=10&csv=true,2baeef658a3212f03cc2fb31aae4e51f22513cf26c9d43ce91fa628838c62707,297,MISSING_LEADERBOARD_ROW_IS_MISSING_EXPOSURE_NOT_SLOW
PROEYE:53755153,サンタナ,Domingo Santana,MLB_REGULAR_SEASON_MATCHED_SHOW_LIVE_NOT_OBSERVED,CURRENT_OR_HISTORICAL_EXTERNAL_GAME_APPRAISAL_AND_MLB_REGULAR_SEASON_EVIDENCE,570267,2015,MIL,CF,R,28.2,70,3,4.4,RAW_H2F_LEADERBOARD_FIELD_NOT_STANDARDIZED_90FT,min_competitive_runs,10,Bolts are interpreted only with Competitive Runs; absent rows are not zero/slow.,https://baseballsavant.mlb.com/leaderboard/sprint_speed?year=2015&position=&team=&min=10&csv=true,515b81e16926f70b7d062e013e9ef3265ea70ab9ead33e58be3b58a549a61a33,120,MISSING_LEADERBOARD_ROW_IS_MISSING_EXPOSURE_NOT_SLOW
PROEYE:53755153,サンタナ,Domingo Santana,MLB_REGULAR_SEASON_MATCHED_SHOW_LIVE_NOT_OBSERVED,CURRENT_OR_HISTORICAL_EXTERNAL_GAME_APPRAISAL_AND_MLB_REGULAR_SEASON_EVIDENCE,570267,2016,MIL,RF,R,27.1,95,,4.48,RAW_H2F_LEADERBOARD_FIELD_NOT_STANDARDIZED_90FT,min_competitive_runs,10,Bolts are interpreted only with Competitive Runs; absent rows are not zero/slow.,https://baseballsavant.mlb.com/leaderboard/sprint_speed?year=2016&position=&team=&min=10&csv=true,172b7304f1c1b521e13f3f3ddefe1691b1a374913a157ad3620b50ff63d4113e,293,MISSING_LEADERBOARD_ROW_IS_MISSING_EXPOSURE_NOT_SLOW
PROEYE:53755153,サンタナ,Domingo Santana,MLB_REGULAR_SEASON_MATCHED_SHOW_LIVE_NOT_OBSERVED,CURRENT_OR_HISTORICAL_EXTERNAL_GAME_APPRAISAL_AND_MLB_REGULAR_SEASON_EVIDENCE,570267,2017,MIL,RF,R,27.2,210,,4.45,RAW_H2F_LEADERBOARD_FIELD_NOT_STANDARDIZED_90FT,min_competitive_runs,10,Bolts are interpreted only with Competitive Runs; absent rows are not zero/slow.,https://baseballsavant.mlb.com/leaderboard/sprint_speed?year=2017&position=&team=&min=10&csv=true,21400aeee8a3522a3ddf4e2535227252390d6b8cd14b93feee9fd07ef75fa813,287,MISSING_LEADERBOARD_ROW_IS_MISSING_EXPOSURE_NOT_SLOW
PROEYE:53755153,サンタナ,Domingo Santana,MLB_REGULAR_SEASON_MATCHED_SHOW_LIVE_NOT_OBSERVED,CURRENT_OR_HISTORICAL_EXTERNAL_GAME_APPRAISAL_AND_MLB_REGULAR_SEASON_EVIDENCE,570267,2018,MIL,RF,R,26.9,86,,4.52,RAW_H2F_LEADERBOARD_FIELD_NOT_STANDARDIZED_90FT,min_competitive_runs,10,Bolts are interpreted only with Competitive Runs; absent rows are not zero/slow.,https://baseballsavant.mlb.com/leaderboard/sprint_speed?year=2018&position=&team=&min=10&csv=true,80ee384c782e52853a4627d7f40582a6cb58bd669501181eb06142eab080c5c8,321,MISSING_LEADERBOARD_ROW_IS_MISSING_EXPOSURE_NOT_SLOW
PROEYE:53755153,サンタナ,Domingo Santana,MLB_REGULAR_SEASON_MATCHED_SHOW_LIVE_NOT_OBSERVED,CURRENT_OR_HISTORICAL_EXTERNAL_GAME_APPRAISAL_AND_MLB_REGULAR_SEASON_EVIDENCE,570267,2019,SEA,LF,R,26.7,152,,4.55,RAW_H2F_LEADERBOARD_FIELD_NOT_STANDARDIZED_90FT,min_competitive_runs,10,Bolts are interpreted only with Competitive Runs; absent rows are not zero/slow.,https://baseballsavant.mlb.com/leaderboard/sprint_speed?year=2019&position=&team=&min=10&csv=true,ac473957823a6ca43ae4a121f9689a36b875116997b21699076eba8e70a3167b,348,MISSING_LEADERBOARD_ROW_IS_MISSING_EXPOSURE_NOT_SLOW
PROEYE:53755153,サンタナ,Domingo Santana,MLB_REGULAR_SEASON_MATCHED_SHOW_LIVE_NOT_OBSERVED,CURRENT_OR_HISTORICAL_EXTERNAL_GAME_APPRAISAL_AND_MLB_REGULAR_SEASON_EVIDENCE,570267,2020,CLE,RF,,26.9,26,,4.54,RAW_H2F_LEADERBOARD_FIELD_NOT_STANDARDIZED_90FT,min_competitive_runs,10,Bolts are interpreted only with Competitive Runs; absent rows are not zero/slow.,https://baseballsavant.mlb.com/leaderboard/sprint_speed?year=2020&position=&team=&min=10&csv=true,13d68b0e764f9869cfda8dd68ad5019c740bbc113f3632ffdc75da044ae3ba72,222,MISSING_LEADERBOARD_ROW_IS_MISSING_EXPOSURE_NOT_SLOW
PROEYE:53955157,デビッドソン,Matt Davidson,MATCHED_VERIFIED_MLBAM_OR_CURATED_BRIDGE,CURRENT_OR_HISTORICAL_EXTERNAL_GAME_APPRAISAL_AND_MLB_REGULAR_SEASON_EVIDENCE,571602,2017,CWS,DH,R,25.5,118,1,4.64,RAW_H2F_LEADERBOARD_FIELD_NOT_STANDARDIZED_90FT,min_competitive_runs,10,Bolts are interpreted only with Competitive Runs; absent rows are not zero/slow.,https://baseballsavant.mlb.com/leaderboard/sprint_speed?year=2017&position=&team=&min=10&csv=true,21400aeee8a3522a3ddf4e2535227252390d6b8cd14b93feee9fd07ef75fa813,472,MISSING_LEADERBOARD_ROW_IS_MISSING_EXPOSURE_NOT_SLOW
PROEYE:53955157,デビッドソン,Matt Davidson,MATCHED_VERIFIED_MLBAM_OR_CURATED_BRIDGE,CURRENT_OR_HISTORICAL_EXTERNAL_GAME_APPRAISAL_AND_MLB_REGULAR_SEASON_EVIDENCE,571602,2018,CWS,DH,R,25.6,139,,4.63,RAW_H2F_LEADERBOARD_FIELD_NOT_STANDARDIZED_90FT,min_competitive_runs,10,Bolts are interpreted only with Competitive Runs; absent rows are not zero/slow.,https://baseballsavant.mlb.com/leaderboard/sprint_speed?year=2018&position=&team=&min=10&csv=true,80ee384c782e52853a4627d7f40582a6cb58bd669501181eb06142eab080c5c8,458,MISSING_LEADERBOARD_ROW_IS_MISSING_EXPOSURE_NOT_SLOW
NPBNAME:ボイト,ボイト,Luke Voit,MATCHED_VERIFIED_MLBAM_OR_CURATED_BRIDGE,CURRENT_OR_HISTORICAL_EXTERNAL_GAME_APPRAISAL_AND_MLB_REGULAR_SEASON_EVIDENCE,572228,2017,STL,1B,,26.1,45,,4.62,RAW_H2F_LEADERBOARD_FIELD_NOT_STANDARDIZED_90FT,min_competitive_runs,10,Bolts are interpreted only with Competitive Runs; absent rows are not zero/slow.,https://baseballsavant.mlb.com/leaderboard/sprint_speed?year=2017&position=&team=&min=10&csv=true,21400aeee8a3522a3ddf4e2535227252390d6b8cd14b93feee9fd07ef75fa813,421,MISSING_LEADERBOARD_ROW_IS_MISSING_EXPOSURE_NOT_SLOW
NPBNAME:ボイト,ボイト,Luke Voit,MATCHED_VERIFIED_MLBAM_OR_CURATED_BRIDGE,CURRENT_OR_HISTORICAL_EXTERNAL_GAME_APPRAISAL_AND_MLB_REGULAR_SEASON_EVIDENCE,572228,2018,NYY,1B,,26.3,48,,4.62,RAW_H2F_LEADERBOARD_FIELD_NOT_STANDARDIZED_90FT,min_competitive_runs,10,Bolts are interpreted only with Competitive Runs; absent rows are not zero/slow.,https://baseballsavant.mlb.com/leaderboard/sprint_speed?year=2018&position=&team=&min=10&csv=true,80ee384c782e52853a4627d7f40582a6cb58bd669501181eb06142eab080c5c8,398,MISSING_LEADERBOARD_ROW_IS_MISSING_EXPOSURE_NOT_SLOW
NPBNAME:ボイト,ボイト,Luke Voit,MATCHED_VERIFIED_MLBAM_OR_CURATED_BRIDGE,CURRENT_OR_HISTORICAL_EXTERNAL_GAME_APPRAISAL_AND_MLB_REGULAR_SEASON_EVIDENCE,572228,2019,NYY,1B,R,25.7,154,,4.69,RAW_H2F_LEADERBOARD_FIELD_NOT_STANDARDIZED_90FT,min_competitive_runs,10,Bolts are interpreted only with Competitive Runs; absent rows are not zero/slow.,https://baseballsavant.mlb.com/leaderboard/sprint_speed?year=2019&position=&team=&min=10&csv=true,ac473957823a6ca43ae4a121f9689a36b875116997b21699076eba8e70a3167b,468,MISSING_LEADERBOARD_ROW_IS_MISSING_EXPOSURE_NOT_SLOW
NPBNAME:ボイト,ボイト,Luke Voit,MATCHED_VERIFIED_MLBAM_OR_CURATED_BRIDGE,CURRENT_OR_HISTORICAL_EXTERNAL_GAME_APPRAISAL_AND_MLB_REGULAR_SEASON_EVIDENCE,572228,2020,NYY,1B,R,24.9,68,,4.87,RAW_H2F_LEADERBOARD_FIELD_NOT_STANDARDIZED_90FT,min_competitive_runs,10,Bolts are interpreted only with Competitive Runs; absent rows are not zero/slow.,https://baseballsavant.mlb.com/leaderboard/sprint_speed?year=2020&position=&team=&min=10&csv=true,13d68b0e764f9869cfda8dd68ad5019c740bbc113f3632ffdc75da044ae3ba72,411,MISSING_LEADERBOARD_ROW_IS_MISSING_EXPOSURE_NOT_SLOW
NPBNAME:ボイト,ボイト,Luke Voit,MATCHED_VERIFIED_MLBAM_OR_CURATED_BRIDGE,CURRENT_OR_HISTORICAL_EXTERNAL_GAME_APPRAISAL_AND_MLB_REGULAR_SEASON_EVIDENCE,572228,2021,NYY,1B,R,24.9,51,,4.9,RAW_H2F_LEADERBOARD_FIELD_NOT_STANDARDIZED_90FT,min_competitive_runs,10,Bolts are interpreted only with Competitive Runs; absent rows are not zero/slow.,https://baseballsavant.mlb.com/leaderboard/sprint_speed?year=2021&position=&team=&min=10&csv=true,2baeef658a3212f03cc2fb31aae4e51f22513cf26c9d43ce91fa628838c62707,525,MISSING_LEADERBOARD_ROW_IS_MISSING_EXPOSURE_NOT_SLOW
NPBNAME:ボイト,ボイト,Luke Voit,MATCHED_VERIFIED_MLBAM_OR_CURATED_BRIDGE,CURRENT_OR_HISTORICAL_EXTERNAL_GAME_APPRAISAL_AND_MLB_REGULAR_SEASON_EVIDENCE,572228,2022,WSH,DH,R,24.7,123,,4.96,RAW_H2F_LEADERBOARD_FIELD_NOT_STANDARDIZED_90FT,min_competitive_runs,10,Bolts are interpreted only with Competitive Runs; absent rows are not zero/slow.,https://baseballsavant.mlb.com/leaderboard/sprint_speed?year=2022&position=&team=&min=10&csv=true,6380444dc0847108b28d1f93c9d6fbff7c3739e7938822569a744b20537c7f16,554,MISSING_LEADERBOARD_ROW_IS_MISSING_EXPOSURE_NOT_SLOW
NPBNAME:ボイト,ボイト,Luke Voit,MATCHED_VERIFIED_MLBAM_OR_CURATED_BRIDGE,CURRENT_OR_HISTORICAL_EXTERNAL_GAME_APPRAISAL_AND_MLB_REGULAR_SEASON_EVIDENCE,572228,2023,MIL,1B,,24.9,15,,,RAW_H2F_LEADERBOARD_FIELD_NOT_STANDARDIZED_90FT,min_competitive_runs,10,Bolts are interpreted only with Competitive Runs; absent rows are not zero/slow.,https://baseballsavant.mlb.com/leaderboard/sprint_speed?year=2023&position=&team=&min=10&csv=true,2327b0cae7d6fb063c501313a8e100f8a6f2a7944a01db283f780b07b3041dde,554,MISSING_LEADERBOARD_ROW_IS_MISSING_EXPOSURE_NOT_SLOW
PROEYE:73075155,バレラ,Breyvic Valera,MATCHED_VERIFIED_MLBAM_OR_CURATED_BRIDGE,CURRENT_OR_HISTORICAL_EXTERNAL_GAME_APPRAISAL_AND_MLB_REGULAR_SEASON_EVIDENCE,591971,2018,BAL,2B,,27.7,31,,4.21,RAW_H2F_LEADERBOARD_FIELD_NOT_STANDARDIZED_90FT,min_competitive_runs,10,Bolts are interpreted only with Competitive Runs; absent rows are not zero/slow.,https://baseballsavant.mlb.com/leaderboard/sprint_speed?year=2018&position=&team=&min=10&csv=true,80ee384c782e52853a4627d7f40582a6cb58bd669501181eb06142eab080c5c8,221,MISSING_LEADERBOARD_ROW_IS_MISSING_EXPOSURE_NOT_SLOW
PROEYE:73075155,バレラ,Breyvic Valera,MATCHED_VERIFIED_MLBAM_OR_CURATED_BRIDGE,CURRENT_OR_HISTORICAL_EXTERNAL_GAME_APPRAISAL_AND_MLB_REGULAR_SEASON_EVIDENCE,591971,2019,TOR,2B,,27.8,24,,,RAW_H2F_LEADERBOARD_FIELD_NOT_STANDARDIZED_90FT,min_competitive_runs,10,Bolts are interpreted only with Competitive Runs; absent rows are not zero/slow.,https://baseballsavant.mlb.com/leaderboard/sprint_speed?year=2019&position=&team=&min=10&csv=true,ac473957823a6ca43ae4a121f9689a36b875116997b21699076eba8e70a3167b,196,MISSING_LEADERBOARD_ROW_IS_MISSING_EXPOSURE_NOT_SLOW
PROEYE:73075155,バレラ,Breyvic Valera,MATCHED_VERIFIED_MLBAM_OR_CURATED_BRIDGE,CURRENT_OR_HISTORICAL_EXTERNAL_GAME_APPRAISAL_AND_MLB_REGULAR_SEASON_EVIDENCE,591971,2021,TOR,3B,,26.9,33,,,RAW_H2F_LEADERBOARD_FIELD_NOT_STANDARDIZED_90FT,min_competitive_runs,10,Bolts are interpreted only with Competitive Runs; absent rows are not zero/slow.,https://baseballsavant.mlb.com/leaderboard/sprint_speed?year=2021&position=&team=&min=10&csv=true,2baeef658a3212f03cc2fb31aae4e51f22513cf26c9d43ce91fa628838c62707,344,MISSING_LEADERBOARD_ROW_IS_MISSING_EXPOSURE_NOT_SLOW
PROEYE:53255155,マルモレホス,Jose Marmolejos,MATCHED_VERIFIED_MLBAM_OR_CURATED_BRIDGE,CURRENT_OR_HISTORICAL_EXTERNAL_GAME_APPRAISAL_AND_MLB_REGULAR_SEASON_EVIDENCE,592530,2020,SEA,LF,,25.5,36,,4.75,RAW_H2F_LEADERBOARD_FIELD_NOT_STANDARDIZED_90FT,min_competitive_runs,10,Bolts are interpreted only with Competitive Runs; absent rows are not zero/slow.,https://baseballsavant.mlb.com/leaderboard/sprint_speed?year=2020&position=&team=&min=10&csv=true,13d68b0e764f9869cfda8dd68ad5019c740bbc113f3632ffdc75da044ae3ba72,380,MISSING_LEADERBOARD_ROW_IS_MISSING_EXPOSURE_NOT_SLOW
PROEYE:53255155,マルモレホス,Jose Marmolejos,MATCHED_VERIFIED_MLBAM_OR_CURATED_BRIDGE,CURRENT_OR_HISTORICAL_EXTERNAL_GAME_APPRAISAL_AND_MLB_REGULAR_SEASON_EVIDENCE,592530,2021,SEA,1B,,25.7,26,,4.65,RAW_H2F_LEADERBOARD_FIELD_NOT_STANDARDIZED_90FT,min_competitive_runs,10,Bolts are interpreted only with Competitive Runs; absent rows are not zero/slow.,https://baseballsavant.mlb.com/leaderboard/sprint_speed?year=2021&position=&team=&min=10&csv=true,2baeef658a3212f03cc2fb31aae4e51f22513cf26c9d43ce91fa628838c62707,473,MISSING_LEADERBOARD_ROW_IS_MISSING_EXPOSURE_NOT_SLOW
PROEYE:13015157,ペイトン,Mark Payton,MATCHED_VERIFIED_MLBAM_OR_CURATED_BRIDGE,CURRENT_OR_HISTORICAL_EXTERNAL_GAME_APPRAISAL_AND_MLB_REGULAR_SEASON_EVIDENCE,592622,2022,CWS,LF,,27.5,11,,,RAW_H2F_LEADERBOARD_FIELD_NOT_STANDARDIZED_90FT,min_competitive_runs,10,Bolts are interpreted only with Competitive Runs; absent rows are not zero/slow.,https://baseballsavant.mlb.com/leaderboard/sprint_speed?year=2022&position=&team=&min=10&csv=true,6380444dc0847108b28d1f93c9d6fbff7c3739e7938822569a744b20537c7f16,286,MISSING_LEADERBOARD_ROW_IS_MISSING_EXPOSURE_NOT_SLOW
PROEYE:93795157,カリステ,Orlando Calixte,MLB_REGULAR_SEASON_MATCHED_SHOW_LIVE_NOT_OBSERVED,CURRENT_OR_HISTORICAL_EXTERNAL_GAME_APPRAISAL_AND_MLB_REGULAR_SEASON_EVIDENCE,593525,2017,SF,LF,,29.3,16,3,4.21,RAW_H2F_LEADERBOARD_FIELD_NOT_STANDARDIZED_90FT,min_competitive_runs,10,Bolts are interpreted only with Competitive Runs; absent rows are not zero/slow.,https://baseballsavant.mlb.com/leaderboard/sprint_speed?year=2017&position=&team=&min=10&csv=true,21400aeee8a3522a3ddf4e2535227252390d6b8cd14b93feee9fd07ef75fa813,26,MISSING_LEADERBOARD_ROW_IS_MISSING_EXPOSURE_NOT_SLOW
NPBNAME:サノー,サノー,Miguel Sano,MATCHED_VERIFIED_MLBAM_OR_CURATED_BRIDGE,CURRENT_OR_HISTORICAL_EXTERNAL_GAME_APPRAISAL_AND_MLB_REGULAR_SEASON_EVIDENCE,593934,2015,MIN,DH,R,27.7,77,,4.61,RAW_H2F_LEADERBOARD_FIELD_NOT_STANDARDIZED_90FT,min_competitive_runs,10,Bolts are interpreted only with Competitive Runs; absent rows are not zero/slow.,https://baseballsavant.mlb.com/leaderboard/sprint_speed?year=2015&position=&team=&min=10&csv=true,515b81e16926f70b7d062e013e9ef3265ea70ab9ead33e58be3b58a549a61a33,192,MISSING_LEADERBOARD_ROW_IS_MISSING_EXPOSURE_NOT_SLOW
NPBNAME:サノー,サノー,Miguel Sano,MATCHED_VERIFIED_MLBAM_OR_CURATED_BRIDGE,CURRENT_OR_HISTORICAL_EXTERNAL_GAME_APPRAISAL_AND_MLB_REGULAR_SEASON_EVIDENCE,593934,2016,MIN,3B,R,27.8,123,,4.51,RAW_H2F_LEADERBOARD_FIELD_NOT_STANDARDIZED_90FT,min_competitive_runs,10,Bolts are interpreted only with Competitive Runs; absent rows are not zero/slow.,https://baseballsavant.mlb.com/leaderboard/sprint_speed?year=2016&position=&team=&min=10&csv=true,172b7304f1c1b521e13f3f3ddefe1691b1a374913a157ad3620b50ff63d4113e,186,MISSING_LEADERBOARD_ROW_IS_MISSING_EXPOSURE_NOT_SLOW
NPBNAME:サノー,サノー,Miguel Sano,MATCHED_VERIFIED_MLBAM_OR_CURATED_BRIDGE,CURRENT_OR_HISTORICAL_EXTERNAL_GAME_APPRAISAL_AND_MLB_REGULAR_SEASON_EVIDENCE,593934,2017,MIN,3B,R,26.9,136,,4.61,RAW_H2F_LEADERBOARD_FIELD_NOT_STANDARDIZED_90FT,min_competitive_runs,10,Bolts are interpreted only with Competitive Runs; absent rows are not zero/slow.,https://baseballsavant.mlb.com/leaderboard/sprint_speed?year=2017&position=&team=&min=10&csv=true,21400aeee8a3522a3ddf4e2535227252390d6b8cd14b93feee9fd07ef75fa813,328,MISSING_LEADERBOARD_ROW_IS_MISSING_EXPOSURE_NOT_SLOW
NPBNAME:サノー,サノー,Miguel Sano,MATCHED_VERIFIED_MLBAM_OR_CURATED_BRIDGE,CURRENT_OR_HISTORICAL_EXTERNAL_GAME_APPRAISAL_AND_MLB_REGULAR_SEASON_EVIDENCE,593934,2018,MIN,3B,R,26.9,83,,4.62,RAW_H2F_LEADERBOARD_FIELD_NOT_STANDARDIZED_90FT,min_competitive_runs,10,Bolts are interpreted only with Competitive Runs; absent rows are not zero/slow.,https://baseballsavant.mlb.com/leaderboard/sprint_speed?year=2018&position=&team=&min=10&csv=true,80ee384c782e52853a4627d7f40582a6cb58bd669501181eb06142eab080c5c8,323,MISSING_LEADERBOARD_ROW_IS_MISSING_EXPOSURE_NOT_SLOW
NPBNAME:サノー,サノー,Miguel Sano,MATCHED_VERIFIED_MLBAM_OR_CURATED_BRIDGE,CURRENT_OR_HISTORICAL_EXTERNAL_GAME_APPRAISAL_AND_MLB_REGULAR_SEASON_EVIDENCE,593934,2019,MIN,3B,R,26.5,120,,4.63,RAW_H2F_LEADERBOARD_FIELD_NOT_STANDARDIZED_90FT,min_competitive_runs,10,Bolts are interpreted only with Competitive Runs; absent rows are not zero/slow.,https://baseballsavant.mlb.com/leaderboard/sprint_speed?year=2019&position=&team=&min=10&csv=true,ac473957823a6ca43ae4a121f9689a36b875116997b21699076eba8e70a3167b,374,MISSING_LEADERBOARD_ROW_IS_MISSING_EXPOSURE_NOT_SLOW
NPBNAME:サノー,サノー,Miguel Sano,MATCHED_VERIFIED_MLBAM_OR_CURATED_BRIDGE,CURRENT_OR_HISTORICAL_EXTERNAL_GAME_APPRAISAL_AND_MLB_REGULAR_SEASON_EVIDENCE,593934,2020,MIN,1B,,26.4,43,,,RAW_H2F_LEADERBOARD_FIELD_NOT_STANDARDIZED_90FT,min_competitive_runs,10,Bolts are interpreted only with Competitive Runs; absent rows are not zero/slow.,https://baseballsavant.mlb.com/leaderboard/sprint_speed?year=2020&position=&team=&min=10&csv=true,13d68b0e764f9869cfda8dd68ad5019c740bbc113f3632ffdc75da044ae3ba72,295,MISSING_LEADERBOARD_ROW_IS_MISSING_EXPOSURE_NOT_SLOW
NPBNAME:サノー,サノー,Miguel Sano,MATCHED_VERIFIED_MLBAM_OR_CURATED_BRIDGE,CURRENT_OR_HISTORICAL_EXTERNAL_GAME_APPRAISAL_AND_MLB_REGULAR_SEASON_EVIDENCE,593934,2021,MIN,1B,R,26.5,113,,4.76,RAW_H2F_LEADERBOARD_FIELD_NOT_STANDARDIZED_90FT,min_competitive_runs,10,Bolts are interpreted only with Competitive Runs; absent rows are not zero/slow.,https://baseballsavant.mlb.com/leaderboard/sprint_speed?year=2021&position=&team=&min=10&csv=true,2baeef658a3212f03cc2fb31aae4e51f22513cf26c9d43ce91fa628838c62707,389,MISSING_LEADERBOARD_ROW_IS_MISSING_EXPOSURE_NOT_SLOW
NPBNAME:サノー,サノー,Miguel Sano,MATCHED_VERIFIED_MLBAM_OR_CURATED_BRIDGE,CURRENT_OR_HISTORICAL_EXTERNAL_GAME_APPRAISAL_AND_MLB_REGULAR_SEASON_EVIDENCE,593934,2024,LAA,3B,,25.8,20,,,RAW_H2F_LEADERBOARD_FIELD_NOT_STANDARDIZED_90FT,min_competitive_runs,10,Bolts are interpreted only with Competitive Runs; absent rows are not zero/slow.,https://baseballsavant.mlb.com/leaderboard/sprint_speed?year=2024&position=&team=&min=10&csv=true,a93bd7657d58405f8110aba6a7fe923b54b76eed4a819dd016d118106c839257,489,MISSING_LEADERBOARD_ROW_IS_MISSING_EXPOSURE_NOT_SLOW
PROEYE:23025153,ハイネマン,Scott Heineman,MATCHED_VERIFIED_MLBAM_OR_CURATED_BRIDGE,CURRENT_OR_HISTORICAL_EXTERNAL_GAME_APPRAISAL_AND_MLB_REGULAR_SEASON_EVIDENCE,595981,2019,TEX,CF,,28.3,35,,4.42,RAW_H2F_LEADERBOARD_FIELD_NOT_STANDARDIZED_90FT,min_competitive_runs,10,Bolts are interpreted only with Competitive Runs; absent rows are not zero/slow.,https://baseballsavant.mlb.com/leaderboard/sprint_speed?year=2019&position=&team=&min=10&csv=true,ac473957823a6ca43ae4a121f9689a36b875116997b21699076eba8e70a3167b,134,MISSING_LEADERBOARD_ROW_IS_MISSING_EXPOSURE_NOT_SLOW
PROEYE:23025153,ハイネマン,Scott Heineman,MATCHED_VERIFIED_MLBAM_OR_CURATED_BRIDGE,CURRENT_OR_HISTORICAL_EXTERNAL_GAME_APPRAISAL_AND_MLB_REGULAR_SEASON_EVIDENCE,595981,2020,TEX,CF,,28.1,24,,4.41,RAW_H2F_LEADERBOARD_FIELD_NOT_STANDARDIZED_90FT,min_competitive_runs,10,Bolts are interpreted only with Competitive Runs; absent rows are not zero/slow.,https://baseballsavant.mlb.com/leaderboard/sprint_speed?year=2020&position=&team=&min=10&csv=true,13d68b0e764f9869cfda8dd68ad5019c740bbc113f3632ffdc75da044ae3ba72,95,MISSING_LEADERBOARD_ROW_IS_MISSING_EXPOSURE_NOT_SLOW
PROEYE:23025153,ハイネマン,Scott Heineman,MATCHED_VERIFIED_MLBAM_OR_CURATED_BRIDGE,CURRENT_OR_HISTORICAL_EXTERNAL_GAME_APPRAISAL_AND_MLB_REGULAR_SEASON_EVIDENCE,595981,2021,CIN,CF,,28.5,10,,,RAW_H2F_LEADERBOARD_FIELD_NOT_STANDARDIZED_90FT,min_competitive_runs,10,Bolts are interpreted only with Competitive Runs; absent rows are not zero/slow.,https://baseballsavant.mlb.com/leaderboard/sprint_speed?year=2021&position=&team=&min=10&csv=true,2baeef658a3212f03cc2fb31aae4e51f22513cf26c9d43ce91fa628838c62707,102,MISSING_LEADERBOARD_ROW_IS_MISSING_EXPOSURE_NOT_SLOW
PROEYE:63965157,フランコ,Maikel Franco,MATCHED_VERIFIED_MLBAM_OR_CURATED_BRIDGE,CURRENT_OR_HISTORICAL_EXTERNAL_GAME_APPRAISAL_AND_MLB_REGULAR_SEASON_EVIDENCE,596748,2015,PHI,3B,R,26.7,150,,4.7,RAW_H2F_LEADERBOARD_FIELD_NOT_STANDARDIZED_90FT,min_competitive_runs,10,Bolts are interpreted only with Competitive Runs; absent rows are not zero/slow.,https://baseballsavant.mlb.com/leaderboard/sprint_speed?year=2015&position=&team=&min=10&csv=true,515b81e16926f70b7d062e013e9ef3265ea70ab9ead33e58be3b58a549a61a33,338,MISSING_LEADERBOARD_ROW_IS_MISSING_EXPOSURE_NOT_SLOW
PROEYE:63965157,フランコ,Maikel Franco,MATCHED_VERIFIED_MLBAM_OR_CURATED_BRIDGE,CURRENT_OR_HISTORICAL_EXTERNAL_GAME_APPRAISAL_AND_MLB_REGULAR_SEASON_EVIDENCE,596748,2016,PHI,3B,R,26,239,,4.67,RAW_H2F_LEADERBOARD_FIELD_NOT_STANDARDIZED_90FT,min_competitive_runs,10,Bolts are interpreted only with Competitive Runs; absent rows are not zero/slow.,https://baseballsavant.mlb.com/leaderboard/sprint_speed?year=2016&position=&team=&min=10&csv=true,172b7304f1c1b521e13f3f3ddefe1691b1a374913a157ad3620b50ff63d4113e,421,MISSING_LEADERBOARD_ROW_IS_MISSING_EXPOSURE_NOT_SLOW
PROEYE:63965157,フランコ,Maikel Franco,MATCHED_VERIFIED_MLBAM_OR_CURATED_BRIDGE,CURRENT_OR_HISTORICAL_EXTERNAL_GAME_APPRAISAL_AND_MLB_REGULAR_SEASON_EVIDENCE,596748,2017,PHI,3B,R,26,234,,4.76,RAW_H2F_LEADERBOARD_FIELD_NOT_STANDARDIZED_90FT,min_competitive_runs,10,Bolts are interpreted only with Competitive Runs; absent rows are not zero/slow.,https://baseballsavant.mlb.com/leaderboard/sprint_speed?year=2017&position=&team=&min=10&csv=true,21400aeee8a3522a3ddf4e2535227252390d6b8cd14b93feee9fd07ef75fa813,429,MISSING_LEADERBOARD_ROW_IS_MISSING_EXPOSURE_NOT_SLOW
PROEYE:63965157,フランコ,Maikel Franco,MATCHED_VERIFIED_MLBAM_OR_CURATED_BRIDGE,CURRENT_OR_HISTORICAL_EXTERNAL_GAME_APPRAISAL_AND_MLB_REGULAR_SEASON_EVIDENCE,596748,2018,PHI,3B,R,25.6,197,,4.73,RAW_H2F_LEADERBOARD_FIELD_NOT_STANDARDIZED_90FT,min_competitive_runs,10,Bolts are interpreted only with Competitive Runs; absent rows are not zero/slow.,https://baseballsavant.mlb.com/leaderboard/sprint_speed?year=2018&position=&team=&min=10&csv=true,80ee384c782e52853a4627d7f40582a6cb58bd669501181eb06142eab080c5c8,462,MISSING_LEADERBOARD_ROW_IS_MISSING_EXPOSURE_NOT_SLOW
PROEYE:63965157,フランコ,Maikel Franco,MATCHED_VERIFIED_MLBAM_OR_CURATED_BRIDGE,CURRENT_OR_HISTORICAL_EXTERNAL_GAME_APPRAISAL_AND_MLB_REGULAR_SEASON_EVIDENCE,596748,2019,PHI,3B,R,25.4,156,,4.76,RAW_H2F_LEADERBOARD_FIELD_NOT_STANDARDIZED_90FT,min_competitive_runs,10,Bolts are interpreted only with Competitive Runs; absent rows are not zero/slow.,https://baseballsavant.mlb.com/leaderboard/sprint_speed?year=2019&position=&team=&min=10&csv=true,ac473957823a6ca43ae4a121f9689a36b875116997b21699076eba8e70a3167b,493,MISSING_LEADERBOARD_ROW_IS_MISSING_EXPOSURE_NOT_SLOW
PROEYE:63965157,フランコ,Maikel Franco,MATCHED_VERIFIED_MLBAM_OR_CURATED_BRIDGE,CURRENT_OR_HISTORICAL_EXTERNAL_GAME_APPRAISAL_AND_MLB_REGULAR_SEASON_EVIDENCE,596748,2020,KC,3B,R,24.7,91,,4.75,RAW_H2F_LEADERBOARD_FIELD_NOT_STANDARDIZED_90FT,min_competitive_runs,10,Bolts are interpreted only with Competitive Runs; absent rows are not zero/slow.,https://baseballsavant.mlb.com/leaderboard/sprint_speed?year=2020&position=&team=&min=10&csv=true,13d68b0e764f9869cfda8dd68ad5019c740bbc113f3632ffdc75da044ae3ba72,428,MISSING_LEADERBOARD_ROW_IS_MISSING_EXPOSURE_NOT_SLOW
PROEYE:63965157,フランコ,Maikel Franco,MATCHED_VERIFIED_MLBAM_OR_CURATED_BRIDGE,CURRENT_OR_HISTORICAL_EXTERNAL_GAME_APPRAISAL_AND_MLB_REGULAR_SEASON_EVIDENCE,596748,2021,BAL,3B,R,25,165,,4.84,RAW_H2F_LEADERBOARD_FIELD_NOT_STANDARDIZED_90FT,min_competitive_runs,10,Bolts are interpreted only with Competitive Runs; absent rows are not zero/slow.,https://baseballsavant.mlb.com/leaderboard/sprint_speed?year=2021&position=&team=&min=10&csv=true,2baeef658a3212f03cc2fb31aae4e51f22513cf26c9d43ce91fa628838c62707,519,MISSING_LEADERBOARD_ROW_IS_MISSING_EXPOSURE_NOT_SLOW
PROEYE:63965157,フランコ,Maikel Franco,MATCHED_VERIFIED_MLBAM_OR_CURATED_BRIDGE,CURRENT_OR_HISTORICAL_EXTERNAL_GAME_APPRAISAL_AND_MLB_REGULAR_SEASON_EVIDENCE,596748,2022,WSH,3B,R,25.5,144,,4.88,RAW_H2F_LEADERBOARD_FIELD_NOT_STANDARDIZED_90FT,min_competitive_runs,10,Bolts are interpreted only with Competitive Runs; absent rows are not zero/slow.,https://baseballsavant.mlb.com/leaderboard/sprint_speed?year=2022&position=&team=&min=10&csv=true,6380444dc0847108b28d1f93c9d6fbff7c3739e7938822569a744b20537c7f16,520,MISSING_LEADERBOARD_ROW_IS_MISSING_EXPOSURE_NOT_SLOW
PROEYE:53055155,ヌニエス,Renato Nunez,MATCHED_VERIFIED_MLBAM_OR_CURATED_BRIDGE,CURRENT_OR_HISTORICAL_EXTERNAL_GAME_APPRAISAL_AND_MLB_REGULAR_SEASON_EVIDENCE,600524,2016,ATH,DH,,27.4,10,,,RAW_H2F_LEADERBOARD_FIELD_NOT_STANDARDIZED_90FT,min_competitive_runs,10,Bolts are interpreted only with Competitive Runs; absent rows are not zero/slow.,https://baseballsavant.mlb.com/leaderboard/sprint_speed?year=2016&position=&team=&min=10&csv=true,172b7304f1c1b521e13f3f3ddefe1691b1a374913a157ad3620b50ff63d4113e,236,MISSING_LEADERBOARD_ROW_IS_MISSING_EXPOSURE_NOT_SLOW
PROEYE:53055155,ヌニエス,Renato Nunez,MATCHED_VERIFIED_MLBAM_OR_CURATED_BRIDGE,CURRENT_OR_HISTORICAL_EXTERNAL_GAME_APPRAISAL_AND_MLB_REGULAR_SEASON_EVIDENCE,600524,2018,BAL,3B,R,27.3,98,,4.48,RAW_H2F_LEADERBOARD_FIELD_NOT_STANDARDIZED_90FT,min_competitive_runs,10,Bolts are interpreted only with Competitive Runs; absent rows are not zero/slow.,https://baseballsavant.mlb.com/leaderboard/sprint_speed?year=2018&position=&team=&min=10&csv=true,80ee384c782e52853a4627d7f40582a6cb58bd669501181eb06142eab080c5c8,273,MISSING_LEADERBOARD_ROW_IS_MISSING_EXPOSURE_NOT_SLOW
PROEYE:53055155,ヌニエス,Renato Nunez,MATCHED_VERIFIED_MLBAM_OR_CURATED_BRIDGE,CURRENT_OR_HISTORICAL_EXTERNAL_GAME_APPRAISAL_AND_MLB_REGULAR_SEASON_EVIDENCE,600524,2019,BAL,DH,R,27.1,164,,4.53,RAW_H2F_LEADERBOARD_FIELD_NOT_STANDARDIZED_90FT,min_competitive_runs,10,Bolts are interpreted only with Competitive Runs; absent rows are not zero/slow.,https://baseballsavant.mlb.com/leaderboard/sprint_speed?year=2019&position=&team=&min=10&csv=true,ac473957823a6ca43ae4a121f9689a36b875116997b21699076eba8e70a3167b,293,MISSING_LEADERBOARD_ROW_IS_MISSING_EXPOSURE_NOT_SLOW
PROEYE:53055155,ヌニエス,Renato Nunez,MATCHED_VERIFIED_MLBAM_OR_CURATED_BRIDGE,CURRENT_OR_HISTORICAL_EXTERNAL_GAME_APPRAISAL_AND_MLB_REGULAR_SEASON_EVIDENCE,600524,2020,BAL,1B,R,26.6,55,,4.69,RAW_H2F_LEADERBOARD_FIELD_NOT_STANDARDIZED_90FT,min_competitive_runs,10,Bolts are interpreted only with Competitive Runs; absent rows are not zero/slow.,https://baseballsavant.mlb.com/leaderboard/sprint_speed?year=2020&position=&team=&min=10&csv=true,13d68b0e764f9869cfda8dd68ad5019c740bbc113f3632ffdc75da044ae3ba72,272,MISSING_LEADERBOARD_ROW_IS_MISSING_EXPOSURE_NOT_SLOW
PROEYE:53055155,ヌニエス,Renato Nunez,MATCHED_VERIFIED_MLBAM_OR_CURATED_BRIDGE,CURRENT_OR_HISTORICAL_EXTERNAL_GAME_APPRAISAL_AND_MLB_REGULAR_SEASON_EVIDENCE,600524,2021,DET,1B,,27,17,,,RAW_H2F_LEADERBOARD_FIELD_NOT_STANDARDIZED_90FT,min_competitive_runs,10,Bolts are interpreted only with Competitive Runs; absent rows are not zero/slow.,https://baseballsavant.mlb.com/leaderboard/sprint_speed?year=2021&position=&team=&min=10&csv=true,2baeef658a3212f03cc2fb31aae4e51f22513cf26c9d43ce91fa628838c62707,326,MISSING_LEADERBOARD_ROW_IS_MISSING_EXPOSURE_NOT_SLOW
PROEYE:23525151,スパンジェンバーグ,Cory Spangenberg,MATCHED_VERIFIED_MLBAM_OR_CURATED_BRIDGE,CURRENT_OR_HISTORICAL_EXTERNAL_GAME_APPRAISAL_AND_MLB_REGULAR_SEASON_EVIDENCE,605486,2015,SD,2B,L,28.8,143,15,4.16,RAW_H2F_LEADERBOARD_FIELD_NOT_STANDARDIZED_90FT,min_competitive_runs,10,Bolts are interpreted only with Competitive Runs; absent rows are not zero/slow.,https://baseballsavant.mlb.com/leaderboard/sprint_speed?year=2015&position=&team=&min=10&csv=true,515b81e16926f70b7d062e013e9ef3265ea70ab9ead33e58be3b58a549a61a33,48,MISSING_LEADERBOARD_ROW_IS_MISSING_EXPOSURE_NOT_SLOW
PROEYE:23525151,スパンジェンバーグ,Cory Spangenberg,MATCHED_VERIFIED_MLBAM_OR_CURATED_BRIDGE,CURRENT_OR_HISTORICAL_EXTERNAL_GAME_APPRAISAL_AND_MLB_REGULAR_SEASON_EVIDENCE,605486,2016,SD,2B,,29.3,29,8,4.07,RAW_H2F_LEADERBOARD_FIELD_NOT_STANDARDIZED_90FT,min_competitive_runs,10,Bolts are interpreted only with Competitive Runs; absent rows are not zero/slow.,https://baseballsavant.mlb.com/leaderboard/sprint_speed?year=2016&position=&team=&min=10&csv=true,172b7304f1c1b521e13f3f3ddefe1691b1a374913a157ad3620b50ff63d4113e,27,MISSING_LEADERBOARD_ROW_IS_MISSING_EXPOSURE_NOT_SLOW
PROEYE:23525151,スパンジェンバーグ,Cory Spangenberg,MATCHED_VERIFIED_MLBAM_OR_CURATED_BRIDGE,CURRENT_OR_HISTORICAL_EXTERNAL_GAME_APPRAISAL_AND_MLB_REGULAR_SEASON_EVIDENCE,605486,2017,SD,3B,L,28.6,194,17,4.14,RAW_H2F_LEADERBOARD_FIELD_NOT_STANDARDIZED_90FT,min_competitive_runs,10,Bolts are interpreted only with Competitive Runs; absent rows are not zero/slow.,https://baseballsavant.mlb.com/leaderboard/sprint_speed?year=2017&position=&team=&min=10&csv=true,21400aeee8a3522a3ddf4e2535227252390d6b8cd14b93feee9fd07ef75fa813,93,MISSING_LEADERBOARD_ROW_IS_MISSING_EXPOSURE_NOT_SLOW
PROEYE:23525151,スパンジェンバーグ,Cory Spangenberg,MATCHED_VERIFIED_MLBAM_OR_CURATED_BRIDGE,CURRENT_OR_HISTORICAL_EXTERNAL_GAME_APPRAISAL_AND_MLB_REGULAR_SEASON_EVIDENCE,605486,2018,SD,2B,L,28.9,122,19,4.09,RAW_H2F_LEADERBOARD_FIELD_NOT_STANDARDIZED_90FT,min_competitive_runs,10,Bolts are interpreted only with Competitive Runs; absent rows are not zero/slow.,https://baseballsavant.mlb.com/leaderboard/sprint_speed?year=2018&position=&team=&min=10&csv=true,80ee384c782e52853a4627d7f40582a6cb58bd669501181eb06142eab080c5c8,65,MISSING_LEADERBOARD_ROW_IS_MISSING_EXPOSURE_NOT_SLOW
PROEYE:23525151,スパンジェンバーグ,Cory Spangenberg,MATCHED_VERIFIED_MLBAM_OR_CURATED_BRIDGE,CURRENT_OR_HISTORICAL_EXTERNAL_GAME_APPRAISAL_AND_MLB_REGULAR_SEASON_EVIDENCE,605486,2019,MIL,2B,,29.1,33,6,3.99,RAW_H2F_LEADERBOARD_FIELD_NOT_STANDARDIZED_90FT,min_competitive_runs,10,Bolts are interpreted only with Competitive Runs; absent rows are not zero/slow.,https://baseballsavant.mlb.com/leaderboard/sprint_speed?year=2019&position=&team=&min=10&csv=true,ac473957823a6ca43ae4a121f9689a36b875116997b21699076eba8e70a3167b,48,MISSING_LEADERBOARD_ROW_IS_MISSING_EXPOSURE_NOT_SLOW
PROEYE:43545157,アキーノ,Aristides Aquino,MATCHED_VERIFIED_MLBAM_OR_CURATED_BRIDGE,CURRENT_OR_HISTORICAL_EXTERNAL_GAME_APPRAISAL_AND_MLB_REGULAR_SEASON_EVIDENCE,606157,2019,CIN,RF,R,28.6,66,8,4.34,RAW_H2F_LEADERBOARD_FIELD_NOT_STANDARDIZED_90FT,min_competitive_runs,10,Bolts are interpreted only with Competitive Runs; absent rows are not zero/slow.,https://baseballsavant.mlb.com/leaderboard/sprint_speed?year=2019&position=&team=&min=10&csv=true,ac473957823a6ca43ae4a121f9689a36b875116997b21699076eba8e70a3167b,94,MISSING_LEADERBOARD_ROW_IS_MISSING_EXPOSURE_NOT_SLOW
PROEYE:43545157,アキーノ,Aristides Aquino,MATCHED_VERIFIED_MLBAM_OR_CURATED_BRIDGE,CURRENT_OR_HISTORICAL_EXTERNAL_GAME_APPRAISAL_AND_MLB_REGULAR_SEASON_EVIDENCE,606157,2020,CIN,LF,,27.9,17,,,RAW_H2F_LEADERBOARD_FIELD_NOT_STANDARDIZED_90FT,min_competitive_runs,10,Bolts are interpreted only with Competitive Runs; absent rows are not zero/slow.,https://baseballsavant.mlb.com/leaderboard/sprint_speed?year=2020&position=&team=&min=10&csv=true,13d68b0e764f9869cfda8dd68ad5019c740bbc113f3632ffdc75da044ae3ba72,117,MISSING_LEADERBOARD_ROW_IS_MISSING_EXPOSURE_NOT_SLOW
PROEYE:43545157,アキーノ,Aristides Aquino,MATCHED_VERIFIED_MLBAM_OR_CURATED_BRIDGE,CURRENT_OR_HISTORICAL_EXTERNAL_GAME_APPRAISAL_AND_MLB_REGULAR_SEASON_EVIDENCE,606157,2021,CIN,LF,,28.3,46,,4.46,RAW_H2F_LEADERBOARD_FIELD_NOT_STANDARDIZED_90FT,min_competitive_runs,10,Bolts are interpreted only with Competitive Runs; absent rows are not zero/slow.,https://baseballsavant.mlb.com/leaderboard/sprint_speed?year=2021&position=&team=&min=10&csv=true,2baeef658a3212f03cc2fb31aae4e51f22513cf26c9d43ce91fa628838c62707,130,MISSING_LEADERBOARD_ROW_IS_MISSING_EXPOSURE_NOT_SLOW
PROEYE:43545157,アキーノ,Aristides Aquino,MATCHED_VERIFIED_MLBAM_OR_CURATED_BRIDGE,CURRENT_OR_HISTORICAL_EXTERNAL_GAME_APPRAISAL_AND_MLB_REGULAR_SEASON_EVIDENCE,606157,2022,CIN,RF,R,28.7,78,2,4.42,RAW_H2F_LEADERBOARD_FIELD_NOT_STANDARDIZED_90FT,min_competitive_runs,10,Bolts are interpreted only with Competitive Runs; absent rows are not zero/slow.,https://baseballsavant.mlb.com/leaderboard/sprint_speed?year=2022&position=&team=&min=10&csv=true,6380444dc0847108b28d1f93c9d6fbff7c3739e7938822569a744b20537c7f16,89,MISSING_LEADERBOARD_ROW_IS_MISSING_EXPOSURE_NOT_SLOW
PROEYE:93095159,レイノルズ,Matt Reynolds,MATCHED_VERIFIED_MLBAM_OR_CURATED_BRIDGE,CURRENT_OR_HISTORICAL_EXTERNAL_GAME_APPRAISAL_AND_MLB_REGULAR_SEASON_EVIDENCE,608703,2016,NYM,SS,,27.8,42,,4.48,RAW_H2F_LEADERBOARD_FIELD_NOT_STANDARDIZED_90FT,min_competitive_runs,10,Bolts are interpreted only with Competitive Runs; absent rows are not zero/slow.,https://baseballsavant.mlb.com/leaderboard/sprint_speed?year=2016&position=&team=&min=10&csv=true,172b7304f1c1b521e13f3f3ddefe1691b1a374913a157ad3620b50ff63d4113e,179,MISSING_LEADERBOARD_ROW_IS_MISSING_EXPOSURE_NOT_SLOW
PROEYE:93095159,レイノルズ,Matt Reynolds,MATCHED_VERIFIED_MLBAM_OR_CURATED_BRIDGE,CURRENT_OR_HISTORICAL_EXTERNAL_GAME_APPRAISAL_AND_MLB_REGULAR_SEASON_EVIDENCE,608703,2017,NYM,3B,R,27.3,44,,4.51,RAW_H2F_LEADERBOARD_FIELD_NOT_STANDARDIZED_90FT,min_competitive_runs,10,Bolts are interpreted only with Competitive Runs; absent rows are not zero/slow.,https://baseballsavant.mlb.com/leaderboard/sprint_speed?year=2017&position=&team=&min=10&csv=true,21400aeee8a3522a3ddf4e2535227252390d6b8cd14b93feee9fd07ef75fa813,267,MISSING_LEADERBOARD_ROW_IS_MISSING_EXPOSURE_NOT_SLOW
PROEYE:93095159,レイノルズ,Matt Reynolds,MATCHED_VERIFIED_MLBAM_OR_CURATED_BRIDGE,CURRENT_OR_HISTORICAL_EXTERNAL_GAME_APPRAISAL_AND_MLB_REGULAR_SEASON_EVIDENCE,608703,2022,CIN,2B,R,27.4,103,,4.58,RAW_H2F_LEADERBOARD_FIELD_NOT_STANDARDIZED_90FT,min_competitive_runs,10,Bolts are interpreted only with Competitive Runs; absent rows are not zero/slow.,https://baseballsavant.mlb.com/leaderboard/sprint_speed?year=2022&position=&team=&min=10&csv=true,6380444dc0847108b28d1f93c9d6fbff7c3739e7938822569a744b20537c7f16,299,MISSING_LEADERBOARD_ROW_IS_MISSING_EXPOSURE_NOT_SLOW
NPBNAME:ボスラー,ボスラー,Jason Vosler,MATCHED_VERIFIED_MLBAM_OR_CURATED_BRIDGE,CURRENT_OR_HISTORICAL_EXTERNAL_GAME_APPRAISAL_AND_MLB_REGULAR_SEASON_EVIDENCE,613564,2021,SF,3B,,26.5,27,,4.58,RAW_H2F_LEADERBOARD_FIELD_NOT_STANDARDIZED_90FT,min_competitive_runs,10,Bolts are interpreted only with Competitive Runs; absent rows are not zero/slow.,https://baseballsavant.mlb.com/leaderboard/sprint_speed?year=2021&position=&team=&min=10&csv=true,2baeef658a3212f03cc2fb31aae4e51f22513cf26c9d43ce91fa628838c62707,392,MISSING_LEADERBOARD_ROW_IS_MISSING_EXPOSURE_NOT_SLOW
NPBNAME:ボスラー,ボスラー,Jason Vosler,MATCHED_VERIFIED_MLBAM_OR_CURATED_BRIDGE,CURRENT_OR_HISTORICAL_EXTERNAL_GAME_APPRAISAL_AND_MLB_REGULAR_SEASON_EVIDENCE,613564,2022,SF,3B,,26.7,39,,4.55,RAW_H2F_LEADERBOARD_FIELD_NOT_STANDARDIZED_90FT,min_competitive_runs,10,Bolts are interpreted only with Competitive Runs; absent rows are not zero/slow.,https://baseballsavant.mlb.com/leaderboard/sprint_speed?year=2022&position=&team=&min=10&csv=true,6380444dc0847108b28d1f93c9d6fbff7c3739e7938822569a744b20537c7f16,391,MISSING_LEADERBOARD_ROW_IS_MISSING_EXPOSURE_NOT_SLOW
NPBNAME:ボスラー,ボスラー,Jason Vosler,MATCHED_VERIFIED_MLBAM_OR_CURATED_BRIDGE,CURRENT_OR_HISTORICAL_EXTERNAL_GAME_APPRAISAL_AND_MLB_REGULAR_SEASON_EVIDENCE,613564,2023,CIN,1B,,26,16,,,RAW_H2F_LEADERBOARD_FIELD_NOT_STANDARDIZED_90FT,min_competitive_runs,10,Bolts are interpreted only with Competitive Runs; absent rows are not zero/slow.,https://baseballsavant.mlb.com/leaderboard/sprint_speed?year=2023&position=&team=&min=10&csv=true,2327b0cae7d6fb063c501313a8e100f8a6f2a7944a01db283f780b07b3041dde,485,MISSING_LEADERBOARD_ROW_IS_MISSING_EXPOSURE_NOT_SLOW
NPBNAME:ボスラー,ボスラー,Jason Vosler,MATCHED_VERIFIED_MLBAM_OR_CURATED_BRIDGE,CURRENT_OR_HISTORICAL_EXTERNAL_GAME_APPRAISAL_AND_MLB_REGULAR_SEASON_EVIDENCE,613564,2024,SEA,DH,,26.7,10,,,RAW_H2F_LEADERBOARD_FIELD_NOT_STANDARDIZED_90FT,min_competitive_runs,10,Bolts are interpreted only with Competitive Runs; absent rows are not zero/slow.,https://baseballsavant.mlb.com/leaderboard/sprint_speed?year=2024&position=&team=&min=10&csv=true,a93bd7657d58405f8110aba6a7fe923b54b76eed4a819dd016d118106c839257,397,MISSING_LEADERBOARD_ROW_IS_MISSING_EXPOSURE_NOT_SLOW
PROEYE:53755159,コルデロ,Franchy Cordero,MATCHED_VERIFIED_MLBAM_OR_CURATED_BRIDGE,CURRENT_OR_HISTORICAL_EXTERNAL_GAME_APPRAISAL_AND_MLB_REGULAR_SEASON_EVIDENCE,614173,2017,SD,CF,,29.8,35,11,4.04,RAW_H2F_LEADERBOARD_FIELD_NOT_STANDARDIZED_90FT,min_competitive_runs,10,Bolts are interpreted only with Competitive Runs; absent rows are not zero/slow.,https://baseballsavant.mlb.com/leaderboard/sprint_speed?year=2017&position=&team=&min=10&csv=true,21400aeee8a3522a3ddf4e2535227252390d6b8cd14b93feee9fd07ef75fa813,14,MISSING_LEADERBOARD_ROW_IS_MISSING_EXPOSURE_NOT_SLOW
PROEYE:53755159,コルデロ,Franchy Cordero,MATCHED_VERIFIED_MLBAM_OR_CURATED_BRIDGE,CURRENT_OR_HISTORICAL_EXTERNAL_GAME_APPRAISAL_AND_MLB_REGULAR_SEASON_EVIDENCE,614173,2018,SD,LF,L,29.1,48,6,4.18,RAW_H2F_LEADERBOARD_FIELD_NOT_STANDARDIZED_90FT,min_competitive_runs,10,Bolts are interpreted only with Competitive Runs; absent rows are not zero/slow.,https://baseballsavant.mlb.com/leaderboard/sprint_speed?year=2018&position=&team=&min=10&csv=true,80ee384c782e52853a4627d7f40582a6cb58bd669501181eb06142eab080c5c8,38,MISSING_LEADERBOARD_ROW_IS_MISSING_EXPOSURE_NOT_SLOW
PROEYE:53755159,コルデロ,Franchy Cordero,MATCHED_VERIFIED_MLBAM_OR_CURATED_BRIDGE,CURRENT_OR_HISTORICAL_EXTERNAL_GAME_APPRAISAL_AND_MLB_REGULAR_SEASON_EVIDENCE,614173,2020,KC,RF,,27.4,21,,,RAW_H2F_LEADERBOARD_FIELD_NOT_STANDARDIZED_90FT,min_competitive_runs,10,Bolts are interpreted only with Competitive Runs; absent rows are not zero/slow.,https://baseballsavant.mlb.com/leaderboard/sprint_speed?year=2020&position=&team=&min=10&csv=true,13d68b0e764f9869cfda8dd68ad5019c740bbc113f3632ffdc75da044ae3ba72,172,MISSING_LEADERBOARD_ROW_IS_MISSING_EXPOSURE_NOT_SLOW
PROEYE:53755159,コルデロ,Franchy Cordero,MATCHED_VERIFIED_MLBAM_OR_CURATED_BRIDGE,CURRENT_OR_HISTORICAL_EXTERNAL_GAME_APPRAISAL_AND_MLB_REGULAR_SEASON_EVIDENCE,614173,2021,BOS,LF,L,28.6,46,1,4.25,RAW_H2F_LEADERBOARD_FIELD_NOT_STANDARDIZED_90FT,min_competitive_runs,10,Bolts are interpreted only with Competitive Runs; absent rows are not zero/slow.,https://baseballsavant.mlb.com/leaderboard/sprint_speed?year=2021&position=&team=&min=10&csv=true,2baeef658a3212f03cc2fb31aae4e51f22513cf26c9d43ce91fa628838c62707,86,MISSING_LEADERBOARD_ROW_IS_MISSING_EXPOSURE_NOT_SLOW
PROEYE:53755159,コルデロ,Franchy Cordero,MATCHED_VERIFIED_MLBAM_OR_CURATED_BRIDGE,CURRENT_OR_HISTORICAL_EXTERNAL_GAME_APPRAISAL_AND_MLB_REGULAR_SEASON_EVIDENCE,614173,2022,BOS,1B,L,28.6,80,4,4.27,RAW_H2F_LEADERBOARD_FIELD_NOT_STANDARDIZED_90FT,min_competitive_runs,10,Bolts are interpreted only with Competitive Runs; absent rows are not zero/slow.,https://baseballsavant.mlb.com/leaderboard/sprint_speed?year=2022&position=&team=&min=10&csv=true,6380444dc0847108b28d1f93c9d6fbff7c3739e7938822569a744b20537c7f16,100,MISSING_LEADERBOARD_ROW_IS_MISSING_EXPOSURE_NOT_SLOW
PROEYE:53755159,コルデロ,Franchy Cordero,MATCHED_VERIFIED_MLBAM_OR_CURATED_BRIDGE,CURRENT_OR_HISTORICAL_EXTERNAL_GAME_APPRAISAL_AND_MLB_REGULAR_SEASON_EVIDENCE,614173,2023,NYY,RF,,27.4,23,,4.44,RAW_H2F_LEADERBOARD_FIELD_NOT_STANDARDIZED_90FT,min_competitive_runs,10,Bolts are interpreted only with Competitive Runs; absent rows are not zero/slow.,https://baseballsavant.mlb.com/leaderboard/sprint_speed?year=2023&position=&team=&min=10&csv=true,2327b0cae7d6fb063c501313a8e100f8a6f2a7944a01db283f780b07b3041dde,285,MISSING_LEADERBOARD_ROW_IS_MISSING_EXPOSURE_NOT_SLOW
NPBNAME:レイエス,レイエス,Franmil Reyes,MATCHED_VERIFIED_MLBAM_OR_CURATED_BRIDGE,CURRENT_OR_HISTORICAL_EXTERNAL_GAME_APPRAISAL_AND_MLB_REGULAR_SEASON_EVIDENCE,614177,2018,SD,RF,R,26.8,101,,4.54,RAW_H2F_LEADERBOARD_FIELD_NOT_STANDARDIZED_90FT,min_competitive_runs,10,Bolts are interpreted only with Competitive Runs; absent rows are not zero/slow.,https://baseballsavant.mlb.com/leaderboard/sprint_speed?year=2018&position=&team=&min=10&csv=true,80ee384c782e52853a4627d7f40582a6cb58bd669501181eb06142eab080c5c8,329,MISSING_LEADERBOARD_ROW_IS_MISSING_EXPOSURE_NOT_SLOW
NPBNAME:レイエス,レイエス,Franmil Reyes,MATCHED_VERIFIED_MLBAM_OR_CURATED_BRIDGE,CURRENT_OR_HISTORICAL_EXTERNAL_GAME_APPRAISAL_AND_MLB_REGULAR_SEASON_EVIDENCE,614177,2019,CLE,RF,R,26.6,164,,4.58,RAW_H2F_LEADERBOARD_FIELD_NOT_STANDARDIZED_90FT,min_competitive_runs,10,Bolts are interpreted only with Competitive Runs; absent rows are not zero/slow.,https://baseballsavant.mlb.com/leaderboard/sprint_speed?year=2019&position=&team=&min=10&csv=true,ac473957823a6ca43ae4a121f9689a36b875116997b21699076eba8e70a3167b,368,MISSING_LEADERBOARD_ROW_IS_MISSING_EXPOSURE_NOT_SLOW
NPBNAME:レイエス,レイエス,Franmil Reyes,MATCHED_VERIFIED_MLBAM_OR_CURATED_BRIDGE,CURRENT_OR_HISTORICAL_EXTERNAL_GAME_APPRAISAL_AND_MLB_REGULAR_SEASON_EVIDENCE,614177,2020,CLE,DH,R,26.2,76,,4.77,RAW_H2F_LEADERBOARD_FIELD_NOT_STANDARDIZED_90FT,min_competitive_runs,10,Bolts are interpreted only with Competitive Runs; absent rows are not zero/slow.,https://baseballsavant.mlb.com/leaderboard/sprint_speed?year=2020&position=&team=&min=10&csv=true,13d68b0e764f9869cfda8dd68ad5019c740bbc113f3632ffdc75da044ae3ba72,320,MISSING_LEADERBOARD_ROW_IS_MISSING_EXPOSURE_NOT_SLOW
NPBNAME:レイエス,レイエス,Franmil Reyes,MATCHED_VERIFIED_MLBAM_OR_CURATED_BRIDGE,CURRENT_OR_HISTORICAL_EXTERNAL_GAME_APPRAISAL_AND_MLB_REGULAR_SEASON_EVIDENCE,614177,2021,CLE,DH,R,26.1,124,,4.76,RAW_H2F_LEADERBOARD_FIELD_NOT_STANDARDIZED_90FT,min_competitive_runs,10,Bolts are interpreted only with Competitive Runs; absent rows are not zero/slow.,https://baseballsavant.mlb.com/leaderboard/sprint_speed?year=2021&position=&team=&min=10&csv=true,2baeef658a3212f03cc2fb31aae4e51f22513cf26c9d43ce91fa628838c62707,439,MISSING_LEADERBOARD_ROW_IS_MISSING_EXPOSURE_NOT_SLOW
NPBNAME:レイエス,レイエス,Franmil Reyes,MATCHED_VERIFIED_MLBAM_OR_CURATED_BRIDGE,CURRENT_OR_HISTORICAL_EXTERNAL_GAME_APPRAISAL_AND_MLB_REGULAR_SEASON_EVIDENCE,614177,2022,CHC,DH,R,26,147,,4.8,RAW_H2F_LEADERBOARD_FIELD_NOT_STANDARDIZED_90FT,min_competitive_runs,10,Bolts are interpreted only with Competitive Runs; absent rows are not zero/slow.,https://baseballsavant.mlb.com/leaderboard/sprint_speed?year=2022&position=&team=&min=10&csv=true,6380444dc0847108b28d1f93c9d6fbff7c3739e7938822569a744b20537c7f16,477,MISSING_LEADERBOARD_ROW_IS_MISSING_EXPOSURE_NOT_SLOW
NPBNAME:レイエス,レイエス,Franmil Reyes,MATCHED_VERIFIED_MLBAM_OR_CURATED_BRIDGE,CURRENT_OR_HISTORICAL_EXTERNAL_GAME_APPRAISAL_AND_MLB_REGULAR_SEASON_EVIDENCE,614177,2023,KC,DH,,26.5,23,,4.77,RAW_H2F_LEADERBOARD_FIELD_NOT_STANDARDIZED_90FT,min_competitive_runs,10,Bolts are interpreted only with Competitive Runs; absent rows are not zero/slow.,https://baseballsavant.mlb.com/leaderboard/sprint_speed?year=2023&position=&team=&min=10&csv=true,2327b0cae7d6fb063c501313a8e100f8a6f2a7944a01db283f780b07b3041dde,413,MISSING_LEADERBOARD_ROW_IS_MISSING_EXPOSURE_NOT_SLOW
PROEYE:83985157,ブリンソン,Lewis Brinson,MATCHED_VERIFIED_MLBAM_OR_CURATED_BRIDGE,CURRENT_OR_HISTORICAL_EXTERNAL_GAME_APPRAISAL_AND_MLB_REGULAR_SEASON_EVIDENCE,621446,2017,MIL,CF,,29.2,18,4,4.24,RAW_H2F_LEADERBOARD_FIELD_NOT_STANDARDIZED_90FT,min_competitive_runs,10,Bolts are interpreted only with Competitive Runs; absent rows are not zero/slow.,https://baseballsavant.mlb.com/leaderboard/sprint_speed?year=2017&position=&team=&min=10&csv=true,21400aeee8a3522a3ddf4e2535227252390d6b8cd14b93feee9fd07ef75fa813,32,MISSING_LEADERBOARD_ROW_IS_MISSING_EXPOSURE_NOT_SLOW
PROEYE:83985157,ブリンソン,Lewis Brinson,MATCHED_VERIFIED_MLBAM_OR_CURATED_BRIDGE,CURRENT_OR_HISTORICAL_EXTERNAL_GAME_APPRAISAL_AND_MLB_REGULAR_SEASON_EVIDENCE,621446,2018,MIA,CF,R,29.3,159,23,4.21,RAW_H2F_LEADERBOARD_FIELD_NOT_STANDARDIZED_90FT,min_competitive_runs,10,Bolts are interpreted only with Competitive Runs; absent rows are not zero/slow.,https://baseballsavant.mlb.com/leaderboard/sprint_speed?year=2018&position=&team=&min=10&csv=true,80ee384c782e52853a4627d7f40582a6cb58bd669501181eb06142eab080c5c8,31,MISSING_LEADERBOARD_ROW_IS_MISSING_EXPOSURE_NOT_SLOW
PROEYE:83985157,ブリンソン,Lewis Brinson,MATCHED_VERIFIED_MLBAM_OR_CURATED_BRIDGE,CURRENT_OR_HISTORICAL_EXTERNAL_GAME_APPRAISAL_AND_MLB_REGULAR_SEASON_EVIDENCE,621446,2019,MIA,CF,R,29.5,91,18,4.23,RAW_H2F_LEADERBOARD_FIELD_NOT_STANDARDIZED_90FT,min_competitive_runs,10,Bolts are interpreted only with Competitive Runs; absent rows are not zero/slow.,https://baseballsavant.mlb.com/leaderboard/sprint_speed?year=2019&position=&team=&min=10&csv=true,ac473957823a6ca43ae4a121f9689a36b875116997b21699076eba8e70a3167b,24,MISSING_LEADERBOARD_ROW_IS_MISSING_EXPOSURE_NOT_SLOW
PROEYE:83985157,ブリンソン,Lewis Brinson,MATCHED_VERIFIED_MLBAM_OR_CURATED_BRIDGE,CURRENT_OR_HISTORICAL_EXTERNAL_GAME_APPRAISAL_AND_MLB_REGULAR_SEASON_EVIDENCE,621446,2020,MIA,RF,R,28.5,53,2,4.31,RAW_H2F_LEADERBOARD_FIELD_NOT_STANDARDIZED_90FT,min_competitive_runs,10,Bolts are interpreted only with Competitive Runs; absent rows are not zero/slow.,https://baseballsavant.mlb.com/leaderboard/sprint_speed?year=2020&position=&team=&min=10&csv=true,13d68b0e764f9869cfda8dd68ad5019c740bbc113f3632ffdc75da044ae3ba72,51,MISSING_LEADERBOARD_ROW_IS_MISSING_EXPOSURE_NOT_SLOW
PROEYE:83985157,ブリンソン,Lewis Brinson,MATCHED_VERIFIED_MLBAM_OR_CURATED_BRIDGE,CURRENT_OR_HISTORICAL_EXTERNAL_GAME_APPRAISAL_AND_MLB_REGULAR_SEASON_EVIDENCE,621446,2021,MIA,LF,R,28.6,111,1,4.33,RAW_H2F_LEADERBOARD_FIELD_NOT_STANDARDIZED_90FT,min_competitive_runs,10,Bolts are interpreted only with Competitive Runs; absent rows are not zero/slow.,https://baseballsavant.mlb.com/leaderboard/sprint_speed?year=2021&position=&team=&min=10&csv=true,2baeef658a3212f03cc2fb31aae4e51f22513cf26c9d43ce91fa628838c62707,85,MISSING_LEADERBOARD_ROW_IS_MISSING_EXPOSURE_NOT_SLOW
PROEYE:83985157,ブリンソン,Lewis Brinson,MATCHED_VERIFIED_MLBAM_OR_CURATED_BRIDGE,CURRENT_OR_HISTORICAL_EXTERNAL_GAME_APPRAISAL_AND_MLB_REGULAR_SEASON_EVIDENCE,621446,2022,SF,CF,,28.9,10,1,,RAW_H2F_LEADERBOARD_FIELD_NOT_STANDARDIZED_90FT,min_competitive_runs,10,Bolts are interpreted only with Competitive Runs; absent rows are not zero/slow.,https://baseballsavant.mlb.com/leaderboard/sprint_speed?year=2022&position=&team=&min=10&csv=true,6380444dc0847108b28d1f93c9d6fbff7c3739e7938822569a744b20537c7f16,65,MISSING_LEADERBOARD_ROW_IS_MISSING_EXPOSURE_NOT_SLOW
PROEYE:63265155,キブレハン,Patrick Kivlehan,MATCHED_VERIFIED_MLBAM_OR_CURATED_BRIDGE,CURRENT_OR_HISTORICAL_EXTERNAL_GAME_APPRAISAL_AND_MLB_REGULAR_SEASON_EVIDENCE,623182,2017,CIN,RF,R,28.3,67,,4.34,RAW_H2F_LEADERBOARD_FIELD_NOT_STANDARDIZED_90FT,min_competitive_runs,10,Bolts are interpreted only with Competitive Runs; absent rows are not zero/slow.,https://baseballsavant.mlb.com/leaderboard/sprint_speed?year=2017&position=&team=&min=10&csv=true,21400aeee8a3522a3ddf4e2535227252390d6b8cd14b93feee9fd07ef75fa813,133,MISSING_LEADERBOARD_ROW_IS_MISSING_EXPOSURE_NOT_SLOW
PROEYE:23025150,デービス,Jonathan Davis,MATCHED_VERIFIED_MLBAM_OR_CURATED_BRIDGE,CURRENT_OR_HISTORICAL_EXTERNAL_GAME_APPRAISAL_AND_MLB_REGULAR_SEASON_EVIDENCE,641505,2018,TOR,CF,,29,13,4,,RAW_H2F_LEADERBOARD_FIELD_NOT_STANDARDIZED_90FT,min_competitive_runs,10,Bolts are interpreted only with Competitive Runs; absent rows are not zero/slow.,https://baseballsavant.mlb.com/leaderboard/sprint_speed?year=2018&position=&team=&min=10&csv=true,80ee384c782e52853a4627d7f40582a6cb58bd669501181eb06142eab080c5c8,53,MISSING_LEADERBOARD_ROW_IS_MISSING_EXPOSURE_NOT_SLOW
PROEYE:23025150,デービス,Jonathan Davis,MATCHED_VERIFIED_MLBAM_OR_CURATED_BRIDGE,CURRENT_OR_HISTORICAL_EXTERNAL_GAME_APPRAISAL_AND_MLB_REGULAR_SEASON_EVIDENCE,641505,2019,TOR,CF,,28.4,33,,4.17,RAW_H2F_LEADERBOARD_FIELD_NOT_STANDARDIZED_90FT,min_competitive_runs,10,Bolts are interpreted only with Competitive Runs; absent rows are not zero/slow.,https://baseballsavant.mlb.com/leaderboard/sprint_speed?year=2019&position=&team=&min=10&csv=true,ac473957823a6ca43ae4a121f9689a36b875116997b21699076eba8e70a3167b,114,MISSING_LEADERBOARD_ROW_IS_MISSING_EXPOSURE_NOT_SLOW
PROEYE:23025150,デービス,Jonathan Davis,MATCHED_VERIFIED_MLBAM_OR_CURATED_BRIDGE,CURRENT_OR_HISTORICAL_EXTERNAL_GAME_APPRAISAL_AND_MLB_REGULAR_SEASON_EVIDENCE,641505,2021,NYY,CF,,28.6,31,,4.34,RAW_H2F_LEADERBOARD_FIELD_NOT_STANDARDIZED_90FT,min_competitive_runs,10,Bolts are interpreted only with Competitive Runs; absent rows are not zero/slow.,https://baseballsavant.mlb.com/leaderboard/sprint_speed?year=2021&position=&team=&min=10&csv=true,2baeef658a3212f03cc2fb31aae4e51f22513cf26c9d43ce91fa628838c62707,78,MISSING_LEADERBOARD_ROW_IS_MISSING_EXPOSURE_NOT_SLOW
PROEYE:23025150,デービス,Jonathan Davis,MATCHED_VERIFIED_MLBAM_OR_CURATED_BRIDGE,CURRENT_OR_HISTORICAL_EXTERNAL_GAME_APPRAISAL_AND_MLB_REGULAR_SEASON_EVIDENCE,641505,2022,MIL,CF,R,28.1,33,,4.41,RAW_H2F_LEADERBOARD_FIELD_NOT_STANDARDIZED_90FT,min_competitive_runs,10,Bolts are interpreted only with Competitive Runs; absent rows are not zero/slow.,https://baseballsavant.mlb.com/leaderboard/sprint_speed?year=2022&position=&team=&min=10&csv=true,6380444dc0847108b28d1f93c9d6fbff7c3739e7938822569a744b20537c7f16,179,MISSING_LEADERBOARD_ROW_IS_MISSING_EXPOSURE_NOT_SLOW
PROEYE:23025150,デービス,Jonathan Davis,MATCHED_VERIFIED_MLBAM_OR_CURATED_BRIDGE,CURRENT_OR_HISTORICAL_EXTERNAL_GAME_APPRAISAL_AND_MLB_REGULAR_SEASON_EVIDENCE,641505,2023,MIA,CF,R,28.9,42,1,4.26,RAW_H2F_LEADERBOARD_FIELD_NOT_STANDARDIZED_90FT,min_competitive_runs,10,Bolts are interpreted only with Competitive Runs; absent rows are not zero/slow.,https://baseballsavant.mlb.com/leaderboard/sprint_speed?year=2023&position=&team=&min=10&csv=true,2327b0cae7d6fb063c501313a8e100f8a6f2a7944a01db283f780b07b3041dde,72,MISSING_LEADERBOARD_ROW_IS_MISSING_EXPOSURE_NOT_SLOW
PROEYE:63765153,ディクソン,Brandon Dixon,MATCHED_VERIFIED_MLBAM_OR_CURATED_BRIDGE,CURRENT_OR_HISTORICAL_EXTERNAL_GAME_APPRAISAL_AND_MLB_REGULAR_SEASON_EVIDENCE,641525,2018,CIN,1B,R,28.9,44,2,4.22,RAW_H2F_LEADERBOARD_FIELD_NOT_STANDARDIZED_90FT,min_competitive_runs,10,Bolts are interpreted only with Competitive Runs; absent rows are not zero/slow.,https://baseballsavant.mlb.com/leaderboard/sprint_speed?year=2018&position=&team=&min=10&csv=true,80ee384c782e52853a4627d7f40582a6cb58bd669501181eb06142eab080c5c8,61,MISSING_LEADERBOARD_ROW_IS_MISSING_EXPOSURE_NOT_SLOW
PROEYE:63765153,ディクソン,Brandon Dixon,MATCHED_VERIFIED_MLBAM_OR_CURATED_BRIDGE,CURRENT_OR_HISTORICAL_EXTERNAL_GAME_APPRAISAL_AND_MLB_REGULAR_SEASON_EVIDENCE,641525,2019,DET,1B,R,28.5,132,,4.24,RAW_H2F_LEADERBOARD_FIELD_NOT_STANDARDIZED_90FT,min_competitive_runs,10,Bolts are interpreted only with Competitive Runs; absent rows are not zero/slow.,https://baseballsavant.mlb.com/leaderboard/sprint_speed?year=2019&position=&team=&min=10&csv=true,ac473957823a6ca43ae4a121f9689a36b875116997b21699076eba8e70a3167b,105,MISSING_LEADERBOARD_ROW_IS_MISSING_EXPOSURE_NOT_SLOW
PROEYE:63765153,ディクソン,Brandon Dixon,MATCHED_VERIFIED_MLBAM_OR_CURATED_BRIDGE,CURRENT_OR_HISTORICAL_EXTERNAL_GAME_APPRAISAL_AND_MLB_REGULAR_SEASON_EVIDENCE,641525,2023,SD,1B,,28.4,28,2,4.33,RAW_H2F_LEADERBOARD_FIELD_NOT_STANDARDIZED_90FT,min_competitive_runs,10,Bolts are interpreted only with Competitive Runs; absent rows are not zero/slow.,https://baseballsavant.mlb.com/leaderboard/sprint_speed?year=2023&position=&team=&min=10&csv=true,2327b0cae7d6fb063c501313a8e100f8a6f2a7944a01db283f780b07b3041dde,136,MISSING_LEADERBOARD_ROW_IS_MISSING_EXPOSURE_NOT_SLOW
PROEYE:73975157,ノイジー,Sheldon Neuse,MATCHED_VERIFIED_MLBAM_OR_CURATED_BRIDGE,CURRENT_OR_HISTORICAL_EXTERNAL_GAME_APPRAISAL_AND_MLB_REGULAR_SEASON_EVIDENCE,641914,2019,ATH,2B,,25.8,20,,4.61,RAW_H2F_LEADERBOARD_FIELD_NOT_STANDARDIZED_90FT,min_competitive_runs,10,Bolts are interpreted only with Competitive Runs; absent rows are not zero/slow.,https://baseballsavant.mlb.com/leaderboard/sprint_speed?year=2019&position=&team=&min=10&csv=true,ac473957823a6ca43ae4a121f9689a36b875116997b21699076eba8e70a3167b,466,MISSING_LEADERBOARD_ROW_IS_MISSING_EXPOSURE_NOT_SLOW
PROEYE:73975157,ノイジー,Sheldon Neuse,MATCHED_VERIFIED_MLBAM_OR_CURATED_BRIDGE,CURRENT_OR_HISTORICAL_EXTERNAL_GAME_APPRAISAL_AND_MLB_REGULAR_SEASON_EVIDENCE,641914,2021,LAD,2B,,27,19,,,RAW_H2F_LEADERBOARD_FIELD_NOT_STANDARDIZED_90FT,min_competitive_runs,10,Bolts are interpreted only with Competitive Runs; absent rows are not zero/slow.,https://baseballsavant.mlb.com/leaderboard/sprint_speed?year=2021&position=&team=&min=10&csv=true,2baeef658a3212f03cc2fb31aae4e51f22513cf26c9d43ce91fa628838c62707,310,MISSING_LEADERBOARD_ROW_IS_MISSING_EXPOSURE_NOT_SLOW
PROEYE:73975157,ノイジー,Sheldon Neuse,MATCHED_VERIFIED_MLBAM_OR_CURATED_BRIDGE,CURRENT_OR_HISTORICAL_EXTERNAL_GAME_APPRAISAL_AND_MLB_REGULAR_SEASON_EVIDENCE,641914,2022,ATH,3B,R,26.4,124,,4.62,RAW_H2F_LEADERBOARD_FIELD_NOT_STANDARDIZED_90FT,min_competitive_runs,10,Bolts are interpreted only with Competitive Runs; absent rows are not zero/slow.,https://baseballsavant.mlb.com/leaderboard/sprint_speed?year=2022&position=&team=&min=10&csv=true,6380444dc0847108b28d1f93c9d6fbff7c3739e7938822569a744b20537c7f16,419,MISSING_LEADERBOARD_ROW_IS_MISSING_EXPOSURE_NOT_SLOW
PROEYE:53955159,トーマス,Cody Thomas,MATCHED_VERIFIED_MLBAM_OR_CURATED_BRIDGE,CURRENT_OR_HISTORICAL_EXTERNAL_GAME_APPRAISAL_AND_MLB_REGULAR_SEASON_EVIDENCE,642137,2023,ATH,RF,,28.3,15,,,RAW_H2F_LEADERBOARD_FIELD_NOT_STANDARDIZED_90FT,min_competitive_runs,10,Bolts are interpreted only with Competitive Runs; absent rows are not zero/slow.,https://baseballsavant.mlb.com/leaderboard/sprint_speed?year=2023&position=&team=&min=10&csv=true,2327b0cae7d6fb063c501313a8e100f8a6f2a7944a01db283f780b07b3041dde,152,MISSING_LEADERBOARD_ROW_IS_MISSING_EXPOSURE_NOT_SLOW
PROEYE:13215155,マクブルーム,Ryan Mcbroom,MATCHED_VERIFIED_MLBAM_OR_CURATED_BRIDGE,CURRENT_OR_HISTORICAL_EXTERNAL_GAME_APPRAISAL_AND_MLB_REGULAR_SEASON_EVIDENCE,643436,2019,KC,RF,,27.2,35,,4.53,RAW_H2F_LEADERBOARD_FIELD_NOT_STANDARDIZED_90FT,min_competitive_runs,10,Bolts are interpreted only with Competitive Runs; absent rows are not zero/slow.,https://baseballsavant.mlb.com/leaderboard/sprint_speed?year=2019&position=&team=&min=10&csv=true,ac473957823a6ca43ae4a121f9689a36b875116997b21699076eba8e70a3167b,280,MISSING_LEADERBOARD_ROW_IS_MISSING_EXPOSURE_NOT_SLOW
PROEYE:13215155,マクブルーム,Ryan Mcbroom,MATCHED_VERIFIED_MLBAM_OR_CURATED_BRIDGE,CURRENT_OR_HISTORICAL_EXTERNAL_GAME_APPRAISAL_AND_MLB_REGULAR_SEASON_EVIDENCE,643436,2020,KC,1B,,26.4,22,,,RAW_H2F_LEADERBOARD_FIELD_NOT_STANDARDIZED_90FT,min_competitive_runs,10,Bolts are interpreted only with Competitive Runs; absent rows are not zero/slow.,https://baseballsavant.mlb.com/leaderboard/sprint_speed?year=2020&position=&team=&min=10&csv=true,13d68b0e764f9869cfda8dd68ad5019c740bbc113f3632ffdc75da044ae3ba72,290,MISSING_LEADERBOARD_ROW_IS_MISSING_EXPOSURE_NOT_SLOW
PROEYE:83785157,シュウィンデル,Frank Schwindel,MATCHED_VERIFIED_MLBAM_OR_CURATED_BRIDGE,CURRENT_OR_HISTORICAL_EXTERNAL_GAME_APPRAISAL_AND_MLB_REGULAR_SEASON_EVIDENCE,643524,2021,CHC,1B,R,26.2,100,,4.53,RAW_H2F_LEADERBOARD_FIELD_NOT_STANDARDIZED_90FT,min_competitive_runs,10,Bolts are interpreted only with Competitive Runs; absent rows are not zero/slow.,https://baseballsavant.mlb.com/leaderboard/sprint_speed?year=2021&position=&team=&min=10&csv=true,2baeef658a3212f03cc2fb31aae4e51f22513cf26c9d43ce91fa628838c62707,434,MISSING_LEADERBOARD_ROW_IS_MISSING_EXPOSURE_NOT_SLOW
PROEYE:83785157,シュウィンデル,Frank Schwindel,MATCHED_VERIFIED_MLBAM_OR_CURATED_BRIDGE,CURRENT_OR_HISTORICAL_EXTERNAL_GAME_APPRAISAL_AND_MLB_REGULAR_SEASON_EVIDENCE,643524,2022,CHC,1B,R,25.6,106,,4.65,RAW_H2F_LEADERBOARD_FIELD_NOT_STANDARDIZED_90FT,min_competitive_runs,10,Bolts are interpreted only with Competitive Runs; absent rows are not zero/slow.,https://baseballsavant.mlb.com/leaderboard/sprint_speed?year=2022&position=&team=&min=10&csv=true,6380444dc0847108b28d1f93c9d6fbff7c3739e7938822569a744b20537c7f16,509,MISSING_LEADERBOARD_ROW_IS_MISSING_EXPOSURE_NOT_SLOW
PROEYE:03205159,フォード,Mike Ford,MATCHED_VERIFIED_MLBAM_OR_CURATED_BRIDGE,CURRENT_OR_HISTORICAL_EXTERNAL_GAME_APPRAISAL_AND_MLB_REGULAR_SEASON_EVIDENCE,645801,2019,NYY,1B,,24.5,46,,4.74,RAW_H2F_LEADERBOARD_FIELD_NOT_STANDARDIZED_90FT,min_competitive_runs,10,Bolts are interpreted only with Competitive Runs; absent rows are not zero/slow.,https://baseballsavant.mlb.com/leaderboard/sprint_speed?year=2019&position=&team=&min=10&csv=true,ac473957823a6ca43ae4a121f9689a36b875116997b21699076eba8e70a3167b,537,MISSING_LEADERBOARD_ROW_IS_MISSING_EXPOSURE_NOT_SLOW
PROEYE:03205159,フォード,Mike Ford,MATCHED_VERIFIED_MLBAM_OR_CURATED_BRIDGE,CURRENT_OR_HISTORICAL_EXTERNAL_GAME_APPRAISAL_AND_MLB_REGULAR_SEASON_EVIDENCE,645801,2020,NYY,1B,,24.3,31,,4.72,RAW_H2F_LEADERBOARD_FIELD_NOT_STANDARDIZED_90FT,min_competitive_runs,10,Bolts are interpreted only with Competitive Runs; absent rows are not zero/slow.,https://baseballsavant.mlb.com/leaderboard/sprint_speed?year=2020&position=&team=&min=10&csv=true,13d68b0e764f9869cfda8dd68ad5019c740bbc113f3632ffdc75da044ae3ba72,435,MISSING_LEADERBOARD_ROW_IS_MISSING_EXPOSURE_NOT_SLOW
PROEYE:03205159,フォード,Mike Ford,MATCHED_VERIFIED_MLBAM_OR_CURATED_BRIDGE,CURRENT_OR_HISTORICAL_EXTERNAL_GAME_APPRAISAL_AND_MLB_REGULAR_SEASON_EVIDENCE,645801,2021,NYY,1B,,23.1,12,,,RAW_H2F_LEADERBOARD_FIELD_NOT_STANDARDIZED_90FT,min_competitive_runs,10,Bolts are interpreted only with Competitive Runs; absent rows are not zero/slow.,https://baseballsavant.mlb.com/leaderboard/sprint_speed?year=2021&position=&team=&min=10&csv=true,2baeef658a3212f03cc2fb31aae4e51f22513cf26c9d43ce91fa628838c62707,558,MISSING_LEADERBOARD_ROW_IS_MISSING_EXPOSURE_NOT_SLOW
PROEYE:03205159,フォード,Mike Ford,MATCHED_VERIFIED_MLBAM_OR_CURATED_BRIDGE,CURRENT_OR_HISTORICAL_EXTERNAL_GAME_APPRAISAL_AND_MLB_REGULAR_SEASON_EVIDENCE,645801,2022,LAA,1B,,24.4,30,,4.79,RAW_H2F_LEADERBOARD_FIELD_NOT_STANDARDIZED_90FT,min_competitive_runs,10,Bolts are interpreted only with Competitive Runs; absent rows are not zero/slow.,https://baseballsavant.mlb.com/leaderboard/sprint_speed?year=2022&position=&team=&min=10&csv=true,6380444dc0847108b28d1f93c9d6fbff7c3739e7938822569a744b20537c7f16,566,MISSING_LEADERBOARD_ROW_IS_MISSING_EXPOSURE_NOT_SLOW
PROEYE:03205159,フォード,Mike Ford,MATCHED_VERIFIED_MLBAM_OR_CURATED_BRIDGE,CURRENT_OR_HISTORICAL_EXTERNAL_GAME_APPRAISAL_AND_MLB_REGULAR_SEASON_EVIDENCE,645801,2023,SEA,DH,,24.5,51,,4.88,RAW_H2F_LEADERBOARD_FIELD_NOT_STANDARDIZED_90FT,min_competitive_runs,10,Bolts are interpreted only with Competitive Runs; absent rows are not zero/slow.,https://baseballsavant.mlb.com/leaderboard/sprint_speed?year=2023&position=&team=&min=10&csv=true,2327b0cae7d6fb063c501313a8e100f8a6f2a7944a01db283f780b07b3041dde,564,MISSING_LEADERBOARD_ROW_IS_MISSING_EXPOSURE_NOT_SLOW
PROEYE:03205159,フォード,Mike Ford,MATCHED_VERIFIED_MLBAM_OR_CURATED_BRIDGE,CURRENT_OR_HISTORICAL_EXTERNAL_GAME_APPRAISAL_AND_MLB_REGULAR_SEASON_EVIDENCE,645801,2024,CIN,DH,,22.8,15,,,RAW_H2F_LEADERBOARD_FIELD_NOT_STANDARDIZED_90FT,min_competitive_runs,10,Bolts are interpreted only with Competitive Runs; absent rows are not zero/slow.,https://baseballsavant.mlb.com/leaderboard/sprint_speed?year=2024&position=&team=&min=10&csv=true,a93bd7657d58405f8110aba6a7fe923b54b76eed4a819dd016d118106c839257,567,MISSING_LEADERBOARD_ROW_IS_MISSING_EXPOSURE_NOT_SLOW
PROEYE:63065150,チェイビス,Michael Chavis,MATCHED_VERIFIED_MLBAM_OR_CURATED_BRIDGE,CURRENT_OR_HISTORICAL_EXTERNAL_GAME_APPRAISAL_AND_MLB_REGULAR_SEASON_EVIDENCE,656308,2019,BOS,1B,R,28,121,,4.37,RAW_H2F_LEADERBOARD_FIELD_NOT_STANDARDIZED_90FT,min_competitive_runs,10,Bolts are interpreted only with Competitive Runs; absent rows are not zero/slow.,https://baseballsavant.mlb.com/leaderboard/sprint_speed?year=2019&position=&team=&min=10&csv=true,ac473957823a6ca43ae4a121f9689a36b875116997b21699076eba8e70a3167b,172,MISSING_LEADERBOARD_ROW_IS_MISSING_EXPOSURE_NOT_SLOW
PROEYE:63065150,チェイビス,Michael Chavis,MATCHED_VERIFIED_MLBAM_OR_CURATED_BRIDGE,CURRENT_OR_HISTORICAL_EXTERNAL_GAME_APPRAISAL_AND_MLB_REGULAR_SEASON_EVIDENCE,656308,2020,BOS,1B,,28.1,53,,4.41,RAW_H2F_LEADERBOARD_FIELD_NOT_STANDARDIZED_90FT,min_competitive_runs,10,Bolts are interpreted only with Competitive Runs; absent rows are not zero/slow.,https://baseballsavant.mlb.com/leaderboard/sprint_speed?year=2020&position=&team=&min=10&csv=true,13d68b0e764f9869cfda8dd68ad5019c740bbc113f3632ffdc75da044ae3ba72,99,MISSING_LEADERBOARD_ROW_IS_MISSING_EXPOSURE_NOT_SLOW
PROEYE:63065150,チェイビス,Michael Chavis,MATCHED_VERIFIED_MLBAM_OR_CURATED_BRIDGE,CURRENT_OR_HISTORICAL_EXTERNAL_GAME_APPRAISAL_AND_MLB_REGULAR_SEASON_EVIDENCE,656308,2021,PIT,2B,R,28.7,49,,4.38,RAW_H2F_LEADERBOARD_FIELD_NOT_STANDARDIZED_90FT,min_competitive_runs,10,Bolts are interpreted only with Competitive Runs; absent rows are not zero/slow.,https://baseballsavant.mlb.com/leaderboard/sprint_speed?year=2021&position=&team=&min=10&csv=true,2baeef658a3212f03cc2fb31aae4e51f22513cf26c9d43ce91fa628838c62707,73,MISSING_LEADERBOARD_ROW_IS_MISSING_EXPOSURE_NOT_SLOW
PROEYE:63065150,チェイビス,Michael Chavis,MATCHED_VERIFIED_MLBAM_OR_CURATED_BRIDGE,CURRENT_OR_HISTORICAL_EXTERNAL_GAME_APPRAISAL_AND_MLB_REGULAR_SEASON_EVIDENCE,656308,2022,PIT,1B,R,28.8,143,1,4.36,RAW_H2F_LEADERBOARD_FIELD_NOT_STANDARDIZED_90FT,min_competitive_runs,10,Bolts are interpreted only with Competitive Runs; absent rows are not zero/slow.,https://baseballsavant.mlb.com/leaderboard/sprint_speed?year=2022&position=&team=&min=10&csv=true,6380444dc0847108b28d1f93c9d6fbff7c3739e7938822569a744b20537c7f16,78,MISSING_LEADERBOARD_ROW_IS_MISSING_EXPOSURE_NOT_SLOW
PROEYE:63065150,チェイビス,Michael Chavis,MATCHED_VERIFIED_MLBAM_OR_CURATED_BRIDGE,CURRENT_OR_HISTORICAL_EXTERNAL_GAME_APPRAISAL_AND_MLB_REGULAR_SEASON_EVIDENCE,656308,2023,WSH,2B,,28.7,33,,4.41,RAW_H2F_LEADERBOARD_FIELD_NOT_STANDARDIZED_90FT,min_competitive_runs,10,Bolts are interpreted only with Competitive Runs; absent rows are not zero/slow.,https://baseballsavant.mlb.com/leaderboard/sprint_speed?year=2023&position=&team=&min=10&csv=true,2327b0cae7d6fb063c501313a8e100f8a6f2a7944a01db283f780b07b3041dde,95,MISSING_LEADERBOARD_ROW_IS_MISSING_EXPOSURE_NOT_SLOW
NPBNAME:ギッテンス,ギッテンス,Chris Gittens,MATCHED_VERIFIED_MLBAM_OR_CURATED_BRIDGE,CURRENT_OR_HISTORICAL_EXTERNAL_GAME_APPRAISAL_AND_MLB_REGULAR_SEASON_EVIDENCE,656467,2021,NYY,1B,,25.3,13,,,RAW_H2F_LEADERBOARD_FIELD_NOT_STANDARDIZED_90FT,min_competitive_runs,10,Bolts are interpreted only with Competitive Runs; absent rows are not zero/slow.,https://baseballsavant.mlb.com/leaderboard/sprint_speed?year=2021&position=&team=&min=10&csv=true,2baeef658a3212f03cc2fb31aae4e51f22513cf26c9d43ce91fa628838c62707,507,MISSING_LEADERBOARD_ROW_IS_MISSING_EXPOSURE_NOT_SLOW
PROEYE:43745155,オグレディ,Brian Ogrady,MATCHED_VERIFIED_MLBAM_OR_CURATED_BRIDGE,CURRENT_OR_HISTORICAL_EXTERNAL_GAME_APPRAISAL_AND_MLB_REGULAR_SEASON_EVIDENCE,657434,2019,CIN,CF,,27.3,11,,,RAW_H2F_LEADERBOARD_FIELD_NOT_STANDARDIZED_90FT,min_competitive_runs,10,Bolts are interpreted only with Competitive Runs; absent rows are not zero/slow.,https://baseballsavant.mlb.com/leaderboard/sprint_speed?year=2019&position=&team=&min=10&csv=true,ac473957823a6ca43ae4a121f9689a36b875116997b21699076eba8e70a3167b,268,MISSING_LEADERBOARD_ROW_IS_MISSING_EXPOSURE_NOT_SLOW
PROEYE:43745155,オグレディ,Brian Ogrady,MATCHED_VERIFIED_MLBAM_OR_CURATED_BRIDGE,CURRENT_OR_HISTORICAL_EXTERNAL_GAME_APPRAISAL_AND_MLB_REGULAR_SEASON_EVIDENCE,657434,2021,SD,RF,,27.6,14,,,RAW_H2F_LEADERBOARD_FIELD_NOT_STANDARDIZED_90FT,min_competitive_runs,10,Bolts are interpreted only with Competitive Runs; absent rows are not zero/slow.,https://baseballsavant.mlb.com/leaderboard/sprint_speed?year=2021&position=&team=&min=10&csv=true,2baeef658a3212f03cc2fb31aae4e51f22513cf26c9d43ce91fa628838c62707,225,MISSING_LEADERBOARD_ROW_IS_MISSING_EXPOSURE_NOT_SLOW
PROEYE:43945150,オリバレス,Edward Olivares,MATCHED_VERIFIED_MLBAM_OR_CURATED_BRIDGE,CURRENT_OR_HISTORICAL_EXTERNAL_GAME_APPRAISAL_AND_MLB_REGULAR_SEASON_EVIDENCE,658668,2020,KC,CF,,28.9,37,2,4.26,RAW_H2F_LEADERBOARD_FIELD_NOT_STANDARDIZED_90FT,min_competitive_runs,10,Bolts are interpreted only with Competitive Runs; absent rows are not zero/slow.,https://baseballsavant.mlb.com/leaderboard/sprint_speed?year=2020&position=&team=&min=10&csv=true,13d68b0e764f9869cfda8dd68ad5019c740bbc113f3632ffdc75da044ae3ba72,24,MISSING_LEADERBOARD_ROW_IS_MISSING_EXPOSURE_NOT_SLOW
PROEYE:43945150,オリバレス,Edward Olivares,MATCHED_VERIFIED_MLBAM_OR_CURATED_BRIDGE,CURRENT_OR_HISTORICAL_EXTERNAL_GAME_APPRAISAL_AND_MLB_REGULAR_SEASON_EVIDENCE,658668,2021,KC,RF,,29.2,44,4,4.29,RAW_H2F_LEADERBOARD_FIELD_NOT_STANDARDIZED_90FT,min_competitive_runs,10,Bolts are interpreted only with Competitive Runs; absent rows are not zero/slow.,https://baseballsavant.mlb.com/leaderboard/sprint_speed?year=2021&position=&team=&min=10&csv=true,2baeef658a3212f03cc2fb31aae4e51f22513cf26c9d43ce91fa628838c62707,32,MISSING_LEADERBOARD_ROW_IS_MISSING_EXPOSURE_NOT_SLOW
PROEYE:43945150,オリバレス,Edward Olivares,MATCHED_VERIFIED_MLBAM_OR_CURATED_BRIDGE,CURRENT_OR_HISTORICAL_EXTERNAL_GAME_APPRAISAL_AND_MLB_REGULAR_SEASON_EVIDENCE,658668,2022,KC,RF,R,28.6,76,1,4.36,RAW_H2F_LEADERBOARD_FIELD_NOT_STANDARDIZED_90FT,min_competitive_runs,10,Bolts are interpreted only with Competitive Runs; absent rows are not zero/slow.,https://baseballsavant.mlb.com/leaderboard/sprint_speed?year=2022&position=&team=&min=10&csv=true,6380444dc0847108b28d1f93c9d6fbff7c3739e7938822569a744b20537c7f16,101,MISSING_LEADERBOARD_ROW_IS_MISSING_EXPOSURE_NOT_SLOW
PROEYE:43945150,オリバレス,Edward Olivares,MATCHED_VERIFIED_MLBAM_OR_CURATED_BRIDGE,CURRENT_OR_HISTORICAL_EXTERNAL_GAME_APPRAISAL_AND_MLB_REGULAR_SEASON_EVIDENCE,658668,2023,KC,LF,R,28.6,161,3,4.44,RAW_H2F_LEADERBOARD_FIELD_NOT_STANDARDIZED_90FT,min_competitive_runs,10,Bolts are interpreted only with Competitive Runs; absent rows are not zero/slow.,https://baseballsavant.mlb.com/leaderboard/sprint_speed?year=2023&position=&team=&min=10&csv=true,2327b0cae7d6fb063c501313a8e100f8a6f2a7944a01db283f780b07b3041dde,106,MISSING_LEADERBOARD_ROW_IS_MISSING_EXPOSURE_NOT_SLOW
PROEYE:43945150,オリバレス,Edward Olivares,MATCHED_VERIFIED_MLBAM_OR_CURATED_BRIDGE,CURRENT_OR_HISTORICAL_EXTERNAL_GAME_APPRAISAL_AND_MLB_REGULAR_SEASON_EVIDENCE,658668,2024,PIT,RF,R,27.8,75,,4.5,RAW_H2F_LEADERBOARD_FIELD_NOT_STANDARDIZED_90FT,min_competitive_runs,10,Bolts are interpreted only with Competitive Runs; absent rows are not zero/slow.,https://baseballsavant.mlb.com/leaderboard/sprint_speed?year=2024&position=&team=&min=10&csv=true,a93bd7657d58405f8110aba6a7fe923b54b76eed4a819dd016d118106c839257,223,MISSING_LEADERBOARD_ROW_IS_MISSING_EXPOSURE_NOT_SLOW
PROEYE:41945131,筒　香,Yoshitomo Tsutsugo,MATCHED_ID_OR_HIGH_CONFIDENCE_NAME,CURRENT_OR_HISTORICAL_EXTERNAL_GAME_APPRAISAL_AND_MLB_REGULAR_SEASON_EVIDENCE,660294,2020,TB,DH,L,25.7,52,,4.51,RAW_H2F_LEADERBOARD_FIELD_NOT_STANDARDIZED_90FT,min_competitive_runs,10,Bolts are interpreted only with Competitive Runs; absent rows are not zero/slow.,https://baseballsavant.mlb.com/leaderboard/sprint_speed?year=2020&position=&team=&min=10&csv=true,13d68b0e764f9869cfda8dd68ad5019c740bbc113f3632ffdc75da044ae3ba72,361,MISSING_LEADERBOARD_ROW_IS_MISSING_EXPOSURE_NOT_SLOW
PROEYE:41945131,筒　香,Yoshitomo Tsutsugo,MATCHED_ID_OR_HIGH_CONFIDENCE_NAME,CURRENT_OR_HISTORICAL_EXTERNAL_GAME_APPRAISAL_AND_MLB_REGULAR_SEASON_EVIDENCE,660294,2021,PIT,RF,,26.2,75,,4.54,RAW_H2F_LEADERBOARD_FIELD_NOT_STANDARDIZED_90FT,min_competitive_runs,10,Bolts are interpreted only with Competitive Runs; absent rows are not zero/slow.,https://baseballsavant.mlb.com/leaderboard/sprint_speed?year=2021&position=&team=&min=10&csv=true,2baeef658a3212f03cc2fb31aae4e51f22513cf26c9d43ce91fa628838c62707,427,MISSING_LEADERBOARD_ROW_IS_MISSING_EXPOSURE_NOT_SLOW
PROEYE:41945131,筒　香,Yoshitomo Tsutsugo,MATCHED_ID_OR_HIGH_CONFIDENCE_NAME,CURRENT_OR_HISTORICAL_EXTERNAL_GAME_APPRAISAL_AND_MLB_REGULAR_SEASON_EVIDENCE,660294,2022,PIT,1B,L,26.1,61,,4.46,RAW_H2F_LEADERBOARD_FIELD_NOT_STANDARDIZED_90FT,min_competitive_runs,10,Bolts are interpreted only with Competitive Runs; absent rows are not zero/slow.,https://baseballsavant.mlb.com/leaderboard/sprint_speed?year=2022&position=&team=&min=10&csv=true,6380444dc0847108b28d1f93c9d6fbff7c3739e7938822569a744b20537c7f16,467,MISSING_LEADERBOARD_ROW_IS_MISSING_EXPOSURE_NOT_SLOW
PROEYE:53955150,モンテロ,Elehuris Montero,MATCHED_ID_OR_HIGH_CONFIDENCE_NAME,CURRENT_OR_HISTORICAL_EXTERNAL_GAME_APPRAISAL_AND_MLB_REGULAR_SEASON_EVIDENCE,660707,2022,COL,3B,R,26.9,61,,4.66,RAW_H2F_LEADERBOARD_FIELD_NOT_STANDARDIZED_90FT,min_competitive_runs,10,Bolts are interpreted only with Competitive Runs; absent rows are not zero/slow.,https://baseballsavant.mlb.com/leaderboard/sprint_speed?year=2022&position=&team=&min=10&csv=true,6380444dc0847108b28d1f93c9d6fbff7c3739e7938822569a744b20537c7f16,368,MISSING_LEADERBOARD_ROW_IS_MISSING_EXPOSURE_NOT_SLOW
PROEYE:53955150,モンテロ,Elehuris Montero,MATCHED_ID_OR_HIGH_CONFIDENCE_NAME,CURRENT_OR_HISTORICAL_EXTERNAL_GAME_APPRAISAL_AND_MLB_REGULAR_SEASON_EVIDENCE,660707,2023,COL,1B,R,26.6,106,,4.63,RAW_H2F_LEADERBOARD_FIELD_NOT_STANDARDIZED_90FT,min_competitive_runs,10,Bolts are interpreted only with Competitive Runs; absent rows are not zero/slow.,https://baseballsavant.mlb.com/leaderboard/sprint_speed?year=2023&position=&team=&min=10&csv=true,2327b0cae7d6fb063c501313a8e100f8a6f2a7944a01db283f780b07b3041dde,405,MISSING_LEADERBOARD_ROW_IS_MISSING_EXPOSURE_NOT_SLOW
PROEYE:53955150,モンテロ,Elehuris Montero,MATCHED_ID_OR_HIGH_CONFIDENCE_NAME,CURRENT_OR_HISTORICAL_EXTERNAL_GAME_APPRAISAL_AND_MLB_REGULAR_SEASON_EVIDENCE,660707,2024,COL,1B,R,26.2,73,,4.75,RAW_H2F_LEADERBOARD_FIELD_NOT_STANDARDIZED_90FT,min_competitive_runs,10,Bolts are interpreted only with Competitive Runs; absent rows are not zero/slow.,https://baseballsavant.mlb.com/leaderboard/sprint_speed?year=2024&position=&team=&min=10&csv=true,a93bd7657d58405f8110aba6a7fe923b54b76eed4a819dd016d118106c839257,452,MISSING_LEADERBOARD_ROW_IS_MISSING_EXPOSURE_NOT_SLOW
NPBNAME:ゴンザレス,ゴンザレス,Oscar Gonzalez,MATCHED_VERIFIED_MLBAM_OR_CURATED_BRIDGE,CURRENT_OR_HISTORICAL_EXTERNAL_GAME_APPRAISAL_AND_MLB_REGULAR_SEASON_EVIDENCE,660757,2022,CLE,RF,R,28.8,181,2,4.35,RAW_H2F_LEADERBOARD_FIELD_NOT_STANDARDIZED_90FT,min_competitive_runs,10,Bolts are interpreted only with Competitive Runs; absent rows are not zero/slow.,https://baseballsavant.mlb.com/leaderboard/sprint_speed?year=2022&position=&team=&min=10&csv=true,6380444dc0847108b28d1f93c9d6fbff7c3739e7938822569a744b20537c7f16,77,MISSING_LEADERBOARD_ROW_IS_MISSING_EXPOSURE_NOT_SLOW
NPBNAME:ゴンザレス,ゴンザレス,Oscar Gonzalez,MATCHED_VERIFIED_MLBAM_OR_CURATED_BRIDGE,CURRENT_OR_HISTORICAL_EXTERNAL_GAME_APPRAISAL_AND_MLB_REGULAR_SEASON_EVIDENCE,660757,2023,CLE,RF,R,28,75,,4.44,RAW_H2F_LEADERBOARD_FIELD_NOT_STANDARDIZED_90FT,min_competitive_runs,10,Bolts are interpreted only with Competitive Runs; absent rows are not zero/slow.,https://baseballsavant.mlb.com/leaderboard/sprint_speed?year=2023&position=&team=&min=10&csv=true,2327b0cae7d6fb063c501313a8e100f8a6f2a7944a01db283f780b07b3041dde,197,MISSING_LEADERBOARD_ROW_IS_MISSING_EXPOSURE_NOT_SLOW
NPBNAME:ゴンザレス,ゴンザレス,Oscar Gonzalez,MATCHED_VERIFIED_MLBAM_OR_CURATED_BRIDGE,CURRENT_OR_HISTORICAL_EXTERNAL_GAME_APPRAISAL_AND_MLB_REGULAR_SEASON_EVIDENCE,660757,2025,SD,LF,,28.1,26,,4.44,RAW_H2F_LEADERBOARD_FIELD_NOT_STANDARDIZED_90FT,min_competitive_runs,10,Bolts are interpreted only with Competitive Runs; absent rows are not zero/slow.,https://baseballsavant.mlb.com/leaderboard/sprint_speed?year=2025&position=&team=&min=10&csv=true,9d750afd33db136f9e5559b3f749e814843d253e9540fcd7c0f7d60fef7d7b69,193,MISSING_LEADERBOARD_ROW_IS_MISSING_EXPOSURE_NOT_SLOW
NPBNAME:ネビン,ネビン,Tyler Nevin,MATCHED_VERIFIED_MLBAM_OR_CURATED_BRIDGE,CURRENT_OR_HISTORICAL_EXTERNAL_GAME_APPRAISAL_AND_MLB_REGULAR_SEASON_EVIDENCE,663527,2022,BAL,3B,R,25.7,48,,4.74,RAW_H2F_LEADERBOARD_FIELD_NOT_STANDARDIZED_90FT,min_competitive_runs,10,Bolts are interpreted only with Competitive Runs; absent rows are not zero/slow.,https://baseballsavant.mlb.com/leaderboard/sprint_speed?year=2022&position=&team=&min=10&csv=true,6380444dc0847108b28d1f93c9d6fbff7c3739e7938822569a744b20537c7f16,505,MISSING_LEADERBOARD_ROW_IS_MISSING_EXPOSURE_NOT_SLOW
NPBNAME:ネビン,ネビン,Tyler Nevin,MATCHED_VERIFIED_MLBAM_OR_CURATED_BRIDGE,CURRENT_OR_HISTORICAL_EXTERNAL_GAME_APPRAISAL_AND_MLB_REGULAR_SEASON_EVIDENCE,663527,2023,DET,3B,,25.7,31,,4.78,RAW_H2F_LEADERBOARD_FIELD_NOT_STANDARDIZED_90FT,min_competitive_runs,10,Bolts are interpreted only with Competitive Runs; absent rows are not zero/slow.,https://baseballsavant.mlb.com/leaderboard/sprint_speed?year=2023&position=&team=&min=10&csv=true,2327b0cae7d6fb063c501313a8e100f8a6f2a7944a01db283f780b07b3041dde,510,MISSING_LEADERBOARD_ROW_IS_MISSING_EXPOSURE_NOT_SLOW
NPBNAME:ネビン,ネビン,Tyler Nevin,MATCHED_VERIFIED_MLBAM_OR_CURATED_BRIDGE,CURRENT_OR_HISTORICAL_EXTERNAL_GAME_APPRAISAL_AND_MLB_REGULAR_SEASON_EVIDENCE,663527,2024,ATH,1B,R,26.4,91,,4.66,RAW_H2F_LEADERBOARD_FIELD_NOT_STANDARDIZED_90FT,min_competitive_runs,10,Bolts are interpreted only with Competitive Runs; absent rows are not zero/slow.,https://baseballsavant.mlb.com/leaderboard/sprint_speed?year=2024&position=&team=&min=10&csv=true,a93bd7657d58405f8110aba6a7fe923b54b76eed4a819dd016d118106c839257,435,MISSING_LEADERBOARD_ROW_IS_MISSING_EXPOSURE_NOT_SLOW
NPBNAME:キャベッジ,キャベッジ,Trey Cabbage,MATCHED_VERIFIED_MLBAM_OR_CURATED_BRIDGE,CURRENT_OR_HISTORICAL_EXTERNAL_GAME_APPRAISAL_AND_MLB_REGULAR_SEASON_EVIDENCE,663550,2023,LAA,1B,,28.4,18,,,RAW_H2F_LEADERBOARD_FIELD_NOT_STANDARDIZED_90FT,min_competitive_runs,10,Bolts are interpreted only with Competitive Runs; absent rows are not zero/slow.,https://baseballsavant.mlb.com/leaderboard/sprint_speed?year=2023&position=&team=&min=10&csv=true,2327b0cae7d6fb063c501313a8e100f8a6f2a7944a01db283f780b07b3041dde,137,MISSING_LEADERBOARD_ROW_IS_MISSING_EXPOSURE_NOT_SLOW
NPBNAME:キャベッジ,キャベッジ,Trey Cabbage,MATCHED_VERIFIED_MLBAM_OR_CURATED_BRIDGE,CURRENT_OR_HISTORICAL_EXTERNAL_GAME_APPRAISAL_AND_MLB_REGULAR_SEASON_EVIDENCE,663550,2024,HOU,RF,,27.9,34,,4.37,RAW_H2F_LEADERBOARD_FIELD_NOT_STANDARDIZED_90FT,min_competitive_runs,10,Bolts are interpreted only with Competitive Runs; absent rows are not zero/slow.,https://baseballsavant.mlb.com/leaderboard/sprint_speed?year=2024&position=&team=&min=10&csv=true,a93bd7657d58405f8110aba6a7fe923b54b76eed4a819dd016d118106c839257,203,MISSING_LEADERBOARD_ROW_IS_MISSING_EXPOSURE_NOT_SLOW
PROEYE:23225159,モンテス,Coco Montes,MATCHED_VERIFIED_MLBAM_OR_CURATED_BRIDGE,CURRENT_OR_HISTORICAL_EXTERNAL_GAME_APPRAISAL_AND_MLB_REGULAR_SEASON_EVIDENCE,663796,2023,COL,2B,,27.6,13,,,RAW_H2F_LEADERBOARD_FIELD_NOT_STANDARDIZED_90FT,min_competitive_runs,10,Bolts are interpreted only with Competitive Runs; absent rows are not zero/slow.,https://baseballsavant.mlb.com/leaderboard/sprint_speed?year=2023&position=&team=&min=10&csv=true,2327b0cae7d6fb063c501313a8e100f8a6f2a7944a01db283f780b07b3041dde,261,MISSING_LEADERBOARD_ROW_IS_MISSING_EXPOSURE_NOT_SLOW
PROEYE:63765159,スティーブンソン,Andrew Stevenson,MATCHED_VERIFIED_MLBAM_OR_CURATED_BRIDGE,CURRENT_OR_HISTORICAL_EXTERNAL_GAME_APPRAISAL_AND_MLB_REGULAR_SEASON_EVIDENCE,664057,2017,WSH,RF,,29,30,7,4.12,RAW_H2F_LEADERBOARD_FIELD_NOT_STANDARDIZED_90FT,min_competitive_runs,10,Bolts are interpreted only with Competitive Runs; absent rows are not zero/slow.,https://baseballsavant.mlb.com/leaderboard/sprint_speed?year=2017&position=&team=&min=10&csv=true,21400aeee8a3522a3ddf4e2535227252390d6b8cd14b93feee9fd07ef75fa813,51,MISSING_LEADERBOARD_ROW_IS_MISSING_EXPOSURE_NOT_SLOW
PROEYE:63765159,スティーブンソン,Andrew Stevenson,MATCHED_VERIFIED_MLBAM_OR_CURATED_BRIDGE,CURRENT_OR_HISTORICAL_EXTERNAL_GAME_APPRAISAL_AND_MLB_REGULAR_SEASON_EVIDENCE,664057,2018,WSH,,,28.9,33,5,4.16,RAW_H2F_LEADERBOARD_FIELD_NOT_STANDARDIZED_90FT,min_competitive_runs,10,Bolts are interpreted only with Competitive Runs; absent rows are not zero/slow.,https://baseballsavant.mlb.com/leaderboard/sprint_speed?year=2018&position=&team=&min=10&csv=true,80ee384c782e52853a4627d7f40582a6cb58bd669501181eb06142eab080c5c8,67,MISSING_LEADERBOARD_ROW_IS_MISSING_EXPOSURE_NOT_SLOW
PROEYE:63765159,スティーブンソン,Andrew Stevenson,MATCHED_VERIFIED_MLBAM_OR_CURATED_BRIDGE,CURRENT_OR_HISTORICAL_EXTERNAL_GAME_APPRAISAL_AND_MLB_REGULAR_SEASON_EVIDENCE,664057,2019,WSH,,,28.5,17,2,,RAW_H2F_LEADERBOARD_FIELD_NOT_STANDARDIZED_90FT,min_competitive_runs,10,Bolts are interpreted only with Competitive Runs; absent rows are not zero/slow.,https://baseballsavant.mlb.com/leaderboard/sprint_speed?year=2019&position=&team=&min=10&csv=true,ac473957823a6ca43ae4a121f9689a36b875116997b21699076eba8e70a3167b,111,MISSING_LEADERBOARD_ROW_IS_MISSING_EXPOSURE_NOT_SLOW
PROEYE:63765159,スティーブンソン,Andrew Stevenson,MATCHED_VERIFIED_MLBAM_OR_CURATED_BRIDGE,CURRENT_OR_HISTORICAL_EXTERNAL_GAME_APPRAISAL_AND_MLB_REGULAR_SEASON_EVIDENCE,664057,2020,WSH,LF,,28.1,22,,,RAW_H2F_LEADERBOARD_FIELD_NOT_STANDARDIZED_90FT,min_competitive_runs,10,Bolts are interpreted only with Competitive Runs; absent rows are not zero/slow.,https://baseballsavant.mlb.com/leaderboard/sprint_speed?year=2020&position=&team=&min=10&csv=true,13d68b0e764f9869cfda8dd68ad5019c740bbc113f3632ffdc75da044ae3ba72,101,MISSING_LEADERBOARD_ROW_IS_MISSING_EXPOSURE_NOT_SLOW
PROEYE:63765159,スティーブンソン,Andrew Stevenson,MATCHED_VERIFIED_MLBAM_OR_CURATED_BRIDGE,CURRENT_OR_HISTORICAL_EXTERNAL_GAME_APPRAISAL_AND_MLB_REGULAR_SEASON_EVIDENCE,664057,2021,WSH,CF,L,29.3,68,9,4.21,RAW_H2F_LEADERBOARD_FIELD_NOT_STANDARDIZED_90FT,min_competitive_runs,10,Bolts are interpreted only with Competitive Runs; absent rows are not zero/slow.,https://baseballsavant.mlb.com/leaderboard/sprint_speed?year=2021&position=&team=&min=10&csv=true,2baeef658a3212f03cc2fb31aae4e51f22513cf26c9d43ce91fa628838c62707,28,MISSING_LEADERBOARD_ROW_IS_MISSING_EXPOSURE_NOT_SLOW
PROEYE:63765159,スティーブンソン,Andrew Stevenson,MATCHED_VERIFIED_MLBAM_OR_CURATED_BRIDGE,CURRENT_OR_HISTORICAL_EXTERNAL_GAME_APPRAISAL_AND_MLB_REGULAR_SEASON_EVIDENCE,664057,2023,MIN,CF,,29.2,20,2,4.14,RAW_H2F_LEADERBOARD_FIELD_NOT_STANDARDIZED_90FT,min_competitive_runs,10,Bolts are interpreted only with Competitive Runs; absent rows are not zero/slow.,https://baseballsavant.mlb.com/leaderboard/sprint_speed?year=2023&position=&team=&min=10&csv=true,2327b0cae7d6fb063c501313a8e100f8a6f2a7944a01db283f780b07b3041dde,42,MISSING_LEADERBOARD_ROW_IS_MISSING_EXPOSURE_NOT_SLOW
NPBNAME:エンカーナシオン,エンカーナシオン,Jerar Encarnacion,MATCHED_VERIFIED_MLBAM_OR_CURATED_BRIDGE,CURRENT_OR_HISTORICAL_EXTERNAL_GAME_APPRAISAL_AND_MLB_REGULAR_SEASON_EVIDENCE,666464,2022,MIA,LF,,27.7,29,,4.48,RAW_H2F_LEADERBOARD_FIELD_NOT_STANDARDIZED_90FT,min_competitive_runs,10,Bolts are interpreted only with Competitive Runs; absent rows are not zero/slow.,https://baseballsavant.mlb.com/leaderboard/sprint_speed?year=2022&position=&team=&min=10&csv=true,6380444dc0847108b28d1f93c9d6fbff7c3739e7938822569a744b20537c7f16,244,MISSING_LEADERBOARD_ROW_IS_MISSING_EXPOSURE_NOT_SLOW
NPBNAME:エンカーナシオン,エンカーナシオン,Jerar Encarnacion,MATCHED_VERIFIED_MLBAM_OR_CURATED_BRIDGE,CURRENT_OR_HISTORICAL_EXTERNAL_GAME_APPRAISAL_AND_MLB_REGULAR_SEASON_EVIDENCE,666464,2024,SF,DH,R,26.9,44,,4.56,RAW_H2F_LEADERBOARD_FIELD_NOT_STANDARDIZED_90FT,min_competitive_runs,10,Bolts are interpreted only with Competitive Runs; absent rows are not zero/slow.,https://baseballsavant.mlb.com/leaderboard/sprint_speed?year=2024&position=&team=&min=10&csv=true,a93bd7657d58405f8110aba6a7fe923b54b76eed4a819dd016d118106c839257,356,MISSING_LEADERBOARD_ROW_IS_MISSING_EXPOSURE_NOT_SLOW
NPBNAME:エンカーナシオン,エンカーナシオン,Jerar Encarnacion,MATCHED_VERIFIED_MLBAM_OR_CURATED_BRIDGE,CURRENT_OR_HISTORICAL_EXTERNAL_GAME_APPRAISAL_AND_MLB_REGULAR_SEASON_EVIDENCE,666464,2025,SF,RF,,26.1,22,,4.58,RAW_H2F_LEADERBOARD_FIELD_NOT_STANDARDIZED_90FT,min_competitive_runs,10,Bolts are interpreted only with Competitive Runs; absent rows are not zero/slow.,https://baseballsavant.mlb.com/leaderboard/sprint_speed?year=2025&position=&team=&min=10&csv=true,9d750afd33db136f9e5559b3f749e814843d253e9540fcd7c0f7d60fef7d7b69,468,MISSING_LEADERBOARD_ROW_IS_MISSING_EXPOSURE_NOT_SLOW
NPBNAME:エンカーナシオン,エンカーナシオン,Jerar Encarnacion,MATCHED_VERIFIED_MLBAM_OR_CURATED_BRIDGE,CURRENT_OR_HISTORICAL_EXTERNAL_GAME_APPRAISAL_AND_MLB_REGULAR_SEASON_EVIDENCE,666464,2026,SF,RF,,26.7,14,,,RAW_H2F_LEADERBOARD_FIELD_NOT_STANDARDIZED_90FT,min_competitive_runs,10,Bolts are interpreted only with Competitive Runs; absent rows are not zero/slow.,https://baseballsavant.mlb.com/leaderboard/sprint_speed?year=2026&position=&team=&min=10&csv=true,3a3bbf447d9e730e0d8137a01276ce518cd2559c3da6db7b132f1be04dfa23cf,377,MISSING_LEADERBOARD_ROW_IS_MISSING_EXPOSURE_NOT_SLOW
NPBNAME:カストロ,カストロ,Rodolfo Castro,MATCHED_VERIFIED_MLBAM_OR_CURATED_BRIDGE,CURRENT_OR_HISTORICAL_EXTERNAL_GAME_APPRAISAL_AND_MLB_REGULAR_SEASON_EVIDENCE,666801,2021,PIT,2B,,27.3,32,,,RAW_H2F_LEADERBOARD_FIELD_NOT_STANDARDIZED_90FT,min_competitive_runs,10,Bolts are interpreted only with Competitive Runs; absent rows are not zero/slow.,https://baseballsavant.mlb.com/leaderboard/sprint_speed?year=2021&position=&team=&min=10&csv=true,2baeef658a3212f03cc2fb31aae4e51f22513cf26c9d43ce91fa628838c62707,276,MISSING_LEADERBOARD_ROW_IS_MISSING_EXPOSURE_NOT_SLOW
NPBNAME:カストロ,カストロ,Rodolfo Castro,MATCHED_VERIFIED_MLBAM_OR_CURATED_BRIDGE,CURRENT_OR_HISTORICAL_EXTERNAL_GAME_APPRAISAL_AND_MLB_REGULAR_SEASON_EVIDENCE,666801,2022,PIT,2B,L,27.4,105,,4.45,RAW_H2F_LEADERBOARD_FIELD_NOT_STANDARDIZED_90FT,min_competitive_runs,10,Bolts are interpreted only with Competitive Runs; absent rows are not zero/slow.,https://baseballsavant.mlb.com/leaderboard/sprint_speed?year=2022&position=&team=&min=10&csv=true,6380444dc0847108b28d1f93c9d6fbff7c3739e7938822569a744b20537c7f16,300,MISSING_LEADERBOARD_ROW_IS_MISSING_EXPOSURE_NOT_SLOW
NPBNAME:カストロ,カストロ,Rodolfo Castro,MATCHED_VERIFIED_MLBAM_OR_CURATED_BRIDGE,CURRENT_OR_HISTORICAL_EXTERNAL_GAME_APPRAISAL_AND_MLB_REGULAR_SEASON_EVIDENCE,666801,2023,PHI,SS,R,27.3,90,,4.48,RAW_H2F_LEADERBOARD_FIELD_NOT_STANDARDIZED_90FT,min_competitive_runs,10,Bolts are interpreted only with Competitive Runs; absent rows are not zero/slow.,https://baseballsavant.mlb.com/leaderboard/sprint_speed?year=2023&position=&team=&min=10&csv=true,2327b0cae7d6fb063c501313a8e100f8a6f2a7944a01db283f780b07b3041dde,303,MISSING_LEADERBOARD_ROW_IS_MISSING_EXPOSURE_NOT_SLOW
NPBNAME:ダルベック,ダルベック,Bobby Dalbec,MATCHED_VERIFIED_MLBAM_OR_CURATED_BRIDGE,CURRENT_OR_HISTORICAL_EXTERNAL_GAME_APPRAISAL_AND_MLB_REGULAR_SEASON_EVIDENCE,666915,2020,BOS,1B,,26.7,21,,,RAW_H2F_LEADERBOARD_FIELD_NOT_STANDARDIZED_90FT,min_competitive_runs,10,Bolts are interpreted only with Competitive Runs; absent rows are not zero/slow.,https://baseballsavant.mlb.com/leaderboard/sprint_speed?year=2020&position=&team=&min=10&csv=true,13d68b0e764f9869cfda8dd68ad5019c740bbc113f3632ffdc75da044ae3ba72,255,MISSING_LEADERBOARD_ROW_IS_MISSING_EXPOSURE_NOT_SLOW
NPBNAME:ダルベック,ダルベック,Bobby Dalbec,MATCHED_VERIFIED_MLBAM_OR_CURATED_BRIDGE,CURRENT_OR_HISTORICAL_EXTERNAL_GAME_APPRAISAL_AND_MLB_REGULAR_SEASON_EVIDENCE,666915,2021,BOS,1B,R,28.2,116,,4.47,RAW_H2F_LEADERBOARD_FIELD_NOT_STANDARDIZED_90FT,min_competitive_runs,10,Bolts are interpreted only with Competitive Runs; absent rows are not zero/slow.,https://baseballsavant.mlb.com/leaderboard/sprint_speed?year=2021&position=&team=&min=10&csv=true,2baeef658a3212f03cc2fb31aae4e51f22513cf26c9d43ce91fa628838c62707,143,MISSING_LEADERBOARD_ROW_IS_MISSING_EXPOSURE_NOT_SLOW
NPBNAME:ダルベック,ダルベック,Bobby Dalbec,MATCHED_VERIFIED_MLBAM_OR_CURATED_BRIDGE,CURRENT_OR_HISTORICAL_EXTERNAL_GAME_APPRAISAL_AND_MLB_REGULAR_SEASON_EVIDENCE,666915,2022,BOS,1B,R,28.2,92,,4.49,RAW_H2F_LEADERBOARD_FIELD_NOT_STANDARDIZED_90FT,min_competitive_runs,10,Bolts are interpreted only with Competitive Runs; absent rows are not zero/slow.,https://baseballsavant.mlb.com/leaderboard/sprint_speed?year=2022&position=&team=&min=10&csv=true,6380444dc0847108b28d1f93c9d6fbff7c3739e7938822569a744b20537c7f16,156,MISSING_LEADERBOARD_ROW_IS_MISSING_EXPOSURE_NOT_SLOW
NPBNAME:ダルベック,ダルベック,Bobby Dalbec,MATCHED_VERIFIED_MLBAM_OR_CURATED_BRIDGE,CURRENT_OR_HISTORICAL_EXTERNAL_GAME_APPRAISAL_AND_MLB_REGULAR_SEASON_EVIDENCE,666915,2023,BOS,1B,,28.1,12,,,RAW_H2F_LEADERBOARD_FIELD_NOT_STANDARDIZED_90FT,min_competitive_runs,10,Bolts are interpreted only with Competitive Runs; absent rows are not zero/slow.,https://baseballsavant.mlb.com/leaderboard/sprint_speed?year=2023&position=&team=&min=10&csv=true,2327b0cae7d6fb063c501313a8e100f8a6f2a7944a01db283f780b07b3041dde,182,MISSING_LEADERBOARD_ROW_IS_MISSING_EXPOSURE_NOT_SLOW
NPBNAME:ダルベック,ダルベック,Bobby Dalbec,MATCHED_VERIFIED_MLBAM_OR_CURATED_BRIDGE,CURRENT_OR_HISTORICAL_EXTERNAL_GAME_APPRAISAL_AND_MLB_REGULAR_SEASON_EVIDENCE,666915,2024,BOS,1B,,28.6,22,,4.5,RAW_H2F_LEADERBOARD_FIELD_NOT_STANDARDIZED_90FT,min_competitive_runs,10,Bolts are interpreted only with Competitive Runs; absent rows are not zero/slow.,https://baseballsavant.mlb.com/leaderboard/sprint_speed?year=2024&position=&team=&min=10&csv=true,a93bd7657d58405f8110aba6a7fe923b54b76eed4a819dd016d118106c839257,102,MISSING_LEADERBOARD_ROW_IS_MISSING_EXPOSURE_NOT_SLOW
NPBNAME:ヒュンメル,ヒュンメル,Cooper Hummel,MATCHED_VERIFIED_MLBAM_OR_CURATED_BRIDGE,CURRENT_OR_HISTORICAL_EXTERNAL_GAME_APPRAISAL_AND_MLB_REGULAR_SEASON_EVIDENCE,669450,2022,AZ,LF,R,28.8,67,,4.31,RAW_H2F_LEADERBOARD_FIELD_NOT_STANDARDIZED_90FT,min_competitive_runs,10,Bolts are interpreted only with Competitive Runs; absent rows are not zero/slow.,https://baseballsavant.mlb.com/leaderboard/sprint_speed?year=2022&position=&team=&min=10&csv=true,6380444dc0847108b28d1f93c9d6fbff7c3739e7938822569a744b20537c7f16,75,MISSING_LEADERBOARD_ROW_IS_MISSING_EXPOSURE_NOT_SLOW
NPBNAME:ヒュンメル,ヒュンメル,Cooper Hummel,MATCHED_VERIFIED_MLBAM_OR_CURATED_BRIDGE,CURRENT_OR_HISTORICAL_EXTERNAL_GAME_APPRAISAL_AND_MLB_REGULAR_SEASON_EVIDENCE,669450,2025,HOU,LF,,28.3,31,,4.34,RAW_H2F_LEADERBOARD_FIELD_NOT_STANDARDIZED_90FT,min_competitive_runs,10,Bolts are interpreted only with Competitive Runs; absent rows are not zero/slow.,https://baseballsavant.mlb.com/leaderboard/sprint_speed?year=2025&position=&team=&min=10&csv=true,9d750afd33db136f9e5559b3f749e814843d253e9540fcd7c0f7d60fef7d7b69,154,MISSING_LEADERBOARD_ROW_IS_MISSING_EXPOSURE_NOT_SLOW
PROEYE:43345151,ゴンサレス,Luis Gonzalez,MATCHED_VERIFIED_MLBAM_OR_CURATED_BRIDGE,CURRENT_OR_HISTORICAL_EXTERNAL_GAME_APPRAISAL_AND_MLB_REGULAR_SEASON_EVIDENCE,670768,2022,SF,RF,L,28.2,123,,4.25,RAW_H2F_LEADERBOARD_FIELD_NOT_STANDARDIZED_90FT,min_competitive_runs,10,Bolts are interpreted only with Competitive Runs; absent rows are not zero/slow.,https://baseballsavant.mlb.com/leaderboard/sprint_speed?year=2022&position=&team=&min=10&csv=true,6380444dc0847108b28d1f93c9d6fbff7c3739e7938822569a744b20537c7f16,167,MISSING_LEADERBOARD_ROW_IS_MISSING_EXPOSURE_NOT_SLOW
PROEYE:83585150,ディアス,Jordan Diaz,MATCHED_VERIFIED_MLBAM_OR_CURATED_BRIDGE,CURRENT_OR_HISTORICAL_EXTERNAL_GAME_APPRAISAL_AND_MLB_REGULAR_SEASON_EVIDENCE,672478,2022,ATH,2B,R,26.1,36,,4.79,RAW_H2F_LEADERBOARD_FIELD_NOT_STANDARDIZED_90FT,min_competitive_runs,10,Bolts are interpreted only with Competitive Runs; absent rows are not zero/slow.,https://baseballsavant.mlb.com/leaderboard/sprint_speed?year=2022&position=&team=&min=10&csv=true,6380444dc0847108b28d1f93c9d6fbff7c3739e7938822569a744b20537c7f16,461,MISSING_LEADERBOARD_ROW_IS_MISSING_EXPOSURE_NOT_SLOW
PROEYE:83585150,ディアス,Jordan Diaz,MATCHED_VERIFIED_MLBAM_OR_CURATED_BRIDGE,CURRENT_OR_HISTORICAL_EXTERNAL_GAME_APPRAISAL_AND_MLB_REGULAR_SEASON_EVIDENCE,672478,2023,ATH,3B,R,25.3,118,,4.81,RAW_H2F_LEADERBOARD_FIELD_NOT_STANDARDIZED_90FT,min_competitive_runs,10,Bolts are interpreted only with Competitive Runs; absent rows are not zero/slow.,https://baseballsavant.mlb.com/leaderboard/sprint_speed?year=2023&position=&team=&min=10&csv=true,2327b0cae7d6fb063c501313a8e100f8a6f2a7944a01db283f780b07b3041dde,531,MISSING_LEADERBOARD_ROW_IS_MISSING_EXPOSURE_NOT_SLOW
NPBNAME:カナリオ,カナリオ,Alexander Canario,MATCHED_VERIFIED_MLBAM_OR_CURATED_BRIDGE,CURRENT_OR_HISTORICAL_EXTERNAL_GAME_APPRAISAL_AND_MLB_REGULAR_SEASON_EVIDENCE,672744,2025,PIT,LF,R,28.1,75,1,4.56,RAW_H2F_LEADERBOARD_FIELD_NOT_STANDARDIZED_90FT,min_competitive_runs,10,Bolts are interpreted only with Competitive Runs; absent rows are not zero/slow.,https://baseballsavant.mlb.com/leaderboard/sprint_speed?year=2025&position=&team=&min=10&csv=true,9d750afd33db136f9e5559b3f749e814843d253e9540fcd7c0f7d60fef7d7b69,192,MISSING_LEADERBOARD_ROW_IS_MISSING_EXPOSURE_NOT_SLOW
PROEYE:31135133,秋　山,Shogo Akiyama,MATCHED_ID_OR_HIGH_CONFIDENCE_NAME,CURRENT_OR_HISTORICAL_EXTERNAL_GAME_APPRAISAL_AND_MLB_REGULAR_SEASON_EVIDENCE,673451,2020,CIN,LF,L,27.7,79,,4.13,RAW_H2F_LEADERBOARD_FIELD_NOT_STANDARDIZED_90FT,min_competitive_runs,10,Bolts are interpreted only with Competitive Runs; absent rows are not zero/slow.,https://baseballsavant.mlb.com/leaderboard/sprint_speed?year=2020&position=&team=&min=10&csv=true,13d68b0e764f9869cfda8dd68ad5019c740bbc113f3632ffdc75da044ae3ba72,140,MISSING_LEADERBOARD_ROW_IS_MISSING_EXPOSURE_NOT_SLOW
PROEYE:31135133,秋　山,Shogo Akiyama,MATCHED_ID_OR_HIGH_CONFIDENCE_NAME,CURRENT_OR_HISTORICAL_EXTERNAL_GAME_APPRAISAL_AND_MLB_REGULAR_SEASON_EVIDENCE,673451,2021,CIN,CF,L,28,83,,4.1,RAW_H2F_LEADERBOARD_FIELD_NOT_STANDARDIZED_90FT,min_competitive_runs,10,Bolts are interpreted only with Competitive Runs; absent rows are not zero/slow.,https://baseballsavant.mlb.com/leaderboard/sprint_speed?year=2021&position=&team=&min=10&csv=true,2baeef658a3212f03cc2fb31aae4e51f22513cf26c9d43ce91fa628838c62707,162,MISSING_LEADERBOARD_ROW_IS_MISSING_EXPOSURE_NOT_SLOW
PROEYE:81785137,鈴　木,Seiya Suzuki,MATCHED_VERIFIED_MLBAM_OR_CURATED_BRIDGE,CURRENT_OR_HISTORICAL_EXTERNAL_GAME_APPRAISAL_AND_MLB_REGULAR_SEASON_EVIDENCE,673548,2022,CHC,RF,R,28.3,152,2,4.33,RAW_H2F_LEADERBOARD_FIELD_NOT_STANDARDIZED_90FT,min_competitive_runs,10,Bolts are interpreted only with Competitive Runs; absent rows are not zero/slow.,https://baseballsavant.mlb.com/leaderboard/sprint_speed?year=2022&position=&team=&min=10&csv=true,6380444dc0847108b28d1f93c9d6fbff7c3739e7938822569a744b20537c7f16,140,MISSING_LEADERBOARD_ROW_IS_MISSING_EXPOSURE_NOT_SLOW
PROEYE:81785137,鈴　木,Seiya Suzuki,MATCHED_VERIFIED_MLBAM_OR_CURATED_BRIDGE,CURRENT_OR_HISTORICAL_EXTERNAL_GAME_APPRAISAL_AND_MLB_REGULAR_SEASON_EVIDENCE,673548,2023,CHC,RF,R,28.5,181,5,4.34,RAW_H2F_LEADERBOARD_FIELD_NOT_STANDARDIZED_90FT,min_competitive_runs,10,Bolts are interpreted only with Competitive Runs; absent rows are not zero/slow.,https://baseballsavant.mlb.com/leaderboard/sprint_speed?year=2023&position=&team=&min=10&csv=true,2327b0cae7d6fb063c501313a8e100f8a6f2a7944a01db283f780b07b3041dde,127,MISSING_LEADERBOARD_ROW_IS_MISSING_EXPOSURE_NOT_SLOW
PROEYE:81785137,鈴　木,Seiya Suzuki,MATCHED_VERIFIED_MLBAM_OR_CURATED_BRIDGE,CURRENT_OR_HISTORICAL_EXTERNAL_GAME_APPRAISAL_AND_MLB_REGULAR_SEASON_EVIDENCE,673548,2024,CHC,RF,R,28.3,161,3,4.34,RAW_H2F_LEADERBOARD_FIELD_NOT_STANDARDIZED_90FT,min_competitive_runs,10,Bolts are interpreted only with Competitive Runs; absent rows are not zero/slow.,https://baseballsavant.mlb.com/leaderboard/sprint_speed?year=2024&position=&team=&min=10&csv=true,a93bd7657d58405f8110aba6a7fe923b54b76eed4a819dd016d118106c839257,140,MISSING_LEADERBOARD_ROW_IS_MISSING_EXPOSURE_NOT_SLOW
PROEYE:81785137,鈴　木,Seiya Suzuki,MATCHED_VERIFIED_MLBAM_OR_CURATED_BRIDGE,CURRENT_OR_HISTORICAL_EXTERNAL_GAME_APPRAISAL_AND_MLB_REGULAR_SEASON_EVIDENCE,673548,2025,CHC,DH,R,28.4,185,2,4.35,RAW_H2F_LEADERBOARD_FIELD_NOT_STANDARDIZED_90FT,min_competitive_runs,10,Bolts are interpreted only with Competitive Runs; absent rows are not zero/slow.,https://baseballsavant.mlb.com/leaderboard/sprint_speed?year=2025&position=&team=&min=10&csv=true,9d750afd33db136f9e5559b3f749e814843d253e9540fcd7c0f7d60fef7d7b69,142,MISSING_LEADERBOARD_ROW_IS_MISSING_EXPOSURE_NOT_SLOW
PROEYE:81785137,鈴　木,Seiya Suzuki,MATCHED_VERIFIED_MLBAM_OR_CURATED_BRIDGE,CURRENT_OR_HISTORICAL_EXTERNAL_GAME_APPRAISAL_AND_MLB_REGULAR_SEASON_EVIDENCE,673548,2026,CHC,RF,R,27.8,146,,4.41,RAW_H2F_LEADERBOARD_FIELD_NOT_STANDARDIZED_90FT,min_competitive_runs,10,Bolts are interpreted only with Competitive Runs; absent rows are not zero/slow.,https://baseballsavant.mlb.com/leaderboard/sprint_speed?year=2026&position=&team=&min=10&csv=true,3a3bbf447d9e730e0d8137a01276ce518cd2559c3da6db7b132f1be04dfa23cf,211,MISSING_LEADERBOARD_ROW_IS_MISSING_EXPOSURE_NOT_SLOW
PROEYE:53055157,マキノン,David Mackinnon,MATCHED_VERIFIED_MLBAM_OR_CURATED_BRIDGE,CURRENT_OR_HISTORICAL_EXTERNAL_GAME_APPRAISAL_AND_MLB_REGULAR_SEASON_EVIDENCE,676950,2022,ATH,1B,,26.7,14,,,RAW_H2F_LEADERBOARD_FIELD_NOT_STANDARDIZED_90FT,min_competitive_runs,10,Bolts are interpreted only with Competitive Runs; absent rows are not zero/slow.,https://baseballsavant.mlb.com/leaderboard/sprint_speed?year=2022&position=&team=&min=10&csv=true,6380444dc0847108b28d1f93c9d6fbff7c3739e7938822569a744b20537c7f16,384,MISSING_LEADERBOARD_ROW_IS_MISSING_EXPOSURE_NOT_SLOW
PROEYE:63165132,吉田 正尚,Masataka Yoshida,MATCHED_VERIFIED_MLBAM_OR_CURATED_BRIDGE,CURRENT_OR_HISTORICAL_EXTERNAL_GAME_APPRAISAL_AND_MLB_REGULAR_SEASON_EVIDENCE,807799,2023,BOS,LF,L,26.2,280,,4.36,RAW_H2F_LEADERBOARD_FIELD_NOT_STANDARDIZED_90FT,min_competitive_runs,10,Bolts are interpreted only with Competitive Runs; absent rows are not zero/slow.,https://baseballsavant.mlb.com/leaderboard/sprint_speed?year=2023&position=&team=&min=10&csv=true,2327b0cae7d6fb063c501313a8e100f8a6f2a7944a01db283f780b07b3041dde,462,MISSING_LEADERBOARD_ROW_IS_MISSING_EXPOSURE_NOT_SLOW
PROEYE:63165132,吉田 正尚,Masataka Yoshida,MATCHED_VERIFIED_MLBAM_OR_CURATED_BRIDGE,CURRENT_OR_HISTORICAL_EXTERNAL_GAME_APPRAISAL_AND_MLB_REGULAR_SEASON_EVIDENCE,807799,2024,BOS,DH,L,26.1,175,,4.43,RAW_H2F_LEADERBOARD_FIELD_NOT_STANDARDIZED_90FT,min_competitive_runs,10,Bolts are interpreted only with Competitive Runs; absent rows are not zero/slow.,https://baseballsavant.mlb.com/leaderboard/sprint_speed?year=2024&position=&team=&min=10&csv=true,a93bd7657d58405f8110aba6a7fe923b54b76eed4a819dd016d118106c839257,460,MISSING_LEADERBOARD_ROW_IS_MISSING_EXPOSURE_NOT_SLOW
PROEYE:63165132,吉田 正尚,Masataka Yoshida,MATCHED_VERIFIED_MLBAM_OR_CURATED_BRIDGE,CURRENT_OR_HISTORICAL_EXTERNAL_GAME_APPRAISAL_AND_MLB_REGULAR_SEASON_EVIDENCE,807799,2025,BOS,DH,L,26.4,106,,4.38,RAW_H2F_LEADERBOARD_FIELD_NOT_STANDARDIZED_90FT,min_competitive_runs,10,Bolts are interpreted only with Competitive Runs; absent rows are not zero/slow.,https://baseballsavant.mlb.com/leaderboard/sprint_speed?year=2025&position=&team=&min=10&csv=true,9d750afd33db136f9e5559b3f749e814843d253e9540fcd7c0f7d60fef7d7b69,436,MISSING_LEADERBOARD_ROW_IS_MISSING_EXPOSURE_NOT_SLOW
PROEYE:63165132,吉田 正尚,Masataka Yoshida,MATCHED_VERIFIED_MLBAM_OR_CURATED_BRIDGE,CURRENT_OR_HISTORICAL_EXTERNAL_GAME_APPRAISAL_AND_MLB_REGULAR_SEASON_EVIDENCE,807799,2026,BOS,DH,L,26.1,126,,4.42,RAW_H2F_LEADERBOARD_FIELD_NOT_STANDARDIZED_90FT,min_competitive_runs,10,Bolts are interpreted only with Competitive Runs; absent rows are not zero/slow.,https://baseballsavant.mlb.com/leaderboard/sprint_speed?year=2026&position=&team=&min=10&csv=true,3a3bbf447d9e730e0d8137a01276ce518cd2559c3da6db7b132f1be04dfa23cf,426,MISSING_LEADERBOARD_ROW_IS_MISSING_EXPOSURE_NOT_SLOW
