stable_player_key,npb_name,npb_name_en,production_player_id,proeye_id,mlbam_ids,the_show_uuid_count,current100_queue_orders,current100_coverage_state,identity_state,ambiguity_state,cohort,transition_directions,the_show_live_row_count,the_show_seasons,the_show_editions,mlb_evidence,evidence_role,name_only_match_allowed,source_commit_history,source_commit_temporal
NPBNAME:アポステル,アポステル,Sherten Apostel,,,,2,,,MLB_LOWER_BOUND_MATCH,NONE_DETECTED,MLB_TO_NPB_FOREIGN,,47,"2021,2023","21,23",True,CURRENT_OR_HISTORICAL_EXTERNAL_GAME_APPRAISAL_CONTEXT,False,97c429521267cfb70ccdd61e40e11853d100e360,ab5adbfee656d69d0b378145fd66bf5789e0d1b4
NPBNAME:エンカーナシオン,エンカーナシオン,Jerar Encarnacion,,,666464,6,,,MLB_LOWER_BOUND_MATCH,NONE_DETECTED,MLB_TO_NPB_FOREIGN,,138,"2021,2022,2023,2024,2025,2026","21,22,23,24,25,26",True,CURRENT_OR_HISTORICAL_EXTERNAL_GAME_APPRAISAL_CONTEXT,False,97c429521267cfb70ccdd61e40e11853d100e360,ab5adbfee656d69d0b378145fd66bf5789e0d1b4
NPBNAME:オスナ,オスナ,Jose Osuna,,,,0,,,MLB_LOWER_BOUND_MATCH,NONE_DETECTED,MLB_TO_NPB_FOREIGN,,0,,,True,CURRENT_OR_HISTORICAL_EXTERNAL_GAME_APPRAISAL_CONTEXT,False,97c429521267cfb70ccdd61e40e11853d100e360,ab5adbfee656d69d0b378145fd66bf5789e0d1b4
NPBNAME:カストロ,カストロ,Rodolfo Castro,,,666801,4,,,MLB_LOWER_BOUND_MATCH,NONE_DETECTED,MLB_TO_NPB_FOREIGN,,92,"2021,2022,2023,2024","21,22,23,24",True,CURRENT_OR_HISTORICAL_EXTERNAL_GAME_APPRAISAL_CONTEXT,False,97c429521267cfb70ccdd61e40e11853d100e360,ab5adbfee656d69d0b378145fd66bf5789e0d1b4
NPBNAME:カナリオ,カナリオ,Alexander Canario,,,672744,5,,,MLB_LOWER_BOUND_MATCH,NONE_DETECTED,MLB_TO_NPB_FOREIGN,,120,"2021,2022,2023,2024,2025","21,22,23,24,25",True,CURRENT_OR_HISTORICAL_EXTERNAL_GAME_APPRAISAL_CONTEXT,False,97c429521267cfb70ccdd61e40e11853d100e360,ab5adbfee656d69d0b378145fd66bf5789e0d1b4
NPBNAME:カリステ,カリステ,Orlando Calixte,,,,0,,,MLB_LOWER_BOUND_MATCH,NONE_DETECTED,MLB_TO_NPB_FOREIGN,,0,,,True,CURRENT_OR_HISTORICAL_EXTERNAL_GAME_APPRAISAL_CONTEXT,False,97c429521267cfb70ccdd61e40e11853d100e360,ab5adbfee656d69d0b378145fd66bf5789e0d1b4
NPBNAME:キャベッジ,キャベッジ,Trey Cabbage,,,663550,2,,,MLB_LOWER_BOUND_MATCH,NONE_DETECTED,MLB_TO_NPB_FOREIGN,,49,"2023,2024","23,24",True,CURRENT_OR_HISTORICAL_EXTERNAL_GAME_APPRAISAL_CONTEXT,False,97c429521267cfb70ccdd61e40e11853d100e360,ab5adbfee656d69d0b378145fd66bf5789e0d1b4
NPBNAME:ギッテンス,ギッテンス,Chris Gittens,,,656467,1,,,MLB_LOWER_BOUND_MATCH,NONE_DETECTED,MLB_TO_NPB_FOREIGN,,21,2021,21,True,CURRENT_OR_HISTORICAL_EXTERNAL_GAME_APPRAISAL_CONTEXT,False,97c429521267cfb70ccdd61e40e11853d100e360,ab5adbfee656d69d0b378145fd66bf5789e0d1b4
NPBNAME:ゴンザレス,ゴンザレス,Oscar Gonzalez,,,660757,4,,,MLB_LOWER_BOUND_MATCH,NONE_DETECTED,MLB_TO_NPB_FOREIGN,,94,"2022,2023,2025,2026","22,23,25,26",True,CURRENT_OR_HISTORICAL_EXTERNAL_GAME_APPRAISAL_CONTEXT,False,97c429521267cfb70ccdd61e40e11853d100e360,ab5adbfee656d69d0b378145fd66bf5789e0d1b4
NPBNAME:サノー,サノー,Miguel Sano,,,593934,5,,,MLB_LOWER_BOUND_MATCH,NONE_DETECTED,MLB_TO_NPB_FOREIGN,,120,"2021,2022,2023,2024,2025","21,22,23,24,25",True,CURRENT_OR_HISTORICAL_EXTERNAL_GAME_APPRAISAL_CONTEXT,False,97c429521267cfb70ccdd61e40e11853d100e360,ab5adbfee656d69d0b378145fd66bf5789e0d1b4
NPBNAME:サンタナ,サンタナ,Domingo Santana,,,,0,,,MLB_LOWER_BOUND_MATCH,NONE_DETECTED,MLB_TO_NPB_FOREIGN,,0,,,True,CURRENT_OR_HISTORICAL_EXTERNAL_GAME_APPRAISAL_CONTEXT,False,97c429521267cfb70ccdd61e40e11853d100e360,ab5adbfee656d69d0b378145fd66bf5789e0d1b4
NPBNAME:シーモア,シーモア,Bob Seymour,,,,0,,,MLB_LOWER_BOUND_MATCH,NONE_DETECTED,MLB_TO_NPB_FOREIGN,,0,,,True,CURRENT_OR_HISTORICAL_EXTERNAL_GAME_APPRAISAL_CONTEXT,False,97c429521267cfb70ccdd61e40e11853d100e360,ab5adbfee656d69d0b378145fd66bf5789e0d1b4
NPBNAME:ダルベック,ダルベック,Bobby Dalbec,,,666915,5,,,MLB_LOWER_BOUND_MATCH,NONE_DETECTED,MLB_TO_NPB_FOREIGN,,120,"2021,2022,2023,2024,2025","21,22,23,24,25",True,CURRENT_OR_HISTORICAL_EXTERNAL_GAME_APPRAISAL_CONTEXT,False,97c429521267cfb70ccdd61e40e11853d100e360,ab5adbfee656d69d0b378145fd66bf5789e0d1b4
NPBNAME:ネビン,ネビン,Tyler Nevin,,,663527,4,,,MLB_LOWER_BOUND_MATCH,NONE_DETECTED,MLB_TO_NPB_FOREIGN,,92,"2021,2022,2023,2024","21,22,23,24",True,CURRENT_OR_HISTORICAL_EXTERNAL_GAME_APPRAISAL_CONTEXT,False,97c429521267cfb70ccdd61e40e11853d100e360,ab5adbfee656d69d0b378145fd66bf5789e0d1b4
NPBNAME:ヒュンメル,ヒュンメル,Cooper Hummel,,,669450,5,,,MLB_LOWER_BOUND_MATCH,NONE_DETECTED,MLB_TO_NPB_FOREIGN,,120,"2021,2022,2023,2024,2025","21,22,23,24,25",True,CURRENT_OR_HISTORICAL_EXTERNAL_GAME_APPRAISAL_CONTEXT,False,97c429521267cfb70ccdd61e40e11853d100e360,ab5adbfee656d69d0b378145fd66bf5789e0d1b4
NPBNAME:ボイト,ボイト,Luke Voit,,,572228,4,,,MLB_LOWER_BOUND_MATCH,NONE_DETECTED,MLB_TO_NPB_FOREIGN,,92,"2021,2022,2023,2024","21,22,23,24",True,CURRENT_OR_HISTORICAL_EXTERNAL_GAME_APPRAISAL_CONTEXT,False,97c429521267cfb70ccdd61e40e11853d100e360,ab5adbfee656d69d0b378145fd66bf5789e0d1b4
NPBNAME:ボスラー,ボスラー,Jason Vosler,,,613564,4,,,MLB_LOWER_BOUND_MATCH,NONE_DETECTED,MLB_TO_NPB_FOREIGN,,92,"2021,2022,2023,2024","21,22,23,24",True,CURRENT_OR_HISTORICAL_EXTERNAL_GAME_APPRAISAL_CONTEXT,False,97c429521267cfb70ccdd61e40e11853d100e360,ab5adbfee656d69d0b378145fd66bf5789e0d1b4
NPBNAME:ポランコ,ポランコ,Gregory Polanco,,,570256,1,,,MLB_LOWER_BOUND_MATCH,NONE_DETECTED,MLB_TO_NPB_FOREIGN,,21,2021,21,True,CURRENT_OR_HISTORICAL_EXTERNAL_GAME_APPRAISAL_CONTEXT,False,97c429521267cfb70ccdd61e40e11853d100e360,ab5adbfee656d69d0b378145fd66bf5789e0d1b4
NPBNAME:モンテロ,モンテロ,Elehuris Montero,,,660707,5,,,MLB_LOWER_BOUND_MATCH,NONE_DETECTED,MLB_TO_NPB_FOREIGN,,120,"2021,2022,2023,2024,2025","21,22,23,24,25",True,CURRENT_OR_HISTORICAL_EXTERNAL_GAME_APPRAISAL_CONTEXT,False,97c429521267cfb70ccdd61e40e11853d100e360,ab5adbfee656d69d0b378145fd66bf5789e0d1b4
NPBNAME:レイエス,レイエス,Franmil Reyes,,,614177,3,,,MLB_LOWER_BOUND_MATCH,NONE_DETECTED,MLB_TO_NPB_FOREIGN,,69,"2021,2022,2023","21,22,23",True,CURRENT_OR_HISTORICAL_EXTERNAL_GAME_APPRAISAL_CONTEXT,False,97c429521267cfb70ccdd61e40e11853d100e360,ab5adbfee656d69d0b378145fd66bf5789e0d1b4
NPBNAME:名原典彦,名原 典彦,,,,,0,46,NO_MLB_PROMOTION_FOUND,NO_MATCH_IN_SCREENED_MLB_AND_SHOW_CROSSWALKS,NONE_DETECTED,CURRENT100_MLB_PROMOTION_OR_APPEARANCE,,0,,,False,CURRENT_OR_HISTORICAL_EXTERNAL_GAME_APPRAISAL_CONTEXT,False,97c429521267cfb70ccdd61e40e11853d100e360,ab5adbfee656d69d0b378145fd66bf5789e0d1b4
PROEYE:01005113,中　島,,,01005113,,0,,,NO_MATCH_IN_SCREENED_SOURCES,NONE_DETECTED,HISTORICAL_CALIBRATION_POPULATION,,0,,,False,CURRENT_OR_HISTORICAL_EXTERNAL_GAME_APPRAISAL_CONTEXT,False,97c429521267cfb70ccdd61e40e11853d100e360,ab5adbfee656d69d0b378145fd66bf5789e0d1b4
PROEYE:01005132,髙　山,,,01005132,,0,,,NO_MATCH_IN_SCREENED_SOURCES,NONE_DETECTED,HISTORICAL_CALIBRATION_POPULATION,,0,,,False,CURRENT_OR_HISTORICAL_EXTERNAL_GAME_APPRAISAL_CONTEXT,False,97c429521267cfb70ccdd61e40e11853d100e360,ab5adbfee656d69d0b378145fd66bf5789e0d1b4
PROEYE:01005159,鈴木叶,,,01005159,,0,,,NO_MATCH_IN_SCREENED_SOURCES,NONE_DETECTED,HISTORICAL_CALIBRATION_POPULATION,,0,,,False,CURRENT_OR_HISTORICAL_EXTERNAL_GAME_APPRAISAL_CONTEXT,False,97c429521267cfb70ccdd61e40e11853d100e360,ab5adbfee656d69d0b378145fd66bf5789e0d1b4
PROEYE:01103888,新　井,,,01103888,,0,,,NO_MATCH_IN_SCREENED_SOURCES,NONE_DETECTED,HISTORICAL_CALIBRATION_POPULATION,,0,,,False,CURRENT_OR_HISTORICAL_EXTERNAL_GAME_APPRAISAL_CONTEXT,False,97c429521267cfb70ccdd61e40e11853d100e360,ab5adbfee656d69d0b378145fd66bf5789e0d1b4
PROEYE:01105112,新井良,,,01105112,,0,,,NO_MATCH_IN_SCREENED_SOURCES,NONE_DETECTED,HISTORICAL_CALIBRATION_POPULATION,,0,,,False,CURRENT_OR_HISTORICAL_EXTERNAL_GAME_APPRAISAL_CONTEXT,False,97c429521267cfb70ccdd61e40e11853d100e360,ab5adbfee656d69d0b378145fd66bf5789e0d1b4
PROEYE:01105115,天　谷,,,01105115,,0,,,NO_MATCH_IN_SCREENED_SOURCES,NONE_DETECTED,HISTORICAL_CALIBRATION_POPULATION,,0,,,False,CURRENT_OR_HISTORICAL_EXTERNAL_GAME_APPRAISAL_CONTEXT,False,97c429521267cfb70ccdd61e40e11853d100e360,ab5adbfee656d69d0b378145fd66bf5789e0d1b4
PROEYE:01105131,荒　木,,,01105131,,0,,,NO_MATCH_IN_SCREENED_SOURCES,NONE_DETECTED,HISTORICAL_CALIBRATION_POPULATION,,0,,,False,CURRENT_OR_HISTORICAL_EXTERNAL_GAME_APPRAISAL_CONTEXT,False,97c429521267cfb70ccdd61e40e11853d100e360,ab5adbfee656d69d0b378145fd66bf5789e0d1b4
PROEYE:01105133,荒　波,,,01105133,,0,,,NO_MATCH_IN_SCREENED_SOURCES,NONE_DETECTED,HISTORICAL_CALIBRATION_POPULATION,,0,,,False,CURRENT_OR_HISTORICAL_EXTERNAL_GAME_APPRAISAL_CONTEXT,False,97c429521267cfb70ccdd61e40e11853d100e360,ab5adbfee656d69d0b378145fd66bf5789e0d1b4
PROEYE:01105135,石　川,,,01105135,,0,,,NO_MATCH_IN_SCREENED_SOURCES,NONE_DETECTED,HISTORICAL_CALIBRATION_POPULATION,,0,,,False,CURRENT_OR_HISTORICAL_EXTERNAL_GAME_APPRAISAL_CONTEXT,False,97c429521267cfb70ccdd61e40e11853d100e360,ab5adbfee656d69d0b378145fd66bf5789e0d1b4
PROEYE:01105151,石　塚,,,01105151,,0,,,NO_MATCH_IN_SCREENED_SOURCES,NONE_DETECTED,HISTORICAL_CALIBRATION_POPULATION,,0,,,False,CURRENT_OR_HISTORICAL_EXTERNAL_GAME_APPRAISAL_CONTEXT,False,97c429521267cfb70ccdd61e40e11853d100e360,ab5adbfee656d69d0b378145fd66bf5789e0d1b4
PROEYE:01105155,有　薗,,,01105155,,0,,,NO_MATCH_IN_SCREENED_SOURCES,NONE_DETECTED,HISTORICAL_CALIBRATION_POPULATION,,0,,,False,CURRENT_OR_HISTORICAL_EXTERNAL_GAME_APPRAISAL_CONTEXT,False,97c429521267cfb70ccdd61e40e11853d100e360,ab5adbfee656d69d0b378145fd66bf5789e0d1b4
PROEYE:01205112,根　元,,,01205112,,0,,,NO_MATCH_IN_SCREENED_SOURCES,NONE_DETECTED,HISTORICAL_CALIBRATION_POPULATION,,0,,,False,CURRENT_OR_HISTORICAL_EXTERNAL_GAME_APPRAISAL_CONTEXT,False,97c429521267cfb70ccdd61e40e11853d100e360,ab5adbfee656d69d0b378145fd66bf5789e0d1b4
PROEYE:01205114,堂　上,,,01205114,,0,,,NO_MATCH_IN_SCREENED_SOURCES,NONE_DETECTED,HISTORICAL_CALIBRATION_POPULATION,,0,,,False,CURRENT_OR_HISTORICAL_EXTERNAL_GAME_APPRAISAL_CONTEXT,False,97c429521267cfb70ccdd61e40e11853d100e360,ab5adbfee656d69d0b378145fd66bf5789e0d1b4
PROEYE:01205130,戸　川,,,01205130,,0,,,NO_MATCH_IN_SCREENED_SOURCES,NONE_DETECTED,HISTORICAL_CALIBRATION_POPULATION,,0,,,False,CURRENT_OR_HISTORICAL_EXTERNAL_GAME_APPRAISAL_CONTEXT,False,97c429521267cfb70ccdd61e40e11853d100e360,ab5adbfee656d69d0b378145fd66bf5789e0d1b4
PROEYE:01303868,山　﨑,,,01303868,,0,,,NO_MATCH_IN_SCREENED_SOURCES,NONE_DETECTED,HISTORICAL_CALIBRATION_POPULATION,,0,,,False,CURRENT_OR_HISTORICAL_EXTERNAL_GAME_APPRAISAL_CONTEXT,False,97c429521267cfb70ccdd61e40e11853d100e360,ab5adbfee656d69d0b378145fd66bf5789e0d1b4
PROEYE:01305110,片　岡,,,01305110,,0,,,NO_MATCH_IN_SCREENED_SOURCES,NONE_DETECTED,HISTORICAL_CALIBRATION_POPULATION,,0,,,False,CURRENT_OR_HISTORICAL_EXTERNAL_GAME_APPRAISAL_CONTEXT,False,97c429521267cfb70ccdd61e40e11853d100e360,ab5adbfee656d69d0b378145fd66bf5789e0d1b4
PROEYE:01305115,今　江,,,01305115,,0,,,NO_MATCH_IN_SCREENED_SOURCES,NONE_DETECTED,HISTORICAL_CALIBRATION_POPULATION,,0,,,False,CURRENT_OR_HISTORICAL_EXTERNAL_GAME_APPRAISAL_CONTEXT,False,97c429521267cfb70ccdd61e40e11853d100e360,ab5adbfee656d69d0b378145fd66bf5789e0d1b4
PROEYE:01305118,上　本,,,01305118,,0,,,NO_MATCH_IN_SCREENED_SOURCES,NONE_DETECTED,HISTORICAL_CALIBRATION_POPULATION,,0,,,False,CURRENT_OR_HISTORICAL_EXTERNAL_GAME_APPRAISAL_CONTEXT,False,97c429521267cfb70ccdd61e40e11853d100e360,ab5adbfee656d69d0b378145fd66bf5789e0d1b4
PROEYE:01305130,植　田,,,01305130,,0,,,NO_MATCH_IN_SCREENED_SOURCES,NONE_DETECTED,HISTORICAL_CALIBRATION_POPULATION,,0,,,False,CURRENT_OR_HISTORICAL_EXTERNAL_GAME_APPRAISAL_CONTEXT,False,97c429521267cfb70ccdd61e40e11853d100e360,ab5adbfee656d69d0b378145fd66bf5789e0d1b4
PROEYE:01305131,大　島,,01305131,01305131,,0,12,NO_MLB_PROMOTION_FOUND,NO_MATCH_IN_SCREENED_MLB_AND_SHOW_CROSSWALKS,NONE_DETECTED,CURRENT100_MLB_PROMOTION_OR_APPEARANCE,,0,,,False,CURRENT_OR_HISTORICAL_EXTERNAL_GAME_APPRAISAL_CONTEXT,False,97c429521267cfb70ccdd61e40e11853d100e360,ab5adbfee656d69d0b378145fd66bf5789e0d1b4
PROEYE:01305137,大　谷,,,01305137,,0,,,NO_MATCH_IN_SCREENED_SOURCES,NONE_DETECTED,HISTORICAL_CALIBRATION_POPULATION,,0,,,False,CURRENT_OR_HISTORICAL_EXTERNAL_GAME_APPRAISAL_CONTEXT,False,97c429521267cfb70ccdd61e40e11853d100e360,ab5adbfee656d69d0b378145fd66bf5789e0d1b4
PROEYE:01305139,内　田,,,01305139,,0,,,NO_MATCH_IN_SCREENED_SOURCES,NONE_DETECTED,HISTORICAL_CALIBRATION_POPULATION,,0,,,False,CURRENT_OR_HISTORICAL_EXTERNAL_GAME_APPRAISAL_CONTEXT,False,97c429521267cfb70ccdd61e40e11853d100e360,ab5adbfee656d69d0b378145fd66bf5789e0d1b4
PROEYE:01305153,井　上,,,01305153,,0,,,NO_MATCH_IN_SCREENED_SOURCES,NONE_DETECTED,HISTORICAL_CALIBRATION_POPULATION,,0,,,False,CURRENT_OR_HISTORICAL_EXTERNAL_GAME_APPRAISAL_CONTEXT,False,97c429521267cfb70ccdd61e40e11853d100e360,ab5adbfee656d69d0b378145fd66bf5789e0d1b4
PROEYE:01305155,大　里,,,01305155,,0,,,NO_MATCH_IN_SCREENED_SOURCES,NONE_DETECTED,HISTORICAL_CALIBRATION_POPULATION,,0,,,False,CURRENT_OR_HISTORICAL_EXTERNAL_GAME_APPRAISAL_CONTEXT,False,97c429521267cfb70ccdd61e40e11853d100e360,ab5adbfee656d69d0b378145fd66bf5789e0d1b4
PROEYE:01405116,松　山,,,01405116,,0,,,NO_MATCH_IN_SCREENED_SOURCES,NONE_DETECTED,HISTORICAL_CALIBRATION_POPULATION,,0,,,False,CURRENT_OR_HISTORICAL_EXTERNAL_GAME_APPRAISAL_CONTEXT,False,97c429521267cfb70ccdd61e40e11853d100e360,ab5adbfee656d69d0b378145fd66bf5789e0d1b4
PROEYE:01405130,野　間,,01405130,01405130,,0,52,NO_MLB_PROMOTION_FOUND,NO_MATCH_IN_SCREENED_MLB_AND_SHOW_CROSSWALKS,NONE_DETECTED,CURRENT100_MLB_PROMOTION_OR_APPEARANCE,,0,,,False,CURRENT_OR_HISTORICAL_EXTERNAL_GAME_APPRAISAL_CONTEXT,False,97c429521267cfb70ccdd61e40e11853d100e360,ab5adbfee656d69d0b378145fd66bf5789e0d1b4
PROEYE:01405135,西　森,,,01405135,,0,,,NO_MATCH_IN_SCREENED_SOURCES,NONE_DETECTED,HISTORICAL_CALIBRATION_POPULATION,,0,,,False,CURRENT_OR_HISTORICAL_EXTERNAL_GAME_APPRAISAL_CONTEXT,False,97c429521267cfb70ccdd61e40e11853d100e360,ab5adbfee656d69d0b378145fd66bf5789e0d1b4
PROEYE:01405136,西　村,,,01405136,,0,,,NO_MATCH_IN_SCREENED_SOURCES,NONE_DETECTED,HISTORICAL_CALIBRATION_POPULATION,,0,,,False,CURRENT_OR_HISTORICAL_EXTERNAL_GAME_APPRAISAL_CONTEXT,False,97c429521267cfb70ccdd61e40e11853d100e360,ab5adbfee656d69d0b378145fd66bf5789e0d1b4
PROEYE:01405138,林,,,01405138,,0,,,NO_MATCH_IN_SCREENED_SOURCES,NONE_DETECTED,HISTORICAL_CALIBRATION_POPULATION,,0,,,False,CURRENT_OR_HISTORICAL_EXTERNAL_GAME_APPRAISAL_CONTEXT,False,97c429521267cfb70ccdd61e40e11853d100e360,ab5adbfee656d69d0b378145fd66bf5789e0d1b4
PROEYE:01405151,韮　澤,,,01405151,,0,,,NO_MATCH_IN_SCREENED_SOURCES,NONE_DETECTED,HISTORICAL_CALIBRATION_POPULATION,,0,,,False,CURRENT_OR_HISTORICAL_EXTERNAL_GAME_APPRAISAL_CONTEXT,False,97c429521267cfb70ccdd61e40e11853d100e360,ab5adbfee656d69d0b378145fd66bf5789e0d1b4
PROEYE:01405155,中村健,,,01405155,,0,,,NO_MATCH_IN_SCREENED_SOURCES,NONE_DETECTED,HISTORICAL_CALIBRATION_POPULATION,,0,,,False,CURRENT_OR_HISTORICAL_EXTERNAL_GAME_APPRAISAL_CONTEXT,False,97c429521267cfb70ccdd61e40e11853d100e360,ab5adbfee656d69d0b378145fd66bf5789e0d1b4
PROEYE:01405157,野　口,,,01405157,,0,,,NO_MATCH_IN_SCREENED_SOURCES,NONE_DETECTED,HISTORICAL_CALIBRATION_POPULATION,,0,,,False,CURRENT_OR_HISTORICAL_EXTERNAL_GAME_APPRAISAL_CONTEXT,False,97c429521267cfb70ccdd61e40e11853d100e360,ab5adbfee656d69d0b378145fd66bf5789e0d1b4
PROEYE:01505119,黒　瀬,,,01505119,,0,,,NO_MATCH_IN_SCREENED_SOURCES,NONE_DETECTED,HISTORICAL_CALIBRATION_POPULATION,,0,,,False,CURRENT_OR_HISTORICAL_EXTERNAL_GAME_APPRAISAL_CONTEXT,False,97c429521267cfb70ccdd61e40e11853d100e360,ab5adbfee656d69d0b378145fd66bf5789e0d1b4
PROEYE:01505132,オコエ,,,01505132,,0,,,NO_MATCH_IN_SCREENED_SOURCES,NONE_DETECTED,HISTORICAL_CALIBRATION_POPULATION,,0,,,False,CURRENT_OR_HISTORICAL_EXTERNAL_GAME_APPRAISAL_CONTEXT,False,97c429521267cfb70ccdd61e40e11853d100e360,ab5adbfee656d69d0b378145fd66bf5789e0d1b4
PROEYE:01505137,金　子,,,01505137,,0,,,NO_MATCH_IN_SCREENED_SOURCES,NONE_DETECTED,HISTORICAL_CALIBRATION_POPULATION,,0,,,False,CURRENT_OR_HISTORICAL_EXTERNAL_GAME_APPRAISAL_CONTEXT,False,97c429521267cfb70ccdd61e40e11853d100e360,ab5adbfee656d69d0b378145fd66bf5789e0d1b4
PROEYE:01505138,片　山,,,01505138,,0,,,NO_MATCH_IN_SCREENED_SOURCES,NONE_DETECTED,HISTORICAL_CALIBRATION_POPULATION,,0,,,False,CURRENT_OR_HISTORICAL_EXTERNAL_GAME_APPRAISAL_CONTEXT,False,97c429521267cfb70ccdd61e40e11853d100e360,ab5adbfee656d69d0b378145fd66bf5789e0d1b4
PROEYE:01505155,上川畑,,,01505155,,0,,,NO_MATCH_IN_SCREENED_SOURCES,NONE_DETECTED,HISTORICAL_CALIBRATION_POPULATION,,0,,,False,CURRENT_OR_HISTORICAL_EXTERNAL_GAME_APPRAISAL_CONTEXT,False,97c429521267cfb70ccdd61e40e11853d100e360,ab5adbfee656d69d0b378145fd66bf5789e0d1b4
PROEYE:01605114,松　本,,,01605114,,0,,,NO_MATCH_IN_SCREENED_SOURCES,NONE_DETECTED,HISTORICAL_CALIBRATION_POPULATION,,0,,,False,CURRENT_OR_HISTORICAL_EXTERNAL_GAME_APPRAISAL_CONTEXT,False,97c429521267cfb70ccdd61e40e11853d100e360,ab5adbfee656d69d0b378145fd66bf5789e0d1b4
PROEYE:01605132,平　沼,,,01605132,,0,,,NO_MATCH_IN_SCREENED_SOURCES,NONE_DETECTED,HISTORICAL_CALIBRATION_POPULATION,,0,,,False,CURRENT_OR_HISTORICAL_EXTERNAL_GAME_APPRAISAL_CONTEXT,False,97c429521267cfb70ccdd61e40e11853d100e360,ab5adbfee656d69d0b378145fd66bf5789e0d1b4
PROEYE:01605136,福　田,,,01605136,,0,,,NO_MATCH_IN_SCREENED_SOURCES,NONE_DETECTED,HISTORICAL_CALIBRATION_POPULATION,,0,,,False,CURRENT_OR_HISTORICAL_EXTERNAL_GAME_APPRAISAL_CONTEXT,False,97c429521267cfb70ccdd61e40e11853d100e360,ab5adbfee656d69d0b378145fd66bf5789e0d1b4
PROEYE:01605138,増田陸,,,01605138,,0,,,NO_MATCH_IN_SCREENED_SOURCES,NONE_DETECTED,HISTORICAL_CALIBRATION_POPULATION,,0,,,False,CURRENT_OR_HISTORICAL_EXTERNAL_GAME_APPRAISAL_CONTEXT,False,97c429521267cfb70ccdd61e40e11853d100e360,ab5adbfee656d69d0b378145fd66bf5789e0d1b4
PROEYE:01705114,北,,,01705114,,0,,,NO_MATCH_IN_SCREENED_SOURCES,NONE_DETECTED,HISTORICAL_CALIBRATION_POPULATION,,0,,,False,CURRENT_OR_HISTORICAL_EXTERNAL_GAME_APPRAISAL_CONTEXT,False,97c429521267cfb70ccdd61e40e11853d100e360,ab5adbfee656d69d0b378145fd66bf5789e0d1b4
PROEYE:01705117,木　村,,,01705117,,0,,,NO_MATCH_IN_SCREENED_SOURCES,NONE_DETECTED,HISTORICAL_CALIBRATION_POPULATION,,0,,,False,CURRENT_OR_HISTORICAL_EXTERNAL_GAME_APPRAISAL_CONTEXT,False,97c429521267cfb70ccdd61e40e11853d100e360,ab5adbfee656d69d0b378145fd66bf5789e0d1b4
PROEYE:01705118,坂　田,,,01705118,,0,,,NO_MATCH_IN_SCREENED_SOURCES,NONE_DETECTED,HISTORICAL_CALIBRATION_POPULATION,,0,,,False,CURRENT_OR_HISTORICAL_EXTERNAL_GAME_APPRAISAL_CONTEXT,False,97c429521267cfb70ccdd61e40e11853d100e360,ab5adbfee656d69d0b378145fd66bf5789e0d1b4
PROEYE:01705130,栗　原,,01705130,01705130,,0,81,NO_MLB_PROMOTION_FOUND,NO_MATCH_IN_SCREENED_MLB_AND_SHOW_CROSSWALKS,NONE_DETECTED,CURRENT100_MLB_PROMOTION_OR_APPEARANCE,,0,,,False,CURRENT_OR_HISTORICAL_EXTERNAL_GAME_APPRAISAL_CONTEXT,False,97c429521267cfb70ccdd61e40e11853d100e360,ab5adbfee656d69d0b378145fd66bf5789e0d1b4
PROEYE:01705134,古　賀,,01705134,01705134,,0,57,NO_MLB_PROMOTION_FOUND,NO_MATCH_IN_SCREENED_MLB_AND_SHOW_CROSSWALKS,NONE_DETECTED,CURRENT100_MLB_PROMOTION_OR_APPEARANCE,,0,,,False,CURRENT_OR_HISTORICAL_EXTERNAL_GAME_APPRAISAL_CONTEXT,False,97c429521267cfb70ccdd61e40e11853d100e360,ab5adbfee656d69d0b378145fd66bf5789e0d1b4
PROEYE:01705137,下　妻,,,01705137,,0,,,NO_MATCH_IN_SCREENED_SOURCES,NONE_DETECTED,HISTORICAL_CALIBRATION_POPULATION,,0,,,False,CURRENT_OR_HISTORICAL_EXTERNAL_GAME_APPRAISAL_CONTEXT,False,97c429521267cfb70ccdd61e40e11853d100e360,ab5adbfee656d69d0b378145fd66bf5789e0d1b4
PROEYE:01705138,小　園,,01705138,01705138,,0,48,NO_MLB_PROMOTION_FOUND,NO_MATCH_IN_SCREENED_MLB_AND_SHOW_CROSSWALKS,NONE_DETECTED,CURRENT100_MLB_PROMOTION_OR_APPEARANCE,,0,,,False,CURRENT_OR_HISTORICAL_EXTERNAL_GAME_APPRAISAL_CONTEXT,False,97c429521267cfb70ccdd61e40e11853d100e360,ab5adbfee656d69d0b378145fd66bf5789e0d1b4
PROEYE:01805114,横　川,,,01805114,,0,,,NO_MATCH_IN_SCREENED_SOURCES,NONE_DETECTED,HISTORICAL_CALIBRATION_POPULATION,,0,,,False,CURRENT_OR_HISTORICAL_EXTERNAL_GAME_APPRAISAL_CONTEXT,False,97c429521267cfb70ccdd61e40e11853d100e360,ab5adbfee656d69d0b378145fd66bf5789e0d1b4
PROEYE:01805136,宮　本,,,01805136,,0,,,NO_MATCH_IN_SCREENED_SOURCES,NONE_DETECTED,HISTORICAL_CALIBRATION_POPULATION,,0,,,False,CURRENT_OR_HISTORICAL_EXTERNAL_GAME_APPRAISAL_CONTEXT,False,97c429521267cfb70ccdd61e40e11853d100e360,ab5adbfee656d69d0b378145fd66bf5789e0d1b4
PROEYE:01805151,武　藤,,,01805151,,0,,,NO_MATCH_IN_SCREENED_SOURCES,NONE_DETECTED,HISTORICAL_CALIBRATION_POPULATION,,0,,,False,CURRENT_OR_HISTORICAL_EXTERNAL_GAME_APPRAISAL_CONTEXT,False,97c429521267cfb70ccdd61e40e11853d100e360,ab5adbfee656d69d0b378145fd66bf5789e0d1b4
PROEYE:01805153,古　川,,,01805153,,0,,,NO_MATCH_IN_SCREENED_SOURCES,NONE_DETECTED,HISTORICAL_CALIBRATION_POPULATION,,0,,,False,CURRENT_OR_HISTORICAL_EXTERNAL_GAME_APPRAISAL_CONTEXT,False,97c429521267cfb70ccdd61e40e11853d100e360,ab5adbfee656d69d0b378145fd66bf5789e0d1b4
PROEYE:01903888,二　岡,,,01903888,,0,,,NO_MATCH_IN_SCREENED_SOURCES,NONE_DETECTED,HISTORICAL_CALIBRATION_POPULATION,,0,,,False,CURRENT_OR_HISTORICAL_EXTERNAL_GAME_APPRAISAL_CONTEXT,False,97c429521267cfb70ccdd61e40e11853d100e360,ab5adbfee656d69d0b378145fd66bf5789e0d1b4
PROEYE:01905114,嶋,,,01905114,,0,,,NO_MATCH_IN_SCREENED_SOURCES,NONE_DETECTED,HISTORICAL_CALIBRATION_POPULATION,,0,,,False,CURRENT_OR_HISTORICAL_EXTERNAL_GAME_APPRAISAL_CONTEXT,False,97c429521267cfb70ccdd61e40e11853d100e360,ab5adbfee656d69d0b378145fd66bf5789e0d1b4
PROEYE:01905119,堂　上,,,01905119,,0,,,NO_MATCH_IN_SCREENED_SOURCES,NONE_DETECTED,HISTORICAL_CALIBRATION_POPULATION,,0,,,False,CURRENT_OR_HISTORICAL_EXTERNAL_GAME_APPRAISAL_CONTEXT,False,97c429521267cfb70ccdd61e40e11853d100e360,ab5adbfee656d69d0b378145fd66bf5789e0d1b4
PROEYE:01905151,黒　川,,,01905151,,0,,,NO_MATCH_IN_SCREENED_SOURCES,NONE_DETECTED,HISTORICAL_CALIBRATION_POPULATION,,0,,,False,CURRENT_OR_HISTORICAL_EXTERNAL_GAME_APPRAISAL_CONTEXT,False,97c429521267cfb70ccdd61e40e11853d100e360,ab5adbfee656d69d0b378145fd66bf5789e0d1b4
PROEYE:03105132,横　尾,,,03105132,,0,,,NO_MATCH_IN_SCREENED_SOURCES,NONE_DETECTED,HISTORICAL_CALIBRATION_POPULATION,,0,,,False,CURRENT_OR_HISTORICAL_EXTERNAL_GAME_APPRAISAL_CONTEXT,False,97c429521267cfb70ccdd61e40e11853d100e360,ab5adbfee656d69d0b378145fd66bf5789e0d1b4
PROEYE:03105151,山　瀬,,,03105151,,0,,,NO_MATCH_IN_SCREENED_SOURCES,NONE_DETECTED,HISTORICAL_CALIBRATION_POPULATION,,0,,,False,CURRENT_OR_HISTORICAL_EXTERNAL_GAME_APPRAISAL_CONTEXT,False,97c429521267cfb70ccdd61e40e11853d100e360,ab5adbfee656d69d0b378145fd66bf5789e0d1b4
PROEYE:03105157,村　松,,03105157,03105157,,0,15,NO_MLB_PROMOTION_FOUND,NO_MATCH_IN_SCREENED_MLB_AND_SHOW_CROSSWALKS,NONE_DETECTED,CURRENT100_MLB_PROMOTION_OR_APPEARANCE,,0,,,False,CURRENT_OR_HISTORICAL_EXTERNAL_GAME_APPRAISAL_CONTEXT,False,97c429521267cfb70ccdd61e40e11853d100e360,ab5adbfee656d69d0b378145fd66bf5789e0d1b4
PROEYE:03205159,フォード,Mike Ford,,03205159,645801,5,,,MLB_LOWER_BOUND_MATCH,NONE_DETECTED,MLB_TO_NPB_FOREIGN,,120,"2021,2022,2023,2024,2025","21,22,23,24,25",True,CURRENT_OR_HISTORICAL_EXTERNAL_GAME_APPRAISAL_CONTEXT,False,97c429521267cfb70ccdd61e40e11853d100e360,ab5adbfee656d69d0b378145fd66bf5789e0d1b4
PROEYE:03305132,渡　辺,,,03305132,,0,,,NO_MATCH_IN_SCREENED_SOURCES,NONE_DETECTED,HISTORICAL_CALIBRATION_POPULATION,,0,,,False,CURRENT_OR_HISTORICAL_EXTERNAL_GAME_APPRAISAL_CONTEXT,False,97c429521267cfb70ccdd61e40e11853d100e360,ab5adbfee656d69d0b378145fd66bf5789e0d1b4
PROEYE:03505133,ソト,,03505133,03505133,,0,28,IDENTITY_UNRESOLVED,AMBIGUOUS_SHORT_NPB_NAME_NOT_FORCED,AMBIGUOUS_NOT_FORCED,CURRENT100_MLB_PROMOTION_OR_APPEARANCE,,0,,,False,CURRENT_OR_HISTORICAL_EXTERNAL_GAME_APPRAISAL_CONTEXT,False,97c429521267cfb70ccdd61e40e11853d100e360,ab5adbfee656d69d0b378145fd66bf5789e0d1b4
PROEYE:03905153,R.ロドリゲス,Ronny Rodriguez,,03905153,,0,,,MLB_LOWER_BOUND_MATCH,NONE_DETECTED,MLB_TO_NPB_FOREIGN,,0,,,True,CURRENT_OR_HISTORICAL_EXTERNAL_GAME_APPRAISAL_CONTEXT,False,97c429521267cfb70ccdd61e40e11853d100e360,ab5adbfee656d69d0b378145fd66bf5789e0d1b4
PROEYE:11015115,辻,,,11015115,,0,,,NO_MATCH_IN_SCREENED_SOURCES,NONE_DETECTED,HISTORICAL_CALIBRATION_POPULATION,,0,,,False,CURRENT_OR_HISTORICAL_EXTERNAL_GAME_APPRAISAL_CONTEXT,False,97c429521267cfb70ccdd61e40e11853d100e360,ab5adbfee656d69d0b378145fd66bf5789e0d1b4
PROEYE:11015136,リチャード,,,11015136,,0,,,NO_MATCH_IN_SCREENED_SOURCES,NONE_DETECTED,HISTORICAL_CALIBRATION_POPULATION,,0,,,False,CURRENT_OR_HISTORICAL_EXTERNAL_GAME_APPRAISAL_CONTEXT,False,97c429521267cfb70ccdd61e40e11853d100e360,ab5adbfee656d69d0b378145fd66bf5789e0d1b4
PROEYE:11015138,辰　己,,,11015138,,0,,,NO_MATCH_IN_SCREENED_SOURCES,NONE_DETECTED,HISTORICAL_CALIBRATION_POPULATION,,0,,,False,CURRENT_OR_HISTORICAL_EXTERNAL_GAME_APPRAISAL_CONTEXT,False,97c429521267cfb70ccdd61e40e11853d100e360,ab5adbfee656d69d0b378145fd66bf5789e0d1b4
PROEYE:11015159,進　藤,,,11015159,,0,,,NO_MATCH_IN_SCREENED_SOURCES,NONE_DETECTED,HISTORICAL_CALIBRATION_POPULATION,,0,,,False,CURRENT_OR_HISTORICAL_EXTERNAL_GAME_APPRAISAL_CONTEXT,False,97c429521267cfb70ccdd61e40e11853d100e360,ab5adbfee656d69d0b378145fd66bf5789e0d1b4
PROEYE:11215115,野　中,,,11215115,,0,,,NO_MATCH_IN_SCREENED_SOURCES,NONE_DETECTED,HISTORICAL_CALIBRATION_POPULATION,,0,,,False,CURRENT_OR_HISTORICAL_EXTERNAL_GAME_APPRAISAL_CONTEXT,False,97c429521267cfb70ccdd61e40e11853d100e360,ab5adbfee656d69d0b378145fd66bf5789e0d1b4
PROEYE:11215116,中　村,,,11215116,,0,,,NO_MATCH_IN_SCREENED_SOURCES,NONE_DETECTED,HISTORICAL_CALIBRATION_POPULATION,,0,,,False,CURRENT_OR_HISTORICAL_EXTERNAL_GAME_APPRAISAL_CONTEXT,False,97c429521267cfb70ccdd61e40e11853d100e360,ab5adbfee656d69d0b378145fd66bf5789e0d1b4
PROEYE:11215118,中島卓,,,11215118,,0,,,NO_MATCH_IN_SCREENED_SOURCES,NONE_DETECTED,HISTORICAL_CALIBRATION_POPULATION,,0,,,False,CURRENT_OR_HISTORICAL_EXTERNAL_GAME_APPRAISAL_CONTEXT,False,97c429521267cfb70ccdd61e40e11853d100e360,ab5adbfee656d69d0b378145fd66bf5789e0d1b4
PROEYE:11215132,谷川原,,,11215132,,0,,,NO_MATCH_IN_SCREENED_SOURCES,NONE_DETECTED,HISTORICAL_CALIBRATION_POPULATION,,0,,,False,CURRENT_OR_HISTORICAL_EXTERNAL_GAME_APPRAISAL_CONTEXT,False,97c429521267cfb70ccdd61e40e11853d100e360,ab5adbfee656d69d0b378145fd66bf5789e0d1b4
PROEYE:11215134,田　中,,,11215134,,0,,,NO_MATCH_IN_SCREENED_SOURCES,NONE_DETECTED,HISTORICAL_CALIBRATION_POPULATION,,0,,,False,CURRENT_OR_HISTORICAL_EXTERNAL_GAME_APPRAISAL_CONTEXT,False,97c429521267cfb70ccdd61e40e11853d100e360,ab5adbfee656d69d0b378145fd66bf5789e0d1b4
PROEYE:11215135,塚　田,,,11215135,,0,,,NO_MATCH_IN_SCREENED_SOURCES,NONE_DETECTED,HISTORICAL_CALIBRATION_POPULATION,,0,,,False,CURRENT_OR_HISTORICAL_EXTERNAL_GAME_APPRAISAL_CONTEXT,False,97c429521267cfb70ccdd61e40e11853d100e360,ab5adbfee656d69d0b378145fd66bf5789e0d1b4
PROEYE:11215137,北　條,,,11215137,,0,,,NO_MATCH_IN_SCREENED_SOURCES,NONE_DETECTED,HISTORICAL_CALIBRATION_POPULATION,,0,,,False,CURRENT_OR_HISTORICAL_EXTERNAL_GAME_APPRAISAL_CONTEXT,False,97c429521267cfb70ccdd61e40e11853d100e360,ab5adbfee656d69d0b378145fd66bf5789e0d1b4
PROEYE:11215151,髙　部,,11215151,11215151,,0,38,NO_MLB_PROMOTION_FOUND,NO_MATCH_IN_SCREENED_MLB_AND_SHOW_CROSSWALKS,NONE_DETECTED,CURRENT100_MLB_PROMOTION_OR_APPEARANCE,,0,,,False,CURRENT_OR_HISTORICAL_EXTERNAL_GAME_APPRAISAL_CONTEXT,False,97c429521267cfb70ccdd61e40e11853d100e360,ab5adbfee656d69d0b378145fd66bf5789e0d1b4
PROEYE:11215153,佐野如,,,11215153,,0,,,NO_MATCH_IN_SCREENED_SOURCES,NONE_DETECTED,HISTORICAL_CALIBRATION_POPULATION,,0,,,False,CURRENT_OR_HISTORICAL_EXTERNAL_GAME_APPRAISAL_CONTEXT,False,97c429521267cfb70ccdd61e40e11853d100e360,ab5adbfee656d69d0b378145fd66bf5789e0d1b4
PROEYE:11313884,岩　村,,,11313884,,0,,,NO_MATCH_IN_SCREENED_SOURCES,NONE_DETECTED,HISTORICAL_CALIBRATION_POPULATION,,0,,,False,CURRENT_OR_HISTORICAL_EXTERNAL_GAME_APPRAISAL_CONTEXT,False,97c429521267cfb70ccdd61e40e11853d100e360,ab5adbfee656d69d0b378145fd66bf5789e0d1b4
PROEYE:11315110,江　川,,,11315110,,0,,,NO_MATCH_IN_SCREENED_SOURCES,NONE_DETECTED,HISTORICAL_CALIBRATION_POPULATION,,0,,,False,CURRENT_OR_HISTORICAL_EXTERNAL_GAME_APPRAISAL_CONTEXT,False,97c429521267cfb70ccdd61e40e11853d100e360,ab5adbfee656d69d0b378145fd66bf5789e0d1b4
PROEYE:11315139,井　上,,,11315139,,0,,,NO_MATCH_IN_SCREENED_SOURCES,NONE_DETECTED,HISTORICAL_CALIBRATION_POPULATION,,0,,,False,CURRENT_OR_HISTORICAL_EXTERNAL_GAME_APPRAISAL_CONTEXT,False,97c429521267cfb70ccdd61e40e11853d100e360,ab5adbfee656d69d0b378145fd66bf5789e0d1b4
PROEYE:11315153,五十幡,,,11315153,,0,,,NO_MATCH_IN_SCREENED_SOURCES,NONE_DETECTED,HISTORICAL_CALIBRATION_POPULATION,,0,,,False,CURRENT_OR_HISTORICAL_EXTERNAL_GAME_APPRAISAL_CONTEXT,False,97c429521267cfb70ccdd61e40e11853d100e360,ab5adbfee656d69d0b378145fd66bf5789e0d1b4
PROEYE:11415133,深　江,,,11415133,,0,,,NO_MATCH_IN_SCREENED_SOURCES,NONE_DETECTED,HISTORICAL_CALIBRATION_POPULATION,,0,,,False,CURRENT_OR_HISTORICAL_EXTERNAL_GAME_APPRAISAL_CONTEXT,False,97c429521267cfb70ccdd61e40e11853d100e360,ab5adbfee656d69d0b378145fd66bf5789e0d1b4
PROEYE:11415135,永　江,,,11415135,,0,,,NO_MATCH_IN_SCREENED_SOURCES,NONE_DETECTED,HISTORICAL_CALIBRATION_POPULATION,,0,,,False,CURRENT_OR_HISTORICAL_EXTERNAL_GAME_APPRAISAL_CONTEXT,False,97c429521267cfb70ccdd61e40e11853d100e360,ab5adbfee656d69d0b378145fd66bf5789e0d1b4
PROEYE:11415138,野村大,,,11415138,,0,,,NO_MATCH_IN_SCREENED_SOURCES,NONE_DETECTED,HISTORICAL_CALIBRATION_POPULATION,,0,,,False,CURRENT_OR_HISTORICAL_EXTERNAL_GAME_APPRAISAL_CONTEXT,False,97c429521267cfb70ccdd61e40e11853d100e360,ab5adbfee656d69d0b378145fd66bf5789e0d1b4
PROEYE:11515112,小　山,,,11515112,,0,,,NO_MATCH_IN_SCREENED_SOURCES,NONE_DETECTED,HISTORICAL_CALIBRATION_POPULATION,,0,,,False,CURRENT_OR_HISTORICAL_EXTERNAL_GAME_APPRAISAL_CONTEXT,False,97c429521267cfb70ccdd61e40e11853d100e360,ab5adbfee656d69d0b378145fd66bf5789e0d1b4
PROEYE:11515114,大　﨑,,,11515114,,0,,,NO_MATCH_IN_SCREENED_SOURCES,NONE_DETECTED,HISTORICAL_CALIBRATION_POPULATION,,0,,,False,CURRENT_OR_HISTORICAL_EXTERNAL_GAME_APPRAISAL_CONTEXT,False,97c429521267cfb70ccdd61e40e11853d100e360,ab5adbfee656d69d0b378145fd66bf5789e0d1b4
PROEYE:11515117,尾　崎,,,11515117,,0,,,NO_MATCH_IN_SCREENED_SOURCES,NONE_DETECTED,HISTORICAL_CALIBRATION_POPULATION,,0,,,False,CURRENT_OR_HISTORICAL_EXTERNAL_GAME_APPRAISAL_CONTEXT,False,97c429521267cfb70ccdd61e40e11853d100e360,ab5adbfee656d69d0b378145fd66bf5789e0d1b4
PROEYE:11515130,岡　本,,,11515130,,0,,,NO_MATCH_IN_SCREENED_SOURCES,NONE_DETECTED,HISTORICAL_CALIBRATION_POPULATION,,0,,,False,CURRENT_OR_HISTORICAL_EXTERNAL_GAME_APPRAISAL_CONTEXT,False,97c429521267cfb70ccdd61e40e11853d100e360,ab5adbfee656d69d0b378145fd66bf5789e0d1b4
PROEYE:11515132,大　城,,,11515132,,0,,,NO_MATCH_IN_SCREENED_SOURCES,NONE_DETECTED,HISTORICAL_CALIBRATION_POPULATION,,0,,,False,CURRENT_OR_HISTORICAL_EXTERNAL_GAME_APPRAISAL_CONTEXT,False,97c429521267cfb70ccdd61e40e11853d100e360,ab5adbfee656d69d0b378145fd66bf5789e0d1b4
PROEYE:11515139,岡,,11515139,11515139,,0,35,NO_MLB_PROMOTION_FOUND,NO_MATCH_IN_SCREENED_MLB_AND_SHOW_CROSSWALKS,NONE_DETECTED,CURRENT100_MLB_PROMOTION_OR_APPEARANCE,,0,,,False,CURRENT_OR_HISTORICAL_EXTERNAL_GAME_APPRAISAL_CONTEXT,False,97c429521267cfb70ccdd61e40e11853d100e360,ab5adbfee656d69d0b378145fd66bf5789e0d1b4
PROEYE:11515151,梅　林,,,11515151,,0,,,NO_MATCH_IN_SCREENED_SOURCES,NONE_DETECTED,HISTORICAL_CALIBRATION_POPULATION,,0,,,False,CURRENT_OR_HISTORICAL_EXTERNAL_GAME_APPRAISAL_CONTEXT,False,97c429521267cfb70ccdd61e40e11853d100e360,ab5adbfee656d69d0b378145fd66bf5789e0d1b4
PROEYE:11515157,門　脇,,,11515157,,0,,,NO_MATCH_IN_SCREENED_SOURCES,NONE_DETECTED,HISTORICAL_CALIBRATION_POPULATION,,0,,,False,CURRENT_OR_HISTORICAL_EXTERNAL_GAME_APPRAISAL_CONTEXT,False,97c429521267cfb70ccdd61e40e11853d100e360,ab5adbfee656d69d0b378145fd66bf5789e0d1b4
PROEYE:11615114,福　田,,,11615114,,0,,,NO_MATCH_IN_SCREENED_SOURCES,NONE_DETECTED,HISTORICAL_CALIBRATION_POPULATION,,0,,,False,CURRENT_OR_HISTORICAL_EXTERNAL_GAME_APPRAISAL_CONTEXT,False,97c429521267cfb70ccdd61e40e11853d100e360,ab5adbfee656d69d0b378145fd66bf5789e0d1b4
PROEYE:11615116,村　田,,,11615116,,0,,,NO_MATCH_IN_SCREENED_SOURCES,NONE_DETECTED,HISTORICAL_CALIBRATION_POPULATION,,0,,,False,CURRENT_OR_HISTORICAL_EXTERNAL_GAME_APPRAISAL_CONTEXT,False,97c429521267cfb70ccdd61e40e11853d100e360,ab5adbfee656d69d0b378145fd66bf5789e0d1b4
PROEYE:11615117,森　岡,,,11615117,,0,,,NO_MATCH_IN_SCREENED_SOURCES,NONE_DETECTED,HISTORICAL_CALIBRATION_POPULATION,,0,,,False,CURRENT_OR_HISTORICAL_EXTERNAL_GAME_APPRAISAL_CONTEXT,False,97c429521267cfb70ccdd61e40e11853d100e360,ab5adbfee656d69d0b378145fd66bf5789e0d1b4
PROEYE:11615130,福　田,,,11615130,,0,,,NO_MATCH_IN_SCREENED_SOURCES,NONE_DETECTED,HISTORICAL_CALIBRATION_POPULATION,,0,,,False,CURRENT_OR_HISTORICAL_EXTERNAL_GAME_APPRAISAL_CONTEXT,False,97c429521267cfb70ccdd61e40e11853d100e360,ab5adbfee656d69d0b378145fd66bf5789e0d1b4
PROEYE:11615137,谷　内,,,11615137,,0,,,NO_MATCH_IN_SCREENED_SOURCES,NONE_DETECTED,HISTORICAL_CALIBRATION_POPULATION,,0,,,False,CURRENT_OR_HISTORICAL_EXTERNAL_GAME_APPRAISAL_CONTEXT,False,97c429521267cfb70ccdd61e40e11853d100e360,ab5adbfee656d69d0b378145fd66bf5789e0d1b4
PROEYE:11615139,陽　川,,,11615139,,0,,,NO_MATCH_IN_SCREENED_SOURCES,NONE_DETECTED,HISTORICAL_CALIBRATION_POPULATION,,0,,,False,CURRENT_OR_HISTORICAL_EXTERNAL_GAME_APPRAISAL_CONTEXT,False,97c429521267cfb70ccdd61e40e11853d100e360,ab5adbfee656d69d0b378145fd66bf5789e0d1b4
PROEYE:11615155,野　村,,,11615155,,0,,,NO_MATCH_IN_SCREENED_SOURCES,NONE_DETECTED,HISTORICAL_CALIBRATION_POPULATION,,0,,,False,CURRENT_OR_HISTORICAL_EXTERNAL_GAME_APPRAISAL_CONTEXT,False,97c429521267cfb70ccdd61e40e11853d100e360,ab5adbfee656d69d0b378145fd66bf5789e0d1b4
PROEYE:11615157,橋　本,,,11615157,,0,,,NO_MATCH_IN_SCREENED_SOURCES,NONE_DETECTED,HISTORICAL_CALIBRATION_POPULATION,,0,,,False,CURRENT_OR_HISTORICAL_EXTERNAL_GAME_APPRAISAL_CONTEXT,False,97c429521267cfb70ccdd61e40e11853d100e360,ab5adbfee656d69d0b378145fd66bf5789e0d1b4
PROEYE:11715113,狩　野,,,11715113,,0,,,NO_MATCH_IN_SCREENED_SOURCES,NONE_DETECTED,HISTORICAL_CALIBRATION_POPULATION,,0,,,False,CURRENT_OR_HISTORICAL_EXTERNAL_GAME_APPRAISAL_CONTEXT,False,97c429521267cfb70ccdd61e40e11853d100e360,ab5adbfee656d69d0b378145fd66bf5789e0d1b4
PROEYE:11715132,川　瀬,,,11715132,,0,,,NO_MATCH_IN_SCREENED_SOURCES,NONE_DETECTED,HISTORICAL_CALIBRATION_POPULATION,,0,,,False,CURRENT_OR_HISTORICAL_EXTERNAL_GAME_APPRAISAL_CONTEXT,False,97c429521267cfb70ccdd61e40e11853d100e360,ab5adbfee656d69d0b378145fd66bf5789e0d1b4
PROEYE:11715133,川　﨑,,,11715133,,0,,,NO_MATCH_IN_SCREENED_SOURCES,NONE_DETECTED,HISTORICAL_CALIBRATION_POPULATION,,0,,,False,CURRENT_OR_HISTORICAL_EXTERNAL_GAME_APPRAISAL_CONTEXT,False,97c429521267cfb70ccdd61e40e11853d100e360,ab5adbfee656d69d0b378145fd66bf5789e0d1b4
PROEYE:11715137,坂　口,,,11715137,,0,,,NO_MATCH_IN_SCREENED_SOURCES,NONE_DETECTED,HISTORICAL_CALIBRATION_POPULATION,,0,,,False,CURRENT_OR_HISTORICAL_EXTERNAL_GAME_APPRAISAL_CONTEXT,False,97c429521267cfb70ccdd61e40e11853d100e360,ab5adbfee656d69d0b378145fd66bf5789e0d1b4
PROEYE:11715139,岸　里,,,11715139,,0,,,NO_MATCH_IN_SCREENED_SOURCES,NONE_DETECTED,HISTORICAL_CALIBRATION_POPULATION,,0,,,False,CURRENT_OR_HISTORICAL_EXTERNAL_GAME_APPRAISAL_CONTEXT,False,97c429521267cfb70ccdd61e40e11853d100e360,ab5adbfee656d69d0b378145fd66bf5789e0d1b4
PROEYE:11715153,小　川,,11715153,11715153,,0,33,NO_MLB_PROMOTION_FOUND,NO_MATCH_IN_SCREENED_MLB_AND_SHOW_CROSSWALKS,NONE_DETECTED,CURRENT100_MLB_PROMOTION_OR_APPEARANCE,,0,,,False,CURRENT_OR_HISTORICAL_EXTERNAL_GAME_APPRAISAL_CONTEXT,False,97c429521267cfb70ccdd61e40e11853d100e360,ab5adbfee656d69d0b378145fd66bf5789e0d1b4
PROEYE:11715155,川　村,,,11715155,,0,,,NO_MATCH_IN_SCREENED_SOURCES,NONE_DETECTED,HISTORICAL_CALIBRATION_POPULATION,,0,,,False,CURRENT_OR_HISTORICAL_EXTERNAL_GAME_APPRAISAL_CONTEXT,False,97c429521267cfb70ccdd61e40e11853d100e360,ab5adbfee656d69d0b378145fd66bf5789e0d1b4
PROEYE:11815118,山　本,,,11815118,,0,,,NO_MATCH_IN_SCREENED_SOURCES,NONE_DETECTED,HISTORICAL_CALIBRATION_POPULATION,,0,,,False,CURRENT_OR_HISTORICAL_EXTERNAL_GAME_APPRAISAL_CONTEXT,False,97c429521267cfb70ccdd61e40e11853d100e360,ab5adbfee656d69d0b378145fd66bf5789e0d1b4
PROEYE:11815130,宗,,11815130,11815130,,0,3,NO_MLB_PROMOTION_FOUND,NO_MATCH_IN_SCREENED_MLB_AND_SHOW_CROSSWALKS,NONE_DETECTED,CURRENT100_MLB_PROMOTION_OR_APPEARANCE,,0,,,False,CURRENT_OR_HISTORICAL_EXTERNAL_GAME_APPRAISAL_CONTEXT,False,97c429521267cfb70ccdd61e40e11853d100e360,ab5adbfee656d69d0b378145fd66bf5789e0d1b4
PROEYE:11815132,堀　内,,,11815132,,0,,,NO_MATCH_IN_SCREENED_SOURCES,NONE_DETECTED,HISTORICAL_CALIBRATION_POPULATION,,0,,,False,CURRENT_OR_HISTORICAL_EXTERNAL_GAME_APPRAISAL_CONTEXT,False,97c429521267cfb70ccdd61e40e11853d100e360,ab5adbfee656d69d0b378145fd66bf5789e0d1b4
PROEYE:11815135,三　好,,,11815135,,0,,,NO_MATCH_IN_SCREENED_SOURCES,NONE_DETECTED,HISTORICAL_CALIBRATION_POPULATION,,0,,,False,CURRENT_OR_HISTORICAL_EXTERNAL_GAME_APPRAISAL_CONTEXT,False,97c429521267cfb70ccdd61e40e11853d100e360,ab5adbfee656d69d0b378145fd66bf5789e0d1b4
PROEYE:11815136,増　田,,,11815136,,0,,,NO_MATCH_IN_SCREENED_SOURCES,NONE_DETECTED,HISTORICAL_CALIBRATION_POPULATION,,0,,,False,CURRENT_OR_HISTORICAL_EXTERNAL_GAME_APPRAISAL_CONTEXT,False,97c429521267cfb70ccdd61e40e11853d100e360,ab5adbfee656d69d0b378145fd66bf5789e0d1b4
PROEYE:11815138,万　波,,,11815138,,0,,,NO_MATCH_IN_SCREENED_SOURCES,NONE_DETECTED,HISTORICAL_CALIBRATION_POPULATION,,0,,,False,CURRENT_OR_HISTORICAL_EXTERNAL_GAME_APPRAISAL_CONTEXT,False,97c429521267cfb70ccdd61e40e11853d100e360,ab5adbfee656d69d0b378145fd66bf5789e0d1b4
PROEYE:11815155,福　永,,,11815155,,0,,,NO_MATCH_IN_SCREENED_SOURCES,NONE_DETECTED,HISTORICAL_CALIBRATION_POPULATION,,0,,,False,CURRENT_OR_HISTORICAL_EXTERNAL_GAME_APPRAISAL_CONTEXT,False,97c429521267cfb70ccdd61e40e11853d100e360,ab5adbfee656d69d0b378145fd66bf5789e0d1b4
PROEYE:11915111,田中賢,,,11915111,,0,,,NO_MATCH_IN_SCREENED_SOURCES,NONE_DETECTED,HISTORICAL_CALIBRATION_POPULATION,,0,,,False,CURRENT_OR_HISTORICAL_EXTERNAL_GAME_APPRAISAL_CONTEXT,False,97c429521267cfb70ccdd61e40e11853d100e360,ab5adbfee656d69d0b378145fd66bf5789e0d1b4
PROEYE:11915132,坂　本,,11915132,11915132,,0,95,NO_MLB_PROMOTION_FOUND,NO_MATCH_IN_SCREENED_MLB_AND_SHOW_CROSSWALKS,NONE_DETECTED,CURRENT100_MLB_PROMOTION_OR_APPEARANCE,,0,,,False,CURRENT_OR_HISTORICAL_EXTERNAL_GAME_APPRAISAL_CONTEXT,False,97c429521267cfb70ccdd61e40e11853d100e360,ab5adbfee656d69d0b378145fd66bf5789e0d1b4
PROEYE:11915134,坂　倉,,11915134,11915134,,0,47,NO_MLB_PROMOTION_FOUND,NO_MATCH_IN_SCREENED_MLB_AND_SHOW_CROSSWALKS,NONE_DETECTED,CURRENT100_MLB_PROMOTION_OR_APPEARANCE,,0,,,False,CURRENT_OR_HISTORICAL_EXTERNAL_GAME_APPRAISAL_CONTEXT,False,97c429521267cfb70ccdd61e40e11853d100e360,ab5adbfee656d69d0b378145fd66bf5789e0d1b4
PROEYE:11915137,髙　田,,,11915137,,0,,,NO_MATCH_IN_SCREENED_SOURCES,NONE_DETECTED,HISTORICAL_CALIBRATION_POPULATION,,0,,,False,CURRENT_OR_HISTORICAL_EXTERNAL_GAME_APPRAISAL_CONTEXT,False,97c429521267cfb70ccdd61e40e11853d100e360,ab5adbfee656d69d0b378145fd66bf5789e0d1b4
PROEYE:11915151,川　野,,,11915151,,0,,,NO_MATCH_IN_SCREENED_SOURCES,NONE_DETECTED,HISTORICAL_CALIBRATION_POPULATION,,0,,,False,CURRENT_OR_HISTORICAL_EXTERNAL_GAME_APPRAISAL_CONTEXT,False,97c429521267cfb70ccdd61e40e11853d100e360,ab5adbfee656d69d0b378145fd66bf5789e0d1b4
PROEYE:13015132,エリアン,,,13015132,,0,,,NO_MATCH_IN_SCREENED_SOURCES,NONE_DETECTED,HISTORICAL_CALIBRATION_POPULATION,,0,,,False,CURRENT_OR_HISTORICAL_EXTERNAL_GAME_APPRAISAL_CONTEXT,False,97c429521267cfb70ccdd61e40e11853d100e360,ab5adbfee656d69d0b378145fd66bf5789e0d1b4
PROEYE:13015157,ペイトン,Mark Payton,,13015157,592622,2,,,MLB_LOWER_BOUND_MATCH,NONE_DETECTED,MLB_TO_NPB_FOREIGN,,43,"2021,2022","21,22",True,CURRENT_OR_HISTORICAL_EXTERNAL_GAME_APPRAISAL_CONTEXT,False,97c429521267cfb70ccdd61e40e11853d100e360,ab5adbfee656d69d0b378145fd66bf5789e0d1b4
PROEYE:13115112,脇　谷,,,13115112,,0,,,NO_MATCH_IN_SCREENED_SOURCES,NONE_DETECTED,HISTORICAL_CALIBRATION_POPULATION,,0,,,False,CURRENT_OR_HISTORICAL_EXTERNAL_GAME_APPRAISAL_CONTEXT,False,97c429521267cfb70ccdd61e40e11853d100e360,ab5adbfee656d69d0b378145fd66bf5789e0d1b4
PROEYE:13115130,山　田,,,13115130,,0,,,NO_MATCH_IN_SCREENED_SOURCES,NONE_DETECTED,HISTORICAL_CALIBRATION_POPULATION,,0,,,False,CURRENT_OR_HISTORICAL_EXTERNAL_GAME_APPRAISAL_CONTEXT,False,97c429521267cfb70ccdd61e40e11853d100e360,ab5adbfee656d69d0b378145fd66bf5789e0d1b4
PROEYE:13115136,山　足,,,13115136,,0,,,NO_MATCH_IN_SCREENED_SOURCES,NONE_DETECTED,HISTORICAL_CALIBRATION_POPULATION,,0,,,False,CURRENT_OR_HISTORICAL_EXTERNAL_GAME_APPRAISAL_CONTEXT,False,97c429521267cfb70ccdd61e40e11853d100e360,ab5adbfee656d69d0b378145fd66bf5789e0d1b4
PROEYE:13115153,牧,,13115153,13115153,,0,73,NO_MLB_PROMOTION_FOUND,NO_MATCH_IN_SCREENED_MLB_AND_SHOW_CROSSWALKS,NONE_DETECTED,CURRENT100_MLB_PROMOTION_OR_APPEARANCE,,0,,,False,CURRENT_OR_HISTORICAL_EXTERNAL_GAME_APPRAISAL_CONTEXT,False,97c429521267cfb70ccdd61e40e11853d100e360,ab5adbfee656d69d0b378145fd66bf5789e0d1b4
PROEYE:13215155,マクブルーム,Ryan Mcbroom,,13215155,643436,2,,,MLB_LOWER_BOUND_MATCH,NONE_DETECTED,MLB_TO_NPB_FOREIGN,,43,"2021,2022","21,22",True,CURRENT_OR_HISTORICAL_EXTERNAL_GAME_APPRAISAL_CONTEXT,False,97c429521267cfb70ccdd61e40e11853d100e360,ab5adbfee656d69d0b378145fd66bf5789e0d1b4
PROEYE:13315136,若　林,,,13315136,,0,,,NO_MATCH_IN_SCREENED_SOURCES,NONE_DETECTED,HISTORICAL_CALIBRATION_POPULATION,,0,,,False,CURRENT_OR_HISTORICAL_EXTERNAL_GAME_APPRAISAL_CONTEXT,False,97c429521267cfb70ccdd61e40e11853d100e360,ab5adbfee656d69d0b378145fd66bf5789e0d1b4
PROEYE:13315137,キ　ラ,,,13315137,,0,,,NO_MATCH_IN_SCREENED_SOURCES,NONE_DETECTED,HISTORICAL_CALIBRATION_POPULATION,,0,,,False,CURRENT_OR_HISTORICAL_EXTERNAL_GAME_APPRAISAL_CONTEXT,False,97c429521267cfb70ccdd61e40e11853d100e360,ab5adbfee656d69d0b378145fd66bf5789e0d1b4
PROEYE:13915134,マルティネス,,,13915134,,0,,,NO_MATCH_IN_SCREENED_SOURCES,NONE_DETECTED,HISTORICAL_CALIBRATION_POPULATION,,0,,,False,CURRENT_OR_HISTORICAL_EXTERNAL_GAME_APPRAISAL_CONTEXT,False,97c429521267cfb70ccdd61e40e11853d100e360,ab5adbfee656d69d0b378145fd66bf5789e0d1b4
PROEYE:21023885,中　村,,,21023885,,0,,,NO_MATCH_IN_SCREENED_SOURCES,NONE_DETECTED,HISTORICAL_CALIBRATION_POPULATION,,0,,,False,CURRENT_OR_HISTORICAL_EXTERNAL_GAME_APPRAISAL_CONTEXT,False,97c429521267cfb70ccdd61e40e11853d100e360,ab5adbfee656d69d0b378145fd66bf5789e0d1b4
PROEYE:21025111,塀　内,,,21025111,,0,,,NO_MATCH_IN_SCREENED_SOURCES,NONE_DETECTED,HISTORICAL_CALIBRATION_POPULATION,,0,,,False,CURRENT_OR_HISTORICAL_EXTERNAL_GAME_APPRAISAL_CONTEXT,False,97c429521267cfb70ccdd61e40e11853d100e360,ab5adbfee656d69d0b378145fd66bf5789e0d1b4
PROEYE:21025116,中　井,,,21025116,,0,,,NO_MATCH_IN_SCREENED_SOURCES,NONE_DETECTED,HISTORICAL_CALIBRATION_POPULATION,,0,,,False,CURRENT_OR_HISTORICAL_EXTERNAL_GAME_APPRAISAL_CONTEXT,False,97c429521267cfb70ccdd61e40e11853d100e360,ab5adbfee656d69d0b378145fd66bf5789e0d1b4
PROEYE:21025136,髙　松,,,21025136,,0,,,NO_MATCH_IN_SCREENED_SOURCES,NONE_DETECTED,HISTORICAL_CALIBRATION_POPULATION,,0,,,False,CURRENT_OR_HISTORICAL_EXTERNAL_GAME_APPRAISAL_CONTEXT,False,97c429521267cfb70ccdd61e40e11853d100e360,ab5adbfee656d69d0b378145fd66bf5789e0d1b4
PROEYE:21025157,田　中,,21025157,21025157,,0,17,NO_MLB_PROMOTION_FOUND,NO_MATCH_IN_SCREENED_MLB_AND_SHOW_CROSSWALKS,NONE_DETECTED,CURRENT100_MLB_PROMOTION_OR_APPEARANCE,,0,,,False,CURRENT_OR_HISTORICAL_EXTERNAL_GAME_APPRAISAL_CONTEXT,False,97c429521267cfb70ccdd61e40e11853d100e360,ab5adbfee656d69d0b378145fd66bf5789e0d1b4
PROEYE:21125113,阿　部,,,21125113,,0,,,NO_MATCH_IN_SCREENED_SOURCES,NONE_DETECTED,HISTORICAL_CALIBRATION_POPULATION,,0,,,False,CURRENT_OR_HISTORICAL_EXTERNAL_GAME_APPRAISAL_CONTEXT,False,97c429521267cfb70ccdd61e40e11853d100e360,ab5adbfee656d69d0b378145fd66bf5789e0d1b4
PROEYE:21125134,石　井,,21125134,21125134,,0,43,NO_MLB_PROMOTION_FOUND,NO_MATCH_IN_SCREENED_MLB_AND_SHOW_CROSSWALKS,NONE_DETECTED,CURRENT100_MLB_PROMOTION_OR_APPEARANCE,,0,,,False,CURRENT_OR_HISTORICAL_EXTERNAL_GAME_APPRAISAL_CONTEXT,False,97c429521267cfb70ccdd61e40e11853d100e360,ab5adbfee656d69d0b378145fd66bf5789e0d1b4
PROEYE:21125151,石　原,,,21125151,,0,,,NO_MATCH_IN_SCREENED_SOURCES,NONE_DETECTED,HISTORICAL_CALIBRATION_POPULATION,,0,,,False,CURRENT_OR_HISTORICAL_EXTERNAL_GAME_APPRAISAL_CONTEXT,False,97c429521267cfb70ccdd61e40e11853d100e360,ab5adbfee656d69d0b378145fd66bf5789e0d1b4
PROEYE:21125155,池　田,,,21125155,,0,,,NO_MATCH_IN_SCREENED_SOURCES,NONE_DETECTED,HISTORICAL_CALIBRATION_POPULATION,,0,,,False,CURRENT_OR_HISTORICAL_EXTERNAL_GAME_APPRAISAL_CONTEXT,False,97c429521267cfb70ccdd61e40e11853d100e360,ab5adbfee656d69d0b378145fd66bf5789e0d1b4
PROEYE:21223884,森　野,,,21223884,,0,,,NO_MATCH_IN_SCREENED_SOURCES,NONE_DETECTED,HISTORICAL_CALIBRATION_POPULATION,,0,,,False,CURRENT_OR_HISTORICAL_EXTERNAL_GAME_APPRAISAL_CONTEXT,False,97c429521267cfb70ccdd61e40e11853d100e360,ab5adbfee656d69d0b378145fd66bf5789e0d1b4
PROEYE:21223886,古　城,,,21223886,,0,,,NO_MATCH_IN_SCREENED_SOURCES,NONE_DETECTED,HISTORICAL_CALIBRATION_POPULATION,,0,,,False,CURRENT_OR_HISTORICAL_EXTERNAL_GAME_APPRAISAL_CONTEXT,False,97c429521267cfb70ccdd61e40e11853d100e360,ab5adbfee656d69d0b378145fd66bf5789e0d1b4
PROEYE:21225110,藤　田,,,21225110,,0,,,NO_MATCH_IN_SCREENED_SOURCES,NONE_DETECTED,HISTORICAL_CALIBRATION_POPULATION,,0,,,False,CURRENT_OR_HISTORICAL_EXTERNAL_GAME_APPRAISAL_CONTEXT,False,97c429521267cfb70ccdd61e40e11853d100e360,ab5adbfee656d69d0b378145fd66bf5789e0d1b4
PROEYE:21225113,藤　本,,,21225113,,0,,,NO_MATCH_IN_SCREENED_SOURCES,NONE_DETECTED,HISTORICAL_CALIBRATION_POPULATION,,0,,,False,CURRENT_OR_HISTORICAL_EXTERNAL_GAME_APPRAISAL_CONTEXT,False,97c429521267cfb70ccdd61e40e11853d100e360,ab5adbfee656d69d0b378145fd66bf5789e0d1b4
PROEYE:21225117,中　島,,,21225117,,0,,,NO_MATCH_IN_SCREENED_SOURCES,NONE_DETECTED,HISTORICAL_CALIBRATION_POPULATION,,0,,,False,CURRENT_OR_HISTORICAL_EXTERNAL_GAME_APPRAISAL_CONTEXT,False,97c429521267cfb70ccdd61e40e11853d100e360,ab5adbfee656d69d0b378145fd66bf5789e0d1b4
PROEYE:21225133,西　川,,,21225133,,0,,,NO_MATCH_IN_SCREENED_SOURCES,NONE_DETECTED,HISTORICAL_CALIBRATION_POPULATION,,0,,,False,CURRENT_OR_HISTORICAL_EXTERNAL_GAME_APPRAISAL_CONTEXT,False,97c429521267cfb70ccdd61e40e11853d100e360,ab5adbfee656d69d0b378145fd66bf5789e0d1b4
PROEYE:21225138,中　山,,,21225138,,0,,,NO_MATCH_IN_SCREENED_SOURCES,NONE_DETECTED,HISTORICAL_CALIBRATION_POPULATION,,0,,,False,CURRENT_OR_HISTORICAL_EXTERNAL_GAME_APPRAISAL_CONTEXT,False,97c429521267cfb70ccdd61e40e11853d100e360,ab5adbfee656d69d0b378145fd66bf5789e0d1b4
PROEYE:21323884,小笠原,,,21323884,,0,,,NO_MATCH_IN_SCREENED_SOURCES,NONE_DETECTED,HISTORICAL_CALIBRATION_POPULATION,,0,,,False,CURRENT_OR_HISTORICAL_EXTERNAL_GAME_APPRAISAL_CONTEXT,False,97c429521267cfb70ccdd61e40e11853d100e360,ab5adbfee656d69d0b378145fd66bf5789e0d1b4
PROEYE:21323888,加　藤,,,21323888,,0,,,NO_MATCH_IN_SCREENED_SOURCES,NONE_DETECTED,HISTORICAL_CALIBRATION_POPULATION,,0,,,False,CURRENT_OR_HISTORICAL_EXTERNAL_GAME_APPRAISAL_CONTEXT,False,97c429521267cfb70ccdd61e40e11853d100e360,ab5adbfee656d69d0b378145fd66bf5789e0d1b4
PROEYE:21323889,金子誠,,,21323889,,0,,,NO_MATCH_IN_SCREENED_SOURCES,NONE_DETECTED,HISTORICAL_CALIBRATION_POPULATION,,0,,,False,CURRENT_OR_HISTORICAL_EXTERNAL_GAME_APPRAISAL_CONTEXT,False,97c429521267cfb70ccdd61e40e11853d100e360,ab5adbfee656d69d0b378145fd66bf5789e0d1b4
PROEYE:21325113,内　川,,,21325113,,0,,,NO_MATCH_IN_SCREENED_SOURCES,NONE_DETECTED,HISTORICAL_CALIBRATION_POPULATION,,0,,,False,CURRENT_OR_HISTORICAL_EXTERNAL_GAME_APPRAISAL_CONTEXT,False,97c429521267cfb70ccdd61e40e11853d100e360,ab5adbfee656d69d0b378145fd66bf5789e0d1b4
PROEYE:21325130,江　越,,,21325130,,0,,,NO_MATCH_IN_SCREENED_SOURCES,NONE_DETECTED,HISTORICAL_CALIBRATION_POPULATION,,0,,,False,CURRENT_OR_HISTORICAL_EXTERNAL_GAME_APPRAISAL_CONTEXT,False,97c429521267cfb70ccdd61e40e11853d100e360,ab5adbfee656d69d0b378145fd66bf5789e0d1b4
PROEYE:21325132,呉,,,21325132,,0,,,NO_MATCH_IN_SCREENED_SOURCES,NONE_DETECTED,HISTORICAL_CALIBRATION_POPULATION,,0,,,False,CURRENT_OR_HISTORICAL_EXTERNAL_GAME_APPRAISAL_CONTEXT,False,97c429521267cfb70ccdd61e40e11853d100e360,ab5adbfee656d69d0b378145fd66bf5789e0d1b4
PROEYE:21325134,大　山,,21325134,21325134,,0,96,NO_MLB_PROMOTION_FOUND,NO_MATCH_IN_SCREENED_MLB_AND_SHOW_CROSSWALKS,NONE_DETECTED,CURRENT100_MLB_PROMOTION_OR_APPEARANCE,,0,,,False,CURRENT_OR_HISTORICAL_EXTERNAL_GAME_APPRAISAL_CONTEXT,False,97c429521267cfb70ccdd61e40e11853d100e360,ab5adbfee656d69d0b378145fd66bf5789e0d1b4
PROEYE:21325135,岡　島,,,21325135,,0,,,NO_MATCH_IN_SCREENED_SOURCES,NONE_DETECTED,HISTORICAL_CALIBRATION_POPULATION,,0,,,False,CURRENT_OR_HISTORICAL_EXTERNAL_GAME_APPRAISAL_CONTEXT,False,97c429521267cfb70ccdd61e40e11853d100e360,ab5adbfee656d69d0b378145fd66bf5789e0d1b4
PROEYE:21325136,大　城,,21325136,21325136,,0,89,NO_MLB_PROMOTION_FOUND,NO_MATCH_IN_SCREENED_MLB_AND_SHOW_CROSSWALKS,NONE_DETECTED,CURRENT100_MLB_PROMOTION_OR_APPEARANCE,,0,,,False,CURRENT_OR_HISTORICAL_EXTERNAL_GAME_APPRAISAL_CONTEXT,False,97c429521267cfb70ccdd61e40e11853d100e360,ab5adbfee656d69d0b378145fd66bf5789e0d1b4
PROEYE:21325138,大　盛,,,21325138,,0,,,NO_MATCH_IN_SCREENED_SOURCES,NONE_DETECTED,HISTORICAL_CALIBRATION_POPULATION,,0,,,False,CURRENT_OR_HISTORICAL_EXTERNAL_GAME_APPRAISAL_CONTEXT,False,97c429521267cfb70ccdd61e40e11853d100e360,ab5adbfee656d69d0b378145fd66bf5789e0d1b4
PROEYE:21325139,梅　野,,21325139,21325139,,0,99,NO_MLB_PROMOTION_FOUND,NO_MATCH_IN_SCREENED_MLB_AND_SHOW_CROSSWALKS,NONE_DETECTED,CURRENT100_MLB_PROMOTION_OR_APPEARANCE,,0,,,False,CURRENT_OR_HISTORICAL_EXTERNAL_GAME_APPRAISAL_CONTEXT,False,97c429521267cfb70ccdd61e40e11853d100e360,ab5adbfee656d69d0b378145fd66bf5789e0d1b4
PROEYE:21325153,今　川,,,21325153,,0,,,NO_MATCH_IN_SCREENED_SOURCES,NONE_DETECTED,HISTORICAL_CALIBRATION_POPULATION,,0,,,False,CURRENT_OR_HISTORICAL_EXTERNAL_GAME_APPRAISAL_CONTEXT,False,97c429521267cfb70ccdd61e40e11853d100e360,ab5adbfee656d69d0b378145fd66bf5789e0d1b4
PROEYE:21425111,米　野,,,21425111,,0,,,NO_MATCH_IN_SCREENED_SOURCES,NONE_DETECTED,HISTORICAL_CALIBRATION_POPULATION,,0,,,False,CURRENT_OR_HISTORICAL_EXTERNAL_GAME_APPRAISAL_CONTEXT,False,97c429521267cfb70ccdd61e40e11853d100e360,ab5adbfee656d69d0b378145fd66bf5789e0d1b4
PROEYE:21425112,細　谷,,,21425112,,0,,,NO_MATCH_IN_SCREENED_SOURCES,NONE_DETECTED,HISTORICAL_CALIBRATION_POPULATION,,0,,,False,CURRENT_OR_HISTORICAL_EXTERNAL_GAME_APPRAISAL_CONTEXT,False,97c429521267cfb70ccdd61e40e11853d100e360,ab5adbfee656d69d0b378145fd66bf5789e0d1b4
PROEYE:21425114,長谷川,,,21425114,,0,,,NO_MATCH_IN_SCREENED_SOURCES,NONE_DETECTED,HISTORICAL_CALIBRATION_POPULATION,,0,,,False,CURRENT_OR_HISTORICAL_EXTERNAL_GAME_APPRAISAL_CONTEXT,False,97c429521267cfb70ccdd61e40e11853d100e360,ab5adbfee656d69d0b378145fd66bf5789e0d1b4
PROEYE:21425116,丸,,21425116,21425116,,0,86,NO_MLB_PROMOTION_FOUND,NO_MATCH_IN_SCREENED_MLB_AND_SHOW_CROSSWALKS,NONE_DETECTED,CURRENT100_MLB_PROMOTION_OR_APPEARANCE,,0,,,False,CURRENT_OR_HISTORICAL_EXTERNAL_GAME_APPRAISAL_CONTEXT,False,97c429521267cfb70ccdd61e40e11853d100e360,ab5adbfee656d69d0b378145fd66bf5789e0d1b4
PROEYE:21425118,福　元,,,21425118,,0,,,NO_MATCH_IN_SCREENED_SOURCES,NONE_DETECTED,HISTORICAL_CALIBRATION_POPULATION,,0,,,False,CURRENT_OR_HISTORICAL_EXTERNAL_GAME_APPRAISAL_CONTEXT,False,97c429521267cfb70ccdd61e40e11853d100e360,ab5adbfee656d69d0b378145fd66bf5789e0d1b4
PROEYE:21425131,美　沢,,,21425131,,0,,,NO_MATCH_IN_SCREENED_SOURCES,NONE_DETECTED,HISTORICAL_CALIBRATION_POPULATION,,0,,,False,CURRENT_OR_HISTORICAL_EXTERNAL_GAME_APPRAISAL_CONTEXT,False,97c429521267cfb70ccdd61e40e11853d100e360,ab5adbfee656d69d0b378145fd66bf5789e0d1b4
PROEYE:21425139,山　川,,21425139,21425139,,0,78,NO_MLB_PROMOTION_FOUND,NO_MATCH_IN_SCREENED_MLB_AND_SHOW_CROSSWALKS,NONE_DETECTED,CURRENT100_MLB_PROMOTION_OR_APPEARANCE,,0,,,False,CURRENT_OR_HISTORICAL_EXTERNAL_GAME_APPRAISAL_CONTEXT,False,97c429521267cfb70ccdd61e40e11853d100e360,ab5adbfee656d69d0b378145fd66bf5789e0d1b4
PROEYE:21425159,中　島,,,21425159,,0,,,NO_MATCH_IN_SCREENED_SOURCES,NONE_DETECTED,HISTORICAL_CALIBRATION_POPULATION,,0,,,False,CURRENT_OR_HISTORICAL_EXTERNAL_GAME_APPRAISAL_CONTEXT,False,97c429521267cfb70ccdd61e40e11853d100e360,ab5adbfee656d69d0b378145fd66bf5789e0d1b4
PROEYE:21523888,小　池,,,21523888,,0,,,NO_MATCH_IN_SCREENED_SOURCES,NONE_DETECTED,HISTORICAL_CALIBRATION_POPULATION,,0,,,False,CURRENT_OR_HISTORICAL_EXTERNAL_GAME_APPRAISAL_CONTEXT,False,97c429521267cfb70ccdd61e40e11853d100e360,ab5adbfee656d69d0b378145fd66bf5789e0d1b4
PROEYE:21525130,香　月,,,21525130,,0,,,NO_MATCH_IN_SCREENED_SOURCES,NONE_DETECTED,HISTORICAL_CALIBRATION_POPULATION,,0,,,False,CURRENT_OR_HISTORICAL_EXTERNAL_GAME_APPRAISAL_CONTEXT,False,97c429521267cfb70ccdd61e40e11853d100e360,ab5adbfee656d69d0b378145fd66bf5789e0d1b4
PROEYE:21525132,柿　沼,,,21525132,,0,,,NO_MATCH_IN_SCREENED_SOURCES,NONE_DETECTED,HISTORICAL_CALIBRATION_POPULATION,,0,,,False,CURRENT_OR_HISTORICAL_EXTERNAL_GAME_APPRAISAL_CONTEXT,False,97c429521267cfb70ccdd61e40e11853d100e360,ab5adbfee656d69d0b378145fd66bf5789e0d1b4
PROEYE:21525136,北　村,,,21525136,,0,,,NO_MATCH_IN_SCREENED_SOURCES,NONE_DETECTED,HISTORICAL_CALIBRATION_POPULATION,,0,,,False,CURRENT_OR_HISTORICAL_EXTERNAL_GAME_APPRAISAL_CONTEXT,False,97c429521267cfb70ccdd61e40e11853d100e360,ab5adbfee656d69d0b378145fd66bf5789e0d1b4
PROEYE:21625132,廣　岡,,,21625132,,0,,,NO_MATCH_IN_SCREENED_SOURCES,NONE_DETECTED,HISTORICAL_CALIBRATION_POPULATION,,0,,,False,CURRENT_OR_HISTORICAL_EXTERNAL_GAME_APPRAISAL_CONTEXT,False,97c429521267cfb70ccdd61e40e11853d100e360,ab5adbfee656d69d0b378145fd66bf5789e0d1b4
PROEYE:21625135,松　本,,21625135,21625135,,0,91,NO_MLB_PROMOTION_FOUND,NO_MATCH_IN_SCREENED_MLB_AND_SHOW_CROSSWALKS,NONE_DETECTED,CURRENT100_MLB_PROMOTION_OR_APPEARANCE,,0,,,False,CURRENT_OR_HISTORICAL_EXTERNAL_GAME_APPRAISAL_CONTEXT,False,97c429521267cfb70ccdd61e40e11853d100e360,ab5adbfee656d69d0b378145fd66bf5789e0d1b4
PROEYE:21625157,樋　口,,,21625157,,0,,,NO_MATCH_IN_SCREENED_SOURCES,NONE_DETECTED,HISTORICAL_CALIBRATION_POPULATION,,0,,,False,CURRENT_OR_HISTORICAL_EXTERNAL_GAME_APPRAISAL_CONTEXT,False,97c429521267cfb70ccdd61e40e11853d100e360,ab5adbfee656d69d0b378145fd66bf5789e0d1b4
PROEYE:21723882,鶴　岡,,,21723882,,0,,,NO_MATCH_IN_SCREENED_SOURCES,NONE_DETECTED,HISTORICAL_CALIBRATION_POPULATION,,0,,,False,CURRENT_OR_HISTORICAL_EXTERNAL_GAME_APPRAISAL_CONTEXT,False,97c429521267cfb70ccdd61e40e11853d100e360,ab5adbfee656d69d0b378145fd66bf5789e0d1b4
PROEYE:21725112,黒羽根,,,21725112,,0,,,NO_MATCH_IN_SCREENED_SOURCES,NONE_DETECTED,HISTORICAL_CALIBRATION_POPULATION,,0,,,False,CURRENT_OR_HISTORICAL_EXTERNAL_GAME_APPRAISAL_CONTEXT,False,97c429521267cfb70ccdd61e40e11853d100e360,ab5adbfee656d69d0b378145fd66bf5789e0d1b4
PROEYE:21725116,斉　藤,,,21725116,,0,,,NO_MATCH_IN_SCREENED_SOURCES,NONE_DETECTED,HISTORICAL_CALIBRATION_POPULATION,,0,,,False,CURRENT_OR_HISTORICAL_EXTERNAL_GAME_APPRAISAL_CONTEXT,False,97c429521267cfb70ccdd61e40e11853d100e360,ab5adbfee656d69d0b378145fd66bf5789e0d1b4
PROEYE:21725118,柴　田,,,21725118,,0,,,NO_MATCH_IN_SCREENED_SOURCES,NONE_DETECTED,HISTORICAL_CALIBRATION_POPULATION,,0,,,False,CURRENT_OR_HISTORICAL_EXTERNAL_GAME_APPRAISAL_CONTEXT,False,97c429521267cfb70ccdd61e40e11853d100e360,ab5adbfee656d69d0b378145fd66bf5789e0d1b4
PROEYE:21725130,桒　原,,,21725130,,0,,,NO_MATCH_IN_SCREENED_SOURCES,NONE_DETECTED,HISTORICAL_CALIBRATION_POPULATION,,0,,,False,CURRENT_OR_HISTORICAL_EXTERNAL_GAME_APPRAISAL_CONTEXT,False,97c429521267cfb70ccdd61e40e11853d100e360,ab5adbfee656d69d0b378145fd66bf5789e0d1b4
PROEYE:21725131,小　関,,,21725131,,0,,,NO_MATCH_IN_SCREENED_SOURCES,NONE_DETECTED,HISTORICAL_CALIBRATION_POPULATION,,0,,,False,CURRENT_OR_HISTORICAL_EXTERNAL_GAME_APPRAISAL_CONTEXT,False,97c429521267cfb70ccdd61e40e11853d100e360,ab5adbfee656d69d0b378145fd66bf5789e0d1b4
PROEYE:21725133,熊　代,,,21725133,,0,,,NO_MATCH_IN_SCREENED_SOURCES,NONE_DETECTED,HISTORICAL_CALIBRATION_POPULATION,,0,,,False,CURRENT_OR_HISTORICAL_EXTERNAL_GAME_APPRAISAL_CONTEXT,False,97c429521267cfb70ccdd61e40e11853d100e360,ab5adbfee656d69d0b378145fd66bf5789e0d1b4
PROEYE:21725137,白　崎,,,21725137,,0,,,NO_MATCH_IN_SCREENED_SOURCES,NONE_DETECTED,HISTORICAL_CALIBRATION_POPULATION,,0,,,False,CURRENT_OR_HISTORICAL_EXTERNAL_GAME_APPRAISAL_CONTEXT,False,97c429521267cfb70ccdd61e40e11853d100e360,ab5adbfee656d69d0b378145fd66bf5789e0d1b4
PROEYE:21725151,勝　俣,,,21725151,,0,,,NO_MATCH_IN_SCREENED_SOURCES,NONE_DETECTED,HISTORICAL_CALIBRATION_POPULATION,,0,,,False,CURRENT_OR_HISTORICAL_EXTERNAL_GAME_APPRAISAL_CONTEXT,False,97c429521267cfb70ccdd61e40e11853d100e360,ab5adbfee656d69d0b378145fd66bf5789e0d1b4
PROEYE:21823888,松　元,,,21823888,,0,,,NO_MATCH_IN_SCREENED_SOURCES,NONE_DETECTED,HISTORICAL_CALIBRATION_POPULATION,,0,,,False,CURRENT_OR_HISTORICAL_EXTERNAL_GAME_APPRAISAL_CONTEXT,False,97c429521267cfb70ccdd61e40e11853d100e360,ab5adbfee656d69d0b378145fd66bf5789e0d1b4
PROEYE:21825112,陽,,,21825112,,0,,,NO_MATCH_IN_SCREENED_SOURCES,NONE_DETECTED,HISTORICAL_CALIBRATION_POPULATION,,0,,,False,CURRENT_OR_HISTORICAL_EXTERNAL_GAME_APPRAISAL_CONTEXT,False,97c429521267cfb70ccdd61e40e11853d100e360,ab5adbfee656d69d0b378145fd66bf5789e0d1b4
PROEYE:21825133,吉　川,,,21825133,,0,,,NO_MATCH_IN_SCREENED_SOURCES,NONE_DETECTED,HISTORICAL_CALIBRATION_POPULATION,,0,,,False,CURRENT_OR_HISTORICAL_EXTERNAL_GAME_APPRAISAL_CONTEXT,False,97c429521267cfb70ccdd61e40e11853d100e360,ab5adbfee656d69d0b378145fd66bf5789e0d1b4
PROEYE:21825134,松　原,,,21825134,,0,,,NO_MATCH_IN_SCREENED_SOURCES,NONE_DETECTED,HISTORICAL_CALIBRATION_POPULATION,,0,,,False,CURRENT_OR_HISTORICAL_EXTERNAL_GAME_APPRAISAL_CONTEXT,False,97c429521267cfb70ccdd61e40e11853d100e360,ab5adbfee656d69d0b378145fd66bf5789e0d1b4
PROEYE:21825138,山野辺,,,21825138,,0,,,NO_MATCH_IN_SCREENED_SOURCES,NONE_DETECTED,HISTORICAL_CALIBRATION_POPULATION,,0,,,False,CURRENT_OR_HISTORICAL_EXTERNAL_GAME_APPRAISAL_CONTEXT,False,97c429521267cfb70ccdd61e40e11853d100e360,ab5adbfee656d69d0b378145fd66bf5789e0d1b4
PROEYE:21825155,前　川,,,21825155,,0,,,NO_MATCH_IN_SCREENED_SOURCES,NONE_DETECTED,HISTORICAL_CALIBRATION_POPULATION,,0,,,False,CURRENT_OR_HISTORICAL_EXTERNAL_GAME_APPRAISAL_CONTEXT,False,97c429521267cfb70ccdd61e40e11853d100e360,ab5adbfee656d69d0b378145fd66bf5789e0d1b4
PROEYE:21825157,松　尾,,,21825157,,0,,,NO_MATCH_IN_SCREENED_SOURCES,NONE_DETECTED,HISTORICAL_CALIBRATION_POPULATION,,0,,,False,CURRENT_OR_HISTORICAL_EXTERNAL_GAME_APPRAISAL_CONTEXT,False,97c429521267cfb70ccdd61e40e11853d100e360,ab5adbfee656d69d0b378145fd66bf5789e0d1b4
PROEYE:21923889,福　浦,,,21923889,,0,,,NO_MATCH_IN_SCREENED_SOURCES,NONE_DETECTED,HISTORICAL_CALIBRATION_POPULATION,,0,,,False,CURRENT_OR_HISTORICAL_EXTERNAL_GAME_APPRAISAL_CONTEXT,False,97c429521267cfb70ccdd61e40e11853d100e360,ab5adbfee656d69d0b378145fd66bf5789e0d1b4
PROEYE:21925110,田中浩,,,21925110,,0,,,NO_MATCH_IN_SCREENED_SOURCES,NONE_DETECTED,HISTORICAL_CALIBRATION_POPULATION,,0,,,False,CURRENT_OR_HISTORICAL_EXTERNAL_GAME_APPRAISAL_CONTEXT,False,97c429521267cfb70ccdd61e40e11853d100e360,ab5adbfee656d69d0b378145fd66bf5789e0d1b4
PROEYE:21925112,梵,,,21925112,,0,,,NO_MATCH_IN_SCREENED_SOURCES,NONE_DETECTED,HISTORICAL_CALIBRATION_POPULATION,,0,,,False,CURRENT_OR_HISTORICAL_EXTERNAL_GAME_APPRAISAL_CONTEXT,False,97c429521267cfb70ccdd61e40e11853d100e360,ab5adbfee656d69d0b378145fd66bf5789e0d1b4
PROEYE:21925116,髙　濱,,,21925116,,0,,,NO_MATCH_IN_SCREENED_SOURCES,NONE_DETECTED,HISTORICAL_CALIBRATION_POPULATION,,0,,,False,CURRENT_OR_HISTORICAL_EXTERNAL_GAME_APPRAISAL_CONTEXT,False,97c429521267cfb70ccdd61e40e11853d100e360,ab5adbfee656d69d0b378145fd66bf5789e0d1b4
PROEYE:21925117,坂　口,,,21925117,,0,,,NO_MATCH_IN_SCREENED_SOURCES,NONE_DETECTED,HISTORICAL_CALIBRATION_POPULATION,,0,,,False,CURRENT_OR_HISTORICAL_EXTERNAL_GAME_APPRAISAL_CONTEXT,False,97c429521267cfb70ccdd61e40e11853d100e360,ab5adbfee656d69d0b378145fd66bf5789e0d1b4
PROEYE:21925119,鳥　谷,,,21925119,,0,,,NO_MATCH_IN_SCREENED_SOURCES,NONE_DETECTED,HISTORICAL_CALIBRATION_POPULATION,,0,,,False,CURRENT_OR_HISTORICAL_EXTERNAL_GAME_APPRAISAL_CONTEXT,False,97c429521267cfb70ccdd61e40e11853d100e360,ab5adbfee656d69d0b378145fd66bf5789e0d1b4
PROEYE:21925132,重　信,,,21925132,,0,,,NO_MATCH_IN_SCREENED_SOURCES,NONE_DETECTED,HISTORICAL_CALIBRATION_POPULATION,,0,,,False,CURRENT_OR_HISTORICAL_EXTERNAL_GAME_APPRAISAL_CONTEXT,False,97c429521267cfb70ccdd61e40e11853d100e360,ab5adbfee656d69d0b378145fd66bf5789e0d1b4
PROEYE:21925136,周　東,,21925136,21925136,,0,77,NO_MLB_PROMOTION_FOUND,NO_MATCH_IN_SCREENED_MLB_AND_SHOW_CROSSWALKS,NONE_DETECTED,CURRENT100_MLB_PROMOTION_OR_APPEARANCE,,0,,,False,CURRENT_OR_HISTORICAL_EXTERNAL_GAME_APPRAISAL_CONTEXT,False,97c429521267cfb70ccdd61e40e11853d100e360,ab5adbfee656d69d0b378145fd66bf5789e0d1b4
PROEYE:21925151,郡　司,,21925151,21925151,,0,26,NO_MLB_PROMOTION_FOUND,NO_MATCH_IN_SCREENED_MLB_AND_SHOW_CROSSWALKS,NONE_DETECTED,CURRENT100_MLB_PROMOTION_OR_APPEARANCE,,0,,,False,CURRENT_OR_HISTORICAL_EXTERNAL_GAME_APPRAISAL_CONTEXT,False,97c429521267cfb70ccdd61e40e11853d100e360,ab5adbfee656d69d0b378145fd66bf5789e0d1b4
PROEYE:21925153,元,,,21925153,,0,,,NO_MATCH_IN_SCREENED_SOURCES,NONE_DETECTED,HISTORICAL_CALIBRATION_POPULATION,,0,,,False,CURRENT_OR_HISTORICAL_EXTERNAL_GAME_APPRAISAL_CONTEXT,False,97c429521267cfb70ccdd61e40e11853d100e360,ab5adbfee656d69d0b378145fd66bf5789e0d1b4
PROEYE:23025150,デービス,Jonathan Davis,,23025150,641505,4,,,MLB_LOWER_BOUND_MATCH,NONE_DETECTED,MLB_TO_NPB_FOREIGN,,92,"2021,2022,2023,2024","21,22,23,24",True,CURRENT_OR_HISTORICAL_EXTERNAL_GAME_APPRAISAL_CONTEXT,False,97c429521267cfb70ccdd61e40e11853d100e360,ab5adbfee656d69d0b378145fd66bf5789e0d1b4
PROEYE:23025153,ハイネマン,Scott Heineman,,23025153,595981,1,,,MLB_LOWER_BOUND_MATCH,NONE_DETECTED,MLB_TO_NPB_FOREIGN,,21,2021,21,True,CURRENT_OR_HISTORICAL_EXTERNAL_GAME_APPRAISAL_CONTEXT,False,97c429521267cfb70ccdd61e40e11853d100e360,ab5adbfee656d69d0b378145fd66bf5789e0d1b4
PROEYE:23125136,山　本,,23125136,23125136,,0,69,NO_MLB_PROMOTION_FOUND,NO_MATCH_IN_SCREENED_MLB_AND_SHOW_CROSSWALKS,NONE_DETECTED,CURRENT100_MLB_PROMOTION_OR_APPEARANCE,,0,,,False,CURRENT_OR_HISTORICAL_EXTERNAL_GAME_APPRAISAL_CONTEXT,False,97c429521267cfb70ccdd61e40e11853d100e360,ab5adbfee656d69d0b378145fd66bf5789e0d1b4
PROEYE:23225159,モンテス,Coco Montes,,23225159,663796,4,,,MLB_LOWER_BOUND_MATCH,NONE_DETECTED,MLB_TO_NPB_FOREIGN,,95,"2023,2024,2025,2026","23,24,25,26",True,CURRENT_OR_HISTORICAL_EXTERNAL_GAME_APPRAISAL_CONTEXT,False,97c429521267cfb70ccdd61e40e11853d100e360,ab5adbfee656d69d0b378145fd66bf5789e0d1b4
PROEYE:23325138,ブラッシュ,Jabari Blash,,23325138,,0,,,MLB_LOWER_BOUND_MATCH,NONE_DETECTED,MLB_TO_NPB_FOREIGN,,0,,,True,CURRENT_OR_HISTORICAL_EXTERNAL_GAME_APPRAISAL_CONTEXT,False,97c429521267cfb70ccdd61e40e11853d100e360,ab5adbfee656d69d0b378145fd66bf5789e0d1b4
PROEYE:23525138,王,,,23525138,,0,,,NO_MATCH_IN_SCREENED_SOURCES,NONE_DETECTED,HISTORICAL_CALIBRATION_POPULATION,,0,,,False,CURRENT_OR_HISTORICAL_EXTERNAL_GAME_APPRAISAL_CONTEXT,False,97c429521267cfb70ccdd61e40e11853d100e360,ab5adbfee656d69d0b378145fd66bf5789e0d1b4
PROEYE:23525151,スパンジェンバーグ,Cory Spangenberg,,23525151,605486,1,,,MLB_LOWER_BOUND_MATCH,NONE_DETECTED,MLB_TO_NPB_FOREIGN,,26,2023,23,True,CURRENT_OR_HISTORICAL_EXTERNAL_GAME_APPRAISAL_CONTEXT,False,97c429521267cfb70ccdd61e40e11853d100e360,ab5adbfee656d69d0b378145fd66bf5789e0d1b4
PROEYE:23725138,マーティン,Leonys Martin,,23725138,,0,,,MLB_LOWER_BOUND_MATCH,NONE_DETECTED,MLB_TO_NPB_FOREIGN,,0,,,True,CURRENT_OR_HISTORICAL_EXTERNAL_GAME_APPRAISAL_CONTEXT,False,97c429521267cfb70ccdd61e40e11853d100e360,ab5adbfee656d69d0b378145fd66bf5789e0d1b4
PROEYE:23725151,ピレラ,Jose Pirela,,23725151,,0,,,MLB_LOWER_BOUND_MATCH,NONE_DETECTED,MLB_TO_NPB_FOREIGN,,0,,,True,CURRENT_OR_HISTORICAL_EXTERNAL_GAME_APPRAISAL_CONTEXT,False,97c429521267cfb70ccdd61e40e11853d100e360,ab5adbfee656d69d0b378145fd66bf5789e0d1b4
PROEYE:23725153,スモーク,Justin Smoak,,23725153,,0,,,MLB_LOWER_BOUND_MATCH,NONE_DETECTED,MLB_TO_NPB_FOREIGN,,0,,,True,CURRENT_OR_HISTORICAL_EXTERNAL_GAME_APPRAISAL_CONTEXT,False,97c429521267cfb70ccdd61e40e11853d100e360,ab5adbfee656d69d0b378145fd66bf5789e0d1b4
PROEYE:31035112,武　内,,,31035112,,0,,,NO_MATCH_IN_SCREENED_SOURCES,NONE_DETECTED,HISTORICAL_CALIBRATION_POPULATION,,0,,,False,CURRENT_OR_HISTORICAL_EXTERNAL_GAME_APPRAISAL_CONTEXT,False,97c429521267cfb70ccdd61e40e11853d100e360,ab5adbfee656d69d0b378145fd66bf5789e0d1b4
PROEYE:31035134,鈴　木,,,31035134,,0,,,NO_MATCH_IN_SCREENED_SOURCES,NONE_DETECTED,HISTORICAL_CALIBRATION_POPULATION,,0,,,False,CURRENT_OR_HISTORICAL_EXTERNAL_GAME_APPRAISAL_CONTEXT,False,97c429521267cfb70ccdd61e40e11853d100e360,ab5adbfee656d69d0b378145fd66bf5789e0d1b4
PROEYE:31035137,西　川,,,31035137,,0,,,NO_MATCH_IN_SCREENED_SOURCES,NONE_DETECTED,HISTORICAL_CALIBRATION_POPULATION,,0,,,False,CURRENT_OR_HISTORICAL_EXTERNAL_GAME_APPRAISAL_CONTEXT,False,97c429521267cfb70ccdd61e40e11853d100e360,ab5adbfee656d69d0b378145fd66bf5789e0d1b4
PROEYE:31135110,青　松,,,31135110,,0,,,NO_MATCH_IN_SCREENED_SOURCES,NONE_DETECTED,HISTORICAL_CALIBRATION_POPULATION,,0,,,False,CURRENT_OR_HISTORICAL_EXTERNAL_GAME_APPRAISAL_CONTEXT,False,97c429521267cfb70ccdd61e40e11853d100e360,ab5adbfee656d69d0b378145fd66bf5789e0d1b4
PROEYE:31135114,會　澤,,,31135114,,0,,,NO_MATCH_IN_SCREENED_SOURCES,NONE_DETECTED,HISTORICAL_CALIBRATION_POPULATION,,0,,,False,CURRENT_OR_HISTORICAL_EXTERNAL_GAME_APPRAISAL_CONTEXT,False,97c429521267cfb70ccdd61e40e11853d100e360,ab5adbfee656d69d0b378145fd66bf5789e0d1b4
PROEYE:31135116,赤　坂,,,31135116,,0,,,NO_MATCH_IN_SCREENED_SOURCES,NONE_DETECTED,HISTORICAL_CALIBRATION_POPULATION,,0,,,False,CURRENT_OR_HISTORICAL_EXTERNAL_GAME_APPRAISAL_CONTEXT,False,97c429521267cfb70ccdd61e40e11853d100e360,ab5adbfee656d69d0b378145fd66bf5789e0d1b4
PROEYE:31135119,青　木,Norichika Aoki,,31135119,,0,,,MLB_LOWER_BOUND_MATCH,NONE_DETECTED,MLB_TO_NPB_FOREIGN,,0,,,True,CURRENT_OR_HISTORICAL_EXTERNAL_GAME_APPRAISAL_CONTEXT,False,97c429521267cfb70ccdd61e40e11853d100e360,ab5adbfee656d69d0b378145fd66bf5789e0d1b4
PROEYE:31135130,淺　間,,,31135130,,0,,,NO_MATCH_IN_SCREENED_SOURCES,NONE_DETECTED,HISTORICAL_CALIBRATION_POPULATION,,0,,,False,CURRENT_OR_HISTORICAL_EXTERNAL_GAME_APPRAISAL_CONTEXT,False,97c429521267cfb70ccdd61e40e11853d100e360,ab5adbfee656d69d0b378145fd66bf5789e0d1b4
PROEYE:31135131,赤　田,,,31135131,,0,,,NO_MATCH_IN_SCREENED_SOURCES,NONE_DETECTED,HISTORICAL_CALIBRATION_POPULATION,,0,,,False,CURRENT_OR_HISTORICAL_EXTERNAL_GAME_APPRAISAL_CONTEXT,False,97c429521267cfb70ccdd61e40e11853d100e360,ab5adbfee656d69d0b378145fd66bf5789e0d1b4
PROEYE:31135133,秋　山,Shogo Akiyama,31135133,31135133,673451,2,50,ELIGIBLE_MATCHED,MATCHED_ID_OR_HIGH_CONFIDENCE_NAME,NONE_DETECTED,MLB_TO_NPB+NPB_TO_MLB,"MLB_TO_NPB,NPB_TO_MLB",43,"2021,2022","21,22",True,CURRENT_OR_HISTORICAL_EXTERNAL_GAME_APPRAISAL_CONTEXT,False,97c429521267cfb70ccdd61e40e11853d100e360,ab5adbfee656d69d0b378145fd66bf5789e0d1b4
PROEYE:31135135,安　達,,,31135135,,0,,,NO_MATCH_IN_SCREENED_SOURCES,NONE_DETECTED,HISTORICAL_CALIBRATION_POPULATION,,0,,,False,CURRENT_OR_HISTORICAL_EXTERNAL_GAME_APPRAISAL_CONTEXT,False,97c429521267cfb70ccdd61e40e11853d100e360,ab5adbfee656d69d0b378145fd66bf5789e0d1b4
PROEYE:31135137,赤　堀,,,31135137,,0,,,NO_MATCH_IN_SCREENED_SOURCES,NONE_DETECTED,HISTORICAL_CALIBRATION_POPULATION,,0,,,False,CURRENT_OR_HISTORICAL_EXTERNAL_GAME_APPRAISAL_CONTEXT,False,97c429521267cfb70ccdd61e40e11853d100e360,ab5adbfee656d69d0b378145fd66bf5789e0d1b4
PROEYE:31235113,畠　山,,,31235113,,0,,,NO_MATCH_IN_SCREENED_SOURCES,NONE_DETECTED,HISTORICAL_CALIBRATION_POPULATION,,0,,,False,CURRENT_OR_HISTORICAL_EXTERNAL_GAME_APPRAISAL_CONTEXT,False,97c429521267cfb70ccdd61e40e11853d100e360,ab5adbfee656d69d0b378145fd66bf5789e0d1b4
PROEYE:31235130,田中貴,,,31235130,,0,,,NO_MATCH_IN_SCREENED_SOURCES,NONE_DETECTED,HISTORICAL_CALIBRATION_POPULATION,,0,,,False,CURRENT_OR_HISTORICAL_EXTERNAL_GAME_APPRAISAL_CONTEXT,False,97c429521267cfb70ccdd61e40e11853d100e360,ab5adbfee656d69d0b378145fd66bf5789e0d1b4
PROEYE:31235139,肘　井,,,31235139,,0,,,NO_MATCH_IN_SCREENED_SOURCES,NONE_DETECTED,HISTORICAL_CALIBRATION_POPULATION,,0,,,False,CURRENT_OR_HISTORICAL_EXTERNAL_GAME_APPRAISAL_CONTEXT,False,97c429521267cfb70ccdd61e40e11853d100e360,ab5adbfee656d69d0b378145fd66bf5789e0d1b4
PROEYE:31335112,今　成,,,31335112,,0,,,NO_MATCH_IN_SCREENED_SOURCES,NONE_DETECTED,HISTORICAL_CALIBRATION_POPULATION,,0,,,False,CURRENT_OR_HISTORICAL_EXTERNAL_GAME_APPRAISAL_CONTEXT,False,97c429521267cfb70ccdd61e40e11853d100e360,ab5adbfee656d69d0b378145fd66bf5789e0d1b4
PROEYE:31335114,隠　善,,,31335114,,0,,,NO_MATCH_IN_SCREENED_SOURCES,NONE_DETECTED,HISTORICAL_CALIBRATION_POPULATION,,0,,,False,CURRENT_OR_HISTORICAL_EXTERNAL_GAME_APPRAISAL_CONTEXT,False,97c429521267cfb70ccdd61e40e11853d100e360,ab5adbfee656d69d0b378145fd66bf5789e0d1b4
PROEYE:31335118,岩　﨑,,,31335118,,0,,,NO_MATCH_IN_SCREENED_SOURCES,NONE_DETECTED,HISTORICAL_CALIBRATION_POPULATION,,0,,,False,CURRENT_OR_HISTORICAL_EXTERNAL_GAME_APPRAISAL_CONTEXT,False,97c429521267cfb70ccdd61e40e11853d100e360,ab5adbfee656d69d0b378145fd66bf5789e0d1b4
PROEYE:31335131,今　宮,,31335131,31335131,,0,76,NO_MLB_PROMOTION_FOUND,NO_MATCH_IN_SCREENED_MLB_AND_SHOW_CROSSWALKS,NONE_DETECTED,CURRENT100_MLB_PROMOTION_OR_APPEARANCE,,0,,,False,CURRENT_OR_HISTORICAL_EXTERNAL_GAME_APPRAISAL_CONTEXT,False,97c429521267cfb70ccdd61e40e11853d100e360,ab5adbfee656d69d0b378145fd66bf5789e0d1b4
PROEYE:31335137,上　本,,,31335137,,0,,,NO_MATCH_IN_SCREENED_SOURCES,NONE_DETECTED,HISTORICAL_CALIBRATION_POPULATION,,0,,,False,CURRENT_OR_HISTORICAL_EXTERNAL_GAME_APPRAISAL_CONTEXT,False,97c429521267cfb70ccdd61e40e11853d100e360,ab5adbfee656d69d0b378145fd66bf5789e0d1b4
PROEYE:31335151,井　上,,,31335151,,0,,,NO_MATCH_IN_SCREENED_SOURCES,NONE_DETECTED,HISTORICAL_CALIBRATION_POPULATION,,0,,,False,CURRENT_OR_HISTORICAL_EXTERNAL_GAME_APPRAISAL_CONTEXT,False,97c429521267cfb70ccdd61e40e11853d100e360,ab5adbfee656d69d0b378145fd66bf5789e0d1b4
PROEYE:31335159,井　上,,,31335159,,0,,,NO_MATCH_IN_SCREENED_SOURCES,NONE_DETECTED,HISTORICAL_CALIBRATION_POPULATION,,0,,,False,CURRENT_OR_HISTORICAL_EXTERNAL_GAME_APPRAISAL_CONTEXT,False,97c429521267cfb70ccdd61e40e11853d100e360,ab5adbfee656d69d0b378145fd66bf5789e0d1b4
PROEYE:31433884,和　田,,,31433884,,0,,,NO_MATCH_IN_SCREENED_SOURCES,NONE_DETECTED,HISTORICAL_CALIBRATION_POPULATION,,0,,,False,CURRENT_OR_HISTORICAL_EXTERNAL_GAME_APPRAISAL_CONTEXT,False,97c429521267cfb70ccdd61e40e11853d100e360,ab5adbfee656d69d0b378145fd66bf5789e0d1b4
PROEYE:31433885,桧　山,,,31433885,,0,,,NO_MATCH_IN_SCREENED_SOURCES,NONE_DETECTED,HISTORICAL_CALIBRATION_POPULATION,,0,,,False,CURRENT_OR_HISTORICAL_EXTERNAL_GAME_APPRAISAL_CONTEXT,False,97c429521267cfb70ccdd61e40e11853d100e360,ab5adbfee656d69d0b378145fd66bf5789e0d1b4
PROEYE:31435113,水　田,,,31435113,,0,,,NO_MATCH_IN_SCREENED_SOURCES,NONE_DETECTED,HISTORICAL_CALIBRATION_POPULATION,,0,,,False,CURRENT_OR_HISTORICAL_EXTERNAL_GAME_APPRAISAL_CONTEXT,False,97c429521267cfb70ccdd61e40e11853d100e360,ab5adbfee656d69d0b378145fd66bf5789e0d1b4
PROEYE:31435116,藤　村,,,31435116,,0,,,NO_MATCH_IN_SCREENED_SOURCES,NONE_DETECTED,HISTORICAL_CALIBRATION_POPULATION,,0,,,False,CURRENT_OR_HISTORICAL_EXTERNAL_GAME_APPRAISAL_CONTEXT,False,97c429521267cfb70ccdd61e40e11853d100e360,ab5adbfee656d69d0b378145fd66bf5789e0d1b4
PROEYE:31435117,西　岡,,,31435117,,0,,,NO_MATCH_IN_SCREENED_SOURCES,NONE_DETECTED,HISTORICAL_CALIBRATION_POPULATION,,0,,,False,CURRENT_OR_HISTORICAL_EXTERNAL_GAME_APPRAISAL_CONTEXT,False,97c429521267cfb70ccdd61e40e11853d100e360,ab5adbfee656d69d0b378145fd66bf5789e0d1b4
PROEYE:31435118,野　本,,,31435118,,0,,,NO_MATCH_IN_SCREENED_SOURCES,NONE_DETECTED,HISTORICAL_CALIBRATION_POPULATION,,0,,,False,CURRENT_OR_HISTORICAL_EXTERNAL_GAME_APPRAISAL_CONTEXT,False,97c429521267cfb70ccdd61e40e11853d100e360,ab5adbfee656d69d0b378145fd66bf5789e0d1b4
PROEYE:31435131,松井淳,,,31435131,,0,,,NO_MATCH_IN_SCREENED_SOURCES,NONE_DETECTED,HISTORICAL_CALIBRATION_POPULATION,,0,,,False,CURRENT_OR_HISTORICAL_EXTERNAL_GAME_APPRAISAL_CONTEXT,False,97c429521267cfb70ccdd61e40e11853d100e360,ab5adbfee656d69d0b378145fd66bf5789e0d1b4
PROEYE:31435136,西　浦,,,31435136,,0,,,NO_MATCH_IN_SCREENED_SOURCES,NONE_DETECTED,HISTORICAL_CALIBRATION_POPULATION,,0,,,False,CURRENT_OR_HISTORICAL_EXTERNAL_GAME_APPRAISAL_CONTEXT,False,97c429521267cfb70ccdd61e40e11853d100e360,ab5adbfee656d69d0b378145fd66bf5789e0d1b4
PROEYE:31435138,野　村,,31435138,31435138,,0,27,NO_MLB_PROMOTION_FOUND,NO_MATCH_IN_SCREENED_MLB_AND_SHOW_CROSSWALKS,NONE_DETECTED,CURRENT100_MLB_PROMOTION_OR_APPEARANCE,,0,,,False,CURRENT_OR_HISTORICAL_EXTERNAL_GAME_APPRAISAL_CONTEXT,False,97c429521267cfb70ccdd61e40e11853d100e360,ab5adbfee656d69d0b378145fd66bf5789e0d1b4
PROEYE:31435155,豊　田,,,31435155,,0,,,NO_MATCH_IN_SCREENED_SOURCES,NONE_DETECTED,HISTORICAL_CALIBRATION_POPULATION,,0,,,False,CURRENT_OR_HISTORICAL_EXTERNAL_GAME_APPRAISAL_CONTEXT,False,97c429521267cfb70ccdd61e40e11853d100e360,ab5adbfee656d69d0b378145fd66bf5789e0d1b4
PROEYE:31435157,奈良間,,31435157,31435157,,0,22,NO_MLB_PROMOTION_FOUND,NO_MATCH_IN_SCREENED_MLB_AND_SHOW_CROSSWALKS,NONE_DETECTED,CURRENT100_MLB_PROMOTION_OR_APPEARANCE,,0,,,False,CURRENT_OR_HISTORICAL_EXTERNAL_GAME_APPRAISAL_CONTEXT,False,97c429521267cfb70ccdd61e40e11853d100e360,ab5adbfee656d69d0b378145fd66bf5789e0d1b4
PROEYE:31533886,倉,,,31533886,,0,,,NO_MATCH_IN_SCREENED_SOURCES,NONE_DETECTED,HISTORICAL_CALIBRATION_POPULATION,,0,,,False,CURRENT_OR_HISTORICAL_EXTERNAL_GAME_APPRAISAL_CONTEXT,False,97c429521267cfb70ccdd61e40e11853d100e360,ab5adbfee656d69d0b378145fd66bf5789e0d1b4
PROEYE:31535110,川　本,,,31535110,,0,,,NO_MATCH_IN_SCREENED_SOURCES,NONE_DETECTED,HISTORICAL_CALIBRATION_POPULATION,,0,,,False,CURRENT_OR_HISTORICAL_EXTERNAL_GAME_APPRAISAL_CONTEXT,False,97c429521267cfb70ccdd61e40e11853d100e360,ab5adbfee656d69d0b378145fd66bf5789e0d1b4
PROEYE:31535111,栗　原,,,31535111,,0,,,NO_MATCH_IN_SCREENED_SOURCES,NONE_DETECTED,HISTORICAL_CALIBRATION_POPULATION,,0,,,False,CURRENT_OR_HISTORICAL_EXTERNAL_GAME_APPRAISAL_CONTEXT,False,97c429521267cfb70ccdd61e40e11853d100e360,ab5adbfee656d69d0b378145fd66bf5789e0d1b4
PROEYE:31535116,鬼　﨑,,,31535116,,0,,,NO_MATCH_IN_SCREENED_SOURCES,NONE_DETECTED,HISTORICAL_CALIBRATION_POPULATION,,0,,,False,CURRENT_OR_HISTORICAL_EXTERNAL_GAME_APPRAISAL_CONTEXT,False,97c429521267cfb70ccdd61e40e11853d100e360,ab5adbfee656d69d0b378145fd66bf5789e0d1b4
PROEYE:31535119,城　所,,,31535119,,0,,,NO_MATCH_IN_SCREENED_SOURCES,NONE_DETECTED,HISTORICAL_CALIBRATION_POPULATION,,0,,,False,CURRENT_OR_HISTORICAL_EXTERNAL_GAME_APPRAISAL_CONTEXT,False,97c429521267cfb70ccdd61e40e11853d100e360,ab5adbfee656d69d0b378145fd66bf5789e0d1b4
PROEYE:31535130,小　田,,,31535130,,0,,,NO_MATCH_IN_SCREENED_SOURCES,NONE_DETECTED,HISTORICAL_CALIBRATION_POPULATION,,0,,,False,CURRENT_OR_HISTORICAL_EXTERNAL_GAME_APPRAISAL_CONTEXT,False,97c429521267cfb70ccdd61e40e11853d100e360,ab5adbfee656d69d0b378145fd66bf5789e0d1b4
PROEYE:31535132,愛　斗,,,31535132,,0,,,NO_MATCH_IN_SCREENED_SOURCES,NONE_DETECTED,HISTORICAL_CALIBRATION_POPULATION,,0,,,False,CURRENT_OR_HISTORICAL_EXTERNAL_GAME_APPRAISAL_CONTEXT,False,97c429521267cfb70ccdd61e40e11853d100e360,ab5adbfee656d69d0b378145fd66bf5789e0d1b4
PROEYE:31535138,小　幡,,31535138,31535138,,0,97,NO_MLB_PROMOTION_FOUND,NO_MATCH_IN_SCREENED_MLB_AND_SHOW_CROSSWALKS,NONE_DETECTED,CURRENT100_MLB_PROMOTION_OR_APPEARANCE,,0,,,False,CURRENT_OR_HISTORICAL_EXTERNAL_GAME_APPRAISAL_CONTEXT,False,97c429521267cfb70ccdd61e40e11853d100e360,ab5adbfee656d69d0b378145fd66bf5789e0d1b4
PROEYE:31535139,岡　田,,,31535139,,0,,,NO_MATCH_IN_SCREENED_SOURCES,NONE_DETECTED,HISTORICAL_CALIBRATION_POPULATION,,0,,,False,CURRENT_OR_HISTORICAL_EXTERNAL_GAME_APPRAISAL_CONTEXT,False,97c429521267cfb70ccdd61e40e11853d100e360,ab5adbfee656d69d0b378145fd66bf5789e0d1b4
PROEYE:31633881,前　田,,,31633881,,0,,,NO_MATCH_IN_SCREENED_SOURCES,NONE_DETECTED,HISTORICAL_CALIBRATION_POPULATION,,0,,,False,CURRENT_OR_HISTORICAL_EXTERNAL_GAME_APPRAISAL_CONTEXT,False,97c429521267cfb70ccdd61e40e11853d100e360,ab5adbfee656d69d0b378145fd66bf5789e0d1b4
PROEYE:31635114,福　田,,,31635114,,0,,,NO_MATCH_IN_SCREENED_SOURCES,NONE_DETECTED,HISTORICAL_CALIBRATION_POPULATION,,0,,,False,CURRENT_OR_HISTORICAL_EXTERNAL_GAME_APPRAISAL_CONTEXT,False,97c429521267cfb70ccdd61e40e11853d100e360,ab5adbfee656d69d0b378145fd66bf5789e0d1b4
PROEYE:31635138,藤　原,,31635138,31635138,,0,36,NO_MLB_PROMOTION_FOUND,NO_MATCH_IN_SCREENED_MLB_AND_SHOW_CROSSWALKS,NONE_DETECTED,CURRENT100_MLB_PROMOTION_OR_APPEARANCE,,0,,,False,CURRENT_OR_HISTORICAL_EXTERNAL_GAME_APPRAISAL_CONTEXT,False,97c429521267cfb70ccdd61e40e11853d100e360,ab5adbfee656d69d0b378145fd66bf5789e0d1b4
PROEYE:31635139,横　田,,,31635139,,0,,,NO_MATCH_IN_SCREENED_SOURCES,NONE_DETECTED,HISTORICAL_CALIBRATION_POPULATION,,0,,,False,CURRENT_OR_HISTORICAL_EXTERNAL_GAME_APPRAISAL_CONTEXT,False,97c429521267cfb70ccdd61e40e11853d100e360,ab5adbfee656d69d0b378145fd66bf5789e0d1b4
PROEYE:31733888,里　崎,,,31733888,,0,,,NO_MATCH_IN_SCREENED_SOURCES,NONE_DETECTED,HISTORICAL_CALIBRATION_POPULATION,,0,,,False,CURRENT_OR_HISTORICAL_EXTERNAL_GAME_APPRAISAL_CONTEXT,False,97c429521267cfb70ccdd61e40e11853d100e360,ab5adbfee656d69d0b378145fd66bf5789e0d1b4
PROEYE:31735112,川　端,,,31735112,,0,,,NO_MATCH_IN_SCREENED_SOURCES,NONE_DETECTED,HISTORICAL_CALIBRATION_POPULATION,,0,,,False,CURRENT_OR_HISTORICAL_EXTERNAL_GAME_APPRAISAL_CONTEXT,False,97c429521267cfb70ccdd61e40e11853d100e360,ab5adbfee656d69d0b378145fd66bf5789e0d1b4
PROEYE:31735132,木　下,,31735132,31735132,,0,14,NO_MLB_PROMOTION_FOUND,NO_MATCH_IN_SCREENED_MLB_AND_SHOW_CROSSWALKS,NONE_DETECTED,CURRENT100_MLB_PROMOTION_OR_APPEARANCE,,0,,,False,CURRENT_OR_HISTORICAL_EXTERNAL_GAME_APPRAISAL_CONTEXT,False,97c429521267cfb70ccdd61e40e11853d100e360,ab5adbfee656d69d0b378145fd66bf5789e0d1b4
PROEYE:31735134,九　鬼,,,31735134,,0,,,NO_MATCH_IN_SCREENED_SOURCES,NONE_DETECTED,HISTORICAL_CALIBRATION_POPULATION,,0,,,False,CURRENT_OR_HISTORICAL_EXTERNAL_GAME_APPRAISAL_CONTEXT,False,97c429521267cfb70ccdd61e40e11853d100e360,ab5adbfee656d69d0b378145fd66bf5789e0d1b4
PROEYE:31735138,木　浪,,31735138,31735138,,0,98,NO_MLB_PROMOTION_FOUND,NO_MATCH_IN_SCREENED_MLB_AND_SHOW_CROSSWALKS,NONE_DETECTED,CURRENT100_MLB_PROMOTION_OR_APPEARANCE,,0,,,False,CURRENT_OR_HISTORICAL_EXTERNAL_GAME_APPRAISAL_CONTEXT,False,97c429521267cfb70ccdd61e40e11853d100e360,ab5adbfee656d69d0b378145fd66bf5789e0d1b4
PROEYE:31835133,柳　田,,31835133,31835133,,0,79,NO_MLB_PROMOTION_FOUND,NO_MATCH_IN_SCREENED_MLB_AND_SHOW_CROSSWALKS,NONE_DETECTED,CURRENT100_MLB_PROMOTION_OR_APPEARANCE,,0,,,False,CURRENT_OR_HISTORICAL_EXTERNAL_GAME_APPRAISAL_CONTEXT,False,97c429521267cfb70ccdd61e40e11853d100e360,ab5adbfee656d69d0b378145fd66bf5789e0d1b4
PROEYE:31835134,細　川,,31835134,31835134,,0,20,NO_MLB_PROMOTION_FOUND,NO_MATCH_IN_SCREENED_MLB_AND_SHOW_CROSSWALKS,NONE_DETECTED,CURRENT100_MLB_PROMOTION_OR_APPEARANCE,,0,,,False,CURRENT_OR_HISTORICAL_EXTERNAL_GAME_APPRAISAL_CONTEXT,False,97c429521267cfb70ccdd61e40e11853d100e360,ab5adbfee656d69d0b378145fd66bf5789e0d1b4
PROEYE:31835138,水　谷,,,31835138,,0,,,NO_MATCH_IN_SCREENED_SOURCES,NONE_DETECTED,HISTORICAL_CALIBRATION_POPULATION,,0,,,False,CURRENT_OR_HISTORICAL_EXTERNAL_GAME_APPRAISAL_CONTEXT,False,97c429521267cfb70ccdd61e40e11853d100e360,ab5adbfee656d69d0b378145fd66bf5789e0d1b4
PROEYE:31835155,福　元,,,31835155,,0,,,NO_MATCH_IN_SCREENED_SOURCES,NONE_DETECTED,HISTORICAL_CALIBRATION_POPULATION,,0,,,False,CURRENT_OR_HISTORICAL_EXTERNAL_GAME_APPRAISAL_CONTEXT,False,97c429521267cfb70ccdd61e40e11853d100e360,ab5adbfee656d69d0b378145fd66bf5789e0d1b4
PROEYE:31933884,髙　橋,,,31933884,,0,,,NO_MATCH_IN_SCREENED_SOURCES,NONE_DETECTED,HISTORICAL_CALIBRATION_POPULATION,,0,,,False,CURRENT_OR_HISTORICAL_EXTERNAL_GAME_APPRAISAL_CONTEXT,False,97c429521267cfb70ccdd61e40e11853d100e360,ab5adbfee656d69d0b378145fd66bf5789e0d1b4
PROEYE:31935139,関　根,,,31935139,,0,,,NO_MATCH_IN_SCREENED_SOURCES,NONE_DETECTED,HISTORICAL_CALIBRATION_POPULATION,,0,,,False,CURRENT_OR_HISTORICAL_EXTERNAL_GAME_APPRAISAL_CONTEXT,False,97c429521267cfb70ccdd61e40e11853d100e360,ab5adbfee656d69d0b378145fd66bf5789e0d1b4
PROEYE:31935153,喜　多,,,31935153,,0,,,NO_MATCH_IN_SCREENED_SOURCES,NONE_DETECTED,HISTORICAL_CALIBRATION_POPULATION,,0,,,False,CURRENT_OR_HISTORICAL_EXTERNAL_GAME_APPRAISAL_CONTEXT,False,97c429521267cfb70ccdd61e40e11853d100e360,ab5adbfee656d69d0b378145fd66bf5789e0d1b4
PROEYE:33035153,エチェバリア,Adeiny Hechavarria,,33035153,,0,,,MLB_LOWER_BOUND_MATCH,NONE_DETECTED,MLB_TO_NPB_FOREIGN,,0,,,True,CURRENT_OR_HISTORICAL_EXTERNAL_GAME_APPRAISAL_CONTEXT,False,97c429521267cfb70ccdd61e40e11853d100e360,ab5adbfee656d69d0b378145fd66bf5789e0d1b4
PROEYE:33135132,山　崎,,,33135132,,0,,,NO_MATCH_IN_SCREENED_SOURCES,NONE_DETECTED,HISTORICAL_CALIBRATION_POPULATION,,0,,,False,CURRENT_OR_HISTORICAL_EXTERNAL_GAME_APPRAISAL_CONTEXT,False,97c429521267cfb70ccdd61e40e11853d100e360,ab5adbfee656d69d0b378145fd66bf5789e0d1b4
PROEYE:33135134,三　森,,,33135134,,0,,,NO_MATCH_IN_SCREENED_SOURCES,NONE_DETECTED,HISTORICAL_CALIBRATION_POPULATION,,0,,,False,CURRENT_OR_HISTORICAL_EXTERNAL_GAME_APPRAISAL_CONTEXT,False,97c429521267cfb70ccdd61e40e11853d100e360,ab5adbfee656d69d0b378145fd66bf5789e0d1b4
PROEYE:33135138,吉田大成,,,33135138,,0,,,NO_MATCH_IN_SCREENED_SOURCES,NONE_DETECTED,HISTORICAL_CALIBRATION_POPULATION,,0,,,False,CURRENT_OR_HISTORICAL_EXTERNAL_GAME_APPRAISAL_CONTEXT,False,97c429521267cfb70ccdd61e40e11853d100e360,ab5adbfee656d69d0b378145fd66bf5789e0d1b4
PROEYE:33135151,森,,,33135151,,0,,,NO_MATCH_IN_SCREENED_SOURCES,NONE_DETECTED,HISTORICAL_CALIBRATION_POPULATION,,0,,,False,CURRENT_OR_HISTORICAL_EXTERNAL_GAME_APPRAISAL_CONTEXT,False,97c429521267cfb70ccdd61e40e11853d100e360,ab5adbfee656d69d0b378145fd66bf5789e0d1b4
PROEYE:33335132,吉　持,,,33335132,,0,,,NO_MATCH_IN_SCREENED_SOURCES,NONE_DETECTED,HISTORICAL_CALIBRATION_POPULATION,,0,,,False,CURRENT_OR_HISTORICAL_EXTERNAL_GAME_APPRAISAL_CONTEXT,False,97c429521267cfb70ccdd61e40e11853d100e360,ab5adbfee656d69d0b378145fd66bf5789e0d1b4
PROEYE:33335136,和　田,,,33335136,,0,,,NO_MATCH_IN_SCREENED_SOURCES,NONE_DETECTED,HISTORICAL_CALIBRATION_POPULATION,,0,,,False,CURRENT_OR_HISTORICAL_EXTERNAL_GAME_APPRAISAL_CONTEXT,False,97c429521267cfb70ccdd61e40e11853d100e360,ab5adbfee656d69d0b378145fd66bf5789e0d1b4
PROEYE:33335151,エスコバー,Alcides Escobar,,33335151,444876,3,,,MLB_LOWER_BOUND_MATCH,NONE_DETECTED,MLB_TO_NPB_FOREIGN,,69,"2021,2022,2023","21,22,23",True,CURRENT_OR_HISTORICAL_EXTERNAL_GAME_APPRAISAL_CONTEXT,False,97c429521267cfb70ccdd61e40e11853d100e360,ab5adbfee656d69d0b378145fd66bf5789e0d1b4
PROEYE:33335153,元　山,,,33335153,,0,,,NO_MATCH_IN_SCREENED_SOURCES,NONE_DETECTED,HISTORICAL_CALIBRATION_POPULATION,,0,,,False,CURRENT_OR_HISTORICAL_EXTERNAL_GAME_APPRAISAL_CONTEXT,False,97c429521267cfb70ccdd61e40e11853d100e360,ab5adbfee656d69d0b378145fd66bf5789e0d1b4
PROEYE:33535151,シエラ,Moises Sierra,,33535151,,0,,,MLB_LOWER_BOUND_MATCH,NONE_DETECTED,MLB_TO_NPB_FOREIGN,,0,,,True,CURRENT_OR_HISTORICAL_EXTERNAL_GAME_APPRAISAL_CONTEXT,False,97c429521267cfb70ccdd61e40e11853d100e360,ab5adbfee656d69d0b378145fd66bf5789e0d1b4
PROEYE:33535153,山本大,,,33535153,,0,,,NO_MATCH_IN_SCREENED_SOURCES,NONE_DETECTED,HISTORICAL_CALIBRATION_POPULATION,,0,,,False,CURRENT_OR_HISTORICAL_EXTERNAL_GAME_APPRAISAL_CONTEXT,False,97c429521267cfb70ccdd61e40e11853d100e360,ab5adbfee656d69d0b378145fd66bf5789e0d1b4
PROEYE:33535159,度　会,,33535159,33535159,,0,70,NO_MLB_PROMOTION_FOUND,NO_MATCH_IN_SCREENED_MLB_AND_SHOW_CROSSWALKS,NONE_DETECTED,CURRENT100_MLB_PROMOTION_OR_APPEARANCE,,0,,,False,CURRENT_OR_HISTORICAL_EXTERNAL_GAME_APPRAISAL_CONTEXT,False,97c429521267cfb70ccdd61e40e11853d100e360,ab5adbfee656d69d0b378145fd66bf5789e0d1b4
PROEYE:33935159,ディカーソン,Alex Dickerson,,33935159,543105,3,,,MLB_LOWER_BOUND_MATCH,NONE_DETECTED,MLB_TO_NPB_FOREIGN,,69,"2021,2022,2023","21,22,23",True,CURRENT_OR_HISTORICAL_EXTERNAL_GAME_APPRAISAL_CONTEXT,False,97c429521267cfb70ccdd61e40e11853d100e360,ab5adbfee656d69d0b378145fd66bf5789e0d1b4
PROEYE:41045114,髙　谷,,,41045114,,0,,,NO_MATCH_IN_SCREENED_SOURCES,NONE_DETECTED,HISTORICAL_CALIBRATION_POPULATION,,0,,,False,CURRENT_OR_HISTORICAL_EXTERNAL_GAME_APPRAISAL_CONTEXT,False,97c429521267cfb70ccdd61e40e11853d100e360,ab5adbfee656d69d0b378145fd66bf5789e0d1b4
PROEYE:41045118,中　川,,,41045118,,0,,,NO_MATCH_IN_SCREENED_SOURCES,NONE_DETECTED,HISTORICAL_CALIBRATION_POPULATION,,0,,,False,CURRENT_OR_HISTORICAL_EXTERNAL_GAME_APPRAISAL_CONTEXT,False,97c429521267cfb70ccdd61e40e11853d100e360,ab5adbfee656d69d0b378145fd66bf5789e0d1b4
PROEYE:41045131,西　田,,,41045131,,0,,,NO_MATCH_IN_SCREENED_SOURCES,NONE_DETECTED,HISTORICAL_CALIBRATION_POPULATION,,0,,,False,CURRENT_OR_HISTORICAL_EXTERNAL_GAME_APPRAISAL_CONTEXT,False,97c429521267cfb70ccdd61e40e11853d100e360,ab5adbfee656d69d0b378145fd66bf5789e0d1b4
PROEYE:41045133,谷　口,,,41045133,,0,,,NO_MATCH_IN_SCREENED_SOURCES,NONE_DETECTED,HISTORICAL_CALIBRATION_POPULATION,,0,,,False,CURRENT_OR_HISTORICAL_EXTERNAL_GAME_APPRAISAL_CONTEXT,False,97c429521267cfb70ccdd61e40e11853d100e360,ab5adbfee656d69d0b378145fd66bf5789e0d1b4
PROEYE:41045135,田　代,,,41045135,,0,,,NO_MATCH_IN_SCREENED_SOURCES,NONE_DETECTED,HISTORICAL_CALIBRATION_POPULATION,,0,,,False,CURRENT_OR_HISTORICAL_EXTERNAL_GAME_APPRAISAL_CONTEXT,False,97c429521267cfb70ccdd61e40e11853d100e360,ab5adbfee656d69d0b378145fd66bf5789e0d1b4
PROEYE:41045153,佐藤 輝明,,41045153,41045153,,0,94,NO_MLB_PROMOTION_FOUND,NO_MATCH_IN_SCREENED_MLB_AND_SHOW_CROSSWALKS,NONE_DETECTED,CURRENT100_MLB_PROMOTION_OR_APPEARANCE,,0,,,False,CURRENT_OR_HISTORICAL_EXTERNAL_GAME_APPRAISAL_CONTEXT,False,97c429521267cfb70ccdd61e40e11853d100e360,ab5adbfee656d69d0b378145fd66bf5789e0d1b4
PROEYE:41143886,井　端,,,41143886,,0,,,NO_MATCH_IN_SCREENED_SOURCES,NONE_DETECTED,HISTORICAL_CALIBRATION_POPULATION,,0,,,False,CURRENT_OR_HISTORICAL_EXTERNAL_GAME_APPRAISAL_CONTEXT,False,97c429521267cfb70ccdd61e40e11853d100e360,ab5adbfee656d69d0b378145fd66bf5789e0d1b4
PROEYE:41145118,井藤真,,,41145118,,0,,,NO_MATCH_IN_SCREENED_SOURCES,NONE_DETECTED,HISTORICAL_CALIBRATION_POPULATION,,0,,,False,CURRENT_OR_HISTORICAL_EXTERNAL_GAME_APPRAISAL_CONTEXT,False,97c429521267cfb70ccdd61e40e11853d100e360,ab5adbfee656d69d0b378145fd66bf5789e0d1b4
PROEYE:41145130,石　川,,,41145130,,0,,,NO_MATCH_IN_SCREENED_SOURCES,NONE_DETECTED,HISTORICAL_CALIBRATION_POPULATION,,0,,,False,CURRENT_OR_HISTORICAL_EXTERNAL_GAME_APPRAISAL_CONTEXT,False,97c429521267cfb70ccdd61e40e11853d100e360,ab5adbfee656d69d0b378145fd66bf5789e0d1b4
PROEYE:41145132,足　立,,,41145132,,0,,,NO_MATCH_IN_SCREENED_SOURCES,NONE_DETECTED,HISTORICAL_CALIBRATION_POPULATION,,0,,,False,CURRENT_OR_HISTORICAL_EXTERNAL_GAME_APPRAISAL_CONTEXT,False,97c429521267cfb70ccdd61e40e11853d100e360,ab5adbfee656d69d0b378145fd66bf5789e0d1b4
PROEYE:41145134,石　垣,,,41145134,,0,,,NO_MATCH_IN_SCREENED_SOURCES,NONE_DETECTED,HISTORICAL_CALIBRATION_POPULATION,,0,,,False,CURRENT_OR_HISTORICAL_EXTERNAL_GAME_APPRAISAL_CONTEXT,False,97c429521267cfb70ccdd61e40e11853d100e360,ab5adbfee656d69d0b378145fd66bf5789e0d1b4
PROEYE:41145138,伊　藤,,,41145138,,0,,,NO_MATCH_IN_SCREENED_SOURCES,NONE_DETECTED,HISTORICAL_CALIBRATION_POPULATION,,0,,,False,CURRENT_OR_HISTORICAL_EXTERNAL_GAME_APPRAISAL_CONTEXT,False,97c429521267cfb70ccdd61e40e11853d100e360,ab5adbfee656d69d0b378145fd66bf5789e0d1b4
PROEYE:41145155,池　田,,,41145155,,0,,,NO_MATCH_IN_SCREENED_SOURCES,NONE_DETECTED,HISTORICAL_CALIBRATION_POPULATION,,0,,,False,CURRENT_OR_HISTORICAL_EXTERNAL_GAME_APPRAISAL_CONTEXT,False,97c429521267cfb70ccdd61e40e11853d100e360,ab5adbfee656d69d0b378145fd66bf5789e0d1b4
PROEYE:41243888,森　本,,,41243888,,0,,,NO_MATCH_IN_SCREENED_SOURCES,NONE_DETECTED,HISTORICAL_CALIBRATION_POPULATION,,0,,,False,CURRENT_OR_HISTORICAL_EXTERNAL_GAME_APPRAISAL_CONTEXT,False,97c429521267cfb70ccdd61e40e11853d100e360,ab5adbfee656d69d0b378145fd66bf5789e0d1b4
PROEYE:41245118,新　田,,,41245118,,0,,,NO_MATCH_IN_SCREENED_SOURCES,NONE_DETECTED,HISTORICAL_CALIBRATION_POPULATION,,0,,,False,CURRENT_OR_HISTORICAL_EXTERNAL_GAME_APPRAISAL_CONTEXT,False,97c429521267cfb70ccdd61e40e11853d100e360,ab5adbfee656d69d0b378145fd66bf5789e0d1b4
PROEYE:41245130,外　崎,,41245130,41245130,,0,40,NO_MLB_PROMOTION_FOUND,NO_MATCH_IN_SCREENED_MLB_AND_SHOW_CROSSWALKS,NONE_DETECTED,CURRENT100_MLB_PROMOTION_OR_APPEARANCE,,0,,,False,CURRENT_OR_HISTORICAL_EXTERNAL_GAME_APPRAISAL_CONTEXT,False,97c429521267cfb70ccdd61e40e11853d100e360,ab5adbfee656d69d0b378145fd66bf5789e0d1b4
PROEYE:41245132,戸　柱,,,41245132,,0,,,NO_MATCH_IN_SCREENED_SOURCES,NONE_DETECTED,HISTORICAL_CALIBRATION_POPULATION,,0,,,False,CURRENT_OR_HISTORICAL_EXTERNAL_GAME_APPRAISAL_CONTEXT,False,97c429521267cfb70ccdd61e40e11853d100e360,ab5adbfee656d69d0b378145fd66bf5789e0d1b4
PROEYE:41245133,西　田,,,41245133,,0,,,NO_MATCH_IN_SCREENED_SOURCES,NONE_DETECTED,HISTORICAL_CALIBRATION_POPULATION,,0,,,False,CURRENT_OR_HISTORICAL_EXTERNAL_GAME_APPRAISAL_CONTEXT,False,97c429521267cfb70ccdd61e40e11853d100e360,ab5adbfee656d69d0b378145fd66bf5789e0d1b4
PROEYE:41345118,大　田,,,41345118,,0,,,NO_MATCH_IN_SCREENED_SOURCES,NONE_DETECTED,HISTORICAL_CALIBRATION_POPULATION,,0,,,False,CURRENT_OR_HISTORICAL_EXTERNAL_GAME_APPRAISAL_CONTEXT,False,97c429521267cfb70ccdd61e40e11853d100e360,ab5adbfee656d69d0b378145fd66bf5789e0d1b4
PROEYE:41345130,遠　藤,,,41345130,,0,,,NO_MATCH_IN_SCREENED_SOURCES,NONE_DETECTED,HISTORICAL_CALIBRATION_POPULATION,,0,,,False,CURRENT_OR_HISTORICAL_EXTERNAL_GAME_APPRAISAL_CONTEXT,False,97c429521267cfb70ccdd61e40e11853d100e360,ab5adbfee656d69d0b378145fd66bf5789e0d1b4
PROEYE:41345133,榎　本,,,41345133,,0,,,NO_MATCH_IN_SCREENED_SOURCES,NONE_DETECTED,HISTORICAL_CALIBRATION_POPULATION,,0,,,False,CURRENT_OR_HISTORICAL_EXTERNAL_GAME_APPRAISAL_CONTEXT,False,97c429521267cfb70ccdd61e40e11853d100e360,ab5adbfee656d69d0b378145fd66bf5789e0d1b4
PROEYE:41345135,乙　坂,,,41345135,,0,,,NO_MATCH_IN_SCREENED_SOURCES,NONE_DETECTED,HISTORICAL_CALIBRATION_POPULATION,,0,,,False,CURRENT_OR_HISTORICAL_EXTERNAL_GAME_APPRAISAL_CONTEXT,False,97c429521267cfb70ccdd61e40e11853d100e360,ab5adbfee656d69d0b378145fd66bf5789e0d1b4
PROEYE:41345151,宇　草,,,41345151,,0,,,NO_MATCH_IN_SCREENED_SOURCES,NONE_DETECTED,HISTORICAL_CALIBRATION_POPULATION,,0,,,False,CURRENT_OR_HISTORICAL_EXTERNAL_GAME_APPRAISAL_CONTEXT,False,97c429521267cfb70ccdd61e40e11853d100e360,ab5adbfee656d69d0b378145fd66bf5789e0d1b4
PROEYE:41345153,入　江,,,41345153,,0,,,NO_MATCH_IN_SCREENED_SOURCES,NONE_DETECTED,HISTORICAL_CALIBRATION_POPULATION,,0,,,False,CURRENT_OR_HISTORICAL_EXTERNAL_GAME_APPRAISAL_CONTEXT,False,97c429521267cfb70ccdd61e40e11853d100e360,ab5adbfee656d69d0b378145fd66bf5789e0d1b4
PROEYE:41443880,相　川,,,41443880,,0,,,NO_MATCH_IN_SCREENED_SOURCES,NONE_DETECTED,HISTORICAL_CALIBRATION_POPULATION,,0,,,False,CURRENT_OR_HISTORICAL_EXTERNAL_GAME_APPRAISAL_CONTEXT,False,97c429521267cfb70ccdd61e40e11853d100e360,ab5adbfee656d69d0b378145fd66bf5789e0d1b4
PROEYE:41445112,本　多,,,41445112,,0,,,NO_MATCH_IN_SCREENED_SOURCES,NONE_DETECTED,HISTORICAL_CALIBRATION_POPULATION,,0,,,False,CURRENT_OR_HISTORICAL_EXTERNAL_GAME_APPRAISAL_CONTEXT,False,97c429521267cfb70ccdd61e40e11853d100e360,ab5adbfee656d69d0b378145fd66bf5789e0d1b4
PROEYE:41445114,原,,,41445114,,0,,,NO_MATCH_IN_SCREENED_SOURCES,NONE_DETECTED,HISTORICAL_CALIBRATION_POPULATION,,0,,,False,CURRENT_OR_HISTORICAL_EXTERNAL_GAME_APPRAISAL_CONTEXT,False,97c429521267cfb70ccdd61e40e11853d100e360,ab5adbfee656d69d0b378145fd66bf5789e0d1b4
PROEYE:41445135,土　生,,,41445135,,0,,,NO_MATCH_IN_SCREENED_SOURCES,NONE_DETECTED,HISTORICAL_CALIBRATION_POPULATION,,0,,,False,CURRENT_OR_HISTORICAL_EXTERNAL_GAME_APPRAISAL_CONTEXT,False,97c429521267cfb70ccdd61e40e11853d100e360,ab5adbfee656d69d0b378145fd66bf5789e0d1b4
PROEYE:41445153,中　野,,41445153,41445153,,0,92,NO_MLB_PROMOTION_FOUND,NO_MATCH_IN_SCREENED_MLB_AND_SHOW_CROSSWALKS,NONE_DETECTED,CURRENT100_MLB_PROMOTION_OR_APPEARANCE,,0,,,False,CURRENT_OR_HISTORICAL_EXTERNAL_GAME_APPRAISAL_CONTEXT,False,97c429521267cfb70ccdd61e40e11853d100e360,ab5adbfee656d69d0b378145fd66bf5789e0d1b4
PROEYE:41445155,中　山,,,41445155,,0,,,NO_MATCH_IN_SCREENED_SOURCES,NONE_DETECTED,HISTORICAL_CALIBRATION_POPULATION,,0,,,False,CURRENT_OR_HISTORICAL_EXTERNAL_GAME_APPRAISAL_CONTEXT,False,97c429521267cfb70ccdd61e40e11853d100e360,ab5adbfee656d69d0b378145fd66bf5789e0d1b4
PROEYE:41445159,仲　田,,,41445159,,0,,,NO_MATCH_IN_SCREENED_SOURCES,NONE_DETECTED,HISTORICAL_CALIBRATION_POPULATION,,0,,,False,CURRENT_OR_HISTORICAL_EXTERNAL_GAME_APPRAISAL_CONTEXT,False,97c429521267cfb70ccdd61e40e11853d100e360,ab5adbfee656d69d0b378145fd66bf5789e0d1b4
PROEYE:41545110,工　藤,,,41545110,,0,,,NO_MATCH_IN_SCREENED_SOURCES,NONE_DETECTED,HISTORICAL_CALIBRATION_POPULATION,,0,,,False,CURRENT_OR_HISTORICAL_EXTERNAL_GAME_APPRAISAL_CONTEXT,False,97c429521267cfb70ccdd61e40e11853d100e360,ab5adbfee656d69d0b378145fd66bf5789e0d1b4
PROEYE:41545114,角,,,41545114,,0,,,NO_MATCH_IN_SCREENED_SOURCES,NONE_DETECTED,HISTORICAL_CALIBRATION_POPULATION,,0,,,False,CURRENT_OR_HISTORICAL_EXTERNAL_GAME_APPRAISAL_CONTEXT,False,97c429521267cfb70ccdd61e40e11853d100e360,ab5adbfee656d69d0b378145fd66bf5789e0d1b4
PROEYE:41545119,小宮山,,,41545119,,0,,,NO_MATCH_IN_SCREENED_SOURCES,NONE_DETECTED,HISTORICAL_CALIBRATION_POPULATION,,0,,,False,CURRENT_OR_HISTORICAL_EXTERNAL_GAME_APPRAISAL_CONTEXT,False,97c429521267cfb70ccdd61e40e11853d100e360,ab5adbfee656d69d0b378145fd66bf5789e0d1b4
PROEYE:41545130,加　藤,,,41545130,,0,,,NO_MATCH_IN_SCREENED_SOURCES,NONE_DETECTED,HISTORICAL_CALIBRATION_POPULATION,,0,,,False,CURRENT_OR_HISTORICAL_EXTERNAL_GAME_APPRAISAL_CONTEXT,False,97c429521267cfb70ccdd61e40e11853d100e360,ab5adbfee656d69d0b378145fd66bf5789e0d1b4
PROEYE:41545135,川　端,,,41545135,,0,,,NO_MATCH_IN_SCREENED_SOURCES,NONE_DETECTED,HISTORICAL_CALIBRATION_POPULATION,,0,,,False,CURRENT_OR_HISTORICAL_EXTERNAL_GAME_APPRAISAL_CONTEXT,False,97c429521267cfb70ccdd61e40e11853d100e360,ab5adbfee656d69d0b378145fd66bf5789e0d1b4
PROEYE:41545136,清　宮,,41545136,41545136,,0,24,NO_MLB_PROMOTION_FOUND,NO_MATCH_IN_SCREENED_MLB_AND_SHOW_CROSSWALKS,NONE_DETECTED,CURRENT100_MLB_PROMOTION_OR_APPEARANCE,,0,,,False,CURRENT_OR_HISTORICAL_EXTERNAL_GAME_APPRAISAL_CONTEXT,False,97c429521267cfb70ccdd61e40e11853d100e360,ab5adbfee656d69d0b378145fd66bf5789e0d1b4
PROEYE:41545139,桂,,,41545139,,0,,,NO_MATCH_IN_SCREENED_SOURCES,NONE_DETECTED,HISTORICAL_CALIBRATION_POPULATION,,0,,,False,CURRENT_OR_HISTORICAL_EXTERNAL_GAME_APPRAISAL_CONTEXT,False,97c429521267cfb70ccdd61e40e11853d100e360,ab5adbfee656d69d0b378145fd66bf5789e0d1b4
PROEYE:41645112,森　山,,,41645112,,0,,,NO_MATCH_IN_SCREENED_SOURCES,NONE_DETECTED,HISTORICAL_CALIBRATION_POPULATION,,0,,,False,CURRENT_OR_HISTORICAL_EXTERNAL_GAME_APPRAISAL_CONTEXT,False,97c429521267cfb70ccdd61e40e11853d100e360,ab5adbfee656d69d0b378145fd66bf5789e0d1b4
PROEYE:41645133,宮　﨑,,,41645133,,0,,,NO_MATCH_IN_SCREENED_SOURCES,NONE_DETECTED,HISTORICAL_CALIBRATION_POPULATION,,0,,,False,CURRENT_OR_HISTORICAL_EXTERNAL_GAME_APPRAISAL_CONTEXT,False,97c429521267cfb70ccdd61e40e11853d100e360,ab5adbfee656d69d0b378145fd66bf5789e0d1b4
PROEYE:41645136,藤　岡,,41645136,41645136,,0,37,NO_MLB_PROMOTION_FOUND,NO_MATCH_IN_SCREENED_MLB_AND_SHOW_CROSSWALKS,NONE_DETECTED,CURRENT100_MLB_PROMOTION_OR_APPEARANCE,,0,,,False,CURRENT_OR_HISTORICAL_EXTERNAL_GAME_APPRAISAL_CONTEXT,False,97c429521267cfb70ccdd61e40e11853d100e360,ab5adbfee656d69d0b378145fd66bf5789e0d1b4
PROEYE:41645139,若　月,,41645139,41645139,,0,7,NO_MLB_PROMOTION_FOUND,NO_MATCH_IN_SCREENED_MLB_AND_SHOW_CROSSWALKS,NONE_DETECTED,CURRENT100_MLB_PROMOTION_OR_APPEARANCE,,0,,,False,CURRENT_OR_HISTORICAL_EXTERNAL_GAME_APPRAISAL_CONTEXT,False,97c429521267cfb70ccdd61e40e11853d100e360,ab5adbfee656d69d0b378145fd66bf5789e0d1b4
PROEYE:41743880,多　村,,,41743880,,0,,,NO_MATCH_IN_SCREENED_SOURCES,NONE_DETECTED,HISTORICAL_CALIBRATION_POPULATION,,0,,,False,CURRENT_OR_HISTORICAL_EXTERNAL_GAME_APPRAISAL_CONTEXT,False,97c429521267cfb70ccdd61e40e11853d100e360,ab5adbfee656d69d0b378145fd66bf5789e0d1b4
PROEYE:41743886,高　須,,,41743886,,0,,,NO_MATCH_IN_SCREENED_SOURCES,NONE_DETECTED,HISTORICAL_CALIBRATION_POPULATION,,0,,,False,CURRENT_OR_HISTORICAL_EXTERNAL_GAME_APPRAISAL_CONTEXT,False,97c429521267cfb70ccdd61e40e11853d100e360,ab5adbfee656d69d0b378145fd66bf5789e0d1b4
PROEYE:41745112,小　斉,,,41745112,,0,,,NO_MATCH_IN_SCREENED_SOURCES,NONE_DETECTED,HISTORICAL_CALIBRATION_POPULATION,,0,,,False,CURRENT_OR_HISTORICAL_EXTERNAL_GAME_APPRAISAL_CONTEXT,False,97c429521267cfb70ccdd61e40e11853d100e360,ab5adbfee656d69d0b378145fd66bf5789e0d1b4
PROEYE:41745114,木　村,,,41745114,,0,,,NO_MATCH_IN_SCREENED_SOURCES,NONE_DETECTED,HISTORICAL_CALIBRATION_POPULATION,,0,,,False,CURRENT_OR_HISTORICAL_EXTERNAL_GAME_APPRAISAL_CONTEXT,False,97c429521267cfb70ccdd61e40e11853d100e360,ab5adbfee656d69d0b378145fd66bf5789e0d1b4
PROEYE:41745119,白　濱,,,41745119,,0,,,NO_MATCH_IN_SCREENED_SOURCES,NONE_DETECTED,HISTORICAL_CALIBRATION_POPULATION,,0,,,False,CURRENT_OR_HISTORICAL_EXTERNAL_GAME_APPRAISAL_CONTEXT,False,97c429521267cfb70ccdd61e40e11853d100e360,ab5adbfee656d69d0b378145fd66bf5789e0d1b4
PROEYE:41745135,近　藤,,41745135,41745135,,0,85,NO_MLB_PROMOTION_FOUND,NO_MATCH_IN_SCREENED_MLB_AND_SHOW_CROSSWALKS,NONE_DETECTED,CURRENT100_MLB_PROMOTION_OR_APPEARANCE,,0,,,False,CURRENT_OR_HISTORICAL_EXTERNAL_GAME_APPRAISAL_CONTEXT,False,97c429521267cfb70ccdd61e40e11853d100e360,ab5adbfee656d69d0b378145fd66bf5789e0d1b4
PROEYE:41845132,村　林,,41845132,41845132,,0,62,NO_MLB_PROMOTION_FOUND,NO_MATCH_IN_SCREENED_MLB_AND_SHOW_CROSSWALKS,NONE_DETECTED,CURRENT100_MLB_PROMOTION_OR_APPEARANCE,,0,,,False,CURRENT_OR_HISTORICAL_EXTERNAL_GAME_APPRAISAL_CONTEXT,False,97c429521267cfb70ccdd61e40e11853d100e360,ab5adbfee656d69d0b378145fd66bf5789e0d1b4
PROEYE:41845136,村　上,,,41845136,,0,,,NO_MATCH_IN_SCREENED_SOURCES,NONE_DETECTED,HISTORICAL_CALIBRATION_POPULATION,,0,,,False,CURRENT_OR_HISTORICAL_EXTERNAL_GAME_APPRAISAL_CONTEXT,False,97c429521267cfb70ccdd61e40e11853d100e360,ab5adbfee656d69d0b378145fd66bf5789e0d1b4
PROEYE:41945114,清　水,,,41945114,,0,,,NO_MATCH_IN_SCREENED_SOURCES,NONE_DETECTED,HISTORICAL_CALIBRATION_POPULATION,,0,,,False,CURRENT_OR_HISTORICAL_EXTERNAL_GAME_APPRAISAL_CONTEXT,False,97c429521267cfb70ccdd61e40e11853d100e360,ab5adbfee656d69d0b378145fd66bf5789e0d1b4
PROEYE:41945131,筒　香,Yoshitomo Tsutsugo,41945131,41945131,660294,2,74,ELIGIBLE_MATCHED,MATCHED_ID_OR_HIGH_CONFIDENCE_NAME,NONE_DETECTED,MLB_TO_NPB+NPB_TO_MLB,"MLB_TO_NPB,NPB_TO_MLB",43,"2021,2022","21,22",True,CURRENT_OR_HISTORICAL_EXTERNAL_GAME_APPRAISAL_CONTEXT,False,97c429521267cfb70ccdd61e40e11853d100e360,ab5adbfee656d69d0b378145fd66bf5789e0d1b4
PROEYE:41945132,柴　田,,,41945132,,0,,,NO_MATCH_IN_SCREENED_SOURCES,NONE_DETECTED,HISTORICAL_CALIBRATION_POPULATION,,0,,,False,CURRENT_OR_HISTORICAL_EXTERNAL_GAME_APPRAISAL_CONTEXT,False,97c429521267cfb70ccdd61e40e11853d100e360,ab5adbfee656d69d0b378145fd66bf5789e0d1b4
PROEYE:41945135,白　根,,,41945135,,0,,,NO_MATCH_IN_SCREENED_SOURCES,NONE_DETECTED,HISTORICAL_CALIBRATION_POPULATION,,0,,,False,CURRENT_OR_HISTORICAL_EXTERNAL_GAME_APPRAISAL_CONTEXT,False,97c429521267cfb70ccdd61e40e11853d100e360,ab5adbfee656d69d0b378145fd66bf5789e0d1b4
PROEYE:41945136,菅　野,,,41945136,,0,,,NO_MATCH_IN_SCREENED_SOURCES,NONE_DETECTED,HISTORICAL_CALIBRATION_POPULATION,,0,,,False,CURRENT_OR_HISTORICAL_EXTERNAL_GAME_APPRAISAL_CONTEXT,False,97c429521267cfb70ccdd61e40e11853d100e360,ab5adbfee656d69d0b378145fd66bf5789e0d1b4
PROEYE:41945137,田　村,,,41945137,,0,,,NO_MATCH_IN_SCREENED_SOURCES,NONE_DETECTED,HISTORICAL_CALIBRATION_POPULATION,,0,,,False,CURRENT_OR_HISTORICAL_EXTERNAL_GAME_APPRAISAL_CONTEXT,False,97c429521267cfb70ccdd61e40e11853d100e360,ab5adbfee656d69d0b378145fd66bf5789e0d1b4
PROEYE:43145136,湯　浅,,,43145136,,0,,,NO_MATCH_IN_SCREENED_SOURCES,NONE_DETECTED,HISTORICAL_CALIBRATION_POPULATION,,0,,,False,CURRENT_OR_HISTORICAL_EXTERNAL_GAME_APPRAISAL_CONTEXT,False,97c429521267cfb70ccdd61e40e11853d100e360,ab5adbfee656d69d0b378145fd66bf5789e0d1b4
PROEYE:43145157,森　下,,43145157,43145157,,0,100,NO_MLB_PROMOTION_FOUND,NO_MATCH_IN_SCREENED_MLB_AND_SHOW_CROSSWALKS,NONE_DETECTED,CURRENT100_MLB_PROMOTION_OR_APPEARANCE,,0,,,False,CURRENT_OR_HISTORICAL_EXTERNAL_GAME_APPRAISAL_CONTEXT,False,97c429521267cfb70ccdd61e40e11853d100e360,ab5adbfee656d69d0b378145fd66bf5789e0d1b4
PROEYE:43345132,ギャレット,,,43345132,,0,,,NO_MATCH_IN_SCREENED_SOURCES,NONE_DETECTED,HISTORICAL_CALIBRATION_POPULATION,,0,,,False,CURRENT_OR_HISTORICAL_EXTERNAL_GAME_APPRAISAL_CONTEXT,False,97c429521267cfb70ccdd61e40e11853d100e360,ab5adbfee656d69d0b378145fd66bf5789e0d1b4
PROEYE:43345151,ゴンサレス,Luis Gonzalez,,43345151,670768,6,,,MLB_LOWER_BOUND_MATCH,NONE_DETECTED,MLB_TO_NPB_FOREIGN,,141,"2021,2022,2023,2024,2025","21,22,23,24,25",True,CURRENT_OR_HISTORICAL_EXTERNAL_GAME_APPRAISAL_CONTEXT,False,97c429521267cfb70ccdd61e40e11853d100e360,ab5adbfee656d69d0b378145fd66bf5789e0d1b4
PROEYE:43345155,安　田,,,43345155,,0,,,NO_MATCH_IN_SCREENED_SOURCES,NONE_DETECTED,HISTORICAL_CALIBRATION_POPULATION,,0,,,False,CURRENT_OR_HISTORICAL_EXTERNAL_GAME_APPRAISAL_CONTEXT,False,97c429521267cfb70ccdd61e40e11853d100e360,ab5adbfee656d69d0b378145fd66bf5789e0d1b4
PROEYE:43545153,ガーバー,Mike Gerber,,43545153,,0,,,MLB_LOWER_BOUND_MATCH,NONE_DETECTED,MLB_TO_NPB_FOREIGN,,0,,,True,CURRENT_OR_HISTORICAL_EXTERNAL_GAME_APPRAISAL_CONTEXT,False,97c429521267cfb70ccdd61e40e11853d100e360,ab5adbfee656d69d0b378145fd66bf5789e0d1b4
PROEYE:43545157,アキーノ,Aristides Aquino,,43545157,606157,2,,,MLB_LOWER_BOUND_MATCH,NONE_DETECTED,MLB_TO_NPB_FOREIGN,,43,"2021,2022","21,22",True,CURRENT_OR_HISTORICAL_EXTERNAL_GAME_APPRAISAL_CONTEXT,False,97c429521267cfb70ccdd61e40e11853d100e360,ab5adbfee656d69d0b378145fd66bf5789e0d1b4
PROEYE:43745150,ファビアン,,43745150,43745150,,0,44,NO_MLB_PROMOTION_FOUND,NO_MATCH_IN_SCREENED_MLB_AND_SHOW_CROSSWALKS,NONE_DETECTED,CURRENT100_MLB_PROMOTION_OR_APPEARANCE,,0,,,False,CURRENT_OR_HISTORICAL_EXTERNAL_GAME_APPRAISAL_CONTEXT,False,97c429521267cfb70ccdd61e40e11853d100e360,ab5adbfee656d69d0b378145fd66bf5789e0d1b4
PROEYE:43745155,オグレディ,Brian Ogrady,,43745155,657434,1,,,MLB_LOWER_BOUND_MATCH,NONE_DETECTED,MLB_TO_NPB_FOREIGN,,21,2021,21,True,CURRENT_OR_HISTORICAL_EXTERNAL_GAME_APPRAISAL_CONTEXT,False,97c429521267cfb70ccdd61e40e11853d100e360,ab5adbfee656d69d0b378145fd66bf5789e0d1b4
PROEYE:43945150,オリバレス,Edward Olivares,,43945150,658668,5,,,MLB_LOWER_BOUND_MATCH,NONE_DETECTED,MLB_TO_NPB_FOREIGN,,107,"2021,2022,2023,2024,2026","21,22,23,24,26",True,CURRENT_OR_HISTORICAL_EXTERNAL_GAME_APPRAISAL_CONTEXT,False,97c429521267cfb70ccdd61e40e11853d100e360,ab5adbfee656d69d0b378145fd66bf5789e0d1b4
PROEYE:51053880,宮　本,,,51053880,,0,,,NO_MATCH_IN_SCREENED_SOURCES,NONE_DETECTED,HISTORICAL_CALIBRATION_POPULATION,,0,,,False,CURRENT_OR_HISTORICAL_EXTERNAL_GAME_APPRAISAL_CONTEXT,False,97c429521267cfb70ccdd61e40e11853d100e360,ab5adbfee656d69d0b378145fd66bf5789e0d1b4
PROEYE:51053888,藤　井,,,51053888,,0,,,NO_MATCH_IN_SCREENED_SOURCES,NONE_DETECTED,HISTORICAL_CALIBRATION_POPULATION,,0,,,False,CURRENT_OR_HISTORICAL_EXTERNAL_GAME_APPRAISAL_CONTEXT,False,97c429521267cfb70ccdd61e40e11853d100e360,ab5adbfee656d69d0b378145fd66bf5789e0d1b4
PROEYE:51055116,谷,,,51055116,,0,,,NO_MATCH_IN_SCREENED_SOURCES,NONE_DETECTED,HISTORICAL_CALIBRATION_POPULATION,,0,,,False,CURRENT_OR_HISTORICAL_EXTERNAL_GAME_APPRAISAL_CONTEXT,False,97c429521267cfb70ccdd61e40e11853d100e360,ab5adbfee656d69d0b378145fd66bf5789e0d1b4
PROEYE:51055135,髙　城,,,51055135,,0,,,NO_MATCH_IN_SCREENED_SOURCES,NONE_DETECTED,HISTORICAL_CALIBRATION_POPULATION,,0,,,False,CURRENT_OR_HISTORICAL_EXTERNAL_GAME_APPRAISAL_CONTEXT,False,97c429521267cfb70ccdd61e40e11853d100e360,ab5adbfee656d69d0b378145fd66bf5789e0d1b4
PROEYE:51055138,田　宮,,51055138,51055138,,0,25,NO_MLB_PROMOTION_FOUND,NO_MATCH_IN_SCREENED_MLB_AND_SHOW_CROSSWALKS,NONE_DETECTED,CURRENT100_MLB_PROMOTION_OR_APPEARANCE,,0,,,False,CURRENT_OR_HISTORICAL_EXTERNAL_GAME_APPRAISAL_CONTEXT,False,97c429521267cfb70ccdd61e40e11853d100e360,ab5adbfee656d69d0b378145fd66bf5789e0d1b4
PROEYE:51055153,榮　枝,,,51055153,,0,,,NO_MATCH_IN_SCREENED_SOURCES,NONE_DETECTED,HISTORICAL_CALIBRATION_POPULATION,,0,,,False,CURRENT_OR_HISTORICAL_EXTERNAL_GAME_APPRAISAL_CONTEXT,False,97c429521267cfb70ccdd61e40e11853d100e360,ab5adbfee656d69d0b378145fd66bf5789e0d1b4
PROEYE:51055155,末　包,,,51055155,,0,,,NO_MATCH_IN_SCREENED_SOURCES,NONE_DETECTED,HISTORICAL_CALIBRATION_POPULATION,,0,,,False,CURRENT_OR_HISTORICAL_EXTERNAL_GAME_APPRAISAL_CONTEXT,False,97c429521267cfb70ccdd61e40e11853d100e360,ab5adbfee656d69d0b378145fd66bf5789e0d1b4
PROEYE:51153884,井　口,,,51153884,,0,,,NO_MATCH_IN_SCREENED_SOURCES,NONE_DETECTED,HISTORICAL_CALIBRATION_POPULATION,,0,,,False,CURRENT_OR_HISTORICAL_EXTERNAL_GAME_APPRAISAL_CONTEXT,False,97c429521267cfb70ccdd61e40e11853d100e360,ab5adbfee656d69d0b378145fd66bf5789e0d1b4
PROEYE:51153888,赤　田,,,51153888,,0,,,NO_MATCH_IN_SCREENED_SOURCES,NONE_DETECTED,HISTORICAL_CALIBRATION_POPULATION,,0,,,False,CURRENT_OR_HISTORICAL_EXTERNAL_GAME_APPRAISAL_CONTEXT,False,97c429521267cfb70ccdd61e40e11853d100e360,ab5adbfee656d69d0b378145fd66bf5789e0d1b4
PROEYE:51155110,赤　松,,,51155110,,0,,,NO_MATCH_IN_SCREENED_SOURCES,NONE_DETECTED,HISTORICAL_CALIBRATION_POPULATION,,0,,,False,CURRENT_OR_HISTORICAL_EXTERNAL_GAME_APPRAISAL_CONTEXT,False,97c429521267cfb70ccdd61e40e11853d100e360,ab5adbfee656d69d0b378145fd66bf5789e0d1b4
PROEYE:51155115,浅　井,,,51155115,,0,,,NO_MATCH_IN_SCREENED_SOURCES,NONE_DETECTED,HISTORICAL_CALIBRATION_POPULATION,,0,,,False,CURRENT_OR_HISTORICAL_EXTERNAL_GAME_APPRAISAL_CONTEXT,False,97c429521267cfb70ccdd61e40e11853d100e360,ab5adbfee656d69d0b378145fd66bf5789e0d1b4
PROEYE:51155116,浅　沼,,,51155116,,0,,,NO_MATCH_IN_SCREENED_SOURCES,NONE_DETECTED,HISTORICAL_CALIBRATION_POPULATION,,0,,,False,CURRENT_OR_HISTORICAL_EXTERNAL_GAME_APPRAISAL_CONTEXT,False,97c429521267cfb70ccdd61e40e11853d100e360,ab5adbfee656d69d0b378145fd66bf5789e0d1b4
PROEYE:51155118,浅　村,,51155118,51155118,,0,63,NO_MLB_PROMOTION_FOUND,NO_MATCH_IN_SCREENED_MLB_AND_SHOW_CROSSWALKS,NONE_DETECTED,CURRENT100_MLB_PROMOTION_OR_APPEARANCE,,0,,,False,CURRENT_OR_HISTORICAL_EXTERNAL_GAME_APPRAISAL_CONTEXT,False,97c429521267cfb70ccdd61e40e11853d100e360,ab5adbfee656d69d0b378145fd66bf5789e0d1b4
PROEYE:51155119,明　石,,,51155119,,0,,,NO_MATCH_IN_SCREENED_SOURCES,NONE_DETECTED,HISTORICAL_CALIBRATION_POPULATION,,0,,,False,CURRENT_OR_HISTORICAL_EXTERNAL_GAME_APPRAISAL_CONTEXT,False,97c429521267cfb70ccdd61e40e11853d100e360,ab5adbfee656d69d0b378145fd66bf5789e0d1b4
PROEYE:51155151,東　妻,,,51155151,,0,,,NO_MATCH_IN_SCREENED_SOURCES,NONE_DETECTED,HISTORICAL_CALIBRATION_POPULATION,,0,,,False,CURRENT_OR_HISTORICAL_EXTERNAL_GAME_APPRAISAL_CONTEXT,False,97c429521267cfb70ccdd61e40e11853d100e360,ab5adbfee656d69d0b378145fd66bf5789e0d1b4
PROEYE:51155153,赤　羽,,,51155153,,0,,,NO_MATCH_IN_SCREENED_SOURCES,NONE_DETECTED,HISTORICAL_CALIBRATION_POPULATION,,0,,,False,CURRENT_OR_HISTORICAL_EXTERNAL_GAME_APPRAISAL_CONTEXT,False,97c429521267cfb70ccdd61e40e11853d100e360,ab5adbfee656d69d0b378145fd66bf5789e0d1b4
PROEYE:51255114,寺　内,,,51255114,,0,,,NO_MATCH_IN_SCREENED_SOURCES,NONE_DETECTED,HISTORICAL_CALIBRATION_POPULATION,,0,,,False,CURRENT_OR_HISTORICAL_EXTERNAL_GAME_APPRAISAL_CONTEXT,False,97c429521267cfb70ccdd61e40e11853d100e360,ab5adbfee656d69d0b378145fd66bf5789e0d1b4
PROEYE:51255118,中　村,,51255118,51255118,,0,55,NO_MLB_PROMOTION_FOUND,NO_MATCH_IN_SCREENED_MLB_AND_SHOW_CROSSWALKS,NONE_DETECTED,CURRENT100_MLB_PROMOTION_OR_APPEARANCE,,0,,,False,CURRENT_OR_HISTORICAL_EXTERNAL_GAME_APPRAISAL_CONTEXT,False,97c429521267cfb70ccdd61e40e11853d100e360,ab5adbfee656d69d0b378145fd66bf5789e0d1b4
PROEYE:51255133,中　谷,,,51255133,,0,,,NO_MATCH_IN_SCREENED_SOURCES,NONE_DETECTED,HISTORICAL_CALIBRATION_POPULATION,,0,,,False,CURRENT_OR_HISTORICAL_EXTERNAL_GAME_APPRAISAL_CONTEXT,False,97c429521267cfb70ccdd61e40e11853d100e360,ab5adbfee656d69d0b378145fd66bf5789e0d1b4
PROEYE:51255137,真　砂,,,51255137,,0,,,NO_MATCH_IN_SCREENED_SOURCES,NONE_DETECTED,HISTORICAL_CALIBRATION_POPULATION,,0,,,False,CURRENT_OR_HISTORICAL_EXTERNAL_GAME_APPRAISAL_CONTEXT,False,97c429521267cfb70ccdd61e40e11853d100e360,ab5adbfee656d69d0b378145fd66bf5789e0d1b4
PROEYE:51255138,中川 圭太,,51255138,51255138,,0,1,NO_MLB_PROMOTION_FOUND,NO_MATCH_IN_SCREENED_MLB_AND_SHOW_CROSSWALKS,NONE_DETECTED,CURRENT100_MLB_PROMOTION_OR_APPEARANCE,,0,,,False,CURRENT_OR_HISTORICAL_EXTERNAL_GAME_APPRAISAL_CONTEXT,False,97c429521267cfb70ccdd61e40e11853d100e360,ab5adbfee656d69d0b378145fd66bf5789e0d1b4
PROEYE:51255155,滝　澤,,51255155,51255155,,0,42,NO_MLB_PROMOTION_FOUND,NO_MATCH_IN_SCREENED_MLB_AND_SHOW_CROSSWALKS,NONE_DETECTED,CURRENT100_MLB_PROMOTION_OR_APPEARANCE,,0,,,False,CURRENT_OR_HISTORICAL_EXTERNAL_GAME_APPRAISAL_CONTEXT,False,97c429521267cfb70ccdd61e40e11853d100e360,ab5adbfee656d69d0b378145fd66bf5789e0d1b4
PROEYE:51355115,石　原,,,51355115,,0,,,NO_MATCH_IN_SCREENED_SOURCES,NONE_DETECTED,HISTORICAL_CALIBRATION_POPULATION,,0,,,False,CURRENT_OR_HISTORICAL_EXTERNAL_GAME_APPRAISAL_CONTEXT,False,97c429521267cfb70ccdd61e40e11853d100e360,ab5adbfee656d69d0b378145fd66bf5789e0d1b4
PROEYE:51355132,石　岡,,,51355132,,0,,,NO_MATCH_IN_SCREENED_SOURCES,NONE_DETECTED,HISTORICAL_CALIBRATION_POPULATION,,0,,,False,CURRENT_OR_HISTORICAL_EXTERNAL_GAME_APPRAISAL_CONTEXT,False,97c429521267cfb70ccdd61e40e11853d100e360,ab5adbfee656d69d0b378145fd66bf5789e0d1b4
PROEYE:51355136,岩　見,,,51355136,,0,,,NO_MATCH_IN_SCREENED_SOURCES,NONE_DETECTED,HISTORICAL_CALIBRATION_POPULATION,,0,,,False,CURRENT_OR_HISTORICAL_EXTERNAL_GAME_APPRAISAL_CONTEXT,False,97c429521267cfb70ccdd61e40e11853d100e360,ab5adbfee656d69d0b378145fd66bf5789e0d1b4
PROEYE:51355155,岩　田,,51355155,51355155,,0,59,NO_MLB_PROMOTION_FOUND,NO_MATCH_IN_SCREENED_MLB_AND_SHOW_CROSSWALKS,NONE_DETECTED,CURRENT100_MLB_PROMOTION_OR_APPEARANCE,,0,,,False,CURRENT_OR_HISTORICAL_EXTERNAL_GAME_APPRAISAL_CONTEXT,False,97c429521267cfb70ccdd61e40e11853d100e360,ab5adbfee656d69d0b378145fd66bf5789e0d1b4
PROEYE:51355157,内　田,,,51355157,,0,,,NO_MATCH_IN_SCREENED_SOURCES,NONE_DETECTED,HISTORICAL_CALIBRATION_POPULATION,,0,,,False,CURRENT_OR_HISTORICAL_EXTERNAL_GAME_APPRAISAL_CONTEXT,False,97c429521267cfb70ccdd61e40e11853d100e360,ab5adbfee656d69d0b378145fd66bf5789e0d1b4
PROEYE:51453888,山　﨑,,,51453888,,0,,,NO_MATCH_IN_SCREENED_SOURCES,NONE_DETECTED,HISTORICAL_CALIBRATION_POPULATION,,0,,,False,CURRENT_OR_HISTORICAL_EXTERNAL_GAME_APPRAISAL_CONTEXT,False,97c429521267cfb70ccdd61e40e11853d100e360,ab5adbfee656d69d0b378145fd66bf5789e0d1b4
PROEYE:51455112,藤　井,,,51455112,,0,,,NO_MATCH_IN_SCREENED_SOURCES,NONE_DETECTED,HISTORICAL_CALIBRATION_POPULATION,,0,,,False,CURRENT_OR_HISTORICAL_EXTERNAL_GAME_APPRAISAL_CONTEXT,False,97c429521267cfb70ccdd61e40e11853d100e360,ab5adbfee656d69d0b378145fd66bf5789e0d1b4
PROEYE:51455117,早　坂,,,51455117,,0,,,NO_MATCH_IN_SCREENED_SOURCES,NONE_DETECTED,HISTORICAL_CALIBRATION_POPULATION,,0,,,False,CURRENT_OR_HISTORICAL_EXTERNAL_GAME_APPRAISAL_CONTEXT,False,97c429521267cfb70ccdd61e40e11853d100e360,ab5adbfee656d69d0b378145fd66bf5789e0d1b4
PROEYE:51455118,橋　本,,,51455118,,0,,,NO_MATCH_IN_SCREENED_SOURCES,NONE_DETECTED,HISTORICAL_CALIBRATION_POPULATION,,0,,,False,CURRENT_OR_HISTORICAL_EXTERNAL_GAME_APPRAISAL_CONTEXT,False,97c429521267cfb70ccdd61e40e11853d100e360,ab5adbfee656d69d0b378145fd66bf5789e0d1b4
PROEYE:51455130,中　村,,,51455130,,0,,,NO_MATCH_IN_SCREENED_SOURCES,NONE_DETECTED,HISTORICAL_CALIBRATION_POPULATION,,0,,,False,CURRENT_OR_HISTORICAL_EXTERNAL_GAME_APPRAISAL_CONTEXT,False,97c429521267cfb70ccdd61e40e11853d100e360,ab5adbfee656d69d0b378145fd66bf5789e0d1b4
PROEYE:51455131,松井雅,,,51455131,,0,,,NO_MATCH_IN_SCREENED_SOURCES,NONE_DETECTED,HISTORICAL_CALIBRATION_POPULATION,,0,,,False,CURRENT_OR_HISTORICAL_EXTERNAL_GAME_APPRAISAL_CONTEXT,False,97c429521267cfb70ccdd61e40e11853d100e360,ab5adbfee656d69d0b378145fd66bf5789e0d1b4
PROEYE:51455136,西　川,,,51455136,,0,,,NO_MATCH_IN_SCREENED_SOURCES,NONE_DETECTED,HISTORICAL_CALIBRATION_POPULATION,,0,,,False,CURRENT_OR_HISTORICAL_EXTERNAL_GAME_APPRAISAL_CONTEXT,False,97c429521267cfb70ccdd61e40e11853d100e360,ab5adbfee656d69d0b378145fd66bf5789e0d1b4
PROEYE:51455137,宮　﨑,,51455137,51455137,,0,68,NO_MLB_PROMOTION_FOUND,NO_MATCH_IN_SCREENED_MLB_AND_SHOW_CROSSWALKS,NONE_DETECTED,CURRENT100_MLB_PROMOTION_OR_APPEARANCE,,0,,,False,CURRENT_OR_HISTORICAL_EXTERNAL_GAME_APPRAISAL_CONTEXT,False,97c429521267cfb70ccdd61e40e11853d100e360,ab5adbfee656d69d0b378145fd66bf5789e0d1b4
PROEYE:51455139,三　木,,,51455139,,0,,,NO_MATCH_IN_SCREENED_SOURCES,NONE_DETECTED,HISTORICAL_CALIBRATION_POPULATION,,0,,,False,CURRENT_OR_HISTORICAL_EXTERNAL_GAME_APPRAISAL_CONTEXT,False,97c429521267cfb70ccdd61e40e11853d100e360,ab5adbfee656d69d0b378145fd66bf5789e0d1b4
PROEYE:51455151,長　岡,,51455151,51455151,,0,60,NO_MLB_PROMOTION_FOUND,NO_MATCH_IN_SCREENED_MLB_AND_SHOW_CROSSWALKS,NONE_DETECTED,CURRENT100_MLB_PROMOTION_OR_APPEARANCE,,0,,,False,CURRENT_OR_HISTORICAL_EXTERNAL_GAME_APPRAISAL_CONTEXT,False,97c429521267cfb70ccdd61e40e11853d100e360,ab5adbfee656d69d0b378145fd66bf5789e0d1b4
PROEYE:51455153,土田 龍空,,51455153,51455153,,0,11,NO_MLB_PROMOTION_FOUND,NO_MATCH_IN_SCREENED_MLB_AND_SHOW_CROSSWALKS,NONE_DETECTED,CURRENT100_MLB_PROMOTION_OR_APPEARANCE,,0,,,False,CURRENT_OR_HISTORICAL_EXTERNAL_GAME_APPRAISAL_CONTEXT,False,97c429521267cfb70ccdd61e40e11853d100e360,ab5adbfee656d69d0b378145fd66bf5789e0d1b4
PROEYE:51455159,寺　地,,,51455159,,0,,,NO_MATCH_IN_SCREENED_SOURCES,NONE_DETECTED,HISTORICAL_CALIBRATION_POPULATION,,0,,,False,CURRENT_OR_HISTORICAL_EXTERNAL_GAME_APPRAISAL_CONTEXT,False,97c429521267cfb70ccdd61e40e11853d100e360,ab5adbfee656d69d0b378145fd66bf5789e0d1b4
PROEYE:51555135,釜　元,,,51555135,,0,,,NO_MATCH_IN_SCREENED_SOURCES,NONE_DETECTED,HISTORICAL_CALIBRATION_POPULATION,,0,,,False,CURRENT_OR_HISTORICAL_EXTERNAL_GAME_APPRAISAL_CONTEXT,False,97c429521267cfb70ccdd61e40e11853d100e360,ab5adbfee656d69d0b378145fd66bf5789e0d1b4
PROEYE:51555151,蝦　名,,51555151,51555151,,0,75,NO_MLB_PROMOTION_FOUND,NO_MATCH_IN_SCREENED_MLB_AND_SHOW_CROSSWALKS,NONE_DETECTED,CURRENT100_MLB_PROMOTION_OR_APPEARANCE,,0,,,False,CURRENT_OR_HISTORICAL_EXTERNAL_GAME_APPRAISAL_CONTEXT,False,97c429521267cfb70ccdd61e40e11853d100e360,ab5adbfee656d69d0b378145fd66bf5789e0d1b4
PROEYE:51555155,梶　原,,51555155,51555155,,0,72,NO_MLB_PROMOTION_FOUND,NO_MATCH_IN_SCREENED_MLB_AND_SHOW_CROSSWALKS,NONE_DETECTED,CURRENT100_MLB_PROMOTION_OR_APPEARANCE,,0,,,False,CURRENT_OR_HISTORICAL_EXTERNAL_GAME_APPRAISAL_CONTEXT,False,97c429521267cfb70ccdd61e40e11853d100e360,ab5adbfee656d69d0b378145fd66bf5789e0d1b4
PROEYE:51555159,奥　村,,,51555159,,0,,,NO_MATCH_IN_SCREENED_SOURCES,NONE_DETECTED,HISTORICAL_CALIBRATION_POPULATION,,0,,,False,CURRENT_OR_HISTORICAL_EXTERNAL_GAME_APPRAISAL_CONTEXT,False,97c429521267cfb70ccdd61e40e11853d100e360,ab5adbfee656d69d0b378145fd66bf5789e0d1b4
PROEYE:51655112,松　田,,,51655112,,0,,,NO_MATCH_IN_SCREENED_SOURCES,NONE_DETECTED,HISTORICAL_CALIBRATION_POPULATION,,0,,,False,CURRENT_OR_HISTORICAL_EXTERNAL_GAME_APPRAISAL_CONTEXT,False,97c429521267cfb70ccdd61e40e11853d100e360,ab5adbfee656d69d0b378145fd66bf5789e0d1b4
PROEYE:51655117,矢　野,,,51655117,,0,,,NO_MATCH_IN_SCREENED_SOURCES,NONE_DETECTED,HISTORICAL_CALIBRATION_POPULATION,,0,,,False,CURRENT_OR_HISTORICAL_EXTERNAL_GAME_APPRAISAL_CONTEXT,False,97c429521267cfb70ccdd61e40e11853d100e360,ab5adbfee656d69d0b378145fd66bf5789e0d1b4
PROEYE:51655118,松　本,,,51655118,,0,,,NO_MATCH_IN_SCREENED_SOURCES,NONE_DETECTED,HISTORICAL_CALIBRATION_POPULATION,,0,,,False,CURRENT_OR_HISTORICAL_EXTERNAL_GAME_APPRAISAL_CONTEXT,False,97c429521267cfb70ccdd61e40e11853d100e360,ab5adbfee656d69d0b378145fd66bf5789e0d1b4
PROEYE:51655133,三ツ俣,,,51655133,,0,,,NO_MATCH_IN_SCREENED_SOURCES,NONE_DETECTED,HISTORICAL_CALIBRATION_POPULATION,,0,,,False,CURRENT_OR_HISTORICAL_EXTERNAL_GAME_APPRAISAL_CONTEXT,False,97c429521267cfb70ccdd61e40e11853d100e360,ab5adbfee656d69d0b378145fd66bf5789e0d1b4
PROEYE:51655136,廣　澤,,,51655136,,0,,,NO_MATCH_IN_SCREENED_SOURCES,NONE_DETECTED,HISTORICAL_CALIBRATION_POPULATION,,0,,,False,CURRENT_OR_HISTORICAL_EXTERNAL_GAME_APPRAISAL_CONTEXT,False,97c429521267cfb70ccdd61e40e11853d100e360,ab5adbfee656d69d0b378145fd66bf5789e0d1b4
PROEYE:51655151,福田光,,,51655151,,0,,,NO_MATCH_IN_SCREENED_SOURCES,NONE_DETECTED,HISTORICAL_CALIBRATION_POPULATION,,0,,,False,CURRENT_OR_HISTORICAL_EXTERNAL_GAME_APPRAISAL_CONTEXT,False,97c429521267cfb70ccdd61e40e11853d100e360,ab5adbfee656d69d0b378145fd66bf5789e0d1b4
PROEYE:51655153,中　山,,,51655153,,0,,,NO_MATCH_IN_SCREENED_SOURCES,NONE_DETECTED,HISTORICAL_CALIBRATION_POPULATION,,0,,,False,CURRENT_OR_HISTORICAL_EXTERNAL_GAME_APPRAISAL_CONTEXT,False,97c429521267cfb70ccdd61e40e11853d100e360,ab5adbfee656d69d0b378145fd66bf5789e0d1b4
PROEYE:51753888,實　松,,,51753888,,0,,,NO_MATCH_IN_SCREENED_SOURCES,NONE_DETECTED,HISTORICAL_CALIBRATION_POPULATION,,0,,,False,CURRENT_OR_HISTORICAL_EXTERNAL_GAME_APPRAISAL_CONTEXT,False,97c429521267cfb70ccdd61e40e11853d100e360,ab5adbfee656d69d0b378145fd66bf5789e0d1b4
PROEYE:51755115,栗　山,,,51755115,,0,,,NO_MATCH_IN_SCREENED_SOURCES,NONE_DETECTED,HISTORICAL_CALIBRATION_POPULATION,,0,,,False,CURRENT_OR_HISTORICAL_EXTERNAL_GAME_APPRAISAL_CONTEXT,False,97c429521267cfb70ccdd61e40e11853d100e360,ab5adbfee656d69d0b378145fd66bf5789e0d1b4
PROEYE:51755116,小　窪,,,51755116,,0,,,NO_MATCH_IN_SCREENED_SOURCES,NONE_DETECTED,HISTORICAL_CALIBRATION_POPULATION,,0,,,False,CURRENT_OR_HISTORICAL_EXTERNAL_GAME_APPRAISAL_CONTEXT,False,97c429521267cfb70ccdd61e40e11853d100e360,ab5adbfee656d69d0b378145fd66bf5789e0d1b4
PROEYE:51755135,桑　原,,,51755135,,0,,,NO_MATCH_IN_SCREENED_SOURCES,NONE_DETECTED,HISTORICAL_CALIBRATION_POPULATION,,0,,,False,CURRENT_OR_HISTORICAL_EXTERNAL_GAME_APPRAISAL_CONTEXT,False,97c429521267cfb70ccdd61e40e11853d100e360,ab5adbfee656d69d0b378145fd66bf5789e0d1b4
PROEYE:51755138,宜　保,,,51755138,,0,,,NO_MATCH_IN_SCREENED_SOURCES,NONE_DETECTED,HISTORICAL_CALIBRATION_POPULATION,,0,,,False,CURRENT_OR_HISTORICAL_EXTERNAL_GAME_APPRAISAL_CONTEXT,False,97c429521267cfb70ccdd61e40e11853d100e360,ab5adbfee656d69d0b378145fd66bf5789e0d1b4
PROEYE:51755157,児　玉,,,51755157,,0,,,NO_MATCH_IN_SCREENED_SOURCES,NONE_DETECTED,HISTORICAL_CALIBRATION_POPULATION,,0,,,False,CURRENT_OR_HISTORICAL_EXTERNAL_GAME_APPRAISAL_CONTEXT,False,97c429521267cfb70ccdd61e40e11853d100e360,ab5adbfee656d69d0b378145fd66bf5789e0d1b4
PROEYE:51855132,増田大,,,51855132,,0,,,NO_MATCH_IN_SCREENED_SOURCES,NONE_DETECTED,HISTORICAL_CALIBRATION_POPULATION,,0,,,False,CURRENT_OR_HISTORICAL_EXTERNAL_GAME_APPRAISAL_CONTEXT,False,97c429521267cfb70ccdd61e40e11853d100e360,ab5adbfee656d69d0b378145fd66bf5789e0d1b4
PROEYE:51855136,松　本,,,51855136,,0,,,NO_MATCH_IN_SCREENED_SOURCES,NONE_DETECTED,HISTORICAL_CALIBRATION_POPULATION,,0,,,False,CURRENT_OR_HISTORICAL_EXTERNAL_GAME_APPRAISAL_CONTEXT,False,97c429521267cfb70ccdd61e40e11853d100e360,ab5adbfee656d69d0b378145fd66bf5789e0d1b4
PROEYE:51953886,高橋由,,,51953886,,0,,,NO_MATCH_IN_SCREENED_SOURCES,NONE_DETECTED,HISTORICAL_CALIBRATION_POPULATION,,0,,,False,CURRENT_OR_HISTORICAL_EXTERNAL_GAME_APPRAISAL_CONTEXT,False,97c429521267cfb70ccdd61e40e11853d100e360,ab5adbfee656d69d0b378145fd66bf5789e0d1b4
PROEYE:51955114,坂　本,,,51955114,,0,,,NO_MATCH_IN_SCREENED_SOURCES,NONE_DETECTED,HISTORICAL_CALIBRATION_POPULATION,,0,,,False,CURRENT_OR_HISTORICAL_EXTERNAL_GAME_APPRAISAL_CONTEXT,False,97c429521267cfb70ccdd61e40e11853d100e360,ab5adbfee656d69d0b378145fd66bf5789e0d1b4
PROEYE:51955131,田　上,,,51955131,,0,,,NO_MATCH_IN_SCREENED_SOURCES,NONE_DETECTED,HISTORICAL_CALIBRATION_POPULATION,,0,,,False,CURRENT_OR_HISTORICAL_EXTERNAL_GAME_APPRAISAL_CONTEXT,False,97c429521267cfb70ccdd61e40e11853d100e360,ab5adbfee656d69d0b378145fd66bf5789e0d1b4
PROEYE:51955137,髙橋大,,,51955137,,0,,,NO_MATCH_IN_SCREENED_SOURCES,NONE_DETECTED,HISTORICAL_CALIBRATION_POPULATION,,0,,,False,CURRENT_OR_HISTORICAL_EXTERNAL_GAME_APPRAISAL_CONTEXT,False,97c429521267cfb70ccdd61e40e11853d100e360,ab5adbfee656d69d0b378145fd66bf5789e0d1b4
PROEYE:51955139,曽　根,,,51955139,,0,,,NO_MATCH_IN_SCREENED_SOURCES,NONE_DETECTED,HISTORICAL_CALIBRATION_POPULATION,,0,,,False,CURRENT_OR_HISTORICAL_EXTERNAL_GAME_APPRAISAL_CONTEXT,False,97c429521267cfb70ccdd61e40e11853d100e360,ab5adbfee656d69d0b378145fd66bf5789e0d1b4
PROEYE:51955151,岸,,,51955151,,0,,,NO_MATCH_IN_SCREENED_SOURCES,NONE_DETECTED,HISTORICAL_CALIBRATION_POPULATION,,0,,,False,CURRENT_OR_HISTORICAL_EXTERNAL_GAME_APPRAISAL_CONTEXT,False,97c429521267cfb70ccdd61e40e11853d100e360,ab5adbfee656d69d0b378145fd66bf5789e0d1b4
PROEYE:51955153,来　田,,51955153,51955153,,0,4,NO_MLB_PROMOTION_FOUND,NO_MATCH_IN_SCREENED_MLB_AND_SHOW_CROSSWALKS,NONE_DETECTED,CURRENT100_MLB_PROMOTION_OR_APPEARANCE,,0,,,False,CURRENT_OR_HISTORICAL_EXTERNAL_GAME_APPRAISAL_CONTEXT,False,97c429521267cfb70ccdd61e40e11853d100e360,ab5adbfee656d69d0b378145fd66bf5789e0d1b4
PROEYE:51955157,澤　井,,,51955157,,0,,,NO_MATCH_IN_SCREENED_SOURCES,NONE_DETECTED,HISTORICAL_CALIBRATION_POPULATION,,0,,,False,CURRENT_OR_HISTORICAL_EXTERNAL_GAME_APPRAISAL_CONTEXT,False,97c429521267cfb70ccdd61e40e11853d100e360,ab5adbfee656d69d0b378145fd66bf5789e0d1b4
PROEYE:51955159,佐々木,,51955159,51955159,,0,87,NO_MLB_PROMOTION_FOUND,NO_MATCH_IN_SCREENED_MLB_AND_SHOW_CROSSWALKS,NONE_DETECTED,CURRENT100_MLB_PROMOTION_OR_APPEARANCE,,0,,,False,CURRENT_OR_HISTORICAL_EXTERNAL_GAME_APPRAISAL_CONTEXT,False,97c429521267cfb70ccdd61e40e11853d100e360,ab5adbfee656d69d0b378145fd66bf5789e0d1b4
PROEYE:53055155,ヌニエス,Renato Nunez,,53055155,600524,1,,,MLB_LOWER_BOUND_MATCH,NONE_DETECTED,MLB_TO_NPB_FOREIGN,,21,2021,21,True,CURRENT_OR_HISTORICAL_EXTERNAL_GAME_APPRAISAL_CONTEXT,False,97c429521267cfb70ccdd61e40e11853d100e360,ab5adbfee656d69d0b378145fd66bf5789e0d1b4
PROEYE:53055157,マキノン,David Mackinnon,,53055157,676950,1,,,MLB_LOWER_BOUND_MATCH,NONE_DETECTED,MLB_TO_NPB_FOREIGN,,22,2022,22,True,CURRENT_OR_HISTORICAL_EXTERNAL_GAME_APPRAISAL_CONTEXT,False,97c429521267cfb70ccdd61e40e11853d100e360,ab5adbfee656d69d0b378145fd66bf5789e0d1b4
PROEYE:53155155,松　川,,,53155155,,0,,,NO_MATCH_IN_SCREENED_SOURCES,NONE_DETECTED,HISTORICAL_CALIBRATION_POPULATION,,0,,,False,CURRENT_OR_HISTORICAL_EXTERNAL_GAME_APPRAISAL_CONTEXT,False,97c429521267cfb70ccdd61e40e11853d100e360,ab5adbfee656d69d0b378145fd66bf5789e0d1b4
PROEYE:53255155,マルモレホス,Jose Marmolejos,,53255155,592530,1,,,MLB_LOWER_BOUND_MATCH,NONE_DETECTED,MLB_TO_NPB_FOREIGN,,21,2021,21,True,CURRENT_OR_HISTORICAL_EXTERNAL_GAME_APPRAISAL_CONTEXT,False,97c429521267cfb70ccdd61e40e11853d100e360,ab5adbfee656d69d0b378145fd66bf5789e0d1b4
PROEYE:53555153,若　林,,,53555153,,0,,,NO_MATCH_IN_SCREENED_SOURCES,NONE_DETECTED,HISTORICAL_CALIBRATION_POPULATION,,0,,,False,CURRENT_OR_HISTORICAL_EXTERNAL_GAME_APPRAISAL_CONTEXT,False,97c429521267cfb70ccdd61e40e11853d100e360,ab5adbfee656d69d0b378145fd66bf5789e0d1b4
PROEYE:53555159,アギラー,Jesus Aguilar,,53555159,542583,3,,,MLB_LOWER_BOUND_MATCH,NONE_DETECTED,MLB_TO_NPB_FOREIGN,,69,"2021,2022,2023","21,22,23",True,CURRENT_OR_HISTORICAL_EXTERNAL_GAME_APPRAISAL_CONTEXT,False,97c429521267cfb70ccdd61e40e11853d100e360,ab5adbfee656d69d0b378145fd66bf5789e0d1b4
PROEYE:53755136,モヤ,Steven Moya,,53755136,,0,,,MLB_LOWER_BOUND_MATCH,NONE_DETECTED,MLB_TO_NPB_FOREIGN,,0,,,True,CURRENT_OR_HISTORICAL_EXTERNAL_GAME_APPRAISAL_CONTEXT,False,97c429521267cfb70ccdd61e40e11853d100e360,ab5adbfee656d69d0b378145fd66bf5789e0d1b4
PROEYE:53755151,パーラ,Gerardo Parra,,53755151,467827,2,,,MLB_LOWER_BOUND_MATCH,NONE_DETECTED,MLB_TO_NPB_FOREIGN,,43,"2021,2022","21,22",True,CURRENT_OR_HISTORICAL_EXTERNAL_GAME_APPRAISAL_CONTEXT,False,97c429521267cfb70ccdd61e40e11853d100e360,ab5adbfee656d69d0b378145fd66bf5789e0d1b4
PROEYE:53755153,サンタナ,,53755153,53755153,,0,53,NO_MLB_PROMOTION_FOUND,NO_MATCH_IN_SCREENED_MLB_AND_SHOW_CROSSWALKS,NONE_DETECTED,CURRENT100_MLB_PROMOTION_OR_APPEARANCE,,0,,,False,CURRENT_OR_HISTORICAL_EXTERNAL_GAME_APPRAISAL_CONTEXT,False,97c429521267cfb70ccdd61e40e11853d100e360,ab5adbfee656d69d0b378145fd66bf5789e0d1b4
PROEYE:53755159,コルデロ,Franchy Cordero,,53755159,614173,3,,,MLB_LOWER_BOUND_MATCH,NONE_DETECTED,MLB_TO_NPB_FOREIGN,,69,"2021,2022,2023","21,22,23",True,CURRENT_OR_HISTORICAL_EXTERNAL_GAME_APPRAISAL_CONTEXT,False,97c429521267cfb70ccdd61e40e11853d100e360,ab5adbfee656d69d0b378145fd66bf5789e0d1b4
PROEYE:53955150,モンテロ,,53955150,53955150,,0,45,NO_MLB_PROMOTION_FOUND,NO_MATCH_IN_SCREENED_MLB_AND_SHOW_CROSSWALKS,NONE_DETECTED,CURRENT100_MLB_PROMOTION_OR_APPEARANCE,,0,,,False,CURRENT_OR_HISTORICAL_EXTERNAL_GAME_APPRAISAL_CONTEXT,False,97c429521267cfb70ccdd61e40e11853d100e360,ab5adbfee656d69d0b378145fd66bf5789e0d1b4
PROEYE:53955157,デビッドソン,Matt Davidson,,53955157,571602,1,,,MLB_LOWER_BOUND_MATCH,NONE_DETECTED,MLB_TO_NPB_FOREIGN,,22,2022,22,True,CURRENT_OR_HISTORICAL_EXTERNAL_GAME_APPRAISAL_CONTEXT,False,97c429521267cfb70ccdd61e40e11853d100e360,ab5adbfee656d69d0b378145fd66bf5789e0d1b4
PROEYE:53955159,トーマス,Cody Thomas,,53955159,642137,2,,,MLB_LOWER_BOUND_MATCH,NONE_DETECTED,MLB_TO_NPB_FOREIGN,,48,"2022,2023","22,23",True,CURRENT_OR_HISTORICAL_EXTERNAL_GAME_APPRAISAL_CONTEXT,False,97c429521267cfb70ccdd61e40e11853d100e360,ab5adbfee656d69d0b378145fd66bf5789e0d1b4
PROEYE:61063884,松　中,,,61063884,,0,,,NO_MATCH_IN_SCREENED_SOURCES,NONE_DETECTED,HISTORICAL_CALIBRATION_POPULATION,,0,,,False,CURRENT_OR_HISTORICAL_EXTERNAL_GAME_APPRAISAL_CONTEXT,False,97c429521267cfb70ccdd61e40e11853d100e360,ab5adbfee656d69d0b378145fd66bf5789e0d1b4
PROEYE:61065116,中　田,,,61065116,,0,,,NO_MATCH_IN_SCREENED_SOURCES,NONE_DETECTED,HISTORICAL_CALIBRATION_POPULATION,,0,,,False,CURRENT_OR_HISTORICAL_EXTERNAL_GAME_APPRAISAL_CONTEXT,False,97c429521267cfb70ccdd61e40e11853d100e360,ab5adbfee656d69d0b378145fd66bf5789e0d1b4
PROEYE:61065117,武　山,,,61065117,,0,,,NO_MATCH_IN_SCREENED_SOURCES,NONE_DETECTED,HISTORICAL_CALIBRATION_POPULATION,,0,,,False,CURRENT_OR_HISTORICAL_EXTERNAL_GAME_APPRAISAL_CONTEXT,False,97c429521267cfb70ccdd61e40e11853d100e360,ab5adbfee656d69d0b378145fd66bf5789e0d1b4
PROEYE:61065131,原　口,,,61065131,,0,,,NO_MATCH_IN_SCREENED_SOURCES,NONE_DETECTED,HISTORICAL_CALIBRATION_POPULATION,,0,,,False,CURRENT_OR_HISTORICAL_EXTERNAL_GAME_APPRAISAL_CONTEXT,False,97c429521267cfb70ccdd61e40e11853d100e360,ab5adbfee656d69d0b378145fd66bf5789e0d1b4
PROEYE:61065137,伏　見,,61065137,61065137,,0,93,NO_MLB_PROMOTION_FOUND,NO_MATCH_IN_SCREENED_MLB_AND_SHOW_CROSSWALKS,NONE_DETECTED,CURRENT100_MLB_PROMOTION_OR_APPEARANCE,,0,,,False,CURRENT_OR_HISTORICAL_EXTERNAL_GAME_APPRAISAL_CONTEXT,False,97c429521267cfb70ccdd61e40e11853d100e360,ab5adbfee656d69d0b378145fd66bf5789e0d1b4
PROEYE:61065157,茶　野,,,61065157,,0,,,NO_MATCH_IN_SCREENED_SOURCES,NONE_DETECTED,HISTORICAL_CALIBRATION_POPULATION,,0,,,False,CURRENT_OR_HISTORICAL_EXTERNAL_GAME_APPRAISAL_CONTEXT,False,97c429521267cfb70ccdd61e40e11853d100e360,ab5adbfee656d69d0b378145fd66bf5789e0d1b4
PROEYE:61165110,鵜久森,,,61165110,,0,,,NO_MATCH_IN_SCREENED_SOURCES,NONE_DETECTED,HISTORICAL_CALIBRATION_POPULATION,,0,,,False,CURRENT_OR_HISTORICAL_EXTERNAL_GAME_APPRAISAL_CONTEXT,False,97c429521267cfb70ccdd61e40e11853d100e360,ab5adbfee656d69d0b378145fd66bf5789e0d1b4
PROEYE:61165112,飯　原,,,61165112,,0,,,NO_MATCH_IN_SCREENED_SOURCES,NONE_DETECTED,HISTORICAL_CALIBRATION_POPULATION,,0,,,False,CURRENT_OR_HISTORICAL_EXTERNAL_GAME_APPRAISAL_CONTEXT,False,97c429521267cfb70ccdd61e40e11853d100e360,ab5adbfee656d69d0b378145fd66bf5789e0d1b4
PROEYE:61165114,今　浪,,,61165114,,0,,,NO_MATCH_IN_SCREENED_SOURCES,NONE_DETECTED,HISTORICAL_CALIBRATION_POPULATION,,0,,,False,CURRENT_OR_HISTORICAL_EXTERNAL_GAME_APPRAISAL_CONTEXT,False,97c429521267cfb70ccdd61e40e11853d100e360,ab5adbfee656d69d0b378145fd66bf5789e0d1b4
PROEYE:61165116,伊志嶺,,,61165116,,0,,,NO_MATCH_IN_SCREENED_SOURCES,NONE_DETECTED,HISTORICAL_CALIBRATION_POPULATION,,0,,,False,CURRENT_OR_HISTORICAL_EXTERNAL_GAME_APPRAISAL_CONTEXT,False,97c429521267cfb70ccdd61e40e11853d100e360,ab5adbfee656d69d0b378145fd66bf5789e0d1b4
PROEYE:61165131,石　川,,,61165131,,0,,,NO_MATCH_IN_SCREENED_SOURCES,NONE_DETECTED,HISTORICAL_CALIBRATION_POPULATION,,0,,,False,CURRENT_OR_HISTORICAL_EXTERNAL_GAME_APPRAISAL_CONTEXT,False,97c429521267cfb70ccdd61e40e11853d100e360,ab5adbfee656d69d0b378145fd66bf5789e0d1b4
PROEYE:61165132,阿　部,,,61165132,,0,,,NO_MATCH_IN_SCREENED_SOURCES,NONE_DETECTED,HISTORICAL_CALIBRATION_POPULATION,,0,,,False,CURRENT_OR_HISTORICAL_EXTERNAL_GAME_APPRAISAL_CONTEXT,False,97c429521267cfb70ccdd61e40e11853d100e360,ab5adbfee656d69d0b378145fd66bf5789e0d1b4
PROEYE:61165133,伊志嶺,,,61165133,,0,,,NO_MATCH_IN_SCREENED_SOURCES,NONE_DETECTED,HISTORICAL_CALIBRATION_POPULATION,,0,,,False,CURRENT_OR_HISTORICAL_EXTERNAL_GAME_APPRAISAL_CONTEXT,False,97c429521267cfb70ccdd61e40e11853d100e360,ab5adbfee656d69d0b378145fd66bf5789e0d1b4
PROEYE:61165134,石　原,,,61165134,,0,,,NO_MATCH_IN_SCREENED_SOURCES,NONE_DETECTED,HISTORICAL_CALIBRATION_POPULATION,,0,,,False,CURRENT_OR_HISTORICAL_EXTERNAL_GAME_APPRAISAL_CONTEXT,False,97c429521267cfb70ccdd61e40e11853d100e360,ab5adbfee656d69d0b378145fd66bf5789e0d1b4
PROEYE:61165159,泉　口,,,61165159,,0,,,NO_MATCH_IN_SCREENED_SOURCES,NONE_DETECTED,HISTORICAL_CALIBRATION_POPULATION,,0,,,False,CURRENT_OR_HISTORICAL_EXTERNAL_GAME_APPRAISAL_CONTEXT,False,97c429521267cfb70ccdd61e40e11853d100e360,ab5adbfee656d69d0b378145fd66bf5789e0d1b4
PROEYE:61265110,星,,,61265110,,0,,,NO_MATCH_IN_SCREENED_SOURCES,NONE_DETECTED,HISTORICAL_CALIBRATION_POPULATION,,0,,,False,CURRENT_OR_HISTORICAL_EXTERNAL_GAME_APPRAISAL_CONTEXT,False,97c429521267cfb70ccdd61e40e11853d100e360,ab5adbfee656d69d0b378145fd66bf5789e0d1b4
PROEYE:61265111,迎,,,61265111,,0,,,NO_MATCH_IN_SCREENED_SOURCES,NONE_DETECTED,HISTORICAL_CALIBRATION_POPULATION,,0,,,False,CURRENT_OR_HISTORICAL_EXTERNAL_GAME_APPRAISAL_CONTEXT,False,97c429521267cfb70ccdd61e40e11853d100e360,ab5adbfee656d69d0b378145fd66bf5789e0d1b4
PROEYE:61265112,平　田,,,61265112,,0,,,NO_MATCH_IN_SCREENED_SOURCES,NONE_DETECTED,HISTORICAL_CALIBRATION_POPULATION,,0,,,False,CURRENT_OR_HISTORICAL_EXTERNAL_GAME_APPRAISAL_CONTEXT,False,97c429521267cfb70ccdd61e40e11853d100e360,ab5adbfee656d69d0b378145fd66bf5789e0d1b4
PROEYE:61265113,牧　田,,,61265113,,0,,,NO_MATCH_IN_SCREENED_SOURCES,NONE_DETECTED,HISTORICAL_CALIBRATION_POPULATION,,0,,,False,CURRENT_OR_HISTORICAL_EXTERNAL_GAME_APPRAISAL_CONTEXT,False,97c429521267cfb70ccdd61e40e11853d100e360,ab5adbfee656d69d0b378145fd66bf5789e0d1b4
PROEYE:61265114,中　東,,,61265114,,0,,,NO_MATCH_IN_SCREENED_SOURCES,NONE_DETECTED,HISTORICAL_CALIBRATION_POPULATION,,0,,,False,CURRENT_OR_HISTORICAL_EXTERNAL_GAME_APPRAISAL_CONTEXT,False,97c429521267cfb70ccdd61e40e11853d100e360,ab5adbfee656d69d0b378145fd66bf5789e0d1b4
PROEYE:61265115,平野恵,,,61265115,,0,,,NO_MATCH_IN_SCREENED_SOURCES,NONE_DETECTED,HISTORICAL_CALIBRATION_POPULATION,,0,,,False,CURRENT_OR_HISTORICAL_EXTERNAL_GAME_APPRAISAL_CONTEXT,False,97c429521267cfb70ccdd61e40e11853d100e360,ab5adbfee656d69d0b378145fd66bf5789e0d1b4
PROEYE:61265116,聖　澤,,,61265116,,0,,,NO_MATCH_IN_SCREENED_SOURCES,NONE_DETECTED,HISTORICAL_CALIBRATION_POPULATION,,0,,,False,CURRENT_OR_HISTORICAL_EXTERNAL_GAME_APPRAISAL_CONTEXT,False,97c429521267cfb70ccdd61e40e11853d100e360,ab5adbfee656d69d0b378145fd66bf5789e0d1b4
PROEYE:61265133,林　﨑,,,61265133,,0,,,NO_MATCH_IN_SCREENED_SOURCES,NONE_DETECTED,HISTORICAL_CALIBRATION_POPULATION,,0,,,False,CURRENT_OR_HISTORICAL_EXTERNAL_GAME_APPRAISAL_CONTEXT,False,97c429521267cfb70ccdd61e40e11853d100e360,ab5adbfee656d69d0b378145fd66bf5789e0d1b4
PROEYE:61265137,水　口,,,61265137,,0,,,NO_MATCH_IN_SCREENED_SOURCES,NONE_DETECTED,HISTORICAL_CALIBRATION_POPULATION,,0,,,False,CURRENT_OR_HISTORICAL_EXTERNAL_GAME_APPRAISAL_CONTEXT,False,97c429521267cfb70ccdd61e40e11853d100e360,ab5adbfee656d69d0b378145fd66bf5789e0d1b4
PROEYE:61265151,柘　植,,,61265151,,0,,,NO_MATCH_IN_SCREENED_SOURCES,NONE_DETECTED,HISTORICAL_CALIBRATION_POPULATION,,0,,,False,CURRENT_OR_HISTORICAL_EXTERNAL_GAME_APPRAISAL_CONTEXT,False,97c429521267cfb70ccdd61e40e11853d100e360,ab5adbfee656d69d0b378145fd66bf5789e0d1b4
PROEYE:61265155,田　村,,,61265155,,0,,,NO_MATCH_IN_SCREENED_SOURCES,NONE_DETECTED,HISTORICAL_CALIBRATION_POPULATION,,0,,,False,CURRENT_OR_HISTORICAL_EXTERNAL_GAME_APPRAISAL_CONTEXT,False,97c429521267cfb70ccdd61e40e11853d100e360,ab5adbfee656d69d0b378145fd66bf5789e0d1b4
PROEYE:61265157,中村貴,,,61265157,,0,,,NO_MATCH_IN_SCREENED_SOURCES,NONE_DETECTED,HISTORICAL_CALIBRATION_POPULATION,,0,,,False,CURRENT_OR_HISTORICAL_EXTERNAL_GAME_APPRAISAL_CONTEXT,False,97c429521267cfb70ccdd61e40e11853d100e360,ab5adbfee656d69d0b378145fd66bf5789e0d1b4
PROEYE:61265159,辻　本,,,61265159,,0,,,NO_MATCH_IN_SCREENED_SOURCES,NONE_DETECTED,HISTORICAL_CALIBRATION_POPULATION,,0,,,False,CURRENT_OR_HISTORICAL_EXTERNAL_GAME_APPRAISAL_CONTEXT,False,97c429521267cfb70ccdd61e40e11853d100e360,ab5adbfee656d69d0b378145fd66bf5789e0d1b4
PROEYE:61365112,Ｔ－岡田,,,61365112,,0,,,NO_MATCH_IN_SCREENED_SOURCES,NONE_DETECTED,HISTORICAL_CALIBRATION_POPULATION,,0,,,False,CURRENT_OR_HISTORICAL_EXTERNAL_GAME_APPRAISAL_CONTEXT,False,97c429521267cfb70ccdd61e40e11853d100e360,ab5adbfee656d69d0b378145fd66bf5789e0d1b4
PROEYE:61365118,大　野,,,61365118,,0,,,NO_MATCH_IN_SCREENED_SOURCES,NONE_DETECTED,HISTORICAL_CALIBRATION_POPULATION,,0,,,False,CURRENT_OR_HISTORICAL_EXTERNAL_GAME_APPRAISAL_CONTEXT,False,97c429521267cfb70ccdd61e40e11853d100e360,ab5adbfee656d69d0b378145fd66bf5789e0d1b4
PROEYE:61365119,金　子,,,61365119,,0,,,NO_MATCH_IN_SCREENED_SOURCES,NONE_DETECTED,HISTORICAL_CALIBRATION_POPULATION,,0,,,False,CURRENT_OR_HISTORICAL_EXTERNAL_GAME_APPRAISAL_CONTEXT,False,97c429521267cfb70ccdd61e40e11853d100e360,ab5adbfee656d69d0b378145fd66bf5789e0d1b4
PROEYE:61365132,宇佐見,,,61365132,,0,,,NO_MATCH_IN_SCREENED_SOURCES,NONE_DETECTED,HISTORICAL_CALIBRATION_POPULATION,,0,,,False,CURRENT_OR_HISTORICAL_EXTERNAL_GAME_APPRAISAL_CONTEXT,False,97c429521267cfb70ccdd61e40e11853d100e360,ab5adbfee656d69d0b378145fd66bf5789e0d1b4
PROEYE:61365133,江　村,,,61365133,,0,,,NO_MATCH_IN_SCREENED_SOURCES,NONE_DETECTED,HISTORICAL_CALIBRATION_POPULATION,,0,,,False,CURRENT_OR_HISTORICAL_EXTERNAL_GAME_APPRAISAL_CONTEXT,False,97c429521267cfb70ccdd61e40e11853d100e360,ab5adbfee656d69d0b378145fd66bf5789e0d1b4
PROEYE:61365137,大　累,,,61365137,,0,,,NO_MATCH_IN_SCREENED_SOURCES,NONE_DETECTED,HISTORICAL_CALIBRATION_POPULATION,,0,,,False,CURRENT_OR_HISTORICAL_EXTERNAL_GAME_APPRAISAL_CONTEXT,False,97c429521267cfb70ccdd61e40e11853d100e360,ab5adbfee656d69d0b378145fd66bf5789e0d1b4
PROEYE:61465112,大　和,,,61465112,,0,,,NO_MATCH_IN_SCREENED_SOURCES,NONE_DETECTED,HISTORICAL_CALIBRATION_POPULATION,,0,,,False,CURRENT_OR_HISTORICAL_EXTERNAL_GAME_APPRAISAL_CONTEXT,False,97c429521267cfb70ccdd61e40e11853d100e360,ab5adbfee656d69d0b378145fd66bf5789e0d1b4
PROEYE:61465133,牧　原,,61465133,61465133,,0,84,NO_MLB_PROMOTION_FOUND,NO_MATCH_IN_SCREENED_MLB_AND_SHOW_CROSSWALKS,NONE_DETECTED,CURRENT100_MLB_PROMOTION_OR_APPEARANCE,,0,,,False,CURRENT_OR_HISTORICAL_EXTERNAL_GAME_APPRAISAL_CONTEXT,False,97c429521267cfb70ccdd61e40e11853d100e360,ab5adbfee656d69d0b378145fd66bf5789e0d1b4
PROEYE:61465135,比屋根,,,61465135,,0,,,NO_MATCH_IN_SCREENED_SOURCES,NONE_DETECTED,HISTORICAL_CALIBRATION_POPULATION,,0,,,False,CURRENT_OR_HISTORICAL_EXTERNAL_GAME_APPRAISAL_CONTEXT,False,97c429521267cfb70ccdd61e40e11853d100e360,ab5adbfee656d69d0b378145fd66bf5789e0d1b4
PROEYE:61563880,嶋,,,61563880,,0,,,NO_MATCH_IN_SCREENED_SOURCES,NONE_DETECTED,HISTORICAL_CALIBRATION_POPULATION,,0,,,False,CURRENT_OR_HISTORICAL_EXTERNAL_GAME_APPRAISAL_CONTEXT,False,97c429521267cfb70ccdd61e40e11853d100e360,ab5adbfee656d69d0b378145fd66bf5789e0d1b4
PROEYE:61565114,梶　谷,,,61565114,,0,,,NO_MATCH_IN_SCREENED_SOURCES,NONE_DETECTED,HISTORICAL_CALIBRATION_POPULATION,,0,,,False,CURRENT_OR_HISTORICAL_EXTERNAL_GAME_APPRAISAL_CONTEXT,False,97c429521267cfb70ccdd61e40e11853d100e360,ab5adbfee656d69d0b378145fd66bf5789e0d1b4
PROEYE:61565117,金　澤,,,61565117,,0,,,NO_MATCH_IN_SCREENED_SOURCES,NONE_DETECTED,HISTORICAL_CALIBRATION_POPULATION,,0,,,False,CURRENT_OR_HISTORICAL_EXTERNAL_GAME_APPRAISAL_CONTEXT,False,97c429521267cfb70ccdd61e40e11853d100e360,ab5adbfee656d69d0b378145fd66bf5789e0d1b4
PROEYE:61565119,坂,,,61565119,,0,,,NO_MATCH_IN_SCREENED_SOURCES,NONE_DETECTED,HISTORICAL_CALIBRATION_POPULATION,,0,,,False,CURRENT_OR_HISTORICAL_EXTERNAL_GAME_APPRAISAL_CONTEXT,False,97c429521267cfb70ccdd61e40e11853d100e360,ab5adbfee656d69d0b378145fd66bf5789e0d1b4
PROEYE:61565135,菊　池,,61565135,61565135,,0,51,NO_MLB_PROMOTION_FOUND,NO_MATCH_IN_SCREENED_MLB_AND_SHOW_CROSSWALKS,NONE_DETECTED,CURRENT100_MLB_PROMOTION_OR_APPEARANCE,,0,,,False,CURRENT_OR_HISTORICAL_EXTERNAL_GAME_APPRAISAL_CONTEXT,False,97c429521267cfb70ccdd61e40e11853d100e360,ab5adbfee656d69d0b378145fd66bf5789e0d1b4
PROEYE:61565136,楠　本,,,61565136,,0,,,NO_MATCH_IN_SCREENED_SOURCES,NONE_DETECTED,HISTORICAL_CALIBRATION_POPULATION,,0,,,False,CURRENT_OR_HISTORICAL_EXTERNAL_GAME_APPRAISAL_CONTEXT,False,97c429521267cfb70ccdd61e40e11853d100e360,ab5adbfee656d69d0b378145fd66bf5789e0d1b4
PROEYE:61565139,金子一,,,61565139,,0,,,NO_MATCH_IN_SCREENED_SOURCES,NONE_DETECTED,HISTORICAL_CALIBRATION_POPULATION,,0,,,False,CURRENT_OR_HISTORICAL_EXTERNAL_GAME_APPRAISAL_CONTEXT,False,97c429521267cfb70ccdd61e40e11853d100e360,ab5adbfee656d69d0b378145fd66bf5789e0d1b4
PROEYE:61665117,吉　村,,,61665117,,0,,,NO_MATCH_IN_SCREENED_SOURCES,NONE_DETECTED,HISTORICAL_CALIBRATION_POPULATION,,0,,,False,CURRENT_OR_HISTORICAL_EXTERNAL_GAME_APPRAISAL_CONTEXT,False,97c429521267cfb70ccdd61e40e11853d100e360,ab5adbfee656d69d0b378145fd66bf5789e0d1b4
PROEYE:61665138,松本友,,,61665138,,0,,,NO_MATCH_IN_SCREENED_SOURCES,NONE_DETECTED,HISTORICAL_CALIBRATION_POPULATION,,0,,,False,CURRENT_OR_HISTORICAL_EXTERNAL_GAME_APPRAISAL_CONTEXT,False,97c429521267cfb70ccdd61e40e11853d100e360,ab5adbfee656d69d0b378145fd66bf5789e0d1b4
PROEYE:61665139,和田恋,,,61665139,,0,,,NO_MATCH_IN_SCREENED_SOURCES,NONE_DETECTED,HISTORICAL_CALIBRATION_POPULATION,,0,,,False,CURRENT_OR_HISTORICAL_EXTERNAL_GAME_APPRAISAL_CONTEXT,False,97c429521267cfb70ccdd61e40e11853d100e360,ab5adbfee656d69d0b378145fd66bf5789e0d1b4
PROEYE:61665157,蛭　間,,,61665157,,0,,,NO_MATCH_IN_SCREENED_SOURCES,NONE_DETECTED,HISTORICAL_CALIBRATION_POPULATION,,0,,,False,CURRENT_OR_HISTORICAL_EXTERNAL_GAME_APPRAISAL_CONTEXT,False,97c429521267cfb70ccdd61e40e11853d100e360,ab5adbfee656d69d0b378145fd66bf5789e0d1b4
PROEYE:61665159,廣　瀨,,,61665159,,0,,,NO_MATCH_IN_SCREENED_SOURCES,NONE_DETECTED,HISTORICAL_CALIBRATION_POPULATION,,0,,,False,CURRENT_OR_HISTORICAL_EXTERNAL_GAME_APPRAISAL_CONTEXT,False,97c429521267cfb70ccdd61e40e11853d100e360,ab5adbfee656d69d0b378145fd66bf5789e0d1b4
PROEYE:61763884,鈴　木,,,61763884,,0,,,NO_MATCH_IN_SCREENED_SOURCES,NONE_DETECTED,HISTORICAL_CALIBRATION_POPULATION,,0,,,False,CURRENT_OR_HISTORICAL_EXTERNAL_GAME_APPRAISAL_CONTEXT,False,97c429521267cfb70ccdd61e40e11853d100e360,ab5adbfee656d69d0b378145fd66bf5789e0d1b4
PROEYE:61765111,高　山,,,61765111,,0,,,NO_MATCH_IN_SCREENED_SOURCES,NONE_DETECTED,HISTORICAL_CALIBRATION_POPULATION,,0,,,False,CURRENT_OR_HISTORICAL_EXTERNAL_GAME_APPRAISAL_CONTEXT,False,97c429521267cfb70ccdd61e40e11853d100e360,ab5adbfee656d69d0b378145fd66bf5789e0d1b4
PROEYE:61765137,杉　山,,,61765137,,0,,,NO_MATCH_IN_SCREENED_SOURCES,NONE_DETECTED,HISTORICAL_CALIBRATION_POPULATION,,0,,,False,CURRENT_OR_HISTORICAL_EXTERNAL_GAME_APPRAISAL_CONTEXT,False,97c429521267cfb70ccdd61e40e11853d100e360,ab5adbfee656d69d0b378145fd66bf5789e0d1b4
PROEYE:61865132,茂　木,,,61865132,,0,,,NO_MATCH_IN_SCREENED_SOURCES,NONE_DETECTED,HISTORICAL_CALIBRATION_POPULATION,,0,,,False,CURRENT_OR_HISTORICAL_EXTERNAL_GAME_APPRAISAL_CONTEXT,False,97c429521267cfb70ccdd61e40e11853d100e360,ab5adbfee656d69d0b378145fd66bf5789e0d1b4
PROEYE:61865135,李大浩,,,61865135,,0,,,NO_MATCH_IN_SCREENED_SOURCES,NONE_DETECTED,HISTORICAL_CALIBRATION_POPULATION,,0,,,False,CURRENT_OR_HISTORICAL_EXTERNAL_GAME_APPRAISAL_CONTEXT,False,97c429521267cfb70ccdd61e40e11853d100e360,ab5adbfee656d69d0b378145fd66bf5789e0d1b4
PROEYE:61865153,細　川,,,61865153,,0,,,NO_MATCH_IN_SCREENED_SOURCES,NONE_DETECTED,HISTORICAL_CALIBRATION_POPULATION,,0,,,False,CURRENT_OR_HISTORICAL_EXTERNAL_GAME_APPRAISAL_CONTEXT,False,97c429521267cfb70ccdd61e40e11853d100e360,ab5adbfee656d69d0b378145fd66bf5789e0d1b4
PROEYE:61963888,福　留,,,61963888,,0,,,NO_MATCH_IN_SCREENED_SOURCES,NONE_DETECTED,HISTORICAL_CALIBRATION_POPULATION,,0,,,False,CURRENT_OR_HISTORICAL_EXTERNAL_GAME_APPRAISAL_CONTEXT,False,97c429521267cfb70ccdd61e40e11853d100e360,ab5adbfee656d69d0b378145fd66bf5789e0d1b4
PROEYE:61965115,田　上,,,61965115,,0,,,NO_MATCH_IN_SCREENED_SOURCES,NONE_DETECTED,HISTORICAL_CALIBRATION_POPULATION,,0,,,False,CURRENT_OR_HISTORICAL_EXTERNAL_GAME_APPRAISAL_CONTEXT,False,97c429521267cfb70ccdd61e40e11853d100e360,ab5adbfee656d69d0b378145fd66bf5789e0d1b4
PROEYE:61965130,清　水,,,61965130,,0,,,NO_MATCH_IN_SCREENED_SOURCES,NONE_DETECTED,HISTORICAL_CALIBRATION_POPULATION,,0,,,False,CURRENT_OR_HISTORICAL_EXTERNAL_GAME_APPRAISAL_CONTEXT,False,97c429521267cfb70ccdd61e40e11853d100e360,ab5adbfee656d69d0b378145fd66bf5789e0d1b4
PROEYE:61965131,堂　林,,,61965131,,0,,,NO_MATCH_IN_SCREENED_SOURCES,NONE_DETECTED,HISTORICAL_CALIBRATION_POPULATION,,0,,,False,CURRENT_OR_HISTORICAL_EXTERNAL_GAME_APPRAISAL_CONTEXT,False,97c429521267cfb70ccdd61e40e11853d100e360,ab5adbfee656d69d0b378145fd66bf5789e0d1b4
PROEYE:61965132,杉　本,,,61965132,,0,,,NO_MATCH_IN_SCREENED_SOURCES,NONE_DETECTED,HISTORICAL_CALIBRATION_POPULATION,,0,,,False,CURRENT_OR_HISTORICAL_EXTERNAL_GAME_APPRAISAL_CONTEXT,False,97c429521267cfb70ccdd61e40e11853d100e360,ab5adbfee656d69d0b378145fd66bf5789e0d1b4
PROEYE:61965139,田　中,,,61965139,,0,,,NO_MATCH_IN_SCREENED_SOURCES,NONE_DETECTED,HISTORICAL_CALIBRATION_POPULATION,,0,,,False,CURRENT_OR_HISTORICAL_EXTERNAL_GAME_APPRAISAL_CONTEXT,False,97c429521267cfb70ccdd61e40e11853d100e360,ab5adbfee656d69d0b378145fd66bf5789e0d1b4
PROEYE:61965151,小深田,,,61965151,,0,,,NO_MATCH_IN_SCREENED_SOURCES,NONE_DETECTED,HISTORICAL_CALIBRATION_POPULATION,,0,,,False,CURRENT_OR_HISTORICAL_EXTERNAL_GAME_APPRAISAL_CONTEXT,False,97c429521267cfb70ccdd61e40e11853d100e360,ab5adbfee656d69d0b378145fd66bf5789e0d1b4
PROEYE:61965157,杉　澤,,,61965157,,0,,,NO_MATCH_IN_SCREENED_SOURCES,NONE_DETECTED,HISTORICAL_CALIBRATION_POPULATION,,0,,,False,CURRENT_OR_HISTORICAL_EXTERNAL_GAME_APPRAISAL_CONTEXT,False,97c429521267cfb70ccdd61e40e11853d100e360,ab5adbfee656d69d0b378145fd66bf5789e0d1b4
PROEYE:63065150,チェイビス,Michael Chavis,,63065150,656308,4,,,MLB_LOWER_BOUND_MATCH,NONE_DETECTED,MLB_TO_NPB_FOREIGN,,92,"2021,2022,2023,2024","21,22,23,24",True,CURRENT_OR_HISTORICAL_EXTERNAL_GAME_APPRAISAL_CONTEXT,False,97c429521267cfb70ccdd61e40e11853d100e360,ab5adbfee656d69d0b378145fd66bf5789e0d1b4
PROEYE:63065155,ポランコ,,63065155,63065155,,0,29,NO_MLB_PROMOTION_FOUND,NO_MATCH_IN_SCREENED_MLB_AND_SHOW_CROSSWALKS,NONE_DETECTED,CURRENT100_MLB_PROMOTION_OR_APPEARANCE,,0,,,False,CURRENT_OR_HISTORICAL_EXTERNAL_GAME_APPRAISAL_CONTEXT,False,97c429521267cfb70ccdd61e40e11853d100e360,ab5adbfee656d69d0b378145fd66bf5789e0d1b4
PROEYE:63165132,吉田 正尚,Masataka Yoshida,,63165132,807799,4,,,MATCHED_ID_OR_HIGH_CONFIDENCE_NAME,NONE_DETECTED,NPB_TO_MLB,NPB_TO_MLB,95,"2023,2024,2025,2026","23,24,25,26",True,CURRENT_OR_HISTORICAL_EXTERNAL_GAME_APPRAISAL_CONTEXT,False,97c429521267cfb70ccdd61e40e11853d100e360,ab5adbfee656d69d0b378145fd66bf5789e0d1b4
PROEYE:63165155,水　野,,63165155,63165155,,0,23,NO_MLB_PROMOTION_FOUND,NO_MATCH_IN_SCREENED_MLB_AND_SHOW_CROSSWALKS,NONE_DETECTED,CURRENT100_MLB_PROMOTION_OR_APPEARANCE,,0,,,False,CURRENT_OR_HISTORICAL_EXTERNAL_GAME_APPRAISAL_CONTEXT,False,97c429521267cfb70ccdd61e40e11853d100e360,ab5adbfee656d69d0b378145fd66bf5789e0d1b4
PROEYE:63265155,キブレハン,Patrick Kivlehan,,63265155,623182,1,,,MLB_LOWER_BOUND_MATCH,NONE_DETECTED,MLB_TO_NPB_FOREIGN,,22,2022,22,True,CURRENT_OR_HISTORICAL_EXTERNAL_GAME_APPRAISAL_CONTEXT,False,97c429521267cfb70ccdd61e40e11853d100e360,ab5adbfee656d69d0b378145fd66bf5789e0d1b4
PROEYE:63365138,マルテ,Jefry Marte,,63365138,,0,,,MLB_LOWER_BOUND_MATCH,NONE_DETECTED,MLB_TO_NPB_FOREIGN,,0,,,True,CURRENT_OR_HISTORICAL_EXTERNAL_GAME_APPRAISAL_CONTEXT,False,97c429521267cfb70ccdd61e40e11853d100e360,ab5adbfee656d69d0b378145fd66bf5789e0d1b4
PROEYE:63365151,サンズ,Jerry Sands,,63365151,,0,,,MLB_LOWER_BOUND_MATCH,NONE_DETECTED,MLB_TO_NPB_FOREIGN,,0,,,True,CURRENT_OR_HISTORICAL_EXTERNAL_GAME_APPRAISAL_CONTEXT,False,97c429521267cfb70ccdd61e40e11853d100e360,ab5adbfee656d69d0b378145fd66bf5789e0d1b4
PROEYE:63565153,カスティーヨ,Rusney Castillo,,63565153,,0,,,MLB_LOWER_BOUND_MATCH,NONE_DETECTED,MLB_TO_NPB_FOREIGN,,0,,,True,CURRENT_OR_HISTORICAL_EXTERNAL_GAME_APPRAISAL_CONTEXT,False,97c429521267cfb70ccdd61e40e11853d100e360,ab5adbfee656d69d0b378145fd66bf5789e0d1b4
PROEYE:63565155,渡　部,,,63565155,,0,,,NO_MATCH_IN_SCREENED_SOURCES,NONE_DETECTED,HISTORICAL_CALIBRATION_POPULATION,,0,,,False,CURRENT_OR_HISTORICAL_EXTERNAL_GAME_APPRAISAL_CONTEXT,False,97c429521267cfb70ccdd61e40e11853d100e360,ab5adbfee656d69d0b378145fd66bf5789e0d1b4
PROEYE:63565157,アストゥディーヨ,Willians Astudillo,,63565157,553902,3,,,MLB_LOWER_BOUND_MATCH,NONE_DETECTED,MLB_TO_NPB_FOREIGN,,69,"2021,2022,2023","21,22,23",True,CURRENT_OR_HISTORICAL_EXTERNAL_GAME_APPRAISAL_CONTEXT,False,97c429521267cfb70ccdd61e40e11853d100e360,ab5adbfee656d69d0b378145fd66bf5789e0d1b4
PROEYE:63765151,ボーア,Justin Bour,,63765151,,0,,,MLB_LOWER_BOUND_MATCH,NONE_DETECTED,MLB_TO_NPB_FOREIGN,,0,,,True,CURRENT_OR_HISTORICAL_EXTERNAL_GAME_APPRAISAL_CONTEXT,False,97c429521267cfb70ccdd61e40e11853d100e360,ab5adbfee656d69d0b378145fd66bf5789e0d1b4
PROEYE:63765153,ディクソン,Brandon Dixon,,63765153,641525,3,,,MLB_LOWER_BOUND_MATCH,NONE_DETECTED,MLB_TO_NPB_FOREIGN,,70,"2021,2023,2024","21,23,24",True,CURRENT_OR_HISTORICAL_EXTERNAL_GAME_APPRAISAL_CONTEXT,False,97c429521267cfb70ccdd61e40e11853d100e360,ab5adbfee656d69d0b378145fd66bf5789e0d1b4
PROEYE:63765159,スティーブンソン,Andrew Stevenson,,63765159,664057,3,,,MLB_LOWER_BOUND_MATCH,NONE_DETECTED,MLB_TO_NPB_FOREIGN,,69,"2021,2022,2023","21,22,23",True,CURRENT_OR_HISTORICAL_EXTERNAL_GAME_APPRAISAL_CONTEXT,False,97c429521267cfb70ccdd61e40e11853d100e360,ab5adbfee656d69d0b378145fd66bf5789e0d1b4
PROEYE:63965157,フランコ,Maikel Franco,,63965157,596748,2,,,MLB_LOWER_BOUND_MATCH,NONE_DETECTED,MLB_TO_NPB_FOREIGN,,43,"2021,2022","21,22",True,CURRENT_OR_HISTORICAL_EXTERNAL_GAME_APPRAISAL_CONTEXT,False,97c429521267cfb70ccdd61e40e11853d100e360,ab5adbfee656d69d0b378145fd66bf5789e0d1b4
PROEYE:71075110,中　西,,,71075110,,0,,,NO_MATCH_IN_SCREENED_SOURCES,NONE_DETECTED,HISTORICAL_CALIBRATION_POPULATION,,0,,,False,CURRENT_OR_HISTORICAL_EXTERNAL_GAME_APPRAISAL_CONTEXT,False,97c429521267cfb70ccdd61e40e11853d100e360,ab5adbfee656d69d0b378145fd66bf5789e0d1b4
PROEYE:71075131,中　田,,,71075131,,0,,,NO_MATCH_IN_SCREENED_SOURCES,NONE_DETECTED,HISTORICAL_CALIBRATION_POPULATION,,0,,,False,CURRENT_OR_HISTORICAL_EXTERNAL_GAME_APPRAISAL_CONTEXT,False,97c429521267cfb70ccdd61e40e11853d100e360,ab5adbfee656d69d0b378145fd66bf5789e0d1b4
PROEYE:71075136,高　木,,,71075136,,0,,,NO_MATCH_IN_SCREENED_SOURCES,NONE_DETECTED,HISTORICAL_CALIBRATION_POPULATION,,0,,,False,CURRENT_OR_HISTORICAL_EXTERNAL_GAME_APPRAISAL_CONTEXT,False,97c429521267cfb70ccdd61e40e11853d100e360,ab5adbfee656d69d0b378145fd66bf5789e0d1b4
PROEYE:71075138,近　本,,,71075138,,0,,,NO_MATCH_IN_SCREENED_SOURCES,NONE_DETECTED,HISTORICAL_CALIBRATION_POPULATION,,0,,,False,CURRENT_OR_HISTORICAL_EXTERNAL_GAME_APPRAISAL_CONTEXT,False,97c429521267cfb70ccdd61e40e11853d100e360,ab5adbfee656d69d0b378145fd66bf5789e0d1b4
PROEYE:71075151,佐　藤,,71075151,71075151,,0,30,NO_MLB_PROMOTION_FOUND,NO_MATCH_IN_SCREENED_MLB_AND_SHOW_CROSSWALKS,NONE_DETECTED,CURRENT100_MLB_PROMOTION_OR_APPEARANCE,,0,,,False,CURRENT_OR_HISTORICAL_EXTERNAL_GAME_APPRAISAL_CONTEXT,False,97c429521267cfb70ccdd61e40e11853d100e360,ab5adbfee656d69d0b378145fd66bf5789e0d1b4
PROEYE:71075157,辰見鴻,,,71075157,,0,,,NO_MATCH_IN_SCREENED_SOURCES,NONE_DETECTED,HISTORICAL_CALIBRATION_POPULATION,,0,,,False,CURRENT_OR_HISTORICAL_EXTERNAL_GAME_APPRAISAL_CONTEXT,False,97c429521267cfb70ccdd61e40e11853d100e360,ab5adbfee656d69d0b378145fd66bf5789e0d1b4
PROEYE:71173882,荒　木,,,71173882,,0,,,NO_MATCH_IN_SCREENED_SOURCES,NONE_DETECTED,HISTORICAL_CALIBRATION_POPULATION,,0,,,False,CURRENT_OR_HISTORICAL_EXTERNAL_GAME_APPRAISAL_CONTEXT,False,97c429521267cfb70ccdd61e40e11853d100e360,ab5adbfee656d69d0b378145fd66bf5789e0d1b4
PROEYE:71173886,飯　山,,,71173886,,0,,,NO_MATCH_IN_SCREENED_SOURCES,NONE_DETECTED,HISTORICAL_CALIBRATION_POPULATION,,0,,,False,CURRENT_OR_HISTORICAL_EXTERNAL_GAME_APPRAISAL_CONTEXT,False,97c429521267cfb70ccdd61e40e11853d100e360,ab5adbfee656d69d0b378145fd66bf5789e0d1b4
PROEYE:71175133,阿　部,,,71175133,,0,,,NO_MATCH_IN_SCREENED_SOURCES,NONE_DETECTED,HISTORICAL_CALIBRATION_POPULATION,,0,,,False,CURRENT_OR_HISTORICAL_EXTERNAL_GAME_APPRAISAL_CONTEXT,False,97c429521267cfb70ccdd61e40e11853d100e360,ab5adbfee656d69d0b378145fd66bf5789e0d1b4
PROEYE:71175134,飯　田,,,71175134,,0,,,NO_MATCH_IN_SCREENED_SOURCES,NONE_DETECTED,HISTORICAL_CALIBRATION_POPULATION,,0,,,False,CURRENT_OR_HISTORICAL_EXTERNAL_GAME_APPRAISAL_CONTEXT,False,97c429521267cfb70ccdd61e40e11853d100e360,ab5adbfee656d69d0b378145fd66bf5789e0d1b4
PROEYE:71275112,西　村,,,71275112,,0,,,NO_MATCH_IN_SCREENED_SOURCES,NONE_DETECTED,HISTORICAL_CALIBRATION_POPULATION,,0,,,False,CURRENT_OR_HISTORICAL_EXTERNAL_GAME_APPRAISAL_CONTEXT,False,97c429521267cfb70ccdd61e40e11853d100e360,ab5adbfee656d69d0b378145fd66bf5789e0d1b4
PROEYE:71275113,廣　瀬,,,71275113,,0,,,NO_MATCH_IN_SCREENED_SOURCES,NONE_DETECTED,HISTORICAL_CALIBRATION_POPULATION,,0,,,False,CURRENT_OR_HISTORICAL_EXTERNAL_GAME_APPRAISAL_CONTEXT,False,97c429521267cfb70ccdd61e40e11853d100e360,ab5adbfee656d69d0b378145fd66bf5789e0d1b4
PROEYE:71275117,鶴　岡,,,71275117,,0,,,NO_MATCH_IN_SCREENED_SOURCES,NONE_DETECTED,HISTORICAL_CALIBRATION_POPULATION,,0,,,False,CURRENT_OR_HISTORICAL_EXTERNAL_GAME_APPRAISAL_CONTEXT,False,97c429521267cfb70ccdd61e40e11853d100e360,ab5adbfee656d69d0b378145fd66bf5789e0d1b4
PROEYE:71275132,茶　谷,,,71275132,,0,,,NO_MATCH_IN_SCREENED_SOURCES,NONE_DETECTED,HISTORICAL_CALIBRATION_POPULATION,,0,,,False,CURRENT_OR_HISTORICAL_EXTERNAL_GAME_APPRAISAL_CONTEXT,False,97c429521267cfb70ccdd61e40e11853d100e360,ab5adbfee656d69d0b378145fd66bf5789e0d1b4
PROEYE:71275135,堤,,,71275135,,0,,,NO_MATCH_IN_SCREENED_SOURCES,NONE_DETECTED,HISTORICAL_CALIBRATION_POPULATION,,0,,,False,CURRENT_OR_HISTORICAL_EXTERNAL_GAME_APPRAISAL_CONTEXT,False,97c429521267cfb70ccdd61e40e11853d100e360,ab5adbfee656d69d0b378145fd66bf5789e0d1b4
PROEYE:71275138,中　熊,,,71275138,,0,,,NO_MATCH_IN_SCREENED_SOURCES,NONE_DETECTED,HISTORICAL_CALIBRATION_POPULATION,,0,,,False,CURRENT_OR_HISTORICAL_EXTERNAL_GAME_APPRAISAL_CONTEXT,False,97c429521267cfb70ccdd61e40e11853d100e360,ab5adbfee656d69d0b378145fd66bf5789e0d1b4
PROEYE:71275151,武　岡,,,71275151,,0,,,NO_MATCH_IN_SCREENED_SOURCES,NONE_DETECTED,HISTORICAL_CALIBRATION_POPULATION,,0,,,False,CURRENT_OR_HISTORICAL_EXTERNAL_GAME_APPRAISAL_CONTEXT,False,97c429521267cfb70ccdd61e40e11853d100e360,ab5adbfee656d69d0b378145fd66bf5789e0d1b4
PROEYE:71275157,友　杉,,71275157,71275157,,0,31,NO_MLB_PROMOTION_FOUND,NO_MATCH_IN_SCREENED_MLB_AND_SHOW_CROSSWALKS,NONE_DETECTED,CURRENT100_MLB_PROMOTION_OR_APPEARANCE,,0,,,False,CURRENT_OR_HISTORICAL_EXTERNAL_GAME_APPRAISAL_CONTEXT,False,97c429521267cfb70ccdd61e40e11853d100e360,ab5adbfee656d69d0b378145fd66bf5789e0d1b4
PROEYE:71375110,大　松,,,71375110,,0,,,NO_MATCH_IN_SCREENED_SOURCES,NONE_DETECTED,HISTORICAL_CALIBRATION_POPULATION,,0,,,False,CURRENT_OR_HISTORICAL_EXTERNAL_GAME_APPRAISAL_CONTEXT,False,97c429521267cfb70ccdd61e40e11853d100e360,ab5adbfee656d69d0b378145fd66bf5789e0d1b4
PROEYE:71375112,銀　次,,,71375112,,0,,,NO_MATCH_IN_SCREENED_SOURCES,NONE_DETECTED,HISTORICAL_CALIBRATION_POPULATION,,0,,,False,CURRENT_OR_HISTORICAL_EXTERNAL_GAME_APPRAISAL_CONTEXT,False,97c429521267cfb70ccdd61e40e11853d100e360,ab5adbfee656d69d0b378145fd66bf5789e0d1b4
PROEYE:71375114,上　田,,,71375114,,0,,,NO_MATCH_IN_SCREENED_SOURCES,NONE_DETECTED,HISTORICAL_CALIBRATION_POPULATION,,0,,,False,CURRENT_OR_HISTORICAL_EXTERNAL_GAME_APPRAISAL_CONTEXT,False,97c429521267cfb70ccdd61e40e11853d100e360,ab5adbfee656d69d0b378145fd66bf5789e0d1b4
PROEYE:71375116,内　村,,,71375116,,0,,,NO_MATCH_IN_SCREENED_SOURCES,NONE_DETECTED,HISTORICAL_CALIBRATION_POPULATION,,0,,,False,CURRENT_OR_HISTORICAL_EXTERNAL_GAME_APPRAISAL_CONTEXT,False,97c429521267cfb70ccdd61e40e11853d100e360,ab5adbfee656d69d0b378145fd66bf5789e0d1b4
PROEYE:71375117,上　本,,,71375117,,0,,,NO_MATCH_IN_SCREENED_SOURCES,NONE_DETECTED,HISTORICAL_CALIBRATION_POPULATION,,0,,,False,CURRENT_OR_HISTORICAL_EXTERNAL_GAME_APPRAISAL_CONTEXT,False,97c429521267cfb70ccdd61e40e11853d100e360,ab5adbfee656d69d0b378145fd66bf5789e0d1b4
PROEYE:71375118,岩　本,,,71375118,,0,,,NO_MATCH_IN_SCREENED_SOURCES,NONE_DETECTED,HISTORICAL_CALIBRATION_POPULATION,,0,,,False,CURRENT_OR_HISTORICAL_EXTERNAL_GAME_APPRAISAL_CONTEXT,False,97c429521267cfb70ccdd61e40e11853d100e360,ab5adbfee656d69d0b378145fd66bf5789e0d1b4
PROEYE:71375130,井　領,,,71375130,,0,,,NO_MATCH_IN_SCREENED_SOURCES,NONE_DETECTED,HISTORICAL_CALIBRATION_POPULATION,,0,,,False,CURRENT_OR_HISTORICAL_EXTERNAL_GAME_APPRAISAL_CONTEXT,False,97c429521267cfb70ccdd61e40e11853d100e360,ab5adbfee656d69d0b378145fd66bf5789e0d1b4
PROEYE:71375138,太　田,,71375138,71375138,,0,61,NO_MLB_PROMOTION_FOUND,NO_MATCH_IN_SCREENED_MLB_AND_SHOW_CROSSWALKS,NONE_DETECTED,CURRENT100_MLB_PROMOTION_OR_APPEARANCE,,0,,,False,CURRENT_OR_HISTORICAL_EXTERNAL_GAME_APPRAISAL_CONTEXT,False,97c429521267cfb70ccdd61e40e11853d100e360,ab5adbfee656d69d0b378145fd66bf5789e0d1b4
PROEYE:71375155,鵜　飼,,,71375155,,0,,,NO_MATCH_IN_SCREENED_SOURCES,NONE_DETECTED,HISTORICAL_CALIBRATION_POPULATION,,0,,,False,CURRENT_OR_HISTORICAL_EXTERNAL_GAME_APPRAISAL_CONTEXT,False,97c429521267cfb70ccdd61e40e11853d100e360,ab5adbfee656d69d0b378145fd66bf5789e0d1b4
PROEYE:71375159,上　田,,,71375159,,0,,,NO_MATCH_IN_SCREENED_SOURCES,NONE_DETECTED,HISTORICAL_CALIBRATION_POPULATION,,0,,,False,CURRENT_OR_HISTORICAL_EXTERNAL_GAME_APPRAISAL_CONTEXT,False,97c429521267cfb70ccdd61e40e11853d100e360,ab5adbfee656d69d0b378145fd66bf5789e0d1b4
PROEYE:71475113,山　崎,,,71475113,,0,,,NO_MATCH_IN_SCREENED_SOURCES,NONE_DETECTED,HISTORICAL_CALIBRATION_POPULATION,,0,,,False,CURRENT_OR_HISTORICAL_EXTERNAL_GAME_APPRAISAL_CONTEXT,False,97c429521267cfb70ccdd61e40e11853d100e360,ab5adbfee656d69d0b378145fd66bf5789e0d1b4
PROEYE:71475114,野　原,,,71475114,,0,,,NO_MATCH_IN_SCREENED_SOURCES,NONE_DETECTED,HISTORICAL_CALIBRATION_POPULATION,,0,,,False,CURRENT_OR_HISTORICAL_EXTERNAL_GAME_APPRAISAL_CONTEXT,False,97c429521267cfb70ccdd61e40e11853d100e360,ab5adbfee656d69d0b378145fd66bf5789e0d1b4
PROEYE:71475115,細　川,,,71475115,,0,,,NO_MATCH_IN_SCREENED_SOURCES,NONE_DETECTED,HISTORICAL_CALIBRATION_POPULATION,,0,,,False,CURRENT_OR_HISTORICAL_EXTERNAL_GAME_APPRAISAL_CONTEXT,False,97c429521267cfb70ccdd61e40e11853d100e360,ab5adbfee656d69d0b378145fd66bf5789e0d1b4
PROEYE:71475131,松井佑,,,71475131,,0,,,NO_MATCH_IN_SCREENED_SOURCES,NONE_DETECTED,HISTORICAL_CALIBRATION_POPULATION,,0,,,False,CURRENT_OR_HISTORICAL_EXTERNAL_GAME_APPRAISAL_CONTEXT,False,97c429521267cfb70ccdd61e40e11853d100e360,ab5adbfee656d69d0b378145fd66bf5789e0d1b4
PROEYE:71475132,西　川,,71475132,71475132,,0,8,NO_MLB_PROMOTION_FOUND,NO_MATCH_IN_SCREENED_MLB_AND_SHOW_CROSSWALKS,NONE_DETECTED,CURRENT100_MLB_PROMOTION_OR_APPEARANCE,,0,,,False,CURRENT_OR_HISTORICAL_EXTERNAL_GAME_APPRAISAL_CONTEXT,False,97c429521267cfb70ccdd61e40e11853d100e360,ab5adbfee656d69d0b378145fd66bf5789e0d1b4
PROEYE:71475136,西　巻,,,71475136,,0,,,NO_MATCH_IN_SCREENED_SOURCES,NONE_DETECTED,HISTORICAL_CALIBRATION_POPULATION,,0,,,False,CURRENT_OR_HISTORICAL_EXTERNAL_GAME_APPRAISAL_CONTEXT,False,97c429521267cfb70ccdd61e40e11853d100e360,ab5adbfee656d69d0b378145fd66bf5789e0d1b4
PROEYE:71475138,羽　月,,,71475138,,0,,,NO_MATCH_IN_SCREENED_SOURCES,NONE_DETECTED,HISTORICAL_CALIBRATION_POPULATION,,0,,,False,CURRENT_OR_HISTORICAL_EXTERNAL_GAME_APPRAISAL_CONTEXT,False,97c429521267cfb70ccdd61e40e11853d100e360,ab5adbfee656d69d0b378145fd66bf5789e0d1b4
PROEYE:71475139,嶺　井,,,71475139,,0,,,NO_MATCH_IN_SCREENED_SOURCES,NONE_DETECTED,HISTORICAL_CALIBRATION_POPULATION,,0,,,False,CURRENT_OR_HISTORICAL_EXTERNAL_GAME_APPRAISAL_CONTEXT,False,97c429521267cfb70ccdd61e40e11853d100e360,ab5adbfee656d69d0b378145fd66bf5789e0d1b4
PROEYE:71575116,加治前,,,71575116,,0,,,NO_MATCH_IN_SCREENED_SOURCES,NONE_DETECTED,HISTORICAL_CALIBRATION_POPULATION,,0,,,False,CURRENT_OR_HISTORICAL_EXTERNAL_GAME_APPRAISAL_CONTEXT,False,97c429521267cfb70ccdd61e40e11853d100e360,ab5adbfee656d69d0b378145fd66bf5789e0d1b4
PROEYE:71575131,荻野貴,,,71575131,,0,,,NO_MATCH_IN_SCREENED_SOURCES,NONE_DETECTED,HISTORICAL_CALIBRATION_POPULATION,,0,,,False,CURRENT_OR_HISTORICAL_EXTERNAL_GAME_APPRAISAL_CONTEXT,False,97c429521267cfb70ccdd61e40e11853d100e360,ab5adbfee656d69d0b378145fd66bf5789e0d1b4
PROEYE:71575135,亀　澤,,,71575135,,0,,,NO_MATCH_IN_SCREENED_SOURCES,NONE_DETECTED,HISTORICAL_CALIBRATION_POPULATION,,0,,,False,CURRENT_OR_HISTORICAL_EXTERNAL_GAME_APPRAISAL_CONTEXT,False,97c429521267cfb70ccdd61e40e11853d100e360,ab5adbfee656d69d0b378145fd66bf5789e0d1b4
PROEYE:71575136,神　里,,,71575136,,0,,,NO_MATCH_IN_SCREENED_SOURCES,NONE_DETECTED,HISTORICAL_CALIBRATION_POPULATION,,0,,,False,CURRENT_OR_HISTORICAL_EXTERNAL_GAME_APPRAISAL_CONTEXT,False,97c429521267cfb70ccdd61e40e11853d100e360,ab5adbfee656d69d0b378145fd66bf5789e0d1b4
PROEYE:71575159,尾　田,,,71575159,,0,,,NO_MATCH_IN_SCREENED_SOURCES,NONE_DETECTED,HISTORICAL_CALIBRATION_POPULATION,,0,,,False,CURRENT_OR_HISTORICAL_EXTERNAL_GAME_APPRAISAL_CONTEXT,False,97c429521267cfb70ccdd61e40e11853d100e360,ab5adbfee656d69d0b378145fd66bf5789e0d1b4
PROEYE:71675116,森　田,,,71675116,,0,,,NO_MATCH_IN_SCREENED_SOURCES,NONE_DETECTED,HISTORICAL_CALIBRATION_POPULATION,,0,,,False,CURRENT_OR_HISTORICAL_EXTERNAL_GAME_APPRAISAL_CONTEXT,False,97c429521267cfb70ccdd61e40e11853d100e360,ab5adbfee656d69d0b378145fd66bf5789e0d1b4
PROEYE:71675132,姫　野,,,71675132,,0,,,NO_MATCH_IN_SCREENED_SOURCES,NONE_DETECTED,HISTORICAL_CALIBRATION_POPULATION,,0,,,False,CURRENT_OR_HISTORICAL_EXTERNAL_GAME_APPRAISAL_CONTEXT,False,97c429521267cfb70ccdd61e40e11853d100e360,ab5adbfee656d69d0b378145fd66bf5789e0d1b4
PROEYE:71675138,牧　野,,,71675138,,0,,,NO_MATCH_IN_SCREENED_SOURCES,NONE_DETECTED,HISTORICAL_CALIBRATION_POPULATION,,0,,,False,CURRENT_OR_HISTORICAL_EXTERNAL_GAME_APPRAISAL_CONTEXT,False,97c429521267cfb70ccdd61e40e11853d100e360,ab5adbfee656d69d0b378145fd66bf5789e0d1b4
PROEYE:71775110,齋　藤,,,71775110,,0,,,NO_MATCH_IN_SCREENED_SOURCES,NONE_DETECTED,HISTORICAL_CALIBRATION_POPULATION,,0,,,False,CURRENT_OR_HISTORICAL_EXTERNAL_GAME_APPRAISAL_CONTEXT,False,97c429521267cfb70ccdd61e40e11853d100e360,ab5adbfee656d69d0b378145fd66bf5789e0d1b4
PROEYE:71775115,後　藤,,,71775115,,0,,,NO_MATCH_IN_SCREENED_SOURCES,NONE_DETECTED,HISTORICAL_CALIBRATION_POPULATION,,0,,,False,CURRENT_OR_HISTORICAL_EXTERNAL_GAME_APPRAISAL_CONTEXT,False,97c429521267cfb70ccdd61e40e11853d100e360,ab5adbfee656d69d0b378145fd66bf5789e0d1b4
PROEYE:71775131,鬼屋敷,,,71775131,,0,,,NO_MATCH_IN_SCREENED_SOURCES,NONE_DETECTED,HISTORICAL_CALIBRATION_POPULATION,,0,,,False,CURRENT_OR_HISTORICAL_EXTERNAL_GAME_APPRAISAL_CONTEXT,False,97c429521267cfb70ccdd61e40e11853d100e360,ab5adbfee656d69d0b378145fd66bf5789e0d1b4
PROEYE:71775134,源　田,,71775134,71775134,,0,41,NO_MLB_PROMOTION_FOUND,NO_MATCH_IN_SCREENED_MLB_AND_SHOW_CROSSWALKS,NONE_DETECTED,CURRENT100_MLB_PROMOTION_OR_APPEARANCE,,0,,,False,CURRENT_OR_HISTORICAL_EXTERNAL_GAME_APPRAISAL_CONTEXT,False,97c429521267cfb70ccdd61e40e11853d100e360,ab5adbfee656d69d0b378145fd66bf5789e0d1b4
PROEYE:71775137,島　井,,,71775137,,0,,,NO_MATCH_IN_SCREENED_SOURCES,NONE_DETECTED,HISTORICAL_CALIBRATION_POPULATION,,0,,,False,CURRENT_OR_HISTORICAL_EXTERNAL_GAME_APPRAISAL_CONTEXT,False,97c429521267cfb70ccdd61e40e11853d100e360,ab5adbfee656d69d0b378145fd66bf5789e0d1b4
PROEYE:71775151,小野寺,,,71775151,,0,,,NO_MATCH_IN_SCREENED_SOURCES,NONE_DETECTED,HISTORICAL_CALIBRATION_POPULATION,,0,,,False,CURRENT_OR_HISTORICAL_EXTERNAL_GAME_APPRAISAL_CONTEXT,False,97c429521267cfb70ccdd61e40e11853d100e360,ab5adbfee656d69d0b378145fd66bf5789e0d1b4
PROEYE:71875133,山　下,,,71875133,,0,,,NO_MATCH_IN_SCREENED_SOURCES,NONE_DETECTED,HISTORICAL_CALIBRATION_POPULATION,,0,,,False,CURRENT_OR_HISTORICAL_EXTERNAL_GAME_APPRAISAL_CONTEXT,False,97c429521267cfb70ccdd61e40e11853d100e360,ab5adbfee656d69d0b378145fd66bf5789e0d1b4
PROEYE:71875155,ブライト,,,71875155,,0,,,NO_MATCH_IN_SCREENED_SOURCES,NONE_DETECTED,HISTORICAL_CALIBRATION_POPULATION,,0,,,False,CURRENT_OR_HISTORICAL_EXTERNAL_GAME_APPRAISAL_CONTEXT,False,97c429521267cfb70ccdd61e40e11853d100e360,ab5adbfee656d69d0b378145fd66bf5789e0d1b4
PROEYE:71975110,竹　原,,,71975110,,0,,,NO_MATCH_IN_SCREENED_SOURCES,NONE_DETECTED,HISTORICAL_CALIBRATION_POPULATION,,0,,,False,CURRENT_OR_HISTORICAL_EXTERNAL_GAME_APPRAISAL_CONTEXT,False,97c429521267cfb70ccdd61e40e11853d100e360,ab5adbfee656d69d0b378145fd66bf5789e0d1b4
PROEYE:71975112,鈴木将,,,71975112,,0,,,NO_MATCH_IN_SCREENED_SOURCES,NONE_DETECTED,HISTORICAL_CALIBRATION_POPULATION,,0,,,False,CURRENT_OR_HISTORICAL_EXTERNAL_GAME_APPRAISAL_CONTEXT,False,97c429521267cfb70ccdd61e40e11853d100e360,ab5adbfee656d69d0b378145fd66bf5789e0d1b4
PROEYE:71975117,小谷野,,,71975117,,0,,,NO_MATCH_IN_SCREENED_SOURCES,NONE_DETECTED,HISTORICAL_CALIBRATION_POPULATION,,0,,,False,CURRENT_OR_HISTORICAL_EXTERNAL_GAME_APPRAISAL_CONTEXT,False,97c429521267cfb70ccdd61e40e11853d100e360,ab5adbfee656d69d0b378145fd66bf5789e0d1b4
PROEYE:71975119,田中雅,,,71975119,,0,,,NO_MATCH_IN_SCREENED_SOURCES,NONE_DETECTED,HISTORICAL_CALIBRATION_POPULATION,,0,,,False,CURRENT_OR_HISTORICAL_EXTERNAL_GAME_APPRAISAL_CONTEXT,False,97c429521267cfb70ccdd61e40e11853d100e360,ab5adbfee656d69d0b378145fd66bf5789e0d1b4
PROEYE:71975135,島　内,,,71975135,,0,,,NO_MATCH_IN_SCREENED_SOURCES,NONE_DETECTED,HISTORICAL_CALIBRATION_POPULATION,,0,,,False,CURRENT_OR_HISTORICAL_EXTERNAL_GAME_APPRAISAL_CONTEXT,False,97c429521267cfb70ccdd61e40e11853d100e360,ab5adbfee656d69d0b378145fd66bf5789e0d1b4
PROEYE:71975136,塩　見,,71975136,71975136,,0,58,NO_MLB_PROMOTION_FOUND,NO_MATCH_IN_SCREENED_MLB_AND_SHOW_CROSSWALKS,NONE_DETECTED,CURRENT100_MLB_PROMOTION_OR_APPEARANCE,,0,,,False,CURRENT_OR_HISTORICAL_EXTERNAL_GAME_APPRAISAL_CONTEXT,False,97c429521267cfb70ccdd61e40e11853d100e360,ab5adbfee656d69d0b378145fd66bf5789e0d1b4
PROEYE:71975138,正　隨,,,71975138,,0,,,NO_MATCH_IN_SCREENED_SOURCES,NONE_DETECTED,HISTORICAL_CALIBRATION_POPULATION,,0,,,False,CURRENT_OR_HISTORICAL_EXTERNAL_GAME_APPRAISAL_CONTEXT,False,97c429521267cfb70ccdd61e40e11853d100e360,ab5adbfee656d69d0b378145fd66bf5789e0d1b4
PROEYE:71975139,園　部,,,71975139,,0,,,NO_MATCH_IN_SCREENED_SOURCES,NONE_DETECTED,HISTORICAL_CALIBRATION_POPULATION,,0,,,False,CURRENT_OR_HISTORICAL_EXTERNAL_GAME_APPRAISAL_CONTEXT,False,97c429521267cfb70ccdd61e40e11853d100e360,ab5adbfee656d69d0b378145fd66bf5789e0d1b4
PROEYE:71975155,阪　口,,,71975155,,0,,,NO_MATCH_IN_SCREENED_SOURCES,NONE_DETECTED,HISTORICAL_CALIBRATION_POPULATION,,0,,,False,CURRENT_OR_HISTORICAL_EXTERNAL_GAME_APPRAISAL_CONTEXT,False,97c429521267cfb70ccdd61e40e11853d100e360,ab5adbfee656d69d0b378145fd66bf5789e0d1b4
PROEYE:71975159,佐藤啓,,,71975159,,0,,,NO_MATCH_IN_SCREENED_SOURCES,NONE_DETECTED,HISTORICAL_CALIBRATION_POPULATION,,0,,,False,CURRENT_OR_HISTORICAL_EXTERNAL_GAME_APPRAISAL_CONTEXT,False,97c429521267cfb70ccdd61e40e11853d100e360,ab5adbfee656d69d0b378145fd66bf5789e0d1b4
PROEYE:73075153,アルバレス,Dariel Alvarez,,73075153,,0,,,MLB_LOWER_BOUND_MATCH,NONE_DETECTED,MLB_TO_NPB_FOREIGN,,0,,,True,CURRENT_OR_HISTORICAL_EXTERNAL_GAME_APPRAISAL_CONTEXT,False,97c429521267cfb70ccdd61e40e11853d100e360,ab5adbfee656d69d0b378145fd66bf5789e0d1b4
PROEYE:73075155,バレラ,Breyvic Valera,,73075155,591971,1,,,MLB_LOWER_BOUND_MATCH,NONE_DETECTED,MLB_TO_NPB_FOREIGN,,21,2021,21,True,CURRENT_OR_HISTORICAL_EXTERNAL_GAME_APPRAISAL_CONTEXT,False,97c429521267cfb70ccdd61e40e11853d100e360,ab5adbfee656d69d0b378145fd66bf5789e0d1b4
PROEYE:73175134,宗　接,,,73175134,,0,,,NO_MATCH_IN_SCREENED_SOURCES,NONE_DETECTED,HISTORICAL_CALIBRATION_POPULATION,,0,,,False,CURRENT_OR_HISTORICAL_EXTERNAL_GAME_APPRAISAL_CONTEXT,False,97c429521267cfb70ccdd61e40e11853d100e360,ab5adbfee656d69d0b378145fd66bf5789e0d1b4
PROEYE:73175135,ニック,,,73175135,,0,,,NO_MATCH_IN_SCREENED_SOURCES,NONE_DETECTED,HISTORICAL_CALIBRATION_POPULATION,,0,,,False,CURRENT_OR_HISTORICAL_EXTERNAL_GAME_APPRAISAL_CONTEXT,False,97c429521267cfb70ccdd61e40e11853d100e360,ab5adbfee656d69d0b378145fd66bf5789e0d1b4
PROEYE:73175136,山　﨑,,,73175136,,0,,,NO_MATCH_IN_SCREENED_SOURCES,NONE_DETECTED,HISTORICAL_CALIBRATION_POPULATION,,0,,,False,CURRENT_OR_HISTORICAL_EXTERNAL_GAME_APPRAISAL_CONTEXT,False,97c429521267cfb70ccdd61e40e11853d100e360,ab5adbfee656d69d0b378145fd66bf5789e0d1b4
PROEYE:73175138,渡邊 佳明,,73175138,73175138,,0,64,NO_MLB_PROMOTION_FOUND,NO_MATCH_IN_SCREENED_MLB_AND_SHOW_CROSSWALKS,NONE_DETECTED,CURRENT100_MLB_PROMOTION_OR_APPEARANCE,,0,,,False,CURRENT_OR_HISTORICAL_EXTERNAL_GAME_APPRAISAL_CONTEXT,False,97c429521267cfb70ccdd61e40e11853d100e360,ab5adbfee656d69d0b378145fd66bf5789e0d1b4
PROEYE:73175151,柳　町,,73175151,73175151,,0,80,NO_MLB_PROMOTION_FOUND,NO_MATCH_IN_SCREENED_MLB_AND_SHOW_CROSSWALKS,NONE_DETECTED,CURRENT100_MLB_PROMOTION_OR_APPEARANCE,,0,,,False,CURRENT_OR_HISTORICAL_EXTERNAL_GAME_APPRAISAL_CONTEXT,False,97c429521267cfb70ccdd61e40e11853d100e360,ab5adbfee656d69d0b378145fd66bf5789e0d1b4
PROEYE:73275157,ハンソン,Alen Hanson,,73275157,,0,,,MLB_LOWER_BOUND_MATCH,NONE_DETECTED,MLB_TO_NPB_FOREIGN,,0,,,True,CURRENT_OR_HISTORICAL_EXTERNAL_GAME_APPRAISAL_CONTEXT,False,97c429521267cfb70ccdd61e40e11853d100e360,ab5adbfee656d69d0b378145fd66bf5789e0d1b4
PROEYE:73375132,渡　邉,,,73375132,,0,,,NO_MATCH_IN_SCREENED_SOURCES,NONE_DETECTED,HISTORICAL_CALIBRATION_POPULATION,,0,,,False,CURRENT_OR_HISTORICAL_EXTERNAL_GAME_APPRAISAL_CONTEXT,False,97c429521267cfb70ccdd61e40e11853d100e360,ab5adbfee656d69d0b378145fd66bf5789e0d1b4
PROEYE:73375134,吉川 尚輝,,73375134,73375134,,0,88,NO_MLB_PROMOTION_FOUND,NO_MATCH_IN_SCREENED_MLB_AND_SHOW_CROSSWALKS,NONE_DETECTED,CURRENT100_MLB_PROMOTION_OR_APPEARANCE,,0,,,False,CURRENT_OR_HISTORICAL_EXTERNAL_GAME_APPRAISAL_CONTEXT,False,97c429521267cfb70ccdd61e40e11853d100e360,ab5adbfee656d69d0b378145fd66bf5789e0d1b4
PROEYE:73375151,オースティン,Tyler Austin,,73375151,,1,,,MLB_LOWER_BOUND_MATCH,NONE_DETECTED,MLB_TO_NPB_FOREIGN,,18,2026,26,True,CURRENT_OR_HISTORICAL_EXTERNAL_GAME_APPRAISAL_CONTEXT,False,97c429521267cfb70ccdd61e40e11853d100e360,ab5adbfee656d69d0b378145fd66bf5789e0d1b4
PROEYE:73575151,ジョーンズ,Adam Jones,,73575151,,0,,,MLB_LOWER_BOUND_MATCH,NONE_DETECTED,MLB_TO_NPB_FOREIGN,,0,,,True,CURRENT_OR_HISTORICAL_EXTERNAL_GAME_APPRAISAL_CONTEXT,False,97c429521267cfb70ccdd61e40e11853d100e360,ab5adbfee656d69d0b378145fd66bf5789e0d1b4
PROEYE:73575153,渡部健,,,73575153,,0,,,NO_MATCH_IN_SCREENED_SOURCES,NONE_DETECTED,HISTORICAL_CALIBRATION_POPULATION,,0,,,False,CURRENT_OR_HISTORICAL_EXTERNAL_GAME_APPRAISAL_CONTEXT,False,97c429521267cfb70ccdd61e40e11853d100e360,ab5adbfee656d69d0b378145fd66bf5789e0d1b4
PROEYE:73975157,ノイジー,Sheldon Neuse,,73975157,641914,2,,,MLB_LOWER_BOUND_MATCH,NONE_DETECTED,MLB_TO_NPB_FOREIGN,,43,"2021,2022","21,22",True,CURRENT_OR_HISTORICAL_EXTERNAL_GAME_APPRAISAL_CONTEXT,False,97c429521267cfb70ccdd61e40e11853d100e360,ab5adbfee656d69d0b378145fd66bf5789e0d1b4
PROEYE:81085114,田　中,,,81085114,,0,,,NO_MATCH_IN_SCREENED_SOURCES,NONE_DETECTED,HISTORICAL_CALIBRATION_POPULATION,,0,,,False,CURRENT_OR_HISTORICAL_EXTERNAL_GAME_APPRAISAL_CONTEXT,False,97c429521267cfb70ccdd61e40e11853d100e360,ab5adbfee656d69d0b378145fd66bf5789e0d1b4
PROEYE:81085115,中　村,,,81085115,,0,,,NO_MATCH_IN_SCREENED_SOURCES,NONE_DETECTED,HISTORICAL_CALIBRATION_POPULATION,,0,,,False,CURRENT_OR_HISTORICAL_EXTERNAL_GAME_APPRAISAL_CONTEXT,False,97c429521267cfb70ccdd61e40e11853d100e360,ab5adbfee656d69d0b378145fd66bf5789e0d1b4
PROEYE:81085118,仲　澤,,,81085118,,0,,,NO_MATCH_IN_SCREENED_SOURCES,NONE_DETECTED,HISTORICAL_CALIBRATION_POPULATION,,0,,,False,CURRENT_OR_HISTORICAL_EXTERNAL_GAME_APPRAISAL_CONTEXT,False,97c429521267cfb70ccdd61e40e11853d100e360,ab5adbfee656d69d0b378145fd66bf5789e0d1b4
PROEYE:81085133,靍　岡,,,81085133,,0,,,NO_MATCH_IN_SCREENED_SOURCES,NONE_DETECTED,HISTORICAL_CALIBRATION_POPULATION,,0,,,False,CURRENT_OR_HISTORICAL_EXTERNAL_GAME_APPRAISAL_CONTEXT,False,97c429521267cfb70ccdd61e40e11853d100e360,ab5adbfee656d69d0b378145fd66bf5789e0d1b4
PROEYE:81085136,田中俊,,,81085136,,0,,,NO_MATCH_IN_SCREENED_SOURCES,NONE_DETECTED,HISTORICAL_CALIBRATION_POPULATION,,0,,,False,CURRENT_OR_HISTORICAL_EXTERNAL_GAME_APPRAISAL_CONTEXT,False,97c429521267cfb70ccdd61e40e11853d100e360,ab5adbfee656d69d0b378145fd66bf5789e0d1b4
PROEYE:81085137,古　本,,,81085137,,0,,,NO_MATCH_IN_SCREENED_SOURCES,NONE_DETECTED,HISTORICAL_CALIBRATION_POPULATION,,0,,,False,CURRENT_OR_HISTORICAL_EXTERNAL_GAME_APPRAISAL_CONTEXT,False,97c429521267cfb70ccdd61e40e11853d100e360,ab5adbfee656d69d0b378145fd66bf5789e0d1b4
PROEYE:81085138,頓　宮,,,81085138,,0,,,NO_MATCH_IN_SCREENED_SOURCES,NONE_DETECTED,HISTORICAL_CALIBRATION_POPULATION,,0,,,False,CURRENT_OR_HISTORICAL_EXTERNAL_GAME_APPRAISAL_CONTEXT,False,97c429521267cfb70ccdd61e40e11853d100e360,ab5adbfee656d69d0b378145fd66bf5789e0d1b4
PROEYE:81185112,井　野,,,81185112,,0,,,NO_MATCH_IN_SCREENED_SOURCES,NONE_DETECTED,HISTORICAL_CALIBRATION_POPULATION,,0,,,False,CURRENT_OR_HISTORICAL_EXTERNAL_GAME_APPRAISAL_CONTEXT,False,97c429521267cfb70ccdd61e40e11853d100e360,ab5adbfee656d69d0b378145fd66bf5789e0d1b4
PROEYE:81185114,岩　﨑,,,81185114,,0,,,NO_MATCH_IN_SCREENED_SOURCES,NONE_DETECTED,HISTORICAL_CALIBRATION_POPULATION,,0,,,False,CURRENT_OR_HISTORICAL_EXTERNAL_GAME_APPRAISAL_CONTEXT,False,97c429521267cfb70ccdd61e40e11853d100e360,ab5adbfee656d69d0b378145fd66bf5789e0d1b4
PROEYE:81185116,伊　藤,,,81185116,,0,,,NO_MATCH_IN_SCREENED_SOURCES,NONE_DETECTED,HISTORICAL_CALIBRATION_POPULATION,,0,,,False,CURRENT_OR_HISTORICAL_EXTERNAL_GAME_APPRAISAL_CONTEXT,False,97c429521267cfb70ccdd61e40e11853d100e360,ab5adbfee656d69d0b378145fd66bf5789e0d1b4
PROEYE:81185118,猪　本,,,81185118,,0,,,NO_MATCH_IN_SCREENED_SOURCES,NONE_DETECTED,HISTORICAL_CALIBRATION_POPULATION,,0,,,False,CURRENT_OR_HISTORICAL_EXTERNAL_GAME_APPRAISAL_CONTEXT,False,97c429521267cfb70ccdd61e40e11853d100e360,ab5adbfee656d69d0b378145fd66bf5789e0d1b4
PROEYE:81185131,市　川,,,81185131,,0,,,NO_MATCH_IN_SCREENED_SOURCES,NONE_DETECTED,HISTORICAL_CALIBRATION_POPULATION,,0,,,False,CURRENT_OR_HISTORICAL_EXTERNAL_GAME_APPRAISAL_CONTEXT,False,97c429521267cfb70ccdd61e40e11853d100e360,ab5adbfee656d69d0b378145fd66bf5789e0d1b4
PROEYE:81185133,磯　村,,,81185133,,0,,,NO_MATCH_IN_SCREENED_SOURCES,NONE_DETECTED,HISTORICAL_CALIBRATION_POPULATION,,0,,,False,CURRENT_OR_HISTORICAL_EXTERNAL_GAME_APPRAISAL_CONTEXT,False,97c429521267cfb70ccdd61e40e11853d100e360,ab5adbfee656d69d0b378145fd66bf5789e0d1b4
PROEYE:81185134,糸　原,,,81185134,,0,,,NO_MATCH_IN_SCREENED_SOURCES,NONE_DETECTED,HISTORICAL_CALIBRATION_POPULATION,,0,,,False,CURRENT_OR_HISTORICAL_EXTERNAL_GAME_APPRAISAL_CONTEXT,False,97c429521267cfb70ccdd61e40e11853d100e360,ab5adbfee656d69d0b378145fd66bf5789e0d1b4
PROEYE:81185135,伊藤隼,,,81185135,,0,,,NO_MATCH_IN_SCREENED_SOURCES,NONE_DETECTED,HISTORICAL_CALIBRATION_POPULATION,,0,,,False,CURRENT_OR_HISTORICAL_EXTERNAL_GAME_APPRAISAL_CONTEXT,False,97c429521267cfb70ccdd61e40e11853d100e360,ab5adbfee656d69d0b378145fd66bf5789e0d1b4
PROEYE:81185136,伊藤康,,,81185136,,0,,,NO_MATCH_IN_SCREENED_SOURCES,NONE_DETECTED,HISTORICAL_CALIBRATION_POPULATION,,0,,,False,CURRENT_OR_HISTORICAL_EXTERNAL_GAME_APPRAISAL_CONTEXT,False,97c429521267cfb70ccdd61e40e11853d100e360,ab5adbfee656d69d0b378145fd66bf5789e0d1b4
PROEYE:81185139,石　川,,,81185139,,0,,,NO_MATCH_IN_SCREENED_SOURCES,NONE_DETECTED,HISTORICAL_CALIBRATION_POPULATION,,0,,,False,CURRENT_OR_HISTORICAL_EXTERNAL_GAME_APPRAISAL_CONTEXT,False,97c429521267cfb70ccdd61e40e11853d100e360,ab5adbfee656d69d0b378145fd66bf5789e0d1b4
PROEYE:81185159,伊　藤,,,81185159,,0,,,NO_MATCH_IN_SCREENED_SOURCES,NONE_DETECTED,HISTORICAL_CALIBRATION_POPULATION,,0,,,False,CURRENT_OR_HISTORICAL_EXTERNAL_GAME_APPRAISAL_CONTEXT,False,97c429521267cfb70ccdd61e40e11853d100e360,ab5adbfee656d69d0b378145fd66bf5789e0d1b4
PROEYE:81285110,星　秀,,,81285110,,0,,,NO_MATCH_IN_SCREENED_SOURCES,NONE_DETECTED,HISTORICAL_CALIBRATION_POPULATION,,0,,,False,CURRENT_OR_HISTORICAL_EXTERNAL_GAME_APPRAISAL_CONTEXT,False,97c429521267cfb70ccdd61e40e11853d100e360,ab5adbfee656d69d0b378145fd66bf5789e0d1b4
PROEYE:81285130,友　永,,,81285130,,0,,,NO_MATCH_IN_SCREENED_SOURCES,NONE_DETECTED,HISTORICAL_CALIBRATION_POPULATION,,0,,,False,CURRENT_OR_HISTORICAL_EXTERNAL_GAME_APPRAISAL_CONTEXT,False,97c429521267cfb70ccdd61e40e11853d100e360,ab5adbfee656d69d0b378145fd66bf5789e0d1b4
PROEYE:81285136,中村奨,,,81285136,,0,,,NO_MATCH_IN_SCREENED_SOURCES,NONE_DETECTED,HISTORICAL_CALIBRATION_POPULATION,,0,,,False,CURRENT_OR_HISTORICAL_EXTERNAL_GAME_APPRAISAL_CONTEXT,False,97c429521267cfb70ccdd61e40e11853d100e360,ab5adbfee656d69d0b378145fd66bf5789e0d1b4
PROEYE:81285137,溝　脇,,,81285137,,0,,,NO_MATCH_IN_SCREENED_SOURCES,NONE_DETECTED,HISTORICAL_CALIBRATION_POPULATION,,0,,,False,CURRENT_OR_HISTORICAL_EXTERNAL_GAME_APPRAISAL_CONTEXT,False,97c429521267cfb70ccdd61e40e11853d100e360,ab5adbfee656d69d0b378145fd66bf5789e0d1b4
PROEYE:81285138,根　尾,,,81285138,,0,,,NO_MATCH_IN_SCREENED_SOURCES,NONE_DETECTED,HISTORICAL_CALIBRATION_POPULATION,,0,,,False,CURRENT_OR_HISTORICAL_EXTERNAL_GAME_APPRAISAL_CONTEXT,False,97c429521267cfb70ccdd61e40e11853d100e360,ab5adbfee656d69d0b378145fd66bf5789e0d1b4
PROEYE:81385110,亀　井,,,81385110,,0,,,NO_MATCH_IN_SCREENED_SOURCES,NONE_DETECTED,HISTORICAL_CALIBRATION_POPULATION,,0,,,False,CURRENT_OR_HISTORICAL_EXTERNAL_GAME_APPRAISAL_CONTEXT,False,97c429521267cfb70ccdd61e40e11853d100e360,ab5adbfee656d69d0b378145fd66bf5789e0d1b4
PROEYE:81385118,岡　田,,,81385118,,0,,,NO_MATCH_IN_SCREENED_SOURCES,NONE_DETECTED,HISTORICAL_CALIBRATION_POPULATION,,0,,,False,CURRENT_OR_HISTORICAL_EXTERNAL_GAME_APPRAISAL_CONTEXT,False,97c429521267cfb70ccdd61e40e11853d100e360,ab5adbfee656d69d0b378145fd66bf5789e0d1b4
PROEYE:81385130,太　田,,,81385130,,0,,,NO_MATCH_IN_SCREENED_SOURCES,NONE_DETECTED,HISTORICAL_CALIBRATION_POPULATION,,0,,,False,CURRENT_OR_HISTORICAL_EXTERNAL_GAME_APPRAISAL_CONTEXT,False,97c429521267cfb70ccdd61e40e11853d100e360,ab5adbfee656d69d0b378145fd66bf5789e0d1b4
PROEYE:81385131,大嶺翔,,,81385131,,0,,,NO_MATCH_IN_SCREENED_SOURCES,NONE_DETECTED,HISTORICAL_CALIBRATION_POPULATION,,0,,,False,CURRENT_OR_HISTORICAL_EXTERNAL_GAME_APPRAISAL_CONTEXT,False,97c429521267cfb70ccdd61e40e11853d100e360,ab5adbfee656d69d0b378145fd66bf5789e0d1b4
PROEYE:81385137,緒　方,,,81385137,,0,,,NO_MATCH_IN_SCREENED_SOURCES,NONE_DETECTED,HISTORICAL_CALIBRATION_POPULATION,,0,,,False,CURRENT_OR_HISTORICAL_EXTERNAL_GAME_APPRAISAL_CONTEXT,False,97c429521267cfb70ccdd61e40e11853d100e360,ab5adbfee656d69d0b378145fd66bf5789e0d1b4
PROEYE:81385138,小　郷,,,81385138,,0,,,NO_MATCH_IN_SCREENED_SOURCES,NONE_DETECTED,HISTORICAL_CALIBRATION_POPULATION,,0,,,False,CURRENT_OR_HISTORICAL_EXTERNAL_GAME_APPRAISAL_CONTEXT,False,97c429521267cfb70ccdd61e40e11853d100e360,ab5adbfee656d69d0b378145fd66bf5789e0d1b4
PROEYE:81385151,海　野,,81385151,81385151,,0,83,NO_MLB_PROMOTION_FOUND,NO_MATCH_IN_SCREENED_MLB_AND_SHOW_CROSSWALKS,NONE_DETECTED,CURRENT100_MLB_PROMOTION_OR_APPEARANCE,,0,,,False,CURRENT_OR_HISTORICAL_EXTERNAL_GAME_APPRAISAL_CONTEXT,False,97c429521267cfb70ccdd61e40e11853d100e360,ab5adbfee656d69d0b378145fd66bf5789e0d1b4
PROEYE:81385155,岡　田,,,81385155,,0,,,NO_MATCH_IN_SCREENED_SOURCES,NONE_DETECTED,HISTORICAL_CALIBRATION_POPULATION,,0,,,False,CURRENT_OR_HISTORICAL_EXTERNAL_GAME_APPRAISAL_CONTEXT,False,97c429521267cfb70ccdd61e40e11853d100e360,ab5adbfee656d69d0b378145fd66bf5789e0d1b4
PROEYE:81485112,枡　田,,,81485112,,0,,,NO_MATCH_IN_SCREENED_SOURCES,NONE_DETECTED,HISTORICAL_CALIBRATION_POPULATION,,0,,,False,CURRENT_OR_HISTORICAL_EXTERNAL_GAME_APPRAISAL_CONTEXT,False,97c429521267cfb70ccdd61e40e11853d100e360,ab5adbfee656d69d0b378145fd66bf5789e0d1b4
PROEYE:81485116,三　輪,,,81485116,,0,,,NO_MATCH_IN_SCREENED_SOURCES,NONE_DETECTED,HISTORICAL_CALIBRATION_POPULATION,,0,,,False,CURRENT_OR_HISTORICAL_EXTERNAL_GAME_APPRAISAL_CONTEXT,False,97c429521267cfb70ccdd61e40e11853d100e360,ab5adbfee656d69d0b378145fd66bf5789e0d1b4
PROEYE:81485117,村　田,,,81485117,,0,,,NO_MATCH_IN_SCREENED_SOURCES,NONE_DETECTED,HISTORICAL_CALIBRATION_POPULATION,,0,,,False,CURRENT_OR_HISTORICAL_EXTERNAL_GAME_APPRAISAL_CONTEXT,False,97c429521267cfb70ccdd61e40e11853d100e360,ab5adbfee656d69d0b378145fd66bf5789e0d1b4
PROEYE:81485130,フェルナンド,,,81485130,,0,,,NO_MATCH_IN_SCREENED_SOURCES,NONE_DETECTED,HISTORICAL_CALIBRATION_POPULATION,,0,,,False,CURRENT_OR_HISTORICAL_EXTERNAL_GAME_APPRAISAL_CONTEXT,False,97c429521267cfb70ccdd61e40e11853d100e360,ab5adbfee656d69d0b378145fd66bf5789e0d1b4
PROEYE:81485151,樋　口,,,81485151,,0,,,NO_MATCH_IN_SCREENED_SOURCES,NONE_DETECTED,HISTORICAL_CALIBRATION_POPULATION,,0,,,False,CURRENT_OR_HISTORICAL_EXTERNAL_GAME_APPRAISAL_CONTEXT,False,97c429521267cfb70ccdd61e40e11853d100e360,ab5adbfee656d69d0b378145fd66bf5789e0d1b4
PROEYE:81485155,野　口,,,81485155,,0,,,NO_MATCH_IN_SCREENED_SOURCES,NONE_DETECTED,HISTORICAL_CALIBRATION_POPULATION,,0,,,False,CURRENT_OR_HISTORICAL_EXTERNAL_GAME_APPRAISAL_CONTEXT,False,97c429521267cfb70ccdd61e40e11853d100e360,ab5adbfee656d69d0b378145fd66bf5789e0d1b4
PROEYE:81485157,萩　尾,,,81485157,,0,,,NO_MATCH_IN_SCREENED_SOURCES,NONE_DETECTED,HISTORICAL_CALIBRATION_POPULATION,,0,,,False,CURRENT_OR_HISTORICAL_EXTERNAL_GAME_APPRAISAL_CONTEXT,False,97c429521267cfb70ccdd61e40e11853d100e360,ab5adbfee656d69d0b378145fd66bf5789e0d1b4
PROEYE:81585112,川　島,,,81585112,,0,,,NO_MATCH_IN_SCREENED_SOURCES,NONE_DETECTED,HISTORICAL_CALIBRATION_POPULATION,,0,,,False,CURRENT_OR_HISTORICAL_EXTERNAL_GAME_APPRAISAL_CONTEXT,False,97c429521267cfb70ccdd61e40e11853d100e360,ab5adbfee656d69d0b378145fd66bf5789e0d1b4
PROEYE:81585131,河　野,,,81585131,,0,,,NO_MATCH_IN_SCREENED_SOURCES,NONE_DETECTED,HISTORICAL_CALIBRATION_POPULATION,,0,,,False,CURRENT_OR_HISTORICAL_EXTERNAL_GAME_APPRAISAL_CONTEXT,False,97c429521267cfb70ccdd61e40e11853d100e360,ab5adbfee656d69d0b378145fd66bf5789e0d1b4
PROEYE:81585132,川　越,,,81585132,,0,,,NO_MATCH_IN_SCREENED_SOURCES,NONE_DETECTED,HISTORICAL_CALIBRATION_POPULATION,,0,,,False,CURRENT_OR_HISTORICAL_EXTERNAL_GAME_APPRAISAL_CONTEXT,False,97c429521267cfb70ccdd61e40e11853d100e360,ab5adbfee656d69d0b378145fd66bf5789e0d1b4
PROEYE:81585134,京　田,,81585134,81585134,,0,66,NO_MLB_PROMOTION_FOUND,NO_MATCH_IN_SCREENED_MLB_AND_SHOW_CROSSWALKS,NONE_DETECTED,CURRENT100_MLB_PROMOTION_OR_APPEARANCE,,0,,,False,CURRENT_OR_HISTORICAL_EXTERNAL_GAME_APPRAISAL_CONTEXT,False,97c429521267cfb70ccdd61e40e11853d100e360,ab5adbfee656d69d0b378145fd66bf5789e0d1b4
PROEYE:81585136,熊　谷,,,81585136,,0,,,NO_MATCH_IN_SCREENED_SOURCES,NONE_DETECTED,HISTORICAL_CALIBRATION_POPULATION,,0,,,False,CURRENT_OR_HISTORICAL_EXTERNAL_GAME_APPRAISAL_CONTEXT,False,97c429521267cfb70ccdd61e40e11853d100e360,ab5adbfee656d69d0b378145fd66bf5789e0d1b4
PROEYE:81585151,岡　林,,81585151,81585151,,0,13,NO_MLB_PROMOTION_FOUND,NO_MATCH_IN_SCREENED_MLB_AND_SHOW_CROSSWALKS,NONE_DETECTED,CURRENT100_MLB_PROMOTION_OR_APPEARANCE,,0,,,False,CURRENT_OR_HISTORICAL_EXTERNAL_GAME_APPRAISAL_CONTEXT,False,97c429521267cfb70ccdd61e40e11853d100e360,ab5adbfee656d69d0b378145fd66bf5789e0d1b4
PROEYE:81585153,緒　方,,,81585153,,0,,,NO_MATCH_IN_SCREENED_SOURCES,NONE_DETECTED,HISTORICAL_CALIBRATION_POPULATION,,0,,,False,CURRENT_OR_HISTORICAL_EXTERNAL_GAME_APPRAISAL_CONTEXT,False,97c429521267cfb70ccdd61e40e11853d100e360,ab5adbfee656d69d0b378145fd66bf5789e0d1b4
PROEYE:81585157,久　保,,,81585157,,0,,,NO_MATCH_IN_SCREENED_SOURCES,NONE_DETECTED,HISTORICAL_CALIBRATION_POPULATION,,0,,,False,CURRENT_OR_HISTORICAL_EXTERNAL_GAME_APPRAISAL_CONTEXT,False,97c429521267cfb70ccdd61e40e11853d100e360,ab5adbfee656d69d0b378145fd66bf5789e0d1b4
PROEYE:81685112,柳　田,,,81685112,,0,,,NO_MATCH_IN_SCREENED_SOURCES,NONE_DETECTED,HISTORICAL_CALIBRATION_POPULATION,,0,,,False,CURRENT_OR_HISTORICAL_EXTERNAL_GAME_APPRAISAL_CONTEXT,False,97c429521267cfb70ccdd61e40e11853d100e360,ab5adbfee656d69d0b378145fd66bf5789e0d1b4
PROEYE:81685117,林威助,,,81685117,,0,,,NO_MATCH_IN_SCREENED_SOURCES,NONE_DETECTED,HISTORICAL_CALIBRATION_POPULATION,,0,,,False,CURRENT_OR_HISTORICAL_EXTERNAL_GAME_APPRAISAL_CONTEXT,False,97c429521267cfb70ccdd61e40e11853d100e360,ab5adbfee656d69d0b378145fd66bf5789e0d1b4
PROEYE:81685118,山　崎,,,81685118,,0,,,NO_MATCH_IN_SCREENED_SOURCES,NONE_DETECTED,HISTORICAL_CALIBRATION_POPULATION,,0,,,False,CURRENT_OR_HISTORICAL_EXTERNAL_GAME_APPRAISAL_CONTEXT,False,97c429521267cfb70ccdd61e40e11853d100e360,ab5adbfee656d69d0b378145fd66bf5789e0d1b4
PROEYE:81685132,船　越,,,81685132,,0,,,NO_MATCH_IN_SCREENED_SOURCES,NONE_DETECTED,HISTORICAL_CALIBRATION_POPULATION,,0,,,False,CURRENT_OR_HISTORICAL_EXTERNAL_GAME_APPRAISAL_CONTEXT,False,97c429521267cfb70ccdd61e40e11853d100e360,ab5adbfee656d69d0b378145fd66bf5789e0d1b4
PROEYE:81685133,森　越,,,81685133,,0,,,NO_MATCH_IN_SCREENED_SOURCES,NONE_DETECTED,HISTORICAL_CALIBRATION_POPULATION,,0,,,False,CURRENT_OR_HISTORICAL_EXTERNAL_GAME_APPRAISAL_CONTEXT,False,97c429521267cfb70ccdd61e40e11853d100e360,ab5adbfee656d69d0b378145fd66bf5789e0d1b4
PROEYE:81685139,渡　邉,,,81685139,,0,,,NO_MATCH_IN_SCREENED_SOURCES,NONE_DETECTED,HISTORICAL_CALIBRATION_POPULATION,,0,,,False,CURRENT_OR_HISTORICAL_EXTERNAL_GAME_APPRAISAL_CONTEXT,False,97c429521267cfb70ccdd61e40e11853d100e360,ab5adbfee656d69d0b378145fd66bf5789e0d1b4
PROEYE:81685153,長谷川,,,81685153,,0,,,NO_MATCH_IN_SCREENED_SOURCES,NONE_DETECTED,HISTORICAL_CALIBRATION_POPULATION,,0,,,False,CURRENT_OR_HISTORICAL_EXTERNAL_GAME_APPRAISAL_CONTEXT,False,97c429521267cfb70ccdd61e40e11853d100e360,ab5adbfee656d69d0b378145fd66bf5789e0d1b4
PROEYE:81685157,福　永,,81685157,81685157,,0,19,NO_MLB_PROMOTION_FOUND,NO_MATCH_IN_SCREENED_MLB_AND_SHOW_CROSSWALKS,NONE_DETECTED,CURRENT100_MLB_PROMOTION_OR_APPEARANCE,,0,,,False,CURRENT_OR_HISTORICAL_EXTERNAL_GAME_APPRAISAL_CONTEXT,False,97c429521267cfb70ccdd61e40e11853d100e360,ab5adbfee656d69d0b378145fd66bf5789e0d1b4
PROEYE:81783884,関　本,,,81783884,,0,,,NO_MATCH_IN_SCREENED_SOURCES,NONE_DETECTED,HISTORICAL_CALIBRATION_POPULATION,,0,,,False,CURRENT_OR_HISTORICAL_EXTERNAL_GAME_APPRAISAL_CONTEXT,False,97c429521267cfb70ccdd61e40e11853d100e360,ab5adbfee656d69d0b378145fd66bf5789e0d1b4
PROEYE:81785114,神　戸,,,81785114,,0,,,NO_MATCH_IN_SCREENED_SOURCES,NONE_DETECTED,HISTORICAL_CALIBRATION_POPULATION,,0,,,False,CURRENT_OR_HISTORICAL_EXTERNAL_GAME_APPRAISAL_CONTEXT,False,97c429521267cfb70ccdd61e40e11853d100e360,ab5adbfee656d69d0b378145fd66bf5789e0d1b4
PROEYE:81785118,杉　谷,,,81785118,,0,,,NO_MATCH_IN_SCREENED_SOURCES,NONE_DETECTED,HISTORICAL_CALIBRATION_POPULATION,,0,,,False,CURRENT_OR_HISTORICAL_EXTERNAL_GAME_APPRAISAL_CONTEXT,False,97c429521267cfb70ccdd61e40e11853d100e360,ab5adbfee656d69d0b378145fd66bf5789e0d1b4
PROEYE:81785130,近　藤,,,81785130,,0,,,NO_MATCH_IN_SCREENED_SOURCES,NONE_DETECTED,HISTORICAL_CALIBRATION_POPULATION,,0,,,False,CURRENT_OR_HISTORICAL_EXTERNAL_GAME_APPRAISAL_CONTEXT,False,97c429521267cfb70ccdd61e40e11853d100e360,ab5adbfee656d69d0b378145fd66bf5789e0d1b4
PROEYE:81785131,庄　司,,,81785131,,0,,,NO_MATCH_IN_SCREENED_SOURCES,NONE_DETECTED,HISTORICAL_CALIBRATION_POPULATION,,0,,,False,CURRENT_OR_HISTORICAL_EXTERNAL_GAME_APPRAISAL_CONTEXT,False,97c429521267cfb70ccdd61e40e11853d100e360,ab5adbfee656d69d0b378145fd66bf5789e0d1b4
PROEYE:81785133,後　藤,,,81785133,,0,,,NO_MATCH_IN_SCREENED_SOURCES,NONE_DETECTED,HISTORICAL_CALIBRATION_POPULATION,,0,,,False,CURRENT_OR_HISTORICAL_EXTERNAL_GAME_APPRAISAL_CONTEXT,False,97c429521267cfb70ccdd61e40e11853d100e360,ab5adbfee656d69d0b378145fd66bf5789e0d1b4
PROEYE:81785137,鈴　木,Seiya Suzuki,,81785137,673548,5,,,MATCHED_ID_OR_HIGH_CONFIDENCE_NAME,NONE_DETECTED,NPB_TO_MLB,NPB_TO_MLB,117,"2022,2023,2024,2025,2026","22,23,24,25,26",True,CURRENT_OR_HISTORICAL_EXTERNAL_GAME_APPRAISAL_CONTEXT,False,97c429521267cfb70ccdd61e40e11853d100e360,ab5adbfee656d69d0b378145fd66bf5789e0d1b4
PROEYE:81785153,川原田,,,81785153,,0,,,NO_MATCH_IN_SCREENED_SOURCES,NONE_DETECTED,HISTORICAL_CALIBRATION_POPULATION,,0,,,False,CURRENT_OR_HISTORICAL_EXTERNAL_GAME_APPRAISAL_CONTEXT,False,97c429521267cfb70ccdd61e40e11853d100e360,ab5adbfee656d69d0b378145fd66bf5789e0d1b4
PROEYE:81785155,古　賀,,81785155,81785155,,0,39,NO_MLB_PROMOTION_FOUND,NO_MATCH_IN_SCREENED_MLB_AND_SHOW_CROSSWALKS,NONE_DETECTED,CURRENT100_MLB_PROMOTION_OR_APPEARANCE,,0,,,False,CURRENT_OR_HISTORICAL_EXTERNAL_GAME_APPRAISAL_CONTEXT,False,97c429521267cfb70ccdd61e40e11853d100e360,ab5adbfee656d69d0b378145fd66bf5789e0d1b4
PROEYE:81885114,渡辺直,,,81885114,,0,,,NO_MATCH_IN_SCREENED_SOURCES,NONE_DETECTED,HISTORICAL_CALIBRATION_POPULATION,,0,,,False,CURRENT_OR_HISTORICAL_EXTERNAL_GAME_APPRAISAL_CONTEXT,False,97c429521267cfb70ccdd61e40e11853d100e360,ab5adbfee656d69d0b378145fd66bf5789e0d1b4
PROEYE:81885130,山　下,,,81885130,,0,,,NO_MATCH_IN_SCREENED_SOURCES,NONE_DETECTED,HISTORICAL_CALIBRATION_POPULATION,,0,,,False,CURRENT_OR_HISTORICAL_EXTERNAL_GAME_APPRAISAL_CONTEXT,False,97c429521267cfb70ccdd61e40e11853d100e360,ab5adbfee656d69d0b378145fd66bf5789e0d1b4
PROEYE:81885136,安　田,,81885136,81885136,,0,32,NO_MLB_PROMOTION_FOUND,NO_MATCH_IN_SCREENED_MLB_AND_SHOW_CROSSWALKS,NONE_DETECTED,CURRENT100_MLB_PROMOTION_OR_APPEARANCE,,0,,,False,CURRENT_OR_HISTORICAL_EXTERNAL_GAME_APPRAISAL_CONTEXT,False,97c429521267cfb70ccdd61e40e11853d100e360,ab5adbfee656d69d0b378145fd66bf5789e0d1b4
PROEYE:81885151,持　丸,,,81885151,,0,,,NO_MATCH_IN_SCREENED_SOURCES,NONE_DETECTED,HISTORICAL_CALIBRATION_POPULATION,,0,,,False,CURRENT_OR_HISTORICAL_EXTERNAL_GAME_APPRAISAL_CONTEXT,False,97c429521267cfb70ccdd61e40e11853d100e360,ab5adbfee656d69d0b378145fd66bf5789e0d1b4
PROEYE:81885155,正　木,,81885155,81885155,,0,82,NO_MLB_PROMOTION_FOUND,NO_MATCH_IN_SCREENED_MLB_AND_SHOW_CROSSWALKS,NONE_DETECTED,CURRENT100_MLB_PROMOTION_OR_APPEARANCE,,0,,,False,CURRENT_OR_HISTORICAL_EXTERNAL_GAME_APPRAISAL_CONTEXT,False,97c429521267cfb70ccdd61e40e11853d100e360,ab5adbfee656d69d0b378145fd66bf5789e0d1b4
PROEYE:81983882,日　高,,,81983882,,0,,,NO_MATCH_IN_SCREENED_SOURCES,NONE_DETECTED,HISTORICAL_CALIBRATION_POPULATION,,0,,,False,CURRENT_OR_HISTORICAL_EXTERNAL_GAME_APPRAISAL_CONTEXT,False,97c429521267cfb70ccdd61e40e11853d100e360,ab5adbfee656d69d0b378145fd66bf5789e0d1b4
PROEYE:81983889,松　井,,,81983889,,0,,,NO_MATCH_IN_SCREENED_SOURCES,NONE_DETECTED,HISTORICAL_CALIBRATION_POPULATION,,0,,,False,CURRENT_OR_HISTORICAL_EXTERNAL_GAME_APPRAISAL_CONTEXT,False,97c429521267cfb70ccdd61e40e11853d100e360,ab5adbfee656d69d0b378145fd66bf5789e0d1b4
PROEYE:81985111,野　口,,,81985111,,0,,,NO_MATCH_IN_SCREENED_SOURCES,NONE_DETECTED,HISTORICAL_CALIBRATION_POPULATION,,0,,,False,CURRENT_OR_HISTORICAL_EXTERNAL_GAME_APPRAISAL_CONTEXT,False,97c429521267cfb70ccdd61e40e11853d100e360,ab5adbfee656d69d0b378145fd66bf5789e0d1b4
PROEYE:81985112,高　口,,,81985112,,0,,,NO_MATCH_IN_SCREENED_SOURCES,NONE_DETECTED,HISTORICAL_CALIBRATION_POPULATION,,0,,,False,CURRENT_OR_HISTORICAL_EXTERNAL_GAME_APPRAISAL_CONTEXT,False,97c429521267cfb70ccdd61e40e11853d100e360,ab5adbfee656d69d0b378145fd66bf5789e0d1b4
PROEYE:81985114,下　園,,,81985114,,0,,,NO_MATCH_IN_SCREENED_SOURCES,NONE_DETECTED,HISTORICAL_CALIBRATION_POPULATION,,0,,,False,CURRENT_OR_HISTORICAL_EXTERNAL_GAME_APPRAISAL_CONTEXT,False,97c429521267cfb70ccdd61e40e11853d100e360,ab5adbfee656d69d0b378145fd66bf5789e0d1b4
PROEYE:81985118,立　岡,,,81985118,,0,,,NO_MATCH_IN_SCREENED_SOURCES,NONE_DETECTED,HISTORICAL_CALIBRATION_POPULATION,,0,,,False,CURRENT_OR_HISTORICAL_EXTERNAL_GAME_APPRAISAL_CONTEXT,False,97c429521267cfb70ccdd61e40e11853d100e360,ab5adbfee656d69d0b378145fd66bf5789e0d1b4
PROEYE:81985135,鈴　木,,81985135,81985135,,0,65,NO_MLB_PROMOTION_FOUND,NO_MATCH_IN_SCREENED_MLB_AND_SHOW_CROSSWALKS,NONE_DETECTED,CURRENT100_MLB_PROMOTION_OR_APPEARANCE,,0,,,False,CURRENT_OR_HISTORICAL_EXTERNAL_GAME_APPRAISAL_CONTEXT,False,97c429521267cfb70ccdd61e40e11853d100e360,ab5adbfee656d69d0b378145fd66bf5789e0d1b4
PROEYE:81985137,辻,,,81985137,,0,,,NO_MATCH_IN_SCREENED_SOURCES,NONE_DETECTED,HISTORICAL_CALIBRATION_POPULATION,,0,,,False,CURRENT_OR_HISTORICAL_EXTERNAL_GAME_APPRAISAL_CONTEXT,False,97c429521267cfb70ccdd61e40e11853d100e360,ab5adbfee656d69d0b378145fd66bf5789e0d1b4
PROEYE:81985138,滝　野,,,81985138,,0,,,NO_MATCH_IN_SCREENED_SOURCES,NONE_DETECTED,HISTORICAL_CALIBRATION_POPULATION,,0,,,False,CURRENT_OR_HISTORICAL_EXTERNAL_GAME_APPRAISAL_CONTEXT,False,97c429521267cfb70ccdd61e40e11853d100e360,ab5adbfee656d69d0b378145fd66bf5789e0d1b4
PROEYE:83185153,三　好,,,83185153,,0,,,NO_MATCH_IN_SCREENED_SOURCES,NONE_DETECTED,HISTORICAL_CALIBRATION_POPULATION,,0,,,False,CURRENT_OR_HISTORICAL_EXTERNAL_GAME_APPRAISAL_CONTEXT,False,97c429521267cfb70ccdd61e40e11853d100e360,ab5adbfee656d69d0b378145fd66bf5789e0d1b4
PROEYE:83185155,味　谷,,,83185155,,0,,,NO_MATCH_IN_SCREENED_SOURCES,NONE_DETECTED,HISTORICAL_CALIBRATION_POPULATION,,0,,,False,CURRENT_OR_HISTORICAL_EXTERNAL_GAME_APPRAISAL_CONTEXT,False,97c429521267cfb70ccdd61e40e11853d100e360,ab5adbfee656d69d0b378145fd66bf5789e0d1b4
PROEYE:83185159,宮　崎,,,83185159,,0,,,NO_MATCH_IN_SCREENED_SOURCES,NONE_DETECTED,HISTORICAL_CALIBRATION_POPULATION,,0,,,False,CURRENT_OR_HISTORICAL_EXTERNAL_GAME_APPRAISAL_CONTEXT,False,97c429521267cfb70ccdd61e40e11853d100e360,ab5adbfee656d69d0b378145fd66bf5789e0d1b4
PROEYE:83385153,山　村,,,83385153,,0,,,NO_MATCH_IN_SCREENED_SOURCES,NONE_DETECTED,HISTORICAL_CALIBRATION_POPULATION,,0,,,False,CURRENT_OR_HISTORICAL_EXTERNAL_GAME_APPRAISAL_CONTEXT,False,97c429521267cfb70ccdd61e40e11853d100e360,ab5adbfee656d69d0b378145fd66bf5789e0d1b4
PROEYE:83385159,横山聖,,,83385159,,0,,,NO_MATCH_IN_SCREENED_SOURCES,NONE_DETECTED,HISTORICAL_CALIBRATION_POPULATION,,0,,,False,CURRENT_OR_HISTORICAL_EXTERNAL_GAME_APPRAISAL_CONTEXT,False,97c429521267cfb70ccdd61e40e11853d100e360,ab5adbfee656d69d0b378145fd66bf5789e0d1b4
PROEYE:83585150,ディアス,Jordan Diaz,,83585150,672478,3,,,MLB_LOWER_BOUND_MATCH,NONE_DETECTED,MLB_TO_NPB_FOREIGN,,71,"2022,2023,2024","22,23,24",True,CURRENT_OR_HISTORICAL_EXTERNAL_GAME_APPRAISAL_CONTEXT,False,97c429521267cfb70ccdd61e40e11853d100e360,ab5adbfee656d69d0b378145fd66bf5789e0d1b4
PROEYE:83585153,クロン,Kevin Cron,,83585153,,0,,,MLB_LOWER_BOUND_MATCH,NONE_DETECTED,MLB_TO_NPB_FOREIGN,,0,,,True,CURRENT_OR_HISTORICAL_EXTERNAL_GAME_APPRAISAL_CONTEXT,False,97c429521267cfb70ccdd61e40e11853d100e360,ab5adbfee656d69d0b378145fd66bf5789e0d1b4
PROEYE:83585155,アルカンタラ,Arismendy Alcantara,,83585155,,0,,,MLB_LOWER_BOUND_MATCH,NONE_DETECTED,MLB_TO_NPB_FOREIGN,,0,,,True,CURRENT_OR_HISTORICAL_EXTERNAL_GAME_APPRAISAL_CONTEXT,False,97c429521267cfb70ccdd61e40e11853d100e360,ab5adbfee656d69d0b378145fd66bf5789e0d1b4
PROEYE:83785153,テームズ,Eric Thames,,83785153,,0,,,MLB_LOWER_BOUND_MATCH,NONE_DETECTED,MLB_TO_NPB_FOREIGN,,0,,,True,CURRENT_OR_HISTORICAL_EXTERNAL_GAME_APPRAISAL_CONTEXT,False,97c429521267cfb70ccdd61e40e11853d100e360,ab5adbfee656d69d0b378145fd66bf5789e0d1b4
PROEYE:83785155,ガルビス,Freddy Galvis,,83785155,520471,1,,,MLB_LOWER_BOUND_MATCH,NONE_DETECTED,MLB_TO_NPB_FOREIGN,,21,2021,21,True,CURRENT_OR_HISTORICAL_EXTERNAL_GAME_APPRAISAL_CONTEXT,False,97c429521267cfb70ccdd61e40e11853d100e360,ab5adbfee656d69d0b378145fd66bf5789e0d1b4
PROEYE:83785157,シュウィンデル,Frank Schwindel,,83785157,643524,2,,,MLB_LOWER_BOUND_MATCH,NONE_DETECTED,MLB_TO_NPB_FOREIGN,,43,"2021,2022","21,22",True,CURRENT_OR_HISTORICAL_EXTERNAL_GAME_APPRAISAL_CONTEXT,False,97c429521267cfb70ccdd61e40e11853d100e360,ab5adbfee656d69d0b378145fd66bf5789e0d1b4
PROEYE:83985157,ブリンソン,Lewis Brinson,,83985157,621446,2,,,MLB_LOWER_BOUND_MATCH,NONE_DETECTED,MLB_TO_NPB_FOREIGN,,43,"2021,2022","21,22",True,CURRENT_OR_HISTORICAL_EXTERNAL_GAME_APPRAISAL_CONTEXT,False,97c429521267cfb70ccdd61e40e11853d100e360,ab5adbfee656d69d0b378145fd66bf5789e0d1b4
PROEYE:85583868,谷　繁,,,85583868,,0,,,NO_MATCH_IN_SCREENED_SOURCES,NONE_DETECTED,HISTORICAL_CALIBRATION_POPULATION,,0,,,False,CURRENT_OR_HISTORICAL_EXTERNAL_GAME_APPRAISAL_CONTEXT,False,97c429521267cfb70ccdd61e40e11853d100e360,ab5adbfee656d69d0b378145fd66bf5789e0d1b4
PROEYE:91095110,中　村,,,91095110,,0,,,NO_MATCH_IN_SCREENED_SOURCES,NONE_DETECTED,HISTORICAL_CALIBRATION_POPULATION,,0,,,False,CURRENT_OR_HISTORICAL_EXTERNAL_GAME_APPRAISAL_CONTEXT,False,97c429521267cfb70ccdd61e40e11853d100e360,ab5adbfee656d69d0b378145fd66bf5789e0d1b4
PROEYE:91095135,高　橋,,91095135,91095135,,0,21,NO_MLB_PROMOTION_FOUND,NO_MATCH_IN_SCREENED_MLB_AND_SHOW_CROSSWALKS,NONE_DETECTED,CURRENT100_MLB_PROMOTION_OR_APPEARANCE,,0,,,False,CURRENT_OR_HISTORICAL_EXTERNAL_GAME_APPRAISAL_CONTEXT,False,97c429521267cfb70ccdd61e40e11853d100e360,ab5adbfee656d69d0b378145fd66bf5789e0d1b4
PROEYE:91095138,知　野,,,91095138,,0,,,NO_MATCH_IN_SCREENED_SOURCES,NONE_DETECTED,HISTORICAL_CALIBRATION_POPULATION,,0,,,False,CURRENT_OR_HISTORICAL_EXTERNAL_GAME_APPRAISAL_CONTEXT,False,97c429521267cfb70ccdd61e40e11853d100e360,ab5adbfee656d69d0b378145fd66bf5789e0d1b4
PROEYE:91095139,西　浦,,,91095139,,0,,,NO_MATCH_IN_SCREENED_SOURCES,NONE_DETECTED,HISTORICAL_CALIBRATION_POPULATION,,0,,,False,CURRENT_OR_HISTORICAL_EXTERNAL_GAME_APPRAISAL_CONTEXT,False,97c429521267cfb70ccdd61e40e11853d100e360,ab5adbfee656d69d0b378145fd66bf5789e0d1b4
PROEYE:91095151,佐藤直,,,91095151,,0,,,NO_MATCH_IN_SCREENED_SOURCES,NONE_DETECTED,HISTORICAL_CALIBRATION_POPULATION,,0,,,False,CURRENT_OR_HISTORICAL_EXTERNAL_GAME_APPRAISAL_CONTEXT,False,97c429521267cfb70ccdd61e40e11853d100e360,ab5adbfee656d69d0b378145fd66bf5789e0d1b4
PROEYE:91095153,笹　川,,,91095153,,0,,,NO_MATCH_IN_SCREENED_SOURCES,NONE_DETECTED,HISTORICAL_CALIBRATION_POPULATION,,0,,,False,CURRENT_OR_HISTORICAL_EXTERNAL_GAME_APPRAISAL_CONTEXT,False,97c429521267cfb70ccdd61e40e11853d100e360,ab5adbfee656d69d0b378145fd66bf5789e0d1b4
PROEYE:91193880,稲　葉,,,91193880,,0,,,NO_MATCH_IN_SCREENED_SOURCES,NONE_DETECTED,HISTORICAL_CALIBRATION_POPULATION,,0,,,False,CURRENT_OR_HISTORICAL_EXTERNAL_GAME_APPRAISAL_CONTEXT,False,97c429521267cfb70ccdd61e40e11853d100e360,ab5adbfee656d69d0b378145fd66bf5789e0d1b4
PROEYE:91193884,石　井,,,91193884,,0,,,NO_MATCH_IN_SCREENED_SOURCES,NONE_DETECTED,HISTORICAL_CALIBRATION_POPULATION,,0,,,False,CURRENT_OR_HISTORICAL_EXTERNAL_GAME_APPRAISAL_CONTEXT,False,97c429521267cfb70ccdd61e40e11853d100e360,ab5adbfee656d69d0b378145fd66bf5789e0d1b4
PROEYE:91195110,石　川,,,91195110,,0,,,NO_MATCH_IN_SCREENED_SOURCES,NONE_DETECTED,HISTORICAL_CALIBRATION_POPULATION,,0,,,False,CURRENT_OR_HISTORICAL_EXTERNAL_GAME_APPRAISAL_CONTEXT,False,97c429521267cfb70ccdd61e40e11853d100e360,ab5adbfee656d69d0b378145fd66bf5789e0d1b4
PROEYE:91195116,安　部,,,91195116,,0,,,NO_MATCH_IN_SCREENED_SOURCES,NONE_DETECTED,HISTORICAL_CALIBRATION_POPULATION,,0,,,False,CURRENT_OR_HISTORICAL_EXTERNAL_GAME_APPRAISAL_CONTEXT,False,97c429521267cfb70ccdd61e40e11853d100e360,ab5adbfee656d69d0b378145fd66bf5789e0d1b4
PROEYE:91195119,糸　井,,,91195119,,0,,,NO_MATCH_IN_SCREENED_SOURCES,NONE_DETECTED,HISTORICAL_CALIBRATION_POPULATION,,0,,,False,CURRENT_OR_HISTORICAL_EXTERNAL_GAME_APPRAISAL_CONTEXT,False,97c429521267cfb70ccdd61e40e11853d100e360,ab5adbfee656d69d0b378145fd66bf5789e0d1b4
PROEYE:91195133,荒　木,,,91195133,,0,,,NO_MATCH_IN_SCREENED_SOURCES,NONE_DETECTED,HISTORICAL_CALIBRATION_POPULATION,,0,,,False,CURRENT_OR_HISTORICAL_EXTERNAL_GAME_APPRAISAL_CONTEXT,False,97c429521267cfb70ccdd61e40e11853d100e360,ab5adbfee656d69d0b378145fd66bf5789e0d1b4
PROEYE:91195138,石　橋,,,91195138,,0,,,NO_MATCH_IN_SCREENED_SOURCES,NONE_DETECTED,HISTORICAL_CALIBRATION_POPULATION,,0,,,False,CURRENT_OR_HISTORICAL_EXTERNAL_GAME_APPRAISAL_CONTEXT,False,97c429521267cfb70ccdd61e40e11853d100e360,ab5adbfee656d69d0b378145fd66bf5789e0d1b4
PROEYE:91195151,石川 昂弥,,91195151,91195151,,0,18,NO_MLB_PROMOTION_FOUND,NO_MATCH_IN_SCREENED_MLB_AND_SHOW_CROSSWALKS,NONE_DETECTED,CURRENT100_MLB_PROMOTION_OR_APPEARANCE,,0,,,False,CURRENT_OR_HISTORICAL_EXTERNAL_GAME_APPRAISAL_CONTEXT,False,97c429521267cfb70ccdd61e40e11853d100e360,ab5adbfee656d69d0b378145fd66bf5789e0d1b4
PROEYE:91195157,浅　野,,,91195157,,0,,,NO_MATCH_IN_SCREENED_SOURCES,NONE_DETECTED,HISTORICAL_CALIBRATION_POPULATION,,0,,,False,CURRENT_OR_HISTORICAL_EXTERNAL_GAME_APPRAISAL_CONTEXT,False,97c429521267cfb70ccdd61e40e11853d100e360,ab5adbfee656d69d0b378145fd66bf5789e0d1b4
PROEYE:91195159,石　上,,,91195159,,0,,,NO_MATCH_IN_SCREENED_SOURCES,NONE_DETECTED,HISTORICAL_CALIBRATION_POPULATION,,0,,,False,CURRENT_OR_HISTORICAL_EXTERNAL_GAME_APPRAISAL_CONTEXT,False,97c429521267cfb70ccdd61e40e11853d100e360,ab5adbfee656d69d0b378145fd66bf5789e0d1b4
PROEYE:91295114,李　杜軒,,,91295114,,0,,,NO_MATCH_IN_SCREENED_SOURCES,NONE_DETECTED,HISTORICAL_CALIBRATION_POPULATION,,0,,,False,CURRENT_OR_HISTORICAL_EXTERNAL_GAME_APPRAISAL_CONTEXT,False,97c429521267cfb70ccdd61e40e11853d100e360,ab5adbfee656d69d0b378145fd66bf5789e0d1b4
PROEYE:91295139,藤　井,,,91295139,,0,,,NO_MATCH_IN_SCREENED_SOURCES,NONE_DETECTED,HISTORICAL_CALIBRATION_POPULATION,,0,,,False,CURRENT_OR_HISTORICAL_EXTERNAL_GAME_APPRAISAL_CONTEXT,False,97c429521267cfb70ccdd61e40e11853d100e360,ab5adbfee656d69d0b378145fd66bf5789e0d1b4
PROEYE:91295157,内　藤,,,91295157,,0,,,NO_MATCH_IN_SCREENED_SOURCES,NONE_DETECTED,HISTORICAL_CALIBRATION_POPULATION,,0,,,False,CURRENT_OR_HISTORICAL_EXTERNAL_GAME_APPRAISAL_CONTEXT,False,97c429521267cfb70ccdd61e40e11853d100e360,ab5adbfee656d69d0b378145fd66bf5789e0d1b4
PROEYE:91393886,小　田,,,91393886,,0,,,NO_MATCH_IN_SCREENED_SOURCES,NONE_DETECTED,HISTORICAL_CALIBRATION_POPULATION,,0,,,False,CURRENT_OR_HISTORICAL_EXTERNAL_GAME_APPRAISAL_CONTEXT,False,97c429521267cfb70ccdd61e40e11853d100e360,ab5adbfee656d69d0b378145fd66bf5789e0d1b4
PROEYE:91395110,岡　﨑,,,91395110,,0,,,NO_MATCH_IN_SCREENED_SOURCES,NONE_DETECTED,HISTORICAL_CALIBRATION_POPULATION,,0,,,False,CURRENT_OR_HISTORICAL_EXTERNAL_GAME_APPRAISAL_CONTEXT,False,97c429521267cfb70ccdd61e40e11853d100e360,ab5adbfee656d69d0b378145fd66bf5789e0d1b4
PROEYE:91395115,井　手,,,91395115,,0,,,NO_MATCH_IN_SCREENED_SOURCES,NONE_DETECTED,HISTORICAL_CALIBRATION_POPULATION,,0,,,False,CURRENT_OR_HISTORICAL_EXTERNAL_GAME_APPRAISAL_CONTEXT,False,97c429521267cfb70ccdd61e40e11853d100e360,ab5adbfee656d69d0b378145fd66bf5789e0d1b4
PROEYE:91395116,梅　田,,,91395116,,0,,,NO_MATCH_IN_SCREENED_SOURCES,NONE_DETECTED,HISTORICAL_CALIBRATION_POPULATION,,0,,,False,CURRENT_OR_HISTORICAL_EXTERNAL_GAME_APPRAISAL_CONTEXT,False,97c429521267cfb70ccdd61e40e11853d100e360,ab5adbfee656d69d0b378145fd66bf5789e0d1b4
PROEYE:91395132,板　山,,91395132,91395132,,0,16,NO_MLB_PROMOTION_FOUND,NO_MATCH_IN_SCREENED_MLB_AND_SHOW_CROSSWALKS,NONE_DETECTED,CURRENT100_MLB_PROMOTION_OR_APPEARANCE,,0,,,False,CURRENT_OR_HISTORICAL_EXTERNAL_GAME_APPRAISAL_CONTEXT,False,97c429521267cfb70ccdd61e40e11853d100e360,ab5adbfee656d69d0b378145fd66bf5789e0d1b4
PROEYE:91395134,大　村,,,91395134,,0,,,NO_MATCH_IN_SCREENED_SOURCES,NONE_DETECTED,HISTORICAL_CALIBRATION_POPULATION,,0,,,False,CURRENT_OR_HISTORICAL_EXTERNAL_GAME_APPRAISAL_CONTEXT,False,97c429521267cfb70ccdd61e40e11853d100e360,ab5adbfee656d69d0b378145fd66bf5789e0d1b4
PROEYE:91395135,大　嶋,,,91395135,,0,,,NO_MATCH_IN_SCREENED_SOURCES,NONE_DETECTED,HISTORICAL_CALIBRATION_POPULATION,,0,,,False,CURRENT_OR_HISTORICAL_EXTERNAL_GAME_APPRAISAL_CONTEXT,False,97c429521267cfb70ccdd61e40e11853d100e360,ab5adbfee656d69d0b378145fd66bf5789e0d1b4
PROEYE:91395138,太　田,,91395138,91395138,,0,2,NO_MLB_PROMOTION_FOUND,NO_MATCH_IN_SCREENED_MLB_AND_SHOW_CROSSWALKS,NONE_DETECTED,CURRENT100_MLB_PROMOTION_OR_APPEARANCE,,0,,,False,CURRENT_OR_HISTORICAL_EXTERNAL_GAME_APPRAISAL_CONTEXT,False,97c429521267cfb70ccdd61e40e11853d100e360,ab5adbfee656d69d0b378145fd66bf5789e0d1b4
PROEYE:91395139,上　林,,,91395139,,0,,,NO_MATCH_IN_SCREENED_SOURCES,NONE_DETECTED,HISTORICAL_CALIBRATION_POPULATION,,0,,,False,CURRENT_OR_HISTORICAL_EXTERNAL_GAME_APPRAISAL_CONTEXT,False,97c429521267cfb70ccdd61e40e11853d100e360,ab5adbfee656d69d0b378145fd66bf5789e0d1b4
PROEYE:91495115,前　田,,,91495115,,0,,,NO_MATCH_IN_SCREENED_SOURCES,NONE_DETECTED,HISTORICAL_CALIBRATION_POPULATION,,0,,,False,CURRENT_OR_HISTORICAL_EXTERNAL_GAME_APPRAISAL_CONTEXT,False,97c429521267cfb70ccdd61e40e11853d100e360,ab5adbfee656d69d0b378145fd66bf5789e0d1b4
PROEYE:91495130,西　野,,91495130,91495130,,0,9,NO_MLB_PROMOTION_FOUND,NO_MATCH_IN_SCREENED_MLB_AND_SHOW_CROSSWALKS,NONE_DETECTED,CURRENT100_MLB_PROMOTION_OR_APPEARANCE,,0,,,False,CURRENT_OR_HISTORICAL_EXTERNAL_GAME_APPRAISAL_CONTEXT,False,97c429521267cfb70ccdd61e40e11853d100e360,ab5adbfee656d69d0b378145fd66bf5789e0d1b4
PROEYE:91495134,長　坂,,,91495134,,0,,,NO_MATCH_IN_SCREENED_SOURCES,NONE_DETECTED,HISTORICAL_CALIBRATION_POPULATION,,0,,,False,CURRENT_OR_HISTORICAL_EXTERNAL_GAME_APPRAISAL_CONTEXT,False,97c429521267cfb70ccdd61e40e11853d100e360,ab5adbfee656d69d0b378145fd66bf5789e0d1b4
PROEYE:91495135,西　田,,,91495135,,0,,,NO_MATCH_IN_SCREENED_SOURCES,NONE_DETECTED,HISTORICAL_CALIBRATION_POPULATION,,0,,,False,CURRENT_OR_HISTORICAL_EXTERNAL_GAME_APPRAISAL_CONTEXT,False,97c429521267cfb70ccdd61e40e11853d100e360,ab5adbfee656d69d0b378145fd66bf5789e0d1b4
PROEYE:91495138,濱　田,,,91495138,,0,,,NO_MATCH_IN_SCREENED_SOURCES,NONE_DETECTED,HISTORICAL_CALIBRATION_POPULATION,,0,,,False,CURRENT_OR_HISTORICAL_EXTERNAL_GAME_APPRAISAL_CONTEXT,False,97c429521267cfb70ccdd61e40e11853d100e360,ab5adbfee656d69d0b378145fd66bf5789e0d1b4
PROEYE:91495139,森,,91495139,91495139,,0,5,NO_MLB_PROMOTION_FOUND,NO_MATCH_IN_SCREENED_MLB_AND_SHOW_CROSSWALKS,NONE_DETECTED,CURRENT100_MLB_PROMOTION_OR_APPEARANCE,,0,,,False,CURRENT_OR_HISTORICAL_EXTERNAL_GAME_APPRAISAL_CONTEXT,False,97c429521267cfb70ccdd61e40e11853d100e360,ab5adbfee656d69d0b378145fd66bf5789e0d1b4
PROEYE:91593888,金　城,,,91593888,,0,,,NO_MATCH_IN_SCREENED_SOURCES,NONE_DETECTED,HISTORICAL_CALIBRATION_POPULATION,,0,,,False,CURRENT_OR_HISTORICAL_EXTERNAL_GAME_APPRAISAL_CONTEXT,False,97c429521267cfb70ccdd61e40e11853d100e360,ab5adbfee656d69d0b378145fd66bf5789e0d1b4
PROEYE:91595114,大　引,,,91595114,,0,,,NO_MATCH_IN_SCREENED_SOURCES,NONE_DETECTED,HISTORICAL_CALIBRATION_POPULATION,,0,,,False,CURRENT_OR_HISTORICAL_EXTERNAL_GAME_APPRAISAL_CONTEXT,False,97c429521267cfb70ccdd61e40e11853d100e360,ab5adbfee656d69d0b378145fd66bf5789e0d1b4
PROEYE:91595133,甲　斐,,,91595133,,0,,,NO_MATCH_IN_SCREENED_SOURCES,NONE_DETECTED,HISTORICAL_CALIBRATION_POPULATION,,0,,,False,CURRENT_OR_HISTORICAL_EXTERNAL_GAME_APPRAISAL_CONTEXT,False,97c429521267cfb70ccdd61e40e11853d100e360,ab5adbfee656d69d0b378145fd66bf5789e0d1b4
PROEYE:91595136,岸　田,,91595136,91595136,,0,90,NO_MLB_PROMOTION_FOUND,NO_MATCH_IN_SCREENED_MLB_AND_SHOW_CROSSWALKS,NONE_DETECTED,CURRENT100_MLB_PROMOTION_OR_APPEARANCE,,0,,,False,CURRENT_OR_HISTORICAL_EXTERNAL_GAME_APPRAISAL_CONTEXT,False,97c429521267cfb70ccdd61e40e11853d100e360,ab5adbfee656d69d0b378145fd66bf5789e0d1b4
PROEYE:91595137,加　藤,,,91595137,,0,,,NO_MATCH_IN_SCREENED_SOURCES,NONE_DETECTED,HISTORICAL_CALIBRATION_POPULATION,,0,,,False,CURRENT_OR_HISTORICAL_EXTERNAL_GAME_APPRAISAL_CONTEXT,False,97c429521267cfb70ccdd61e40e11853d100e360,ab5adbfee656d69d0b378145fd66bf5789e0d1b4
PROEYE:91595139,奥　村,,,91595139,,0,,,NO_MATCH_IN_SCREENED_SOURCES,NONE_DETECTED,HISTORICAL_CALIBRATION_POPULATION,,0,,,False,CURRENT_OR_HISTORICAL_EXTERNAL_GAME_APPRAISAL_CONTEXT,False,97c429521267cfb70ccdd61e40e11853d100e360,ab5adbfee656d69d0b378145fd66bf5789e0d1b4
PROEYE:91595151,大　下,,,91595151,,0,,,NO_MATCH_IN_SCREENED_SOURCES,NONE_DETECTED,HISTORICAL_CALIBRATION_POPULATION,,0,,,False,CURRENT_OR_HISTORICAL_EXTERNAL_GAME_APPRAISAL_CONTEXT,False,97c429521267cfb70ccdd61e40e11853d100e360,ab5adbfee656d69d0b378145fd66bf5789e0d1b4
PROEYE:91595153,内　山,,,91595153,,0,,,NO_MATCH_IN_SCREENED_SOURCES,NONE_DETECTED,HISTORICAL_CALIBRATION_POPULATION,,0,,,False,CURRENT_OR_HISTORICAL_EXTERNAL_GAME_APPRAISAL_CONTEXT,False,97c429521267cfb70ccdd61e40e11853d100e360,ab5adbfee656d69d0b378145fd66bf5789e0d1b4
PROEYE:91695132,平　沢,,,91695132,,0,,,NO_MATCH_IN_SCREENED_SOURCES,NONE_DETECTED,HISTORICAL_CALIBRATION_POPULATION,,0,,,False,CURRENT_OR_HISTORICAL_EXTERNAL_GAME_APPRAISAL_CONTEXT,False,97c429521267cfb70ccdd61e40e11853d100e360,ab5adbfee656d69d0b378145fd66bf5789e0d1b4
PROEYE:91695138,益　子,,,91695138,,0,,,NO_MATCH_IN_SCREENED_SOURCES,NONE_DETECTED,HISTORICAL_CALIBRATION_POPULATION,,0,,,False,CURRENT_OR_HISTORICAL_EXTERNAL_GAME_APPRAISAL_CONTEXT,False,97c429521267cfb70ccdd61e40e11853d100e360,ab5adbfee656d69d0b378145fd66bf5789e0d1b4
PROEYE:91695139,吉　田,,,91695139,,0,,,NO_MATCH_IN_SCREENED_SOURCES,NONE_DETECTED,HISTORICAL_CALIBRATION_POPULATION,,0,,,False,CURRENT_OR_HISTORICAL_EXTERNAL_GAME_APPRAISAL_CONTEXT,False,97c429521267cfb70ccdd61e40e11853d100e360,ab5adbfee656d69d0b378145fd66bf5789e0d1b4
PROEYE:91695153,並　木,,91695153,91695153,,0,54,NO_MLB_PROMOTION_FOUND,NO_MATCH_IN_SCREENED_MLB_AND_SHOW_CROSSWALKS,NONE_DETECTED,CURRENT100_MLB_PROMOTION_OR_APPEARANCE,,0,,,False,CURRENT_OR_HISTORICAL_EXTERNAL_GAME_APPRAISAL_CONTEXT,False,97c429521267cfb70ccdd61e40e11853d100e360,ab5adbfee656d69d0b378145fd66bf5789e0d1b4
PROEYE:91695157,林,,91695157,91695157,,0,71,NO_MLB_PROMOTION_FOUND,NO_MATCH_IN_SCREENED_MLB_AND_SHOW_CROSSWALKS,NONE_DETECTED,CURRENT100_MLB_PROMOTION_OR_APPEARANCE,,0,,,False,CURRENT_OR_HISTORICAL_EXTERNAL_GAME_APPRAISAL_CONTEXT,False,97c429521267cfb70ccdd61e40e11853d100e360,ab5adbfee656d69d0b378145fd66bf5789e0d1b4
PROEYE:91793864,中嶋聡,,,91793864,,0,,,NO_MATCH_IN_SCREENED_SOURCES,NONE_DETECTED,HISTORICAL_CALIBRATION_POPULATION,,0,,,False,CURRENT_OR_HISTORICAL_EXTERNAL_GAME_APPRAISAL_CONTEXT,False,97c429521267cfb70ccdd61e40e11853d100e360,ab5adbfee656d69d0b378145fd66bf5789e0d1b4
PROEYE:91795130,倉　本,,,91795130,,0,,,NO_MATCH_IN_SCREENED_SOURCES,NONE_DETECTED,HISTORICAL_CALIBRATION_POPULATION,,0,,,False,CURRENT_OR_HISTORICAL_EXTERNAL_GAME_APPRAISAL_CONTEXT,False,97c429521267cfb70ccdd61e40e11853d100e360,ab5adbfee656d69d0b378145fd66bf5789e0d1b4
PROEYE:91795131,清　田,,,91795131,,0,,,NO_MATCH_IN_SCREENED_SOURCES,NONE_DETECTED,HISTORICAL_CALIBRATION_POPULATION,,0,,,False,CURRENT_OR_HISTORICAL_EXTERNAL_GAME_APPRAISAL_CONTEXT,False,97c429521267cfb70ccdd61e40e11853d100e360,ab5adbfee656d69d0b378145fd66bf5789e0d1b4
PROEYE:91795134,郡,,,91795134,,0,,,NO_MATCH_IN_SCREENED_SOURCES,NONE_DETECTED,HISTORICAL_CALIBRATION_POPULATION,,0,,,False,CURRENT_OR_HISTORICAL_EXTERNAL_GAME_APPRAISAL_CONTEXT,False,97c429521267cfb70ccdd61e40e11853d100e360,ab5adbfee656d69d0b378145fd66bf5789e0d1b4
PROEYE:91795135,小　島,,,91795135,,0,,,NO_MATCH_IN_SCREENED_SOURCES,NONE_DETECTED,HISTORICAL_CALIBRATION_POPULATION,,0,,,False,CURRENT_OR_HISTORICAL_EXTERNAL_GAME_APPRAISAL_CONTEXT,False,97c429521267cfb70ccdd61e40e11853d100e360,ab5adbfee656d69d0b378145fd66bf5789e0d1b4
PROEYE:91795137,下水流,,,91795137,,0,,,NO_MATCH_IN_SCREENED_SOURCES,NONE_DETECTED,HISTORICAL_CALIBRATION_POPULATION,,0,,,False,CURRENT_OR_HISTORICAL_EXTERNAL_GAME_APPRAISAL_CONTEXT,False,97c429521267cfb70ccdd61e40e11853d100e360,ab5adbfee656d69d0b378145fd66bf5789e0d1b4
PROEYE:91795139,小　林,,,91795139,,0,,,NO_MATCH_IN_SCREENED_SOURCES,NONE_DETECTED,HISTORICAL_CALIBRATION_POPULATION,,0,,,False,CURRENT_OR_HISTORICAL_EXTERNAL_GAME_APPRAISAL_CONTEXT,False,97c429521267cfb70ccdd61e40e11853d100e360,ab5adbfee656d69d0b378145fd66bf5789e0d1b4
PROEYE:91895133,山　田,,,91895133,,0,,,NO_MATCH_IN_SCREENED_SOURCES,NONE_DETECTED,HISTORICAL_CALIBRATION_POPULATION,,0,,,False,CURRENT_OR_HISTORICAL_EXTERNAL_GAME_APPRAISAL_CONTEXT,False,97c429521267cfb70ccdd61e40e11853d100e360,ab5adbfee656d69d0b378145fd66bf5789e0d1b4
PROEYE:91895136,宮　本,,,91895136,,0,,,NO_MATCH_IN_SCREENED_SOURCES,NONE_DETECTED,HISTORICAL_CALIBRATION_POPULATION,,0,,,False,CURRENT_OR_HISTORICAL_EXTERNAL_GAME_APPRAISAL_CONTEXT,False,97c429521267cfb70ccdd61e40e11853d100e360,ab5adbfee656d69d0b378145fd66bf5789e0d1b4
PROEYE:91895138,山　口,,91895138,91895138,,0,34,NO_MLB_PROMOTION_FOUND,NO_MATCH_IN_SCREENED_MLB_AND_SHOW_CROSSWALKS,NONE_DETECTED,CURRENT100_MLB_PROMOTION_OR_APPEARANCE,,0,,,False,CURRENT_OR_HISTORICAL_EXTERNAL_GAME_APPRAISAL_CONTEXT,False,97c429521267cfb70ccdd61e40e11853d100e360,ab5adbfee656d69d0b378145fd66bf5789e0d1b4
PROEYE:91895153,二　俣,,,91895153,,0,,,NO_MATCH_IN_SCREENED_SOURCES,NONE_DETECTED,HISTORICAL_CALIBRATION_POPULATION,,0,,,False,CURRENT_OR_HISTORICAL_EXTERNAL_GAME_APPRAISAL_CONTEXT,False,97c429521267cfb70ccdd61e40e11853d100e360,ab5adbfee656d69d0b378145fd66bf5789e0d1b4
PROEYE:91895155,古　市,,,91895155,,0,,,NO_MATCH_IN_SCREENED_SOURCES,NONE_DETECTED,HISTORICAL_CALIBRATION_POPULATION,,0,,,False,CURRENT_OR_HISTORICAL_EXTERNAL_GAME_APPRAISAL_CONTEXT,False,97c429521267cfb70ccdd61e40e11853d100e360,ab5adbfee656d69d0b378145fd66bf5789e0d1b4
PROEYE:91993884,谷,,,91993884,,0,,,NO_MATCH_IN_SCREENED_SOURCES,NONE_DETECTED,HISTORICAL_CALIBRATION_POPULATION,,0,,,False,CURRENT_OR_HISTORICAL_EXTERNAL_GAME_APPRAISAL_CONTEXT,False,97c429521267cfb70ccdd61e40e11853d100e360,ab5adbfee656d69d0b378145fd66bf5789e0d1b4
PROEYE:91995112,炭　谷,,,91995112,,0,,,NO_MATCH_IN_SCREENED_SOURCES,NONE_DETECTED,HISTORICAL_CALIBRATION_POPULATION,,0,,,False,CURRENT_OR_HISTORICAL_EXTERNAL_GAME_APPRAISAL_CONTEXT,False,97c429521267cfb70ccdd61e40e11853d100e360,ab5adbfee656d69d0b378145fd66bf5789e0d1b4
PROEYE:91995114,佐　藤,,,91995114,,0,,,NO_MATCH_IN_SCREENED_SOURCES,NONE_DETECTED,HISTORICAL_CALIBRATION_POPULATION,,0,,,False,CURRENT_OR_HISTORICAL_EXTERNAL_GAME_APPRAISAL_CONTEXT,False,97c429521267cfb70ccdd61e40e11853d100e360,ab5adbfee656d69d0b378145fd66bf5789e0d1b4
PROEYE:91995130,佐　野,,,91995130,,0,,,NO_MATCH_IN_SCREENED_SOURCES,NONE_DETECTED,HISTORICAL_CALIBRATION_POPULATION,,0,,,False,CURRENT_OR_HISTORICAL_EXTERNAL_GAME_APPRAISAL_CONTEXT,False,97c429521267cfb70ccdd61e40e11853d100e360,ab5adbfee656d69d0b378145fd66bf5789e0d1b4
PROEYE:91995131,長　野,,,91995131,,0,,,NO_MATCH_IN_SCREENED_SOURCES,NONE_DETECTED,HISTORICAL_CALIBRATION_POPULATION,,0,,,False,CURRENT_OR_HISTORICAL_EXTERNAL_GAME_APPRAISAL_CONTEXT,False,97c429521267cfb70ccdd61e40e11853d100e360,ab5adbfee656d69d0b378145fd66bf5789e0d1b4
PROEYE:91995134,佐　野,,91995134,91995134,,0,67,NO_MLB_PROMOTION_FOUND,NO_MATCH_IN_SCREENED_MLB_AND_SHOW_CROSSWALKS,NONE_DETECTED,CURRENT100_MLB_PROMOTION_OR_APPEARANCE,,0,,,False,CURRENT_OR_HISTORICAL_EXTERNAL_GAME_APPRAISAL_CONTEXT,False,97c429521267cfb70ccdd61e40e11853d100e360,ab5adbfee656d69d0b378145fd66bf5789e0d1b4
PROEYE:91995135,縞　田,,,91995135,,0,,,NO_MATCH_IN_SCREENED_SOURCES,NONE_DETECTED,HISTORICAL_CALIBRATION_POPULATION,,0,,,False,CURRENT_OR_HISTORICAL_EXTERNAL_GAME_APPRAISAL_CONTEXT,False,97c429521267cfb70ccdd61e40e11853d100e360,ab5adbfee656d69d0b378145fd66bf5789e0d1b4
PROEYE:91995136,島　田,,,91995136,,0,,,NO_MATCH_IN_SCREENED_SOURCES,NONE_DETECTED,HISTORICAL_CALIBRATION_POPULATION,,0,,,False,CURRENT_OR_HISTORICAL_EXTERNAL_GAME_APPRAISAL_CONTEXT,False,97c429521267cfb70ccdd61e40e11853d100e360,ab5adbfee656d69d0b378145fd66bf5789e0d1b4
PROEYE:91995137,武　田,,,91995137,,0,,,NO_MATCH_IN_SCREENED_SOURCES,NONE_DETECTED,HISTORICAL_CALIBRATION_POPULATION,,0,,,False,CURRENT_OR_HISTORICAL_EXTERNAL_GAME_APPRAISAL_CONTEXT,False,97c429521267cfb70ccdd61e40e11853d100e360,ab5adbfee656d69d0b378145fd66bf5789e0d1b4
PROEYE:91995151,紅　林,,91995151,91995151,,0,6,NO_MLB_PROMOTION_FOUND,NO_MATCH_IN_SCREENED_MLB_AND_SHOW_CROSSWALKS,NONE_DETECTED,CURRENT100_MLB_PROMOTION_OR_APPEARANCE,,0,,,False,CURRENT_OR_HISTORICAL_EXTERNAL_GAME_APPRAISAL_CONTEXT,False,97c429521267cfb70ccdd61e40e11853d100e360,ab5adbfee656d69d0b378145fd66bf5789e0d1b4
PROEYE:93095153,ラベロ,Rangel Ravelo,,93095153,,1,,,MLB_LOWER_BOUND_MATCH,NONE_DETECTED,MLB_TO_NPB_FOREIGN,,21,2021,21,True,CURRENT_OR_HISTORICAL_EXTERNAL_GAME_APPRAISAL_CONTEXT,False,97c429521267cfb70ccdd61e40e11853d100e360,ab5adbfee656d69d0b378145fd66bf5789e0d1b4
PROEYE:93095159,レイノルズ,Matt Reynolds,,93095159,608703,2,,,MLB_LOWER_BOUND_MATCH,NONE_DETECTED,MLB_TO_NPB_FOREIGN,,48,"2022,2023","22,23",True,CURRENT_OR_HISTORICAL_EXTERNAL_GAME_APPRAISAL_CONTEXT,False,97c429521267cfb70ccdd61e40e11853d100e360,ab5adbfee656d69d0b378145fd66bf5789e0d1b4
PROEYE:93195132,山　本,,,93195132,,0,,,NO_MATCH_IN_SCREENED_SOURCES,NONE_DETECTED,HISTORICAL_CALIBRATION_POPULATION,,0,,,False,CURRENT_OR_HISTORICAL_EXTERNAL_GAME_APPRAISAL_CONTEXT,False,97c429521267cfb70ccdd61e40e11853d100e360,ab5adbfee656d69d0b378145fd66bf5789e0d1b4
PROEYE:93195138,渡　邉,,,93195138,,0,,,NO_MATCH_IN_SCREENED_SOURCES,NONE_DETECTED,HISTORICAL_CALIBRATION_POPULATION,,0,,,False,CURRENT_OR_HISTORICAL_EXTERNAL_GAME_APPRAISAL_CONTEXT,False,97c429521267cfb70ccdd61e40e11853d100e360,ab5adbfee656d69d0b378145fd66bf5789e0d1b4
PROEYE:93195155,丸山 和郁,,93195155,93195155,,0,56,NO_MLB_PROMOTION_FOUND,NO_MATCH_IN_SCREENED_MLB_AND_SHOW_CROSSWALKS,NONE_DETECTED,CURRENT100_MLB_PROMOTION_OR_APPEARANCE,,0,,,False,CURRENT_OR_HISTORICAL_EXTERNAL_GAME_APPRAISAL_CONTEXT,False,97c429521267cfb70ccdd61e40e11853d100e360,ab5adbfee656d69d0b378145fd66bf5789e0d1b4
PROEYE:93395138,ビヤヌエバ,Christian Villanueva,,93395138,,0,,,MLB_LOWER_BOUND_MATCH,NONE_DETECTED,MLB_TO_NPB_FOREIGN,,0,,,True,CURRENT_OR_HISTORICAL_EXTERNAL_GAME_APPRAISAL_CONTEXT,False,97c429521267cfb70ccdd61e40e11853d100e360,ab5adbfee656d69d0b378145fd66bf5789e0d1b4
PROEYE:93395153,矢　野,,93395153,93395153,,0,49,NO_MLB_PROMOTION_FOUND,NO_MATCH_IN_SCREENED_MLB_AND_SHOW_CROSSWALKS,NONE_DETECTED,CURRENT100_MLB_PROMOTION_OR_APPEARANCE,,0,,,False,CURRENT_OR_HISTORICAL_EXTERNAL_GAME_APPRAISAL_CONTEXT,False,97c429521267cfb70ccdd61e40e11853d100e360,ab5adbfee656d69d0b378145fd66bf5789e0d1b4
PROEYE:93395159,村　田,,,93395159,,0,,,NO_MATCH_IN_SCREENED_SOURCES,NONE_DETECTED,HISTORICAL_CALIBRATION_POPULATION,,0,,,False,CURRENT_OR_HISTORICAL_EXTERNAL_GAME_APPRAISAL_CONTEXT,False,97c429521267cfb70ccdd61e40e11853d100e360,ab5adbfee656d69d0b378145fd66bf5789e0d1b4
PROEYE:93795157,カリステ,,93795157,93795157,,0,10,NO_MLB_PROMOTION_FOUND,NO_MATCH_IN_SCREENED_MLB_AND_SHOW_CROSSWALKS,NONE_DETECTED,CURRENT100_MLB_PROMOTION_OR_APPEARANCE,,0,,,False,CURRENT_OR_HISTORICAL_EXTERNAL_GAME_APPRAISAL_CONTEXT,False,97c429521267cfb70ccdd61e40e11853d100e360,ab5adbfee656d69d0b378145fd66bf5789e0d1b4
