raw_id,player,player_display,team_or_affiliation,measurement_date,measurement_year,measurement_era,metric,value,unit,timing_method,start_protocol,surface_or_conditions,cohort_id,cohort_completeness,source_manifest_id,source_tier,source_name,source_url,evidence_class,original_usage_class,canonicality,high_confidence_candidate,bank_acceptance_status,rejection_reason,same_measurement_cluster_id,temporal_resolution_status,selected_as_anchor,selected_anchor_id,notes
R00001,草部真秀,草部真秀,,2022-06-19,2022,2022,50M_STANDING_START_SECONDS,6.93,seconds,electronic_photoelectric,not_publicly_documented,not_publicly_documented,samurai_university_2022-06-19,THIRD_PARTY_FULL_TABLE_NOT_INDEPENDENTLY_VERIFIED,samurai_university_2022_06_19,C_UNVERIFIED_FULL_TABLE,Existing standardized 50m reference,https://www.youtube.com/watch?v=fC8_8iA7Cao,STANDARDIZED_SHORT_DISTANCE,,CANONICAL_SOURCE_RECORD,false,REJECTED_SOURCE_TIER,REJECTED_TIER_C_FULL_TABLE_NOT_INDEPENDENTLY_VERIFIED,standardized_50m_2022-06-19_草部真秀,EXACT_OR_NOT_APPLICABLE,false,,Raw value retained; only the official 2022 top five are admitted from this otherwise third-party full table.
R00002,吉田元登,吉田元登,,2022-06-19,2022,2022,50M_STANDING_START_SECONDS,6.93,seconds,electronic_photoelectric,not_publicly_documented,not_publicly_documented,samurai_university_2022-06-19,THIRD_PARTY_FULL_TABLE_NOT_INDEPENDENTLY_VERIFIED,samurai_university_2022_06_19,C_UNVERIFIED_FULL_TABLE,Existing standardized 50m reference,https://www.youtube.com/watch?v=fC8_8iA7Cao,STANDARDIZED_SHORT_DISTANCE,,CANONICAL_SOURCE_RECORD,false,REJECTED_SOURCE_TIER,REJECTED_TIER_C_FULL_TABLE_NOT_INDEPENDENTLY_VERIFIED,standardized_50m_2022-06-19_吉田元登,EXACT_OR_NOT_APPLICABLE,false,,Raw value retained; only the official 2022 top five are admitted from this otherwise third-party full table.
R00003,上崎彰吾,上崎彰吾,,2022-06-19,2022,2022,50M_STANDING_START_SECONDS,6.82,seconds,electronic_photoelectric,not_publicly_documented,not_publicly_documented,samurai_university_2022-06-19,THIRD_PARTY_FULL_TABLE_NOT_INDEPENDENTLY_VERIFIED,samurai_university_2022_06_19,C_UNVERIFIED_FULL_TABLE,Existing standardized 50m reference,https://www.youtube.com/watch?v=fC8_8iA7Cao,STANDARDIZED_SHORT_DISTANCE,,CANONICAL_SOURCE_RECORD,false,REJECTED_SOURCE_TIER,REJECTED_TIER_C_FULL_TABLE_NOT_INDEPENDENTLY_VERIFIED,standardized_50m_2022-06-19_上崎彰吾,EXACT_OR_NOT_APPLICABLE,false,,Raw value retained; only the official 2022 top five are admitted from this otherwise third-party full table.
R00004,有馬諒,有馬諒,,2022-06-19,2022,2022,50M_STANDING_START_SECONDS,6.76,seconds,electronic_photoelectric,not_publicly_documented,not_publicly_documented,samurai_university_2022-06-19,THIRD_PARTY_FULL_TABLE_NOT_INDEPENDENTLY_VERIFIED,samurai_university_2022_06_19,C_UNVERIFIED_FULL_TABLE,Existing standardized 50m reference,https://www.youtube.com/watch?v=fC8_8iA7Cao,STANDARDIZED_SHORT_DISTANCE,,CANONICAL_SOURCE_RECORD,false,REJECTED_SOURCE_TIER,REJECTED_TIER_C_FULL_TABLE_NOT_INDEPENDENTLY_VERIFIED,standardized_50m_2022-06-19_有馬諒,EXACT_OR_NOT_APPLICABLE,false,,Raw value retained; only the official 2022 top five are admitted from this otherwise third-party full table.
R00005,山下滉介,山下滉介,,2022-06-19,2022,2022,50M_STANDING_START_SECONDS,6.75,seconds,electronic_photoelectric,not_publicly_documented,not_publicly_documented,samurai_university_2022-06-19,THIRD_PARTY_FULL_TABLE_NOT_INDEPENDENTLY_VERIFIED,samurai_university_2022_06_19,C_UNVERIFIED_FULL_TABLE,Existing standardized 50m reference,https://www.youtube.com/watch?v=fC8_8iA7Cao,STANDARDIZED_SHORT_DISTANCE,,CANONICAL_SOURCE_RECORD,false,REJECTED_SOURCE_TIER,REJECTED_TIER_C_FULL_TABLE_NOT_INDEPENDENTLY_VERIFIED,standardized_50m_2022-06-19_山下滉介,EXACT_OR_NOT_APPLICABLE,false,,Raw value retained; only the official 2022 top five are admitted from this otherwise third-party full table.
R00006,野口泰司,野口泰司,,2022-06-19,2022,2022,50M_STANDING_START_SECONDS,6.7,seconds,electronic_photoelectric,not_publicly_documented,not_publicly_documented,samurai_university_2022-06-19,THIRD_PARTY_FULL_TABLE_NOT_INDEPENDENTLY_VERIFIED,samurai_university_2022_06_19,C_UNVERIFIED_FULL_TABLE,Existing standardized 50m reference,https://www.youtube.com/watch?v=fC8_8iA7Cao,STANDARDIZED_SHORT_DISTANCE,,CANONICAL_SOURCE_RECORD,false,REJECTED_SOURCE_TIER,REJECTED_TIER_C_FULL_TABLE_NOT_INDEPENDENTLY_VERIFIED,standardized_50m_2022-06-19_野口泰司,EXACT_OR_NOT_APPLICABLE,false,,Raw value retained; only the official 2022 top five are admitted from this otherwise third-party full table.
R00007,伊藤雄紀,伊藤雄紀,,2022-06-19,2022,2022,50M_STANDING_START_SECONDS,6.68,seconds,electronic_photoelectric,not_publicly_documented,not_publicly_documented,samurai_university_2022-06-19,THIRD_PARTY_FULL_TABLE_NOT_INDEPENDENTLY_VERIFIED,samurai_university_2022_06_19,C_UNVERIFIED_FULL_TABLE,Existing standardized 50m reference,https://www.youtube.com/watch?v=fC8_8iA7Cao,STANDARDIZED_SHORT_DISTANCE,,CANONICAL_SOURCE_RECORD,false,REJECTED_SOURCE_TIER,REJECTED_TIER_C_FULL_TABLE_NOT_INDEPENDENTLY_VERIFIED,standardized_50m_2022-06-19_伊藤雄紀,EXACT_OR_NOT_APPLICABLE,false,,Raw value retained; only the official 2022 top five are admitted from this otherwise third-party full table.
R00008,水島滉陽,水島滉陽,,2022-06-19,2022,2022,50M_STANDING_START_SECONDS,6.66,seconds,electronic_photoelectric,not_publicly_documented,not_publicly_documented,samurai_university_2022-06-19,THIRD_PARTY_FULL_TABLE_NOT_INDEPENDENTLY_VERIFIED,samurai_university_2022_06_19,C_UNVERIFIED_FULL_TABLE,Existing standardized 50m reference,https://www.youtube.com/watch?v=fC8_8iA7Cao,STANDARDIZED_SHORT_DISTANCE,,CANONICAL_SOURCE_RECORD,false,REJECTED_SOURCE_TIER,REJECTED_TIER_C_FULL_TABLE_NOT_INDEPENDENTLY_VERIFIED,standardized_50m_2022-06-19_水島滉陽,EXACT_OR_NOT_APPLICABLE,false,,Raw value retained; only the official 2022 top five are admitted from this otherwise third-party full table.
R00009,山田健太,山田健太,,2022-06-19,2022,2022,50M_STANDING_START_SECONDS,6.62,seconds,electronic_photoelectric,not_publicly_documented,not_publicly_documented,samurai_university_2022-06-19,THIRD_PARTY_FULL_TABLE_NOT_INDEPENDENTLY_VERIFIED,samurai_university_2022_06_19,C_UNVERIFIED_FULL_TABLE,Existing standardized 50m reference,https://www.youtube.com/watch?v=fC8_8iA7Cao,STANDARDIZED_SHORT_DISTANCE,,CANONICAL_SOURCE_RECORD,false,REJECTED_SOURCE_TIER,REJECTED_TIER_C_FULL_TABLE_NOT_INDEPENDENTLY_VERIFIED,standardized_50m_2022-06-19_山田健太,EXACT_OR_NOT_APPLICABLE,false,,Raw value retained; only the official 2022 top five are admitted from this otherwise third-party full table.
R00010,進藤勇也,進藤勇也,,2022-06-19,2022,2022,50M_STANDING_START_SECONDS,6.59,seconds,electronic_photoelectric,not_publicly_documented,not_publicly_documented,samurai_university_2022-06-19,THIRD_PARTY_FULL_TABLE_NOT_INDEPENDENTLY_VERIFIED,samurai_university_2022_06_19,C_UNVERIFIED_FULL_TABLE,Existing standardized 50m reference,https://www.youtube.com/watch?v=fC8_8iA7Cao,STANDARDIZED_SHORT_DISTANCE,,CANONICAL_SOURCE_RECORD,false,REJECTED_SOURCE_TIER,REJECTED_TIER_C_FULL_TABLE_NOT_INDEPENDENTLY_VERIFIED,standardized_50m_2022-06-19_進藤勇也,EXACT_OR_NOT_APPLICABLE,false,,Raw value retained; only the official 2022 top five are admitted from this otherwise third-party full table.
R00011,小中健蔵,小中健蔵,,2022-06-19,2022,2022,50M_STANDING_START_SECONDS,6.58,seconds,electronic_photoelectric,not_publicly_documented,not_publicly_documented,samurai_university_2022-06-19,THIRD_PARTY_FULL_TABLE_NOT_INDEPENDENTLY_VERIFIED,samurai_university_2022_06_19,C_UNVERIFIED_FULL_TABLE,Existing standardized 50m reference,https://www.youtube.com/watch?v=fC8_8iA7Cao,STANDARDIZED_SHORT_DISTANCE,,CANONICAL_SOURCE_RECORD,false,REJECTED_SOURCE_TIER,REJECTED_TIER_C_FULL_TABLE_NOT_INDEPENDENTLY_VERIFIED,standardized_50m_2022-06-19_小中健蔵,EXACT_OR_NOT_APPLICABLE,false,,Raw value retained; only the official 2022 top five are admitted from this otherwise third-party full table.
R00012,友田佑卓,友田佑卓,,2022-06-19,2022,2022,50M_STANDING_START_SECONDS,6.53,seconds,electronic_photoelectric,not_publicly_documented,not_publicly_documented,samurai_university_2022-06-19,THIRD_PARTY_FULL_TABLE_NOT_INDEPENDENTLY_VERIFIED,samurai_university_2022_06_19,C_UNVERIFIED_FULL_TABLE,Existing standardized 50m reference,https://www.youtube.com/watch?v=fC8_8iA7Cao,STANDARDIZED_SHORT_DISTANCE,,CANONICAL_SOURCE_RECORD,false,REJECTED_SOURCE_TIER,REJECTED_TIER_C_FULL_TABLE_NOT_INDEPENDENTLY_VERIFIED,standardized_50m_2022-06-19_友田佑卓,EXACT_OR_NOT_APPLICABLE,false,,Raw value retained; only the official 2022 top five are admitted from this otherwise third-party full table.
R00013,辻本倫太郎,辻本倫太郎,,2022-06-19,2022,2022,50M_STANDING_START_SECONDS,6.52,seconds,electronic_photoelectric,not_publicly_documented,not_publicly_documented,samurai_university_2022-06-19,THIRD_PARTY_FULL_TABLE_NOT_INDEPENDENTLY_VERIFIED,samurai_university_2022_06_19,C_UNVERIFIED_FULL_TABLE,Existing standardized 50m reference,https://www.youtube.com/watch?v=fC8_8iA7Cao,STANDARDIZED_SHORT_DISTANCE,,CANONICAL_SOURCE_RECORD,false,REJECTED_SOURCE_TIER,REJECTED_TIER_C_FULL_TABLE_NOT_INDEPENDENTLY_VERIFIED,standardized_50m_2022-06-19_辻本倫太郎,EXACT_OR_NOT_APPLICABLE,false,,Raw value retained; only the official 2022 top five are admitted from this otherwise third-party full table.
R00014,宗山塁,宗山塁,,2022-06-19,2022,2022,50M_STANDING_START_SECONDS,6.51,seconds,electronic_photoelectric,not_publicly_documented,not_publicly_documented,samurai_university_2022-06-19,THIRD_PARTY_FULL_TABLE_NOT_INDEPENDENTLY_VERIFIED,samurai_university_2022_06_19,C_UNVERIFIED_FULL_TABLE,Existing standardized 50m reference,https://www.youtube.com/watch?v=fC8_8iA7Cao,STANDARDIZED_SHORT_DISTANCE,,CANONICAL_SOURCE_RECORD,false,REJECTED_SOURCE_TIER,REJECTED_TIER_C_FULL_TABLE_NOT_INDEPENDENTLY_VERIFIED,standardized_50m_2022-06-19_宗山塁,EXACT_OR_NOT_APPLICABLE,false,,Raw value retained; only the official 2022 top five are admitted from this otherwise third-party full table.
R00015,佐々木泰,佐々木泰,,2022-06-19,2022,2022,50M_STANDING_START_SECONDS,6.48,seconds,electronic_photoelectric,not_publicly_documented,not_publicly_documented,samurai_university_2022-06-19,THIRD_PARTY_FULL_TABLE_NOT_INDEPENDENTLY_VERIFIED,samurai_university_2022_06_19,C_UNVERIFIED_FULL_TABLE,Existing standardized 50m reference,https://www.youtube.com/watch?v=fC8_8iA7Cao,STANDARDIZED_SHORT_DISTANCE,,CANONICAL_SOURCE_RECORD,false,REJECTED_SOURCE_TIER,REJECTED_TIER_C_FULL_TABLE_NOT_INDEPENDENTLY_VERIFIED,standardized_50m_2022-06-19_佐々木泰,EXACT_OR_NOT_APPLICABLE,false,,Raw value retained; only the official 2022 top five are admitted from this otherwise third-party full table.
R00016,蓑尾海斗,蓑尾海斗,,2022-06-19,2022,2022,50M_STANDING_START_SECONDS,6.48,seconds,electronic_photoelectric,not_publicly_documented,not_publicly_documented,samurai_university_2022-06-19,THIRD_PARTY_FULL_TABLE_NOT_INDEPENDENTLY_VERIFIED,samurai_university_2022_06_19,C_UNVERIFIED_FULL_TABLE,Existing standardized 50m reference,https://www.youtube.com/watch?v=fC8_8iA7Cao,STANDARDIZED_SHORT_DISTANCE,,CANONICAL_SOURCE_RECORD,false,REJECTED_SOURCE_TIER,REJECTED_TIER_C_FULL_TABLE_NOT_INDEPENDENTLY_VERIFIED,standardized_50m_2022-06-19_蓑尾海斗,EXACT_OR_NOT_APPLICABLE,false,,Raw value retained; only the official 2022 top five are admitted from this otherwise third-party full table.
R00017,松下豪佑,松下豪佑,,2022-06-19,2022,2022,50M_STANDING_START_SECONDS,6.42,seconds,electronic_photoelectric,not_publicly_documented,not_publicly_documented,samurai_university_2022-06-19,THIRD_PARTY_FULL_TABLE_NOT_INDEPENDENTLY_VERIFIED,samurai_university_2022_06_19,C_UNVERIFIED_FULL_TABLE,Existing standardized 50m reference,https://www.youtube.com/watch?v=fC8_8iA7Cao,STANDARDIZED_SHORT_DISTANCE,,CANONICAL_SOURCE_RECORD,false,REJECTED_SOURCE_TIER,REJECTED_TIER_C_FULL_TABLE_NOT_INDEPENDENTLY_VERIFIED,standardized_50m_2022-06-19_松下豪佑,EXACT_OR_NOT_APPLICABLE,false,,Raw value retained; only the official 2022 top five are admitted from this otherwise third-party full table.
R00018,齊藤大輝,齊藤大輝,,2022-06-19,2022,2022,50M_STANDING_START_SECONDS,6.42,seconds,electronic_photoelectric,not_publicly_documented,not_publicly_documented,samurai_university_2022-06-19,THIRD_PARTY_FULL_TABLE_NOT_INDEPENDENTLY_VERIFIED,samurai_university_2022_06_19,C_UNVERIFIED_FULL_TABLE,Existing standardized 50m reference,https://www.youtube.com/watch?v=fC8_8iA7Cao,STANDARDIZED_SHORT_DISTANCE,,CANONICAL_SOURCE_RECORD,false,REJECTED_SOURCE_TIER,REJECTED_TIER_C_FULL_TABLE_NOT_INDEPENDENTLY_VERIFIED,standardized_50m_2022-06-19_齊藤大輝,EXACT_OR_NOT_APPLICABLE,false,,Raw value retained; only the official 2022 top five are admitted from this otherwise third-party full table.
R00019,杉浦有祐,杉浦有祐,,2022-06-19,2022,2022,50M_STANDING_START_SECONDS,6.4,seconds,electronic_photoelectric,not_publicly_documented,not_publicly_documented,samurai_university_2022-06-19,THIRD_PARTY_FULL_TABLE_NOT_INDEPENDENTLY_VERIFIED,samurai_university_2022_06_19,C_UNVERIFIED_FULL_TABLE,Existing standardized 50m reference,https://www.youtube.com/watch?v=fC8_8iA7Cao,STANDARDIZED_SHORT_DISTANCE,,CANONICAL_SOURCE_RECORD,false,REJECTED_SOURCE_TIER,REJECTED_TIER_C_FULL_TABLE_NOT_INDEPENDENTLY_VERIFIED,standardized_50m_2022-06-19_杉浦有祐,EXACT_OR_NOT_APPLICABLE,false,,Raw value retained; only the official 2022 top five are admitted from this otherwise third-party full table.
R00020,廣瀬隆太,廣瀬隆太,,2022-06-19,2022,2022,50M_STANDING_START_SECONDS,6.39,seconds,electronic_photoelectric,not_publicly_documented,not_publicly_documented,samurai_university_2022-06-19,THIRD_PARTY_FULL_TABLE_NOT_INDEPENDENTLY_VERIFIED,samurai_university_2022_06_19,C_UNVERIFIED_FULL_TABLE,Existing standardized 50m reference,https://www.youtube.com/watch?v=fC8_8iA7Cao,STANDARDIZED_SHORT_DISTANCE,,CANONICAL_SOURCE_RECORD,false,REJECTED_SOURCE_TIER,REJECTED_TIER_C_FULL_TABLE_NOT_INDEPENDENTLY_VERIFIED,standardized_50m_2022-06-19_廣瀬隆太,EXACT_OR_NOT_APPLICABLE,false,,Raw value retained; only the official 2022 top five are admitted from this otherwise third-party full table.
R00021,上田希由翔,上田希由翔,,2022-06-19,2022,2022,50M_STANDING_START_SECONDS,6.35,seconds,electronic_photoelectric,not_publicly_documented,not_publicly_documented,samurai_university_2022-06-19,THIRD_PARTY_FULL_TABLE_NOT_INDEPENDENTLY_VERIFIED,samurai_university_2022_06_19,C_UNVERIFIED_FULL_TABLE,Existing standardized 50m reference,https://www.youtube.com/watch?v=fC8_8iA7Cao,STANDARDIZED_SHORT_DISTANCE,,CANONICAL_SOURCE_RECORD,false,REJECTED_SOURCE_TIER,REJECTED_TIER_C_FULL_TABLE_NOT_INDEPENDENTLY_VERIFIED,standardized_50m_2022-06-19_上田希由翔,EXACT_OR_NOT_APPLICABLE,false,,Raw value retained; only the official 2022 top five are admitted from this otherwise third-party full table.
R00022,石毛大地,石毛大地,,2022-06-19,2022,2022,50M_STANDING_START_SECONDS,6.33,seconds,electronic_photoelectric,not_publicly_documented,not_publicly_documented,samurai_university_2022-06-19,THIRD_PARTY_FULL_TABLE_NOT_INDEPENDENTLY_VERIFIED,samurai_university_2022_06_19,C_UNVERIFIED_FULL_TABLE,Existing standardized 50m reference,https://www.youtube.com/watch?v=fC8_8iA7Cao,STANDARDIZED_SHORT_DISTANCE,,CANONICAL_SOURCE_RECORD,false,REJECTED_SOURCE_TIER,REJECTED_TIER_C_FULL_TABLE_NOT_INDEPENDENTLY_VERIFIED,standardized_50m_2022-06-19_石毛大地,EXACT_OR_NOT_APPLICABLE,false,,Raw value retained; only the official 2022 top five are admitted from this otherwise third-party full table.
R00023,奈良間大己,奈良間大己,,2022-06-19,2022,2022,50M_STANDING_START_SECONDS,6.31,seconds,electronic_photoelectric,not_publicly_documented,not_publicly_documented,samurai_university_2022-06-19,THIRD_PARTY_FULL_TABLE_NOT_INDEPENDENTLY_VERIFIED,samurai_university_2022_06_19,C_UNVERIFIED_FULL_TABLE,Existing standardized 50m reference,https://www.youtube.com/watch?v=fC8_8iA7Cao,STANDARDIZED_SHORT_DISTANCE,,CANONICAL_SOURCE_RECORD,false,REJECTED_SOURCE_TIER,REJECTED_TIER_C_FULL_TABLE_NOT_INDEPENDENTLY_VERIFIED,standardized_50m_2022-06-19_奈良間大己,EXACT_OR_NOT_APPLICABLE,false,,Raw value retained; only the official 2022 top five are admitted from this otherwise third-party full table.
R00024,杉澤龍,杉澤龍,,2022-06-19,2022,2022,50M_STANDING_START_SECONDS,6.31,seconds,electronic_photoelectric,not_publicly_documented,not_publicly_documented,samurai_university_2022-06-19,THIRD_PARTY_FULL_TABLE_NOT_INDEPENDENTLY_VERIFIED,samurai_university_2022_06_19,C_UNVERIFIED_FULL_TABLE,Existing standardized 50m reference,https://www.youtube.com/watch?v=fC8_8iA7Cao,STANDARDIZED_SHORT_DISTANCE,,CANONICAL_SOURCE_RECORD,false,REJECTED_SOURCE_TIER,REJECTED_TIER_C_FULL_TABLE_NOT_INDEPENDENTLY_VERIFIED,standardized_50m_2022-06-19_杉澤龍,EXACT_OR_NOT_APPLICABLE,false,,Raw value retained; only the official 2022 top five are admitted from this otherwise third-party full table.
R00025,萩尾匡也,萩尾匡也,,2022-06-19,2022,2022,50M_STANDING_START_SECONDS,6.22,seconds,electronic_photoelectric,not_publicly_documented,not_publicly_documented,samurai_university_2022-06-19,THIRD_PARTY_FULL_TABLE_NOT_INDEPENDENTLY_VERIFIED,samurai_university_2022_06_19,C_UNVERIFIED_FULL_TABLE,Existing standardized 50m reference,https://www.youtube.com/watch?v=fC8_8iA7Cao,STANDARDIZED_SHORT_DISTANCE,,CANONICAL_SOURCE_RECORD,false,REJECTED_SOURCE_TIER,REJECTED_TIER_C_FULL_TABLE_NOT_INDEPENDENTLY_VERIFIED,standardized_50m_2022-06-19_萩尾匡也,EXACT_OR_NOT_APPLICABLE,false,,Raw value retained; only the official 2022 top five are admitted from this otherwise third-party full table.
R00026,蛭間拓哉,蛭間拓哉,,2022-06-19,2022,2022,50M_STANDING_START_SECONDS,6.17,seconds,electronic_photoelectric,not_publicly_documented,not_publicly_documented,samurai_university_2022-06-19,OFFICIAL_TOP_FIVE_ONLY,samurai_university_2022_06_19,A_OFFICIAL_VALUE,Existing standardized 50m reference,https://www.japan-baseball.jp/jp/news/press/20220619_1.html,STANDARDIZED_SHORT_DISTANCE,,CANONICAL_SOURCE_RECORD,true,ACCEPTED_HIGH_CONFIDENCE,,standardized_50m_2022-06-19_蛭間拓哉,EXACT_OR_NOT_APPLICABLE,true,A0001,Comparable only within this measured cohort. This 50m result is never converted to T90.
R00027,友杉篤輝,友杉篤輝,,2022-06-19,2022,2022,50M_STANDING_START_SECONDS,6.1,seconds,electronic_photoelectric,not_publicly_documented,not_publicly_documented,samurai_university_2022-06-19,OFFICIAL_TOP_FIVE_ONLY,samurai_university_2022_06_19,A_OFFICIAL_VALUE,Existing standardized 50m reference,https://www.japan-baseball.jp/jp/news/press/20220619_1.html,STANDARDIZED_SHORT_DISTANCE,,CANONICAL_SOURCE_RECORD,true,ACCEPTED_HIGH_CONFIDENCE,,standardized_50m_2022-06-19_友杉篤輝,EXACT_OR_NOT_APPLICABLE,true,A0002,Comparable only within this measured cohort. This 50m result is never converted to T90.
R00028,松浦佑星,松浦佑星,,2022-06-19,2022,2022,50M_STANDING_START_SECONDS,6.06,seconds,electronic_photoelectric,not_publicly_documented,not_publicly_documented,samurai_university_2022-06-19,OFFICIAL_TOP_FIVE_ONLY,samurai_university_2022_06_19,A_OFFICIAL_VALUE,Existing standardized 50m reference,https://www.japan-baseball.jp/jp/news/press/20220619_1.html,STANDARDIZED_SHORT_DISTANCE,,CANONICAL_SOURCE_RECORD,true,ACCEPTED_HIGH_CONFIDENCE,,standardized_50m_2022-06-19_松浦佑星,EXACT_OR_NOT_APPLICABLE,true,A0003,Comparable only within this measured cohort. This 50m result is never converted to T90.
R00029,林琢真,林琢真,,2022-06-19,2022,2022,50M_STANDING_START_SECONDS,5.99,seconds,electronic_photoelectric,not_publicly_documented,not_publicly_documented,samurai_university_2022-06-19,OFFICIAL_TOP_FIVE_ONLY,samurai_university_2022_06_19,A_OFFICIAL_VALUE,Existing standardized 50m reference,https://www.japan-baseball.jp/jp/news/press/20220619_1.html,STANDARDIZED_SHORT_DISTANCE,,CANONICAL_SOURCE_RECORD,true,ACCEPTED_HIGH_CONFIDENCE,,standardized_50m_2022-06-19_林琢真,EXACT_OR_NOT_APPLICABLE,true,A0004,Comparable only within this measured cohort. This 50m result is never converted to T90.
R00030,矢澤宏太,矢澤宏太,,2022-06-19,2022,2022,50M_STANDING_START_SECONDS,5.98,seconds,electronic_photoelectric,not_publicly_documented,not_publicly_documented,samurai_university_2022-06-19,OFFICIAL_TOP_FIVE_ONLY,samurai_university_2022_06_19,A_OFFICIAL_VALUE,Existing standardized 50m reference,https://www.japan-baseball.jp/jp/news/press/20220619_1.html,STANDARDIZED_SHORT_DISTANCE,,CANONICAL_SOURCE_RECORD,true,ACCEPTED_HIGH_CONFIDENCE,,standardized_50m_2022-06-19_矢澤宏太,EXACT_OR_NOT_APPLICABLE,true,A0005,Comparable only within this measured cohort. This 50m result is never converted to T90.
R00031,岡城快生,岡城快生,,2024-11-30,2024,2024,50M_STANDING_START_SECONDS,5.82,seconds,photoelectric,not_publicly_documented,not_publicly_documented,samurai_university_2024-11-30,FULL_PUBLISHED_TABLE_27,samurai_university_2024_11_30,A_PROTOCOL_B_FULL_VALUES,侍ジャパン公式 + 高校野球ドットコム,https://www.hb-nippon.com/articles/2163,STANDARDIZED_SHORT_DISTANCE,,CANONICAL_SOURCE_RECORD,true,ACCEPTED_HIGH_CONFIDENCE,,standardized_50m_2024-11-30_岡城快生,EXACT_OR_NOT_APPLICABLE,true,A0006,Comparable only within this measured cohort. This 50m result is never converted to T90.
R00032,松川玲央,松川玲央,,2024-11-30,2024,2024,50M_STANDING_START_SECONDS,5.89,seconds,photoelectric,not_publicly_documented,not_publicly_documented,samurai_university_2024-11-30,FULL_PUBLISHED_TABLE_27,samurai_university_2024_11_30,A_PROTOCOL_B_FULL_VALUES,侍ジャパン公式 + 高校野球ドットコム,https://www.hb-nippon.com/articles/2163,STANDARDIZED_SHORT_DISTANCE,,CANONICAL_SOURCE_RECORD,true,ACCEPTED_HIGH_CONFIDENCE,,standardized_50m_2024-11-30_松川玲央,EXACT_OR_NOT_APPLICABLE,true,A0007,Comparable only within this measured cohort. This 50m result is never converted to T90.
R00033,藤森康淳,藤森康淳,,2024-11-30,2024,2024,50M_STANDING_START_SECONDS,5.97,seconds,photoelectric,not_publicly_documented,not_publicly_documented,samurai_university_2024-11-30,FULL_PUBLISHED_TABLE_27,samurai_university_2024_11_30,A_PROTOCOL_B_FULL_VALUES,侍ジャパン公式 + 高校野球ドットコム,https://www.hb-nippon.com/articles/2163,STANDARDIZED_SHORT_DISTANCE,,CANONICAL_SOURCE_RECORD,true,ACCEPTED_HIGH_CONFIDENCE,,standardized_50m_2024-11-30_藤森康淳,EXACT_OR_NOT_APPLICABLE,true,A0008,Comparable only within this measured cohort. This 50m result is never converted to T90.
R00034,平川蓮,平川蓮,,2024-11-30,2024,2024,50M_STANDING_START_SECONDS,5.99,seconds,photoelectric,not_publicly_documented,not_publicly_documented,samurai_university_2024-11-30,FULL_PUBLISHED_TABLE_27,samurai_university_2024_11_30,A_PROTOCOL_B_FULL_VALUES,侍ジャパン公式 + 高校野球ドットコム,https://www.hb-nippon.com/articles/2163,STANDARDIZED_SHORT_DISTANCE,,CANONICAL_SOURCE_RECORD,true,ACCEPTED_HIGH_CONFIDENCE,,standardized_50m_2024-11-30_平川蓮,EXACT_OR_NOT_APPLICABLE,true,A0009,Comparable only within this measured cohort. This 50m result is never converted to T90.
R00035,立石正広,立石正広,,2024-11-30,2024,2024,50M_STANDING_START_SECONDS,6.07,seconds,photoelectric,not_publicly_documented,not_publicly_documented,samurai_university_2024-11-30,FULL_PUBLISHED_TABLE_27,samurai_university_2024_11_30,A_PROTOCOL_B_FULL_VALUES,侍ジャパン公式 + 高校野球ドットコム,https://www.hb-nippon.com/articles/2163,STANDARDIZED_SHORT_DISTANCE,,CANONICAL_SOURCE_RECORD,true,ACCEPTED_HIGH_CONFIDENCE,,standardized_50m_2024-11-30_立石正広,EXACT_OR_NOT_APPLICABLE,true,A0010,Comparable only within this measured cohort. This 50m result is never converted to T90.
R00036,大塚瑠晏,大塚瑠晏,,2024-11-30,2024,2024,50M_STANDING_START_SECONDS,6.07,seconds,photoelectric,not_publicly_documented,not_publicly_documented,samurai_university_2024-11-30,FULL_PUBLISHED_TABLE_27,samurai_university_2024_11_30,A_PROTOCOL_B_FULL_VALUES,侍ジャパン公式 + 高校野球ドットコム,https://www.hb-nippon.com/articles/2163,STANDARDIZED_SHORT_DISTANCE,,CANONICAL_SOURCE_RECORD,true,ACCEPTED_HIGH_CONFIDENCE,,standardized_50m_2024-11-30_大塚瑠晏,EXACT_OR_NOT_APPLICABLE,true,A0011,Comparable only within this measured cohort. This 50m result is never converted to T90.
R00037,黒田義信,黒田義信,,2024-11-30,2024,2024,50M_STANDING_START_SECONDS,6.1,seconds,photoelectric,not_publicly_documented,not_publicly_documented,samurai_university_2024-11-30,FULL_PUBLISHED_TABLE_27,samurai_university_2024_11_30,A_PROTOCOL_B_FULL_VALUES,侍ジャパン公式 + 高校野球ドットコム,https://www.hb-nippon.com/articles/2163,STANDARDIZED_SHORT_DISTANCE,,CANONICAL_SOURCE_RECORD,true,ACCEPTED_HIGH_CONFIDENCE,,standardized_50m_2024-11-30_黒田義信,EXACT_OR_NOT_APPLICABLE,true,A0012,Comparable only within this measured cohort. This 50m result is never converted to T90.
R00038,皆川岳飛,皆川岳飛,,2024-11-30,2024,2024,50M_STANDING_START_SECONDS,6.12,seconds,photoelectric,not_publicly_documented,not_publicly_documented,samurai_university_2024-11-30,FULL_PUBLISHED_TABLE_27,samurai_university_2024_11_30,A_PROTOCOL_B_FULL_VALUES,侍ジャパン公式 + 高校野球ドットコム,https://www.hb-nippon.com/articles/2163,STANDARDIZED_SHORT_DISTANCE,,CANONICAL_SOURCE_RECORD,true,ACCEPTED_HIGH_CONFIDENCE,,standardized_50m_2024-11-30_皆川岳飛,EXACT_OR_NOT_APPLICABLE,true,A0013,Comparable only within this measured cohort. This 50m result is never converted to T90.
R00039,秋山俊,秋山俊,,2024-11-30,2024,2024,50M_STANDING_START_SECONDS,6.13,seconds,photoelectric,not_publicly_documented,not_publicly_documented,samurai_university_2024-11-30,FULL_PUBLISHED_TABLE_27,samurai_university_2024_11_30,A_PROTOCOL_B_FULL_VALUES,侍ジャパン公式 + 高校野球ドットコム,https://www.hb-nippon.com/articles/2163,STANDARDIZED_SHORT_DISTANCE,,CANONICAL_SOURCE_RECORD,true,ACCEPTED_HIGH_CONFIDENCE,,standardized_50m_2024-11-30_秋山俊,EXACT_OR_NOT_APPLICABLE,true,A0014,Comparable only within this measured cohort. This 50m result is never converted to T90.
R00040,勝田成,勝田成,,2024-11-30,2024,2024,50M_STANDING_START_SECONDS,6.17,seconds,photoelectric,not_publicly_documented,not_publicly_documented,samurai_university_2024-11-30,FULL_PUBLISHED_TABLE_27,samurai_university_2024_11_30,A_PROTOCOL_B_FULL_VALUES,侍ジャパン公式 + 高校野球ドットコム,https://www.hb-nippon.com/articles/2163,STANDARDIZED_SHORT_DISTANCE,,CANONICAL_SOURCE_RECORD,true,ACCEPTED_HIGH_CONFIDENCE,,standardized_50m_2024-11-30_勝田成,EXACT_OR_NOT_APPLICABLE,true,A0015,Comparable only within this measured cohort. This 50m result is never converted to T90.
R00041,米津煌太,米津煌太,,2024-11-30,2024,2024,50M_STANDING_START_SECONDS,6.17,seconds,photoelectric,not_publicly_documented,not_publicly_documented,samurai_university_2024-11-30,FULL_PUBLISHED_TABLE_27,samurai_university_2024_11_30,A_PROTOCOL_B_FULL_VALUES,侍ジャパン公式 + 高校野球ドットコム,https://www.hb-nippon.com/articles/2163,STANDARDIZED_SHORT_DISTANCE,,CANONICAL_SOURCE_RECORD,true,ACCEPTED_HIGH_CONFIDENCE,,standardized_50m_2024-11-30_米津煌太,EXACT_OR_NOT_APPLICABLE,true,A0016,Comparable only within this measured cohort. This 50m result is never converted to T90.
R00042,繁永晟,繁永晟,,2024-11-30,2024,2024,50M_STANDING_START_SECONDS,6.19,seconds,photoelectric,not_publicly_documented,not_publicly_documented,samurai_university_2024-11-30,FULL_PUBLISHED_TABLE_27,samurai_university_2024_11_30,A_PROTOCOL_B_FULL_VALUES,侍ジャパン公式 + 高校野球ドットコム,https://www.hb-nippon.com/articles/2163,STANDARDIZED_SHORT_DISTANCE,,CANONICAL_SOURCE_RECORD,true,ACCEPTED_HIGH_CONFIDENCE,,standardized_50m_2024-11-30_繁永晟,EXACT_OR_NOT_APPLICABLE,true,A0017,Comparable only within this measured cohort. This 50m result is never converted to T90.
R00043,栗山雅也,栗山雅也,,2024-11-30,2024,2024,50M_STANDING_START_SECONDS,6.19,seconds,photoelectric,not_publicly_documented,not_publicly_documented,samurai_university_2024-11-30,FULL_PUBLISHED_TABLE_27,samurai_university_2024_11_30,A_PROTOCOL_B_FULL_VALUES,侍ジャパン公式 + 高校野球ドットコム,https://www.hb-nippon.com/articles/2163,STANDARDIZED_SHORT_DISTANCE,,CANONICAL_SOURCE_RECORD,true,ACCEPTED_HIGH_CONFIDENCE,,standardized_50m_2024-11-30_栗山雅也,EXACT_OR_NOT_APPLICABLE,true,A0018,Comparable only within this measured cohort. This 50m result is never converted to T90.
R00044,木本圭一,木本圭一,,2024-11-30,2024,2024,50M_STANDING_START_SECONDS,6.2,seconds,photoelectric,not_publicly_documented,not_publicly_documented,samurai_university_2024-11-30,FULL_PUBLISHED_TABLE_27,samurai_university_2024_11_30,A_PROTOCOL_B_FULL_VALUES,侍ジャパン公式 + 高校野球ドットコム,https://www.hb-nippon.com/articles/2163,STANDARDIZED_SHORT_DISTANCE,,CANONICAL_SOURCE_RECORD,true,ACCEPTED_HIGH_CONFIDENCE,,standardized_50m_2024-11-30_木本圭一,EXACT_OR_NOT_APPLICABLE,true,A0019,Comparable only within this measured cohort. This 50m result is never converted to T90.
R00045,那波賢人,那波賢人,,2024-11-30,2024,2024,50M_STANDING_START_SECONDS,6.22,seconds,photoelectric,not_publicly_documented,not_publicly_documented,samurai_university_2024-11-30,FULL_PUBLISHED_TABLE_27,samurai_university_2024_11_30,A_PROTOCOL_B_FULL_VALUES,侍ジャパン公式 + 高校野球ドットコム,https://www.hb-nippon.com/articles/2163,STANDARDIZED_SHORT_DISTANCE,,CANONICAL_SOURCE_RECORD,true,ACCEPTED_HIGH_CONFIDENCE,,standardized_50m_2024-11-30_那波賢人,EXACT_OR_NOT_APPLICABLE,true,A0020,Comparable only within this measured cohort. This 50m result is never converted to T90.
R00046,蜷川大,蜷川大,,2024-11-30,2024,2024,50M_STANDING_START_SECONDS,6.26,seconds,photoelectric,not_publicly_documented,not_publicly_documented,samurai_university_2024-11-30,FULL_PUBLISHED_TABLE_27,samurai_university_2024_11_30,A_PROTOCOL_B_FULL_VALUES,侍ジャパン公式 + 高校野球ドットコム,https://www.hb-nippon.com/articles/2163,STANDARDIZED_SHORT_DISTANCE,,CANONICAL_SOURCE_RECORD,true,ACCEPTED_HIGH_CONFIDENCE,,standardized_50m_2024-11-30_蜷川大,EXACT_OR_NOT_APPLICABLE,true,A0021,Comparable only within this measured cohort. This 50m result is never converted to T90.
R00047,若山空蒼,若山空蒼,,2024-11-30,2024,2024,50M_STANDING_START_SECONDS,6.26,seconds,photoelectric,not_publicly_documented,not_publicly_documented,samurai_university_2024-11-30,FULL_PUBLISHED_TABLE_27,samurai_university_2024_11_30,A_PROTOCOL_B_FULL_VALUES,侍ジャパン公式 + 高校野球ドットコム,https://www.hb-nippon.com/articles/2163,STANDARDIZED_SHORT_DISTANCE,,CANONICAL_SOURCE_RECORD,true,ACCEPTED_HIGH_CONFIDENCE,,standardized_50m_2024-11-30_若山空蒼,EXACT_OR_NOT_APPLICABLE,true,A0022,Comparable only within this measured cohort. This 50m result is never converted to T90.
R00048,小林隼翔,小林隼翔,,2024-11-30,2024,2024,50M_STANDING_START_SECONDS,6.27,seconds,photoelectric,not_publicly_documented,not_publicly_documented,samurai_university_2024-11-30,FULL_PUBLISHED_TABLE_27,samurai_university_2024_11_30,A_PROTOCOL_B_FULL_VALUES,侍ジャパン公式 + 高校野球ドットコム,https://www.hb-nippon.com/articles/2163,STANDARDIZED_SHORT_DISTANCE,,CANONICAL_SOURCE_RECORD,true,ACCEPTED_HIGH_CONFIDENCE,,standardized_50m_2024-11-30_小林隼翔,EXACT_OR_NOT_APPLICABLE,true,A0023,Comparable only within this measured cohort. This 50m result is never converted to T90.
R00049,谷端将伍,谷端将伍,,2024-11-30,2024,2024,50M_STANDING_START_SECONDS,6.3,seconds,photoelectric,not_publicly_documented,not_publicly_documented,samurai_university_2024-11-30,FULL_PUBLISHED_TABLE_27,samurai_university_2024_11_30,A_PROTOCOL_B_FULL_VALUES,侍ジャパン公式 + 高校野球ドットコム,https://www.hb-nippon.com/articles/2163,STANDARDIZED_SHORT_DISTANCE,,CANONICAL_SOURCE_RECORD,true,ACCEPTED_HIGH_CONFIDENCE,,standardized_50m_2024-11-30_谷端将伍,EXACT_OR_NOT_APPLICABLE,true,A0024,Comparable only within this measured cohort. This 50m result is never converted to T90.
R00050,前田健伸,前田健伸,,2024-11-30,2024,2024,50M_STANDING_START_SECONDS,6.36,seconds,photoelectric,not_publicly_documented,not_publicly_documented,samurai_university_2024-11-30,FULL_PUBLISHED_TABLE_27,samurai_university_2024_11_30,A_PROTOCOL_B_FULL_VALUES,侍ジャパン公式 + 高校野球ドットコム,https://www.hb-nippon.com/articles/2163,STANDARDIZED_SHORT_DISTANCE,,CANONICAL_SOURCE_RECORD,true,ACCEPTED_HIGH_CONFIDENCE,,standardized_50m_2024-11-30_前田健伸,EXACT_OR_NOT_APPLICABLE,true,A0025,Comparable only within this measured cohort. This 50m result is never converted to T90.
R00051,小島大河,小島大河,,2024-11-30,2024,2024,50M_STANDING_START_SECONDS,6.38,seconds,photoelectric,not_publicly_documented,not_publicly_documented,samurai_university_2024-11-30,FULL_PUBLISHED_TABLE_27,samurai_university_2024_11_30,A_PROTOCOL_B_FULL_VALUES,侍ジャパン公式 + 高校野球ドットコム,https://www.hb-nippon.com/articles/2163,STANDARDIZED_SHORT_DISTANCE,,CANONICAL_SOURCE_RECORD,true,ACCEPTED_HIGH_CONFIDENCE,,standardized_50m_2024-11-30_小島大河,EXACT_OR_NOT_APPLICABLE,true,A0026,Comparable only within this measured cohort. This 50m result is never converted to T90.
R00052,熊谷陸,熊谷陸,,2024-11-30,2024,2024,50M_STANDING_START_SECONDS,6.38,seconds,photoelectric,not_publicly_documented,not_publicly_documented,samurai_university_2024-11-30,FULL_PUBLISHED_TABLE_27,samurai_university_2024_11_30,A_PROTOCOL_B_FULL_VALUES,侍ジャパン公式 + 高校野球ドットコム,https://www.hb-nippon.com/articles/2163,STANDARDIZED_SHORT_DISTANCE,,CANONICAL_SOURCE_RECORD,true,ACCEPTED_HIGH_CONFIDENCE,,standardized_50m_2024-11-30_熊谷陸,EXACT_OR_NOT_APPLICABLE,true,A0027,Comparable only within this measured cohort. This 50m result is never converted to T90.
R00053,尾瀬雄大,尾瀬雄大,,2024-11-30,2024,2024,50M_STANDING_START_SECONDS,6.38,seconds,photoelectric,not_publicly_documented,not_publicly_documented,samurai_university_2024-11-30,FULL_PUBLISHED_TABLE_27,samurai_university_2024_11_30,A_PROTOCOL_B_FULL_VALUES,侍ジャパン公式 + 高校野球ドットコム,https://www.hb-nippon.com/articles/2163,STANDARDIZED_SHORT_DISTANCE,,CANONICAL_SOURCE_RECORD,true,ACCEPTED_HIGH_CONFIDENCE,,standardized_50m_2024-11-30_尾瀬雄大,EXACT_OR_NOT_APPLICABLE,true,A0028,Comparable only within this measured cohort. This 50m result is never converted to T90.
R00054,渡辺憩,渡辺憩,,2024-11-30,2024,2024,50M_STANDING_START_SECONDS,6.4,seconds,photoelectric,not_publicly_documented,not_publicly_documented,samurai_university_2024-11-30,FULL_PUBLISHED_TABLE_27,samurai_university_2024_11_30,A_PROTOCOL_B_FULL_VALUES,侍ジャパン公式 + 高校野球ドットコム,https://www.hb-nippon.com/articles/2163,STANDARDIZED_SHORT_DISTANCE,,CANONICAL_SOURCE_RECORD,true,ACCEPTED_HIGH_CONFIDENCE,,standardized_50m_2024-11-30_渡辺憩,EXACT_OR_NOT_APPLICABLE,true,A0029,Comparable only within this measured cohort. This 50m result is never converted to T90.
R00055,前嶋藍,前嶋藍,,2024-11-30,2024,2024,50M_STANDING_START_SECONDS,6.53,seconds,photoelectric,not_publicly_documented,not_publicly_documented,samurai_university_2024-11-30,FULL_PUBLISHED_TABLE_27,samurai_university_2024_11_30,A_PROTOCOL_B_FULL_VALUES,侍ジャパン公式 + 高校野球ドットコム,https://www.hb-nippon.com/articles/2163,STANDARDIZED_SHORT_DISTANCE,,CANONICAL_SOURCE_RECORD,true,ACCEPTED_HIGH_CONFIDENCE,,standardized_50m_2024-11-30_前嶋藍,EXACT_OR_NOT_APPLICABLE,true,A0030,Comparable only within this measured cohort. This 50m result is never converted to T90.
R00056,渡部海,渡部海,,2024-11-30,2024,2024,50M_STANDING_START_SECONDS,6.55,seconds,photoelectric,not_publicly_documented,not_publicly_documented,samurai_university_2024-11-30,FULL_PUBLISHED_TABLE_27,samurai_university_2024_11_30,A_PROTOCOL_B_FULL_VALUES,侍ジャパン公式 + 高校野球ドットコム,https://www.hb-nippon.com/articles/2163,STANDARDIZED_SHORT_DISTANCE,,CANONICAL_SOURCE_RECORD,true,ACCEPTED_HIGH_CONFIDENCE,,standardized_50m_2024-11-30_渡部海,EXACT_OR_NOT_APPLICABLE,true,A0031,Comparable only within this measured cohort. This 50m result is never converted to T90.
R00057,辻井心,辻井心,,2024-11-30,2024,2024,50M_STANDING_START_SECONDS,6.87,seconds,photoelectric,not_publicly_documented,not_publicly_documented,samurai_university_2024-11-30,FULL_PUBLISHED_TABLE_27,samurai_university_2024_11_30,A_PROTOCOL_B_FULL_VALUES,侍ジャパン公式 + 高校野球ドットコム,https://www.hb-nippon.com/articles/2163,STANDARDIZED_SHORT_DISTANCE,,CANONICAL_SOURCE_RECORD,true,ACCEPTED_HIGH_CONFIDENCE,,standardized_50m_2024-11-30_辻井心,EXACT_OR_NOT_APPLICABLE,true,A0032,Comparable only within this measured cohort. This 50m result is never converted to T90.
R00058,鈴木湧陽,鈴木湧陽,,2026-06-22,2026,2026,50M_STANDING_START_SECONDS,5.78,seconds,photoelectric_50m_with_intermediate_30m_same_trial,not_publicly_documented,not_publicly_documented,samurai_university_2026_06_22,FULL_PUBLISHED_50M_TABLE_31,samurai_university_2026_06_22,A_PROTOCOL_B_FULL_VALUES,侍ジャパン公式 + 高校野球ドットコム,https://www.hb-nippon.com/articles/14003,STANDARDIZED_SHORT_DISTANCE,,CANONICAL_SOURCE_RECORD,true,ACCEPTED_HIGH_CONFIDENCE,,standardized_50m_2026-06-22_鈴木湧陽,EXACT_OR_NOT_APPLICABLE,true,A0033,Photoelectric 50m within a common 2026 camp cohort; never converted to T90.
R00059,鈴木湧陽,鈴木湧陽,,2026-06-22,2026,2026,30M_STANDING_START_SECONDS,3.85,seconds,photoelectric_50m_with_intermediate_30m_same_trial,not_publicly_documented,not_publicly_documented,samurai_university_2026_06_22,PUBLIC_30M_SUBSET_2_OF_31,samurai_university_2026_06_22,A_PROTOCOL_B_FULL_VALUES,侍ジャパン公式 + 高校野球ドットコム,https://www.hb-nippon.com/articles/14003,STANDARDIZED_SHORT_DISTANCE,,CANONICAL_SOURCE_RECORD,false,RETAINED_SUPPORT_ONLY,RETAINED_SUPPORT_ONLY_PUBLIC_30M_SUBSET_NOT_A_FULL_COHORT,standardized_30m_2026-06-22_鈴木湧陽,EXACT_OR_NOT_APPLICABLE,false,,Same photoelectric trial per official report; not made into a broad 30m comparison cohort because only two 30m values are public.
R00060,岡田啓吾,岡田啓吾,,2026-06-22,2026,2026,50M_STANDING_START_SECONDS,5.83,seconds,photoelectric_50m_with_intermediate_30m_same_trial,not_publicly_documented,not_publicly_documented,samurai_university_2026_06_22,FULL_PUBLISHED_50M_TABLE_31,samurai_university_2026_06_22,A_PROTOCOL_B_FULL_VALUES,侍ジャパン公式 + 高校野球ドットコム,https://www.hb-nippon.com/articles/14003,STANDARDIZED_SHORT_DISTANCE,,CANONICAL_SOURCE_RECORD,true,ACCEPTED_HIGH_CONFIDENCE,,standardized_50m_2026-06-22_岡田啓吾,EXACT_OR_NOT_APPLICABLE,true,A0034,Photoelectric 50m within a common 2026 camp cohort; never converted to T90.
R00061,岡田啓吾,岡田啓吾,,2026-06-22,2026,2026,30M_STANDING_START_SECONDS,3.89,seconds,photoelectric_50m_with_intermediate_30m_same_trial,not_publicly_documented,not_publicly_documented,samurai_university_2026_06_22,PUBLIC_30M_SUBSET_2_OF_31,samurai_university_2026_06_22,A_PROTOCOL_B_FULL_VALUES,侍ジャパン公式 + 高校野球ドットコム,https://www.hb-nippon.com/articles/14003,STANDARDIZED_SHORT_DISTANCE,,CANONICAL_SOURCE_RECORD,false,RETAINED_SUPPORT_ONLY,RETAINED_SUPPORT_ONLY_PUBLIC_30M_SUBSET_NOT_A_FULL_COHORT,standardized_30m_2026-06-22_岡田啓吾,EXACT_OR_NOT_APPLICABLE,false,,Same photoelectric trial per official report; not made into a broad 30m comparison cohort because only two 30m values are public.
R00062,境亮陽,境亮陽,,2026-06-22,2026,2026,50M_STANDING_START_SECONDS,6.02,seconds,photoelectric_50m_with_intermediate_30m_same_trial,not_publicly_documented,not_publicly_documented,samurai_university_2026_06_22,FULL_PUBLISHED_50M_TABLE_31,samurai_university_2026_06_22,A_PROTOCOL_B_FULL_VALUES,侍ジャパン公式 + 高校野球ドットコム,https://www.hb-nippon.com/articles/14003,STANDARDIZED_SHORT_DISTANCE,,CANONICAL_SOURCE_RECORD,true,ACCEPTED_HIGH_CONFIDENCE,,standardized_50m_2026-06-22_境亮陽,EXACT_OR_NOT_APPLICABLE,true,A0035,Photoelectric 50m within a common 2026 camp cohort; never converted to T90.
R00063,木津寿哉,木津寿哉,,2026-06-22,2026,2026,50M_STANDING_START_SECONDS,6.02,seconds,photoelectric_50m_with_intermediate_30m_same_trial,not_publicly_documented,not_publicly_documented,samurai_university_2026_06_22,FULL_PUBLISHED_50M_TABLE_31,samurai_university_2026_06_22,A_PROTOCOL_B_FULL_VALUES,侍ジャパン公式 + 高校野球ドットコム,https://www.hb-nippon.com/articles/14003,STANDARDIZED_SHORT_DISTANCE,,CANONICAL_SOURCE_RECORD,true,ACCEPTED_HIGH_CONFIDENCE,,standardized_50m_2026-06-22_木津寿哉,EXACT_OR_NOT_APPLICABLE,true,A0036,Photoelectric 50m within a common 2026 camp cohort; never converted to T90.
R00064,榊原七斗,榊原七斗,,2026-06-22,2026,2026,50M_STANDING_START_SECONDS,6.15,seconds,photoelectric_50m_with_intermediate_30m_same_trial,not_publicly_documented,not_publicly_documented,samurai_university_2026_06_22,FULL_PUBLISHED_50M_TABLE_31,samurai_university_2026_06_22,A_PROTOCOL_B_FULL_VALUES,侍ジャパン公式 + 高校野球ドットコム,https://www.hb-nippon.com/articles/14003,STANDARDIZED_SHORT_DISTANCE,,CANONICAL_SOURCE_RECORD,true,ACCEPTED_HIGH_CONFIDENCE,,standardized_50m_2026-06-22_榊原七斗,EXACT_OR_NOT_APPLICABLE,true,A0037,Photoelectric 50m within a common 2026 camp cohort; never converted to T90.
R00065,黒田義信,黒田義信,,2026-06-22,2026,2026,50M_STANDING_START_SECONDS,6.18,seconds,photoelectric_50m_with_intermediate_30m_same_trial,not_publicly_documented,not_publicly_documented,samurai_university_2026_06_22,FULL_PUBLISHED_50M_TABLE_31,samurai_university_2026_06_22,A_PROTOCOL_B_FULL_VALUES,侍ジャパン公式 + 高校野球ドットコム,https://www.hb-nippon.com/articles/14003,STANDARDIZED_SHORT_DISTANCE,,CANONICAL_SOURCE_RECORD,true,ACCEPTED_HIGH_CONFIDENCE,,standardized_50m_2026-06-22_黒田義信,EXACT_OR_NOT_APPLICABLE,true,A0038,Photoelectric 50m within a common 2026 camp cohort; never converted to T90.
R00066,眞邉麗生,眞邉麗生,,2026-06-22,2026,2026,50M_STANDING_START_SECONDS,6.18,seconds,photoelectric_50m_with_intermediate_30m_same_trial,not_publicly_documented,not_publicly_documented,samurai_university_2026_06_22,FULL_PUBLISHED_50M_TABLE_31,samurai_university_2026_06_22,A_PROTOCOL_B_FULL_VALUES,侍ジャパン公式 + 高校野球ドットコム,https://www.hb-nippon.com/articles/14003,STANDARDIZED_SHORT_DISTANCE,,CANONICAL_SOURCE_RECORD,true,ACCEPTED_HIGH_CONFIDENCE,,standardized_50m_2026-06-22_眞邉麗生,EXACT_OR_NOT_APPLICABLE,true,A0039,Photoelectric 50m within a common 2026 camp cohort; never converted to T90.
R00067,新保玖和,新保玖和,,2026-06-22,2026,2026,50M_STANDING_START_SECONDS,6.2,seconds,photoelectric_50m_with_intermediate_30m_same_trial,not_publicly_documented,not_publicly_documented,samurai_university_2026_06_22,FULL_PUBLISHED_50M_TABLE_31,samurai_university_2026_06_22,A_PROTOCOL_B_FULL_VALUES,侍ジャパン公式 + 高校野球ドットコム,https://www.hb-nippon.com/articles/14003,STANDARDIZED_SHORT_DISTANCE,,CANONICAL_SOURCE_RECORD,true,ACCEPTED_HIGH_CONFIDENCE,,standardized_50m_2026-06-22_新保玖和,EXACT_OR_NOT_APPLICABLE,true,A0040,Photoelectric 50m within a common 2026 camp cohort; never converted to T90.
R00068,赤堀颯,赤堀颯,,2026-06-22,2026,2026,50M_STANDING_START_SECONDS,6.24,seconds,photoelectric_50m_with_intermediate_30m_same_trial,not_publicly_documented,not_publicly_documented,samurai_university_2026_06_22,FULL_PUBLISHED_50M_TABLE_31,samurai_university_2026_06_22,A_PROTOCOL_B_FULL_VALUES,侍ジャパン公式 + 高校野球ドットコム,https://www.hb-nippon.com/articles/14003,STANDARDIZED_SHORT_DISTANCE,,CANONICAL_SOURCE_RECORD,true,ACCEPTED_HIGH_CONFIDENCE,,standardized_50m_2026-06-22_赤堀颯,EXACT_OR_NOT_APPLICABLE,true,A0041,Photoelectric 50m within a common 2026 camp cohort; never converted to T90.
R00069,西野啓也,西野啓也,,2026-06-22,2026,2026,50M_STANDING_START_SECONDS,6.28,seconds,photoelectric_50m_with_intermediate_30m_same_trial,not_publicly_documented,not_publicly_documented,samurai_university_2026_06_22,FULL_PUBLISHED_50M_TABLE_31,samurai_university_2026_06_22,A_PROTOCOL_B_FULL_VALUES,侍ジャパン公式 + 高校野球ドットコム,https://www.hb-nippon.com/articles/14003,STANDARDIZED_SHORT_DISTANCE,,CANONICAL_SOURCE_RECORD,true,ACCEPTED_HIGH_CONFIDENCE,,standardized_50m_2026-06-22_西野啓也,EXACT_OR_NOT_APPLICABLE,true,A0042,Photoelectric 50m within a common 2026 camp cohort; never converted to T90.
R00070,神田剛志,神田剛志,,2026-06-22,2026,2026,50M_STANDING_START_SECONDS,6.28,seconds,photoelectric_50m_with_intermediate_30m_same_trial,not_publicly_documented,not_publicly_documented,samurai_university_2026_06_22,FULL_PUBLISHED_50M_TABLE_31,samurai_university_2026_06_22,A_PROTOCOL_B_FULL_VALUES,侍ジャパン公式 + 高校野球ドットコム,https://www.hb-nippon.com/articles/14003,STANDARDIZED_SHORT_DISTANCE,,CANONICAL_SOURCE_RECORD,true,ACCEPTED_HIGH_CONFIDENCE,,standardized_50m_2026-06-22_神田剛志,EXACT_OR_NOT_APPLICABLE,true,A0043,Photoelectric 50m within a common 2026 camp cohort; never converted to T90.
R00071,井上和輝,井上和輝,,2026-06-22,2026,2026,50M_STANDING_START_SECONDS,6.29,seconds,photoelectric_50m_with_intermediate_30m_same_trial,not_publicly_documented,not_publicly_documented,samurai_university_2026_06_22,FULL_PUBLISHED_50M_TABLE_31,samurai_university_2026_06_22,A_PROTOCOL_B_FULL_VALUES,侍ジャパン公式 + 高校野球ドットコム,https://www.hb-nippon.com/articles/14003,STANDARDIZED_SHORT_DISTANCE,,CANONICAL_SOURCE_RECORD,true,ACCEPTED_HIGH_CONFIDENCE,,standardized_50m_2026-06-22_井上和輝,EXACT_OR_NOT_APPLICABLE,true,A0044,Photoelectric 50m within a common 2026 camp cohort; never converted to T90.
R00072,小林隼翔,小林隼翔,,2026-06-22,2026,2026,50M_STANDING_START_SECONDS,6.29,seconds,photoelectric_50m_with_intermediate_30m_same_trial,not_publicly_documented,not_publicly_documented,samurai_university_2026_06_22,FULL_PUBLISHED_50M_TABLE_31,samurai_university_2026_06_22,A_PROTOCOL_B_FULL_VALUES,侍ジャパン公式 + 高校野球ドットコム,https://www.hb-nippon.com/articles/14003,STANDARDIZED_SHORT_DISTANCE,,CANONICAL_SOURCE_RECORD,true,ACCEPTED_HIGH_CONFIDENCE,,standardized_50m_2026-06-22_小林隼翔,EXACT_OR_NOT_APPLICABLE,true,A0045,Photoelectric 50m within a common 2026 camp cohort; never converted to T90.
R00073,佐藤悠太,佐藤悠太,,2026-06-22,2026,2026,50M_STANDING_START_SECONDS,6.33,seconds,photoelectric_50m_with_intermediate_30m_same_trial,not_publicly_documented,not_publicly_documented,samurai_university_2026_06_22,FULL_PUBLISHED_50M_TABLE_31,samurai_university_2026_06_22,A_PROTOCOL_B_FULL_VALUES,侍ジャパン公式 + 高校野球ドットコム,https://www.hb-nippon.com/articles/14003,STANDARDIZED_SHORT_DISTANCE,,CANONICAL_SOURCE_RECORD,true,ACCEPTED_HIGH_CONFIDENCE,,standardized_50m_2026-06-22_佐藤悠太,EXACT_OR_NOT_APPLICABLE,true,A0046,Photoelectric 50m within a common 2026 camp cohort; never converted to T90.
R00074,山里宝,山里宝,,2026-06-22,2026,2026,50M_STANDING_START_SECONDS,6.38,seconds,photoelectric_50m_with_intermediate_30m_same_trial,not_publicly_documented,not_publicly_documented,samurai_university_2026_06_22,FULL_PUBLISHED_50M_TABLE_31,samurai_university_2026_06_22,A_PROTOCOL_B_FULL_VALUES,侍ジャパン公式 + 高校野球ドットコム,https://www.hb-nippon.com/articles/14003,STANDARDIZED_SHORT_DISTANCE,,CANONICAL_SOURCE_RECORD,true,ACCEPTED_HIGH_CONFIDENCE,,standardized_50m_2026-06-22_山里宝,EXACT_OR_NOT_APPLICABLE,true,A0047,Photoelectric 50m within a common 2026 camp cohort; never converted to T90.
R00075,渡部海,渡部海,,2026-06-22,2026,2026,50M_STANDING_START_SECONDS,6.43,seconds,photoelectric_50m_with_intermediate_30m_same_trial,not_publicly_documented,not_publicly_documented,samurai_university_2026_06_22,FULL_PUBLISHED_50M_TABLE_31,samurai_university_2026_06_22,A_PROTOCOL_B_FULL_VALUES,侍ジャパン公式 + 高校野球ドットコム,https://www.hb-nippon.com/articles/14003,STANDARDIZED_SHORT_DISTANCE,,CANONICAL_SOURCE_RECORD,true,ACCEPTED_HIGH_CONFIDENCE,,standardized_50m_2026-06-22_渡部海,EXACT_OR_NOT_APPLICABLE,true,A0048,Photoelectric 50m within a common 2026 camp cohort; never converted to T90.
R00076,渡邊晃希,渡邊晃希,,2026-06-22,2026,2026,50M_STANDING_START_SECONDS,6.45,seconds,photoelectric_50m_with_intermediate_30m_same_trial,not_publicly_documented,not_publicly_documented,samurai_university_2026_06_22,FULL_PUBLISHED_50M_TABLE_31,samurai_university_2026_06_22,A_PROTOCOL_B_FULL_VALUES,侍ジャパン公式 + 高校野球ドットコム,https://www.hb-nippon.com/articles/14003,STANDARDIZED_SHORT_DISTANCE,,CANONICAL_SOURCE_RECORD,true,ACCEPTED_HIGH_CONFIDENCE,,standardized_50m_2026-06-22_渡邊晃希,EXACT_OR_NOT_APPLICABLE,true,A0049,Photoelectric 50m within a common 2026 camp cohort; never converted to T90.
R00077,今津慶介,今津慶介,,2026-06-22,2026,2026,50M_STANDING_START_SECONDS,6.46,seconds,photoelectric_50m_with_intermediate_30m_same_trial,not_publicly_documented,not_publicly_documented,samurai_university_2026_06_22,FULL_PUBLISHED_50M_TABLE_31,samurai_university_2026_06_22,A_PROTOCOL_B_FULL_VALUES,侍ジャパン公式 + 高校野球ドットコム,https://www.hb-nippon.com/articles/14003,STANDARDIZED_SHORT_DISTANCE,,CANONICAL_SOURCE_RECORD,true,ACCEPTED_HIGH_CONFIDENCE,,standardized_50m_2026-06-22_今津慶介,EXACT_OR_NOT_APPLICABLE,true,A0050,Photoelectric 50m within a common 2026 camp cohort; never converted to T90.
R00078,宮澤圭汰,宮澤圭汰,,2026-06-22,2026,2026,50M_STANDING_START_SECONDS,6.47,seconds,photoelectric_50m_with_intermediate_30m_same_trial,not_publicly_documented,not_publicly_documented,samurai_university_2026_06_22,FULL_PUBLISHED_50M_TABLE_31,samurai_university_2026_06_22,A_PROTOCOL_B_FULL_VALUES,侍ジャパン公式 + 高校野球ドットコム,https://www.hb-nippon.com/articles/14003,STANDARDIZED_SHORT_DISTANCE,,CANONICAL_SOURCE_RECORD,true,ACCEPTED_HIGH_CONFIDENCE,,standardized_50m_2026-06-22_宮澤圭汰,EXACT_OR_NOT_APPLICABLE,true,A0051,Photoelectric 50m within a common 2026 camp cohort; never converted to T90.
R00079,春山陽登,春山陽登,,2026-06-22,2026,2026,50M_STANDING_START_SECONDS,6.47,seconds,photoelectric_50m_with_intermediate_30m_same_trial,not_publicly_documented,not_publicly_documented,samurai_university_2026_06_22,FULL_PUBLISHED_50M_TABLE_31,samurai_university_2026_06_22,A_PROTOCOL_B_FULL_VALUES,侍ジャパン公式 + 高校野球ドットコム,https://www.hb-nippon.com/articles/14003,STANDARDIZED_SHORT_DISTANCE,,CANONICAL_SOURCE_RECORD,true,ACCEPTED_HIGH_CONFIDENCE,,standardized_50m_2026-06-22_春山陽登,EXACT_OR_NOT_APPLICABLE,true,A0052,Photoelectric 50m within a common 2026 camp cohort; never converted to T90.
R00080,真鍋慧,真鍋慧,,2026-06-22,2026,2026,50M_STANDING_START_SECONDS,6.5,seconds,photoelectric_50m_with_intermediate_30m_same_trial,not_publicly_documented,not_publicly_documented,samurai_university_2026_06_22,FULL_PUBLISHED_50M_TABLE_31,samurai_university_2026_06_22,A_PROTOCOL_B_FULL_VALUES,侍ジャパン公式 + 高校野球ドットコム,https://www.hb-nippon.com/articles/14003,STANDARDIZED_SHORT_DISTANCE,,CANONICAL_SOURCE_RECORD,true,ACCEPTED_HIGH_CONFIDENCE,,standardized_50m_2026-06-22_真鍋慧,EXACT_OR_NOT_APPLICABLE,true,A0053,Photoelectric 50m within a common 2026 camp cohort; never converted to T90.
R00081,福原聖矢,福原聖矢,,2026-06-22,2026,2026,50M_STANDING_START_SECONDS,6.52,seconds,photoelectric_50m_with_intermediate_30m_same_trial,not_publicly_documented,not_publicly_documented,samurai_university_2026_06_22,FULL_PUBLISHED_50M_TABLE_31,samurai_university_2026_06_22,A_PROTOCOL_B_FULL_VALUES,侍ジャパン公式 + 高校野球ドットコム,https://www.hb-nippon.com/articles/14003,STANDARDIZED_SHORT_DISTANCE,,CANONICAL_SOURCE_RECORD,true,ACCEPTED_HIGH_CONFIDENCE,,standardized_50m_2026-06-22_福原聖矢,EXACT_OR_NOT_APPLICABLE,true,A0054,Photoelectric 50m within a common 2026 camp cohort; never converted to T90.
R00082,髙岡新時,髙岡新時,,2026-06-22,2026,2026,50M_STANDING_START_SECONDS,6.52,seconds,photoelectric_50m_with_intermediate_30m_same_trial,not_publicly_documented,not_publicly_documented,samurai_university_2026_06_22,FULL_PUBLISHED_50M_TABLE_31,samurai_university_2026_06_22,A_PROTOCOL_B_FULL_VALUES,侍ジャパン公式 + 高校野球ドットコム,https://www.hb-nippon.com/articles/14003,STANDARDIZED_SHORT_DISTANCE,,CANONICAL_SOURCE_RECORD,true,ACCEPTED_HIGH_CONFIDENCE,,standardized_50m_2026-06-22_髙岡新時,EXACT_OR_NOT_APPLICABLE,true,A0055,Photoelectric 50m within a common 2026 camp cohort; never converted to T90.
R00083,酒井成真,酒井成真,,2026-06-22,2026,2026,50M_STANDING_START_SECONDS,6.56,seconds,photoelectric_50m_with_intermediate_30m_same_trial,not_publicly_documented,not_publicly_documented,samurai_university_2026_06_22,FULL_PUBLISHED_50M_TABLE_31,samurai_university_2026_06_22,A_PROTOCOL_B_FULL_VALUES,侍ジャパン公式 + 高校野球ドットコム,https://www.hb-nippon.com/articles/14003,STANDARDIZED_SHORT_DISTANCE,,CANONICAL_SOURCE_RECORD,true,ACCEPTED_HIGH_CONFIDENCE,,standardized_50m_2026-06-22_酒井成真,EXACT_OR_NOT_APPLICABLE,true,A0056,Photoelectric 50m within a common 2026 camp cohort; never converted to T90.
R00084,三好元気,三好元気,,2026-06-22,2026,2026,50M_STANDING_START_SECONDS,6.6,seconds,photoelectric_50m_with_intermediate_30m_same_trial,not_publicly_documented,not_publicly_documented,samurai_university_2026_06_22,FULL_PUBLISHED_50M_TABLE_31,samurai_university_2026_06_22,A_PROTOCOL_B_FULL_VALUES,侍ジャパン公式 + 高校野球ドットコム,https://www.hb-nippon.com/articles/14003,STANDARDIZED_SHORT_DISTANCE,,CANONICAL_SOURCE_RECORD,true,ACCEPTED_HIGH_CONFIDENCE,,standardized_50m_2026-06-22_三好元気,EXACT_OR_NOT_APPLICABLE,true,A0057,Photoelectric 50m within a common 2026 camp cohort; never converted to T90.
R00085,中山優月,中山優月,,2026-06-22,2026,2026,50M_STANDING_START_SECONDS,6.6,seconds,photoelectric_50m_with_intermediate_30m_same_trial,not_publicly_documented,not_publicly_documented,samurai_university_2026_06_22,FULL_PUBLISHED_50M_TABLE_31,samurai_university_2026_06_22,A_PROTOCOL_B_FULL_VALUES,侍ジャパン公式 + 高校野球ドットコム,https://www.hb-nippon.com/articles/14003,STANDARDIZED_SHORT_DISTANCE,,CANONICAL_SOURCE_RECORD,true,ACCEPTED_HIGH_CONFIDENCE,,standardized_50m_2026-06-22_中山優月,EXACT_OR_NOT_APPLICABLE,true,A0058,Photoelectric 50m within a common 2026 camp cohort; never converted to T90.
R00086,林純司,林純司,,2026-06-22,2026,2026,50M_STANDING_START_SECONDS,6.63,seconds,photoelectric_50m_with_intermediate_30m_same_trial,not_publicly_documented,not_publicly_documented,samurai_university_2026_06_22,FULL_PUBLISHED_50M_TABLE_31,samurai_university_2026_06_22,A_PROTOCOL_B_FULL_VALUES,侍ジャパン公式 + 高校野球ドットコム,https://www.hb-nippon.com/articles/14003,STANDARDIZED_SHORT_DISTANCE,,CANONICAL_SOURCE_RECORD,true,ACCEPTED_HIGH_CONFIDENCE,,standardized_50m_2026-06-22_林純司,EXACT_OR_NOT_APPLICABLE,true,A0059,Photoelectric 50m within a common 2026 camp cohort; never converted to T90.
R00087,坪井蒼汰,坪井蒼汰,,2026-06-22,2026,2026,50M_STANDING_START_SECONDS,6.73,seconds,photoelectric_50m_with_intermediate_30m_same_trial,not_publicly_documented,not_publicly_documented,samurai_university_2026_06_22,FULL_PUBLISHED_50M_TABLE_31,samurai_university_2026_06_22,A_PROTOCOL_B_FULL_VALUES,侍ジャパン公式 + 高校野球ドットコム,https://www.hb-nippon.com/articles/14003,STANDARDIZED_SHORT_DISTANCE,,CANONICAL_SOURCE_RECORD,true,ACCEPTED_HIGH_CONFIDENCE,,standardized_50m_2026-06-22_坪井蒼汰,EXACT_OR_NOT_APPLICABLE,true,A0060,Photoelectric 50m within a common 2026 camp cohort; never converted to T90.
R00088,前嶋藍,前嶋藍,,2026-06-22,2026,2026,50M_STANDING_START_SECONDS,6.76,seconds,photoelectric_50m_with_intermediate_30m_same_trial,not_publicly_documented,not_publicly_documented,samurai_university_2026_06_22,FULL_PUBLISHED_50M_TABLE_31,samurai_university_2026_06_22,A_PROTOCOL_B_FULL_VALUES,侍ジャパン公式 + 高校野球ドットコム,https://www.hb-nippon.com/articles/14003,STANDARDIZED_SHORT_DISTANCE,,CANONICAL_SOURCE_RECORD,true,ACCEPTED_HIGH_CONFIDENCE,,standardized_50m_2026-06-22_前嶋藍,EXACT_OR_NOT_APPLICABLE,true,A0061,Photoelectric 50m within a common 2026 camp cohort; never converted to T90.
R00089,徳丸快晴,徳丸快晴,,2026-06-22,2026,2026,50M_STANDING_START_SECONDS,6.88,seconds,photoelectric_50m_with_intermediate_30m_same_trial,not_publicly_documented,not_publicly_documented,samurai_university_2026_06_22,FULL_PUBLISHED_50M_TABLE_31,samurai_university_2026_06_22,A_PROTOCOL_B_FULL_VALUES,侍ジャパン公式 + 高校野球ドットコム,https://www.hb-nippon.com/articles/14003,STANDARDIZED_SHORT_DISTANCE,,CANONICAL_SOURCE_RECORD,true,ACCEPTED_HIGH_CONFIDENCE,,standardized_50m_2026-06-22_徳丸快晴,EXACT_OR_NOT_APPLICABLE,true,A0062,Photoelectric 50m within a common 2026 camp cohort; never converted to T90.
R00090,丸山一喜,丸山一喜,,2026-06-22,2026,2026,50M_STANDING_START_SECONDS,6.95,seconds,photoelectric_50m_with_intermediate_30m_same_trial,not_publicly_documented,not_publicly_documented,samurai_university_2026_06_22,FULL_PUBLISHED_50M_TABLE_31,samurai_university_2026_06_22,A_PROTOCOL_B_FULL_VALUES,侍ジャパン公式 + 高校野球ドットコム,https://www.hb-nippon.com/articles/14003,STANDARDIZED_SHORT_DISTANCE,,CANONICAL_SOURCE_RECORD,true,ACCEPTED_HIGH_CONFIDENCE,,standardized_50m_2026-06-22_丸山一喜,EXACT_OR_NOT_APPLICABLE,true,A0063,Photoelectric 50m within a common 2026 camp cohort; never converted to T90.
R00091,矢澤宏太,矢澤宏太,日本体育大,2021-12-03,2021,2021,50M_STANDING_START_SECONDS,5.8,seconds,photoelectric_claim_conflicted,not_publicly_documented,not_publicly_documented,samurai_university_2021_12_03_protocol_conflict,PUBLISHED_PARTICIPANT_COHORT_44,samurai_university_2021_12_03_protocol_conflict,A,侍ジャパン大学代表候補選手強化合宿,https://www.japan-baseball.jp/jp/news/press/20211203_1.html,STANDARDIZED_SHORT_DISTANCE,,CANONICAL_SOURCE_RECORD,false,REJECTED_PROTOCOL_CONFLICT,"REJECTED_PROTOCOL_CONFLICT_PENDING_PRIMARY_RECONCILIATION: the 2021 official report says photoelectric, but the organiser's 2025 report says this camp began photoelectric timing in 2022.",samurai_university_2021_12_03_protocol_conflict_矢澤宏太,EXACT_OR_NOT_APPLICABLE,false,,"REJECTED_PROTOCOL_CONFLICT_PENDING_PRIMARY_RECONCILIATION: the 2021 official report says photoelectric, but the organiser's 2025 report says this camp began photoelectric timing in 2022."
R00092,道原慧,道原慧,立教大,2021-12-03,2021,2021,50M_STANDING_START_SECONDS,5.81,seconds,photoelectric_claim_conflicted,not_publicly_documented,not_publicly_documented,samurai_university_2021_12_03_protocol_conflict,PUBLISHED_PARTICIPANT_COHORT_44,samurai_university_2021_12_03_protocol_conflict,A,侍ジャパン大学代表候補選手強化合宿,https://www.japan-baseball.jp/jp/news/press/20211203_1.html,STANDARDIZED_SHORT_DISTANCE,,CANONICAL_SOURCE_RECORD,false,REJECTED_PROTOCOL_CONFLICT,"REJECTED_PROTOCOL_CONFLICT_PENDING_PRIMARY_RECONCILIATION: the 2021 official report says photoelectric, but the organiser's 2025 report says this camp began photoelectric timing in 2022.",samurai_university_2021_12_03_protocol_conflict_道原慧,EXACT_OR_NOT_APPLICABLE,false,,"REJECTED_PROTOCOL_CONFLICT_PENDING_PRIMARY_RECONCILIATION: the 2021 official report says photoelectric, but the organiser's 2025 report says this camp began photoelectric timing in 2022."
R00093,村松開人,村松開人,明治大,2021-12-03,2021,2021,50M_STANDING_START_SECONDS,5.91,seconds,photoelectric_claim_conflicted,not_publicly_documented,not_publicly_documented,samurai_university_2021_12_03_protocol_conflict,PUBLISHED_PARTICIPANT_COHORT_44,samurai_university_2021_12_03_protocol_conflict,A,侍ジャパン大学代表候補選手強化合宿,https://www.japan-baseball.jp/jp/news/press/20211203_1.html,STANDARDIZED_SHORT_DISTANCE,,CANONICAL_SOURCE_RECORD,false,REJECTED_PROTOCOL_CONFLICT,"REJECTED_PROTOCOL_CONFLICT_PENDING_PRIMARY_RECONCILIATION: the 2021 official report says photoelectric, but the organiser's 2025 report says this camp began photoelectric timing in 2022.",samurai_university_2021_12_03_protocol_conflict_村松開人,EXACT_OR_NOT_APPLICABLE,false,,"REJECTED_PROTOCOL_CONFLICT_PENDING_PRIMARY_RECONCILIATION: the 2021 official report says photoelectric, but the organiser's 2025 report says this camp began photoelectric timing in 2022."
R00094,蛭間拓哉,蛭間拓哉,早稲田大,2021-12-03,2021,2021,50M_STANDING_START_SECONDS,5.93,seconds,photoelectric_claim_conflicted,not_publicly_documented,not_publicly_documented,samurai_university_2021_12_03_protocol_conflict,PUBLISHED_PARTICIPANT_COHORT_44,samurai_university_2021_12_03_protocol_conflict,A,侍ジャパン大学代表候補選手強化合宿,https://www.japan-baseball.jp/jp/news/press/20211203_1.html,STANDARDIZED_SHORT_DISTANCE,,CANONICAL_SOURCE_RECORD,false,REJECTED_PROTOCOL_CONFLICT,"REJECTED_PROTOCOL_CONFLICT_PENDING_PRIMARY_RECONCILIATION: the 2021 official report says photoelectric, but the organiser's 2025 report says this camp began photoelectric timing in 2022.",samurai_university_2021_12_03_protocol_conflict_蛭間拓哉,EXACT_OR_NOT_APPLICABLE,false,,"REJECTED_PROTOCOL_CONFLICT_PENDING_PRIMARY_RECONCILIATION: the 2021 official report says photoelectric, but the organiser's 2025 report says this camp began photoelectric timing in 2022."
R00095,宮崎一樹,宮崎一樹,山梨学院大,2022-12-04,2022,2022,50M_STANDING_START_SECONDS,5.91,seconds,photoelectric,not_publicly_documented,not_publicly_documented,samurai_university_2022_12_04,OFFICIAL_REPORTED_VALUES_ONLY,samurai_university_2022_12_04,A,侍ジャパン大学代表候補選手強化合宿,https://www.japan-baseball.jp/jp/news/press/20221204_1.html,STANDARDIZED_SHORT_DISTANCE,,CANONICAL_SOURCE_RECORD,true,ACCEPTED_HIGH_CONFIDENCE,,samurai_university_2022_12_04_宮崎一樹,EXACT_OR_NOT_APPLICABLE,true,A0064,Official published photoelectric 50m value; never converted to T90.
R00096,松浦佑星,松浦佑星,日本体育大,2022-12-04,2022,2022,50M_STANDING_START_SECONDS,5.95,seconds,photoelectric,not_publicly_documented,not_publicly_documented,samurai_university_2022_12_04,OFFICIAL_REPORTED_VALUES_ONLY,samurai_university_2022_12_04,A,侍ジャパン大学代表候補選手強化合宿,https://www.japan-baseball.jp/jp/news/press/20221204_1.html,STANDARDIZED_SHORT_DISTANCE,,CANONICAL_SOURCE_RECORD,true,ACCEPTED_HIGH_CONFIDENCE,,samurai_university_2022_12_04_松浦佑星,EXACT_OR_NOT_APPLICABLE,true,A0065,Official published photoelectric 50m value; never converted to T90.
R00097,中島大輔,中島大輔,青山学院大,2022-12-04,2022,2022,50M_STANDING_START_SECONDS,5.98,seconds,photoelectric,not_publicly_documented,not_publicly_documented,samurai_university_2022_12_04,OFFICIAL_REPORTED_VALUES_ONLY,samurai_university_2022_12_04,A,侍ジャパン大学代表候補選手強化合宿,https://www.japan-baseball.jp/jp/news/press/20221204_1.html,STANDARDIZED_SHORT_DISTANCE,,CANONICAL_SOURCE_RECORD,true,ACCEPTED_HIGH_CONFIDENCE,,samurai_university_2022_12_04_中島大輔,EXACT_OR_NOT_APPLICABLE,true,A0066,Official published photoelectric 50m value; never converted to T90.
R00098,渡部聖弥,渡部聖弥,大阪商業大,2022-12-04,2022,2022,50M_STANDING_START_SECONDS,6.15,seconds,photoelectric,not_publicly_documented,not_publicly_documented,samurai_university_2022_12_04,OFFICIAL_REPORTED_VALUES_ONLY,samurai_university_2022_12_04,A,侍ジャパン大学代表候補選手強化合宿,https://www.japan-baseball.jp/jp/news/press/20221204_1.html,STANDARDIZED_SHORT_DISTANCE,,CANONICAL_SOURCE_RECORD,true,ACCEPTED_HIGH_CONFIDENCE,,samurai_university_2022_12_04_渡部聖弥,EXACT_OR_NOT_APPLICABLE,true,A0067,Official published photoelectric 50m value; never converted to T90.
R00099,宮崎一樹,宮崎一樹,山梨学院大,2023-06-17,2023,2023,50M_STANDING_START_SECONDS,5.94,seconds,photoelectric,not_publicly_documented,not_publicly_documented,samurai_university_2023_06_17,OFFICIAL_REPORTED_VALUES_ONLY,samurai_university_2023_06_17,A,侍ジャパン大学代表選考合宿,https://www.japan-baseball.jp/jp/news/press/20230617_1.html,STANDARDIZED_SHORT_DISTANCE,,CANONICAL_SOURCE_RECORD,true,ACCEPTED_HIGH_CONFIDENCE,,samurai_university_2023_06_17_宮崎一樹,EXACT_OR_NOT_APPLICABLE,true,A0068,Official published photoelectric 50m value; never converted to T90.
R00100,飯森太慈,飯森太慈,明治大,2023-06-17,2023,2023,50M_STANDING_START_SECONDS,5.94,seconds,photoelectric,not_publicly_documented,not_publicly_documented,samurai_university_2023_06_17,OFFICIAL_REPORTED_VALUES_ONLY,samurai_university_2023_06_17,A,侍ジャパン大学代表選考合宿,https://www.japan-baseball.jp/jp/news/press/20230617_1.html,STANDARDIZED_SHORT_DISTANCE,,CANONICAL_SOURCE_RECORD,true,ACCEPTED_HIGH_CONFIDENCE,,samurai_university_2023_06_17_飯森太慈,EXACT_OR_NOT_APPLICABLE,true,A0069,Official published photoelectric 50m value; never converted to T90.
R00101,中島大輔,中島大輔,青山学院大,2023-06-17,2023,2023,50M_STANDING_START_SECONDS,5.96,seconds,photoelectric,not_publicly_documented,not_publicly_documented,samurai_university_2023_06_17,OFFICIAL_REPORTED_VALUES_ONLY,samurai_university_2023_06_17,A,侍ジャパン大学代表選考合宿,https://www.japan-baseball.jp/jp/news/press/20230617_1.html,STANDARDIZED_SHORT_DISTANCE,,CANONICAL_SOURCE_RECORD,true,ACCEPTED_HIGH_CONFIDENCE,,samurai_university_2023_06_17_中島大輔,EXACT_OR_NOT_APPLICABLE,true,A0070,Official published photoelectric 50m value; never converted to T90.
R00102,松川玲央,松川玲央,城西大,2023-12-03,2023,2023,50M_STANDING_START_SECONDS,5.88,seconds,photoelectric,not_publicly_documented,not_publicly_documented,samurai_university_2023_12_03,OFFICIAL_REPORTED_VALUES_ONLY,samurai_university_2023_12_03,A,侍ジャパン大学代表候補選手強化合宿,https://www.japan-baseball.jp/jp/news/press/20231203_1.html,STANDARDIZED_SHORT_DISTANCE,,CANONICAL_SOURCE_RECORD,true,ACCEPTED_HIGH_CONFIDENCE,,samurai_university_2023_12_03_松川玲央,EXACT_OR_NOT_APPLICABLE,true,A0071,Official published photoelectric 50m value; never converted to T90.
R00103,藤澤涼介,藤澤涼介,横浜国立大,2023-12-03,2023,2023,50M_STANDING_START_SECONDS,5.97,seconds,photoelectric,not_publicly_documented,not_publicly_documented,samurai_university_2023_12_03,OFFICIAL_REPORTED_VALUES_ONLY,samurai_university_2023_12_03,A,侍ジャパン大学代表候補選手強化合宿,https://www.japan-baseball.jp/jp/news/press/20231203_1.html,STANDARDIZED_SHORT_DISTANCE,,CANONICAL_SOURCE_RECORD,true,ACCEPTED_HIGH_CONFIDENCE,,samurai_university_2023_12_03_藤澤涼介,EXACT_OR_NOT_APPLICABLE,true,A0072,Official published photoelectric 50m value; never converted to T90.
R00104,浦田俊輔,浦田俊輔,九州産業大,2023-12-03,2023,2023,50M_STANDING_START_SECONDS,5.99,seconds,photoelectric,not_publicly_documented,not_publicly_documented,samurai_university_2023_12_03,OFFICIAL_REPORTED_VALUES_ONLY,samurai_university_2023_12_03,A,侍ジャパン大学代表候補選手強化合宿,https://www.japan-baseball.jp/jp/news/press/20231203_1.html,STANDARDIZED_SHORT_DISTANCE,,CANONICAL_SOURCE_RECORD,true,ACCEPTED_HIGH_CONFIDENCE,,samurai_university_2023_12_03_浦田俊輔,EXACT_OR_NOT_APPLICABLE,true,A0073,Official published photoelectric 50m value; never converted to T90.
R00105,井上和輝,井上和輝,法政大,2025-12-07,2025,2025,50M_STANDING_START_SECONDS,6.29,seconds,photoelectric,not_publicly_documented,not_publicly_documented,samurai_university_2025_12_07,PUBLISHED_PARTICIPANT_COHORT_35,samurai_university_2025_12_07,A_PROTOCOL_B_FULL_VALUES,侍ジャパン大学代表候補選手強化合宿,https://www.japan-baseball.jp/jp/news/press/20251207_1.html,STANDARDIZED_SHORT_DISTANCE,,CANONICAL_SOURCE_RECORD,true,ACCEPTED_HIGH_CONFIDENCE,,samurai_university_2025_12_07_井上和輝,EXACT_OR_NOT_APPLICABLE,true,A0074,Official published photoelectric 50m value; never converted to T90.
R00106,落合智哉,落合智哉,立教大,2025-12-07,2025,2025,50M_STANDING_START_SECONDS,6.31,seconds,photoelectric,not_publicly_documented,not_publicly_documented,samurai_university_2025_12_07,PUBLISHED_PARTICIPANT_COHORT_35,samurai_university_2025_12_07,A_PROTOCOL_B_FULL_VALUES,侍ジャパン大学代表候補選手強化合宿,https://www.japan-baseball.jp/jp/news/press/20251207_1.html,STANDARDIZED_SHORT_DISTANCE,,CANONICAL_SOURCE_RECORD,true,ACCEPTED_HIGH_CONFIDENCE,,samurai_university_2025_12_07_落合智哉,EXACT_OR_NOT_APPLICABLE,true,A0075,Official published photoelectric 50m value; never converted to T90.
R00107,渡部海,渡部海,青山学院大,2025-12-07,2025,2025,50M_STANDING_START_SECONDS,6.41,seconds,photoelectric,not_publicly_documented,not_publicly_documented,samurai_university_2025_12_07,PUBLISHED_PARTICIPANT_COHORT_35,samurai_university_2025_12_07,A_PROTOCOL_B_FULL_VALUES,侍ジャパン大学代表候補選手強化合宿,https://www.japan-baseball.jp/jp/news/press/20251207_1.html,STANDARDIZED_SHORT_DISTANCE,,CANONICAL_SOURCE_RECORD,true,ACCEPTED_HIGH_CONFIDENCE,,samurai_university_2025_12_07_渡部海,EXACT_OR_NOT_APPLICABLE,true,A0076,Official published photoelectric 50m value; never converted to T90.
R00108,前嶋藍,前嶋藍,亜細亜大,2025-12-07,2025,2025,50M_STANDING_START_SECONDS,6.77,seconds,photoelectric,not_publicly_documented,not_publicly_documented,samurai_university_2025_12_07,PUBLISHED_PARTICIPANT_COHORT_35,samurai_university_2025_12_07,A_PROTOCOL_B_FULL_VALUES,侍ジャパン大学代表候補選手強化合宿,https://www.japan-baseball.jp/jp/news/press/20251207_1.html,STANDARDIZED_SHORT_DISTANCE,,CANONICAL_SOURCE_RECORD,true,ACCEPTED_HIGH_CONFIDENCE,,samurai_university_2025_12_07_前嶋藍,EXACT_OR_NOT_APPLICABLE,true,A0077,Official published photoelectric 50m value; never converted to T90.
R00109,西野啓也,西野啓也,立命館大,2025-12-07,2025,2025,50M_STANDING_START_SECONDS,6.27,seconds,photoelectric,not_publicly_documented,not_publicly_documented,samurai_university_2025_12_07,PUBLISHED_PARTICIPANT_COHORT_35,samurai_university_2025_12_07,A_PROTOCOL_B_FULL_VALUES,侍ジャパン大学代表候補選手強化合宿,https://www.japan-baseball.jp/jp/news/press/20251207_1.html,STANDARDIZED_SHORT_DISTANCE,,CANONICAL_SOURCE_RECORD,true,ACCEPTED_HIGH_CONFIDENCE,,samurai_university_2025_12_07_西野啓也,EXACT_OR_NOT_APPLICABLE,true,A0078,Official published photoelectric 50m value; never converted to T90.
R00110,林大心,林大心,高知工科大,2025-12-07,2025,2025,50M_STANDING_START_SECONDS,6.6,seconds,photoelectric,not_publicly_documented,not_publicly_documented,samurai_university_2025_12_07,PUBLISHED_PARTICIPANT_COHORT_35,samurai_university_2025_12_07,A_PROTOCOL_B_FULL_VALUES,侍ジャパン大学代表候補選手強化合宿,https://www.japan-baseball.jp/jp/news/press/20251207_1.html,STANDARDIZED_SHORT_DISTANCE,,CANONICAL_SOURCE_RECORD,true,ACCEPTED_HIGH_CONFIDENCE,,samurai_university_2025_12_07_林大心,EXACT_OR_NOT_APPLICABLE,true,A0079,Official published photoelectric 50m value; never converted to T90.
R00111,松山優太,松山優太,九州共立大,2025-12-07,2025,2025,50M_STANDING_START_SECONDS,6.48,seconds,photoelectric,not_publicly_documented,not_publicly_documented,samurai_university_2025_12_07,PUBLISHED_PARTICIPANT_COHORT_35,samurai_university_2025_12_07,A_PROTOCOL_B_FULL_VALUES,侍ジャパン大学代表候補選手強化合宿,https://www.japan-baseball.jp/jp/news/press/20251207_1.html,STANDARDIZED_SHORT_DISTANCE,,CANONICAL_SOURCE_RECORD,true,ACCEPTED_HIGH_CONFIDENCE,,samurai_university_2025_12_07_松山優太,EXACT_OR_NOT_APPLICABLE,true,A0080,Official published photoelectric 50m value; never converted to T90.
R00112,小島慎也,小島慎也,東北福祉大,2025-12-07,2025,2025,50M_STANDING_START_SECONDS,6.24,seconds,photoelectric,not_publicly_documented,not_publicly_documented,samurai_university_2025_12_07,PUBLISHED_PARTICIPANT_COHORT_35,samurai_university_2025_12_07,A_PROTOCOL_B_FULL_VALUES,侍ジャパン大学代表候補選手強化合宿,https://www.japan-baseball.jp/jp/news/press/20251207_1.html,STANDARDIZED_SHORT_DISTANCE,,CANONICAL_SOURCE_RECORD,true,ACCEPTED_HIGH_CONFIDENCE,,samurai_university_2025_12_07_小島慎也,EXACT_OR_NOT_APPLICABLE,true,A0081,All displayed trials retained; representative anchor selects the session minimum without any distance conversion.
R00113,小島慎也,小島慎也,東北福祉大,2025-12-07,2025,2025,50M_STANDING_START_SECONDS,6.29,seconds,photoelectric,not_publicly_documented,not_publicly_documented,samurai_university_2025_12_07,PUBLISHED_PARTICIPANT_COHORT_35,samurai_university_2025_12_07,A_PROTOCOL_B_FULL_VALUES,侍ジャパン大学代表候補選手強化合宿,https://www.japan-baseball.jp/jp/news/press/20251207_1.html,STANDARDIZED_SHORT_DISTANCE,,CANONICAL_SOURCE_RECORD,true,ACCEPTED_HIGH_CONFIDENCE,,samurai_university_2025_12_07_小島慎也,EXACT_OR_NOT_APPLICABLE,true,A0081,All displayed trials retained; representative anchor selects the session minimum without any distance conversion.
R00114,笹田海風,笹田海風,東海大,2025-12-07,2025,2025,50M_STANDING_START_SECONDS,6.35,seconds,photoelectric,not_publicly_documented,not_publicly_documented,samurai_university_2025_12_07,PUBLISHED_PARTICIPANT_COHORT_35,samurai_university_2025_12_07,A_PROTOCOL_B_FULL_VALUES,侍ジャパン大学代表候補選手強化合宿,https://www.japan-baseball.jp/jp/news/press/20251207_1.html,STANDARDIZED_SHORT_DISTANCE,,CANONICAL_SOURCE_RECORD,true,ACCEPTED_HIGH_CONFIDENCE,,samurai_university_2025_12_07_笹田海風,EXACT_OR_NOT_APPLICABLE,true,A0082,All displayed trials retained; representative anchor selects the session minimum without any distance conversion.
R00115,笹田海風,笹田海風,東海大,2025-12-07,2025,2025,50M_STANDING_START_SECONDS,6.28,seconds,photoelectric,not_publicly_documented,not_publicly_documented,samurai_university_2025_12_07,PUBLISHED_PARTICIPANT_COHORT_35,samurai_university_2025_12_07,A_PROTOCOL_B_FULL_VALUES,侍ジャパン大学代表候補選手強化合宿,https://www.japan-baseball.jp/jp/news/press/20251207_1.html,STANDARDIZED_SHORT_DISTANCE,,CANONICAL_SOURCE_RECORD,true,ACCEPTED_HIGH_CONFIDENCE,,samurai_university_2025_12_07_笹田海風,EXACT_OR_NOT_APPLICABLE,true,A0082,All displayed trials retained; representative anchor selects the session minimum without any distance conversion.
R00116,真鍋慧,真鍋慧,大阪商業大,2025-12-07,2025,2025,50M_STANDING_START_SECONDS,6.32,seconds,photoelectric,not_publicly_documented,not_publicly_documented,samurai_university_2025_12_07,PUBLISHED_PARTICIPANT_COHORT_35,samurai_university_2025_12_07,A_PROTOCOL_B_FULL_VALUES,侍ジャパン大学代表候補選手強化合宿,https://www.japan-baseball.jp/jp/news/press/20251207_1.html,STANDARDIZED_SHORT_DISTANCE,,CANONICAL_SOURCE_RECORD,true,ACCEPTED_HIGH_CONFIDENCE,,samurai_university_2025_12_07_真鍋慧,EXACT_OR_NOT_APPLICABLE,true,A0083,All displayed trials retained; representative anchor selects the session minimum without any distance conversion.
R00117,真鍋慧,真鍋慧,大阪商業大,2025-12-07,2025,2025,50M_STANDING_START_SECONDS,6.31,seconds,photoelectric,not_publicly_documented,not_publicly_documented,samurai_university_2025_12_07,PUBLISHED_PARTICIPANT_COHORT_35,samurai_university_2025_12_07,A_PROTOCOL_B_FULL_VALUES,侍ジャパン大学代表候補選手強化合宿,https://www.japan-baseball.jp/jp/news/press/20251207_1.html,STANDARDIZED_SHORT_DISTANCE,,CANONICAL_SOURCE_RECORD,true,ACCEPTED_HIGH_CONFIDENCE,,samurai_university_2025_12_07_真鍋慧,EXACT_OR_NOT_APPLICABLE,true,A0083,All displayed trials retained; representative anchor selects the session minimum without any distance conversion.
R00118,岡田啓吾,岡田啓吾,明治大,2025-12-07,2025,2025,50M_STANDING_START_SECONDS,5.69,seconds,photoelectric,not_publicly_documented,not_publicly_documented,samurai_university_2025_12_07,PUBLISHED_PARTICIPANT_COHORT_35,samurai_university_2025_12_07,A_PROTOCOL_B_FULL_VALUES,侍ジャパン大学代表候補選手強化合宿,https://www.japan-baseball.jp/jp/news/press/20251207_1.html,STANDARDIZED_SHORT_DISTANCE,,CANONICAL_SOURCE_RECORD,true,ACCEPTED_HIGH_CONFIDENCE,,samurai_university_2025_12_07_岡田啓吾,EXACT_OR_NOT_APPLICABLE,true,A0084,All displayed trials retained; representative anchor selects the session minimum without any distance conversion.
R00119,岡田啓吾,岡田啓吾,明治大,2025-12-07,2025,2025,50M_STANDING_START_SECONDS,5.8,seconds,photoelectric,not_publicly_documented,not_publicly_documented,samurai_university_2025_12_07,PUBLISHED_PARTICIPANT_COHORT_35,samurai_university_2025_12_07,A_PROTOCOL_B_FULL_VALUES,侍ジャパン大学代表候補選手強化合宿,https://www.japan-baseball.jp/jp/news/press/20251207_1.html,STANDARDIZED_SHORT_DISTANCE,,CANONICAL_SOURCE_RECORD,true,ACCEPTED_HIGH_CONFIDENCE,,samurai_university_2025_12_07_岡田啓吾,EXACT_OR_NOT_APPLICABLE,true,A0084,All displayed trials retained; representative anchor selects the session minimum without any distance conversion.
R00120,山里宝,山里宝,亜細亜大,2025-12-07,2025,2025,50M_STANDING_START_SECONDS,6.28,seconds,photoelectric,not_publicly_documented,not_publicly_documented,samurai_university_2025_12_07,PUBLISHED_PARTICIPANT_COHORT_35,samurai_university_2025_12_07,A_PROTOCOL_B_FULL_VALUES,侍ジャパン大学代表候補選手強化合宿,https://www.japan-baseball.jp/jp/news/press/20251207_1.html,STANDARDIZED_SHORT_DISTANCE,,CANONICAL_SOURCE_RECORD,true,ACCEPTED_HIGH_CONFIDENCE,,samurai_university_2025_12_07_山里宝,EXACT_OR_NOT_APPLICABLE,true,A0085,Official published photoelectric 50m value; never converted to T90.
R00121,鈴木斗偉,鈴木斗偉,日本体育大,2025-12-07,2025,2025,50M_STANDING_START_SECONDS,6.3,seconds,photoelectric,not_publicly_documented,not_publicly_documented,samurai_university_2025_12_07,PUBLISHED_PARTICIPANT_COHORT_35,samurai_university_2025_12_07,A_PROTOCOL_B_FULL_VALUES,侍ジャパン大学代表候補選手強化合宿,https://www.japan-baseball.jp/jp/news/press/20251207_1.html,STANDARDIZED_SHORT_DISTANCE,,CANONICAL_SOURCE_RECORD,true,ACCEPTED_HIGH_CONFIDENCE,,samurai_university_2025_12_07_鈴木斗偉,EXACT_OR_NOT_APPLICABLE,true,A0086,All displayed trials retained; representative anchor selects the session minimum without any distance conversion.
R00122,鈴木斗偉,鈴木斗偉,日本体育大,2025-12-07,2025,2025,50M_STANDING_START_SECONDS,6.32,seconds,photoelectric,not_publicly_documented,not_publicly_documented,samurai_university_2025_12_07,PUBLISHED_PARTICIPANT_COHORT_35,samurai_university_2025_12_07,A_PROTOCOL_B_FULL_VALUES,侍ジャパン大学代表候補選手強化合宿,https://www.japan-baseball.jp/jp/news/press/20251207_1.html,STANDARDIZED_SHORT_DISTANCE,,CANONICAL_SOURCE_RECORD,true,ACCEPTED_HIGH_CONFIDENCE,,samurai_university_2025_12_07_鈴木斗偉,EXACT_OR_NOT_APPLICABLE,true,A0086,All displayed trials retained; representative anchor selects the session minimum without any distance conversion.
R00123,木切倉稜真,木切倉稜真,日本経済大,2025-12-07,2025,2025,50M_STANDING_START_SECONDS,6.63,seconds,photoelectric,not_publicly_documented,not_publicly_documented,samurai_university_2025_12_07,PUBLISHED_PARTICIPANT_COHORT_35,samurai_university_2025_12_07,A_PROTOCOL_B_FULL_VALUES,侍ジャパン大学代表候補選手強化合宿,https://www.japan-baseball.jp/jp/news/press/20251207_1.html,STANDARDIZED_SHORT_DISTANCE,,CANONICAL_SOURCE_RECORD,true,ACCEPTED_HIGH_CONFIDENCE,,samurai_university_2025_12_07_木切倉稜真,EXACT_OR_NOT_APPLICABLE,true,A0087,All displayed trials retained; representative anchor selects the session minimum without any distance conversion.
R00124,木切倉稜真,木切倉稜真,日本経済大,2025-12-07,2025,2025,50M_STANDING_START_SECONDS,6.68,seconds,photoelectric,not_publicly_documented,not_publicly_documented,samurai_university_2025_12_07,PUBLISHED_PARTICIPANT_COHORT_35,samurai_university_2025_12_07,A_PROTOCOL_B_FULL_VALUES,侍ジャパン大学代表候補選手強化合宿,https://www.japan-baseball.jp/jp/news/press/20251207_1.html,STANDARDIZED_SHORT_DISTANCE,,CANONICAL_SOURCE_RECORD,true,ACCEPTED_HIGH_CONFIDENCE,,samurai_university_2025_12_07_木切倉稜真,EXACT_OR_NOT_APPLICABLE,true,A0087,All displayed trials retained; representative anchor selects the session minimum without any distance conversion.
R00125,梅澤蒼空,梅澤蒼空,桐蔭横浜大,2025-12-07,2025,2025,50M_STANDING_START_SECONDS,6.63,seconds,photoelectric,not_publicly_documented,not_publicly_documented,samurai_university_2025_12_07,PUBLISHED_PARTICIPANT_COHORT_35,samurai_university_2025_12_07,A_PROTOCOL_B_FULL_VALUES,侍ジャパン大学代表候補選手強化合宿,https://www.japan-baseball.jp/jp/news/press/20251207_1.html,STANDARDIZED_SHORT_DISTANCE,,CANONICAL_SOURCE_RECORD,true,ACCEPTED_HIGH_CONFIDENCE,,samurai_university_2025_12_07_梅澤蒼空,EXACT_OR_NOT_APPLICABLE,true,A0088,All displayed trials retained; representative anchor selects the session minimum without any distance conversion.
R00126,梅澤蒼空,梅澤蒼空,桐蔭横浜大,2025-12-07,2025,2025,50M_STANDING_START_SECONDS,6.7,seconds,photoelectric,not_publicly_documented,not_publicly_documented,samurai_university_2025_12_07,PUBLISHED_PARTICIPANT_COHORT_35,samurai_university_2025_12_07,A_PROTOCOL_B_FULL_VALUES,侍ジャパン大学代表候補選手強化合宿,https://www.japan-baseball.jp/jp/news/press/20251207_1.html,STANDARDIZED_SHORT_DISTANCE,,CANONICAL_SOURCE_RECORD,true,ACCEPTED_HIGH_CONFIDENCE,,samurai_university_2025_12_07_梅澤蒼空,EXACT_OR_NOT_APPLICABLE,true,A0088,All displayed trials retained; representative anchor selects the session minimum without any distance conversion.
R00127,川合錬磨,川合錬磨,金沢学院大,2025-12-07,2025,2025,50M_STANDING_START_SECONDS,6.29,seconds,photoelectric,not_publicly_documented,not_publicly_documented,samurai_university_2025_12_07,PUBLISHED_PARTICIPANT_COHORT_35,samurai_university_2025_12_07,A_PROTOCOL_B_FULL_VALUES,侍ジャパン大学代表候補選手強化合宿,https://www.japan-baseball.jp/jp/news/press/20251207_1.html,STANDARDIZED_SHORT_DISTANCE,,CANONICAL_SOURCE_RECORD,true,ACCEPTED_HIGH_CONFIDENCE,,samurai_university_2025_12_07_川合錬磨,EXACT_OR_NOT_APPLICABLE,true,A0089,All displayed trials retained; representative anchor selects the session minimum without any distance conversion.
R00128,川合錬磨,川合錬磨,金沢学院大,2025-12-07,2025,2025,50M_STANDING_START_SECONDS,6.57,seconds,photoelectric,not_publicly_documented,not_publicly_documented,samurai_university_2025_12_07,PUBLISHED_PARTICIPANT_COHORT_35,samurai_university_2025_12_07,A_PROTOCOL_B_FULL_VALUES,侍ジャパン大学代表候補選手強化合宿,https://www.japan-baseball.jp/jp/news/press/20251207_1.html,STANDARDIZED_SHORT_DISTANCE,,CANONICAL_SOURCE_RECORD,true,ACCEPTED_HIGH_CONFIDENCE,,samurai_university_2025_12_07_川合錬磨,EXACT_OR_NOT_APPLICABLE,true,A0089,All displayed trials retained; representative anchor selects the session minimum without any distance conversion.
R00129,新保玖和,新保玖和,仙台大,2025-12-07,2025,2025,50M_STANDING_START_SECONDS,6.14,seconds,photoelectric,not_publicly_documented,not_publicly_documented,samurai_university_2025_12_07,PUBLISHED_PARTICIPANT_COHORT_35,samurai_university_2025_12_07,A_PROTOCOL_B_FULL_VALUES,侍ジャパン大学代表候補選手強化合宿,https://www.japan-baseball.jp/jp/news/press/20251207_1.html,STANDARDIZED_SHORT_DISTANCE,,CANONICAL_SOURCE_RECORD,true,ACCEPTED_HIGH_CONFIDENCE,,samurai_university_2025_12_07_新保玖和,EXACT_OR_NOT_APPLICABLE,true,A0090,All displayed trials retained; representative anchor selects the session minimum without any distance conversion.
R00130,新保玖和,新保玖和,仙台大,2025-12-07,2025,2025,50M_STANDING_START_SECONDS,6.23,seconds,photoelectric,not_publicly_documented,not_publicly_documented,samurai_university_2025_12_07,PUBLISHED_PARTICIPANT_COHORT_35,samurai_university_2025_12_07,A_PROTOCOL_B_FULL_VALUES,侍ジャパン大学代表候補選手強化合宿,https://www.japan-baseball.jp/jp/news/press/20251207_1.html,STANDARDIZED_SHORT_DISTANCE,,CANONICAL_SOURCE_RECORD,true,ACCEPTED_HIGH_CONFIDENCE,,samurai_university_2025_12_07_新保玖和,EXACT_OR_NOT_APPLICABLE,true,A0090,All displayed trials retained; representative anchor selects the session minimum without any distance conversion.
R00131,光弘帆高,光弘帆高,明治大,2025-12-07,2025,2025,50M_STANDING_START_SECONDS,6.45,seconds,photoelectric,not_publicly_documented,not_publicly_documented,samurai_university_2025_12_07,PUBLISHED_PARTICIPANT_COHORT_35,samurai_university_2025_12_07,A_PROTOCOL_B_FULL_VALUES,侍ジャパン大学代表候補選手強化合宿,https://www.japan-baseball.jp/jp/news/press/20251207_1.html,STANDARDIZED_SHORT_DISTANCE,,CANONICAL_SOURCE_RECORD,true,ACCEPTED_HIGH_CONFIDENCE,,samurai_university_2025_12_07_光弘帆高,EXACT_OR_NOT_APPLICABLE,true,A0091,All displayed trials retained; representative anchor selects the session minimum without any distance conversion.
R00132,光弘帆高,光弘帆高,明治大,2025-12-07,2025,2025,50M_STANDING_START_SECONDS,6.42,seconds,photoelectric,not_publicly_documented,not_publicly_documented,samurai_university_2025_12_07,PUBLISHED_PARTICIPANT_COHORT_35,samurai_university_2025_12_07,A_PROTOCOL_B_FULL_VALUES,侍ジャパン大学代表候補選手強化合宿,https://www.japan-baseball.jp/jp/news/press/20251207_1.html,STANDARDIZED_SHORT_DISTANCE,,CANONICAL_SOURCE_RECORD,true,ACCEPTED_HIGH_CONFIDENCE,,samurai_university_2025_12_07_光弘帆高,EXACT_OR_NOT_APPLICABLE,true,A0091,All displayed trials retained; representative anchor selects the session minimum without any distance conversion.
R00133,小林隼翔,小林隼翔,立教大,2025-12-07,2025,2025,50M_STANDING_START_SECONDS,6.29,seconds,photoelectric,not_publicly_documented,not_publicly_documented,samurai_university_2025_12_07,PUBLISHED_PARTICIPANT_COHORT_35,samurai_university_2025_12_07,A_PROTOCOL_B_FULL_VALUES,侍ジャパン大学代表候補選手強化合宿,https://www.japan-baseball.jp/jp/news/press/20251207_1.html,STANDARDIZED_SHORT_DISTANCE,,CANONICAL_SOURCE_RECORD,true,ACCEPTED_HIGH_CONFIDENCE,,samurai_university_2025_12_07_小林隼翔,EXACT_OR_NOT_APPLICABLE,true,A0092,All displayed trials retained; representative anchor selects the session minimum without any distance conversion.
R00134,小林隼翔,小林隼翔,立教大,2025-12-07,2025,2025,50M_STANDING_START_SECONDS,6.27,seconds,photoelectric,not_publicly_documented,not_publicly_documented,samurai_university_2025_12_07,PUBLISHED_PARTICIPANT_COHORT_35,samurai_university_2025_12_07,A_PROTOCOL_B_FULL_VALUES,侍ジャパン大学代表候補選手強化合宿,https://www.japan-baseball.jp/jp/news/press/20251207_1.html,STANDARDIZED_SHORT_DISTANCE,,CANONICAL_SOURCE_RECORD,true,ACCEPTED_HIGH_CONFIDENCE,,samurai_university_2025_12_07_小林隼翔,EXACT_OR_NOT_APPLICABLE,true,A0092,All displayed trials retained; representative anchor selects the session minimum without any distance conversion.
R00135,緒方漣,緒方漣,国学院大,2025-12-07,2025,2025,50M_STANDING_START_SECONDS,6.61,seconds,photoelectric,not_publicly_documented,not_publicly_documented,samurai_university_2025_12_07,PUBLISHED_PARTICIPANT_COHORT_35,samurai_university_2025_12_07,A_PROTOCOL_B_FULL_VALUES,侍ジャパン大学代表候補選手強化合宿,https://www.japan-baseball.jp/jp/news/press/20251207_1.html,STANDARDIZED_SHORT_DISTANCE,,CANONICAL_SOURCE_RECORD,true,ACCEPTED_HIGH_CONFIDENCE,,samurai_university_2025_12_07_緒方漣,EXACT_OR_NOT_APPLICABLE,true,A0093,All displayed trials retained; representative anchor selects the session minimum without any distance conversion.
R00136,緒方漣,緒方漣,国学院大,2025-12-07,2025,2025,50M_STANDING_START_SECONDS,6.59,seconds,photoelectric,not_publicly_documented,not_publicly_documented,samurai_university_2025_12_07,PUBLISHED_PARTICIPANT_COHORT_35,samurai_university_2025_12_07,A_PROTOCOL_B_FULL_VALUES,侍ジャパン大学代表候補選手強化合宿,https://www.japan-baseball.jp/jp/news/press/20251207_1.html,STANDARDIZED_SHORT_DISTANCE,,CANONICAL_SOURCE_RECORD,true,ACCEPTED_HIGH_CONFIDENCE,,samurai_university_2025_12_07_緒方漣,EXACT_OR_NOT_APPLICABLE,true,A0093,All displayed trials retained; representative anchor selects the session minimum without any distance conversion.
R00137,吉田祐大,吉田祐大,近畿大学工学部,2025-12-07,2025,2025,50M_STANDING_START_SECONDS,6.47,seconds,photoelectric,not_publicly_documented,not_publicly_documented,samurai_university_2025_12_07,PUBLISHED_PARTICIPANT_COHORT_35,samurai_university_2025_12_07,A_PROTOCOL_B_FULL_VALUES,侍ジャパン大学代表候補選手強化合宿,https://www.japan-baseball.jp/jp/news/press/20251207_1.html,STANDARDIZED_SHORT_DISTANCE,,CANONICAL_SOURCE_RECORD,true,ACCEPTED_HIGH_CONFIDENCE,,samurai_university_2025_12_07_吉田祐大,EXACT_OR_NOT_APPLICABLE,true,A0094,All displayed trials retained; representative anchor selects the session minimum without any distance conversion.
R00138,吉田祐大,吉田祐大,近畿大学工学部,2025-12-07,2025,2025,50M_STANDING_START_SECONDS,6.55,seconds,photoelectric,not_publicly_documented,not_publicly_documented,samurai_university_2025_12_07,PUBLISHED_PARTICIPANT_COHORT_35,samurai_university_2025_12_07,A_PROTOCOL_B_FULL_VALUES,侍ジャパン大学代表候補選手強化合宿,https://www.japan-baseball.jp/jp/news/press/20251207_1.html,STANDARDIZED_SHORT_DISTANCE,,CANONICAL_SOURCE_RECORD,true,ACCEPTED_HIGH_CONFIDENCE,,samurai_university_2025_12_07_吉田祐大,EXACT_OR_NOT_APPLICABLE,true,A0094,All displayed trials retained; representative anchor selects the session minimum without any distance conversion.
R00139,西浦真平,西浦真平,北海道文教大,2025-12-07,2025,2025,50M_STANDING_START_SECONDS,6.69,seconds,photoelectric,not_publicly_documented,not_publicly_documented,samurai_university_2025_12_07,PUBLISHED_PARTICIPANT_COHORT_35,samurai_university_2025_12_07,A_PROTOCOL_B_FULL_VALUES,侍ジャパン大学代表候補選手強化合宿,https://www.japan-baseball.jp/jp/news/press/20251207_1.html,STANDARDIZED_SHORT_DISTANCE,,CANONICAL_SOURCE_RECORD,true,ACCEPTED_HIGH_CONFIDENCE,,samurai_university_2025_12_07_西浦真平,EXACT_OR_NOT_APPLICABLE,true,A0095,All displayed trials retained; representative anchor selects the session minimum without any distance conversion.
R00140,西浦真平,西浦真平,北海道文教大,2025-12-07,2025,2025,50M_STANDING_START_SECONDS,6.44,seconds,photoelectric,not_publicly_documented,not_publicly_documented,samurai_university_2025_12_07,PUBLISHED_PARTICIPANT_COHORT_35,samurai_university_2025_12_07,A_PROTOCOL_B_FULL_VALUES,侍ジャパン大学代表候補選手強化合宿,https://www.japan-baseball.jp/jp/news/press/20251207_1.html,STANDARDIZED_SHORT_DISTANCE,,CANONICAL_SOURCE_RECORD,true,ACCEPTED_HIGH_CONFIDENCE,,samurai_university_2025_12_07_西浦真平,EXACT_OR_NOT_APPLICABLE,true,A0095,All displayed trials retained; representative anchor selects the session minimum without any distance conversion.
R00141,佐藤悠太,佐藤悠太,東北福祉大,2025-12-07,2025,2025,50M_STANDING_START_SECONDS,6.55,seconds,photoelectric,not_publicly_documented,not_publicly_documented,samurai_university_2025_12_07,PUBLISHED_PARTICIPANT_COHORT_35,samurai_university_2025_12_07,A_PROTOCOL_B_FULL_VALUES,侍ジャパン大学代表候補選手強化合宿,https://www.japan-baseball.jp/jp/news/press/20251207_1.html,STANDARDIZED_SHORT_DISTANCE,,CANONICAL_SOURCE_RECORD,true,ACCEPTED_HIGH_CONFIDENCE,,samurai_university_2025_12_07_佐藤悠太,EXACT_OR_NOT_APPLICABLE,true,A0096,All displayed trials retained; representative anchor selects the session minimum without any distance conversion.
R00142,佐藤悠太,佐藤悠太,東北福祉大,2025-12-07,2025,2025,50M_STANDING_START_SECONDS,6.51,seconds,photoelectric,not_publicly_documented,not_publicly_documented,samurai_university_2025_12_07,PUBLISHED_PARTICIPANT_COHORT_35,samurai_university_2025_12_07,A_PROTOCOL_B_FULL_VALUES,侍ジャパン大学代表候補選手強化合宿,https://www.japan-baseball.jp/jp/news/press/20251207_1.html,STANDARDIZED_SHORT_DISTANCE,,CANONICAL_SOURCE_RECORD,true,ACCEPTED_HIGH_CONFIDENCE,,samurai_university_2025_12_07_佐藤悠太,EXACT_OR_NOT_APPLICABLE,true,A0096,All displayed trials retained; representative anchor selects the session minimum without any distance conversion.
R00143,黒田義信,黒田義信,東日本国際大,2025-12-07,2025,2025,50M_STANDING_START_SECONDS,6.2,seconds,photoelectric,not_publicly_documented,not_publicly_documented,samurai_university_2025_12_07,PUBLISHED_PARTICIPANT_COHORT_35,samurai_university_2025_12_07,A_PROTOCOL_B_FULL_VALUES,侍ジャパン大学代表候補選手強化合宿,https://www.japan-baseball.jp/jp/news/press/20251207_1.html,STANDARDIZED_SHORT_DISTANCE,,CANONICAL_SOURCE_RECORD,true,ACCEPTED_HIGH_CONFIDENCE,,samurai_university_2025_12_07_黒田義信,EXACT_OR_NOT_APPLICABLE,true,A0097,All displayed trials retained; representative anchor selects the session minimum without any distance conversion.
R00144,黒田義信,黒田義信,東日本国際大,2025-12-07,2025,2025,50M_STANDING_START_SECONDS,6.07,seconds,photoelectric,not_publicly_documented,not_publicly_documented,samurai_university_2025_12_07,PUBLISHED_PARTICIPANT_COHORT_35,samurai_university_2025_12_07,A_PROTOCOL_B_FULL_VALUES,侍ジャパン大学代表候補選手強化合宿,https://www.japan-baseball.jp/jp/news/press/20251207_1.html,STANDARDIZED_SHORT_DISTANCE,,CANONICAL_SOURCE_RECORD,true,ACCEPTED_HIGH_CONFIDENCE,,samurai_university_2025_12_07_黒田義信,EXACT_OR_NOT_APPLICABLE,true,A0097,All displayed trials retained; representative anchor selects the session minimum without any distance conversion.
R00145,榊原七斗,榊原七斗,明治大,2025-12-07,2025,2025,50M_STANDING_START_SECONDS,6.05,seconds,photoelectric,not_publicly_documented,not_publicly_documented,samurai_university_2025_12_07,PUBLISHED_PARTICIPANT_COHORT_35,samurai_university_2025_12_07,A_PROTOCOL_B_FULL_VALUES,侍ジャパン大学代表候補選手強化合宿,https://www.japan-baseball.jp/jp/news/press/20251207_1.html,STANDARDIZED_SHORT_DISTANCE,,CANONICAL_SOURCE_RECORD,true,ACCEPTED_HIGH_CONFIDENCE,,samurai_university_2025_12_07_榊原七斗,EXACT_OR_NOT_APPLICABLE,true,A0098,All displayed trials retained; representative anchor selects the session minimum without any distance conversion.
R00146,榊原七斗,榊原七斗,明治大,2025-12-07,2025,2025,50M_STANDING_START_SECONDS,5.99,seconds,photoelectric,not_publicly_documented,not_publicly_documented,samurai_university_2025_12_07,PUBLISHED_PARTICIPANT_COHORT_35,samurai_university_2025_12_07,A_PROTOCOL_B_FULL_VALUES,侍ジャパン大学代表候補選手強化合宿,https://www.japan-baseball.jp/jp/news/press/20251207_1.html,STANDARDIZED_SHORT_DISTANCE,,CANONICAL_SOURCE_RECORD,true,ACCEPTED_HIGH_CONFIDENCE,,samurai_university_2025_12_07_榊原七斗,EXACT_OR_NOT_APPLICABLE,true,A0098,All displayed trials retained; representative anchor selects the session minimum without any distance conversion.
R00147,境亮陽,境亮陽,法政大,2025-12-07,2025,2025,50M_STANDING_START_SECONDS,5.92,seconds,photoelectric,not_publicly_documented,not_publicly_documented,samurai_university_2025_12_07,PUBLISHED_PARTICIPANT_COHORT_35,samurai_university_2025_12_07,A_PROTOCOL_B_FULL_VALUES,侍ジャパン大学代表候補選手強化合宿,https://www.japan-baseball.jp/jp/news/press/20251207_1.html,STANDARDIZED_SHORT_DISTANCE,,CANONICAL_SOURCE_RECORD,true,ACCEPTED_HIGH_CONFIDENCE,,samurai_university_2025_12_07_境亮陽,EXACT_OR_NOT_APPLICABLE,true,A0099,All displayed trials retained; representative anchor selects the session minimum without any distance conversion.
R00148,境亮陽,境亮陽,法政大,2025-12-07,2025,2025,50M_STANDING_START_SECONDS,5.93,seconds,photoelectric,not_publicly_documented,not_publicly_documented,samurai_university_2025_12_07,PUBLISHED_PARTICIPANT_COHORT_35,samurai_university_2025_12_07,A_PROTOCOL_B_FULL_VALUES,侍ジャパン大学代表候補選手強化合宿,https://www.japan-baseball.jp/jp/news/press/20251207_1.html,STANDARDIZED_SHORT_DISTANCE,,CANONICAL_SOURCE_RECORD,true,ACCEPTED_HIGH_CONFIDENCE,,samurai_university_2025_12_07_境亮陽,EXACT_OR_NOT_APPLICABLE,true,A0099,All displayed trials retained; representative anchor selects the session minimum without any distance conversion.
R00149,寺尾拳聖,寺尾拳聖,早稲田大,2025-12-07,2025,2025,50M_STANDING_START_SECONDS,6.43,seconds,photoelectric,not_publicly_documented,not_publicly_documented,samurai_university_2025_12_07,PUBLISHED_PARTICIPANT_COHORT_35,samurai_university_2025_12_07,A_PROTOCOL_B_FULL_VALUES,侍ジャパン大学代表候補選手強化合宿,https://www.japan-baseball.jp/jp/news/press/20251207_1.html,STANDARDIZED_SHORT_DISTANCE,,CANONICAL_SOURCE_RECORD,true,ACCEPTED_HIGH_CONFIDENCE,,samurai_university_2025_12_07_寺尾拳聖,EXACT_OR_NOT_APPLICABLE,true,A0100,All displayed trials retained; representative anchor selects the session minimum without any distance conversion.
R00150,寺尾拳聖,寺尾拳聖,早稲田大,2025-12-07,2025,2025,50M_STANDING_START_SECONDS,6.27,seconds,photoelectric,not_publicly_documented,not_publicly_documented,samurai_university_2025_12_07,PUBLISHED_PARTICIPANT_COHORT_35,samurai_university_2025_12_07,A_PROTOCOL_B_FULL_VALUES,侍ジャパン大学代表候補選手強化合宿,https://www.japan-baseball.jp/jp/news/press/20251207_1.html,STANDARDIZED_SHORT_DISTANCE,,CANONICAL_SOURCE_RECORD,true,ACCEPTED_HIGH_CONFIDENCE,,samurai_university_2025_12_07_寺尾拳聖,EXACT_OR_NOT_APPLICABLE,true,A0100,All displayed trials retained; representative anchor selects the session minimum without any distance conversion.
R00151,眞邉麗生,眞邉麗生,駒澤大,2025-12-07,2025,2025,50M_STANDING_START_SECONDS,6.03,seconds,photoelectric,not_publicly_documented,not_publicly_documented,samurai_university_2025_12_07,PUBLISHED_PARTICIPANT_COHORT_35,samurai_university_2025_12_07,A_PROTOCOL_B_FULL_VALUES,侍ジャパン大学代表候補選手強化合宿,https://www.japan-baseball.jp/jp/news/press/20251207_1.html,STANDARDIZED_SHORT_DISTANCE,,CANONICAL_SOURCE_RECORD,true,ACCEPTED_HIGH_CONFIDENCE,,samurai_university_2025_12_07_眞邉麗生,EXACT_OR_NOT_APPLICABLE,true,A0101,All displayed trials retained; representative anchor selects the session minimum without any distance conversion.
R00152,眞邉麗生,眞邉麗生,駒澤大,2025-12-07,2025,2025,50M_STANDING_START_SECONDS,6.17,seconds,photoelectric,not_publicly_documented,not_publicly_documented,samurai_university_2025_12_07,PUBLISHED_PARTICIPANT_COHORT_35,samurai_university_2025_12_07,A_PROTOCOL_B_FULL_VALUES,侍ジャパン大学代表候補選手強化合宿,https://www.japan-baseball.jp/jp/news/press/20251207_1.html,STANDARDIZED_SHORT_DISTANCE,,CANONICAL_SOURCE_RECORD,true,ACCEPTED_HIGH_CONFIDENCE,,samurai_university_2025_12_07_眞邉麗生,EXACT_OR_NOT_APPLICABLE,true,A0101,All displayed trials retained; representative anchor selects the session minimum without any distance conversion.
R00153,三好元気,三好元気,立正大,2025-12-07,2025,2025,50M_STANDING_START_SECONDS,6.34,seconds,photoelectric,not_publicly_documented,not_publicly_documented,samurai_university_2025_12_07,PUBLISHED_PARTICIPANT_COHORT_35,samurai_university_2025_12_07,A_PROTOCOL_B_FULL_VALUES,侍ジャパン大学代表候補選手強化合宿,https://www.japan-baseball.jp/jp/news/press/20251207_1.html,STANDARDIZED_SHORT_DISTANCE,,CANONICAL_SOURCE_RECORD,true,ACCEPTED_HIGH_CONFIDENCE,,samurai_university_2025_12_07_三好元気,EXACT_OR_NOT_APPLICABLE,true,A0102,All displayed trials retained; representative anchor selects the session minimum without any distance conversion.
R00154,三好元気,三好元気,立正大,2025-12-07,2025,2025,50M_STANDING_START_SECONDS,6.4,seconds,photoelectric,not_publicly_documented,not_publicly_documented,samurai_university_2025_12_07,PUBLISHED_PARTICIPANT_COHORT_35,samurai_university_2025_12_07,A_PROTOCOL_B_FULL_VALUES,侍ジャパン大学代表候補選手強化合宿,https://www.japan-baseball.jp/jp/news/press/20251207_1.html,STANDARDIZED_SHORT_DISTANCE,,CANONICAL_SOURCE_RECORD,true,ACCEPTED_HIGH_CONFIDENCE,,samurai_university_2025_12_07_三好元気,EXACT_OR_NOT_APPLICABLE,true,A0102,All displayed trials retained; representative anchor selects the session minimum without any distance conversion.
R00155,岩田悠聖,岩田悠聖,神奈川大,2025-12-07,2025,2025,50M_STANDING_START_SECONDS,6.39,seconds,photoelectric,not_publicly_documented,not_publicly_documented,samurai_university_2025_12_07,PUBLISHED_PARTICIPANT_COHORT_35,samurai_university_2025_12_07,A_PROTOCOL_B_FULL_VALUES,侍ジャパン大学代表候補選手強化合宿,https://www.japan-baseball.jp/jp/news/press/20251207_1.html,STANDARDIZED_SHORT_DISTANCE,,CANONICAL_SOURCE_RECORD,true,ACCEPTED_HIGH_CONFIDENCE,,samurai_university_2025_12_07_岩田悠聖,EXACT_OR_NOT_APPLICABLE,true,A0103,All displayed trials retained; representative anchor selects the session minimum without any distance conversion.
R00156,岩田悠聖,岩田悠聖,神奈川大,2025-12-07,2025,2025,50M_STANDING_START_SECONDS,6.39,seconds,photoelectric,not_publicly_documented,not_publicly_documented,samurai_university_2025_12_07,PUBLISHED_PARTICIPANT_COHORT_35,samurai_university_2025_12_07,A_PROTOCOL_B_FULL_VALUES,侍ジャパン大学代表候補選手強化合宿,https://www.japan-baseball.jp/jp/news/press/20251207_1.html,STANDARDIZED_SHORT_DISTANCE,,CANONICAL_SOURCE_RECORD,true,ACCEPTED_HIGH_CONFIDENCE,,samurai_university_2025_12_07_岩田悠聖,EXACT_OR_NOT_APPLICABLE,true,A0103,All displayed trials retained; representative anchor selects the session minimum without any distance conversion.
R00157,星野大和,星野大和,立命館大,2025-12-07,2025,2025,50M_STANDING_START_SECONDS,6.1,seconds,photoelectric,not_publicly_documented,not_publicly_documented,samurai_university_2025_12_07,PUBLISHED_PARTICIPANT_COHORT_35,samurai_university_2025_12_07,A_PROTOCOL_B_FULL_VALUES,侍ジャパン大学代表候補選手強化合宿,https://www.japan-baseball.jp/jp/news/press/20251207_1.html,STANDARDIZED_SHORT_DISTANCE,,CANONICAL_SOURCE_RECORD,true,ACCEPTED_HIGH_CONFIDENCE,,samurai_university_2025_12_07_星野大和,EXACT_OR_NOT_APPLICABLE,true,A0104,All displayed trials retained; representative anchor selects the session minimum without any distance conversion.
R00158,星野大和,星野大和,立命館大,2025-12-07,2025,2025,50M_STANDING_START_SECONDS,6.02,seconds,photoelectric,not_publicly_documented,not_publicly_documented,samurai_university_2025_12_07,PUBLISHED_PARTICIPANT_COHORT_35,samurai_university_2025_12_07,A_PROTOCOL_B_FULL_VALUES,侍ジャパン大学代表候補選手強化合宿,https://www.japan-baseball.jp/jp/news/press/20251207_1.html,STANDARDIZED_SHORT_DISTANCE,,CANONICAL_SOURCE_RECORD,true,ACCEPTED_HIGH_CONFIDENCE,,samurai_university_2025_12_07_星野大和,EXACT_OR_NOT_APPLICABLE,true,A0104,All displayed trials retained; representative anchor selects the session minimum without any distance conversion.
R00159,春山陽登,春山陽登,大阪商業大,2025-12-07,2025,2025,50M_STANDING_START_SECONDS,6.52,seconds,photoelectric,not_publicly_documented,not_publicly_documented,samurai_university_2025_12_07,PUBLISHED_PARTICIPANT_COHORT_35,samurai_university_2025_12_07,A_PROTOCOL_B_FULL_VALUES,侍ジャパン大学代表候補選手強化合宿,https://www.japan-baseball.jp/jp/news/press/20251207_1.html,STANDARDIZED_SHORT_DISTANCE,,CANONICAL_SOURCE_RECORD,true,ACCEPTED_HIGH_CONFIDENCE,,samurai_university_2025_12_07_春山陽登,EXACT_OR_NOT_APPLICABLE,true,A0105,All displayed trials retained; representative anchor selects the session minimum without any distance conversion.
R00160,春山陽登,春山陽登,大阪商業大,2025-12-07,2025,2025,50M_STANDING_START_SECONDS,6.26,seconds,photoelectric,not_publicly_documented,not_publicly_documented,samurai_university_2025_12_07,PUBLISHED_PARTICIPANT_COHORT_35,samurai_university_2025_12_07,A_PROTOCOL_B_FULL_VALUES,侍ジャパン大学代表候補選手強化合宿,https://www.japan-baseball.jp/jp/news/press/20251207_1.html,STANDARDIZED_SHORT_DISTANCE,,CANONICAL_SOURCE_RECORD,true,ACCEPTED_HIGH_CONFIDENCE,,samurai_university_2025_12_07_春山陽登,EXACT_OR_NOT_APPLICABLE,true,A0105,All displayed trials retained; representative anchor selects the session minimum without any distance conversion.
R00161,市橋昂士,市橋昂士,龍谷大,2025-12-07,2025,2025,50M_STANDING_START_SECONDS,5.99,seconds,photoelectric,not_publicly_documented,not_publicly_documented,samurai_university_2025_12_07,PUBLISHED_PARTICIPANT_COHORT_35,samurai_university_2025_12_07,A_PROTOCOL_B_FULL_VALUES,侍ジャパン大学代表候補選手強化合宿,https://www.japan-baseball.jp/jp/news/press/20251207_1.html,STANDARDIZED_SHORT_DISTANCE,,CANONICAL_SOURCE_RECORD,true,ACCEPTED_HIGH_CONFIDENCE,,samurai_university_2025_12_07_市橋昂士,EXACT_OR_NOT_APPLICABLE,true,A0106,All displayed trials retained; representative anchor selects the session minimum without any distance conversion.
R00162,市橋昂士,市橋昂士,龍谷大,2025-12-07,2025,2025,50M_STANDING_START_SECONDS,5.91,seconds,photoelectric,not_publicly_documented,not_publicly_documented,samurai_university_2025_12_07,PUBLISHED_PARTICIPANT_COHORT_35,samurai_university_2025_12_07,A_PROTOCOL_B_FULL_VALUES,侍ジャパン大学代表候補選手強化合宿,https://www.japan-baseball.jp/jp/news/press/20251207_1.html,STANDARDIZED_SHORT_DISTANCE,,CANONICAL_SOURCE_RECORD,true,ACCEPTED_HIGH_CONFIDENCE,,samurai_university_2025_12_07_市橋昂士,EXACT_OR_NOT_APPLICABLE,true,A0106,All displayed trials retained; representative anchor selects the session minimum without any distance conversion.
R00163,田上夏衣,田上夏衣,明治大,2025-12-07,2025,2025,50M_STANDING_START_SECONDS,5.92,seconds,photoelectric,not_publicly_documented,not_publicly_documented,samurai_university_2025_12_07,PUBLISHED_PARTICIPANT_COHORT_35,samurai_university_2025_12_07,A_PROTOCOL_B_FULL_VALUES,侍ジャパン大学代表候補選手強化合宿,https://www.japan-baseball.jp/jp/news/press/20251207_1.html,STANDARDIZED_SHORT_DISTANCE,,CANONICAL_SOURCE_RECORD,true,ACCEPTED_HIGH_CONFIDENCE,,samurai_university_2025_12_07_田上夏衣,EXACT_OR_NOT_APPLICABLE,true,A0107,All displayed trials retained; representative anchor selects the session minimum without any distance conversion.
R00164,田上夏衣,田上夏衣,明治大,2025-12-07,2025,2025,50M_STANDING_START_SECONDS,6,seconds,photoelectric,not_publicly_documented,not_publicly_documented,samurai_university_2025_12_07,PUBLISHED_PARTICIPANT_COHORT_35,samurai_university_2025_12_07,A_PROTOCOL_B_FULL_VALUES,侍ジャパン大学代表候補選手強化合宿,https://www.japan-baseball.jp/jp/news/press/20251207_1.html,STANDARDIZED_SHORT_DISTANCE,,CANONICAL_SOURCE_RECORD,true,ACCEPTED_HIGH_CONFIDENCE,,samurai_university_2025_12_07_田上夏衣,EXACT_OR_NOT_APPLICABLE,true,A0107,All displayed trials retained; representative anchor selects the session minimum without any distance conversion.
R00165,中山優月,中山優月,大阪商業大,2025-12-07,2025,2025,50M_STANDING_START_SECONDS,6.46,seconds,photoelectric,not_publicly_documented,not_publicly_documented,samurai_university_2025_12_07,PUBLISHED_PARTICIPANT_COHORT_35,samurai_university_2025_12_07,A_PROTOCOL_B_FULL_VALUES,侍ジャパン大学代表候補選手強化合宿,https://www.japan-baseball.jp/jp/news/press/20251207_1.html,STANDARDIZED_SHORT_DISTANCE,,CANONICAL_SOURCE_RECORD,true,ACCEPTED_HIGH_CONFIDENCE,,samurai_university_2025_12_07_中山優月,EXACT_OR_NOT_APPLICABLE,true,A0108,All displayed trials retained; representative anchor selects the session minimum without any distance conversion.
R00166,中山優月,中山優月,大阪商業大,2025-12-07,2025,2025,50M_STANDING_START_SECONDS,6.42,seconds,photoelectric,not_publicly_documented,not_publicly_documented,samurai_university_2025_12_07,PUBLISHED_PARTICIPANT_COHORT_35,samurai_university_2025_12_07,A_PROTOCOL_B_FULL_VALUES,侍ジャパン大学代表候補選手強化合宿,https://www.japan-baseball.jp/jp/news/press/20251207_1.html,STANDARDIZED_SHORT_DISTANCE,,CANONICAL_SOURCE_RECORD,true,ACCEPTED_HIGH_CONFIDENCE,,samurai_university_2025_12_07_中山優月,EXACT_OR_NOT_APPLICABLE,true,A0108,All displayed trials retained; representative anchor selects the session minimum without any distance conversion.
R00167,カリステ,カリステ,SF / MLB,2017-season,2017,2017,T90FT_SECONDS,3.94,seconds,Statcast official CSV,Statcast 90ft running-split definition; initial step to 90ft,MLB game tracking; qualified seasonal aggregate,mlb_statcast_2017_SF,PLAYER_SEASON_OFFICIAL_CSV_ROW,mlb_statcast_running_splits_live_revalidation_20260810,A_FIRST_PARTY_LIVE_REVERIFIED,Baseball Savant / MLB Statcast,https://baseballsavant.mlb.com/running_splits?bats=&min=5&position=&team=&type=raw&year=2017&csv=true,ABSOLUTE_DIRECT_STATCAST,,CANONICAL_SOURCE_RECORD,true,ACCEPTED_HIGH_CONFIDENCE,,mlb_statcast_t90_2017_カリステ,EXACT_OR_NOT_APPLICABLE,true,A0109,Official direct 90ft split retained as an absolute historical observation; not numerically bridged to NPB+ or 50m.
R00168,カリステ,カリステ,SF / MLB,2017-season,2017,2017,T10FT_SECONDS,0.87,seconds,Statcast official CSV,Statcast 90ft running-split definition; initial step to 90ft,MLB game tracking; qualified seasonal aggregate,mlb_statcast_2017_SF,PLAYER_SEASON_OFFICIAL_CSV_ROW,mlb_statcast_running_splits_live_revalidation_20260810,A_FIRST_PARTY_LIVE_REVERIFIED,Baseball Savant / MLB Statcast,https://baseballsavant.mlb.com/running_splits?bats=&min=5&position=&team=&type=raw&year=2017&csv=true,ABSOLUTE_DIRECT_STATCAST,,CANONICAL_SOURCE_RECORD,false,RETAINED_SUPPORT_ONLY,RETAINED_METRIC_SUPPORT_NOT_A_SECOND_ANCHOR,mlb_statcast_t10ft_seconds_2017_カリステ,EXACT_OR_NOT_APPLICABLE,false,,Supporting split retained separately; it is not converted to metres or a game ability.
R00169,カリステ,カリステ,SF / MLB,2017-season,2017,2017,T30FT_SECONDS,1.82,seconds,Statcast official CSV,Statcast 90ft running-split definition; initial step to 90ft,MLB game tracking; qualified seasonal aggregate,mlb_statcast_2017_SF,PLAYER_SEASON_OFFICIAL_CSV_ROW,mlb_statcast_running_splits_live_revalidation_20260810,A_FIRST_PARTY_LIVE_REVERIFIED,Baseball Savant / MLB Statcast,https://baseballsavant.mlb.com/running_splits?bats=&min=5&position=&team=&type=raw&year=2017&csv=true,ABSOLUTE_DIRECT_STATCAST,,CANONICAL_SOURCE_RECORD,false,RETAINED_SUPPORT_ONLY,RETAINED_METRIC_SUPPORT_NOT_A_SECOND_ANCHOR,mlb_statcast_t30ft_seconds_2017_カリステ,EXACT_OR_NOT_APPLICABLE,false,,Supporting split retained separately; it is not converted to metres or a game ability.
R00170,カリステ,カリステ,SF / MLB,2017-season,2017,2017,MLB_SPRINT_SPEED_FTPS,29.3,ft_per_second,Statcast official CSV,Statcast 90ft running-split definition; initial step to 90ft,MLB game tracking; qualified seasonal aggregate,mlb_statcast_2017_SF,PLAYER_SEASON_OFFICIAL_CSV_ROW,mlb_statcast_running_splits_live_revalidation_20260810,A_FIRST_PARTY_LIVE_REVERIFIED,Baseball Savant / MLB Statcast,https://baseballsavant.mlb.com/running_splits?bats=&min=5&position=&team=&type=raw&year=2017&csv=true,ABSOLUTE_DIRECT_STATCAST,,CANONICAL_SOURCE_RECORD,false,RETAINED_SUPPORT_ONLY,RETAINED_METRIC_SUPPORT_NOT_A_SECOND_ANCHOR,mlb_statcast_mlb_sprint_speed_ftps_2017_カリステ,EXACT_OR_NOT_APPLICABLE,false,,Official seasonal Sprint Speed retained as a separate unit and aggregation; it is not equated to NPB+.
R00171,サンタナ,サンタナ,CLE / MLB,2020-season,2020,2020,T90FT_SECONDS,4.13,seconds,Statcast official CSV,Statcast 90ft running-split definition; initial step to 90ft,MLB game tracking; qualified seasonal aggregate,mlb_statcast_2020_CLE,PLAYER_SEASON_OFFICIAL_CSV_ROW,mlb_statcast_running_splits_live_revalidation_20260810,A_FIRST_PARTY_LIVE_REVERIFIED,Baseball Savant / MLB Statcast,https://baseballsavant.mlb.com/running_splits?bats=&min=5&position=&team=&type=raw&year=2020&csv=true,ABSOLUTE_DIRECT_STATCAST,,CANONICAL_SOURCE_RECORD,true,ACCEPTED_HIGH_CONFIDENCE,,mlb_statcast_t90_2020_サンタナ,EXACT_OR_NOT_APPLICABLE,true,A0110,Official direct 90ft split retained as an absolute historical observation; not numerically bridged to NPB+ or 50m.
R00172,サンタナ,サンタナ,CLE / MLB,2020-season,2020,2020,T10FT_SECONDS,0.91,seconds,Statcast official CSV,Statcast 90ft running-split definition; initial step to 90ft,MLB game tracking; qualified seasonal aggregate,mlb_statcast_2020_CLE,PLAYER_SEASON_OFFICIAL_CSV_ROW,mlb_statcast_running_splits_live_revalidation_20260810,A_FIRST_PARTY_LIVE_REVERIFIED,Baseball Savant / MLB Statcast,https://baseballsavant.mlb.com/running_splits?bats=&min=5&position=&team=&type=raw&year=2020&csv=true,ABSOLUTE_DIRECT_STATCAST,,CANONICAL_SOURCE_RECORD,false,RETAINED_SUPPORT_ONLY,RETAINED_METRIC_SUPPORT_NOT_A_SECOND_ANCHOR,mlb_statcast_t10ft_seconds_2020_サンタナ,EXACT_OR_NOT_APPLICABLE,false,,Supporting split retained separately; it is not converted to metres or a game ability.
R00173,サンタナ,サンタナ,CLE / MLB,2020-season,2020,2020,T30FT_SECONDS,1.87,seconds,Statcast official CSV,Statcast 90ft running-split definition; initial step to 90ft,MLB game tracking; qualified seasonal aggregate,mlb_statcast_2020_CLE,PLAYER_SEASON_OFFICIAL_CSV_ROW,mlb_statcast_running_splits_live_revalidation_20260810,A_FIRST_PARTY_LIVE_REVERIFIED,Baseball Savant / MLB Statcast,https://baseballsavant.mlb.com/running_splits?bats=&min=5&position=&team=&type=raw&year=2020&csv=true,ABSOLUTE_DIRECT_STATCAST,,CANONICAL_SOURCE_RECORD,false,RETAINED_SUPPORT_ONLY,RETAINED_METRIC_SUPPORT_NOT_A_SECOND_ANCHOR,mlb_statcast_t30ft_seconds_2020_サンタナ,EXACT_OR_NOT_APPLICABLE,false,,Supporting split retained separately; it is not converted to metres or a game ability.
R00174,サンタナ,サンタナ,CLE / MLB,2020-season,2020,2020,MLB_SPRINT_SPEED_FTPS,26.9,ft_per_second,Statcast official CSV,Statcast 90ft running-split definition; initial step to 90ft,MLB game tracking; qualified seasonal aggregate,mlb_statcast_2020_CLE,PLAYER_SEASON_OFFICIAL_CSV_ROW,mlb_statcast_running_splits_live_revalidation_20260810,A_FIRST_PARTY_LIVE_REVERIFIED,Baseball Savant / MLB Statcast,https://baseballsavant.mlb.com/running_splits?bats=&min=5&position=&team=&type=raw&year=2020&csv=true,ABSOLUTE_DIRECT_STATCAST,,CANONICAL_SOURCE_RECORD,false,RETAINED_SUPPORT_ONLY,RETAINED_METRIC_SUPPORT_NOT_A_SECOND_ANCHOR,mlb_statcast_mlb_sprint_speed_ftps_2020_サンタナ,EXACT_OR_NOT_APPLICABLE,false,,Official seasonal Sprint Speed retained as a separate unit and aggregation; it is not equated to NPB+.
R00175,秋山翔吾,秋山翔吾,CIN / MLB,2021-season,2021,2021,T90FT_SECONDS,3.97,seconds,Statcast official CSV,Statcast 90ft running-split definition; initial step to 90ft,MLB game tracking; qualified seasonal aggregate,mlb_statcast_2021_CIN,PLAYER_SEASON_OFFICIAL_CSV_ROW,mlb_statcast_running_splits_live_revalidation_20260810,A_FIRST_PARTY_LIVE_REVERIFIED,Baseball Savant / MLB Statcast,https://baseballsavant.mlb.com/running_splits?bats=&min=5&position=&team=&type=raw&year=2021&csv=true,ABSOLUTE_DIRECT_STATCAST,,CANONICAL_SOURCE_RECORD,true,ACCEPTED_HIGH_CONFIDENCE,,mlb_statcast_t90_2021_秋山翔吾,EXACT_OR_NOT_APPLICABLE,true,A0111,Official direct 90ft split retained as an absolute historical observation; not numerically bridged to NPB+ or 50m.
R00176,秋山翔吾,秋山翔吾,CIN / MLB,2021-season,2021,2021,T10FT_SECONDS,0.86,seconds,Statcast official CSV,Statcast 90ft running-split definition; initial step to 90ft,MLB game tracking; qualified seasonal aggregate,mlb_statcast_2021_CIN,PLAYER_SEASON_OFFICIAL_CSV_ROW,mlb_statcast_running_splits_live_revalidation_20260810,A_FIRST_PARTY_LIVE_REVERIFIED,Baseball Savant / MLB Statcast,https://baseballsavant.mlb.com/running_splits?bats=&min=5&position=&team=&type=raw&year=2021&csv=true,ABSOLUTE_DIRECT_STATCAST,,CANONICAL_SOURCE_RECORD,false,RETAINED_SUPPORT_ONLY,RETAINED_METRIC_SUPPORT_NOT_A_SECOND_ANCHOR,mlb_statcast_t10ft_seconds_2021_秋山翔吾,EXACT_OR_NOT_APPLICABLE,false,,Supporting split retained separately; it is not converted to metres or a game ability.
R00177,秋山翔吾,秋山翔吾,CIN / MLB,2021-season,2021,2021,T30FT_SECONDS,1.78,seconds,Statcast official CSV,Statcast 90ft running-split definition; initial step to 90ft,MLB game tracking; qualified seasonal aggregate,mlb_statcast_2021_CIN,PLAYER_SEASON_OFFICIAL_CSV_ROW,mlb_statcast_running_splits_live_revalidation_20260810,A_FIRST_PARTY_LIVE_REVERIFIED,Baseball Savant / MLB Statcast,https://baseballsavant.mlb.com/running_splits?bats=&min=5&position=&team=&type=raw&year=2021&csv=true,ABSOLUTE_DIRECT_STATCAST,,CANONICAL_SOURCE_RECORD,false,RETAINED_SUPPORT_ONLY,RETAINED_METRIC_SUPPORT_NOT_A_SECOND_ANCHOR,mlb_statcast_t30ft_seconds_2021_秋山翔吾,EXACT_OR_NOT_APPLICABLE,false,,Supporting split retained separately; it is not converted to metres or a game ability.
R00178,秋山翔吾,秋山翔吾,CIN / MLB,2021-season,2021,2021,MLB_SPRINT_SPEED_FTPS,28,ft_per_second,Statcast official CSV,Statcast 90ft running-split definition; initial step to 90ft,MLB game tracking; qualified seasonal aggregate,mlb_statcast_2021_CIN,PLAYER_SEASON_OFFICIAL_CSV_ROW,mlb_statcast_running_splits_live_revalidation_20260810,A_FIRST_PARTY_LIVE_REVERIFIED,Baseball Savant / MLB Statcast,https://baseballsavant.mlb.com/running_splits?bats=&min=5&position=&team=&type=raw&year=2021&csv=true,ABSOLUTE_DIRECT_STATCAST,,CANONICAL_SOURCE_RECORD,false,RETAINED_SUPPORT_ONLY,RETAINED_METRIC_SUPPORT_NOT_A_SECOND_ANCHOR,mlb_statcast_mlb_sprint_speed_ftps_2021_秋山翔吾,EXACT_OR_NOT_APPLICABLE,false,,Official seasonal Sprint Speed retained as a separate unit and aggregation; it is not equated to NPB+.
R00179,ポランコ,ポランコ,PIT / MLB,2021-season,2021,2021,T90FT_SECONDS,3.99,seconds,Statcast official CSV,Statcast 90ft running-split definition; initial step to 90ft,MLB game tracking; qualified seasonal aggregate,mlb_statcast_2021_PIT,PLAYER_SEASON_OFFICIAL_CSV_ROW,mlb_statcast_running_splits_live_revalidation_20260810,A_FIRST_PARTY_LIVE_REVERIFIED,Baseball Savant / MLB Statcast,https://baseballsavant.mlb.com/running_splits?bats=&min=5&position=&team=&type=raw&year=2021&csv=true,ABSOLUTE_DIRECT_STATCAST,,CANONICAL_SOURCE_RECORD,true,ACCEPTED_HIGH_CONFIDENCE,,mlb_statcast_t90_2021_ポランコ,EXACT_OR_NOT_APPLICABLE,true,A0112,Official direct 90ft split retained as an absolute historical observation; not numerically bridged to NPB+ or 50m.
R00180,ポランコ,ポランコ,PIT / MLB,2021-season,2021,2021,T10FT_SECONDS,0.84,seconds,Statcast official CSV,Statcast 90ft running-split definition; initial step to 90ft,MLB game tracking; qualified seasonal aggregate,mlb_statcast_2021_PIT,PLAYER_SEASON_OFFICIAL_CSV_ROW,mlb_statcast_running_splits_live_revalidation_20260810,A_FIRST_PARTY_LIVE_REVERIFIED,Baseball Savant / MLB Statcast,https://baseballsavant.mlb.com/running_splits?bats=&min=5&position=&team=&type=raw&year=2021&csv=true,ABSOLUTE_DIRECT_STATCAST,,CANONICAL_SOURCE_RECORD,false,RETAINED_SUPPORT_ONLY,RETAINED_METRIC_SUPPORT_NOT_A_SECOND_ANCHOR,mlb_statcast_t10ft_seconds_2021_ポランコ,EXACT_OR_NOT_APPLICABLE,false,,Supporting split retained separately; it is not converted to metres or a game ability.
R00181,ポランコ,ポランコ,PIT / MLB,2021-season,2021,2021,T30FT_SECONDS,1.77,seconds,Statcast official CSV,Statcast 90ft running-split definition; initial step to 90ft,MLB game tracking; qualified seasonal aggregate,mlb_statcast_2021_PIT,PLAYER_SEASON_OFFICIAL_CSV_ROW,mlb_statcast_running_splits_live_revalidation_20260810,A_FIRST_PARTY_LIVE_REVERIFIED,Baseball Savant / MLB Statcast,https://baseballsavant.mlb.com/running_splits?bats=&min=5&position=&team=&type=raw&year=2021&csv=true,ABSOLUTE_DIRECT_STATCAST,,CANONICAL_SOURCE_RECORD,false,RETAINED_SUPPORT_ONLY,RETAINED_METRIC_SUPPORT_NOT_A_SECOND_ANCHOR,mlb_statcast_t30ft_seconds_2021_ポランコ,EXACT_OR_NOT_APPLICABLE,false,,Supporting split retained separately; it is not converted to metres or a game ability.
R00182,ポランコ,ポランコ,PIT / MLB,2021-season,2021,2021,MLB_SPRINT_SPEED_FTPS,27.2,ft_per_second,Statcast official CSV,Statcast 90ft running-split definition; initial step to 90ft,MLB game tracking; qualified seasonal aggregate,mlb_statcast_2021_PIT,PLAYER_SEASON_OFFICIAL_CSV_ROW,mlb_statcast_running_splits_live_revalidation_20260810,A_FIRST_PARTY_LIVE_REVERIFIED,Baseball Savant / MLB Statcast,https://baseballsavant.mlb.com/running_splits?bats=&min=5&position=&team=&type=raw&year=2021&csv=true,ABSOLUTE_DIRECT_STATCAST,,CANONICAL_SOURCE_RECORD,false,RETAINED_SUPPORT_ONLY,RETAINED_METRIC_SUPPORT_NOT_A_SECOND_ANCHOR,mlb_statcast_mlb_sprint_speed_ftps_2021_ポランコ,EXACT_OR_NOT_APPLICABLE,false,,Official seasonal Sprint Speed retained as a separate unit and aggregation; it is not equated to NPB+.
R00183,モンテロ,モンテロ,COL / MLB,2024-season,2024,2024,T90FT_SECONDS,4.2,seconds,Statcast official CSV,Statcast 90ft running-split definition; initial step to 90ft,MLB game tracking; qualified seasonal aggregate,mlb_statcast_2024_COL,PLAYER_SEASON_OFFICIAL_CSV_ROW,mlb_statcast_running_splits_live_revalidation_20260810,A_FIRST_PARTY_LIVE_REVERIFIED,Baseball Savant / MLB Statcast,https://baseballsavant.mlb.com/running_splits?bats=&min=5&position=&team=&type=raw&year=2024&csv=true,ABSOLUTE_DIRECT_STATCAST,,CANONICAL_SOURCE_RECORD,true,ACCEPTED_HIGH_CONFIDENCE,,mlb_statcast_t90_2024_モンテロ,EXACT_OR_NOT_APPLICABLE,true,A0113,Official direct 90ft split retained as an absolute historical observation; not numerically bridged to NPB+ or 50m.
R00184,モンテロ,モンテロ,COL / MLB,2024-season,2024,2024,T10FT_SECONDS,0.9,seconds,Statcast official CSV,Statcast 90ft running-split definition; initial step to 90ft,MLB game tracking; qualified seasonal aggregate,mlb_statcast_2024_COL,PLAYER_SEASON_OFFICIAL_CSV_ROW,mlb_statcast_running_splits_live_revalidation_20260810,A_FIRST_PARTY_LIVE_REVERIFIED,Baseball Savant / MLB Statcast,https://baseballsavant.mlb.com/running_splits?bats=&min=5&position=&team=&type=raw&year=2024&csv=true,ABSOLUTE_DIRECT_STATCAST,,CANONICAL_SOURCE_RECORD,false,RETAINED_SUPPORT_ONLY,RETAINED_METRIC_SUPPORT_NOT_A_SECOND_ANCHOR,mlb_statcast_t10ft_seconds_2024_モンテロ,EXACT_OR_NOT_APPLICABLE,false,,Supporting split retained separately; it is not converted to metres or a game ability.
R00185,モンテロ,モンテロ,COL / MLB,2024-season,2024,2024,T30FT_SECONDS,1.88,seconds,Statcast official CSV,Statcast 90ft running-split definition; initial step to 90ft,MLB game tracking; qualified seasonal aggregate,mlb_statcast_2024_COL,PLAYER_SEASON_OFFICIAL_CSV_ROW,mlb_statcast_running_splits_live_revalidation_20260810,A_FIRST_PARTY_LIVE_REVERIFIED,Baseball Savant / MLB Statcast,https://baseballsavant.mlb.com/running_splits?bats=&min=5&position=&team=&type=raw&year=2024&csv=true,ABSOLUTE_DIRECT_STATCAST,,CANONICAL_SOURCE_RECORD,false,RETAINED_SUPPORT_ONLY,RETAINED_METRIC_SUPPORT_NOT_A_SECOND_ANCHOR,mlb_statcast_t30ft_seconds_2024_モンテロ,EXACT_OR_NOT_APPLICABLE,false,,Supporting split retained separately; it is not converted to metres or a game ability.
R00186,モンテロ,モンテロ,COL / MLB,2024-season,2024,2024,MLB_SPRINT_SPEED_FTPS,26.2,ft_per_second,Statcast official CSV,Statcast 90ft running-split definition; initial step to 90ft,MLB game tracking; qualified seasonal aggregate,mlb_statcast_2024_COL,PLAYER_SEASON_OFFICIAL_CSV_ROW,mlb_statcast_running_splits_live_revalidation_20260810,A_FIRST_PARTY_LIVE_REVERIFIED,Baseball Savant / MLB Statcast,https://baseballsavant.mlb.com/running_splits?bats=&min=5&position=&team=&type=raw&year=2024&csv=true,ABSOLUTE_DIRECT_STATCAST,,CANONICAL_SOURCE_RECORD,false,RETAINED_SUPPORT_ONLY,RETAINED_METRIC_SUPPORT_NOT_A_SECOND_ANCHOR,mlb_statcast_mlb_sprint_speed_ftps_2024_モンテロ,EXACT_OR_NOT_APPLICABLE,false,,Official seasonal Sprint Speed retained as a separate unit and aggregation; it is not equated to NPB+.
R00187,筒香嘉智,筒香嘉智,PIT / MLB,2022-season,2022,2022,T90FT_SECONDS,4.2,seconds,Statcast official CSV,Statcast 90ft running-split definition; initial step to 90ft,MLB game tracking; qualified seasonal aggregate,mlb_statcast_2022_PIT,PLAYER_SEASON_OFFICIAL_CSV_ROW,mlb_statcast_running_splits_live_revalidation_20260810,A_FIRST_PARTY_LIVE_REVERIFIED,Baseball Savant / MLB Statcast,https://baseballsavant.mlb.com/running_splits?bats=&min=5&position=&team=&type=raw&year=2022&csv=true,ABSOLUTE_DIRECT_STATCAST,,CANONICAL_SOURCE_RECORD,false,REJECTED_LIVE_REVALIDATION,REJECTED_LIVE_OFFICIAL_CSV_NOT_FOUND_NO_PRESERVED_SNAPSHOT,mlb_statcast_t90_2022_筒香嘉智,EXACT_OR_NOT_APPLICABLE,false,,REJECTED_LIVE_OFFICIAL_CSV_NOT_FOUND_NO_PRESERVED_SNAPSHOT
R00188,筒香嘉智,筒香嘉智,PIT / MLB,2022-season,2022,2022,T10FT_SECONDS,0.91,seconds,Statcast official CSV,Statcast 90ft running-split definition; initial step to 90ft,MLB game tracking; qualified seasonal aggregate,mlb_statcast_2022_PIT,PLAYER_SEASON_OFFICIAL_CSV_ROW,mlb_statcast_running_splits_live_revalidation_20260810,A_FIRST_PARTY_LIVE_REVERIFIED,Baseball Savant / MLB Statcast,https://baseballsavant.mlb.com/running_splits?bats=&min=5&position=&team=&type=raw&year=2022&csv=true,ABSOLUTE_DIRECT_STATCAST,,CANONICAL_SOURCE_RECORD,false,REJECTED_LIVE_REVALIDATION,REJECTED_LIVE_OFFICIAL_CSV_NOT_FOUND_NO_PRESERVED_SNAPSHOT,mlb_statcast_t10ft_seconds_2022_筒香嘉智,EXACT_OR_NOT_APPLICABLE,false,,Supporting split retained separately; it is not converted to metres or a game ability.
R00189,筒香嘉智,筒香嘉智,PIT / MLB,2022-season,2022,2022,T30FT_SECONDS,1.89,seconds,Statcast official CSV,Statcast 90ft running-split definition; initial step to 90ft,MLB game tracking; qualified seasonal aggregate,mlb_statcast_2022_PIT,PLAYER_SEASON_OFFICIAL_CSV_ROW,mlb_statcast_running_splits_live_revalidation_20260810,A_FIRST_PARTY_LIVE_REVERIFIED,Baseball Savant / MLB Statcast,https://baseballsavant.mlb.com/running_splits?bats=&min=5&position=&team=&type=raw&year=2022&csv=true,ABSOLUTE_DIRECT_STATCAST,,CANONICAL_SOURCE_RECORD,false,REJECTED_LIVE_REVALIDATION,REJECTED_LIVE_OFFICIAL_CSV_NOT_FOUND_NO_PRESERVED_SNAPSHOT,mlb_statcast_t30ft_seconds_2022_筒香嘉智,EXACT_OR_NOT_APPLICABLE,false,,Supporting split retained separately; it is not converted to metres or a game ability.
R00190,筒香嘉智,筒香嘉智,PIT / MLB,2022-season,2022,2022,MLB_SPRINT_SPEED_FTPS,26.1,ft_per_second,Statcast official CSV,Statcast 90ft running-split definition; initial step to 90ft,MLB game tracking; qualified seasonal aggregate,mlb_statcast_2022_PIT,PLAYER_SEASON_OFFICIAL_CSV_ROW,mlb_statcast_running_splits_live_revalidation_20260810,A_FIRST_PARTY_LIVE_REVERIFIED,Baseball Savant / MLB Statcast,https://baseballsavant.mlb.com/running_splits?bats=&min=5&position=&team=&type=raw&year=2022&csv=true,ABSOLUTE_DIRECT_STATCAST,,CANONICAL_SOURCE_RECORD,false,REJECTED_LIVE_REVALIDATION,REJECTED_LIVE_OFFICIAL_CSV_NOT_FOUND_NO_PRESERVED_SNAPSHOT,mlb_statcast_mlb_sprint_speed_ftps_2022_筒香嘉智,EXACT_OR_NOT_APPLICABLE,false,,Official seasonal Sprint Speed retained as a separate unit and aggregation; it is not equated to NPB+.
R00191,Namiki Hidekazu,Namiki Hidekazu,,2019-10-01,2019,2019,50M_MANUAL_SECONDS,5.32,seconds,hand_timed_runner_initiated,hand_timed_runner_initiated,not_publicly_documented,university_manual_50m_directional_2019,DISCOVERY_ONLY,university_manual_50m_directional_2019,C_DIRECTIONAL,University historical profile discovery,,HISTORICAL_PROFILE_DIRECTIONAL,,CANONICAL_SOURCE_RECORD,false,REJECTED_PROTOCOL,REJECTED_PROTOCOL_MANUAL_START_NOT_COMPARABLE,university_manual_50m_directional_2019_namikihidekazu,EXACT_OR_NOT_APPLICABLE,false,,Retained only to preserve a discovered historical value and its protocol incompatibility.
R00192,Isobata Yohei,Isobata Yohei,,2019-10-01,2019,2019,50M_MANUAL_SECONDS,5.42,seconds,hand_timed_runner_initiated,hand_timed_runner_initiated,not_publicly_documented,university_manual_50m_directional_2019,DISCOVERY_ONLY,university_manual_50m_directional_2019,C_DIRECTIONAL,University historical profile discovery,,HISTORICAL_PROFILE_DIRECTIONAL,,CANONICAL_SOURCE_RECORD,false,REJECTED_PROTOCOL,REJECTED_PROTOCOL_MANUAL_START_NOT_COMPARABLE,university_manual_50m_directional_2019_isobatayohei,EXACT_OR_NOT_APPLICABLE,false,,Retained only to preserve a discovered historical value and its protocol incompatibility.
R00193,Yazawa Koutaro,Yazawa Koutaro,,2019-10-01,2019,2019,50M_MANUAL_SECONDS,5.53,seconds,hand_timed_runner_initiated,hand_timed_runner_initiated,not_publicly_documented,university_manual_50m_directional_2019,DISCOVERY_ONLY,university_manual_50m_directional_2019,C_DIRECTIONAL,University historical profile discovery,,HISTORICAL_PROFILE_DIRECTIONAL,,CANONICAL_SOURCE_RECORD,false,REJECTED_PROTOCOL,REJECTED_PROTOCOL_MANUAL_START_NOT_COMPARABLE,university_manual_50m_directional_2019_yazawakoutaro,EXACT_OR_NOT_APPLICABLE,false,,Retained only to preserve a discovered historical value and its protocol incompatibility.
R00194,森 友哉,森 友哉,オリックス・バファローズ,,unknown,unknown,50M_PROFILE_SECONDS,6.2,seconds,unknown,unknown,unknown,unknown,NOT_PUBLICLY_DOCUMENTED_OR_ARCHIVAL_DUPLICATE,existing_npb_physical_inventory_20260809,B,日刊スポーツ,https://www.nikkansports.com/baseball/professional/draft/2013/news/p-bb-tp0-20131209-1228895.html,HISTORICAL_PROFILE_HINT,HISTORICAL_PROFILE_HINT,ARCHIVAL_INVENTORY_RECORD,false,REJECTED_OR_CONTEXT_ONLY,REJECTED_PROTOCOL_OR_DATE_NOT_PUBLICLY_DOCUMENTED,mori_50m_profile,STILL_UNKNOWN,false,,High-school profile value; timing conditions are unknown.
R00195,中川 圭太,中川 圭太,オリックス・バファローズ,,2021,2021,HP_TO_1B_SECONDS,4.01,seconds,reported_hp_to_1b_unspecified_origin,swing_to_run,unknown,2021年3月26日～4月末、右打者の内野安打一塁到達,NOT_PUBLICLY_DOCUMENTED_OR_ARCHIVAL_DUPLICATE,existing_npb_physical_inventory_20260809,B,パ・リーグ.com,https://pacificleague.com/news/32690,CONTEXT_ONLY,CONTEXT_ONLY,ARCHIVAL_INVENTORY_RECORD,false,REJECTED_OR_CONTEXT_ONLY,REJECTED_CONTACT_TO_RUN_TRANSITION_OR_GAME_CONTEXT,existing_hp_to_1b_中川圭太_2021_4.01_6,UNRESOLVED_OR_SOURCE_STATED,false,,通常打撃の一塁到達。打撃→走行移行と打席左右が混ざるためT90直接値にはしない。
R00196,来田 涼斗,来田 涼斗,オリックス・バファローズ,,unknown,unknown,50M_PROFILE_SECONDS,5.9,seconds,unknown,unknown,unknown,unknown,NOT_PUBLICLY_DOCUMENTED_OR_ARCHIVAL_DUPLICATE,existing_npb_physical_inventory_20260809,B,日刊スポーツ,https://www.nikkansports.com/baseball/column/baseballcountry/news/202003140000249.html,HISTORICAL_PROFILE_HINT,HISTORICAL_PROFILE_HINT,ARCHIVAL_INVENTORY_RECORD,false,REJECTED_OR_CONTEXT_ONLY,REJECTED_PROTOCOL_OR_DATE_NOT_PUBLICLY_DOCUMENTED,kita_50m_profile,STILL_UNKNOWN,false,,"High-school profile value; article date is not the measurement date, which remains unknown."
R00197,蝦名 達夫,蝦名 達夫,横浜DeNAベイスターズ,,unknown,unknown,50M_PROFILE_SECONDS,6,seconds,unknown,unknown,unknown,unknown,NOT_PUBLICLY_DOCUMENTED_OR_ARCHIVAL_DUPLICATE,existing_npb_physical_inventory_20260809,B,日刊スポーツ,https://www.nikkansports.com/baseball/news/201910280000575.html,HISTORICAL_PROFILE_HINT,HISTORICAL_PROFILE_HINT,ARCHIVAL_INVENTORY_RECORD,false,REJECTED_OR_CONTEXT_ONLY,REJECTED_PROTOCOL_OR_DATE_NOT_PUBLICLY_DOCUMENTED,ebina_aomori_u_50m_profile,YEAR_INFERRED_MEDIUM,false,,University draft profile value; timing conditions are unknown.
R00198,梶原 昂希,梶原 昂希,横浜DeNAベイスターズ,,unknown,unknown,50M_PROFILE_SECONDS,5.8,seconds,unknown,unknown,unknown,unknown,NOT_PUBLICLY_DOCUMENTED_OR_ARCHIVAL_DUPLICATE,existing_npb_physical_inventory_20260809,B,テレビ朝日ニュース,https://news.tv-asahi.co.jp/news_sports/articles/900020068.html,HISTORICAL_PROFILE_HINT,HISTORICAL_PROFILE_HINT,ARCHIVAL_INVENTORY_RECORD,false,REJECTED_OR_CONTEXT_ONLY,REJECTED_PROTOCOL_OR_DATE_NOT_PUBLICLY_DOCUMENTED,kajihara_50m_profile,STILL_UNKNOWN,false,,Profile value; measurement date and conditions are not published.
R00199,梶原 昂希,梶原 昂希,横浜DeNAベイスターズ,,unknown,unknown,HP_TO_1B_SECONDS,3.97,seconds,unknown,swing_to_run_in_game,rain-affected field; exact surface unknown,unknown,NOT_PUBLICLY_DOCUMENTED_OR_ARCHIVAL_DUPLICATE,existing_npb_physical_inventory_20260809,B,BASEBALL KING,https://baseballking.jp/ns/297434/,CONTEXT_ONLY,CONTEXT_ONLY,ARCHIVAL_INVENTORY_RECORD,false,REJECTED_OR_CONTEXT_ONLY,REJECTED_CONTACT_TO_RUN_TRANSITION_OR_GAME_CONTEXT,kajihara_hp_to_1b_2021,UNRESOLVED_OR_SOURCE_STATED,false,,Full-swing infield-hit home-to-first on a rain-affected field is contextual only.
R00200,京田 陽太,京田 陽太,横浜DeNAベイスターズ,,unknown,unknown,50M_PROFILE_SECONDS,5.9,seconds,unknown,unknown,unknown,unknown,NOT_PUBLICLY_DOCUMENTED_OR_ARCHIVAL_DUPLICATE,existing_npb_physical_inventory_20260809,B,侍ジャパン公式,https://www.japan-baseball.jp/jp/news/press/20160710_5.html,HISTORICAL_PROFILE_HINT,HISTORICAL_PROFILE_HINT,ARCHIVAL_INVENTORY_RECORD,false,REJECTED_OR_CONTEXT_ONLY,REJECTED_PROTOCOL_OR_DATE_NOT_PUBLICLY_DOCUMENTED,kyoda_nihon_u_50m_profile,YEAR_INFERRED_MEDIUM,false,,University profile value; method is unknown. A conflicting media 5.8 claim is not treated as a second measurement.
R00201,筒香 嘉智,筒香 嘉智,横浜DeNAベイスターズ,,2022,2022,T10FT_SECONDS,0.91,seconds,Statcast official leaderboard,qualified home-to-first runs extrapolated to 90ft,baseball field; exact surface unknown,seasonal qualified MLB runs,NOT_PUBLICLY_DOCUMENTED_OR_ARCHIVAL_DUPLICATE,existing_npb_physical_inventory_20260809,A,Baseball Savant / Statcast,https://baseballsavant.mlb.com/running_splits?bats=&min=5&position=&team=&type=raw&year=2022,STANDARDIZED_PRIOR,STANDARDIZED_PRIOR,SUPERSEDED_BY_LIVE_DIRECT_REVALIDATION,false,REJECTED_OR_CONTEXT_ONLY,REJECTED_LIVE_OFFICIAL_CSV_NOT_FOUND_NO_PRESERVED_SNAPSHOT,mlb_statcast_running_splits_筒香嘉智_2022,UNRESOLVED_OR_SOURCE_STATED,false,,Official 10ft running split; retain separately from 10m and do not assume NPB+ equivalence.
R00202,筒香 嘉智,筒香 嘉智,横浜DeNAベイスターズ,,2022,2022,T30FT_SECONDS,1.89,seconds,Statcast official leaderboard,qualified home-to-first runs extrapolated to 90ft,baseball field; exact surface unknown,seasonal qualified MLB runs,NOT_PUBLICLY_DOCUMENTED_OR_ARCHIVAL_DUPLICATE,existing_npb_physical_inventory_20260809,A,Baseball Savant / Statcast,https://baseballsavant.mlb.com/running_splits?bats=&min=5&position=&team=&type=raw&year=2022,STANDARDIZED_PRIOR,STANDARDIZED_PRIOR,SUPERSEDED_BY_LIVE_DIRECT_REVALIDATION,false,REJECTED_OR_CONTEXT_ONLY,REJECTED_LIVE_OFFICIAL_CSV_NOT_FOUND_NO_PRESERVED_SNAPSHOT,mlb_statcast_running_splits_筒香嘉智_2022,UNRESOLVED_OR_SOURCE_STATED,false,,Official 30ft running split; retain separately from 30m and do not assume NPB+ equivalence.
R00203,筒香 嘉智,筒香 嘉智,横浜DeNAベイスターズ,,2022,2022,T90FT_SECONDS,4.2,seconds,Statcast official leaderboard,qualified home-to-first runs extrapolated to 90ft,baseball field; exact surface unknown,seasonal qualified MLB runs,NOT_PUBLICLY_DOCUMENTED_OR_ARCHIVAL_DUPLICATE,existing_npb_physical_inventory_20260809,A,Baseball Savant / Statcast,https://baseballsavant.mlb.com/running_splits?bats=&min=5&position=&team=&type=raw&year=2022,NUMERIC_T90_CANDIDATE,NUMERIC_T90_CANDIDATE,SUPERSEDED_BY_LIVE_DIRECT_REVALIDATION,false,REJECTED_OR_CONTEXT_ONLY,REJECTED_LIVE_OFFICIAL_CSV_NOT_FOUND_NO_PRESERVED_SNAPSHOT,mlb_statcast_running_splits_筒香嘉智_2022,UNRESOLVED_OR_SOURCE_STATED,false,,"Official direct 90ft value within the project's four-year temporal gate; candidate only for the individual appraisal, not an NPB+ bridge calibration."
R00204,筒香 嘉智,筒香 嘉智,横浜DeNAベイスターズ,,2022,2022,MLB_SPRINT_SPEED_FTPS,26.1,ft_per_second,Statcast official leaderboard,qualified home-to-first runs extrapolated to 90ft,baseball field; exact surface unknown,seasonal qualified MLB runs,NOT_PUBLICLY_DOCUMENTED_OR_ARCHIVAL_DUPLICATE,existing_npb_physical_inventory_20260809,A,Baseball Savant / Statcast,https://baseballsavant.mlb.com/leaderboard/sprint_speed?year=2022&position=&team=&min=10,STANDARDIZED_PRIOR,STANDARDIZED_PRIOR,SUPERSEDED_BY_LIVE_DIRECT_REVALIDATION,false,REJECTED_OR_CONTEXT_ONLY,REJECTED_LIVE_OFFICIAL_CSV_NOT_FOUND_NO_PRESERVED_SNAPSHOT,mlb_statcast_running_splits_筒香嘉智_2022,UNRESOLVED_OR_SOURCE_STATED,false,,Official MLB seasonal Sprint Speed; units and public aggregation equivalence with NPB+ are not established.
R00205,林 琢真,林 琢真,横浜DeNAベイスターズ,,2022,2022,50M_PROFILE_SECONDS,5.99,seconds,electronic_photoelectric,unknown,unknown,侍ジャパン大学代表選考合宿,NOT_PUBLICLY_DOCUMENTED_OR_ARCHIVAL_DUPLICATE,existing_npb_physical_inventory_20260809,C,Existing standardized 50m reference,https://www.youtube.com/watch?v=fC8_8iA7Cao,STANDARDIZED_PRIOR,STANDARDIZED_PRIOR,DUPLICATE_OF_CANONICAL_STANDARDIZED_SOURCE,false,REJECTED_OR_CONTEXT_ONLY,DUPLICATE_OF_CANONICAL_STANDARDIZED_SOURCE_RECORD,standardized_50m_2022-06-19_林琢真,UNRESOLVED_OR_SOURCE_STATED,false,,"Shared electronic/photoelectric 50m test is comparable within its cohort, but it is historical and has no validated NPB+ T90 bridge."
R00206,林 琢真,林 琢真,横浜DeNAベイスターズ,,unknown,unknown,50M_PROFILE_SECONDS,5.7,seconds,unknown,unknown,unknown,unknown,NOT_PUBLICLY_DOCUMENTED_OR_ARCHIVAL_DUPLICATE,existing_npb_physical_inventory_20260809,B,日刊スポーツ,https://www.nikkansports.com/baseball/news/202210270001023.html,HISTORICAL_PROFILE_HINT,HISTORICAL_PROFILE_HINT,ARCHIVAL_INVENTORY_RECORD,false,REJECTED_OR_CONTEXT_ONLY,REJECTED_PROTOCOL_OR_DATE_NOT_PUBLICLY_DOCUMENTED,hayashi_komazawa_postcamp_selfbest_50m,YEAR_INFERRED_HIGH,false,,"Reported self-best is distinct from the preserved 5.99 electronic camp result, but its own date, timing method, and start are unknown."
R00207,モンテロ,モンテロ,広島東洋カープ,,2024,2024,T10FT_SECONDS,0.9,seconds,Statcast official leaderboard,qualified home-to-first runs extrapolated to 90ft,baseball field; exact surface unknown,seasonal qualified MLB runs,NOT_PUBLICLY_DOCUMENTED_OR_ARCHIVAL_DUPLICATE,existing_npb_physical_inventory_20260809,A,Baseball Savant / Statcast,https://baseballsavant.mlb.com/running_splits?bats=&min=5&position=&team=&type=raw&year=2024,STANDARDIZED_PRIOR,STANDARDIZED_PRIOR,SUPERSEDED_BY_LIVE_DIRECT_REVALIDATION,false,REJECTED_OR_CONTEXT_ONLY,SUPERSEDED_BY_LIVE_REVALIDATION_CANONICAL_RECORD,mlb_statcast_running_splits_モンテロ_2024,UNRESOLVED_OR_SOURCE_STATED,false,,Official 10ft running split; retain separately from 10m and do not assume NPB+ equivalence.
R00208,モンテロ,モンテロ,広島東洋カープ,,2024,2024,T30FT_SECONDS,1.88,seconds,Statcast official leaderboard,qualified home-to-first runs extrapolated to 90ft,baseball field; exact surface unknown,seasonal qualified MLB runs,NOT_PUBLICLY_DOCUMENTED_OR_ARCHIVAL_DUPLICATE,existing_npb_physical_inventory_20260809,A,Baseball Savant / Statcast,https://baseballsavant.mlb.com/running_splits?bats=&min=5&position=&team=&type=raw&year=2024,STANDARDIZED_PRIOR,STANDARDIZED_PRIOR,SUPERSEDED_BY_LIVE_DIRECT_REVALIDATION,false,REJECTED_OR_CONTEXT_ONLY,SUPERSEDED_BY_LIVE_REVALIDATION_CANONICAL_RECORD,mlb_statcast_running_splits_モンテロ_2024,UNRESOLVED_OR_SOURCE_STATED,false,,Official 30ft running split; retain separately from 30m and do not assume NPB+ equivalence.
R00209,モンテロ,モンテロ,広島東洋カープ,,2024,2024,T90FT_SECONDS,4.2,seconds,Statcast official leaderboard,qualified home-to-first runs extrapolated to 90ft,baseball field; exact surface unknown,seasonal qualified MLB runs,NOT_PUBLICLY_DOCUMENTED_OR_ARCHIVAL_DUPLICATE,existing_npb_physical_inventory_20260809,A,Baseball Savant / Statcast,https://baseballsavant.mlb.com/running_splits?bats=&min=5&position=&team=&type=raw&year=2024,NUMERIC_T90_CANDIDATE,NUMERIC_T90_CANDIDATE,SUPERSEDED_BY_LIVE_DIRECT_REVALIDATION,false,REJECTED_OR_CONTEXT_ONLY,SUPERSEDED_BY_LIVE_REVALIDATION_CANONICAL_RECORD,mlb_statcast_running_splits_モンテロ_2024,UNRESOLVED_OR_SOURCE_STATED,false,,"Official direct 90ft value within the project's four-year temporal gate; candidate only for the individual appraisal, not an NPB+ bridge calibration."
R00210,モンテロ,モンテロ,広島東洋カープ,,2024,2024,MLB_SPRINT_SPEED_FTPS,26.2,ft_per_second,Statcast official leaderboard,qualified home-to-first runs extrapolated to 90ft,baseball field; exact surface unknown,seasonal qualified MLB runs,NOT_PUBLICLY_DOCUMENTED_OR_ARCHIVAL_DUPLICATE,existing_npb_physical_inventory_20260809,A,Baseball Savant / Statcast,https://baseballsavant.mlb.com/leaderboard/sprint_speed?year=2024&position=&team=&min=10,STANDARDIZED_PRIOR,STANDARDIZED_PRIOR,SUPERSEDED_BY_LIVE_DIRECT_REVALIDATION,false,REJECTED_OR_CONTEXT_ONLY,SUPERSEDED_BY_LIVE_REVALIDATION_CANONICAL_RECORD,mlb_statcast_running_splits_モンテロ_2024,UNRESOLVED_OR_SOURCE_STATED,false,,Official MLB seasonal Sprint Speed; units and public aggregation equivalence with NPB+ are not established.
R00211,坂倉 将吾,坂倉 将吾,広島東洋カープ,,unknown,unknown,50M_PROFILE_SECONDS,6.4,seconds,unknown,unknown,unknown,unknown,NOT_PUBLICLY_DOCUMENTED_OR_ARCHIVAL_DUPLICATE,existing_npb_physical_inventory_20260809,B,日刊スポーツ,https://www.nikkansports.com/baseball/news/1737870.html,HISTORICAL_PROFILE_HINT,HISTORICAL_PROFILE_HINT,ARCHIVAL_INVENTORY_RECORD,false,REJECTED_OR_CONTEXT_ONLY,REJECTED_PROTOCOL_OR_DATE_NOT_PUBLICLY_DOCUMENTED,sakakura_50m_nichidai3_profile,STILL_UNKNOWN,false,,High-school profile value; test protocol is unknown.
R00212,秋山 翔吾,秋山 翔吾,広島東洋カープ,,2021,2021,T10FT_SECONDS,0.86,seconds,Statcast official leaderboard,qualified home-to-first runs extrapolated to 90ft,baseball field; exact surface unknown,seasonal qualified MLB runs,NOT_PUBLICLY_DOCUMENTED_OR_ARCHIVAL_DUPLICATE,existing_npb_physical_inventory_20260809,A,Baseball Savant / Statcast,https://baseballsavant.mlb.com/running_splits?bats=&min=5&position=&team=&type=raw&year=2021,STANDARDIZED_PRIOR,STANDARDIZED_PRIOR,SUPERSEDED_BY_LIVE_DIRECT_REVALIDATION,false,REJECTED_OR_CONTEXT_ONLY,SUPERSEDED_BY_LIVE_REVALIDATION_CANONICAL_RECORD,mlb_statcast_running_splits_秋山翔吾_2021,UNRESOLVED_OR_SOURCE_STATED,false,,Official 10ft running split; retain separately from 10m and do not assume NPB+ equivalence.
R00213,秋山 翔吾,秋山 翔吾,広島東洋カープ,,2021,2021,T30FT_SECONDS,1.78,seconds,Statcast official leaderboard,qualified home-to-first runs extrapolated to 90ft,baseball field; exact surface unknown,seasonal qualified MLB runs,NOT_PUBLICLY_DOCUMENTED_OR_ARCHIVAL_DUPLICATE,existing_npb_physical_inventory_20260809,A,Baseball Savant / Statcast,https://baseballsavant.mlb.com/running_splits?bats=&min=5&position=&team=&type=raw&year=2021,STANDARDIZED_PRIOR,STANDARDIZED_PRIOR,SUPERSEDED_BY_LIVE_DIRECT_REVALIDATION,false,REJECTED_OR_CONTEXT_ONLY,SUPERSEDED_BY_LIVE_REVALIDATION_CANONICAL_RECORD,mlb_statcast_running_splits_秋山翔吾_2021,UNRESOLVED_OR_SOURCE_STATED,false,,Official 30ft running split; retain separately from 30m and do not assume NPB+ equivalence.
R00214,秋山 翔吾,秋山 翔吾,広島東洋カープ,,2021,2021,T90FT_SECONDS,3.97,seconds,Statcast official leaderboard,qualified home-to-first runs extrapolated to 90ft,baseball field; exact surface unknown,seasonal qualified MLB runs,NOT_PUBLICLY_DOCUMENTED_OR_ARCHIVAL_DUPLICATE,existing_npb_physical_inventory_20260809,A,Baseball Savant / Statcast,https://baseballsavant.mlb.com/running_splits?bats=&min=5&position=&team=&type=raw&year=2021,HISTORICAL_PROFILE_HINT,HISTORICAL_PROFILE_HINT,SUPERSEDED_BY_LIVE_DIRECT_REVALIDATION,false,REJECTED_OR_CONTEXT_ONLY,SUPERSEDED_BY_LIVE_REVALIDATION_CANONICAL_RECORD,mlb_statcast_running_splits_秋山翔吾_2021,UNRESOLVED_OR_SOURCE_STATED,false,,Official direct 90ft value retained as historical profile evidence; year gap exceeds the project's four-year current-use gate.
R00215,秋山 翔吾,秋山 翔吾,広島東洋カープ,,2021,2021,MLB_SPRINT_SPEED_FTPS,28,ft_per_second,Statcast official leaderboard,qualified home-to-first runs extrapolated to 90ft,baseball field; exact surface unknown,seasonal qualified MLB runs,NOT_PUBLICLY_DOCUMENTED_OR_ARCHIVAL_DUPLICATE,existing_npb_physical_inventory_20260809,A,Baseball Savant / Statcast,https://baseballsavant.mlb.com/leaderboard/sprint_speed?year=2021&position=&team=&min=10,HISTORICAL_PROFILE_HINT,HISTORICAL_PROFILE_HINT,SUPERSEDED_BY_LIVE_DIRECT_REVALIDATION,false,REJECTED_OR_CONTEXT_ONLY,SUPERSEDED_BY_LIVE_REVALIDATION_CANONICAL_RECORD,mlb_statcast_running_splits_秋山翔吾_2021,UNRESOLVED_OR_SOURCE_STATED,false,,Official MLB seasonal Sprint Speed; units and public aggregation equivalence with NPB+ are not established.
R00216,小園 海斗,小園 海斗,広島東洋カープ,,unknown,unknown,50M_PROFILE_SECONDS,,seconds,unknown,unknown,unknown,高校時代の紹介値。2016年記事では本人が最速5.9〜6.0秒、2018年記事は5.9秒、2019年記事は5.8秒と表記に幅がある。,NOT_PUBLICLY_DOCUMENTED_OR_ARCHIVAL_DUPLICATE,existing_npb_physical_inventory_20260809,B,スポーツナビ,https://sports.yahoo.co.jp/column/detail/201607040003-spnavi?p=2,HISTORICAL_PROFILE_HINT,HISTORICAL_PROFILE_HINT,ARCHIVAL_INVENTORY_RECORD,false,REJECTED_OR_CONTEXT_ONLY,REJECTED_PROTOCOL_OR_DATE_NOT_PUBLICLY_DOCUMENTED,existing_outlier_小園海斗_50m_5.8_6,YEAR_INFERRED_MEDIUM,false,,高校時代の紹介値。2016年記事では本人が最速5.9〜6.0秒、2018年記事は5.9秒、2019年記事は5.8秒と表記に幅がある。
R00217,小園 海斗,小園 海斗,広島東洋カープ,,2016,2016,HP_TO_1B_SECONDS,4.05,seconds,unknown,swing_to_run_in_game,unknown,unknown,NOT_PUBLICLY_DOCUMENTED_OR_ARCHIVAL_DUPLICATE,existing_npb_physical_inventory_20260809,B,GOETHE,https://goetheweb.jp/person/article/20241128-star-kozonokaito,CONTEXT_ONLY,CONTEXT_ONLY,ARCHIVAL_INVENTORY_RECORD,false,REJECTED_OR_CONTEXT_ONLY,REJECTED_CONTACT_TO_RUN_TRANSITION_OR_GAME_CONTEXT,kozono_hp_to_1b_2016,UNRESOLVED_OR_SOURCE_STATED,false,,"High-school game home-to-first time includes batting, batted-ball, and game context."
R00218,名原 典彦,名原 典彦,広島東洋カープ,,unknown,unknown,50M_PROFILE_SECONDS,6.2,seconds,manual,unknown,unknown,unknown,NOT_PUBLICLY_DOCUMENTED_OR_ARCHIVAL_DUPLICATE,existing_npb_physical_inventory_20260809,B,web Sportiva,https://sportiva.shueisha.co.jp/clm/baseball/hs_other/2022/10/02/post_85/?page=2,HISTORICAL_PROFILE_HINT,HISTORICAL_PROFILE_HINT,ARCHIVAL_INVENTORY_RECORD,false,REJECTED_OR_CONTEXT_ONLY,REJECTED_PROTOCOL_OR_DATE_NOT_PUBLICLY_DOCUMENTED,nabara_50m_setouchi_manual,STILL_UNKNOWN,false,,"High-school manual 50m; measurement year, start rule, and surface are not published."
R00219,名原 典彦,名原 典彦,広島東洋カープ,,unknown,unknown,50M_PROFILE_SECONDS,5.9,seconds,electronic,unknown,unknown,unknown,NOT_PUBLICLY_DOCUMENTED_OR_ARCHIVAL_DUPLICATE,existing_npb_physical_inventory_20260809,B,web Sportiva,https://sportiva.shueisha.co.jp/clm/baseball/hs_other/2022/10/02/post_85/?page=2,HISTORICAL_PROFILE_HINT,HISTORICAL_PROFILE_HINT,ARCHIVAL_INVENTORY_RECORD,false,REJECTED_OR_CONTEXT_ONLY,REJECTED_PROTOCOL_OR_DATE_NOT_PUBLICLY_DOCUMENTED,nabara_50m_aomoriu_electronic,STILL_UNKNOWN,false,,"University electronic 50m; start rule, surface, and measurement date are not published."
R00220,矢野 雅哉,矢野 雅哉,広島東洋カープ,,unknown,unknown,50M_PROFILE_SECONDS,5.9,seconds,unknown,unknown,unknown,選手紹介で50m5.9秒。測定年・計時方式は記事から特定できない。,NOT_PUBLICLY_DOCUMENTED_OR_ARCHIVAL_DUPLICATE,existing_npb_physical_inventory_20260809,B,日刊スポーツ,https://www.nikkansports.com/baseball/news/202208160001089.html,HISTORICAL_PROFILE_HINT,HISTORICAL_PROFILE_HINT,ARCHIVAL_INVENTORY_RECORD,false,REJECTED_OR_CONTEXT_ONLY,REJECTED_PROTOCOL_OR_DATE_NOT_PUBLICLY_DOCUMENTED,existing_outlier_矢野雅哉_50m_5.9,STILL_UNKNOWN,false,,選手紹介で50m5.9秒。測定年・計時方式は記事から特定できない。
R00221,佐藤 輝明,佐藤 輝明,阪神タイガース,,2020,2020,30M_PROFILE_SECONDS,4,seconds,unknown,unknown,unknown,新入団選手の体力測定。,NOT_PUBLICLY_DOCUMENTED_OR_ARCHIVAL_DUPLICATE,existing_npb_physical_inventory_20260809,B,デイリースポーツ,https://origin.daily.co.jp/tigers/2020/12/07/0013919463.shtml,HISTORICAL_PROFILE_HINT,HISTORICAL_PROFILE_HINT,ARCHIVAL_INVENTORY_RECORD,false,REJECTED_OR_CONTEXT_ONLY,REJECTED_PROTOCOL_OR_DATE_NOT_PUBLICLY_DOCUMENTED,existing_30m_佐藤輝明_2020,UNRESOLVED_OR_SOURCE_STATED,false,,30m走4秒00。体格に対して高い瞬発力という文脈だが、その定性評価は能力へ加点しない。
R00222,佐藤 輝明,佐藤 輝明,阪神タイガース,,unknown,unknown,50M_PROFILE_SECONDS,6,seconds,unknown,unknown,unknown,unknown,NOT_PUBLICLY_DOCUMENTED_OR_ARCHIVAL_DUPLICATE,existing_npb_physical_inventory_20260809,B,スポニチアネックス,https://www.sponichi.co.jp/baseball/news/2020/10/26/kiji/20201025s00001728678000c.html,HISTORICAL_PROFILE_HINT,HISTORICAL_PROFILE_HINT,ARCHIVAL_INVENTORY_RECORD,false,REJECTED_OR_CONTEXT_ONLY,REJECTED_PROTOCOL_OR_DATE_NOT_PUBLICLY_DOCUMENTED,sato_50m_kindai_profile,STILL_UNKNOWN,false,,"University profile value; distinct report from the preserved 2020 30m test, but still protocol-unknown."
R00223,小幡 竜平,小幡 竜平,阪神タイガース,,2018,2018,30M_PROFILE_SECONDS,3.98,seconds,unknown,unknown,unknown,新入団選手の体力測定。参加選手中トップ。,NOT_PUBLICLY_DOCUMENTED_OR_ARCHIVAL_DUPLICATE,existing_npb_physical_inventory_20260809,B,スポーツ報知,https://hochi.news/articles/20181202-OHT1T50237.html,HISTORICAL_PROFILE_HINT,HISTORICAL_PROFILE_HINT,ARCHIVAL_INVENTORY_RECORD,false,REJECTED_OR_CONTEXT_ONLY,REJECTED_PROTOCOL_OR_DATE_NOT_PUBLICLY_DOCUMENTED,existing_30m_小幡竜平_2018,UNRESOLVED_OR_SOURCE_STATED,false,,30m走3秒98。
R00224,小幡 竜平,小幡 竜平,阪神タイガース,,unknown,unknown,50M_PROFILE_SECONDS,6.1,seconds,unknown,unknown,unknown,unknown,NOT_PUBLICLY_DOCUMENTED_OR_ARCHIVAL_DUPLICATE,existing_npb_physical_inventory_20260809,B,日刊スポーツ,https://www.nikkansports.com/baseball/news/201901100000575.html,HISTORICAL_PROFILE_HINT,HISTORICAL_PROFILE_HINT,ARCHIVAL_INVENTORY_RECORD,false,REJECTED_OR_CONTEXT_ONLY,REJECTED_PROTOCOL_OR_DATE_NOT_PUBLICLY_DOCUMENTED,obata_50m_hanshin_profile,YEAR_INFERRED_MEDIUM,false,,Post-draft profile value; distinct from the preserved 30m test but protocol-unknown.
R00225,外崎 修汰,外崎 修汰,埼玉西武ライオンズ,,2024,2024,HP_TO_1B_SECONDS,4.13,seconds,reported_hp_to_1b_unspecified_origin,swing_to_run,unknown,2024年開幕～4月30日、右打者の内野安打一塁到達,NOT_PUBLICLY_DOCUMENTED_OR_ARCHIVAL_DUPLICATE,existing_npb_physical_inventory_20260809,B,パ・リーグ.com,https://pacificleague.com/news/61236,CONTEXT_ONLY,CONTEXT_ONLY,ARCHIVAL_INVENTORY_RECORD,false,REJECTED_OR_CONTEXT_ONLY,REJECTED_CONTACT_TO_RUN_TRANSITION_OR_GAME_CONTEXT,existing_hp_to_1b_外崎修汰_2024_4.13_16,UNRESOLVED_OR_SOURCE_STATED,false,,通常打撃の一塁到達。打撃→走行移行と打席左右が混ざるためT90直接値にはしない。
R00226,源田 壮亮,源田 壮亮,埼玉西武ライオンズ,,2020,2020,HP_TO_1B_SECONDS,3.68,seconds,contact_to_1b,swing_to_run_bunt,unknown,2020年開幕～8月31日、プッシュバントからヘッドスライディングで一塁到達した場面,NOT_PUBLICLY_DOCUMENTED_OR_ARCHIVAL_DUPLICATE,existing_npb_physical_inventory_20260809,B,スポーツナビ（パ・リーグインサイト）,https://sports.yahoo.co.jp/official/detail/202009180094-spnaviow,CONTEXT_ONLY,CONTEXT_ONLY,ARCHIVAL_INVENTORY_RECORD,false,REJECTED_OR_CONTEXT_ONLY,REJECTED_CONTACT_TO_RUN_TRANSITION_OR_GAME_CONTEXT,existing_hp_to_1b_源田壮亮_2020_3.68_2,UNRESOLVED_OR_SOURCE_STATED,false,,セーフティ/プッシュバント。通常スイングより0.数秒短くなり得るため走力アンカー禁止。
R00227,源田 壮亮,源田 壮亮,埼玉西武ライオンズ,,2021,2021,HP_TO_1B_SECONDS,3.85,seconds,contact_to_1b,swing_to_run,unknown,2021年3月26日～4月末、スイングによる内野安打の一塁到達,NOT_PUBLICLY_DOCUMENTED_OR_ARCHIVAL_DUPLICATE,existing_npb_physical_inventory_20260809,B,パ・リーグ.com,https://pacificleague.com/news/32690,CONTEXT_ONLY,CONTEXT_ONLY,ARCHIVAL_INVENTORY_RECORD,false,REJECTED_OR_CONTEXT_ONLY,REJECTED_CONTACT_TO_RUN_TRANSITION_OR_GAME_CONTEXT,existing_hp_to_1b_源田壮亮_2021_3.85_4,UNRESOLVED_OR_SOURCE_STATED,false,,通常打撃の一塁到達。打撃→走行移行と打席左右が混ざるためT90直接値にはしない。
R00228,源田 壮亮,源田 壮亮,埼玉西武ライオンズ,,2021,2021,HP_TO_1B_SECONDS,3.84,seconds,contact_to_1b,swing_to_run,unknown,2021年3月26日～4月末、変化球を逆方向へ当てたゴロの内野安打,NOT_PUBLICLY_DOCUMENTED_OR_ARCHIVAL_DUPLICATE,existing_npb_physical_inventory_20260809,B,パ・リーグ.com,https://pacificleague.com/news/32690,CONTEXT_ONLY,CONTEXT_ONLY,ARCHIVAL_INVENTORY_RECORD,false,REJECTED_OR_CONTEXT_ONLY,REJECTED_CONTACT_TO_RUN_TRANSITION_OR_GAME_CONTEXT,existing_hp_to_1b_源田壮亮_2021_3.84_5,UNRESOLVED_OR_SOURCE_STATED,false,,通常打撃の一塁到達。打撃→走行移行と打席左右が混ざるためT90直接値にはしない。
R00229,源田 壮亮,源田 壮亮,埼玉西武ライオンズ,,2021,2021,HP_TO_1B_SECONDS,3.8,seconds,contact_to_1b,swing_to_run,unknown,2021年3月26日～4月末、一塁ゴロを全力疾走して内野安打にした場面,NOT_PUBLICLY_DOCUMENTED_OR_ARCHIVAL_DUPLICATE,existing_npb_physical_inventory_20260809,B,パ・リーグ.com,https://pacificleague.com/news/32690,CONTEXT_ONLY,CONTEXT_ONLY,ARCHIVAL_INVENTORY_RECORD,false,REJECTED_OR_CONTEXT_ONLY,REJECTED_CONTACT_TO_RUN_TRANSITION_OR_GAME_CONTEXT,existing_hp_to_1b_源田壮亮_2021_3.8_7,UNRESOLVED_OR_SOURCE_STATED,false,,通常打撃の一塁到達。打撃→走行移行と打席左右が混ざるためT90直接値にはしない。
R00230,源田 壮亮,源田 壮亮,埼玉西武ライオンズ,,2024,2024,HP_TO_1B_SECONDS,3.77,seconds,reported_hp_to_1b_unspecified_origin,swing_to_run,unknown,2024年開幕～4月30日、投手の右側を抜いたゴロの内野安打,NOT_PUBLICLY_DOCUMENTED_OR_ARCHIVAL_DUPLICATE,existing_npb_physical_inventory_20260809,B,パ・リーグ.com,https://pacificleague.com/news/61236,CONTEXT_ONLY,CONTEXT_ONLY,ARCHIVAL_INVENTORY_RECORD,false,REJECTED_OR_CONTEXT_ONLY,REJECTED_CONTACT_TO_RUN_TRANSITION_OR_GAME_CONTEXT,existing_hp_to_1b_源田壮亮_2024_3.77_14,UNRESOLVED_OR_SOURCE_STATED,false,,通常打撃の一塁到達。打撃→走行移行と打席左右が混ざるためT90直接値にはしない。
R00231,滝澤 夏央,滝澤 夏央,埼玉西武ライオンズ,,unknown,unknown,50M_PROFILE_SECONDS,5.8,seconds,unknown,unknown,unknown,unknown,NOT_PUBLICLY_DOCUMENTED_OR_ARCHIVAL_DUPLICATE,existing_npb_physical_inventory_20260809,B,Number Web,https://number.bunshun.jp/articles/-/851084?page=1,HISTORICAL_PROFILE_HINT,HISTORICAL_PROFILE_HINT,ARCHIVAL_INVENTORY_RECORD,false,REJECTED_OR_CONTEXT_ONLY,REJECTED_PROTOCOL_OR_DATE_NOT_PUBLICLY_DOCUMENTED,takizawa_sekinegakuen_50m_profile,YEAR_INFERRED_MEDIUM,false,,High-school profile value; timing conditions are unknown.
R00232,ポランコ,ポランコ,千葉ロッテマリーンズ,,2021,2021,T10FT_SECONDS,0.84,seconds,Statcast official leaderboard,qualified home-to-first runs extrapolated to 90ft,baseball field; exact surface unknown,seasonal qualified MLB runs,NOT_PUBLICLY_DOCUMENTED_OR_ARCHIVAL_DUPLICATE,existing_npb_physical_inventory_20260809,A,Baseball Savant / Statcast,https://baseballsavant.mlb.com/running_splits?bats=&min=5&position=&team=&type=raw&year=2021,STANDARDIZED_PRIOR,STANDARDIZED_PRIOR,SUPERSEDED_BY_LIVE_DIRECT_REVALIDATION,false,REJECTED_OR_CONTEXT_ONLY,SUPERSEDED_BY_LIVE_REVALIDATION_CANONICAL_RECORD,mlb_statcast_running_splits_ポランコ_2021,UNRESOLVED_OR_SOURCE_STATED,false,,Official 10ft running split; retain separately from 10m and do not assume NPB+ equivalence.
R00233,ポランコ,ポランコ,千葉ロッテマリーンズ,,2021,2021,T30FT_SECONDS,1.77,seconds,Statcast official leaderboard,qualified home-to-first runs extrapolated to 90ft,baseball field; exact surface unknown,seasonal qualified MLB runs,NOT_PUBLICLY_DOCUMENTED_OR_ARCHIVAL_DUPLICATE,existing_npb_physical_inventory_20260809,A,Baseball Savant / Statcast,https://baseballsavant.mlb.com/running_splits?bats=&min=5&position=&team=&type=raw&year=2021,STANDARDIZED_PRIOR,STANDARDIZED_PRIOR,SUPERSEDED_BY_LIVE_DIRECT_REVALIDATION,false,REJECTED_OR_CONTEXT_ONLY,SUPERSEDED_BY_LIVE_REVALIDATION_CANONICAL_RECORD,mlb_statcast_running_splits_ポランコ_2021,UNRESOLVED_OR_SOURCE_STATED,false,,Official 30ft running split; retain separately from 30m and do not assume NPB+ equivalence.
R00234,ポランコ,ポランコ,千葉ロッテマリーンズ,,2021,2021,T90FT_SECONDS,3.99,seconds,Statcast official leaderboard,qualified home-to-first runs extrapolated to 90ft,baseball field; exact surface unknown,seasonal qualified MLB runs,NOT_PUBLICLY_DOCUMENTED_OR_ARCHIVAL_DUPLICATE,existing_npb_physical_inventory_20260809,A,Baseball Savant / Statcast,https://baseballsavant.mlb.com/running_splits?bats=&min=5&position=&team=&type=raw&year=2021,HISTORICAL_PROFILE_HINT,HISTORICAL_PROFILE_HINT,SUPERSEDED_BY_LIVE_DIRECT_REVALIDATION,false,REJECTED_OR_CONTEXT_ONLY,SUPERSEDED_BY_LIVE_REVALIDATION_CANONICAL_RECORD,mlb_statcast_running_splits_ポランコ_2021,UNRESOLVED_OR_SOURCE_STATED,false,,Official direct 90ft value retained as historical profile evidence; year gap exceeds the project's four-year current-use gate.
R00235,ポランコ,ポランコ,千葉ロッテマリーンズ,,2021,2021,MLB_SPRINT_SPEED_FTPS,27.2,ft_per_second,Statcast official leaderboard,qualified home-to-first runs extrapolated to 90ft,baseball field; exact surface unknown,seasonal qualified MLB runs,NOT_PUBLICLY_DOCUMENTED_OR_ARCHIVAL_DUPLICATE,existing_npb_physical_inventory_20260809,A,Baseball Savant / Statcast,https://baseballsavant.mlb.com/leaderboard/sprint_speed?year=2021&position=&team=&min=10,HISTORICAL_PROFILE_HINT,HISTORICAL_PROFILE_HINT,SUPERSEDED_BY_LIVE_DIRECT_REVALIDATION,false,REJECTED_OR_CONTEXT_ONLY,SUPERSEDED_BY_LIVE_REVALIDATION_CANONICAL_RECORD,mlb_statcast_running_splits_ポランコ_2021,UNRESOLVED_OR_SOURCE_STATED,false,,Official MLB seasonal Sprint Speed; units and public aggregation equivalence with NPB+ are not established.
R00236,安田 尚憲,安田 尚憲,千葉ロッテマリーンズ,,unknown,unknown,50M_PROFILE_SECONDS,6.7,seconds,unknown,unknown,unknown,unknown,NOT_PUBLICLY_DOCUMENTED_OR_ARCHIVAL_DUPLICATE,existing_npb_physical_inventory_20260809,B,日刊スポーツ,https://www.nikkansports.com/baseball/news/201710250000038.html,HISTORICAL_PROFILE_HINT,HISTORICAL_PROFILE_HINT,ARCHIVAL_INVENTORY_RECORD,false,REJECTED_OR_CONTEXT_ONLY,REJECTED_PROTOCOL_OR_DATE_NOT_PUBLICLY_DOCUMENTED,yasuda_50m_profile,YEAR_INFERRED_MEDIUM,false,,High-school profile value; timing conditions are unknown.
R00237,岡 大海,岡 大海,千葉ロッテマリーンズ,,unknown,unknown,50M_PROFILE_SECONDS,6.1,seconds,unknown,unknown,unknown,unknown,NOT_PUBLICLY_DOCUMENTED_OR_ARCHIVAL_DUPLICATE,existing_npb_physical_inventory_20260809,B,明大スポーツ新聞部,https://meisupo.net/news/5690/,HISTORICAL_PROFILE_HINT,HISTORICAL_PROFILE_HINT,ARCHIVAL_INVENTORY_RECORD,false,REJECTED_OR_CONTEXT_ONLY,REJECTED_PROTOCOL_OR_DATE_NOT_PUBLICLY_DOCUMENTED,oka_50m_profile,STILL_UNKNOWN,false,,High-school profile value; timing conditions are unknown and page date was not reliable.
R00238,佐藤 都志也,佐藤 都志也,千葉ロッテマリーンズ,,unknown,unknown,50M_PROFILE_SECONDS,5.9,seconds,unknown,unknown,unknown,unknown,NOT_PUBLICLY_DOCUMENTED_OR_ARCHIVAL_DUPLICATE,existing_npb_physical_inventory_20260809,B,スポニチ,https://www.sponichi.co.jp/baseball/news/2019/10/25/kiji/20191024s00001173410000c.html,HISTORICAL_PROFILE_HINT,HISTORICAL_PROFILE_HINT,ARCHIVAL_INVENTORY_RECORD,false,REJECTED_OR_CONTEXT_ONLY,REJECTED_PROTOCOL_OR_DATE_NOT_PUBLICLY_DOCUMENTED,sato_toshiya_50m_profile,YEAR_INFERRED_MEDIUM,false,,University profile value; timing conditions are unknown.
R00239,山口 航輝,山口 航輝,千葉ロッテマリーンズ,,unknown,unknown,50M_PROFILE_SECONDS,6.3,seconds,unknown,unknown,unknown,unknown,NOT_PUBLICLY_DOCUMENTED_OR_ARCHIVAL_DUPLICATE,existing_npb_physical_inventory_20260809,B,日刊スポーツ,https://www.nikkansports.com/baseball/news/201810310000259.html,HISTORICAL_PROFILE_HINT,HISTORICAL_PROFILE_HINT,ARCHIVAL_INVENTORY_RECORD,false,REJECTED_OR_CONTEXT_ONLY,REJECTED_PROTOCOL_OR_DATE_NOT_PUBLICLY_DOCUMENTED,yamaguchi_koki_50m_profile,STILL_UNKNOWN,false,,High-school profile value; timing conditions are unknown.
R00240,藤原 恭大,藤原 恭大,千葉ロッテマリーンズ,,2023,2023,HP_TO_1B_SECONDS,3.9,seconds,reported_hp_to_1b_unspecified_origin,swing_to_run,unknown,2023年3月30日～5月14日、投手のグラブに当たって後方へ転がった打球の内野安打,NOT_PUBLICLY_DOCUMENTED_OR_ARCHIVAL_DUPLICATE,existing_npb_physical_inventory_20260809,B,パ・リーグ.com,https://pacificleague.com/news/50792,CONTEXT_ONLY,CONTEXT_ONLY,ARCHIVAL_INVENTORY_RECORD,false,REJECTED_OR_CONTEXT_ONLY,REJECTED_CONTACT_TO_RUN_TRANSITION_OR_GAME_CONTEXT,existing_hp_to_1b_藤原恭大_2023_3.9_9,UNRESOLVED_OR_SOURCE_STATED,false,,通常打撃の一塁到達。打撃→走行移行と打席左右が混ざるためT90直接値にはしない。
R00241,藤原 恭大,藤原 恭大,千葉ロッテマリーンズ,,unknown,unknown,50M_PROFILE_SECONDS,5.7,seconds,unknown,training repetition; exact start unknown,unknown,unknown,NOT_PUBLICLY_DOCUMENTED_OR_ARCHIVAL_DUPLICATE,existing_npb_physical_inventory_20260809,B,デイリースポーツ,https://www.daily.co.jp/baseball/2017/08/04/0010433505.shtml,HISTORICAL_PROFILE_HINT,HISTORICAL_PROFILE_HINT,ARCHIVAL_INVENTORY_RECORD,false,REJECTED_OR_CONTEXT_ONLY,REJECTED_PROTOCOL_OR_DATE_NOT_PUBLICLY_DOCUMENTED,fujiwara_50m_5_7_highschool_profile,YEAR_INFERRED_HIGH,false,,"Reported best in repeated 50m training, but timing method and start rule are unknown."
R00242,友杉 篤輝,友杉 篤輝,千葉ロッテマリーンズ,,2022,2022,50M_PROFILE_SECONDS,6.1,seconds,electronic_photoelectric,unknown,unknown,侍ジャパン大学代表選考合宿,NOT_PUBLICLY_DOCUMENTED_OR_ARCHIVAL_DUPLICATE,existing_npb_physical_inventory_20260809,C,Existing standardized 50m reference,https://www.youtube.com/watch?v=fC8_8iA7Cao,STANDARDIZED_PRIOR,STANDARDIZED_PRIOR,DUPLICATE_OF_CANONICAL_STANDARDIZED_SOURCE,false,REJECTED_OR_CONTEXT_ONLY,DUPLICATE_OF_CANONICAL_STANDARDIZED_SOURCE_RECORD,standardized_50m_2022-06-19_友杉篤輝,UNRESOLVED_OR_SOURCE_STATED,false,,"Shared electronic/photoelectric 50m test is comparable within its cohort, but it is historical and has no validated NPB+ T90 bridge."
R00243,友杉 篤輝,友杉 篤輝,千葉ロッテマリーンズ,,unknown,unknown,50M_PROFILE_SECONDS,5.9,seconds,unknown,unknown,unknown,unknown,NOT_PUBLICLY_DOCUMENTED_OR_ARCHIVAL_DUPLICATE,existing_npb_physical_inventory_20260809,B,日刊スポーツ,https://www.nikkansports.com/baseball/news/202210170000769.html,HISTORICAL_PROFILE_HINT,HISTORICAL_PROFILE_HINT,ARCHIVAL_INVENTORY_RECORD,false,REJECTED_OR_CONTEXT_ONLY,REJECTED_PROTOCOL_OR_DATE_NOT_PUBLICLY_DOCUMENTED,tomosugi_50m_profile_claim,YEAR_INFERRED_MEDIUM,false,,Profile claim differs from the preserved electronic 6.10 test; same-session status is unknown.
R00244,友杉 篤輝,友杉 篤輝,千葉ロッテマリーンズ,,unknown,unknown,HP_TO_1B_SECONDS,3.73,seconds,unknown,swing_to_run_in_game,unknown,unknown,NOT_PUBLICLY_DOCUMENTED_OR_ARCHIVAL_DUPLICATE,existing_npb_physical_inventory_20260809,B,4years.,https://4years.asahi.com/article/14723455,CONTEXT_ONLY,CONTEXT_ONLY,ARCHIVAL_INVENTORY_RECORD,false,REJECTED_OR_CONTEXT_ONLY,REJECTED_CONTACT_TO_RUN_TRANSITION_OR_GAME_CONTEXT,tomosugi_hp_to_1b_game,UNRESOLVED_OR_SOURCE_STATED,false,,Reported home-to-first is not a controlled sprint test.
R00245,髙部 瑛斗,髙部 瑛斗,千葉ロッテマリーンズ,,unknown,unknown,50M_PROFILE_SECONDS,5.8,seconds,unknown,unknown,unknown,unknown,NOT_PUBLICLY_DOCUMENTED_OR_ARCHIVAL_DUPLICATE,existing_npb_physical_inventory_20260809,B,テレビ東京スポーツ,https://www.tv-tokyo.co.jp/sports/articles/2022/03/022229.html,HISTORICAL_PROFILE_HINT,HISTORICAL_PROFILE_HINT,ARCHIVAL_INVENTORY_RECORD,false,REJECTED_OR_CONTEXT_ONLY,REJECTED_PROTOCOL_OR_DATE_NOT_PUBLICLY_DOCUMENTED,takabe_50m_profile,STILL_UNKNOWN,false,,Profile value; measurement date and conditions are not published.
R00246,カリステ,カリステ,中日ドラゴンズ,,2017,2017,T10FT_SECONDS,0.87,seconds,Statcast official leaderboard,qualified home-to-first runs extrapolated to 90ft,baseball field; exact surface unknown,seasonal qualified MLB runs,NOT_PUBLICLY_DOCUMENTED_OR_ARCHIVAL_DUPLICATE,existing_npb_physical_inventory_20260809,A,Baseball Savant / Statcast,https://baseballsavant.mlb.com/running_splits?bats=&min=5&position=&team=&type=raw&year=2017,STANDARDIZED_PRIOR,STANDARDIZED_PRIOR,SUPERSEDED_BY_LIVE_DIRECT_REVALIDATION,false,REJECTED_OR_CONTEXT_ONLY,SUPERSEDED_BY_LIVE_REVALIDATION_CANONICAL_RECORD,mlb_statcast_running_splits_カリステ_2017,UNRESOLVED_OR_SOURCE_STATED,false,,Official 10ft running split; retain separately from 10m and do not assume NPB+ equivalence.
R00247,カリステ,カリステ,中日ドラゴンズ,,2017,2017,T30FT_SECONDS,1.82,seconds,Statcast official leaderboard,qualified home-to-first runs extrapolated to 90ft,baseball field; exact surface unknown,seasonal qualified MLB runs,NOT_PUBLICLY_DOCUMENTED_OR_ARCHIVAL_DUPLICATE,existing_npb_physical_inventory_20260809,A,Baseball Savant / Statcast,https://baseballsavant.mlb.com/running_splits?bats=&min=5&position=&team=&type=raw&year=2017,STANDARDIZED_PRIOR,STANDARDIZED_PRIOR,SUPERSEDED_BY_LIVE_DIRECT_REVALIDATION,false,REJECTED_OR_CONTEXT_ONLY,SUPERSEDED_BY_LIVE_REVALIDATION_CANONICAL_RECORD,mlb_statcast_running_splits_カリステ_2017,UNRESOLVED_OR_SOURCE_STATED,false,,Official 30ft running split; retain separately from 30m and do not assume NPB+ equivalence.
R00248,カリステ,カリステ,中日ドラゴンズ,,2017,2017,T90FT_SECONDS,3.94,seconds,Statcast official leaderboard,qualified home-to-first runs extrapolated to 90ft,baseball field; exact surface unknown,seasonal qualified MLB runs,NOT_PUBLICLY_DOCUMENTED_OR_ARCHIVAL_DUPLICATE,existing_npb_physical_inventory_20260809,A,Baseball Savant / Statcast,https://baseballsavant.mlb.com/running_splits?bats=&min=5&position=&team=&type=raw&year=2017,HISTORICAL_PROFILE_HINT,HISTORICAL_PROFILE_HINT,SUPERSEDED_BY_LIVE_DIRECT_REVALIDATION,false,REJECTED_OR_CONTEXT_ONLY,SUPERSEDED_BY_LIVE_REVALIDATION_CANONICAL_RECORD,mlb_statcast_running_splits_カリステ_2017,UNRESOLVED_OR_SOURCE_STATED,false,,Official direct 90ft value retained as historical profile evidence; year gap exceeds the project's four-year current-use gate.
R00249,カリステ,カリステ,中日ドラゴンズ,,2017,2017,MLB_SPRINT_SPEED_FTPS,29.3,ft_per_second,Statcast official leaderboard,qualified home-to-first runs extrapolated to 90ft,baseball field; exact surface unknown,seasonal qualified MLB runs,NOT_PUBLICLY_DOCUMENTED_OR_ARCHIVAL_DUPLICATE,existing_npb_physical_inventory_20260809,A,Baseball Savant / Statcast,https://baseballsavant.mlb.com/leaderboard/sprint_speed?year=2017&position=&team=&min=10,HISTORICAL_PROFILE_HINT,HISTORICAL_PROFILE_HINT,SUPERSEDED_BY_LIVE_DIRECT_REVALIDATION,false,REJECTED_OR_CONTEXT_ONLY,SUPERSEDED_BY_LIVE_REVALIDATION_CANONICAL_RECORD,mlb_statcast_running_splits_カリステ_2017,UNRESOLVED_OR_SOURCE_STATED,false,,Official MLB seasonal Sprint Speed; units and public aggregation equivalence with NPB+ are not established.
R00250,岡林 勇希,岡林 勇希,中日ドラゴンズ,,2019,2019,50M_PROFILE_SECONDS,5.8,seconds,unknown,unknown,unknown,unknown,NOT_PUBLICLY_DOCUMENTED_OR_ARCHIVAL_DUPLICATE,existing_npb_physical_inventory_20260809,B,日刊スポーツ,https://www.nikkansports.com/baseball/news/201910290000658.html,HISTORICAL_PROFILE_HINT,HISTORICAL_PROFILE_HINT,ARCHIVAL_INVENTORY_RECORD,false,REJECTED_OR_CONTEXT_ONLY,REJECTED_PROTOCOL_OR_DATE_NOT_PUBLICLY_DOCUMENTED,okabayashi_komono_50m_profile,UNRESOLVED_OR_SOURCE_STATED,false,,"High-school profile value; timing, start, and surface are unknown."
R00251,細川 成也,細川 成也,中日ドラゴンズ,,unknown,unknown,50M_PROFILE_SECONDS,6.2,seconds,unknown,unknown,unknown,高卒新人期の紹介で50m6.2秒。測定年・計時方式は特定できない。,NOT_PUBLICLY_DOCUMENTED_OR_ARCHIVAL_DUPLICATE,existing_npb_physical_inventory_20260809,B,BASEBALL KING,https://baseballking.jp/ns/134127/,HISTORICAL_PROFILE_HINT,HISTORICAL_PROFILE_HINT,ARCHIVAL_INVENTORY_RECORD,false,REJECTED_OR_CONTEXT_ONLY,REJECTED_PROTOCOL_OR_DATE_NOT_PUBLICLY_DOCUMENTED,existing_outlier_細川成也_50m_6.2,STILL_UNKNOWN,false,,高卒新人期の紹介で50m6.2秒。測定年・計時方式は特定できない。
R00252,大島 洋平,大島 洋平,中日ドラゴンズ,,2007,2007,HP_TO_1B_SECONDS,3.96,seconds,unknown,swing_to_run_in_game_second_base_grounder,unknown,unknown,NOT_PUBLICLY_DOCUMENTED_OR_ARCHIVAL_DUPLICATE,existing_npb_physical_inventory_20260809,B,GOETHE,https://goetheweb.jp/person/article/20230907-yohei-oshima,CONTEXT_ONLY,CONTEXT_ONLY,ARCHIVAL_INVENTORY_RECORD,false,REJECTED_OR_CONTEXT_ONLY,REJECTED_CONTACT_TO_RUN_TRANSITION_OR_GAME_CONTEXT,oshima_hp_to_1b_2007_grounder,UNRESOLVED_OR_SOURCE_STATED,false,,University-game home-to-first time includes batting and game conditions.
R00253,大島 洋平,大島 洋平,中日ドラゴンズ,,2007,2007,HP_TO_1B_SECONDS,3.79,seconds,unknown,swing_to_run_bunt_early_start,unknown,unknown,NOT_PUBLICLY_DOCUMENTED_OR_ARCHIVAL_DUPLICATE,existing_npb_physical_inventory_20260809,B,GOETHE,https://goetheweb.jp/person/article/20230907-yohei-oshima,CONTEXT_ONLY,CONTEXT_ONLY,ARCHIVAL_INVENTORY_RECORD,false,REJECTED_OR_CONTEXT_ONLY,REJECTED_CONTACT_TO_RUN_TRANSITION_OR_GAME_CONTEXT,oshima_hp_to_1b_2007_bunt,UNRESOLVED_OR_SOURCE_STATED,false,,Bunt and early-start advantage make this contextual only.
R00254,田中 幹也,田中 幹也,中日ドラゴンズ,,unknown,unknown,50M_PROFILE_SECONDS,5.9,seconds,unknown,unknown,unknown,unknown,NOT_PUBLICLY_DOCUMENTED_OR_ARCHIVAL_DUPLICATE,existing_npb_physical_inventory_20260809,B,日刊スポーツ,https://www.nikkansports.com/baseball/news/202210310000557.html,HISTORICAL_PROFILE_HINT,HISTORICAL_PROFILE_HINT,ARCHIVAL_INVENTORY_RECORD,false,REJECTED_OR_CONTEXT_ONLY,REJECTED_PROTOCOL_OR_DATE_NOT_PUBLICLY_DOCUMENTED,tanaka_mikiya_adai_50m_profile,STILL_UNKNOWN,false,,University draft profile value; timing conditions are unknown.
R00255,サンタナ,サンタナ,東京ヤクルトスワローズ,,2020,2020,T10FT_SECONDS,0.91,seconds,Statcast official leaderboard,qualified home-to-first runs extrapolated to 90ft,baseball field; exact surface unknown,seasonal qualified MLB runs,NOT_PUBLICLY_DOCUMENTED_OR_ARCHIVAL_DUPLICATE,existing_npb_physical_inventory_20260809,A,Baseball Savant / Statcast,https://baseballsavant.mlb.com/running_splits?bats=&min=5&position=&team=&type=raw&year=2020,STANDARDIZED_PRIOR,STANDARDIZED_PRIOR,SUPERSEDED_BY_LIVE_DIRECT_REVALIDATION,false,REJECTED_OR_CONTEXT_ONLY,SUPERSEDED_BY_LIVE_REVALIDATION_CANONICAL_RECORD,mlb_statcast_running_splits_サンタナ_2020,UNRESOLVED_OR_SOURCE_STATED,false,,Official 10ft running split; retain separately from 10m and do not assume NPB+ equivalence.
R00256,サンタナ,サンタナ,東京ヤクルトスワローズ,,2020,2020,T30FT_SECONDS,1.87,seconds,Statcast official leaderboard,qualified home-to-first runs extrapolated to 90ft,baseball field; exact surface unknown,seasonal qualified MLB runs,NOT_PUBLICLY_DOCUMENTED_OR_ARCHIVAL_DUPLICATE,existing_npb_physical_inventory_20260809,A,Baseball Savant / Statcast,https://baseballsavant.mlb.com/running_splits?bats=&min=5&position=&team=&type=raw&year=2020,STANDARDIZED_PRIOR,STANDARDIZED_PRIOR,SUPERSEDED_BY_LIVE_DIRECT_REVALIDATION,false,REJECTED_OR_CONTEXT_ONLY,SUPERSEDED_BY_LIVE_REVALIDATION_CANONICAL_RECORD,mlb_statcast_running_splits_サンタナ_2020,UNRESOLVED_OR_SOURCE_STATED,false,,Official 30ft running split; retain separately from 30m and do not assume NPB+ equivalence.
R00257,サンタナ,サンタナ,東京ヤクルトスワローズ,,2020,2020,T90FT_SECONDS,4.13,seconds,Statcast official leaderboard,qualified home-to-first runs extrapolated to 90ft,baseball field; exact surface unknown,seasonal qualified MLB runs,NOT_PUBLICLY_DOCUMENTED_OR_ARCHIVAL_DUPLICATE,existing_npb_physical_inventory_20260809,A,Baseball Savant / Statcast,https://baseballsavant.mlb.com/running_splits?bats=&min=5&position=&team=&type=raw&year=2020,HISTORICAL_PROFILE_HINT,HISTORICAL_PROFILE_HINT,SUPERSEDED_BY_LIVE_DIRECT_REVALIDATION,false,REJECTED_OR_CONTEXT_ONLY,SUPERSEDED_BY_LIVE_REVALIDATION_CANONICAL_RECORD,mlb_statcast_running_splits_サンタナ_2020,UNRESOLVED_OR_SOURCE_STATED,false,,Official direct 90ft value retained as historical profile evidence; year gap exceeds the project's four-year current-use gate.
R00258,サンタナ,サンタナ,東京ヤクルトスワローズ,,2020,2020,MLB_SPRINT_SPEED_FTPS,26.9,ft_per_second,Statcast official leaderboard,qualified home-to-first runs extrapolated to 90ft,baseball field; exact surface unknown,seasonal qualified MLB runs,NOT_PUBLICLY_DOCUMENTED_OR_ARCHIVAL_DUPLICATE,existing_npb_physical_inventory_20260809,A,Baseball Savant / Statcast,https://baseballsavant.mlb.com/leaderboard/sprint_speed?year=2020&position=&team=&min=10,HISTORICAL_PROFILE_HINT,HISTORICAL_PROFILE_HINT,SUPERSEDED_BY_LIVE_DIRECT_REVALIDATION,false,REJECTED_OR_CONTEXT_ONLY,SUPERSEDED_BY_LIVE_REVALIDATION_CANONICAL_RECORD,mlb_statcast_running_splits_サンタナ_2020,UNRESOLVED_OR_SOURCE_STATED,false,,Official MLB seasonal Sprint Speed; units and public aggregation equivalence with NPB+ are not established.
R00259,塩見 泰隆,塩見 泰隆,東京ヤクルトスワローズ,,2018,2018,30M_PROFILE_SECONDS,3.85,seconds,unknown,unknown,unknown,新人合同自主トレの30m走。,NOT_PUBLICLY_DOCUMENTED_OR_ARCHIVAL_DUPLICATE,existing_npb_physical_inventory_20260809,B,デイリースポーツ,https://www.daily.co.jp/baseball/2018/01/17/0010903502.shtml,HISTORICAL_PROFILE_HINT,HISTORICAL_PROFILE_HINT,ARCHIVAL_INVENTORY_RECORD,false,REJECTED_OR_CONTEXT_ONLY,REJECTED_PROTOCOL_OR_DATE_NOT_PUBLICLY_DOCUMENTED,existing_30m_塩見泰隆_2018,UNRESOLVED_OR_SOURCE_STATED,false,,30m走3秒85。記事は山田哲人のチームベスト3秒80にも言及。
R00260,塩見 泰隆,塩見 泰隆,東京ヤクルトスワローズ,,unknown,unknown,HP_TO_1B_SECONDS,4.15,seconds,unknown,swing_to_run_in_game,unknown,unknown,NOT_PUBLICLY_DOCUMENTED_OR_ARCHIVAL_DUPLICATE,existing_npb_physical_inventory_20260809,B,Number Web,https://number.bunshun.jp/articles/-/833298?page=2,CONTEXT_ONLY,CONTEXT_ONLY,ARCHIVAL_INVENTORY_RECORD,false,REJECTED_OR_CONTEXT_ONLY,REJECTED_CONTACT_TO_RUN_TRANSITION_OR_GAME_CONTEXT,shiomi_hp_to_1b_jxeneos_415,UNRESOLVED_OR_SOURCE_STATED,false,,In-game home-to-first time; batted-ball and start conditions are part of the value.
R00261,塩見 泰隆,塩見 泰隆,東京ヤクルトスワローズ,,unknown,unknown,HP_TO_1B_SECONDS,4.26,seconds,unknown,swing_to_run_in_game,unknown,unknown,NOT_PUBLICLY_DOCUMENTED_OR_ARCHIVAL_DUPLICATE,existing_npb_physical_inventory_20260809,B,Number Web,https://number.bunshun.jp/articles/-/833298?page=2,CONTEXT_ONLY,CONTEXT_ONLY,ARCHIVAL_INVENTORY_RECORD,false,REJECTED_OR_CONTEXT_ONLY,REJECTED_CONTACT_TO_RUN_TRANSITION_OR_GAME_CONTEXT,shiomi_hp_to_1b_jxeneos_426,UNRESOLVED_OR_SOURCE_STATED,false,,In-game home-to-first time; batted-ball and start conditions are part of the value.
R00262,丸山 和郁,丸山 和郁,東京ヤクルトスワローズ,,unknown,unknown,50M_PROFILE_SECONDS,5.8,seconds,unknown,unknown,unknown,unknown,NOT_PUBLICLY_DOCUMENTED_OR_ARCHIVAL_DUPLICATE,existing_npb_physical_inventory_20260809,B,4years.（朝日新聞社）,https://4years.asahi.com/article/12432940,HISTORICAL_PROFILE_HINT,HISTORICAL_PROFILE_HINT,ARCHIVAL_INVENTORY_RECORD,false,REJECTED_OR_CONTEXT_ONLY,REJECTED_PROTOCOL_OR_DATE_NOT_PUBLICLY_DOCUMENTED,maruyama_50m_meiji_profile,YEAR_INFERRED_MEDIUM,false,,University profile value; test protocol is unknown.
R00263,丸山 和郁,丸山 和郁,東京ヤクルトスワローズ,,unknown,unknown,HP_TO_1B_SECONDS,3.8,seconds,unknown,swing_to_run_in_game,unknown,unknown,NOT_PUBLICLY_DOCUMENTED_OR_ARCHIVAL_DUPLICATE,existing_npb_physical_inventory_20260809,B,4years.（朝日新聞社）,https://4years.asahi.com/article/12432940,CONTEXT_ONLY,CONTEXT_ONLY,ARCHIVAL_INVENTORY_RECORD,false,REJECTED_OR_CONTEXT_ONLY,REJECTED_CONTACT_TO_RUN_TRANSITION_OR_GAME_CONTEXT,maruyama_hp_to_1b_meiji_game,UNRESOLVED_OR_SOURCE_STATED,false,,"Home-to-first after batting is contextual, not a pure sprint test."
R00264,並木 秀尊,並木 秀尊,東京ヤクルトスワローズ,,2019,2019,50M_PROFILE_SECONDS,5.32,seconds,unknown,special_first_step_start,unknown,大学日本代表候補合宿。1歩目を踏み出してから計測開始する変則ルール。,NOT_PUBLICLY_DOCUMENTED_OR_ARCHIVAL_DUPLICATE,existing_npb_physical_inventory_20260809,B,日刊スポーツ,https://www.nikkansports.com/baseball/news/202306230001335.html,REJECTED_FOR_SPEED,REJECTED_FOR_SPEED,ARCHIVAL_INVENTORY_RECORD,false,REJECTED_OR_CONTEXT_ONLY,REJECTED_UNSTANDARDIZED_OR_CONTEXTUAL_INVENTORY_RECORD,existing_outlier_並木秀尊_50m_5.32,UNRESOLVED_OR_SOURCE_STATED,false,,大学日本代表候補合宿。1歩目を踏み出してから計測開始する変則ルール。
R00265,並木 秀尊,並木 秀尊,東京ヤクルトスワローズ,,2022,2022,50M_PROFILE_SECONDS,6.06,seconds,unknown,unknown,unknown,超プロ野球ULTRA収録で計測。記事では通常の50m走として紹介されるが、光電管・スタート規則等は不明。,NOT_PUBLICLY_DOCUMENTED_OR_ARCHIVAL_DUPLICATE,existing_npb_physical_inventory_20260809,B,日刊スポーツ,https://www.nikkansports.com/baseball/news/202306230001335.html,HISTORICAL_PROFILE_HINT,HISTORICAL_PROFILE_HINT,ARCHIVAL_INVENTORY_RECORD,false,REJECTED_OR_CONTEXT_ONLY,REJECTED_PROTOCOL_OR_DATE_NOT_PUBLICLY_DOCUMENTED,existing_outlier_並木秀尊_50m_6.06,UNRESOLVED_OR_SOURCE_STATED,false,,超プロ野球ULTRA収録で計測。記事では通常の50m走として紹介されるが、光電管・スタート規則等は不明。
R00266,並木 秀尊,並木 秀尊,東京ヤクルトスワローズ,,unknown,unknown,HP_TO_1B_SECONDS,3.96,seconds,unknown,swing_to_run_in_game,unknown,unknown,NOT_PUBLICLY_DOCUMENTED_OR_ARCHIVAL_DUPLICATE,existing_npb_physical_inventory_20260809,B,Number Web,https://number.bunshun.jp/articles/-/846891?page=2,CONTEXT_ONLY,CONTEXT_ONLY,ARCHIVAL_INVENTORY_RECORD,false,REJECTED_OR_CONTEXT_ONLY,REJECTED_CONTACT_TO_RUN_TRANSITION_OR_GAME_CONTEXT,namiki_hp_to_1b_dokkyo_game,UNRESOLVED_OR_SOURCE_STATED,false,,"University-game home-to-first time, not a pure sprint test."
R00267,村林 一輝,村林 一輝,東北楽天ゴールデンイーグルス,,2015,2015,50M_PROFILE_SECONDS,6.2,seconds,unknown,unknown,unknown,高校時代のドラフト紹介。50m6.2秒・遠投110m。,NOT_PUBLICLY_DOCUMENTED_OR_ARCHIVAL_DUPLICATE,existing_npb_physical_inventory_20260809,B,週刊ベースボールONLINE,https://column.sp.baseball.findfriends.jp/?id=055-20151207-01&pid=column_detail,HISTORICAL_PROFILE_HINT,HISTORICAL_PROFILE_HINT,ARCHIVAL_INVENTORY_RECORD,false,REJECTED_OR_CONTEXT_ONLY,REJECTED_PROTOCOL_OR_DATE_NOT_PUBLICLY_DOCUMENTED,existing_outlier_村林一輝_50m_6.2,UNRESOLVED_OR_SOURCE_STATED,false,,高校時代のドラフト紹介。50m6.2秒・遠投110m。
R00268,吉川 尚輝,吉川 尚輝,読売ジャイアンツ,,unknown,unknown,50M_PROFILE_SECONDS,5.7,seconds,unknown,unknown,unknown,unknown,NOT_PUBLICLY_DOCUMENTED_OR_ARCHIVAL_DUPLICATE,existing_npb_physical_inventory_20260809,B,日刊スポーツ,https://www.nikkansports.com/baseball/news/1738288.html,HISTORICAL_PROFILE_HINT,HISTORICAL_PROFILE_HINT,ARCHIVAL_INVENTORY_RECORD,false,REJECTED_OR_CONTEXT_ONLY,REJECTED_PROTOCOL_OR_DATE_NOT_PUBLICLY_DOCUMENTED,yoshikawa_50m_chukyo_profile,YEAR_INFERRED_MEDIUM,false,,University profile value; test protocol is unknown.
R00269,吉川 尚輝,吉川 尚輝,読売ジャイアンツ,,2016,2016,HP_TO_1B_SECONDS,4.36,seconds,unknown,swing_to_run_in_game_triple,unknown,unknown,NOT_PUBLICLY_DOCUMENTED_OR_ARCHIVAL_DUPLICATE,existing_npb_physical_inventory_20260809,B,日刊スポーツ,https://www.nikkansports.com/baseball/news/1658951.html,CONTEXT_ONLY,CONTEXT_ONLY,ARCHIVAL_INVENTORY_RECORD,false,REJECTED_OR_CONTEXT_ONLY,REJECTED_CONTACT_TO_RUN_TRANSITION_OR_GAME_CONTEXT,yoshikawa_hp_to_1b_2016_triple,UNRESOLVED_OR_SOURCE_STATED,false,,First-base passage on a triple is not a controlled short-distance sprint.
R00270,吉川 尚輝,吉川 尚輝,読売ジャイアンツ,,2016,2016,HP_TO_1B_SECONDS,3.97,seconds,unknown,swing_to_run_in_game_grounder,unknown,unknown,NOT_PUBLICLY_DOCUMENTED_OR_ARCHIVAL_DUPLICATE,existing_npb_physical_inventory_20260809,B,日刊スポーツ,https://www.nikkansports.com/baseball/news/1658951.html,CONTEXT_ONLY,CONTEXT_ONLY,ARCHIVAL_INVENTORY_RECORD,false,REJECTED_OR_CONTEXT_ONLY,REJECTED_CONTACT_TO_RUN_TRANSITION_OR_GAME_CONTEXT,yoshikawa_hp_to_1b_2016_grounder,UNRESOLVED_OR_SOURCE_STATED,false,,"Home-to-first after a ground ball is contextual, not a pure sprint test."
R00271,松本 剛,松本 剛,読売ジャイアンツ,,2022,2022,HP_TO_1B_SECONDS,3.94,seconds,reported_hp_to_1b_unspecified_origin,swing_to_run,unknown,2022年3月25日～4月30日、右打者の内野安打一塁到達,NOT_PUBLICLY_DOCUMENTED_OR_ARCHIVAL_DUPLICATE,existing_npb_physical_inventory_20260809,B,パ・リーグ.com,https://pacificleague.com/news/41022,CONTEXT_ONLY,CONTEXT_ONLY,ARCHIVAL_INVENTORY_RECORD,false,REJECTED_OR_CONTEXT_ONLY,REJECTED_CONTACT_TO_RUN_TRANSITION_OR_GAME_CONTEXT,existing_hp_to_1b_松本剛_2022_3.94_8,UNRESOLVED_OR_SOURCE_STATED,false,,通常打撃の一塁到達。打撃→走行移行と打席左右が混ざるためT90直接値にはしない。
R00272,栗原 陵矢,栗原 陵矢,福岡ソフトバンクホークス,,unknown,unknown,50M_PROFILE_SECONDS,6,seconds,unknown,unknown,unknown,unknown,NOT_PUBLICLY_DOCUMENTED_OR_ARCHIVAL_DUPLICATE,existing_npb_physical_inventory_20260809,D,ドラフト・レポート,https://draft-repo.com/blog-entry-2032.html,HISTORICAL_PROFILE_HINT,HISTORICAL_PROFILE_HINT,ARCHIVAL_INVENTORY_RECORD,false,REJECTED_OR_CONTEXT_ONLY,REJECTED_PROTOCOL_OR_DATE_NOT_PUBLICLY_DOCUMENTED,kurihara_50m_profile,STILL_UNKNOWN,false,,"Low-tier reprint, kept as historical hint only."
R00273,山川 穂高,山川 穂高,福岡ソフトバンクホークス,,unknown,unknown,50M_PROFILE_SECONDS,6.2,seconds,unknown,unknown,unknown,unknown,NOT_PUBLICLY_DOCUMENTED_OR_ARCHIVAL_DUPLICATE,existing_npb_physical_inventory_20260809,D,ドラフト・レポート,https://draft-repo.com/blog-entry-1559.html,HISTORICAL_PROFILE_HINT,HISTORICAL_PROFILE_HINT,ARCHIVAL_INVENTORY_RECORD,false,REJECTED_OR_CONTEXT_ONLY,REJECTED_PROTOCOL_OR_DATE_NOT_PUBLICLY_DOCUMENTED,yamakawa_50m_profile,STILL_UNKNOWN,false,,Low-tier profile value; page date was unreliable and protocol is unknown.
R00274,周東 佑京,周東 佑京,福岡ソフトバンクホークス,,2020,2020,HP_TO_1B_SECONDS,3.69,seconds,contact_to_1b,swing_to_run_bunt,unknown,2020年開幕～8月31日、セーフティーバントから一塁到達した場面,NOT_PUBLICLY_DOCUMENTED_OR_ARCHIVAL_DUPLICATE,existing_npb_physical_inventory_20260809,B,スポーツナビ（パ・リーグインサイト）,https://sports.yahoo.co.jp/official/detail/202009180094-spnaviow,CONTEXT_ONLY,CONTEXT_ONLY,ARCHIVAL_INVENTORY_RECORD,false,REJECTED_OR_CONTEXT_ONLY,REJECTED_CONTACT_TO_RUN_TRANSITION_OR_GAME_CONTEXT,existing_hp_to_1b_周東佑京_2020_3.69_1,UNRESOLVED_OR_SOURCE_STATED,false,,セーフティ/プッシュバント。通常スイングより0.数秒短くなり得るため走力アンカー禁止。
R00275,周東 佑京,周東 佑京,福岡ソフトバンクホークス,,2020,2020,HP_TO_1B_SECONDS,3.5,seconds,contact_to_1b,swing_to_run_bunt,unknown,2020年開幕～8月31日、セーフティーバントから一塁到達し、宇佐見真吾の送球より先に到達した場面,NOT_PUBLICLY_DOCUMENTED_OR_ARCHIVAL_DUPLICATE,existing_npb_physical_inventory_20260809,B,スポーツナビ（パ・リーグインサイト）,https://sports.yahoo.co.jp/official/detail/202009180094-spnaviow,CONTEXT_ONLY,CONTEXT_ONLY,ARCHIVAL_INVENTORY_RECORD,false,REJECTED_OR_CONTEXT_ONLY,REJECTED_CONTACT_TO_RUN_TRANSITION_OR_GAME_CONTEXT,existing_hp_to_1b_周東佑京_2020_3.5_3,UNRESOLVED_OR_SOURCE_STATED,false,,セーフティ/プッシュバント。通常スイングより0.数秒短くなり得るため走力アンカー禁止。
R00276,周東 佑京,周東 佑京,福岡ソフトバンクホークス,,2023,2023,HP_TO_1B_SECONDS,3.83,seconds,reported_hp_to_1b_unspecified_origin,swing_to_run,unknown,2023年3月30日～5月14日、打ち損ねのゴロを反射的に走り出した内野安打,NOT_PUBLICLY_DOCUMENTED_OR_ARCHIVAL_DUPLICATE,existing_npb_physical_inventory_20260809,B,パ・リーグ.com,https://pacificleague.com/news/50792,CONTEXT_ONLY,CONTEXT_ONLY,ARCHIVAL_INVENTORY_RECORD,false,REJECTED_OR_CONTEXT_ONLY,REJECTED_CONTACT_TO_RUN_TRANSITION_OR_GAME_CONTEXT,existing_hp_to_1b_周東佑京_2023_3.83_10,UNRESOLVED_OR_SOURCE_STATED,false,,通常打撃の一塁到達。打撃→走行移行と打席左右が混ざるためT90直接値にはしない。
R00277,周東 佑京,周東 佑京,福岡ソフトバンクホークス,,2023,2023,HP_TO_1B_SECONDS,3.77,seconds,reported_hp_to_1b_unspecified_origin,swing_to_run,unknown,2023年3月30日～5月14日、内野安打の一塁到達,NOT_PUBLICLY_DOCUMENTED_OR_ARCHIVAL_DUPLICATE,existing_npb_physical_inventory_20260809,B,パ・リーグ.com,https://pacificleague.com/news/50792,CONTEXT_ONLY,CONTEXT_ONLY,ARCHIVAL_INVENTORY_RECORD,false,REJECTED_OR_CONTEXT_ONLY,REJECTED_CONTACT_TO_RUN_TRANSITION_OR_GAME_CONTEXT,existing_hp_to_1b_周東佑京_2023_3.77_11,UNRESOLVED_OR_SOURCE_STATED,false,,通常打撃の一塁到達。打撃→走行移行と打席左右が混ざるためT90直接値にはしない。
R00278,周東 佑京,周東 佑京,福岡ソフトバンクホークス,,2024,2024,HP_TO_1B_SECONDS,3.81,seconds,reported_hp_to_1b_unspecified_origin,swing_to_run,unknown,2024年開幕～4月30日、一二塁間のゴロで投手との競走になった内野安打,NOT_PUBLICLY_DOCUMENTED_OR_ARCHIVAL_DUPLICATE,existing_npb_physical_inventory_20260809,B,パ・リーグ.com,https://pacificleague.com/news/61236,CONTEXT_ONLY,CONTEXT_ONLY,ARCHIVAL_INVENTORY_RECORD,false,REJECTED_OR_CONTEXT_ONLY,REJECTED_CONTACT_TO_RUN_TRANSITION_OR_GAME_CONTEXT,existing_hp_to_1b_周東佑京_2024_3.81_12,UNRESOLVED_OR_SOURCE_STATED,false,,通常打撃の一塁到達。打撃→走行移行と打席左右が混ざるためT90直接値にはしない。
R00279,周東 佑京,周東 佑京,福岡ソフトバンクホークス,,2024,2024,HP_TO_1B_SECONDS,3.8,seconds,reported_hp_to_1b_unspecified_origin,swing_to_run,unknown,2024年開幕～4月30日、二塁手から一塁カバー投手へのトスと競走になった内野安打,NOT_PUBLICLY_DOCUMENTED_OR_ARCHIVAL_DUPLICATE,existing_npb_physical_inventory_20260809,B,パ・リーグ.com,https://pacificleague.com/news/61236,CONTEXT_ONLY,CONTEXT_ONLY,ARCHIVAL_INVENTORY_RECORD,false,REJECTED_OR_CONTEXT_ONLY,REJECTED_CONTACT_TO_RUN_TRANSITION_OR_GAME_CONTEXT,existing_hp_to_1b_周東佑京_2024_3.8_13,UNRESOLVED_OR_SOURCE_STATED,false,,通常打撃の一塁到達。打撃→走行移行と打席左右が混ざるためT90直接値にはしない。
R00280,周東 佑京,周東 佑京,福岡ソフトバンクホークス,,2024,2024,HP_TO_1B_SECONDS,3.75,seconds,reported_hp_to_1b_unspecified_origin,swing_to_run,unknown,2024年開幕～4月30日、内野安打の一塁到達,NOT_PUBLICLY_DOCUMENTED_OR_ARCHIVAL_DUPLICATE,existing_npb_physical_inventory_20260809,B,パ・リーグ.com,https://pacificleague.com/news/61236,CONTEXT_ONLY,CONTEXT_ONLY,ARCHIVAL_INVENTORY_RECORD,false,REJECTED_OR_CONTEXT_ONLY,REJECTED_CONTACT_TO_RUN_TRANSITION_OR_GAME_CONTEXT,existing_hp_to_1b_周東佑京_2024_3.75_15,UNRESOLVED_OR_SOURCE_STATED,false,,通常打撃の一塁到達。打撃→走行移行と打席左右が混ざるためT90直接値にはしない。
R00281,周東 佑京,周東 佑京,福岡ソフトバンクホークス,,2024,2024,HP_TO_1B_SECONDS,3.4,seconds,reported_hp_to_1b_unspecified_origin,swing_to_run_bunt,unknown,2024年開幕～4月30日、三塁線へのセーフティーバント,NOT_PUBLICLY_DOCUMENTED_OR_ARCHIVAL_DUPLICATE,existing_npb_physical_inventory_20260809,B,パ・リーグ.com,https://pacificleague.com/news/61236,CONTEXT_ONLY,CONTEXT_ONLY,ARCHIVAL_INVENTORY_RECORD,false,REJECTED_OR_CONTEXT_ONLY,REJECTED_CONTACT_TO_RUN_TRANSITION_OR_GAME_CONTEXT,existing_hp_to_1b_周東佑京_2024_3.4_17,UNRESOLVED_OR_SOURCE_STATED,false,,セーフティ/プッシュバント。通常スイングより0.数秒短くなり得るため走力アンカー禁止。
R00282,周東 佑京,周東 佑京,福岡ソフトバンクホークス,,2023,2023,event_max_speed,30.4,ft_per_second,Statcast event tracking,in-game baserunning event,unknown,"2023 WBC semifinal, one event",NOT_PUBLICLY_DOCUMENTED_OR_ARCHIVAL_DUPLICATE,existing_npb_physical_inventory_20260809,B,Full-Count,https://full-count.jp/2023/03/21/post1354277/,HISTORICAL_PROFILE_HINT,HISTORICAL_PROFILE_HINT,ARCHIVAL_INVENTORY_RECORD,false,REJECTED_OR_CONTEXT_ONLY,REJECTED_PROTOCOL_OR_DATE_NOT_PUBLICLY_DOCUMENTED,shuto_wbc_2023_event_max_speed,UNRESOLVED_OR_SOURCE_STATED,false,,A one-event maximum speed is not a season Sprint Speed or a controlled short-distance physical test.
R00283,周東 佑京,周東 佑京,福岡ソフトバンクホークス,,unknown,unknown,50M_PROFILE_SECONDS,5.7,seconds,unknown,unknown,unknown,unknown,NOT_PUBLICLY_DOCUMENTED_OR_ARCHIVAL_DUPLICATE,existing_npb_physical_inventory_20260809,B,東京農業大学,https://www.nodai.ac.jp/news/article/42017/,HISTORICAL_PROFILE_HINT,HISTORICAL_PROFILE_HINT,ARCHIVAL_INVENTORY_RECORD,false,REJECTED_OR_CONTEXT_ONLY,REJECTED_PROTOCOL_OR_DATE_NOT_PUBLICLY_DOCUMENTED,shuto_50m_profile,YEAR_INFERRED_MEDIUM,false,,University profile value; timing conditions are unknown.
R00284,周東 佑京,周東 佑京,福岡ソフトバンクホークス,,2013,2013,HP_TO_1B_SECONDS,3.95,seconds,unknown,swing_to_run_in_game,unknown,unknown,NOT_PUBLICLY_DOCUMENTED_OR_ARCHIVAL_DUPLICATE,existing_npb_physical_inventory_20260809,B,GOETHE,https://goetheweb.jp/person/article/20230209-star-46,CONTEXT_ONLY,CONTEXT_ONLY,ARCHIVAL_INVENTORY_RECORD,false,REJECTED_OR_CONTEXT_ONLY,REJECTED_CONTACT_TO_RUN_TRANSITION_OR_GAME_CONTEXT,shuto_hp_to_1b_highschool_game,UNRESOLVED_OR_SOURCE_STATED,false,,High-school game home-to-first time is contextual only.
R00285,正木 智也,正木 智也,福岡ソフトバンクホークス,,unknown,unknown,50M_PROFILE_SECONDS,6.6,seconds,unknown,unknown,unknown,unknown,NOT_PUBLICLY_DOCUMENTED_OR_ARCHIVAL_DUPLICATE,existing_npb_physical_inventory_20260809,D,ドラフト・レポート,https://draft-repo.com/blog-entry-3445.html,HISTORICAL_PROFILE_HINT,HISTORICAL_PROFILE_HINT,ARCHIVAL_INVENTORY_RECORD,false,REJECTED_OR_CONTEXT_ONLY,REJECTED_PROTOCOL_OR_DATE_NOT_PUBLICLY_DOCUMENTED,masaki_50m_profile,STILL_UNKNOWN,false,,"Low-tier profile value, kept as historical hint only."
R00286,牧原 大成,牧原 大成,福岡ソフトバンクホークス,,unknown,unknown,50M_PROFILE_SECONDS,5.8,seconds,unknown,unknown,unknown,unknown,NOT_PUBLICLY_DOCUMENTED_OR_ARCHIVAL_DUPLICATE,existing_npb_physical_inventory_20260809,C,田尻耕太郎の鷹バン！,https://koutaro-tajiri.theletter.jp/posts/ea6a6ac0-a6b2-11ee-b571-5fc5ffed7957,HISTORICAL_PROFILE_HINT,HISTORICAL_PROFILE_HINT,ARCHIVAL_INVENTORY_RECORD,false,REJECTED_OR_CONTEXT_ONLY,REJECTED_PROTOCOL_OR_DATE_NOT_PUBLICLY_DOCUMENTED,makihara_50m_profile,STILL_UNKNOWN,false,,Historical profile value with unknown timing protocol.
R00287,牧原 大成,牧原 大成,福岡ソフトバンクホークス,,2019,2019,HP_TO_1B_SECONDS,3.69,seconds,bat-ball contact to first-base touch,swing_to_run_safety_bunt,unknown,unknown,NOT_PUBLICLY_DOCUMENTED_OR_ARCHIVAL_DUPLICATE,existing_npb_physical_inventory_20260809,B,パ・リーグ.com,https://pacificleague.com/news/2019/8/18255,CONTEXT_ONLY,CONTEXT_ONLY,ARCHIVAL_INVENTORY_RECORD,false,REJECTED_OR_CONTEXT_ONLY,REJECTED_CONTACT_TO_RUN_TRANSITION_OR_GAME_CONTEXT,makihara_hp_to_1b_bunt_2019,UNRESOLVED_OR_SOURCE_STATED,false,,Safety-bunt timing is explicitly reported as substantially faster and remains context only.
R00288,柳町 達,柳町 達,福岡ソフトバンクホークス,,unknown,unknown,50M_PROFILE_SECONDS,6.2,seconds,unknown,unknown,unknown,unknown,NOT_PUBLICLY_DOCUMENTED_OR_ARCHIVAL_DUPLICATE,existing_npb_physical_inventory_20260809,D,ドラフト・レポート,https://draft-repo.com/blog-entry-3199.html,HISTORICAL_PROFILE_HINT,HISTORICAL_PROFILE_HINT,ARCHIVAL_INVENTORY_RECORD,false,REJECTED_OR_CONTEXT_ONLY,REJECTED_PROTOCOL_OR_DATE_NOT_PUBLICLY_DOCUMENTED,yanagimachi_50m_profile,YEAR_INFERRED_MEDIUM,false,,"Low-tier profile value, kept as historical hint only."
R00289,柳田 悠岐,柳田 悠岐,福岡ソフトバンクホークス,,unknown,unknown,50M_PROFILE_SECONDS,5.94,seconds,unknown,unknown,unknown,unknown,NOT_PUBLICLY_DOCUMENTED_OR_ARCHIVAL_DUPLICATE,existing_npb_physical_inventory_20260809,B,web Sportiva,https://sportiva.shueisha.co.jp/clm/baseball/npb/2015/07/14/post_583/,HISTORICAL_PROFILE_HINT,HISTORICAL_PROFILE_HINT,ARCHIVAL_INVENTORY_RECORD,false,REJECTED_OR_CONTEXT_ONLY,REJECTED_PROTOCOL_OR_DATE_NOT_PUBLICLY_DOCUMENTED,yanagita_50m_profile,YEAR_INFERRED_MEDIUM,false,,Historical profile claim with unknown test conditions.
R00290,柳田 悠岐,柳田 悠岐,福岡ソフトバンクホークス,,2009,2009,HP_TO_1B_SECONDS,3.98,seconds,author observation,swing_to_run_in_game,unknown,unknown,NOT_PUBLICLY_DOCUMENTED_OR_ARCHIVAL_DUPLICATE,existing_npb_physical_inventory_20260809,B,GOETHE,https://goetheweb.jp/person/article/20210610-yuki_yanagita,CONTEXT_ONLY,CONTEXT_ONLY,ARCHIVAL_INVENTORY_RECORD,false,REJECTED_OR_CONTEXT_ONLY,REJECTED_CONTACT_TO_RUN_TRANSITION_OR_GAME_CONTEXT,yanagita_hp_to_1b_college_game,UNRESOLVED_OR_SOURCE_STATED,false,,University-game home-to-first time is contextual only.
R00291,清宮 幸太郎,清宮 幸太郎,北海道日本ハムファイターズ,,unknown,unknown,50M_PROFILE_SECONDS,6.5,seconds,unknown,unknown,unknown,unknown,NOT_PUBLICLY_DOCUMENTED_OR_ARCHIVAL_DUPLICATE,existing_npb_physical_inventory_20260809,B,web Sportiva,https://sportiva.shueisha.co.jp/clm/baseball/hs_other/2016/04/05/post_726/?page=3,HISTORICAL_PROFILE_HINT,HISTORICAL_PROFILE_HINT,ARCHIVAL_INVENTORY_RECORD,false,REJECTED_OR_CONTEXT_ONLY,REJECTED_PROTOCOL_OR_DATE_NOT_PUBLICLY_DOCUMENTED,kiyomiya_50m_profile,STILL_UNKNOWN,false,,High-school profile value; timing conditions are unknown.
R00292,田宮 裕涼,田宮 裕涼,北海道日本ハムファイターズ,,unknown,unknown,50M_PROFILE_SECONDS,,seconds,unknown,unknown,unknown,unknown,NOT_PUBLICLY_DOCUMENTED_OR_ARCHIVAL_DUPLICATE,existing_npb_physical_inventory_20260809,B,日刊スポーツ,https://www.nikkansports.com/baseball/news/202212100001143.html,HISTORICAL_PROFILE_HINT,HISTORICAL_PROFILE_HINT,ARCHIVAL_INVENTORY_RECORD,false,REJECTED_OR_CONTEXT_ONLY,REJECTED_PROTOCOL_OR_DATE_NOT_PUBLICLY_DOCUMENTED,tamiya_50m_profile_text,STILL_UNKNOWN,false,,Only a range expression is published; exact time and protocol are unknown.
R00293,奈良間 大己,奈良間 大己,北海道日本ハムファイターズ,,2022,2022,50M_PROFILE_SECONDS,6.31,seconds,electronic_photoelectric,unknown,unknown,侍ジャパン大学代表選考合宿,NOT_PUBLICLY_DOCUMENTED_OR_ARCHIVAL_DUPLICATE,existing_npb_physical_inventory_20260809,C,Existing standardized 50m reference,https://www.youtube.com/watch?v=fC8_8iA7Cao,STANDARDIZED_PRIOR,STANDARDIZED_PRIOR,DUPLICATE_OF_CANONICAL_STANDARDIZED_SOURCE,false,REJECTED_OR_CONTEXT_ONLY,DUPLICATE_OF_CANONICAL_STANDARDIZED_SOURCE_RECORD,standardized_50m_2022-06-19_奈良間大己,UNRESOLVED_OR_SOURCE_STATED,false,,"Shared electronic/photoelectric 50m test is comparable within its cohort, but it is historical and has no validated NPB+ T90 bridge."
R00294,奈良間 大己,奈良間 大己,北海道日本ハムファイターズ,,unknown,unknown,50M_PROFILE_SECONDS,5.8,seconds,unknown,unknown,unknown,unknown,NOT_PUBLICLY_DOCUMENTED_OR_ARCHIVAL_DUPLICATE,existing_npb_physical_inventory_20260809,B,スポニチ,https://www.sponichi.co.jp/baseball/news/2022/11/15/kiji/20221115s00001173066000c.html,HISTORICAL_PROFILE_HINT,HISTORICAL_PROFILE_HINT,ARCHIVAL_INVENTORY_RECORD,false,REJECTED_OR_CONTEXT_ONLY,REJECTED_PROTOCOL_OR_DATE_NOT_PUBLICLY_DOCUMENTED,narama_50m_profile_claim,STILL_UNKNOWN,false,,Profile claim differs from the preserved electronic 6.31 test; source does not establish whether this is a different session.
R00295,近本光司,近本光司,阪神タイガース,,2018,2018,30M_CURATED_SECONDS,3.87,seconds,unknown,unknown,unknown,入団前後の体力測定。記事は大阪ガス在籍時に実施した身体能力測定として報道。,PROTOCOL_UNKNOWN,curated_30m_measurements_20260809,medium,日刊スポーツ,https://www.nikkansports.com/baseball/news/201901200000650.html,HISTORICAL_PROFILE_DIRECTIONAL,tier_d_physical_prior,CANONICAL_SOURCE_RECORD,false,REJECTED_PROTOCOL,REJECTED_PROTOCOL_NOT_FULLY_PUBLICLY_DOCUMENTED,curated30_近本光司_2018_3.87,EXACT_OR_NOT_APPLICABLE,false,,30m走3秒87。プロトコル不明なので距離がT90に近くても直接T90扱いしない。
R00296,小幡竜平,小幡竜平,阪神タイガース,,2018,2018,30M_CURATED_SECONDS,3.98,seconds,unknown,unknown,unknown,新入団選手の体力測定。参加選手中トップ。,PROTOCOL_UNKNOWN,curated_30m_measurements_20260809,medium,スポーツ報知,https://hochi.news/articles/20181202-OHT1T50237.html,HISTORICAL_PROFILE_DIRECTIONAL,tier_d_physical_prior,CANONICAL_SOURCE_RECORD,false,REJECTED_PROTOCOL,REJECTED_PROTOCOL_NOT_FULLY_PUBLICLY_DOCUMENTED,curated30_小幡竜平_2018_3.98,EXACT_OR_NOT_APPLICABLE,false,,30m走3秒98。
R00297,島田海吏,島田海吏,阪神タイガース,,2017,2017,30M_CURATED_SECONDS,3.99,seconds,unknown,unknown,unknown,新入団選手の体力測定。同期最速。,PROTOCOL_UNKNOWN,curated_30m_measurements_20260809,medium,デイリースポーツ,https://www.daily.co.jp/tigers/2017/12/04/0010787359.shtml,HISTORICAL_PROFILE_DIRECTIONAL,tier_d_physical_prior,CANONICAL_SOURCE_RECORD,false,REJECTED_PROTOCOL,REJECTED_PROTOCOL_NOT_FULLY_PUBLICLY_DOCUMENTED,curated30_島田海吏_2017_3.99,EXACT_OR_NOT_APPLICABLE,false,,30m走3秒99。
R00298,塩見泰隆,塩見泰隆,東京ヤクルトスワローズ,,2018,2018,30M_CURATED_SECONDS,3.85,seconds,unknown,unknown,unknown,新人合同自主トレの30m走。,PROTOCOL_UNKNOWN,curated_30m_measurements_20260809,medium,デイリースポーツ,https://www.daily.co.jp/baseball/2018/01/17/0010903502.shtml,HISTORICAL_PROFILE_DIRECTIONAL,tier_d_physical_prior,CANONICAL_SOURCE_RECORD,false,REJECTED_PROTOCOL,REJECTED_PROTOCOL_NOT_FULLY_PUBLICLY_DOCUMENTED,curated30_塩見泰隆_2018_3.85,EXACT_OR_NOT_APPLICABLE,false,,30m走3秒85。記事は山田哲人のチームベスト3秒80にも言及。
R00299,山田哲人,山田哲人,東京ヤクルトスワローズ,,,UNKNOWN,30M_CURATED_SECONDS,3.8,seconds,unknown,unknown,unknown,塩見の記事内で『かつてマークしたチームベスト』として記載。測定年不明。,PROTOCOL_UNKNOWN,curated_30m_measurements_20260809,low,デイリースポーツ,https://www.daily.co.jp/baseball/2018/01/17/0010903502.shtml,HISTORICAL_PROFILE_DIRECTIONAL,tier_d_physical_prior,CANONICAL_SOURCE_RECORD,false,REJECTED_PROTOCOL,REJECTED_PROTOCOL_NOT_FULLY_PUBLICLY_DOCUMENTED,curated30_山田哲人_null_3.8,EXACT_OR_NOT_APPLICABLE,false,,30m走3秒80。測定年・詳細プロトコル不明なので塩見より信頼度を下げる。
R00300,井坪陽生,井坪陽生,阪神タイガース,,2022,2022,30M_CURATED_SECONDS,3.93,seconds,unknown,unknown,unknown,新入団選手の施設見学・体力測定。新人7選手中トップ。,PROTOCOL_UNKNOWN,curated_30m_measurements_20260809,medium,日刊スポーツ,https://www.nikkansports.com/baseball/news/202212110001346.html,HISTORICAL_PROFILE_DIRECTIONAL,tier_d_physical_prior,CANONICAL_SOURCE_RECORD,false,REJECTED_PROTOCOL,REJECTED_PROTOCOL_NOT_FULLY_PUBLICLY_DOCUMENTED,curated30_井坪陽生_2022_3.93,EXACT_OR_NOT_APPLICABLE,false,,30m走3秒93。
R00301,高寺望夢,高寺望夢,阪神タイガース,,2020,2020,30M_CURATED_SECONDS,3.93,seconds,unknown,unknown,unknown,新入団選手の体力測定。30m走とトップスピードでの10m走の両方が新人トップ。,PROTOCOL_UNKNOWN,curated_30m_measurements_20260809,medium,日刊スポーツ,https://www.nikkansports.com/baseball/news/202012060000816.html,HISTORICAL_PROFILE_DIRECTIONAL,tier_d_physical_prior,CANONICAL_SOURCE_RECORD,false,REJECTED_PROTOCOL,REJECTED_PROTOCOL_NOT_FULLY_PUBLICLY_DOCUMENTED,curated30_高寺望夢_2020_3.93,EXACT_OR_NOT_APPLICABLE,false,,30m 3秒93 / トップスピード10m 1秒61。後者はT30初期加速とは別の終盤速度材料として保存。
R00302,佐藤輝明,佐藤輝明,阪神タイガース,,2020,2020,30M_CURATED_SECONDS,4,seconds,unknown,unknown,unknown,新入団選手の体力測定。,PROTOCOL_UNKNOWN,curated_30m_measurements_20260809,medium,デイリースポーツ,https://origin.daily.co.jp/tigers/2020/12/07/0013919463.shtml,HISTORICAL_PROFILE_DIRECTIONAL,tier_d_physical_prior,CANONICAL_SOURCE_RECORD,false,REJECTED_PROTOCOL,REJECTED_PROTOCOL_NOT_FULLY_PUBLICLY_DOCUMENTED,curated30_佐藤輝明_2020_4,EXACT_OR_NOT_APPLICABLE,false,,30m走4秒00。体格に対して高い瞬発力という文脈だが、その定性評価は能力へ加点しない。
R00303,宇草孔基,宇草孔基,広島東洋カープ,,2020,2020,30M_CURATED_SECONDS,3.98,seconds,unknown,unknown,unknown,新人合同自主トレ期間の体力測定。新人で唯一3秒台。,PROTOCOL_UNKNOWN,curated_30m_measurements_20260809,medium,スポニチ,https://www.sponichi.co.jp/baseball/news/2020/01/12/articles/20200112s00001173285000c.html,HISTORICAL_PROFILE_DIRECTIONAL,tier_d_physical_prior,CANONICAL_SOURCE_RECORD,false,REJECTED_PROTOCOL,REJECTED_PROTOCOL_NOT_FULLY_PUBLICLY_DOCUMENTED,curated30_宇草孔基_2020_3.98,EXACT_OR_NOT_APPLICABLE,false,,30m走3秒98。
R00304,荒木郁也,荒木郁也,阪神タイガース,,,UNKNOWN,30M_CURATED_SECONDS,3.66,seconds,unknown,unknown,unknown,春季キャンプの30m測定として小幡関連記事が過去記録を紹介。,PROTOCOL_UNKNOWN,curated_30m_measurements_20260809,low,日刊スポーツ,https://www.nikkansports.com/baseball/news/201812030000340.html,HISTORICAL_PROFILE_DIRECTIONAL,tier_d_physical_prior,CANONICAL_SOURCE_RECORD,false,REJECTED_PROTOCOL,REJECTED_PROTOCOL_NOT_FULLY_PUBLICLY_DOCUMENTED,curated30_荒木郁也_null_3.66,EXACT_OR_NOT_APPLICABLE,false,,30m走3秒66。元記事ではなく後年記事の過去記録なので信頼度low。
R00305,江越大賀,江越大賀,阪神タイガース,,,UNKNOWN,30M_CURATED_SECONDS,3.97,seconds,unknown,unknown,unknown,春季キャンプの30m測定として小幡関連記事が過去記録を紹介。,PROTOCOL_UNKNOWN,curated_30m_measurements_20260809,low,日刊スポーツ,https://www.nikkansports.com/baseball/news/201812030000340.html,HISTORICAL_PROFILE_DIRECTIONAL,tier_d_physical_prior,CANONICAL_SOURCE_RECORD,false,REJECTED_PROTOCOL,REJECTED_PROTOCOL_NOT_FULLY_PUBLICLY_DOCUMENTED,curated30_江越大賀_null_3.97,EXACT_OR_NOT_APPLICABLE,false,,30m走3秒97。元記事未確認。
R00306,横田慎太郎,横田慎太郎,阪神タイガース,,,UNKNOWN,30M_CURATED_SECONDS,3.99,seconds,unknown,unknown,unknown,春季キャンプの30m測定として小幡関連記事が過去記録を紹介。,PROTOCOL_UNKNOWN,curated_30m_measurements_20260809,low,日刊スポーツ,https://www.nikkansports.com/baseball/news/201812030000340.html,HISTORICAL_PROFILE_DIRECTIONAL,tier_d_physical_prior,CANONICAL_SOURCE_RECORD,false,REJECTED_PROTOCOL,REJECTED_PROTOCOL_NOT_FULLY_PUBLICLY_DOCUMENTED,curated30_横田慎太郎_null_3.99,EXACT_OR_NOT_APPLICABLE,false,,30m走3秒99。元記事未確認。
R00307,辰己涼介,辰己涼介,東北楽天ゴールデンイーグルス,,2018,2018,HP_TO_1B_SECONDS,3.78,seconds,reported_hp_to_1b_unspecified_origin,swing_or_bunt_to_run,unknown,2018年ドラフト1位指名後の記事に記載された一塁到達タイム,GAME_CONTEXT_NOT_COHORT,curated_homeplate_to_first_20260809,medium,パ・リーグ.com（記事提供 Full-Count）,https://pacificleague.com/news/2018/11/9558,CONTEXT_ONLY,exclude_until_context_known,CANONICAL_SOURCE_RECORD,false,REJECTED_CONTEXT_ONLY,REJECTED_CONTACT_TO_RUN_TRANSITION_OR_GAME_CONTEXT,hp_to_1b_辰己涼介_2018_3.78,EXACT_OR_NOT_APPLICABLE,false,,打撃形態/計測条件が不明。条件が確認できるまで使用しない。
R00308,辰己涼介,辰己涼介,東北楽天ゴールデンイーグルス,,2020,2020,HP_TO_1B_SECONDS,3.72,seconds,contact_to_1b,swing_or_bunt_to_run,bunt,2020年開幕～8月31日、セーフティーバントから一塁到達した場面,GAME_CONTEXT_NOT_COHORT,curated_homeplate_to_first_20260809,medium,スポーツナビ（パ・リーグインサイト）,https://sports.yahoo.co.jp/official/detail/202009180094-spnaviow,CONTEXT_ONLY,exclude_from_speed,CANONICAL_SOURCE_RECORD,false,REJECTED_CONTEXT_ONLY,REJECTED_CONTACT_TO_RUN_TRANSITION_OR_GAME_CONTEXT,hp_to_1b_辰己涼介_2020_3.72,EXACT_OR_NOT_APPLICABLE,false,,セーフティ/プッシュバント。通常スイングより0.数秒短くなり得るため走力アンカー禁止。
R00309,福田秀平,福田秀平,千葉ロッテマリーンズ,,2020,2020,HP_TO_1B_SECONDS,3.71,seconds,contact_to_1b,swing_or_bunt_to_run,bunt,2020年開幕～8月31日、セーフティーバントから一塁到達した場面,GAME_CONTEXT_NOT_COHORT,curated_homeplate_to_first_20260809,medium,スポーツナビ（パ・リーグインサイト）,https://sports.yahoo.co.jp/official/detail/202009180094-spnaviow,CONTEXT_ONLY,exclude_from_speed,CANONICAL_SOURCE_RECORD,false,REJECTED_CONTEXT_ONLY,REJECTED_CONTACT_TO_RUN_TRANSITION_OR_GAME_CONTEXT,hp_to_1b_福田秀平_2020_3.71,EXACT_OR_NOT_APPLICABLE,false,,セーフティ/プッシュバント。通常スイングより0.数秒短くなり得るため走力アンカー禁止。
R00310,周東佑京,周東佑京,福岡ソフトバンクホークス,,2020,2020,HP_TO_1B_SECONDS,3.69,seconds,contact_to_1b,swing_or_bunt_to_run,bunt,2020年開幕～8月31日、セーフティーバントから一塁到達した場面,GAME_CONTEXT_NOT_COHORT,curated_homeplate_to_first_20260809,medium,スポーツナビ（パ・リーグインサイト）,https://sports.yahoo.co.jp/official/detail/202009180094-spnaviow,CONTEXT_ONLY,exclude_from_speed,CANONICAL_SOURCE_RECORD,false,REJECTED_CONTEXT_ONLY,REJECTED_CONTACT_TO_RUN_TRANSITION_OR_GAME_CONTEXT,hp_to_1b_周東佑京_2020_3.69,EXACT_OR_NOT_APPLICABLE,false,,セーフティ/プッシュバント。通常スイングより0.数秒短くなり得るため走力アンカー禁止。
R00311,源田壮亮,源田壮亮,埼玉西武ライオンズ,,2020,2020,HP_TO_1B_SECONDS,3.68,seconds,contact_to_1b,swing_or_bunt_to_run,bunt,2020年開幕～8月31日、プッシュバントからヘッドスライディングで一塁到達した場面,GAME_CONTEXT_NOT_COHORT,curated_homeplate_to_first_20260809,medium,スポーツナビ（パ・リーグインサイト）,https://sports.yahoo.co.jp/official/detail/202009180094-spnaviow,CONTEXT_ONLY,exclude_from_speed,CANONICAL_SOURCE_RECORD,false,REJECTED_CONTEXT_ONLY,REJECTED_CONTACT_TO_RUN_TRANSITION_OR_GAME_CONTEXT,hp_to_1b_源田壮亮_2020_3.68,EXACT_OR_NOT_APPLICABLE,false,,セーフティ/プッシュバント。通常スイングより0.数秒短くなり得るため走力アンカー禁止。
R00312,ブランドン・レアード,ブランドン・レアード,千葉ロッテマリーンズ,,2020,2020,HP_TO_1B_SECONDS,5.17,seconds,reported_hp_to_1b_unspecified_origin,swing_or_bunt_to_run,normal_swing,2020年開幕～8月31日、守備シフトで空いた一二塁間への内野安打で一塁到達した場面,GAME_CONTEXT_NOT_COHORT,curated_homeplate_to_first_20260809,medium,スポーツナビ（パ・リーグインサイト）,https://sports.yahoo.co.jp/official/detail/202009180094-spnaviow,CONTEXT_ONLY,tier_c_contextual,CANONICAL_SOURCE_RECORD,false,REJECTED_CONTEXT_ONLY,REJECTED_CONTACT_TO_RUN_TRANSITION_OR_GAME_CONTEXT,hp_to_1b_ブランドンレアード_2020_5.17,EXACT_OR_NOT_APPLICABLE,false,,通常打撃の一塁到達。打撃→走行移行と打席左右が混ざるためT90直接値にはしない。
R00313,周東佑京,周東佑京,福岡ソフトバンクホークス,,2020,2020,HP_TO_1B_SECONDS,3.5,seconds,contact_to_1b,swing_or_bunt_to_run,bunt,2020年開幕～8月31日、セーフティーバントから一塁到達し、宇佐見真吾の送球より先に到達した場面,GAME_CONTEXT_NOT_COHORT,curated_homeplate_to_first_20260809,medium,スポーツナビ（パ・リーグインサイト）,https://sports.yahoo.co.jp/official/detail/202009180094-spnaviow,CONTEXT_ONLY,exclude_from_speed,CANONICAL_SOURCE_RECORD,false,REJECTED_CONTEXT_ONLY,REJECTED_CONTACT_TO_RUN_TRANSITION_OR_GAME_CONTEXT,hp_to_1b_周東佑京_2020_3.5,EXACT_OR_NOT_APPLICABLE,false,,セーフティ/プッシュバント。通常スイングより0.数秒短くなり得るため走力アンカー禁止。
R00314,金子侑司,金子侑司,埼玉西武ライオンズ,,2021,2021,HP_TO_1B_SECONDS,3.93,seconds,contact_to_1b,swing_or_bunt_to_run,normal_swing,2021年3月26日～4月末、開幕戦初回のスイングによる内野安打,GAME_CONTEXT_NOT_COHORT,curated_homeplate_to_first_20260809,medium,パ・リーグ.com,https://pacificleague.com/news/32690,CONTEXT_ONLY,tier_c_contextual,CANONICAL_SOURCE_RECORD,false,REJECTED_CONTEXT_ONLY,REJECTED_CONTACT_TO_RUN_TRANSITION_OR_GAME_CONTEXT,hp_to_1b_金子侑司_2021_3.93,EXACT_OR_NOT_APPLICABLE,false,,通常打撃の一塁到達。打撃→走行移行と打席左右が混ざるためT90直接値にはしない。
R00315,辰己涼介,辰己涼介,東北楽天ゴールデンイーグルス,,2021,2021,HP_TO_1B_SECONDS,3.88,seconds,contact_to_1b,swing_or_bunt_to_run,normal_swing,2021年3月26日～4月末、外角球を叩きつけた高いバウンドの内野安打,GAME_CONTEXT_NOT_COHORT,curated_homeplate_to_first_20260809,medium,パ・リーグ.com,https://pacificleague.com/news/32690,CONTEXT_ONLY,tier_c_contextual,CANONICAL_SOURCE_RECORD,false,REJECTED_CONTEXT_ONLY,REJECTED_CONTACT_TO_RUN_TRANSITION_OR_GAME_CONTEXT,hp_to_1b_辰己涼介_2021_3.88,EXACT_OR_NOT_APPLICABLE,false,,通常打撃の一塁到達。打撃→走行移行と打席左右が混ざるためT90直接値にはしない。
R00316,源田壮亮,源田壮亮,埼玉西武ライオンズ,,2021,2021,HP_TO_1B_SECONDS,3.85,seconds,contact_to_1b,swing_or_bunt_to_run,normal_swing,2021年3月26日～4月末、スイングによる内野安打の一塁到達,GAME_CONTEXT_NOT_COHORT,curated_homeplate_to_first_20260809,medium,パ・リーグ.com,https://pacificleague.com/news/32690,CONTEXT_ONLY,tier_c_contextual,CANONICAL_SOURCE_RECORD,false,REJECTED_CONTEXT_ONLY,REJECTED_CONTACT_TO_RUN_TRANSITION_OR_GAME_CONTEXT,hp_to_1b_源田壮亮_2021_3.85,EXACT_OR_NOT_APPLICABLE,false,,通常打撃の一塁到達。打撃→走行移行と打席左右が混ざるためT90直接値にはしない。
R00317,源田壮亮,源田壮亮,埼玉西武ライオンズ,,2021,2021,HP_TO_1B_SECONDS,3.84,seconds,contact_to_1b,swing_or_bunt_to_run,normal_swing,2021年3月26日～4月末、変化球を逆方向へ当てたゴロの内野安打,GAME_CONTEXT_NOT_COHORT,curated_homeplate_to_first_20260809,medium,パ・リーグ.com,https://pacificleague.com/news/32690,CONTEXT_ONLY,tier_c_contextual,CANONICAL_SOURCE_RECORD,false,REJECTED_CONTEXT_ONLY,REJECTED_CONTACT_TO_RUN_TRANSITION_OR_GAME_CONTEXT,hp_to_1b_源田壮亮_2021_3.84,EXACT_OR_NOT_APPLICABLE,false,,通常打撃の一塁到達。打撃→走行移行と打席左右が混ざるためT90直接値にはしない。
R00318,中川圭太,中川圭太,オリックス・バファローズ,,2021,2021,HP_TO_1B_SECONDS,4.01,seconds,reported_hp_to_1b_unspecified_origin,swing_or_bunt_to_run,normal_swing,2021年3月26日～4月末、右打者の内野安打一塁到達,GAME_CONTEXT_NOT_COHORT,curated_homeplate_to_first_20260809,medium,パ・リーグ.com,https://pacificleague.com/news/32690,CONTEXT_ONLY,tier_c_contextual,CANONICAL_SOURCE_RECORD,false,REJECTED_CONTEXT_ONLY,REJECTED_CONTACT_TO_RUN_TRANSITION_OR_GAME_CONTEXT,hp_to_1b_中川圭太_2021_4.01,EXACT_OR_NOT_APPLICABLE,false,,通常打撃の一塁到達。打撃→走行移行と打席左右が混ざるためT90直接値にはしない。
R00319,中田翔,中田翔,北海道日本ハムファイターズ,,2021,2021,HP_TO_1B_SECONDS,5.57,seconds,reported_hp_to_1b_unspecified_origin,swing_or_bunt_to_run,stopped_or_slowed,2021年3月26日～4月末、ハーフスイングの打球をいったんファウルと見て走行を止め、再び一塁へ走った内野安打,GAME_CONTEXT_NOT_COHORT,curated_homeplate_to_first_20260809,medium,パ・リーグ.com,https://pacificleague.com/news/32690,CONTEXT_ONLY,exclude_from_speed,CANONICAL_SOURCE_RECORD,false,REJECTED_CONTEXT_ONLY,REJECTED_CONTACT_TO_RUN_TRANSITION_OR_GAME_CONTEXT,hp_to_1b_中田翔_2021_5.57,EXACT_OR_NOT_APPLICABLE,false,,途中で走行を止めたため身体的走力の比較不能。
R00320,源田壮亮,源田壮亮,埼玉西武ライオンズ,,2021,2021,HP_TO_1B_SECONDS,3.8,seconds,contact_to_1b,swing_or_bunt_to_run,normal_swing,2021年3月26日～4月末、一塁ゴロを全力疾走して内野安打にした場面,GAME_CONTEXT_NOT_COHORT,curated_homeplate_to_first_20260809,medium,パ・リーグ.com,https://pacificleague.com/news/32690,CONTEXT_ONLY,tier_c_contextual,CANONICAL_SOURCE_RECORD,false,REJECTED_CONTEXT_ONLY,REJECTED_CONTACT_TO_RUN_TRANSITION_OR_GAME_CONTEXT,hp_to_1b_源田壮亮_2021_3.8,EXACT_OR_NOT_APPLICABLE,false,,通常打撃の一塁到達。打撃→走行移行と打席左右が混ざるためT90直接値にはしない。
R00321,三森大貴,三森大貴,福岡ソフトバンクホークス,,2022,2022,HP_TO_1B_SECONDS,3.8,seconds,reported_hp_to_1b_unspecified_origin,swing_or_bunt_to_run,normal_swing,2022年3月25日～4月30日、内野安打で一塁を走り抜けた場面,GAME_CONTEXT_NOT_COHORT,curated_homeplate_to_first_20260809,medium,パ・リーグ.com,https://pacificleague.com/news/41022,CONTEXT_ONLY,tier_c_contextual,CANONICAL_SOURCE_RECORD,false,REJECTED_CONTEXT_ONLY,REJECTED_CONTACT_TO_RUN_TRANSITION_OR_GAME_CONTEXT,hp_to_1b_三森大貴_2022_3.8,EXACT_OR_NOT_APPLICABLE,false,,通常打撃の一塁到達。打撃→走行移行と打席左右が混ざるためT90直接値にはしない。
R00322,高部瑛斗,高部瑛斗,千葉ロッテマリーンズ,,2022,2022,HP_TO_1B_SECONDS,3.79,seconds,reported_hp_to_1b_unspecified_origin,swing_or_bunt_to_run,normal_swing,2022年3月25日～4月30日、低めの変化球で体勢を崩しながら打った内野安打,GAME_CONTEXT_NOT_COHORT,curated_homeplate_to_first_20260809,medium,パ・リーグ.com,https://pacificleague.com/news/41022,CONTEXT_ONLY,tier_c_contextual,CANONICAL_SOURCE_RECORD,false,REJECTED_CONTEXT_ONLY,REJECTED_CONTACT_TO_RUN_TRANSITION_OR_GAME_CONTEXT,hp_to_1b_高部瑛斗_2022_3.79,EXACT_OR_NOT_APPLICABLE,false,,通常打撃の一塁到達。打撃→走行移行と打席左右が混ざるためT90直接値にはしない。
R00323,三森大貴,三森大貴,福岡ソフトバンクホークス,,2022,2022,HP_TO_1B_SECONDS,3.76,seconds,reported_hp_to_1b_unspecified_origin,swing_or_bunt_to_run,normal_swing,2022年3月25日～4月30日、二塁走者がいる場面の遊撃への内野安打,GAME_CONTEXT_NOT_COHORT,curated_homeplate_to_first_20260809,medium,パ・リーグ.com,https://pacificleague.com/news/41022,CONTEXT_ONLY,tier_c_contextual,CANONICAL_SOURCE_RECORD,false,REJECTED_CONTEXT_ONLY,REJECTED_CONTACT_TO_RUN_TRANSITION_OR_GAME_CONTEXT,hp_to_1b_三森大貴_2022_3.76,EXACT_OR_NOT_APPLICABLE,false,,通常打撃の一塁到達。打撃→走行移行と打席左右が混ざるためT90直接値にはしない。
R00324,和田康士朗,和田康士朗,千葉ロッテマリーンズ,,2022,2022,HP_TO_1B_SECONDS,3.75,seconds,reported_hp_to_1b_unspecified_origin,swing_or_bunt_to_run,normal_swing,2022年3月25日～4月30日、投手へのぼてぼてのゴロを内野安打にした場面,GAME_CONTEXT_NOT_COHORT,curated_homeplate_to_first_20260809,medium,パ・リーグ.com,https://pacificleague.com/news/41022,CONTEXT_ONLY,tier_c_contextual,CANONICAL_SOURCE_RECORD,false,REJECTED_CONTEXT_ONLY,REJECTED_CONTACT_TO_RUN_TRANSITION_OR_GAME_CONTEXT,hp_to_1b_和田康士朗_2022_3.75,EXACT_OR_NOT_APPLICABLE,false,,通常打撃の一塁到達。打撃→走行移行と打席左右が混ざるためT90直接値にはしない。
R00325,三森大貴,三森大貴,福岡ソフトバンクホークス,,2022,2022,HP_TO_1B_SECONDS,3.71,seconds,reported_hp_to_1b_unspecified_origin,swing_or_bunt_to_run,headslide,2022年3月25日～4月30日、内野安打で一塁へヘッドスライディングした場面,GAME_CONTEXT_NOT_COHORT,curated_homeplate_to_first_20260809,medium,パ・リーグ.com,https://pacificleague.com/news/41022,CONTEXT_ONLY,exclude_from_speed,CANONICAL_SOURCE_RECORD,false,REJECTED_CONTEXT_ONLY,REJECTED_CONTACT_TO_RUN_TRANSITION_OR_GAME_CONTEXT,hp_to_1b_三森大貴_2022_3.71,EXACT_OR_NOT_APPLICABLE,false,,ヘッドスライディングで走り抜けと終端条件が違うため除外。
R00326,松本剛,松本剛,北海道日本ハムファイターズ,,2022,2022,HP_TO_1B_SECONDS,3.94,seconds,reported_hp_to_1b_unspecified_origin,swing_or_bunt_to_run,normal_swing,2022年3月25日～4月30日、右打者の内野安打一塁到達,GAME_CONTEXT_NOT_COHORT,curated_homeplate_to_first_20260809,medium,パ・リーグ.com,https://pacificleague.com/news/41022,CONTEXT_ONLY,tier_c_contextual,CANONICAL_SOURCE_RECORD,false,REJECTED_CONTEXT_ONLY,REJECTED_CONTACT_TO_RUN_TRANSITION_OR_GAME_CONTEXT,hp_to_1b_松本剛_2022_3.94,EXACT_OR_NOT_APPLICABLE,false,,通常打撃の一塁到達。打撃→走行移行と打席左右が混ざるためT90直接値にはしない。
R00327,福田周平,福田周平,オリックス・バファローズ,,2022,2022,HP_TO_1B_SECONDS,3.69,seconds,reported_hp_to_1b_unspecified_origin,swing_or_bunt_to_run,bunt,2022年3月25日～4月30日、セーフティーバントによる内野安打,GAME_CONTEXT_NOT_COHORT,curated_homeplate_to_first_20260809,medium,パ・リーグ.com,https://pacificleague.com/news/41022,CONTEXT_ONLY,exclude_from_speed,CANONICAL_SOURCE_RECORD,false,REJECTED_CONTEXT_ONLY,REJECTED_CONTACT_TO_RUN_TRANSITION_OR_GAME_CONTEXT,hp_to_1b_福田周平_2022_3.69,EXACT_OR_NOT_APPLICABLE,false,,セーフティ/プッシュバント。通常スイングより0.数秒短くなり得るため走力アンカー禁止。
R00328,藤原恭大,藤原恭大,千葉ロッテマリーンズ,,2023,2023,HP_TO_1B_SECONDS,3.9,seconds,reported_hp_to_1b_unspecified_origin,swing_or_bunt_to_run,normal_swing,2023年3月30日～5月14日、投手のグラブに当たって後方へ転がった打球の内野安打,GAME_CONTEXT_NOT_COHORT,curated_homeplate_to_first_20260809,medium,パ・リーグ.com,https://pacificleague.com/news/50792,CONTEXT_ONLY,tier_c_contextual,CANONICAL_SOURCE_RECORD,false,REJECTED_CONTEXT_ONLY,REJECTED_CONTACT_TO_RUN_TRANSITION_OR_GAME_CONTEXT,hp_to_1b_藤原恭大_2023_3.9,EXACT_OR_NOT_APPLICABLE,false,,通常打撃の一塁到達。打撃→走行移行と打席左右が混ざるためT90直接値にはしない。
R00329,茶野篤政,茶野篤政,オリックス・バファローズ,,2023,2023,HP_TO_1B_SECONDS,3.88,seconds,reported_hp_to_1b_unspecified_origin,swing_or_bunt_to_run,normal_swing,2023年3月30日～5月14日、内野安打の一塁到達,GAME_CONTEXT_NOT_COHORT,curated_homeplate_to_first_20260809,medium,パ・リーグ.com,https://pacificleague.com/news/50792,CONTEXT_ONLY,tier_c_contextual,CANONICAL_SOURCE_RECORD,false,REJECTED_CONTEXT_ONLY,REJECTED_CONTACT_TO_RUN_TRANSITION_OR_GAME_CONTEXT,hp_to_1b_茶野篤政_2023_3.88,EXACT_OR_NOT_APPLICABLE,false,,通常打撃の一塁到達。打撃→走行移行と打席左右が混ざるためT90直接値にはしない。
R00330,和田康士朗,和田康士朗,千葉ロッテマリーンズ,,2023,2023,HP_TO_1B_SECONDS,3.85,seconds,reported_hp_to_1b_unspecified_origin,swing_or_bunt_to_run,normal_swing,2023年3月30日～5月14日、内野安打の一塁到達,GAME_CONTEXT_NOT_COHORT,curated_homeplate_to_first_20260809,medium,パ・リーグ.com,https://pacificleague.com/news/50792,CONTEXT_ONLY,tier_c_contextual,CANONICAL_SOURCE_RECORD,false,REJECTED_CONTEXT_ONLY,REJECTED_CONTACT_TO_RUN_TRANSITION_OR_GAME_CONTEXT,hp_to_1b_和田康士朗_2023_3.85,EXACT_OR_NOT_APPLICABLE,false,,通常打撃の一塁到達。打撃→走行移行と打席左右が混ざるためT90直接値にはしない。
R00331,周東佑京,周東佑京,福岡ソフトバンクホークス,,2023,2023,HP_TO_1B_SECONDS,3.83,seconds,reported_hp_to_1b_unspecified_origin,swing_or_bunt_to_run,normal_swing,2023年3月30日～5月14日、打ち損ねのゴロを反射的に走り出した内野安打,GAME_CONTEXT_NOT_COHORT,curated_homeplate_to_first_20260809,medium,パ・リーグ.com,https://pacificleague.com/news/50792,CONTEXT_ONLY,tier_c_contextual,CANONICAL_SOURCE_RECORD,false,REJECTED_CONTEXT_ONLY,REJECTED_CONTACT_TO_RUN_TRANSITION_OR_GAME_CONTEXT,hp_to_1b_周東佑京_2023_3.83,EXACT_OR_NOT_APPLICABLE,false,,通常打撃の一塁到達。打撃→走行移行と打席左右が混ざるためT90直接値にはしない。
R00332,周東佑京,周東佑京,福岡ソフトバンクホークス,,2023,2023,HP_TO_1B_SECONDS,3.77,seconds,reported_hp_to_1b_unspecified_origin,swing_or_bunt_to_run,normal_swing,2023年3月30日～5月14日、内野安打の一塁到達,GAME_CONTEXT_NOT_COHORT,curated_homeplate_to_first_20260809,medium,パ・リーグ.com,https://pacificleague.com/news/50792,CONTEXT_ONLY,tier_c_contextual,CANONICAL_SOURCE_RECORD,false,REJECTED_CONTEXT_ONLY,REJECTED_CONTACT_TO_RUN_TRANSITION_OR_GAME_CONTEXT,hp_to_1b_周東佑京_2023_3.77,EXACT_OR_NOT_APPLICABLE,false,,通常打撃の一塁到達。打撃→走行移行と打席左右が混ざるためT90直接値にはしない。
R00333,小深田大翔,小深田大翔,東北楽天ゴールデンイーグルス,,2023,2023,HP_TO_1B_SECONDS,3.66,seconds,reported_hp_to_1b_unspecified_origin,swing_or_bunt_to_run,bunt,2023年3月30日～5月14日、左打者のセーフティーバント,GAME_CONTEXT_NOT_COHORT,curated_homeplate_to_first_20260809,medium,パ・リーグ.com,https://pacificleague.com/news/50792,CONTEXT_ONLY,exclude_from_speed,CANONICAL_SOURCE_RECORD,false,REJECTED_CONTEXT_ONLY,REJECTED_CONTACT_TO_RUN_TRANSITION_OR_GAME_CONTEXT,hp_to_1b_小深田大翔_2023_3.66,EXACT_OR_NOT_APPLICABLE,false,,セーフティ/プッシュバント。通常スイングより0.数秒短くなり得るため走力アンカー禁止。
R00334,江越大賀,江越大賀,北海道日本ハムファイターズ,,2023,2023,HP_TO_1B_SECONDS,4,seconds,reported_hp_to_1b_unspecified_origin,swing_or_bunt_to_run,normal_swing,2023年3月30日～5月14日、右打者の内野安打一塁到達,GAME_CONTEXT_NOT_COHORT,curated_homeplate_to_first_20260809,medium,パ・リーグ.com,https://pacificleague.com/news/50792,CONTEXT_ONLY,tier_c_contextual,CANONICAL_SOURCE_RECORD,false,REJECTED_CONTEXT_ONLY,REJECTED_CONTACT_TO_RUN_TRANSITION_OR_GAME_CONTEXT,hp_to_1b_江越大賀_2023_4,EXACT_OR_NOT_APPLICABLE,false,,通常打撃の一塁到達。打撃→走行移行と打席左右が混ざるためT90直接値にはしない。
R00335,小郷裕哉,小郷裕哉,東北楽天ゴールデンイーグルス,,2024,2024,HP_TO_1B_SECONDS,3.84,seconds,reported_hp_to_1b_unspecified_origin,swing_or_bunt_to_run,normal_swing,2024年開幕～4月30日、体勢を崩されながら打った内野安打,GAME_CONTEXT_NOT_COHORT,curated_homeplate_to_first_20260809,medium,パ・リーグ.com,https://pacificleague.com/news/61236,CONTEXT_ONLY,tier_c_contextual,CANONICAL_SOURCE_RECORD,false,REJECTED_CONTEXT_ONLY,REJECTED_CONTACT_TO_RUN_TRANSITION_OR_GAME_CONTEXT,hp_to_1b_小郷裕哉_2024_3.84,EXACT_OR_NOT_APPLICABLE,false,,通常打撃の一塁到達。打撃→走行移行と打席左右が混ざるためT90直接値にはしない。
R00336,周東佑京,周東佑京,福岡ソフトバンクホークス,,2024,2024,HP_TO_1B_SECONDS,3.81,seconds,reported_hp_to_1b_unspecified_origin,swing_or_bunt_to_run,normal_swing,2024年開幕～4月30日、一二塁間のゴロで投手との競走になった内野安打,GAME_CONTEXT_NOT_COHORT,curated_homeplate_to_first_20260809,medium,パ・リーグ.com,https://pacificleague.com/news/61236,CONTEXT_ONLY,tier_c_contextual,CANONICAL_SOURCE_RECORD,false,REJECTED_CONTEXT_ONLY,REJECTED_CONTACT_TO_RUN_TRANSITION_OR_GAME_CONTEXT,hp_to_1b_周東佑京_2024_3.81,EXACT_OR_NOT_APPLICABLE,false,,通常打撃の一塁到達。打撃→走行移行と打席左右が混ざるためT90直接値にはしない。
R00337,周東佑京,周東佑京,福岡ソフトバンクホークス,,2024,2024,HP_TO_1B_SECONDS,3.8,seconds,reported_hp_to_1b_unspecified_origin,swing_or_bunt_to_run,normal_swing,2024年開幕～4月30日、二塁手から一塁カバー投手へのトスと競走になった内野安打,GAME_CONTEXT_NOT_COHORT,curated_homeplate_to_first_20260809,medium,パ・リーグ.com,https://pacificleague.com/news/61236,CONTEXT_ONLY,tier_c_contextual,CANONICAL_SOURCE_RECORD,false,REJECTED_CONTEXT_ONLY,REJECTED_CONTACT_TO_RUN_TRANSITION_OR_GAME_CONTEXT,hp_to_1b_周東佑京_2024_3.8,EXACT_OR_NOT_APPLICABLE,false,,通常打撃の一塁到達。打撃→走行移行と打席左右が混ざるためT90直接値にはしない。
R00338,源田壮亮,源田壮亮,埼玉西武ライオンズ,,2024,2024,HP_TO_1B_SECONDS,3.77,seconds,reported_hp_to_1b_unspecified_origin,swing_or_bunt_to_run,normal_swing,2024年開幕～4月30日、投手の右側を抜いたゴロの内野安打,GAME_CONTEXT_NOT_COHORT,curated_homeplate_to_first_20260809,medium,パ・リーグ.com,https://pacificleague.com/news/61236,CONTEXT_ONLY,tier_c_contextual,CANONICAL_SOURCE_RECORD,false,REJECTED_CONTEXT_ONLY,REJECTED_CONTACT_TO_RUN_TRANSITION_OR_GAME_CONTEXT,hp_to_1b_源田壮亮_2024_3.77,EXACT_OR_NOT_APPLICABLE,false,,通常打撃の一塁到達。打撃→走行移行と打席左右が混ざるためT90直接値にはしない。
R00339,周東佑京,周東佑京,福岡ソフトバンクホークス,,2024,2024,HP_TO_1B_SECONDS,3.75,seconds,reported_hp_to_1b_unspecified_origin,swing_or_bunt_to_run,normal_swing,2024年開幕～4月30日、内野安打の一塁到達,GAME_CONTEXT_NOT_COHORT,curated_homeplate_to_first_20260809,medium,パ・リーグ.com,https://pacificleague.com/news/61236,CONTEXT_ONLY,tier_c_contextual,CANONICAL_SOURCE_RECORD,false,REJECTED_CONTEXT_ONLY,REJECTED_CONTACT_TO_RUN_TRANSITION_OR_GAME_CONTEXT,hp_to_1b_周東佑京_2024_3.75,EXACT_OR_NOT_APPLICABLE,false,,通常打撃の一塁到達。打撃→走行移行と打席左右が混ざるためT90直接値にはしない。
R00340,外崎修汰,外崎修汰,埼玉西武ライオンズ,,2024,2024,HP_TO_1B_SECONDS,4.13,seconds,reported_hp_to_1b_unspecified_origin,swing_or_bunt_to_run,normal_swing,2024年開幕～4月30日、右打者の内野安打一塁到達,GAME_CONTEXT_NOT_COHORT,curated_homeplate_to_first_20260809,medium,パ・リーグ.com,https://pacificleague.com/news/61236,CONTEXT_ONLY,tier_c_contextual,CANONICAL_SOURCE_RECORD,false,REJECTED_CONTEXT_ONLY,REJECTED_CONTACT_TO_RUN_TRANSITION_OR_GAME_CONTEXT,hp_to_1b_外崎修汰_2024_4.13,EXACT_OR_NOT_APPLICABLE,false,,通常打撃の一塁到達。打撃→走行移行と打席左右が混ざるためT90直接値にはしない。
R00341,周東佑京,周東佑京,福岡ソフトバンクホークス,,2024,2024,HP_TO_1B_SECONDS,3.4,seconds,reported_hp_to_1b_unspecified_origin,swing_or_bunt_to_run,bunt,2024年開幕～4月30日、三塁線へのセーフティーバント,GAME_CONTEXT_NOT_COHORT,curated_homeplate_to_first_20260809,medium,パ・リーグ.com,https://pacificleague.com/news/61236,CONTEXT_ONLY,exclude_from_speed,CANONICAL_SOURCE_RECORD,false,REJECTED_CONTEXT_ONLY,REJECTED_CONTACT_TO_RUN_TRANSITION_OR_GAME_CONTEXT,hp_to_1b_周東佑京_2024_3.4,EXACT_OR_NOT_APPLICABLE,false,,セーフティ/プッシュバント。通常スイングより0.数秒短くなり得るため走力アンカー禁止。
R00342,辰己涼介,辰己涼介,東北楽天ゴールデンイーグルス,,2018,2018,HP_TO_1B_SECONDS,3.47,seconds,reported_hp_to_1b_unspecified_origin,swing_or_bunt_to_run,bunt,2018年6月11日全日本大学野球選手権、セーフティーバントの一塁到達,GAME_CONTEXT_NOT_COHORT,curated_homeplate_to_first_20260809,medium,スポーツ報知,https://hochi.news/articles/20181103-OHT1T50032.html,CONTEXT_ONLY,exclude_from_speed,CANONICAL_SOURCE_RECORD,false,REJECTED_CONTEXT_ONLY,REJECTED_CONTACT_TO_RUN_TRANSITION_OR_GAME_CONTEXT,hp_to_1b_辰己涼介_2018_3.47,EXACT_OR_NOT_APPLICABLE,false,,セーフティ/プッシュバント。通常スイングより0.数秒短くなり得るため走力アンカー禁止。
R00343,重信慎之介,重信慎之介,読売ジャイアンツ,,2015,2015,HP_TO_1B_SECONDS,3.7,seconds,reported_hp_to_1b_unspecified_origin,swing_or_bunt_to_run,unknown,2015年ドラフト時、早稲田大学での一塁到達平均タイム,GAME_CONTEXT_NOT_COHORT,curated_homeplate_to_first_20260809,medium,スポニチアネックス,https://www.sponichi.co.jp/baseball/news/2015/10/23/kiji/K20151023011370860.html,CONTEXT_ONLY,exclude_until_context_known,CANONICAL_SOURCE_RECORD,false,REJECTED_CONTEXT_ONLY,REJECTED_CONTACT_TO_RUN_TRANSITION_OR_GAME_CONTEXT,hp_to_1b_重信慎之介_2015_3.7,EXACT_OR_NOT_APPLICABLE,false,,打撃形態/計測条件が不明。条件が確認できるまで使用しない。
R00344,大谷翔平,大谷翔平,北海道日本ハムファイターズ,,2016,2016,HP_TO_1B_SECONDS,3.8,seconds,reported_hp_to_1b_unspecified_origin,swing_or_bunt_to_run,normal_swing,2016年6月29日西武戦3回、一塁内野安打,GAME_CONTEXT_NOT_COHORT,curated_homeplate_to_first_20260809,medium,スポニチアネックス,https://www.sponichi.co.jp/baseball/news/2016/07/29/kiji/K20160729013056180.html,CONTEXT_ONLY,tier_c_contextual,CANONICAL_SOURCE_RECORD,false,REJECTED_CONTEXT_ONLY,REJECTED_CONTACT_TO_RUN_TRANSITION_OR_GAME_CONTEXT,hp_to_1b_大谷翔平_2016_3.8,EXACT_OR_NOT_APPLICABLE,false,,通常打撃の一塁到達。打撃→走行移行と打席左右が混ざるためT90直接値にはしない。
R00345,大谷翔平,大谷翔平,北海道日本ハムファイターズ,,2016,2016,HP_TO_1B_SECONDS,3.84,seconds,reported_hp_to_1b_unspecified_origin,swing_or_bunt_to_run,normal_swing,2016年7月27日西武戦9回、遊撃適時内野安打,GAME_CONTEXT_NOT_COHORT,curated_homeplate_to_first_20260809,medium,スポニチアネックス,https://www.sponichi.co.jp/baseball/news/2016/07/29/kiji/K20160729013056180.html,CONTEXT_ONLY,tier_c_contextual,CANONICAL_SOURCE_RECORD,false,REJECTED_CONTEXT_ONLY,REJECTED_CONTACT_TO_RUN_TRANSITION_OR_GAME_CONTEXT,hp_to_1b_大谷翔平_2016_3.84,EXACT_OR_NOT_APPLICABLE,false,,通常打撃の一塁到達。打撃→走行移行と打席左右が混ざるためT90直接値にはしない。
R00346,岡田幸文,岡田幸文,千葉ロッテマリーンズ,,2016,2016,HP_TO_1B_SECONDS,3.77,seconds,reported_hp_to_1b_unspecified_origin,swing_or_bunt_to_run,normal_swing,2016年7月までにパ・リーグTVが特集した内野安打一塁到達,GAME_CONTEXT_NOT_COHORT,curated_homeplate_to_first_20260809,medium,スポニチアネックス,https://www.sponichi.co.jp/baseball/news/2016/07/29/kiji/K20160729013056180.html,CONTEXT_ONLY,tier_c_contextual,CANONICAL_SOURCE_RECORD,false,REJECTED_CONTEXT_ONLY,REJECTED_CONTACT_TO_RUN_TRANSITION_OR_GAME_CONTEXT,hp_to_1b_岡田幸文_2016_3.77,EXACT_OR_NOT_APPLICABLE,false,,通常打撃の一塁到達。打撃→走行移行と打席左右が混ざるためT90直接値にはしない。
R00347,並木秀尊,並木秀尊,,,2019,2019,50m,5.32,seconds,special_first_step_start,protocol_mismatch,大学日本代表候補合宿。1歩目を踏み出してから計測開始する変則ルール。,outlier_context_20260809,NOT_COMPARABLE,outlier_short_distance_context_20260809,B_OR_C_CONTEXTUAL,日刊スポーツ,https://www.nikkansports.com/baseball/news/202306230001335.html,EXCLUDED_OUTLIER_OR_PROTOCOL_MISMATCH,,CANONICAL_SOURCE_RECORD,false,REJECTED_PROTOCOL,REJECTED_PROTOCOL_OR_DISTANCE_MISMATCH,outlier_並木秀尊_2019_5.32,EXACT_OR_NOT_APPLICABLE,false,,false
R00348,並木秀尊,並木秀尊,,,2022,2022,50m,6.06,seconds,tv_50m_protocol_unspecified,not_publicly_documented,超プロ野球ULTRA収録で計測。記事では通常の50m走として紹介されるが、光電管・スタート規則等は不明。,outlier_context_20260809,NOT_COMPARABLE,outlier_short_distance_context_20260809,B_OR_C_CONTEXTUAL,日刊スポーツ,https://www.nikkansports.com/baseball/news/202306230001335.html,EXCLUDED_OUTLIER_OR_PROTOCOL_MISMATCH,,CANONICAL_SOURCE_RECORD,false,REJECTED_PROTOCOL,REJECTED_PROTOCOL_OR_DISTANCE_MISMATCH,outlier_並木秀尊_2022_6.06,EXACT_OR_NOT_APPLICABLE,false,,false
R00349,小園海斗,小園海斗,,,,UNKNOWN,50m,,seconds,scouting_profile_protocol_unspecified,not_publicly_documented,高校時代の紹介値。2016年記事では本人が最速5.9〜6.0秒、2018年記事は5.9秒、2019年記事は5.8秒と表記に幅がある。,outlier_context_20260809,NOT_COMPARABLE,outlier_short_distance_context_20260809,B_OR_C_CONTEXTUAL,スポーツナビ,,EXCLUDED_OUTLIER_OR_PROTOCOL_MISMATCH,,CANONICAL_SOURCE_RECORD,false,REJECTED_PROTOCOL,REJECTED_PROTOCOL_OR_DISTANCE_MISMATCH,outlier_小園海斗_null_undefined,EXACT_OR_NOT_APPLICABLE,false,,false
R00350,矢野雅哉,矢野雅哉,,,,UNKNOWN,50m,5.9,seconds,scouting_profile_protocol_unspecified,not_publicly_documented,選手紹介で50m5.9秒。測定年・計時方式は記事から特定できない。,outlier_context_20260809,NOT_COMPARABLE,outlier_short_distance_context_20260809,B_OR_C_CONTEXTUAL,日刊スポーツ,https://www.nikkansports.com/baseball/news/202208160001089.html,EXCLUDED_OUTLIER_OR_PROTOCOL_MISMATCH,,CANONICAL_SOURCE_RECORD,false,REJECTED_PROTOCOL,REJECTED_PROTOCOL_OR_DISTANCE_MISMATCH,outlier_矢野雅哉_null_5.9,EXACT_OR_NOT_APPLICABLE,false,,false
R00351,村林一輝,村林一輝,,,2015,2015,50m,6.2,seconds,scouting_profile_protocol_unspecified,not_publicly_documented,高校時代のドラフト紹介。50m6.2秒・遠投110m。,outlier_context_20260809,NOT_COMPARABLE,outlier_short_distance_context_20260809,B_OR_C_CONTEXTUAL,週刊ベースボールONLINE,https://column.sp.baseball.findfriends.jp/?id=055-20151207-01&pid=column_detail,EXCLUDED_OUTLIER_OR_PROTOCOL_MISMATCH,,CANONICAL_SOURCE_RECORD,false,REJECTED_PROTOCOL,REJECTED_PROTOCOL_OR_DISTANCE_MISMATCH,outlier_村林一輝_2015_6.2,EXACT_OR_NOT_APPLICABLE,false,,false
R00352,細川成也,細川成也,,,,UNKNOWN,50m,6.2,seconds,scouting_profile_protocol_unspecified,not_publicly_documented,高卒新人期の紹介で50m6.2秒。測定年・計時方式は特定できない。,outlier_context_20260809,NOT_COMPARABLE,outlier_short_distance_context_20260809,B_OR_C_CONTEXTUAL,BASEBALL KING,https://baseballking.jp/ns/134127/,EXCLUDED_OUTLIER_OR_PROTOCOL_MISMATCH,,CANONICAL_SOURCE_RECORD,false,REJECTED_PROTOCOL,REJECTED_PROTOCOL_OR_DISTANCE_MISMATCH,outlier_細川成也_null_6.2,EXACT_OR_NOT_APPLICABLE,false,,false
R00353,赤星憲広,赤星憲広,,,,UNKNOWN,HP_TO_1B_FASTEST_SEC,3.74,seconds,過去最速値として後年記事が引用,not_anchor_eligible,過去最速値として後年記事が引用,QA-S07,QA_ONLY,historical_speed_qa_20260809,tier_c_qa_only,デイリースポーツ,https://www.daily.co.jp/tigers/2017/10/31/0010691130.shtml,QA_CONTEXT_ONLY,,CANONICAL_SOURCE_RECORD,false,REJECTED_QA_ONLY,REJECTED_HISTORICAL_QA_CONTEXT_NOT_ANCHOR,QA-S07_赤星憲広_hp_to_1b_fastest_sec,EXACT_OR_NOT_APPLICABLE,false,,接触→一塁の最速値であり、T90直接値ではない。
R00354,イチロー,イチロー,,,2001,2001,HP_TO_1B_AVG_SEC,3.7,seconds,MLB1年目当時の平均として2019年記事が記載,not_anchor_eligible,MLB1年目当時の平均として2019年記事が記載,QA-S08,QA_ONLY,historical_speed_qa_20260809,tier_c_qa_only,日刊スポーツ,https://www.nikkansports.com/baseball/mlb/news/201903090000463.html,QA_CONTEXT_ONLY,,CANONICAL_SOURCE_RECORD,false,REJECTED_QA_ONLY,REJECTED_HISTORICAL_QA_CONTEXT_NOT_ANCHOR,QA-S08_イチロー_hp_to_1b_avg_sec,EXACT_OR_NOT_APPLICABLE,false,,平均一塁到達で安定情報はあるが、打撃→走行移行と左打席距離が混ざる。
R00355,イチロー,イチロー,,,2019,2019,HP_TO_1B_SEC,3.88,seconds,オープン戦二ゴロ、全力疾走。テレビ局計測。,not_anchor_eligible,オープン戦二ゴロ、全力疾走。テレビ局計測。,QA-S08,QA_ONLY,historical_speed_qa_20260809,tier_c_qa_only,日刊スポーツ,https://www.nikkansports.com/baseball/mlb/news/201903090000463.html,QA_CONTEXT_ONLY,,CANONICAL_SOURCE_RECORD,false,REJECTED_QA_ONLY,REJECTED_HISTORICAL_QA_CONTEXT_NOT_ANCHOR,QA-S08_イチロー_hp_to_1b_sec,EXACT_OR_NOT_APPLICABLE,false,,
R00356,周東佑京,周東佑京,,,2023,2023,EVENT_MAX_SPEED_FTPS,30.4,ft_per_second_or_kmh_as_published,WBC準決勝メキシコ戦、村上の二塁打で一塁から生還した走塁。Statcast担当者によるイベント速度。,not_anchor_eligible,WBC準決勝メキシコ戦、村上の二塁打で一塁から生還した走塁。Statcast担当者によるイベント速度。,QA-S09,QA_ONLY,historical_speed_qa_20260809,tier_b_qa_only,Full-Count,https://full-count.jp/2023/03/21/post1354277/,QA_CONTEXT_ONLY,,CANONICAL_SOURCE_RECORD,false,REJECTED_QA_ONLY,REJECTED_HISTORICAL_QA_CONTEXT_NOT_ANCHOR,QA-S09_周東佑京_event_max_speed_ftps,EXACT_OR_NOT_APPLICABLE,false,,イベント単発の最大速度であり、MLB季節Sprint Speed（上位約2/3平均）とは別定義。
R00357,周東佑京,周東佑京,,,2026,2026,NPB_PLUS_TOP_SPEED_KMH,35,ft_per_second_or_kmh_as_published,qa_context,not_anchor_eligible,not_publicly_documented,QA-S09,QA_ONLY,historical_speed_qa_20260809,tier_b_direct_evidence,NPB+手動収集,,QA_CONTEXT_ONLY,,CANONICAL_SOURCE_RECORD,false,REJECTED_QA_ONLY,REJECTED_HISTORICAL_QA_CONTEXT_NOT_ANCHOR,QA-S09_周東佑京_npb_plus_top_speed_kmh,EXACT_OR_NOT_APPLICABLE,false,,
R00358,周東佑京,周東佑京,,,2024,2024,HP_TO_1B_NORMAL_SEC,3.75,seconds,通常スイングの内野安打,not_anchor_eligible,通常スイングの内野安打,QA-S09,QA_ONLY,historical_speed_qa_20260809,tier_c_qa_only,,,QA_CONTEXT_ONLY,,CANONICAL_SOURCE_RECORD,false,REJECTED_QA_ONLY,REJECTED_HISTORICAL_QA_CONTEXT_NOT_ANCHOR,QA-S09_周東佑京_hp_to_1b_normal_sec,EXACT_OR_NOT_APPLICABLE,false,,
R00359,周東佑京,周東佑京,,,2024,2024,HP_TO_1B_BUNT_SEC,3.4,seconds,セーフティバント,not_anchor_eligible,セーフティバント,QA-S09,QA_ONLY,historical_speed_qa_20260809,exclude_from_speed,,,QA_CONTEXT_ONLY,,CANONICAL_SOURCE_RECORD,false,REJECTED_QA_ONLY,REJECTED_HISTORICAL_QA_CONTEXT_NOT_ANCHOR,QA-S09_周東佑京_hp_to_1b_bunt_sec,EXACT_OR_NOT_APPLICABLE,false,,
R00360,中川 圭太,中川 圭太,オリックス・バファローズ,2026 season snapshot,2026,2026,NPB_PLUS_SPRINT_SPEED_KMH,32.6,km_per_hour,NPB+ published sprint-speed field,NPB+ public definition; detailed qualified-run count not published,in-game tracking aggregate,npb_plus_2026_current_roster_100,100_OF_100_TARGET_ROSTER_ROWS,npb_plus_sprint_exposure_2026,B_CURRENT_ORDINAL_SAMPLE_COUNT_NOT_PUBLISHED,NPB+ local measurement table; NPB official individual batting pages; existing PBP-derived proxy tables from Nippon Baseball Data Repository data,https://www.japan-baseball.jp/npb-plus/;https://npb.jp/bis/2026/stats/idb1_b.html;https://npb.jp/bis/2025/stats/idb1_b.html;https://github.com/armstjc/Nippon-Baseball-Data-Repository,CURRENT_BASEBALL_SPEED,,CANONICAL_SOURCE_RECORD,false,ACCEPTED_MODERATE_CURRENT_ORDINAL,,npb_plus_2026_中川圭太,EXACT_OR_NOT_APPLICABLE,true,A0114,Current 2026 ordinal anchor only. Missing published sample and qualified-run counts prevent high-confidence calibration or a cross-system unit bridge.
R00361,太田 椋,太田 椋,オリックス・バファローズ,2026 season snapshot,2026,2026,NPB_PLUS_SPRINT_SPEED_KMH,31.7,km_per_hour,NPB+ published sprint-speed field,NPB+ public definition; detailed qualified-run count not published,in-game tracking aggregate,npb_plus_2026_current_roster_100,100_OF_100_TARGET_ROSTER_ROWS,npb_plus_sprint_exposure_2026,B_CURRENT_ORDINAL_SAMPLE_COUNT_NOT_PUBLISHED,NPB+ local measurement table; NPB official individual batting pages; existing PBP-derived proxy tables from Nippon Baseball Data Repository data,https://www.japan-baseball.jp/npb-plus/;https://npb.jp/bis/2026/stats/idb1_b.html;https://npb.jp/bis/2025/stats/idb1_b.html;https://github.com/armstjc/Nippon-Baseball-Data-Repository,CURRENT_BASEBALL_SPEED,,CANONICAL_SOURCE_RECORD,false,ACCEPTED_MODERATE_CURRENT_ORDINAL,,npb_plus_2026_太田椋,EXACT_OR_NOT_APPLICABLE,true,A0115,Current 2026 ordinal anchor only. Missing published sample and qualified-run counts prevent high-confidence calibration or a cross-system unit bridge.
R00362,宗 佑磨,宗 佑磨,オリックス・バファローズ,2026 season snapshot,2026,2026,NPB_PLUS_SPRINT_SPEED_KMH,31.9,km_per_hour,NPB+ published sprint-speed field,NPB+ public definition; detailed qualified-run count not published,in-game tracking aggregate,npb_plus_2026_current_roster_100,100_OF_100_TARGET_ROSTER_ROWS,npb_plus_sprint_exposure_2026,B_CURRENT_ORDINAL_SAMPLE_COUNT_NOT_PUBLISHED,NPB+ local measurement table; NPB official individual batting pages; existing PBP-derived proxy tables from Nippon Baseball Data Repository data,https://www.japan-baseball.jp/npb-plus/;https://npb.jp/bis/2026/stats/idb1_b.html;https://npb.jp/bis/2025/stats/idb1_b.html;https://github.com/armstjc/Nippon-Baseball-Data-Repository,CURRENT_BASEBALL_SPEED,,CANONICAL_SOURCE_RECORD,false,ACCEPTED_MODERATE_CURRENT_ORDINAL,,npb_plus_2026_宗佑磨,EXACT_OR_NOT_APPLICABLE,true,A0116,Current 2026 ordinal anchor only. Missing published sample and qualified-run counts prevent high-confidence calibration or a cross-system unit bridge.
R00363,来田 涼斗,来田 涼斗,オリックス・バファローズ,2026 season snapshot,2026,2026,NPB_PLUS_SPRINT_SPEED_KMH,32.4,km_per_hour,NPB+ published sprint-speed field,NPB+ public definition; detailed qualified-run count not published,in-game tracking aggregate,npb_plus_2026_current_roster_100,100_OF_100_TARGET_ROSTER_ROWS,npb_plus_sprint_exposure_2026,B_CURRENT_ORDINAL_SAMPLE_COUNT_NOT_PUBLISHED,NPB+ local measurement table; NPB official individual batting pages; existing PBP-derived proxy tables from Nippon Baseball Data Repository data,https://www.japan-baseball.jp/npb-plus/;https://npb.jp/bis/2026/stats/idb1_b.html;https://npb.jp/bis/2025/stats/idb1_b.html;https://github.com/armstjc/Nippon-Baseball-Data-Repository,CURRENT_BASEBALL_SPEED,,CANONICAL_SOURCE_RECORD,false,ACCEPTED_MODERATE_CURRENT_ORDINAL,,npb_plus_2026_来田涼斗,EXACT_OR_NOT_APPLICABLE,true,A0117,Current 2026 ordinal anchor only. Missing published sample and qualified-run counts prevent high-confidence calibration or a cross-system unit bridge.
R00364,森 友哉,森 友哉,オリックス・バファローズ,2026 season snapshot,2026,2026,NPB_PLUS_SPRINT_SPEED_KMH,31.2,km_per_hour,NPB+ published sprint-speed field,NPB+ public definition; detailed qualified-run count not published,in-game tracking aggregate,npb_plus_2026_current_roster_100,100_OF_100_TARGET_ROSTER_ROWS,npb_plus_sprint_exposure_2026,B_CURRENT_ORDINAL_SAMPLE_COUNT_NOT_PUBLISHED,NPB+ local measurement table; NPB official individual batting pages; existing PBP-derived proxy tables from Nippon Baseball Data Repository data,https://www.japan-baseball.jp/npb-plus/;https://npb.jp/bis/2026/stats/idb1_b.html;https://npb.jp/bis/2025/stats/idb1_b.html;https://github.com/armstjc/Nippon-Baseball-Data-Repository,CURRENT_BASEBALL_SPEED,,CANONICAL_SOURCE_RECORD,false,ACCEPTED_MODERATE_CURRENT_ORDINAL,,npb_plus_2026_森友哉,EXACT_OR_NOT_APPLICABLE,true,A0118,Current 2026 ordinal anchor only. Missing published sample and qualified-run counts prevent high-confidence calibration or a cross-system unit bridge.
R00365,紅林 弘太郎,紅林 弘太郎,オリックス・バファローズ,2026 season snapshot,2026,2026,NPB_PLUS_SPRINT_SPEED_KMH,30.7,km_per_hour,NPB+ published sprint-speed field,NPB+ public definition; detailed qualified-run count not published,in-game tracking aggregate,npb_plus_2026_current_roster_100,100_OF_100_TARGET_ROSTER_ROWS,npb_plus_sprint_exposure_2026,B_CURRENT_ORDINAL_SAMPLE_COUNT_NOT_PUBLISHED,NPB+ local measurement table; NPB official individual batting pages; existing PBP-derived proxy tables from Nippon Baseball Data Repository data,https://www.japan-baseball.jp/npb-plus/;https://npb.jp/bis/2026/stats/idb1_b.html;https://npb.jp/bis/2025/stats/idb1_b.html;https://github.com/armstjc/Nippon-Baseball-Data-Repository,CURRENT_BASEBALL_SPEED,,CANONICAL_SOURCE_RECORD,false,ACCEPTED_MODERATE_CURRENT_ORDINAL,,npb_plus_2026_紅林弘太郎,EXACT_OR_NOT_APPLICABLE,true,A0119,Current 2026 ordinal anchor only. Missing published sample and qualified-run counts prevent high-confidence calibration or a cross-system unit bridge.
R00366,若月 健矢,若月 健矢,オリックス・バファローズ,2026 season snapshot,2026,2026,NPB_PLUS_SPRINT_SPEED_KMH,30.7,km_per_hour,NPB+ published sprint-speed field,NPB+ public definition; detailed qualified-run count not published,in-game tracking aggregate,npb_plus_2026_current_roster_100,100_OF_100_TARGET_ROSTER_ROWS,npb_plus_sprint_exposure_2026,B_CURRENT_ORDINAL_SAMPLE_COUNT_NOT_PUBLISHED,NPB+ local measurement table; NPB official individual batting pages; existing PBP-derived proxy tables from Nippon Baseball Data Repository data,https://www.japan-baseball.jp/npb-plus/;https://npb.jp/bis/2026/stats/idb1_b.html;https://npb.jp/bis/2025/stats/idb1_b.html;https://github.com/armstjc/Nippon-Baseball-Data-Repository,CURRENT_BASEBALL_SPEED,,CANONICAL_SOURCE_RECORD,false,ACCEPTED_MODERATE_CURRENT_ORDINAL,,npb_plus_2026_若月健矢,EXACT_OR_NOT_APPLICABLE,true,A0120,Current 2026 ordinal anchor only. Missing published sample and qualified-run counts prevent high-confidence calibration or a cross-system unit bridge.
R00367,西川 龍馬,西川 龍馬,オリックス・バファローズ,2026 season snapshot,2026,2026,NPB_PLUS_SPRINT_SPEED_KMH,31.1,km_per_hour,NPB+ published sprint-speed field,NPB+ public definition; detailed qualified-run count not published,in-game tracking aggregate,npb_plus_2026_current_roster_100,100_OF_100_TARGET_ROSTER_ROWS,npb_plus_sprint_exposure_2026,B_CURRENT_ORDINAL_SAMPLE_COUNT_NOT_PUBLISHED,NPB+ local measurement table; NPB official individual batting pages; existing PBP-derived proxy tables from Nippon Baseball Data Repository data,https://www.japan-baseball.jp/npb-plus/;https://npb.jp/bis/2026/stats/idb1_b.html;https://npb.jp/bis/2025/stats/idb1_b.html;https://github.com/armstjc/Nippon-Baseball-Data-Repository,CURRENT_BASEBALL_SPEED,,CANONICAL_SOURCE_RECORD,false,ACCEPTED_MODERATE_CURRENT_ORDINAL,,npb_plus_2026_西川龍馬,EXACT_OR_NOT_APPLICABLE,true,A0121,Current 2026 ordinal anchor only. Missing published sample and qualified-run counts prevent high-confidence calibration or a cross-system unit bridge.
R00368,西野 真弘,西野 真弘,オリックス・バファローズ,2026 season snapshot,2026,2026,NPB_PLUS_SPRINT_SPEED_KMH,31.6,km_per_hour,NPB+ published sprint-speed field,NPB+ public definition; detailed qualified-run count not published,in-game tracking aggregate,npb_plus_2026_current_roster_100,100_OF_100_TARGET_ROSTER_ROWS,npb_plus_sprint_exposure_2026,B_CURRENT_ORDINAL_SAMPLE_COUNT_NOT_PUBLISHED,NPB+ local measurement table; NPB official individual batting pages; existing PBP-derived proxy tables from Nippon Baseball Data Repository data,https://www.japan-baseball.jp/npb-plus/;https://npb.jp/bis/2026/stats/idb1_b.html;https://npb.jp/bis/2025/stats/idb1_b.html;https://github.com/armstjc/Nippon-Baseball-Data-Repository,CURRENT_BASEBALL_SPEED,,CANONICAL_SOURCE_RECORD,false,ACCEPTED_MODERATE_CURRENT_ORDINAL,,npb_plus_2026_西野真弘,EXACT_OR_NOT_APPLICABLE,true,A0122,Current 2026 ordinal anchor only. Missing published sample and qualified-run counts prevent high-confidence calibration or a cross-system unit bridge.
R00369,カリステ,カリステ,中日ドラゴンズ,2026 season snapshot,2026,2026,NPB_PLUS_SPRINT_SPEED_KMH,31.3,km_per_hour,NPB+ published sprint-speed field,NPB+ public definition; detailed qualified-run count not published,in-game tracking aggregate,npb_plus_2026_current_roster_100,100_OF_100_TARGET_ROSTER_ROWS,npb_plus_sprint_exposure_2026,B_CURRENT_ORDINAL_SAMPLE_COUNT_NOT_PUBLISHED,NPB+ local measurement table; NPB official individual batting pages; existing PBP-derived proxy tables from Nippon Baseball Data Repository data,https://www.japan-baseball.jp/npb-plus/;https://npb.jp/bis/2026/stats/idb1_d.html;https://npb.jp/bis/2025/stats/idb1_d.html;https://github.com/armstjc/Nippon-Baseball-Data-Repository,CURRENT_BASEBALL_SPEED,,CANONICAL_SOURCE_RECORD,false,ACCEPTED_MODERATE_CURRENT_ORDINAL,,npb_plus_2026_カリステ,EXACT_OR_NOT_APPLICABLE,true,A0123,Current 2026 ordinal anchor only. Missing published sample and qualified-run counts prevent high-confidence calibration or a cross-system unit bridge.
R00370,土田 龍空,土田 龍空,中日ドラゴンズ,2026 season snapshot,2026,2026,NPB_PLUS_SPRINT_SPEED_KMH,31.2,km_per_hour,NPB+ published sprint-speed field,NPB+ public definition; detailed qualified-run count not published,in-game tracking aggregate,npb_plus_2026_current_roster_100,100_OF_100_TARGET_ROSTER_ROWS,npb_plus_sprint_exposure_2026,B_CURRENT_ORDINAL_SAMPLE_COUNT_NOT_PUBLISHED,NPB+ local measurement table; NPB official individual batting pages; existing PBP-derived proxy tables from Nippon Baseball Data Repository data,https://www.japan-baseball.jp/npb-plus/;https://npb.jp/bis/2026/stats/idb1_d.html;https://npb.jp/bis/2025/stats/idb1_d.html;https://github.com/armstjc/Nippon-Baseball-Data-Repository,CURRENT_BASEBALL_SPEED,,CANONICAL_SOURCE_RECORD,false,ACCEPTED_MODERATE_CURRENT_ORDINAL,,npb_plus_2026_土田龍空,EXACT_OR_NOT_APPLICABLE,true,A0124,Current 2026 ordinal anchor only. Missing published sample and qualified-run counts prevent high-confidence calibration or a cross-system unit bridge.
R00371,大島 洋平,大島 洋平,中日ドラゴンズ,2026 season snapshot,2026,2026,NPB_PLUS_SPRINT_SPEED_KMH,31.7,km_per_hour,NPB+ published sprint-speed field,NPB+ public definition; detailed qualified-run count not published,in-game tracking aggregate,npb_plus_2026_current_roster_100,100_OF_100_TARGET_ROSTER_ROWS,npb_plus_sprint_exposure_2026,B_CURRENT_ORDINAL_SAMPLE_COUNT_NOT_PUBLISHED,NPB+ local measurement table; NPB official individual batting pages; existing PBP-derived proxy tables from Nippon Baseball Data Repository data,https://www.japan-baseball.jp/npb-plus/;https://npb.jp/bis/2026/stats/idb1_d.html;https://npb.jp/bis/2025/stats/idb1_d.html;https://github.com/armstjc/Nippon-Baseball-Data-Repository,CURRENT_BASEBALL_SPEED,,CANONICAL_SOURCE_RECORD,false,ACCEPTED_MODERATE_CURRENT_ORDINAL,,npb_plus_2026_大島洋平,EXACT_OR_NOT_APPLICABLE,true,A0125,Current 2026 ordinal anchor only. Missing published sample and qualified-run counts prevent high-confidence calibration or a cross-system unit bridge.
R00372,岡林 勇希,岡林 勇希,中日ドラゴンズ,2026 season snapshot,2026,2026,NPB_PLUS_SPRINT_SPEED_KMH,32.5,km_per_hour,NPB+ published sprint-speed field,NPB+ public definition; detailed qualified-run count not published,in-game tracking aggregate,npb_plus_2026_current_roster_100,100_OF_100_TARGET_ROSTER_ROWS,npb_plus_sprint_exposure_2026,B_CURRENT_ORDINAL_SAMPLE_COUNT_NOT_PUBLISHED,NPB+ local measurement table; NPB official individual batting pages; existing PBP-derived proxy tables from Nippon Baseball Data Repository data,https://www.japan-baseball.jp/npb-plus/;https://npb.jp/bis/2026/stats/idb1_d.html;https://npb.jp/bis/2025/stats/idb1_d.html;https://github.com/armstjc/Nippon-Baseball-Data-Repository,CURRENT_BASEBALL_SPEED,,CANONICAL_SOURCE_RECORD,false,ACCEPTED_MODERATE_CURRENT_ORDINAL,,npb_plus_2026_岡林勇希,EXACT_OR_NOT_APPLICABLE,true,A0126,Current 2026 ordinal anchor only. Missing published sample and qualified-run counts prevent high-confidence calibration or a cross-system unit bridge.
R00373,木下 拓哉,木下 拓哉,中日ドラゴンズ,2026 season snapshot,2026,2026,NPB_PLUS_SPRINT_SPEED_KMH,29.4,km_per_hour,NPB+ published sprint-speed field,NPB+ public definition; detailed qualified-run count not published,in-game tracking aggregate,npb_plus_2026_current_roster_100,100_OF_100_TARGET_ROSTER_ROWS,npb_plus_sprint_exposure_2026,B_CURRENT_ORDINAL_SAMPLE_COUNT_NOT_PUBLISHED,NPB+ local measurement table; NPB official individual batting pages; existing PBP-derived proxy tables from Nippon Baseball Data Repository data,https://www.japan-baseball.jp/npb-plus/;https://npb.jp/bis/2026/stats/idb1_d.html;https://npb.jp/bis/2025/stats/idb1_d.html;https://github.com/armstjc/Nippon-Baseball-Data-Repository,CURRENT_BASEBALL_SPEED,,CANONICAL_SOURCE_RECORD,false,ACCEPTED_MODERATE_CURRENT_ORDINAL,,npb_plus_2026_木下拓哉,EXACT_OR_NOT_APPLICABLE,true,A0127,Current 2026 ordinal anchor only. Missing published sample and qualified-run counts prevent high-confidence calibration or a cross-system unit bridge.
R00374,村松 開人,村松 開人,中日ドラゴンズ,2026 season snapshot,2026,2026,NPB_PLUS_SPRINT_SPEED_KMH,33.4,km_per_hour,NPB+ published sprint-speed field,NPB+ public definition; detailed qualified-run count not published,in-game tracking aggregate,npb_plus_2026_current_roster_100,100_OF_100_TARGET_ROSTER_ROWS,npb_plus_sprint_exposure_2026,B_CURRENT_ORDINAL_SAMPLE_COUNT_NOT_PUBLISHED,NPB+ local measurement table; NPB official individual batting pages; existing PBP-derived proxy tables from Nippon Baseball Data Repository data,https://www.japan-baseball.jp/npb-plus/;https://npb.jp/bis/2026/stats/idb1_d.html;https://npb.jp/bis/2025/stats/idb1_d.html;https://github.com/armstjc/Nippon-Baseball-Data-Repository,CURRENT_BASEBALL_SPEED,,CANONICAL_SOURCE_RECORD,false,ACCEPTED_MODERATE_CURRENT_ORDINAL,,npb_plus_2026_村松開人,EXACT_OR_NOT_APPLICABLE,true,A0128,Current 2026 ordinal anchor only. Missing published sample and qualified-run counts prevent high-confidence calibration or a cross-system unit bridge.
R00375,板山 祐太郎,板山 祐太郎,中日ドラゴンズ,2026 season snapshot,2026,2026,NPB_PLUS_SPRINT_SPEED_KMH,32,km_per_hour,NPB+ published sprint-speed field,NPB+ public definition; detailed qualified-run count not published,in-game tracking aggregate,npb_plus_2026_current_roster_100,100_OF_100_TARGET_ROSTER_ROWS,npb_plus_sprint_exposure_2026,B_CURRENT_ORDINAL_SAMPLE_COUNT_NOT_PUBLISHED,NPB+ local measurement table; NPB official individual batting pages; existing PBP-derived proxy tables from Nippon Baseball Data Repository data,https://www.japan-baseball.jp/npb-plus/;https://npb.jp/bis/2026/stats/idb1_d.html;https://npb.jp/bis/2025/stats/idb1_d.html;https://github.com/armstjc/Nippon-Baseball-Data-Repository,CURRENT_BASEBALL_SPEED,,CANONICAL_SOURCE_RECORD,false,ACCEPTED_MODERATE_CURRENT_ORDINAL,,npb_plus_2026_板山祐太郎,EXACT_OR_NOT_APPLICABLE,true,A0129,Current 2026 ordinal anchor only. Missing published sample and qualified-run counts prevent high-confidence calibration or a cross-system unit bridge.
R00376,田中 幹也,田中 幹也,中日ドラゴンズ,2026 season snapshot,2026,2026,NPB_PLUS_SPRINT_SPEED_KMH,33.5,km_per_hour,NPB+ published sprint-speed field,NPB+ public definition; detailed qualified-run count not published,in-game tracking aggregate,npb_plus_2026_current_roster_100,100_OF_100_TARGET_ROSTER_ROWS,npb_plus_sprint_exposure_2026,B_CURRENT_ORDINAL_SAMPLE_COUNT_NOT_PUBLISHED,NPB+ local measurement table; NPB official individual batting pages; existing PBP-derived proxy tables from Nippon Baseball Data Repository data,https://www.japan-baseball.jp/npb-plus/;https://npb.jp/bis/2026/stats/idb1_d.html;https://npb.jp/bis/2025/stats/idb1_d.html;https://github.com/armstjc/Nippon-Baseball-Data-Repository,CURRENT_BASEBALL_SPEED,,CANONICAL_SOURCE_RECORD,false,ACCEPTED_MODERATE_CURRENT_ORDINAL,,npb_plus_2026_田中幹也,EXACT_OR_NOT_APPLICABLE,true,A0130,Current 2026 ordinal anchor only. Missing published sample and qualified-run counts prevent high-confidence calibration or a cross-system unit bridge.
R00377,石川 昂弥,石川 昂弥,中日ドラゴンズ,2026 season snapshot,2026,2026,NPB_PLUS_SPRINT_SPEED_KMH,30.6,km_per_hour,NPB+ published sprint-speed field,NPB+ public definition; detailed qualified-run count not published,in-game tracking aggregate,npb_plus_2026_current_roster_100,100_OF_100_TARGET_ROSTER_ROWS,npb_plus_sprint_exposure_2026,B_CURRENT_ORDINAL_SAMPLE_COUNT_NOT_PUBLISHED,NPB+ local measurement table; NPB official individual batting pages; existing PBP-derived proxy tables from Nippon Baseball Data Repository data,https://www.japan-baseball.jp/npb-plus/;https://npb.jp/bis/2026/stats/idb1_d.html;https://npb.jp/bis/2025/stats/idb1_d.html;https://github.com/armstjc/Nippon-Baseball-Data-Repository,CURRENT_BASEBALL_SPEED,,CANONICAL_SOURCE_RECORD,false,ACCEPTED_MODERATE_CURRENT_ORDINAL,,npb_plus_2026_石川昂弥,EXACT_OR_NOT_APPLICABLE,true,A0131,Current 2026 ordinal anchor only. Missing published sample and qualified-run counts prevent high-confidence calibration or a cross-system unit bridge.
R00378,福永 裕基,福永 裕基,中日ドラゴンズ,2026 season snapshot,2026,2026,NPB_PLUS_SPRINT_SPEED_KMH,33,km_per_hour,NPB+ published sprint-speed field,NPB+ public definition; detailed qualified-run count not published,in-game tracking aggregate,npb_plus_2026_current_roster_100,100_OF_100_TARGET_ROSTER_ROWS,npb_plus_sprint_exposure_2026,B_CURRENT_ORDINAL_SAMPLE_COUNT_NOT_PUBLISHED,NPB+ local measurement table; NPB official individual batting pages; existing PBP-derived proxy tables from Nippon Baseball Data Repository data,https://www.japan-baseball.jp/npb-plus/;https://npb.jp/bis/2026/stats/idb1_d.html;https://npb.jp/bis/2025/stats/idb1_d.html;https://github.com/armstjc/Nippon-Baseball-Data-Repository,CURRENT_BASEBALL_SPEED,,CANONICAL_SOURCE_RECORD,false,ACCEPTED_MODERATE_CURRENT_ORDINAL,,npb_plus_2026_福永裕基,EXACT_OR_NOT_APPLICABLE,true,A0132,Current 2026 ordinal anchor only. Missing published sample and qualified-run counts prevent high-confidence calibration or a cross-system unit bridge.
R00379,細川 成也,細川 成也,中日ドラゴンズ,2026 season snapshot,2026,2026,NPB_PLUS_SPRINT_SPEED_KMH,32.7,km_per_hour,NPB+ published sprint-speed field,NPB+ public definition; detailed qualified-run count not published,in-game tracking aggregate,npb_plus_2026_current_roster_100,100_OF_100_TARGET_ROSTER_ROWS,npb_plus_sprint_exposure_2026,B_CURRENT_ORDINAL_SAMPLE_COUNT_NOT_PUBLISHED,NPB+ local measurement table; NPB official individual batting pages; existing PBP-derived proxy tables from Nippon Baseball Data Repository data,https://www.japan-baseball.jp/npb-plus/;https://npb.jp/bis/2026/stats/idb1_d.html;https://npb.jp/bis/2025/stats/idb1_d.html;https://github.com/armstjc/Nippon-Baseball-Data-Repository,CURRENT_BASEBALL_SPEED,,CANONICAL_SOURCE_RECORD,false,ACCEPTED_MODERATE_CURRENT_ORDINAL,,npb_plus_2026_細川成也,EXACT_OR_NOT_APPLICABLE,true,A0133,Current 2026 ordinal anchor only. Missing published sample and qualified-run counts prevent high-confidence calibration or a cross-system unit bridge.
R00380,高橋 周平,高橋 周平,中日ドラゴンズ,2026 season snapshot,2026,2026,NPB_PLUS_SPRINT_SPEED_KMH,29.5,km_per_hour,NPB+ published sprint-speed field,NPB+ public definition; detailed qualified-run count not published,in-game tracking aggregate,npb_plus_2026_current_roster_100,100_OF_100_TARGET_ROSTER_ROWS,npb_plus_sprint_exposure_2026,B_CURRENT_ORDINAL_SAMPLE_COUNT_NOT_PUBLISHED,NPB+ local measurement table; NPB official individual batting pages; existing PBP-derived proxy tables from Nippon Baseball Data Repository data,https://www.japan-baseball.jp/npb-plus/;https://npb.jp/bis/2026/stats/idb1_d.html;https://npb.jp/bis/2025/stats/idb1_d.html;https://github.com/armstjc/Nippon-Baseball-Data-Repository,CURRENT_BASEBALL_SPEED,,CANONICAL_SOURCE_RECORD,false,ACCEPTED_MODERATE_CURRENT_ORDINAL,,npb_plus_2026_高橋周平,EXACT_OR_NOT_APPLICABLE,true,A0134,Current 2026 ordinal anchor only. Missing published sample and qualified-run counts prevent high-confidence calibration or a cross-system unit bridge.
R00381,奈良間 大己,奈良間 大己,北海道日本ハムファイターズ,2026 season snapshot,2026,2026,NPB_PLUS_SPRINT_SPEED_KMH,31.7,km_per_hour,NPB+ published sprint-speed field,NPB+ public definition; detailed qualified-run count not published,in-game tracking aggregate,npb_plus_2026_current_roster_100,100_OF_100_TARGET_ROSTER_ROWS,npb_plus_sprint_exposure_2026,B_CURRENT_ORDINAL_SAMPLE_COUNT_NOT_PUBLISHED,NPB+ local measurement table; NPB official individual batting pages; existing PBP-derived proxy tables from Nippon Baseball Data Repository data,https://www.japan-baseball.jp/npb-plus/;https://npb.jp/bis/2026/stats/idb1_f.html;https://npb.jp/bis/2025/stats/idb1_f.html;https://github.com/armstjc/Nippon-Baseball-Data-Repository,CURRENT_BASEBALL_SPEED,,CANONICAL_SOURCE_RECORD,false,ACCEPTED_MODERATE_CURRENT_ORDINAL,,npb_plus_2026_奈良間大己,EXACT_OR_NOT_APPLICABLE,true,A0135,Current 2026 ordinal anchor only. Missing published sample and qualified-run counts prevent high-confidence calibration or a cross-system unit bridge.
R00382,水野 達稀,水野 達稀,北海道日本ハムファイターズ,2026 season snapshot,2026,2026,NPB_PLUS_SPRINT_SPEED_KMH,33.4,km_per_hour,NPB+ published sprint-speed field,NPB+ public definition; detailed qualified-run count not published,in-game tracking aggregate,npb_plus_2026_current_roster_100,100_OF_100_TARGET_ROSTER_ROWS,npb_plus_sprint_exposure_2026,B_CURRENT_ORDINAL_SAMPLE_COUNT_NOT_PUBLISHED,NPB+ local measurement table; NPB official individual batting pages; existing PBP-derived proxy tables from Nippon Baseball Data Repository data,https://www.japan-baseball.jp/npb-plus/;https://npb.jp/bis/2026/stats/idb1_f.html;https://npb.jp/bis/2025/stats/idb1_f.html;https://github.com/armstjc/Nippon-Baseball-Data-Repository,CURRENT_BASEBALL_SPEED,,CANONICAL_SOURCE_RECORD,false,ACCEPTED_MODERATE_CURRENT_ORDINAL,,npb_plus_2026_水野達稀,EXACT_OR_NOT_APPLICABLE,true,A0136,Current 2026 ordinal anchor only. Missing published sample and qualified-run counts prevent high-confidence calibration or a cross-system unit bridge.
R00383,清宮 幸太郎,清宮 幸太郎,北海道日本ハムファイターズ,2026 season snapshot,2026,2026,NPB_PLUS_SPRINT_SPEED_KMH,31.7,km_per_hour,NPB+ published sprint-speed field,NPB+ public definition; detailed qualified-run count not published,in-game tracking aggregate,npb_plus_2026_current_roster_100,100_OF_100_TARGET_ROSTER_ROWS,npb_plus_sprint_exposure_2026,B_CURRENT_ORDINAL_SAMPLE_COUNT_NOT_PUBLISHED,NPB+ local measurement table; NPB official individual batting pages; existing PBP-derived proxy tables from Nippon Baseball Data Repository data,https://www.japan-baseball.jp/npb-plus/;https://npb.jp/bis/2026/stats/idb1_f.html;https://npb.jp/bis/2025/stats/idb1_f.html;https://github.com/armstjc/Nippon-Baseball-Data-Repository,CURRENT_BASEBALL_SPEED,,CANONICAL_SOURCE_RECORD,false,ACCEPTED_MODERATE_CURRENT_ORDINAL,,npb_plus_2026_清宮幸太郎,EXACT_OR_NOT_APPLICABLE,true,A0137,Current 2026 ordinal anchor only. Missing published sample and qualified-run counts prevent high-confidence calibration or a cross-system unit bridge.
R00384,田宮 裕涼,田宮 裕涼,北海道日本ハムファイターズ,2026 season snapshot,2026,2026,NPB_PLUS_SPRINT_SPEED_KMH,32.4,km_per_hour,NPB+ published sprint-speed field,NPB+ public definition; detailed qualified-run count not published,in-game tracking aggregate,npb_plus_2026_current_roster_100,100_OF_100_TARGET_ROSTER_ROWS,npb_plus_sprint_exposure_2026,B_CURRENT_ORDINAL_SAMPLE_COUNT_NOT_PUBLISHED,NPB+ local measurement table; NPB official individual batting pages; existing PBP-derived proxy tables from Nippon Baseball Data Repository data,https://www.japan-baseball.jp/npb-plus/;https://npb.jp/bis/2026/stats/idb1_f.html;https://npb.jp/bis/2025/stats/idb1_f.html;https://github.com/armstjc/Nippon-Baseball-Data-Repository,CURRENT_BASEBALL_SPEED,,CANONICAL_SOURCE_RECORD,false,ACCEPTED_MODERATE_CURRENT_ORDINAL,,npb_plus_2026_田宮裕涼,EXACT_OR_NOT_APPLICABLE,true,A0138,Current 2026 ordinal anchor only. Missing published sample and qualified-run counts prevent high-confidence calibration or a cross-system unit bridge.
R00385,郡司 裕也,郡司 裕也,北海道日本ハムファイターズ,2026 season snapshot,2026,2026,NPB_PLUS_SPRINT_SPEED_KMH,32.7,km_per_hour,NPB+ published sprint-speed field,NPB+ public definition; detailed qualified-run count not published,in-game tracking aggregate,npb_plus_2026_current_roster_100,100_OF_100_TARGET_ROSTER_ROWS,npb_plus_sprint_exposure_2026,B_CURRENT_ORDINAL_SAMPLE_COUNT_NOT_PUBLISHED,NPB+ local measurement table; NPB official individual batting pages; existing PBP-derived proxy tables from Nippon Baseball Data Repository data,https://www.japan-baseball.jp/npb-plus/;https://npb.jp/bis/2026/stats/idb1_f.html;https://npb.jp/bis/2025/stats/idb1_f.html;https://github.com/armstjc/Nippon-Baseball-Data-Repository,CURRENT_BASEBALL_SPEED,,CANONICAL_SOURCE_RECORD,false,ACCEPTED_MODERATE_CURRENT_ORDINAL,,npb_plus_2026_郡司裕也,EXACT_OR_NOT_APPLICABLE,true,A0139,Current 2026 ordinal anchor only. Missing published sample and qualified-run counts prevent high-confidence calibration or a cross-system unit bridge.
R00386,野村 佑希,野村 佑希,北海道日本ハムファイターズ,2026 season snapshot,2026,2026,NPB_PLUS_SPRINT_SPEED_KMH,31.7,km_per_hour,NPB+ published sprint-speed field,NPB+ public definition; detailed qualified-run count not published,in-game tracking aggregate,npb_plus_2026_current_roster_100,100_OF_100_TARGET_ROSTER_ROWS,npb_plus_sprint_exposure_2026,B_CURRENT_ORDINAL_SAMPLE_COUNT_NOT_PUBLISHED,NPB+ local measurement table; NPB official individual batting pages; existing PBP-derived proxy tables from Nippon Baseball Data Repository data,https://www.japan-baseball.jp/npb-plus/;https://npb.jp/bis/2026/stats/idb1_f.html;https://npb.jp/bis/2025/stats/idb1_f.html;https://github.com/armstjc/Nippon-Baseball-Data-Repository,CURRENT_BASEBALL_SPEED,,CANONICAL_SOURCE_RECORD,false,ACCEPTED_MODERATE_CURRENT_ORDINAL,,npb_plus_2026_野村佑希,EXACT_OR_NOT_APPLICABLE,true,A0140,Current 2026 ordinal anchor only. Missing published sample and qualified-run counts prevent high-confidence calibration or a cross-system unit bridge.
R00387,ソト,ソト,千葉ロッテマリーンズ,2026 season snapshot,2026,2026,NPB_PLUS_SPRINT_SPEED_KMH,30.1,km_per_hour,NPB+ published sprint-speed field,NPB+ public definition; detailed qualified-run count not published,in-game tracking aggregate,npb_plus_2026_current_roster_100,100_OF_100_TARGET_ROSTER_ROWS,npb_plus_sprint_exposure_2026,B_CURRENT_ORDINAL_SAMPLE_COUNT_NOT_PUBLISHED,NPB+ local measurement table; NPB official individual batting pages; existing PBP-derived proxy tables from Nippon Baseball Data Repository data,https://www.japan-baseball.jp/npb-plus/;https://npb.jp/bis/2026/stats/idb1_m.html;https://npb.jp/bis/2025/stats/idb1_m.html;https://github.com/armstjc/Nippon-Baseball-Data-Repository,CURRENT_BASEBALL_SPEED,,CANONICAL_SOURCE_RECORD,false,ACCEPTED_MODERATE_CURRENT_ORDINAL,,npb_plus_2026_ソト,EXACT_OR_NOT_APPLICABLE,true,A0141,Current 2026 ordinal anchor only. Missing published sample and qualified-run counts prevent high-confidence calibration or a cross-system unit bridge.
R00388,ポランコ,ポランコ,千葉ロッテマリーンズ,2026 season snapshot,2026,2026,NPB_PLUS_SPRINT_SPEED_KMH,31.1,km_per_hour,NPB+ published sprint-speed field,NPB+ public definition; detailed qualified-run count not published,in-game tracking aggregate,npb_plus_2026_current_roster_100,100_OF_100_TARGET_ROSTER_ROWS,npb_plus_sprint_exposure_2026,B_CURRENT_ORDINAL_SAMPLE_COUNT_NOT_PUBLISHED,NPB+ local measurement table; NPB official individual batting pages; existing PBP-derived proxy tables from Nippon Baseball Data Repository data,https://www.japan-baseball.jp/npb-plus/;https://npb.jp/bis/2026/stats/idb1_m.html;https://npb.jp/bis/2025/stats/idb1_m.html;https://github.com/armstjc/Nippon-Baseball-Data-Repository,CURRENT_BASEBALL_SPEED,,CANONICAL_SOURCE_RECORD,false,ACCEPTED_MODERATE_CURRENT_ORDINAL,,npb_plus_2026_ポランコ,EXACT_OR_NOT_APPLICABLE,true,A0142,Current 2026 ordinal anchor only. Missing published sample and qualified-run counts prevent high-confidence calibration or a cross-system unit bridge.
R00389,佐藤 都志也,佐藤 都志也,千葉ロッテマリーンズ,2026 season snapshot,2026,2026,NPB_PLUS_SPRINT_SPEED_KMH,31.3,km_per_hour,NPB+ published sprint-speed field,NPB+ public definition; detailed qualified-run count not published,in-game tracking aggregate,npb_plus_2026_current_roster_100,100_OF_100_TARGET_ROSTER_ROWS,npb_plus_sprint_exposure_2026,B_CURRENT_ORDINAL_SAMPLE_COUNT_NOT_PUBLISHED,NPB+ local measurement table; NPB official individual batting pages; existing PBP-derived proxy tables from Nippon Baseball Data Repository data,https://www.japan-baseball.jp/npb-plus/;https://npb.jp/bis/2026/stats/idb1_m.html;https://npb.jp/bis/2025/stats/idb1_m.html;https://github.com/armstjc/Nippon-Baseball-Data-Repository,CURRENT_BASEBALL_SPEED,,CANONICAL_SOURCE_RECORD,false,ACCEPTED_MODERATE_CURRENT_ORDINAL,,npb_plus_2026_佐藤都志也,EXACT_OR_NOT_APPLICABLE,true,A0143,Current 2026 ordinal anchor only. Missing published sample and qualified-run counts prevent high-confidence calibration or a cross-system unit bridge.
R00390,友杉 篤輝,友杉 篤輝,千葉ロッテマリーンズ,2026 season snapshot,2026,2026,NPB_PLUS_SPRINT_SPEED_KMH,32.7,km_per_hour,NPB+ published sprint-speed field,NPB+ public definition; detailed qualified-run count not published,in-game tracking aggregate,npb_plus_2026_current_roster_100,100_OF_100_TARGET_ROSTER_ROWS,npb_plus_sprint_exposure_2026,B_CURRENT_ORDINAL_SAMPLE_COUNT_NOT_PUBLISHED,NPB+ local measurement table; NPB official individual batting pages; existing PBP-derived proxy tables from Nippon Baseball Data Repository data,https://www.japan-baseball.jp/npb-plus/;https://npb.jp/bis/2026/stats/idb1_m.html;https://npb.jp/bis/2025/stats/idb1_m.html;https://github.com/armstjc/Nippon-Baseball-Data-Repository,CURRENT_BASEBALL_SPEED,,CANONICAL_SOURCE_RECORD,false,ACCEPTED_MODERATE_CURRENT_ORDINAL,,npb_plus_2026_友杉篤輝,EXACT_OR_NOT_APPLICABLE,true,A0144,Current 2026 ordinal anchor only. Missing published sample and qualified-run counts prevent high-confidence calibration or a cross-system unit bridge.
R00391,安田 尚憲,安田 尚憲,千葉ロッテマリーンズ,2026 season snapshot,2026,2026,NPB_PLUS_SPRINT_SPEED_KMH,29.6,km_per_hour,NPB+ published sprint-speed field,NPB+ public definition; detailed qualified-run count not published,in-game tracking aggregate,npb_plus_2026_current_roster_100,100_OF_100_TARGET_ROSTER_ROWS,npb_plus_sprint_exposure_2026,B_CURRENT_ORDINAL_SAMPLE_COUNT_NOT_PUBLISHED,NPB+ local measurement table; NPB official individual batting pages; existing PBP-derived proxy tables from Nippon Baseball Data Repository data,https://www.japan-baseball.jp/npb-plus/;https://npb.jp/bis/2026/stats/idb1_m.html;https://npb.jp/bis/2025/stats/idb1_m.html;https://github.com/armstjc/Nippon-Baseball-Data-Repository,CURRENT_BASEBALL_SPEED,,CANONICAL_SOURCE_RECORD,false,ACCEPTED_MODERATE_CURRENT_ORDINAL,,npb_plus_2026_安田尚憲,EXACT_OR_NOT_APPLICABLE,true,A0145,Current 2026 ordinal anchor only. Missing published sample and qualified-run counts prevent high-confidence calibration or a cross-system unit bridge.
R00392,小川 龍成,小川 龍成,千葉ロッテマリーンズ,2026 season snapshot,2026,2026,NPB_PLUS_SPRINT_SPEED_KMH,33.4,km_per_hour,NPB+ published sprint-speed field,NPB+ public definition; detailed qualified-run count not published,in-game tracking aggregate,npb_plus_2026_current_roster_100,100_OF_100_TARGET_ROSTER_ROWS,npb_plus_sprint_exposure_2026,B_CURRENT_ORDINAL_SAMPLE_COUNT_NOT_PUBLISHED,NPB+ local measurement table; NPB official individual batting pages; existing PBP-derived proxy tables from Nippon Baseball Data Repository data,https://www.japan-baseball.jp/npb-plus/;https://npb.jp/bis/2026/stats/idb1_m.html;https://npb.jp/bis/2025/stats/idb1_m.html;https://github.com/armstjc/Nippon-Baseball-Data-Repository,CURRENT_BASEBALL_SPEED,,CANONICAL_SOURCE_RECORD,false,ACCEPTED_MODERATE_CURRENT_ORDINAL,,npb_plus_2026_小川龍成,EXACT_OR_NOT_APPLICABLE,true,A0146,Current 2026 ordinal anchor only. Missing published sample and qualified-run counts prevent high-confidence calibration or a cross-system unit bridge.
R00393,山口 航輝,山口 航輝,千葉ロッテマリーンズ,2026 season snapshot,2026,2026,NPB_PLUS_SPRINT_SPEED_KMH,31.9,km_per_hour,NPB+ published sprint-speed field,NPB+ public definition; detailed qualified-run count not published,in-game tracking aggregate,npb_plus_2026_current_roster_100,100_OF_100_TARGET_ROSTER_ROWS,npb_plus_sprint_exposure_2026,B_CURRENT_ORDINAL_SAMPLE_COUNT_NOT_PUBLISHED,NPB+ local measurement table; NPB official individual batting pages; existing PBP-derived proxy tables from Nippon Baseball Data Repository data,https://www.japan-baseball.jp/npb-plus/;https://npb.jp/bis/2026/stats/idb1_m.html;https://npb.jp/bis/2025/stats/idb1_m.html;https://github.com/armstjc/Nippon-Baseball-Data-Repository,CURRENT_BASEBALL_SPEED,,CANONICAL_SOURCE_RECORD,false,ACCEPTED_MODERATE_CURRENT_ORDINAL,,npb_plus_2026_山口航輝,EXACT_OR_NOT_APPLICABLE,true,A0147,Current 2026 ordinal anchor only. Missing published sample and qualified-run counts prevent high-confidence calibration or a cross-system unit bridge.
R00394,岡 大海,岡 大海,千葉ロッテマリーンズ,2026 season snapshot,2026,2026,NPB_PLUS_SPRINT_SPEED_KMH,32.6,km_per_hour,NPB+ published sprint-speed field,NPB+ public definition; detailed qualified-run count not published,in-game tracking aggregate,npb_plus_2026_current_roster_100,100_OF_100_TARGET_ROSTER_ROWS,npb_plus_sprint_exposure_2026,B_CURRENT_ORDINAL_SAMPLE_COUNT_NOT_PUBLISHED,NPB+ local measurement table; NPB official individual batting pages; existing PBP-derived proxy tables from Nippon Baseball Data Repository data,https://www.japan-baseball.jp/npb-plus/;https://npb.jp/bis/2026/stats/idb1_m.html;https://npb.jp/bis/2025/stats/idb1_m.html;https://github.com/armstjc/Nippon-Baseball-Data-Repository,CURRENT_BASEBALL_SPEED,,CANONICAL_SOURCE_RECORD,false,ACCEPTED_MODERATE_CURRENT_ORDINAL,,npb_plus_2026_岡大海,EXACT_OR_NOT_APPLICABLE,true,A0148,Current 2026 ordinal anchor only. Missing published sample and qualified-run counts prevent high-confidence calibration or a cross-system unit bridge.
R00395,藤原 恭大,藤原 恭大,千葉ロッテマリーンズ,2026 season snapshot,2026,2026,NPB_PLUS_SPRINT_SPEED_KMH,33,km_per_hour,NPB+ published sprint-speed field,NPB+ public definition; detailed qualified-run count not published,in-game tracking aggregate,npb_plus_2026_current_roster_100,100_OF_100_TARGET_ROSTER_ROWS,npb_plus_sprint_exposure_2026,B_CURRENT_ORDINAL_SAMPLE_COUNT_NOT_PUBLISHED,NPB+ local measurement table; NPB official individual batting pages; existing PBP-derived proxy tables from Nippon Baseball Data Repository data,https://www.japan-baseball.jp/npb-plus/;https://npb.jp/bis/2026/stats/idb1_m.html;https://npb.jp/bis/2025/stats/idb1_m.html;https://github.com/armstjc/Nippon-Baseball-Data-Repository,CURRENT_BASEBALL_SPEED,,CANONICAL_SOURCE_RECORD,false,ACCEPTED_MODERATE_CURRENT_ORDINAL,,npb_plus_2026_藤原恭大,EXACT_OR_NOT_APPLICABLE,true,A0149,Current 2026 ordinal anchor only. Missing published sample and qualified-run counts prevent high-confidence calibration or a cross-system unit bridge.
R00396,藤岡 裕大,藤岡 裕大,千葉ロッテマリーンズ,2026 season snapshot,2026,2026,NPB_PLUS_SPRINT_SPEED_KMH,30.8,km_per_hour,NPB+ published sprint-speed field,NPB+ public definition; detailed qualified-run count not published,in-game tracking aggregate,npb_plus_2026_current_roster_100,100_OF_100_TARGET_ROSTER_ROWS,npb_plus_sprint_exposure_2026,B_CURRENT_ORDINAL_SAMPLE_COUNT_NOT_PUBLISHED,NPB+ local measurement table; NPB official individual batting pages; existing PBP-derived proxy tables from Nippon Baseball Data Repository data,https://www.japan-baseball.jp/npb-plus/;https://npb.jp/bis/2026/stats/idb1_m.html;https://npb.jp/bis/2025/stats/idb1_m.html;https://github.com/armstjc/Nippon-Baseball-Data-Repository,CURRENT_BASEBALL_SPEED,,CANONICAL_SOURCE_RECORD,false,ACCEPTED_MODERATE_CURRENT_ORDINAL,,npb_plus_2026_藤岡裕大,EXACT_OR_NOT_APPLICABLE,true,A0150,Current 2026 ordinal anchor only. Missing published sample and qualified-run counts prevent high-confidence calibration or a cross-system unit bridge.
R00397,髙部 瑛斗,髙部 瑛斗,千葉ロッテマリーンズ,2026 season snapshot,2026,2026,NPB_PLUS_SPRINT_SPEED_KMH,33.6,km_per_hour,NPB+ published sprint-speed field,NPB+ public definition; detailed qualified-run count not published,in-game tracking aggregate,npb_plus_2026_current_roster_100,100_OF_100_TARGET_ROSTER_ROWS,npb_plus_sprint_exposure_2026,B_CURRENT_ORDINAL_SAMPLE_COUNT_NOT_PUBLISHED,NPB+ local measurement table; NPB official individual batting pages; existing PBP-derived proxy tables from Nippon Baseball Data Repository data,https://www.japan-baseball.jp/npb-plus/;https://npb.jp/bis/2026/stats/idb1_m.html;https://npb.jp/bis/2025/stats/idb1_m.html;https://github.com/armstjc/Nippon-Baseball-Data-Repository,CURRENT_BASEBALL_SPEED,,CANONICAL_SOURCE_RECORD,false,ACCEPTED_MODERATE_CURRENT_ORDINAL,,npb_plus_2026_髙部瑛斗,EXACT_OR_NOT_APPLICABLE,true,A0151,Current 2026 ordinal anchor only. Missing published sample and qualified-run counts prevent high-confidence calibration or a cross-system unit bridge.
R00398,古賀 悠斗,古賀 悠斗,埼玉西武ライオンズ,2026 season snapshot,2026,2026,NPB_PLUS_SPRINT_SPEED_KMH,30.6,km_per_hour,NPB+ published sprint-speed field,NPB+ public definition; detailed qualified-run count not published,in-game tracking aggregate,npb_plus_2026_current_roster_100,100_OF_100_TARGET_ROSTER_ROWS,npb_plus_sprint_exposure_2026,B_CURRENT_ORDINAL_SAMPLE_COUNT_NOT_PUBLISHED,NPB+ local measurement table; NPB official individual batting pages; existing PBP-derived proxy tables from Nippon Baseball Data Repository data,https://www.japan-baseball.jp/npb-plus/;https://npb.jp/bis/2026/stats/idb1_l.html;https://npb.jp/bis/2025/stats/idb1_l.html;https://github.com/armstjc/Nippon-Baseball-Data-Repository,CURRENT_BASEBALL_SPEED,,CANONICAL_SOURCE_RECORD,false,ACCEPTED_MODERATE_CURRENT_ORDINAL,,npb_plus_2026_古賀悠斗,EXACT_OR_NOT_APPLICABLE,true,A0152,Current 2026 ordinal anchor only. Missing published sample and qualified-run counts prevent high-confidence calibration or a cross-system unit bridge.
R00399,外崎 修汰,外崎 修汰,埼玉西武ライオンズ,2026 season snapshot,2026,2026,NPB_PLUS_SPRINT_SPEED_KMH,32.3,km_per_hour,NPB+ published sprint-speed field,NPB+ public definition; detailed qualified-run count not published,in-game tracking aggregate,npb_plus_2026_current_roster_100,100_OF_100_TARGET_ROSTER_ROWS,npb_plus_sprint_exposure_2026,B_CURRENT_ORDINAL_SAMPLE_COUNT_NOT_PUBLISHED,NPB+ local measurement table; NPB official individual batting pages; existing PBP-derived proxy tables from Nippon Baseball Data Repository data,https://www.japan-baseball.jp/npb-plus/;https://npb.jp/bis/2026/stats/idb1_l.html;https://npb.jp/bis/2025/stats/idb1_l.html;https://github.com/armstjc/Nippon-Baseball-Data-Repository,CURRENT_BASEBALL_SPEED,,CANONICAL_SOURCE_RECORD,false,ACCEPTED_MODERATE_CURRENT_ORDINAL,,npb_plus_2026_外崎修汰,EXACT_OR_NOT_APPLICABLE,true,A0153,Current 2026 ordinal anchor only. Missing published sample and qualified-run counts prevent high-confidence calibration or a cross-system unit bridge.
R00400,源田 壮亮,源田 壮亮,埼玉西武ライオンズ,2026 season snapshot,2026,2026,NPB_PLUS_SPRINT_SPEED_KMH,32.9,km_per_hour,NPB+ published sprint-speed field,NPB+ public definition; detailed qualified-run count not published,in-game tracking aggregate,npb_plus_2026_current_roster_100,100_OF_100_TARGET_ROSTER_ROWS,npb_plus_sprint_exposure_2026,B_CURRENT_ORDINAL_SAMPLE_COUNT_NOT_PUBLISHED,NPB+ local measurement table; NPB official individual batting pages; existing PBP-derived proxy tables from Nippon Baseball Data Repository data,https://www.japan-baseball.jp/npb-plus/;https://npb.jp/bis/2026/stats/idb1_l.html;https://npb.jp/bis/2025/stats/idb1_l.html;https://github.com/armstjc/Nippon-Baseball-Data-Repository,CURRENT_BASEBALL_SPEED,,CANONICAL_SOURCE_RECORD,false,ACCEPTED_MODERATE_CURRENT_ORDINAL,,npb_plus_2026_源田壮亮,EXACT_OR_NOT_APPLICABLE,true,A0154,Current 2026 ordinal anchor only. Missing published sample and qualified-run counts prevent high-confidence calibration or a cross-system unit bridge.
R00401,滝澤 夏央,滝澤 夏央,埼玉西武ライオンズ,2026 season snapshot,2026,2026,NPB_PLUS_SPRINT_SPEED_KMH,33,km_per_hour,NPB+ published sprint-speed field,NPB+ public definition; detailed qualified-run count not published,in-game tracking aggregate,npb_plus_2026_current_roster_100,100_OF_100_TARGET_ROSTER_ROWS,npb_plus_sprint_exposure_2026,B_CURRENT_ORDINAL_SAMPLE_COUNT_NOT_PUBLISHED,NPB+ local measurement table; NPB official individual batting pages; existing PBP-derived proxy tables from Nippon Baseball Data Repository data,https://www.japan-baseball.jp/npb-plus/;https://npb.jp/bis/2026/stats/idb1_l.html;https://npb.jp/bis/2025/stats/idb1_l.html;https://github.com/armstjc/Nippon-Baseball-Data-Repository,CURRENT_BASEBALL_SPEED,,CANONICAL_SOURCE_RECORD,false,ACCEPTED_MODERATE_CURRENT_ORDINAL,,npb_plus_2026_滝澤夏央,EXACT_OR_NOT_APPLICABLE,true,A0155,Current 2026 ordinal anchor only. Missing published sample and qualified-run counts prevent high-confidence calibration or a cross-system unit bridge.
R00402,石井 一成,石井 一成,埼玉西武ライオンズ,2026 season snapshot,2026,2026,NPB_PLUS_SPRINT_SPEED_KMH,32.6,km_per_hour,NPB+ published sprint-speed field,NPB+ public definition; detailed qualified-run count not published,in-game tracking aggregate,npb_plus_2026_current_roster_100,100_OF_100_TARGET_ROSTER_ROWS,npb_plus_sprint_exposure_2026,B_CURRENT_ORDINAL_SAMPLE_COUNT_NOT_PUBLISHED,NPB+ local measurement table; NPB official individual batting pages; existing PBP-derived proxy tables from Nippon Baseball Data Repository data,https://www.japan-baseball.jp/npb-plus/;https://npb.jp/bis/2026/stats/idb1_l.html;https://npb.jp/bis/2025/stats/idb1_f.html;https://github.com/armstjc/Nippon-Baseball-Data-Repository,CURRENT_BASEBALL_SPEED,,CANONICAL_SOURCE_RECORD,false,ACCEPTED_MODERATE_CURRENT_ORDINAL,,npb_plus_2026_石井一成,EXACT_OR_NOT_APPLICABLE,true,A0156,Current 2026 ordinal anchor only. Missing published sample and qualified-run counts prevent high-confidence calibration or a cross-system unit bridge.
R00403,ファビアン,ファビアン,広島東洋カープ,2026 season snapshot,2026,2026,NPB_PLUS_SPRINT_SPEED_KMH,31.4,km_per_hour,NPB+ published sprint-speed field,NPB+ public definition; detailed qualified-run count not published,in-game tracking aggregate,npb_plus_2026_current_roster_100,100_OF_100_TARGET_ROSTER_ROWS,npb_plus_sprint_exposure_2026,B_CURRENT_ORDINAL_SAMPLE_COUNT_NOT_PUBLISHED,NPB+ local measurement table; NPB official individual batting pages; existing PBP-derived proxy tables from Nippon Baseball Data Repository data,https://www.japan-baseball.jp/npb-plus/;https://npb.jp/bis/2026/stats/idb1_c.html;https://npb.jp/bis/2025/stats/idb1_c.html;https://github.com/armstjc/Nippon-Baseball-Data-Repository,CURRENT_BASEBALL_SPEED,,CANONICAL_SOURCE_RECORD,false,ACCEPTED_MODERATE_CURRENT_ORDINAL,,npb_plus_2026_ファビアン,EXACT_OR_NOT_APPLICABLE,true,A0157,Current 2026 ordinal anchor only. Missing published sample and qualified-run counts prevent high-confidence calibration or a cross-system unit bridge.
R00404,モンテロ,モンテロ,広島東洋カープ,2026 season snapshot,2026,2026,NPB_PLUS_SPRINT_SPEED_KMH,31.9,km_per_hour,NPB+ published sprint-speed field,NPB+ public definition; detailed qualified-run count not published,in-game tracking aggregate,npb_plus_2026_current_roster_100,100_OF_100_TARGET_ROSTER_ROWS,npb_plus_sprint_exposure_2026,B_CURRENT_ORDINAL_SAMPLE_COUNT_NOT_PUBLISHED,NPB+ local measurement table; NPB official individual batting pages; existing PBP-derived proxy tables from Nippon Baseball Data Repository data,https://www.japan-baseball.jp/npb-plus/;https://npb.jp/bis/2026/stats/idb1_c.html;https://npb.jp/bis/2025/stats/idb1_c.html;https://github.com/armstjc/Nippon-Baseball-Data-Repository,CURRENT_BASEBALL_SPEED,,CANONICAL_SOURCE_RECORD,false,ACCEPTED_MODERATE_CURRENT_ORDINAL,,npb_plus_2026_モンテロ,EXACT_OR_NOT_APPLICABLE,true,A0158,Current 2026 ordinal anchor only. Missing published sample and qualified-run counts prevent high-confidence calibration or a cross-system unit bridge.
R00405,名原 典彦,名原 典彦,広島東洋カープ,2026 season snapshot,2026,2026,NPB_PLUS_SPRINT_SPEED_KMH,33.7,km_per_hour,NPB+ published sprint-speed field,NPB+ public definition; detailed qualified-run count not published,in-game tracking aggregate,npb_plus_2026_current_roster_100,100_OF_100_TARGET_ROSTER_ROWS,npb_plus_sprint_exposure_2026,B_CURRENT_ORDINAL_SAMPLE_COUNT_NOT_PUBLISHED,NPB+ local measurement table; NPB official individual batting pages; existing PBP-derived proxy tables from Nippon Baseball Data Repository data,https://www.japan-baseball.jp/npb-plus/;https://npb.jp/bis/2026/stats/idb1_c.html;https://npb.jp/bis/2025/stats/idb1_c.html;https://github.com/armstjc/Nippon-Baseball-Data-Repository,CURRENT_BASEBALL_SPEED,,CANONICAL_SOURCE_RECORD,false,ACCEPTED_MODERATE_CURRENT_ORDINAL,,npb_plus_2026_名原典彦,EXACT_OR_NOT_APPLICABLE,true,A0159,Current 2026 ordinal anchor only. Missing published sample and qualified-run counts prevent high-confidence calibration or a cross-system unit bridge.
R00406,坂倉 将吾,坂倉 将吾,広島東洋カープ,2026 season snapshot,2026,2026,NPB_PLUS_SPRINT_SPEED_KMH,30.6,km_per_hour,NPB+ published sprint-speed field,NPB+ public definition; detailed qualified-run count not published,in-game tracking aggregate,npb_plus_2026_current_roster_100,100_OF_100_TARGET_ROSTER_ROWS,npb_plus_sprint_exposure_2026,B_CURRENT_ORDINAL_SAMPLE_COUNT_NOT_PUBLISHED,NPB+ local measurement table; NPB official individual batting pages; existing PBP-derived proxy tables from Nippon Baseball Data Repository data,https://www.japan-baseball.jp/npb-plus/;https://npb.jp/bis/2026/stats/idb1_c.html;https://npb.jp/bis/2025/stats/idb1_c.html;https://github.com/armstjc/Nippon-Baseball-Data-Repository,CURRENT_BASEBALL_SPEED,,CANONICAL_SOURCE_RECORD,false,ACCEPTED_MODERATE_CURRENT_ORDINAL,,npb_plus_2026_坂倉将吾,EXACT_OR_NOT_APPLICABLE,true,A0160,Current 2026 ordinal anchor only. Missing published sample and qualified-run counts prevent high-confidence calibration or a cross-system unit bridge.
R00407,小園 海斗,小園 海斗,広島東洋カープ,2026 season snapshot,2026,2026,NPB_PLUS_SPRINT_SPEED_KMH,31.5,km_per_hour,NPB+ published sprint-speed field,NPB+ public definition; detailed qualified-run count not published,in-game tracking aggregate,npb_plus_2026_current_roster_100,100_OF_100_TARGET_ROSTER_ROWS,npb_plus_sprint_exposure_2026,B_CURRENT_ORDINAL_SAMPLE_COUNT_NOT_PUBLISHED,NPB+ local measurement table; NPB official individual batting pages; existing PBP-derived proxy tables from Nippon Baseball Data Repository data,https://www.japan-baseball.jp/npb-plus/;https://npb.jp/bis/2026/stats/idb1_c.html;https://npb.jp/bis/2025/stats/idb1_c.html;https://github.com/armstjc/Nippon-Baseball-Data-Repository,CURRENT_BASEBALL_SPEED,,CANONICAL_SOURCE_RECORD,false,ACCEPTED_MODERATE_CURRENT_ORDINAL,,npb_plus_2026_小園海斗,EXACT_OR_NOT_APPLICABLE,true,A0161,Current 2026 ordinal anchor only. Missing published sample and qualified-run counts prevent high-confidence calibration or a cross-system unit bridge.
R00408,矢野 雅哉,矢野 雅哉,広島東洋カープ,2026 season snapshot,2026,2026,NPB_PLUS_SPRINT_SPEED_KMH,30.7,km_per_hour,NPB+ published sprint-speed field,NPB+ public definition; detailed qualified-run count not published,in-game tracking aggregate,npb_plus_2026_current_roster_100,100_OF_100_TARGET_ROSTER_ROWS,npb_plus_sprint_exposure_2026,B_CURRENT_ORDINAL_SAMPLE_COUNT_NOT_PUBLISHED,NPB+ local measurement table; NPB official individual batting pages; existing PBP-derived proxy tables from Nippon Baseball Data Repository data,https://www.japan-baseball.jp/npb-plus/;https://npb.jp/bis/2026/stats/idb1_c.html;https://npb.jp/bis/2025/stats/idb1_c.html;https://github.com/armstjc/Nippon-Baseball-Data-Repository,CURRENT_BASEBALL_SPEED,,CANONICAL_SOURCE_RECORD,false,ACCEPTED_MODERATE_CURRENT_ORDINAL,,npb_plus_2026_矢野雅哉,EXACT_OR_NOT_APPLICABLE,true,A0162,Current 2026 ordinal anchor only. Missing published sample and qualified-run counts prevent high-confidence calibration or a cross-system unit bridge.
R00409,秋山 翔吾,秋山 翔吾,広島東洋カープ,2026 season snapshot,2026,2026,NPB_PLUS_SPRINT_SPEED_KMH,31.6,km_per_hour,NPB+ published sprint-speed field,NPB+ public definition; detailed qualified-run count not published,in-game tracking aggregate,npb_plus_2026_current_roster_100,100_OF_100_TARGET_ROSTER_ROWS,npb_plus_sprint_exposure_2026,B_CURRENT_ORDINAL_SAMPLE_COUNT_NOT_PUBLISHED,NPB+ local measurement table; NPB official individual batting pages; existing PBP-derived proxy tables from Nippon Baseball Data Repository data,https://www.japan-baseball.jp/npb-plus/;https://npb.jp/bis/2026/stats/idb1_c.html;https://npb.jp/bis/2025/stats/idb1_c.html;https://github.com/armstjc/Nippon-Baseball-Data-Repository,CURRENT_BASEBALL_SPEED,,CANONICAL_SOURCE_RECORD,false,ACCEPTED_MODERATE_CURRENT_ORDINAL,,npb_plus_2026_秋山翔吾,EXACT_OR_NOT_APPLICABLE,true,A0163,Current 2026 ordinal anchor only. Missing published sample and qualified-run counts prevent high-confidence calibration or a cross-system unit bridge.
R00410,菊池 涼介,菊池 涼介,広島東洋カープ,2026 season snapshot,2026,2026,NPB_PLUS_SPRINT_SPEED_KMH,31.8,km_per_hour,NPB+ published sprint-speed field,NPB+ public definition; detailed qualified-run count not published,in-game tracking aggregate,npb_plus_2026_current_roster_100,100_OF_100_TARGET_ROSTER_ROWS,npb_plus_sprint_exposure_2026,B_CURRENT_ORDINAL_SAMPLE_COUNT_NOT_PUBLISHED,NPB+ local measurement table; NPB official individual batting pages; existing PBP-derived proxy tables from Nippon Baseball Data Repository data,https://www.japan-baseball.jp/npb-plus/;https://npb.jp/bis/2026/stats/idb1_c.html;https://npb.jp/bis/2025/stats/idb1_c.html;https://github.com/armstjc/Nippon-Baseball-Data-Repository,CURRENT_BASEBALL_SPEED,,CANONICAL_SOURCE_RECORD,false,ACCEPTED_MODERATE_CURRENT_ORDINAL,,npb_plus_2026_菊池涼介,EXACT_OR_NOT_APPLICABLE,true,A0164,Current 2026 ordinal anchor only. Missing published sample and qualified-run counts prevent high-confidence calibration or a cross-system unit bridge.
R00411,野間 峻祥,野間 峻祥,広島東洋カープ,2026 season snapshot,2026,2026,NPB_PLUS_SPRINT_SPEED_KMH,31.7,km_per_hour,NPB+ published sprint-speed field,NPB+ public definition; detailed qualified-run count not published,in-game tracking aggregate,npb_plus_2026_current_roster_100,100_OF_100_TARGET_ROSTER_ROWS,npb_plus_sprint_exposure_2026,B_CURRENT_ORDINAL_SAMPLE_COUNT_NOT_PUBLISHED,NPB+ local measurement table; NPB official individual batting pages; existing PBP-derived proxy tables from Nippon Baseball Data Repository data,https://www.japan-baseball.jp/npb-plus/;https://npb.jp/bis/2026/stats/idb1_c.html;https://npb.jp/bis/2025/stats/idb1_c.html;https://github.com/armstjc/Nippon-Baseball-Data-Repository,CURRENT_BASEBALL_SPEED,,CANONICAL_SOURCE_RECORD,false,ACCEPTED_MODERATE_CURRENT_ORDINAL,,npb_plus_2026_野間峻祥,EXACT_OR_NOT_APPLICABLE,true,A0165,Current 2026 ordinal anchor only. Missing published sample and qualified-run counts prevent high-confidence calibration or a cross-system unit bridge.
R00412,サンタナ,サンタナ,東京ヤクルトスワローズ,2026 season snapshot,2026,2026,NPB_PLUS_SPRINT_SPEED_KMH,30.8,km_per_hour,NPB+ published sprint-speed field,NPB+ public definition; detailed qualified-run count not published,in-game tracking aggregate,npb_plus_2026_current_roster_100,100_OF_100_TARGET_ROSTER_ROWS,npb_plus_sprint_exposure_2026,B_CURRENT_ORDINAL_SAMPLE_COUNT_NOT_PUBLISHED,NPB+ local measurement table; NPB official individual batting pages; existing PBP-derived proxy tables from Nippon Baseball Data Repository data,https://www.japan-baseball.jp/npb-plus/;https://npb.jp/bis/2026/stats/idb1_s.html;https://npb.jp/bis/2025/stats/idb1_s.html;https://github.com/armstjc/Nippon-Baseball-Data-Repository,CURRENT_BASEBALL_SPEED,,CANONICAL_SOURCE_RECORD,false,ACCEPTED_MODERATE_CURRENT_ORDINAL,,npb_plus_2026_サンタナ,EXACT_OR_NOT_APPLICABLE,true,A0166,Current 2026 ordinal anchor only. Missing published sample and qualified-run counts prevent high-confidence calibration or a cross-system unit bridge.
R00413,並木 秀尊,並木 秀尊,東京ヤクルトスワローズ,2026 season snapshot,2026,2026,NPB_PLUS_SPRINT_SPEED_KMH,33.8,km_per_hour,NPB+ published sprint-speed field,NPB+ public definition; detailed qualified-run count not published,in-game tracking aggregate,npb_plus_2026_current_roster_100,100_OF_100_TARGET_ROSTER_ROWS,npb_plus_sprint_exposure_2026,B_CURRENT_ORDINAL_SAMPLE_COUNT_NOT_PUBLISHED,NPB+ local measurement table; NPB official individual batting pages; existing PBP-derived proxy tables from Nippon Baseball Data Repository data,https://www.japan-baseball.jp/npb-plus/;https://npb.jp/bis/2026/stats/idb1_s.html;https://npb.jp/bis/2025/stats/idb1_s.html;https://github.com/armstjc/Nippon-Baseball-Data-Repository,CURRENT_BASEBALL_SPEED,,CANONICAL_SOURCE_RECORD,false,ACCEPTED_MODERATE_CURRENT_ORDINAL,,npb_plus_2026_並木秀尊,EXACT_OR_NOT_APPLICABLE,true,A0167,Current 2026 ordinal anchor only. Missing published sample and qualified-run counts prevent high-confidence calibration or a cross-system unit bridge.
R00414,中村 悠平,中村 悠平,東京ヤクルトスワローズ,2026 season snapshot,2026,2026,NPB_PLUS_SPRINT_SPEED_KMH,30.4,km_per_hour,NPB+ published sprint-speed field,NPB+ public definition; detailed qualified-run count not published,in-game tracking aggregate,npb_plus_2026_current_roster_100,100_OF_100_TARGET_ROSTER_ROWS,npb_plus_sprint_exposure_2026,B_CURRENT_ORDINAL_SAMPLE_COUNT_NOT_PUBLISHED,NPB+ local measurement table; NPB official individual batting pages; existing PBP-derived proxy tables from Nippon Baseball Data Repository data,https://www.japan-baseball.jp/npb-plus/;https://npb.jp/bis/2026/stats/idb1_s.html;https://npb.jp/bis/2025/stats/idb1_s.html;https://github.com/armstjc/Nippon-Baseball-Data-Repository,CURRENT_BASEBALL_SPEED,,CANONICAL_SOURCE_RECORD,false,ACCEPTED_MODERATE_CURRENT_ORDINAL,,npb_plus_2026_中村悠平,EXACT_OR_NOT_APPLICABLE,true,A0168,Current 2026 ordinal anchor only. Missing published sample and qualified-run counts prevent high-confidence calibration or a cross-system unit bridge.
R00415,丸山 和郁,丸山 和郁,東京ヤクルトスワローズ,2026 season snapshot,2026,2026,NPB_PLUS_SPRINT_SPEED_KMH,32.4,km_per_hour,NPB+ published sprint-speed field,NPB+ public definition; detailed qualified-run count not published,in-game tracking aggregate,npb_plus_2026_current_roster_100,100_OF_100_TARGET_ROSTER_ROWS,npb_plus_sprint_exposure_2026,B_CURRENT_ORDINAL_SAMPLE_COUNT_NOT_PUBLISHED,NPB+ local measurement table; NPB official individual batting pages; existing PBP-derived proxy tables from Nippon Baseball Data Repository data,https://www.japan-baseball.jp/npb-plus/;https://npb.jp/bis/2026/stats/idb1_s.html;https://npb.jp/bis/2025/stats/idb1_s.html;https://github.com/armstjc/Nippon-Baseball-Data-Repository,CURRENT_BASEBALL_SPEED,,CANONICAL_SOURCE_RECORD,false,ACCEPTED_MODERATE_CURRENT_ORDINAL,,npb_plus_2026_丸山和郁,EXACT_OR_NOT_APPLICABLE,true,A0169,Current 2026 ordinal anchor only. Missing published sample and qualified-run counts prevent high-confidence calibration or a cross-system unit bridge.
R00416,古賀 優大,古賀 優大,東京ヤクルトスワローズ,2026 season snapshot,2026,2026,NPB_PLUS_SPRINT_SPEED_KMH,32.1,km_per_hour,NPB+ published sprint-speed field,NPB+ public definition; detailed qualified-run count not published,in-game tracking aggregate,npb_plus_2026_current_roster_100,100_OF_100_TARGET_ROSTER_ROWS,npb_plus_sprint_exposure_2026,B_CURRENT_ORDINAL_SAMPLE_COUNT_NOT_PUBLISHED,NPB+ local measurement table; NPB official individual batting pages; existing PBP-derived proxy tables from Nippon Baseball Data Repository data,https://www.japan-baseball.jp/npb-plus/;https://npb.jp/bis/2026/stats/idb1_s.html;https://npb.jp/bis/2025/stats/idb1_s.html;https://github.com/armstjc/Nippon-Baseball-Data-Repository,CURRENT_BASEBALL_SPEED,,CANONICAL_SOURCE_RECORD,false,ACCEPTED_MODERATE_CURRENT_ORDINAL,,npb_plus_2026_古賀優大,EXACT_OR_NOT_APPLICABLE,true,A0170,Current 2026 ordinal anchor only. Missing published sample and qualified-run counts prevent high-confidence calibration or a cross-system unit bridge.
R00417,塩見 泰隆,塩見 泰隆,東京ヤクルトスワローズ,2026 season snapshot,2026,2026,NPB_PLUS_SPRINT_SPEED_KMH,32.3,km_per_hour,NPB+ published sprint-speed field,NPB+ public definition; detailed qualified-run count not published,in-game tracking aggregate,npb_plus_2026_current_roster_100,100_OF_100_TARGET_ROSTER_ROWS,npb_plus_sprint_exposure_2026,B_CURRENT_ORDINAL_SAMPLE_COUNT_NOT_PUBLISHED,NPB+ local measurement table; NPB official individual batting pages; existing PBP-derived proxy tables from Nippon Baseball Data Repository data,https://www.japan-baseball.jp/npb-plus/;https://npb.jp/bis/2026/stats/idb1_s.html;https://npb.jp/bis/2025/stats/idb1_s.html;https://github.com/armstjc/Nippon-Baseball-Data-Repository,CURRENT_BASEBALL_SPEED,,CANONICAL_SOURCE_RECORD,false,ACCEPTED_MODERATE_CURRENT_ORDINAL,,npb_plus_2026_塩見泰隆,EXACT_OR_NOT_APPLICABLE,true,A0171,Current 2026 ordinal anchor only. Missing published sample and qualified-run counts prevent high-confidence calibration or a cross-system unit bridge.
R00418,岩田 幸宏,岩田 幸宏,東京ヤクルトスワローズ,2026 season snapshot,2026,2026,NPB_PLUS_SPRINT_SPEED_KMH,33.6,km_per_hour,NPB+ published sprint-speed field,NPB+ public definition; detailed qualified-run count not published,in-game tracking aggregate,npb_plus_2026_current_roster_100,100_OF_100_TARGET_ROSTER_ROWS,npb_plus_sprint_exposure_2026,B_CURRENT_ORDINAL_SAMPLE_COUNT_NOT_PUBLISHED,NPB+ local measurement table; NPB official individual batting pages; existing PBP-derived proxy tables from Nippon Baseball Data Repository data,https://www.japan-baseball.jp/npb-plus/;https://npb.jp/bis/2026/stats/idb1_s.html;https://npb.jp/bis/2025/stats/idb1_s.html;https://github.com/armstjc/Nippon-Baseball-Data-Repository,CURRENT_BASEBALL_SPEED,,CANONICAL_SOURCE_RECORD,false,ACCEPTED_MODERATE_CURRENT_ORDINAL,,npb_plus_2026_岩田幸宏,EXACT_OR_NOT_APPLICABLE,true,A0172,Current 2026 ordinal anchor only. Missing published sample and qualified-run counts prevent high-confidence calibration or a cross-system unit bridge.
R00419,長岡 秀樹,長岡 秀樹,東京ヤクルトスワローズ,2026 season snapshot,2026,2026,NPB_PLUS_SPRINT_SPEED_KMH,31.6,km_per_hour,NPB+ published sprint-speed field,NPB+ public definition; detailed qualified-run count not published,in-game tracking aggregate,npb_plus_2026_current_roster_100,100_OF_100_TARGET_ROSTER_ROWS,npb_plus_sprint_exposure_2026,B_CURRENT_ORDINAL_SAMPLE_COUNT_NOT_PUBLISHED,NPB+ local measurement table; NPB official individual batting pages; existing PBP-derived proxy tables from Nippon Baseball Data Repository data,https://www.japan-baseball.jp/npb-plus/;https://npb.jp/bis/2026/stats/idb1_s.html;https://npb.jp/bis/2025/stats/idb1_s.html;https://github.com/armstjc/Nippon-Baseball-Data-Repository,CURRENT_BASEBALL_SPEED,,CANONICAL_SOURCE_RECORD,false,ACCEPTED_MODERATE_CURRENT_ORDINAL,,npb_plus_2026_長岡秀樹,EXACT_OR_NOT_APPLICABLE,true,A0173,Current 2026 ordinal anchor only. Missing published sample and qualified-run counts prevent high-confidence calibration or a cross-system unit bridge.
R00420,太田 光,太田 光,東北楽天ゴールデンイーグルス,2026 season snapshot,2026,2026,NPB_PLUS_SPRINT_SPEED_KMH,30.5,km_per_hour,NPB+ published sprint-speed field,NPB+ public definition; detailed qualified-run count not published,in-game tracking aggregate,npb_plus_2026_current_roster_100,100_OF_100_TARGET_ROSTER_ROWS,npb_plus_sprint_exposure_2026,B_CURRENT_ORDINAL_SAMPLE_COUNT_NOT_PUBLISHED,NPB+ local measurement table; NPB official individual batting pages; existing PBP-derived proxy tables from Nippon Baseball Data Repository data,https://www.japan-baseball.jp/npb-plus/;https://npb.jp/bis/2026/stats/idb1_e.html;https://npb.jp/bis/2025/stats/idb1_e.html;https://github.com/armstjc/Nippon-Baseball-Data-Repository,CURRENT_BASEBALL_SPEED,,CANONICAL_SOURCE_RECORD,false,ACCEPTED_MODERATE_CURRENT_ORDINAL,,npb_plus_2026_太田光,EXACT_OR_NOT_APPLICABLE,true,A0174,Current 2026 ordinal anchor only. Missing published sample and qualified-run counts prevent high-confidence calibration or a cross-system unit bridge.
R00421,村林 一輝,村林 一輝,東北楽天ゴールデンイーグルス,2026 season snapshot,2026,2026,NPB_PLUS_SPRINT_SPEED_KMH,34.5,km_per_hour,NPB+ published sprint-speed field,NPB+ public definition; detailed qualified-run count not published,in-game tracking aggregate,npb_plus_2026_current_roster_100,100_OF_100_TARGET_ROSTER_ROWS,npb_plus_sprint_exposure_2026,B_CURRENT_ORDINAL_SAMPLE_COUNT_NOT_PUBLISHED,NPB+ local measurement table; NPB official individual batting pages; existing PBP-derived proxy tables from Nippon Baseball Data Repository data,https://www.japan-baseball.jp/npb-plus/;https://npb.jp/bis/2026/stats/idb1_e.html;https://npb.jp/bis/2025/stats/idb1_e.html;https://github.com/armstjc/Nippon-Baseball-Data-Repository,CURRENT_BASEBALL_SPEED,,CANONICAL_SOURCE_RECORD,false,ACCEPTED_MODERATE_CURRENT_ORDINAL,,npb_plus_2026_村林一輝,EXACT_OR_NOT_APPLICABLE,true,A0175,Current 2026 ordinal anchor only. Missing published sample and qualified-run counts prevent high-confidence calibration or a cross-system unit bridge.
R00422,浅村 栄斗,浅村 栄斗,東北楽天ゴールデンイーグルス,2026 season snapshot,2026,2026,NPB_PLUS_SPRINT_SPEED_KMH,30.5,km_per_hour,NPB+ published sprint-speed field,NPB+ public definition; detailed qualified-run count not published,in-game tracking aggregate,npb_plus_2026_current_roster_100,100_OF_100_TARGET_ROSTER_ROWS,npb_plus_sprint_exposure_2026,B_CURRENT_ORDINAL_SAMPLE_COUNT_NOT_PUBLISHED,NPB+ local measurement table; NPB official individual batting pages; existing PBP-derived proxy tables from Nippon Baseball Data Repository data,https://www.japan-baseball.jp/npb-plus/;https://npb.jp/bis/2026/stats/idb1_e.html;https://npb.jp/bis/2025/stats/idb1_e.html;https://github.com/armstjc/Nippon-Baseball-Data-Repository,CURRENT_BASEBALL_SPEED,,CANONICAL_SOURCE_RECORD,false,ACCEPTED_MODERATE_CURRENT_ORDINAL,,npb_plus_2026_浅村栄斗,EXACT_OR_NOT_APPLICABLE,true,A0176,Current 2026 ordinal anchor only. Missing published sample and qualified-run counts prevent high-confidence calibration or a cross-system unit bridge.
R00423,渡邊 佳明,渡邊 佳明,東北楽天ゴールデンイーグルス,2026 season snapshot,2026,2026,NPB_PLUS_SPRINT_SPEED_KMH,30.3,km_per_hour,NPB+ published sprint-speed field,NPB+ public definition; detailed qualified-run count not published,in-game tracking aggregate,npb_plus_2026_current_roster_100,100_OF_100_TARGET_ROSTER_ROWS,npb_plus_sprint_exposure_2026,B_CURRENT_ORDINAL_SAMPLE_COUNT_NOT_PUBLISHED,NPB+ local measurement table; NPB official individual batting pages; existing PBP-derived proxy tables from Nippon Baseball Data Repository data,https://www.japan-baseball.jp/npb-plus/;https://npb.jp/bis/2026/stats/idb1_e.html;https://npb.jp/bis/2025/stats/idb1_e.html;https://github.com/armstjc/Nippon-Baseball-Data-Repository,CURRENT_BASEBALL_SPEED,,CANONICAL_SOURCE_RECORD,false,ACCEPTED_MODERATE_CURRENT_ORDINAL,,npb_plus_2026_渡邊佳明,EXACT_OR_NOT_APPLICABLE,true,A0177,Current 2026 ordinal anchor only. Missing published sample and qualified-run counts prevent high-confidence calibration or a cross-system unit bridge.
R00424,鈴木 大地,鈴木 大地,東北楽天ゴールデンイーグルス,2026 season snapshot,2026,2026,NPB_PLUS_SPRINT_SPEED_KMH,29,km_per_hour,NPB+ published sprint-speed field,NPB+ public definition; detailed qualified-run count not published,in-game tracking aggregate,npb_plus_2026_current_roster_100,100_OF_100_TARGET_ROSTER_ROWS,npb_plus_sprint_exposure_2026,B_CURRENT_ORDINAL_SAMPLE_COUNT_NOT_PUBLISHED,NPB+ local measurement table; NPB official individual batting pages; existing PBP-derived proxy tables from Nippon Baseball Data Repository data,https://www.japan-baseball.jp/npb-plus/;https://npb.jp/bis/2026/stats/idb1_e.html;https://npb.jp/bis/2025/stats/idb1_e.html;https://github.com/armstjc/Nippon-Baseball-Data-Repository,CURRENT_BASEBALL_SPEED,,CANONICAL_SOURCE_RECORD,false,ACCEPTED_MODERATE_CURRENT_ORDINAL,,npb_plus_2026_鈴木大地,EXACT_OR_NOT_APPLICABLE,true,A0178,Current 2026 ordinal anchor only. Missing published sample and qualified-run counts prevent high-confidence calibration or a cross-system unit bridge.
R00425,京田 陽太,京田 陽太,横浜DeNAベイスターズ,2026 season snapshot,2026,2026,NPB_PLUS_SPRINT_SPEED_KMH,31.1,km_per_hour,NPB+ published sprint-speed field,NPB+ public definition; detailed qualified-run count not published,in-game tracking aggregate,npb_plus_2026_current_roster_100,100_OF_100_TARGET_ROSTER_ROWS,npb_plus_sprint_exposure_2026,B_CURRENT_ORDINAL_SAMPLE_COUNT_NOT_PUBLISHED,NPB+ local measurement table; NPB official individual batting pages; existing PBP-derived proxy tables from Nippon Baseball Data Repository data,https://www.japan-baseball.jp/npb-plus/;https://npb.jp/bis/2026/stats/idb1_db.html;https://npb.jp/bis/2025/stats/idb1_db.html;https://github.com/armstjc/Nippon-Baseball-Data-Repository,CURRENT_BASEBALL_SPEED,,CANONICAL_SOURCE_RECORD,false,ACCEPTED_MODERATE_CURRENT_ORDINAL,,npb_plus_2026_京田陽太,EXACT_OR_NOT_APPLICABLE,true,A0179,Current 2026 ordinal anchor only. Missing published sample and qualified-run counts prevent high-confidence calibration or a cross-system unit bridge.
R00426,佐野 恵太,佐野 恵太,横浜DeNAベイスターズ,2026 season snapshot,2026,2026,NPB_PLUS_SPRINT_SPEED_KMH,30.6,km_per_hour,NPB+ published sprint-speed field,NPB+ public definition; detailed qualified-run count not published,in-game tracking aggregate,npb_plus_2026_current_roster_100,100_OF_100_TARGET_ROSTER_ROWS,npb_plus_sprint_exposure_2026,B_CURRENT_ORDINAL_SAMPLE_COUNT_NOT_PUBLISHED,NPB+ local measurement table; NPB official individual batting pages; existing PBP-derived proxy tables from Nippon Baseball Data Repository data,https://www.japan-baseball.jp/npb-plus/;https://npb.jp/bis/2026/stats/idb1_db.html;https://npb.jp/bis/2025/stats/idb1_db.html;https://github.com/armstjc/Nippon-Baseball-Data-Repository,CURRENT_BASEBALL_SPEED,,CANONICAL_SOURCE_RECORD,false,ACCEPTED_MODERATE_CURRENT_ORDINAL,,npb_plus_2026_佐野恵太,EXACT_OR_NOT_APPLICABLE,true,A0180,Current 2026 ordinal anchor only. Missing published sample and qualified-run counts prevent high-confidence calibration or a cross-system unit bridge.
R00427,宮﨑 敏郎,宮﨑 敏郎,横浜DeNAベイスターズ,2026 season snapshot,2026,2026,NPB_PLUS_SPRINT_SPEED_KMH,30.3,km_per_hour,NPB+ published sprint-speed field,NPB+ public definition; detailed qualified-run count not published,in-game tracking aggregate,npb_plus_2026_current_roster_100,100_OF_100_TARGET_ROSTER_ROWS,npb_plus_sprint_exposure_2026,B_CURRENT_ORDINAL_SAMPLE_COUNT_NOT_PUBLISHED,NPB+ local measurement table; NPB official individual batting pages; existing PBP-derived proxy tables from Nippon Baseball Data Repository data,https://www.japan-baseball.jp/npb-plus/;https://npb.jp/bis/2026/stats/idb1_db.html;https://npb.jp/bis/2025/stats/idb1_db.html;https://github.com/armstjc/Nippon-Baseball-Data-Repository,CURRENT_BASEBALL_SPEED,,CANONICAL_SOURCE_RECORD,false,ACCEPTED_MODERATE_CURRENT_ORDINAL,,npb_plus_2026_宮﨑敏郎,EXACT_OR_NOT_APPLICABLE,true,A0181,Current 2026 ordinal anchor only. Missing published sample and qualified-run counts prevent high-confidence calibration or a cross-system unit bridge.
R00428,山本 祐大,山本 祐大,横浜DeNAベイスターズ,2026 season snapshot,2026,2026,NPB_PLUS_SPRINT_SPEED_KMH,31,km_per_hour,NPB+ published sprint-speed field,NPB+ public definition; detailed qualified-run count not published,in-game tracking aggregate,npb_plus_2026_current_roster_100,100_OF_100_TARGET_ROSTER_ROWS,npb_plus_sprint_exposure_2026,B_CURRENT_ORDINAL_SAMPLE_COUNT_NOT_PUBLISHED,NPB+ local measurement table; NPB official individual batting pages; existing PBP-derived proxy tables from Nippon Baseball Data Repository data,https://www.japan-baseball.jp/npb-plus/;https://npb.jp/bis/2026/stats/idb1_db.html;https://npb.jp/bis/2026/stats/idb1_h.html;https://npb.jp/bis/2025/stats/idb1_db.html;https://github.com/armstjc/Nippon-Baseball-Data-Repository,CURRENT_BASEBALL_SPEED,,CANONICAL_SOURCE_RECORD,false,ACCEPTED_MODERATE_CURRENT_ORDINAL,,npb_plus_2026_山本祐大,EXACT_OR_NOT_APPLICABLE,true,A0182,Current 2026 ordinal anchor only. Missing published sample and qualified-run counts prevent high-confidence calibration or a cross-system unit bridge.
R00429,度会 隆輝,度会 隆輝,横浜DeNAベイスターズ,2026 season snapshot,2026,2026,NPB_PLUS_SPRINT_SPEED_KMH,31.7,km_per_hour,NPB+ published sprint-speed field,NPB+ public definition; detailed qualified-run count not published,in-game tracking aggregate,npb_plus_2026_current_roster_100,100_OF_100_TARGET_ROSTER_ROWS,npb_plus_sprint_exposure_2026,B_CURRENT_ORDINAL_SAMPLE_COUNT_NOT_PUBLISHED,NPB+ local measurement table; NPB official individual batting pages; existing PBP-derived proxy tables from Nippon Baseball Data Repository data,https://www.japan-baseball.jp/npb-plus/;https://npb.jp/bis/2026/stats/idb1_db.html;https://npb.jp/bis/2025/stats/idb1_db.html;https://github.com/armstjc/Nippon-Baseball-Data-Repository,CURRENT_BASEBALL_SPEED,,CANONICAL_SOURCE_RECORD,false,ACCEPTED_MODERATE_CURRENT_ORDINAL,,npb_plus_2026_度会隆輝,EXACT_OR_NOT_APPLICABLE,true,A0183,Current 2026 ordinal anchor only. Missing published sample and qualified-run counts prevent high-confidence calibration or a cross-system unit bridge.
R00430,林 琢真,林 琢真,横浜DeNAベイスターズ,2026 season snapshot,2026,2026,NPB_PLUS_SPRINT_SPEED_KMH,32,km_per_hour,NPB+ published sprint-speed field,NPB+ public definition; detailed qualified-run count not published,in-game tracking aggregate,npb_plus_2026_current_roster_100,100_OF_100_TARGET_ROSTER_ROWS,npb_plus_sprint_exposure_2026,B_CURRENT_ORDINAL_SAMPLE_COUNT_NOT_PUBLISHED,NPB+ local measurement table; NPB official individual batting pages; existing PBP-derived proxy tables from Nippon Baseball Data Repository data,https://www.japan-baseball.jp/npb-plus/;https://npb.jp/bis/2026/stats/idb1_db.html;https://npb.jp/bis/2025/stats/idb1_db.html;https://github.com/armstjc/Nippon-Baseball-Data-Repository,CURRENT_BASEBALL_SPEED,,CANONICAL_SOURCE_RECORD,false,ACCEPTED_MODERATE_CURRENT_ORDINAL,,npb_plus_2026_林琢真,EXACT_OR_NOT_APPLICABLE,true,A0184,Current 2026 ordinal anchor only. Missing published sample and qualified-run counts prevent high-confidence calibration or a cross-system unit bridge.
R00431,梶原 昂希,梶原 昂希,横浜DeNAベイスターズ,2026 season snapshot,2026,2026,NPB_PLUS_SPRINT_SPEED_KMH,33.4,km_per_hour,NPB+ published sprint-speed field,NPB+ public definition; detailed qualified-run count not published,in-game tracking aggregate,npb_plus_2026_current_roster_100,100_OF_100_TARGET_ROSTER_ROWS,npb_plus_sprint_exposure_2026,B_CURRENT_ORDINAL_SAMPLE_COUNT_NOT_PUBLISHED,NPB+ local measurement table; NPB official individual batting pages; existing PBP-derived proxy tables from Nippon Baseball Data Repository data,https://www.japan-baseball.jp/npb-plus/;https://npb.jp/bis/2026/stats/idb1_db.html;https://npb.jp/bis/2025/stats/idb1_db.html;https://github.com/armstjc/Nippon-Baseball-Data-Repository,CURRENT_BASEBALL_SPEED,,CANONICAL_SOURCE_RECORD,false,ACCEPTED_MODERATE_CURRENT_ORDINAL,,npb_plus_2026_梶原昂希,EXACT_OR_NOT_APPLICABLE,true,A0185,Current 2026 ordinal anchor only. Missing published sample and qualified-run counts prevent high-confidence calibration or a cross-system unit bridge.
R00432,牧 秀悟,牧 秀悟,横浜DeNAベイスターズ,2026 season snapshot,2026,2026,NPB_PLUS_SPRINT_SPEED_KMH,31.6,km_per_hour,NPB+ published sprint-speed field,NPB+ public definition; detailed qualified-run count not published,in-game tracking aggregate,npb_plus_2026_current_roster_100,100_OF_100_TARGET_ROSTER_ROWS,npb_plus_sprint_exposure_2026,B_CURRENT_ORDINAL_SAMPLE_COUNT_NOT_PUBLISHED,NPB+ local measurement table; NPB official individual batting pages; existing PBP-derived proxy tables from Nippon Baseball Data Repository data,https://www.japan-baseball.jp/npb-plus/;https://npb.jp/bis/2026/stats/idb1_db.html;https://npb.jp/bis/2025/stats/idb1_db.html;https://github.com/armstjc/Nippon-Baseball-Data-Repository,CURRENT_BASEBALL_SPEED,,CANONICAL_SOURCE_RECORD,false,ACCEPTED_MODERATE_CURRENT_ORDINAL,,npb_plus_2026_牧秀悟,EXACT_OR_NOT_APPLICABLE,true,A0186,Current 2026 ordinal anchor only. Missing published sample and qualified-run counts prevent high-confidence calibration or a cross-system unit bridge.
R00433,筒香 嘉智,筒香 嘉智,横浜DeNAベイスターズ,2026 season snapshot,2026,2026,NPB_PLUS_SPRINT_SPEED_KMH,30.2,km_per_hour,NPB+ published sprint-speed field,NPB+ public definition; detailed qualified-run count not published,in-game tracking aggregate,npb_plus_2026_current_roster_100,100_OF_100_TARGET_ROSTER_ROWS,npb_plus_sprint_exposure_2026,B_CURRENT_ORDINAL_SAMPLE_COUNT_NOT_PUBLISHED,NPB+ local measurement table; NPB official individual batting pages; existing PBP-derived proxy tables from Nippon Baseball Data Repository data,https://www.japan-baseball.jp/npb-plus/;https://npb.jp/bis/2026/stats/idb1_db.html;https://npb.jp/bis/2025/stats/idb1_db.html;https://github.com/armstjc/Nippon-Baseball-Data-Repository,CURRENT_BASEBALL_SPEED,,CANONICAL_SOURCE_RECORD,false,ACCEPTED_MODERATE_CURRENT_ORDINAL,,npb_plus_2026_筒香嘉智,EXACT_OR_NOT_APPLICABLE,true,A0187,Current 2026 ordinal anchor only. Missing published sample and qualified-run counts prevent high-confidence calibration or a cross-system unit bridge.
R00434,蝦名 達夫,蝦名 達夫,横浜DeNAベイスターズ,2026 season snapshot,2026,2026,NPB_PLUS_SPRINT_SPEED_KMH,31.4,km_per_hour,NPB+ published sprint-speed field,NPB+ public definition; detailed qualified-run count not published,in-game tracking aggregate,npb_plus_2026_current_roster_100,100_OF_100_TARGET_ROSTER_ROWS,npb_plus_sprint_exposure_2026,B_CURRENT_ORDINAL_SAMPLE_COUNT_NOT_PUBLISHED,NPB+ local measurement table; NPB official individual batting pages; existing PBP-derived proxy tables from Nippon Baseball Data Repository data,https://www.japan-baseball.jp/npb-plus/;https://npb.jp/bis/2026/stats/idb1_db.html;https://npb.jp/bis/2025/stats/idb1_db.html;https://github.com/armstjc/Nippon-Baseball-Data-Repository,CURRENT_BASEBALL_SPEED,,CANONICAL_SOURCE_RECORD,false,ACCEPTED_MODERATE_CURRENT_ORDINAL,,npb_plus_2026_蝦名達夫,EXACT_OR_NOT_APPLICABLE,true,A0188,Current 2026 ordinal anchor only. Missing published sample and qualified-run counts prevent high-confidence calibration or a cross-system unit bridge.
R00435,今宮 健太,今宮 健太,福岡ソフトバンクホークス,2026 season snapshot,2026,2026,NPB_PLUS_SPRINT_SPEED_KMH,30.4,km_per_hour,NPB+ published sprint-speed field,NPB+ public definition; detailed qualified-run count not published,in-game tracking aggregate,npb_plus_2026_current_roster_100,100_OF_100_TARGET_ROSTER_ROWS,npb_plus_sprint_exposure_2026,B_CURRENT_ORDINAL_SAMPLE_COUNT_NOT_PUBLISHED,NPB+ local measurement table; NPB official individual batting pages; existing PBP-derived proxy tables from Nippon Baseball Data Repository data,https://www.japan-baseball.jp/npb-plus/;https://npb.jp/bis/2026/stats/idb1_h.html;https://npb.jp/bis/2025/stats/idb1_h.html;https://github.com/armstjc/Nippon-Baseball-Data-Repository,CURRENT_BASEBALL_SPEED,,CANONICAL_SOURCE_RECORD,false,ACCEPTED_MODERATE_CURRENT_ORDINAL,,npb_plus_2026_今宮健太,EXACT_OR_NOT_APPLICABLE,true,A0189,Current 2026 ordinal anchor only. Missing published sample and qualified-run counts prevent high-confidence calibration or a cross-system unit bridge.
R00436,周東 佑京,周東 佑京,福岡ソフトバンクホークス,2026 season snapshot,2026,2026,NPB_PLUS_SPRINT_SPEED_KMH,35,km_per_hour,NPB+ published sprint-speed field,NPB+ public definition; detailed qualified-run count not published,in-game tracking aggregate,npb_plus_2026_current_roster_100,100_OF_100_TARGET_ROSTER_ROWS,npb_plus_sprint_exposure_2026,B_CURRENT_ORDINAL_SAMPLE_COUNT_NOT_PUBLISHED,NPB+ local measurement table; NPB official individual batting pages; existing PBP-derived proxy tables from Nippon Baseball Data Repository data,https://www.japan-baseball.jp/npb-plus/;https://npb.jp/bis/2026/stats/idb1_h.html;https://npb.jp/bis/2025/stats/idb1_h.html;https://github.com/armstjc/Nippon-Baseball-Data-Repository,CURRENT_BASEBALL_SPEED,,CANONICAL_SOURCE_RECORD,false,ACCEPTED_MODERATE_CURRENT_ORDINAL,,npb_plus_2026_周東佑京,EXACT_OR_NOT_APPLICABLE,true,A0190,Current 2026 ordinal anchor only. Missing published sample and qualified-run counts prevent high-confidence calibration or a cross-system unit bridge.
R00437,山川 穂高,山川 穂高,福岡ソフトバンクホークス,2026 season snapshot,2026,2026,NPB_PLUS_SPRINT_SPEED_KMH,29.4,km_per_hour,NPB+ published sprint-speed field,NPB+ public definition; detailed qualified-run count not published,in-game tracking aggregate,npb_plus_2026_current_roster_100,100_OF_100_TARGET_ROSTER_ROWS,npb_plus_sprint_exposure_2026,B_CURRENT_ORDINAL_SAMPLE_COUNT_NOT_PUBLISHED,NPB+ local measurement table; NPB official individual batting pages; existing PBP-derived proxy tables from Nippon Baseball Data Repository data,https://www.japan-baseball.jp/npb-plus/;https://npb.jp/bis/2026/stats/idb1_h.html;https://npb.jp/bis/2025/stats/idb1_h.html;https://github.com/armstjc/Nippon-Baseball-Data-Repository,CURRENT_BASEBALL_SPEED,,CANONICAL_SOURCE_RECORD,false,ACCEPTED_MODERATE_CURRENT_ORDINAL,,npb_plus_2026_山川穂高,EXACT_OR_NOT_APPLICABLE,true,A0191,Current 2026 ordinal anchor only. Missing published sample and qualified-run counts prevent high-confidence calibration or a cross-system unit bridge.
R00438,柳田 悠岐,柳田 悠岐,福岡ソフトバンクホークス,2026 season snapshot,2026,2026,NPB_PLUS_SPRINT_SPEED_KMH,32.1,km_per_hour,NPB+ published sprint-speed field,NPB+ public definition; detailed qualified-run count not published,in-game tracking aggregate,npb_plus_2026_current_roster_100,100_OF_100_TARGET_ROSTER_ROWS,npb_plus_sprint_exposure_2026,B_CURRENT_ORDINAL_SAMPLE_COUNT_NOT_PUBLISHED,NPB+ local measurement table; NPB official individual batting pages; existing PBP-derived proxy tables from Nippon Baseball Data Repository data,https://www.japan-baseball.jp/npb-plus/;https://npb.jp/bis/2026/stats/idb1_h.html;https://npb.jp/bis/2025/stats/idb1_h.html;https://github.com/armstjc/Nippon-Baseball-Data-Repository,CURRENT_BASEBALL_SPEED,,CANONICAL_SOURCE_RECORD,false,ACCEPTED_MODERATE_CURRENT_ORDINAL,,npb_plus_2026_柳田悠岐,EXACT_OR_NOT_APPLICABLE,true,A0192,Current 2026 ordinal anchor only. Missing published sample and qualified-run counts prevent high-confidence calibration or a cross-system unit bridge.
R00439,柳町 達,柳町 達,福岡ソフトバンクホークス,2026 season snapshot,2026,2026,NPB_PLUS_SPRINT_SPEED_KMH,31.5,km_per_hour,NPB+ published sprint-speed field,NPB+ public definition; detailed qualified-run count not published,in-game tracking aggregate,npb_plus_2026_current_roster_100,100_OF_100_TARGET_ROSTER_ROWS,npb_plus_sprint_exposure_2026,B_CURRENT_ORDINAL_SAMPLE_COUNT_NOT_PUBLISHED,NPB+ local measurement table; NPB official individual batting pages; existing PBP-derived proxy tables from Nippon Baseball Data Repository data,https://www.japan-baseball.jp/npb-plus/;https://npb.jp/bis/2026/stats/idb1_h.html;https://npb.jp/bis/2025/stats/idb1_h.html;https://github.com/armstjc/Nippon-Baseball-Data-Repository,CURRENT_BASEBALL_SPEED,,CANONICAL_SOURCE_RECORD,false,ACCEPTED_MODERATE_CURRENT_ORDINAL,,npb_plus_2026_柳町達,EXACT_OR_NOT_APPLICABLE,true,A0193,Current 2026 ordinal anchor only. Missing published sample and qualified-run counts prevent high-confidence calibration or a cross-system unit bridge.
R00440,栗原 陵矢,栗原 陵矢,福岡ソフトバンクホークス,2026 season snapshot,2026,2026,NPB_PLUS_SPRINT_SPEED_KMH,31.3,km_per_hour,NPB+ published sprint-speed field,NPB+ public definition; detailed qualified-run count not published,in-game tracking aggregate,npb_plus_2026_current_roster_100,100_OF_100_TARGET_ROSTER_ROWS,npb_plus_sprint_exposure_2026,B_CURRENT_ORDINAL_SAMPLE_COUNT_NOT_PUBLISHED,NPB+ local measurement table; NPB official individual batting pages; existing PBP-derived proxy tables from Nippon Baseball Data Repository data,https://www.japan-baseball.jp/npb-plus/;https://npb.jp/bis/2026/stats/idb1_h.html;https://npb.jp/bis/2025/stats/idb1_h.html;https://github.com/armstjc/Nippon-Baseball-Data-Repository,CURRENT_BASEBALL_SPEED,,CANONICAL_SOURCE_RECORD,false,ACCEPTED_MODERATE_CURRENT_ORDINAL,,npb_plus_2026_栗原陵矢,EXACT_OR_NOT_APPLICABLE,true,A0194,Current 2026 ordinal anchor only. Missing published sample and qualified-run counts prevent high-confidence calibration or a cross-system unit bridge.
R00441,正木 智也,正木 智也,福岡ソフトバンクホークス,2026 season snapshot,2026,2026,NPB_PLUS_SPRINT_SPEED_KMH,31.1,km_per_hour,NPB+ published sprint-speed field,NPB+ public definition; detailed qualified-run count not published,in-game tracking aggregate,npb_plus_2026_current_roster_100,100_OF_100_TARGET_ROSTER_ROWS,npb_plus_sprint_exposure_2026,B_CURRENT_ORDINAL_SAMPLE_COUNT_NOT_PUBLISHED,NPB+ local measurement table; NPB official individual batting pages; existing PBP-derived proxy tables from Nippon Baseball Data Repository data,https://www.japan-baseball.jp/npb-plus/;https://npb.jp/bis/2026/stats/idb1_h.html;https://npb.jp/bis/2025/stats/idb1_h.html;https://github.com/armstjc/Nippon-Baseball-Data-Repository,CURRENT_BASEBALL_SPEED,,CANONICAL_SOURCE_RECORD,false,ACCEPTED_MODERATE_CURRENT_ORDINAL,,npb_plus_2026_正木智也,EXACT_OR_NOT_APPLICABLE,true,A0195,Current 2026 ordinal anchor only. Missing published sample and qualified-run counts prevent high-confidence calibration or a cross-system unit bridge.
R00442,海野 隆司,海野 隆司,福岡ソフトバンクホークス,2026 season snapshot,2026,2026,NPB_PLUS_SPRINT_SPEED_KMH,30.3,km_per_hour,NPB+ published sprint-speed field,NPB+ public definition; detailed qualified-run count not published,in-game tracking aggregate,npb_plus_2026_current_roster_100,100_OF_100_TARGET_ROSTER_ROWS,npb_plus_sprint_exposure_2026,B_CURRENT_ORDINAL_SAMPLE_COUNT_NOT_PUBLISHED,NPB+ local measurement table; NPB official individual batting pages; existing PBP-derived proxy tables from Nippon Baseball Data Repository data,https://www.japan-baseball.jp/npb-plus/;https://npb.jp/bis/2026/stats/idb1_h.html;https://npb.jp/bis/2025/stats/idb1_h.html;https://github.com/armstjc/Nippon-Baseball-Data-Repository,CURRENT_BASEBALL_SPEED,,CANONICAL_SOURCE_RECORD,false,ACCEPTED_MODERATE_CURRENT_ORDINAL,,npb_plus_2026_海野隆司,EXACT_OR_NOT_APPLICABLE,true,A0196,Current 2026 ordinal anchor only. Missing published sample and qualified-run counts prevent high-confidence calibration or a cross-system unit bridge.
R00443,牧原 大成,牧原 大成,福岡ソフトバンクホークス,2026 season snapshot,2026,2026,NPB_PLUS_SPRINT_SPEED_KMH,33.5,km_per_hour,NPB+ published sprint-speed field,NPB+ public definition; detailed qualified-run count not published,in-game tracking aggregate,npb_plus_2026_current_roster_100,100_OF_100_TARGET_ROSTER_ROWS,npb_plus_sprint_exposure_2026,B_CURRENT_ORDINAL_SAMPLE_COUNT_NOT_PUBLISHED,NPB+ local measurement table; NPB official individual batting pages; existing PBP-derived proxy tables from Nippon Baseball Data Repository data,https://www.japan-baseball.jp/npb-plus/;https://npb.jp/bis/2026/stats/idb1_h.html;https://npb.jp/bis/2025/stats/idb1_h.html;https://github.com/armstjc/Nippon-Baseball-Data-Repository,CURRENT_BASEBALL_SPEED,,CANONICAL_SOURCE_RECORD,false,ACCEPTED_MODERATE_CURRENT_ORDINAL,,npb_plus_2026_牧原大成,EXACT_OR_NOT_APPLICABLE,true,A0197,Current 2026 ordinal anchor only. Missing published sample and qualified-run counts prevent high-confidence calibration or a cross-system unit bridge.
R00444,近藤 健介,近藤 健介,福岡ソフトバンクホークス,2026 season snapshot,2026,2026,NPB_PLUS_SPRINT_SPEED_KMH,31.2,km_per_hour,NPB+ published sprint-speed field,NPB+ public definition; detailed qualified-run count not published,in-game tracking aggregate,npb_plus_2026_current_roster_100,100_OF_100_TARGET_ROSTER_ROWS,npb_plus_sprint_exposure_2026,B_CURRENT_ORDINAL_SAMPLE_COUNT_NOT_PUBLISHED,NPB+ local measurement table; NPB official individual batting pages; existing PBP-derived proxy tables from Nippon Baseball Data Repository data,https://www.japan-baseball.jp/npb-plus/;https://npb.jp/bis/2026/stats/idb1_h.html;https://npb.jp/bis/2025/stats/idb1_h.html;https://github.com/armstjc/Nippon-Baseball-Data-Repository,CURRENT_BASEBALL_SPEED,,CANONICAL_SOURCE_RECORD,false,ACCEPTED_MODERATE_CURRENT_ORDINAL,,npb_plus_2026_近藤健介,EXACT_OR_NOT_APPLICABLE,true,A0198,Current 2026 ordinal anchor only. Missing published sample and qualified-run counts prevent high-confidence calibration or a cross-system unit bridge.
R00445,丸 佳浩,丸 佳浩,読売ジャイアンツ,2026 season snapshot,2026,2026,NPB_PLUS_SPRINT_SPEED_KMH,31.4,km_per_hour,NPB+ published sprint-speed field,NPB+ public definition; detailed qualified-run count not published,in-game tracking aggregate,npb_plus_2026_current_roster_100,100_OF_100_TARGET_ROSTER_ROWS,npb_plus_sprint_exposure_2026,B_CURRENT_ORDINAL_SAMPLE_COUNT_NOT_PUBLISHED,NPB+ local measurement table; NPB official individual batting pages; existing PBP-derived proxy tables from Nippon Baseball Data Repository data,https://www.japan-baseball.jp/npb-plus/;https://npb.jp/bis/2026/stats/idb1_g.html;https://npb.jp/bis/2025/stats/idb1_g.html;https://github.com/armstjc/Nippon-Baseball-Data-Repository,CURRENT_BASEBALL_SPEED,,CANONICAL_SOURCE_RECORD,false,ACCEPTED_MODERATE_CURRENT_ORDINAL,,npb_plus_2026_丸佳浩,EXACT_OR_NOT_APPLICABLE,true,A0199,Current 2026 ordinal anchor only. Missing published sample and qualified-run counts prevent high-confidence calibration or a cross-system unit bridge.
R00446,佐々木 俊輔,佐々木 俊輔,読売ジャイアンツ,2026 season snapshot,2026,2026,NPB_PLUS_SPRINT_SPEED_KMH,33,km_per_hour,NPB+ published sprint-speed field,NPB+ public definition; detailed qualified-run count not published,in-game tracking aggregate,npb_plus_2026_current_roster_100,100_OF_100_TARGET_ROSTER_ROWS,npb_plus_sprint_exposure_2026,B_CURRENT_ORDINAL_SAMPLE_COUNT_NOT_PUBLISHED,NPB+ local measurement table; NPB official individual batting pages; existing PBP-derived proxy tables from Nippon Baseball Data Repository data,https://www.japan-baseball.jp/npb-plus/;https://npb.jp/bis/2026/stats/idb1_g.html;https://npb.jp/bis/2025/stats/idb1_g.html;https://github.com/armstjc/Nippon-Baseball-Data-Repository,CURRENT_BASEBALL_SPEED,,CANONICAL_SOURCE_RECORD,false,ACCEPTED_MODERATE_CURRENT_ORDINAL,,npb_plus_2026_佐々木俊輔,EXACT_OR_NOT_APPLICABLE,true,A0200,Current 2026 ordinal anchor only. Missing published sample and qualified-run counts prevent high-confidence calibration or a cross-system unit bridge.
R00447,吉川 尚輝,吉川 尚輝,読売ジャイアンツ,2026 season snapshot,2026,2026,NPB_PLUS_SPRINT_SPEED_KMH,32.5,km_per_hour,NPB+ published sprint-speed field,NPB+ public definition; detailed qualified-run count not published,in-game tracking aggregate,npb_plus_2026_current_roster_100,100_OF_100_TARGET_ROSTER_ROWS,npb_plus_sprint_exposure_2026,B_CURRENT_ORDINAL_SAMPLE_COUNT_NOT_PUBLISHED,NPB+ local measurement table; NPB official individual batting pages; existing PBP-derived proxy tables from Nippon Baseball Data Repository data,https://www.japan-baseball.jp/npb-plus/;https://npb.jp/bis/2026/stats/idb1_g.html;https://npb.jp/bis/2025/stats/idb1_g.html;https://github.com/armstjc/Nippon-Baseball-Data-Repository,CURRENT_BASEBALL_SPEED,,CANONICAL_SOURCE_RECORD,false,ACCEPTED_MODERATE_CURRENT_ORDINAL,,npb_plus_2026_吉川尚輝,EXACT_OR_NOT_APPLICABLE,true,A0201,Current 2026 ordinal anchor only. Missing published sample and qualified-run counts prevent high-confidence calibration or a cross-system unit bridge.
R00448,大城 卓三,大城 卓三,読売ジャイアンツ,2026 season snapshot,2026,2026,NPB_PLUS_SPRINT_SPEED_KMH,29.2,km_per_hour,NPB+ published sprint-speed field,NPB+ public definition; detailed qualified-run count not published,in-game tracking aggregate,npb_plus_2026_current_roster_100,100_OF_100_TARGET_ROSTER_ROWS,npb_plus_sprint_exposure_2026,B_CURRENT_ORDINAL_SAMPLE_COUNT_NOT_PUBLISHED,NPB+ local measurement table; NPB official individual batting pages; existing PBP-derived proxy tables from Nippon Baseball Data Repository data,https://www.japan-baseball.jp/npb-plus/;https://npb.jp/bis/2026/stats/idb1_g.html;https://npb.jp/bis/2025/stats/idb1_g.html;https://github.com/armstjc/Nippon-Baseball-Data-Repository,CURRENT_BASEBALL_SPEED,,CANONICAL_SOURCE_RECORD,false,ACCEPTED_MODERATE_CURRENT_ORDINAL,,npb_plus_2026_大城卓三,EXACT_OR_NOT_APPLICABLE,true,A0202,Current 2026 ordinal anchor only. Missing published sample and qualified-run counts prevent high-confidence calibration or a cross-system unit bridge.
R00449,岸田 行倫,岸田 行倫,読売ジャイアンツ,2026 season snapshot,2026,2026,NPB_PLUS_SPRINT_SPEED_KMH,29.4,km_per_hour,NPB+ published sprint-speed field,NPB+ public definition; detailed qualified-run count not published,in-game tracking aggregate,npb_plus_2026_current_roster_100,100_OF_100_TARGET_ROSTER_ROWS,npb_plus_sprint_exposure_2026,B_CURRENT_ORDINAL_SAMPLE_COUNT_NOT_PUBLISHED,NPB+ local measurement table; NPB official individual batting pages; existing PBP-derived proxy tables from Nippon Baseball Data Repository data,https://www.japan-baseball.jp/npb-plus/;https://npb.jp/bis/2026/stats/idb1_g.html;https://npb.jp/bis/2025/stats/idb1_g.html;https://github.com/armstjc/Nippon-Baseball-Data-Repository,CURRENT_BASEBALL_SPEED,,CANONICAL_SOURCE_RECORD,false,ACCEPTED_MODERATE_CURRENT_ORDINAL,,npb_plus_2026_岸田行倫,EXACT_OR_NOT_APPLICABLE,true,A0203,Current 2026 ordinal anchor only. Missing published sample and qualified-run counts prevent high-confidence calibration or a cross-system unit bridge.
R00450,松本 剛,松本 剛,読売ジャイアンツ,2026 season snapshot,2026,2026,NPB_PLUS_SPRINT_SPEED_KMH,31.4,km_per_hour,NPB+ published sprint-speed field,NPB+ public definition; detailed qualified-run count not published,in-game tracking aggregate,npb_plus_2026_current_roster_100,100_OF_100_TARGET_ROSTER_ROWS,npb_plus_sprint_exposure_2026,B_CURRENT_ORDINAL_SAMPLE_COUNT_NOT_PUBLISHED,NPB+ local measurement table; NPB official individual batting pages; existing PBP-derived proxy tables from Nippon Baseball Data Repository data,https://www.japan-baseball.jp/npb-plus/;https://npb.jp/bis/2026/stats/idb1_g.html;https://npb.jp/bis/2025/stats/idb1_f.html;https://github.com/armstjc/Nippon-Baseball-Data-Repository,CURRENT_BASEBALL_SPEED,,CANONICAL_SOURCE_RECORD,false,ACCEPTED_MODERATE_CURRENT_ORDINAL,,npb_plus_2026_松本剛,EXACT_OR_NOT_APPLICABLE,true,A0204,Current 2026 ordinal anchor only. Missing published sample and qualified-run counts prevent high-confidence calibration or a cross-system unit bridge.
R00451,中野 拓夢,中野 拓夢,阪神タイガース,2026 season snapshot,2026,2026,NPB_PLUS_SPRINT_SPEED_KMH,32.9,km_per_hour,NPB+ published sprint-speed field,NPB+ public definition; detailed qualified-run count not published,in-game tracking aggregate,npb_plus_2026_current_roster_100,100_OF_100_TARGET_ROSTER_ROWS,npb_plus_sprint_exposure_2026,B_CURRENT_ORDINAL_SAMPLE_COUNT_NOT_PUBLISHED,NPB+ local measurement table; NPB official individual batting pages; existing PBP-derived proxy tables from Nippon Baseball Data Repository data,https://www.japan-baseball.jp/npb-plus/;https://npb.jp/bis/2026/stats/idb1_t.html;https://npb.jp/bis/2025/stats/idb1_t.html;https://github.com/armstjc/Nippon-Baseball-Data-Repository,CURRENT_BASEBALL_SPEED,,CANONICAL_SOURCE_RECORD,false,ACCEPTED_MODERATE_CURRENT_ORDINAL,,npb_plus_2026_中野拓夢,EXACT_OR_NOT_APPLICABLE,true,A0205,Current 2026 ordinal anchor only. Missing published sample and qualified-run counts prevent high-confidence calibration or a cross-system unit bridge.
R00452,伏見 寅威,伏見 寅威,阪神タイガース,2026 season snapshot,2026,2026,NPB_PLUS_SPRINT_SPEED_KMH,29.1,km_per_hour,NPB+ published sprint-speed field,NPB+ public definition; detailed qualified-run count not published,in-game tracking aggregate,npb_plus_2026_current_roster_100,100_OF_100_TARGET_ROSTER_ROWS,npb_plus_sprint_exposure_2026,B_CURRENT_ORDINAL_SAMPLE_COUNT_NOT_PUBLISHED,NPB+ local measurement table; NPB official individual batting pages; existing PBP-derived proxy tables from Nippon Baseball Data Repository data,https://www.japan-baseball.jp/npb-plus/;https://npb.jp/bis/2026/stats/idb1_t.html;https://npb.jp/bis/2025/stats/idb1_f.html;https://github.com/armstjc/Nippon-Baseball-Data-Repository,CURRENT_BASEBALL_SPEED,,CANONICAL_SOURCE_RECORD,false,ACCEPTED_MODERATE_CURRENT_ORDINAL,,npb_plus_2026_伏見寅威,EXACT_OR_NOT_APPLICABLE,true,A0206,Current 2026 ordinal anchor only. Missing published sample and qualified-run counts prevent high-confidence calibration or a cross-system unit bridge.
R00453,佐藤 輝明,佐藤 輝明,阪神タイガース,2026 season snapshot,2026,2026,NPB_PLUS_SPRINT_SPEED_KMH,32.1,km_per_hour,NPB+ published sprint-speed field,NPB+ public definition; detailed qualified-run count not published,in-game tracking aggregate,npb_plus_2026_current_roster_100,100_OF_100_TARGET_ROSTER_ROWS,npb_plus_sprint_exposure_2026,B_CURRENT_ORDINAL_SAMPLE_COUNT_NOT_PUBLISHED,NPB+ local measurement table; NPB official individual batting pages; existing PBP-derived proxy tables from Nippon Baseball Data Repository data,https://www.japan-baseball.jp/npb-plus/;https://npb.jp/bis/2026/stats/idb1_t.html;https://npb.jp/bis/2025/stats/idb1_t.html;https://github.com/armstjc/Nippon-Baseball-Data-Repository,CURRENT_BASEBALL_SPEED,,CANONICAL_SOURCE_RECORD,false,ACCEPTED_MODERATE_CURRENT_ORDINAL,,npb_plus_2026_佐藤輝明,EXACT_OR_NOT_APPLICABLE,true,A0207,Current 2026 ordinal anchor only. Missing published sample and qualified-run counts prevent high-confidence calibration or a cross-system unit bridge.
R00454,坂本 誠志郎,坂本 誠志郎,阪神タイガース,2026 season snapshot,2026,2026,NPB_PLUS_SPRINT_SPEED_KMH,30.2,km_per_hour,NPB+ published sprint-speed field,NPB+ public definition; detailed qualified-run count not published,in-game tracking aggregate,npb_plus_2026_current_roster_100,100_OF_100_TARGET_ROSTER_ROWS,npb_plus_sprint_exposure_2026,B_CURRENT_ORDINAL_SAMPLE_COUNT_NOT_PUBLISHED,NPB+ local measurement table; NPB official individual batting pages; existing PBP-derived proxy tables from Nippon Baseball Data Repository data,https://www.japan-baseball.jp/npb-plus/;https://npb.jp/bis/2026/stats/idb1_t.html;https://npb.jp/bis/2025/stats/idb1_t.html;https://github.com/armstjc/Nippon-Baseball-Data-Repository,CURRENT_BASEBALL_SPEED,,CANONICAL_SOURCE_RECORD,false,ACCEPTED_MODERATE_CURRENT_ORDINAL,,npb_plus_2026_坂本誠志郎,EXACT_OR_NOT_APPLICABLE,true,A0208,Current 2026 ordinal anchor only. Missing published sample and qualified-run counts prevent high-confidence calibration or a cross-system unit bridge.
R00455,大山 悠輔,大山 悠輔,阪神タイガース,2026 season snapshot,2026,2026,NPB_PLUS_SPRINT_SPEED_KMH,30.5,km_per_hour,NPB+ published sprint-speed field,NPB+ public definition; detailed qualified-run count not published,in-game tracking aggregate,npb_plus_2026_current_roster_100,100_OF_100_TARGET_ROSTER_ROWS,npb_plus_sprint_exposure_2026,B_CURRENT_ORDINAL_SAMPLE_COUNT_NOT_PUBLISHED,NPB+ local measurement table; NPB official individual batting pages; existing PBP-derived proxy tables from Nippon Baseball Data Repository data,https://www.japan-baseball.jp/npb-plus/;https://npb.jp/bis/2026/stats/idb1_t.html;https://npb.jp/bis/2025/stats/idb1_t.html;https://github.com/armstjc/Nippon-Baseball-Data-Repository,CURRENT_BASEBALL_SPEED,,CANONICAL_SOURCE_RECORD,false,ACCEPTED_MODERATE_CURRENT_ORDINAL,,npb_plus_2026_大山悠輔,EXACT_OR_NOT_APPLICABLE,true,A0209,Current 2026 ordinal anchor only. Missing published sample and qualified-run counts prevent high-confidence calibration or a cross-system unit bridge.
R00456,小幡 竜平,小幡 竜平,阪神タイガース,2026 season snapshot,2026,2026,NPB_PLUS_SPRINT_SPEED_KMH,32.8,km_per_hour,NPB+ published sprint-speed field,NPB+ public definition; detailed qualified-run count not published,in-game tracking aggregate,npb_plus_2026_current_roster_100,100_OF_100_TARGET_ROSTER_ROWS,npb_plus_sprint_exposure_2026,B_CURRENT_ORDINAL_SAMPLE_COUNT_NOT_PUBLISHED,NPB+ local measurement table; NPB official individual batting pages; existing PBP-derived proxy tables from Nippon Baseball Data Repository data,https://www.japan-baseball.jp/npb-plus/;https://npb.jp/bis/2026/stats/idb1_t.html;https://npb.jp/bis/2025/stats/idb1_t.html;https://github.com/armstjc/Nippon-Baseball-Data-Repository,CURRENT_BASEBALL_SPEED,,CANONICAL_SOURCE_RECORD,false,ACCEPTED_MODERATE_CURRENT_ORDINAL,,npb_plus_2026_小幡竜平,EXACT_OR_NOT_APPLICABLE,true,A0210,Current 2026 ordinal anchor only. Missing published sample and qualified-run counts prevent high-confidence calibration or a cross-system unit bridge.
R00457,木浪 聖也,木浪 聖也,阪神タイガース,2026 season snapshot,2026,2026,NPB_PLUS_SPRINT_SPEED_KMH,30,km_per_hour,NPB+ published sprint-speed field,NPB+ public definition; detailed qualified-run count not published,in-game tracking aggregate,npb_plus_2026_current_roster_100,100_OF_100_TARGET_ROSTER_ROWS,npb_plus_sprint_exposure_2026,B_CURRENT_ORDINAL_SAMPLE_COUNT_NOT_PUBLISHED,NPB+ local measurement table; NPB official individual batting pages; existing PBP-derived proxy tables from Nippon Baseball Data Repository data,https://www.japan-baseball.jp/npb-plus/;https://npb.jp/bis/2026/stats/idb1_t.html;https://npb.jp/bis/2025/stats/idb1_t.html;https://github.com/armstjc/Nippon-Baseball-Data-Repository,CURRENT_BASEBALL_SPEED,,CANONICAL_SOURCE_RECORD,false,ACCEPTED_MODERATE_CURRENT_ORDINAL,,npb_plus_2026_木浪聖也,EXACT_OR_NOT_APPLICABLE,true,A0211,Current 2026 ordinal anchor only. Missing published sample and qualified-run counts prevent high-confidence calibration or a cross-system unit bridge.
R00458,梅野 隆太郎,梅野 隆太郎,阪神タイガース,2026 season snapshot,2026,2026,NPB_PLUS_SPRINT_SPEED_KMH,30.6,km_per_hour,NPB+ published sprint-speed field,NPB+ public definition; detailed qualified-run count not published,in-game tracking aggregate,npb_plus_2026_current_roster_100,100_OF_100_TARGET_ROSTER_ROWS,npb_plus_sprint_exposure_2026,B_CURRENT_ORDINAL_SAMPLE_COUNT_NOT_PUBLISHED,NPB+ local measurement table; NPB official individual batting pages; existing PBP-derived proxy tables from Nippon Baseball Data Repository data,https://www.japan-baseball.jp/npb-plus/;https://npb.jp/bis/2026/stats/idb1_t.html;https://npb.jp/bis/2025/stats/idb1_t.html;https://github.com/armstjc/Nippon-Baseball-Data-Repository,CURRENT_BASEBALL_SPEED,,CANONICAL_SOURCE_RECORD,false,ACCEPTED_MODERATE_CURRENT_ORDINAL,,npb_plus_2026_梅野隆太郎,EXACT_OR_NOT_APPLICABLE,true,A0212,Current 2026 ordinal anchor only. Missing published sample and qualified-run counts prevent high-confidence calibration or a cross-system unit bridge.
R00459,森下 翔太,森下 翔太,阪神タイガース,2026 season snapshot,2026,2026,NPB_PLUS_SPRINT_SPEED_KMH,30.5,km_per_hour,NPB+ published sprint-speed field,NPB+ public definition; detailed qualified-run count not published,in-game tracking aggregate,npb_plus_2026_current_roster_100,100_OF_100_TARGET_ROSTER_ROWS,npb_plus_sprint_exposure_2026,B_CURRENT_ORDINAL_SAMPLE_COUNT_NOT_PUBLISHED,NPB+ local measurement table; NPB official individual batting pages; existing PBP-derived proxy tables from Nippon Baseball Data Repository data,https://www.japan-baseball.jp/npb-plus/;https://npb.jp/bis/2026/stats/idb1_t.html;https://npb.jp/bis/2025/stats/idb1_t.html;https://github.com/armstjc/Nippon-Baseball-Data-Repository,CURRENT_BASEBALL_SPEED,,CANONICAL_SOURCE_RECORD,false,ACCEPTED_MODERATE_CURRENT_ORDINAL,,npb_plus_2026_森下翔太,EXACT_OR_NOT_APPLICABLE,true,A0213,Current 2026 ordinal anchor only. Missing published sample and qualified-run counts prevent high-confidence calibration or a cross-system unit bridge.
