source_id,player,team,packet_id,case_type,provenance,source_platform,source_class,author,author_id,author_account,post_id,post_url,source_url,posted_at,post_date,post_date_precision,retrieved_at,query,query_kinds,grok_x_search_receipt_ids,grok_x_search_receipt_provenance,text_excerpt,quote_excerpt,paraphrased_physical_speed_claim,paraphrased_claim,current_historical,temporal_relevance,evidence_direction,supports_faster_current_slower_mixed,directness,evidence_strength,independence_group,accepted,acceptance_status,rejection_reason,physical_speed_only,is_repost,is_syndicated_copy,same_origin_duplicate_of,existing_duplicate_of_source_id,accessibility_status,identity_status
GXSR001,カリステ,中日ドラゴンズ,P010,TYPE_A_CURRENT_SAMPLE_INSTABILITY,GROK_X_SUPPLEMENT,X_TWITTER,REJECTED_CANDIDATE,@kawasemi501,,@kawasemi501,1870797395510087861,https://x.com/kawasemi501/status/1870797395510087861,https://x.com/kawasemi501/status/1870797395510087861,,,NOT_RETURNED,2026-08-10T11:58:45.527Z,"X（Twitter）の実在する投稿だけを検索してください。
対象選手は日本プロ野球の「カリステ」です。投稿本文に「カリステ」または明確に同選手を指す表記を実際に含むものだけにしてください。
検索観点: 「スピード」「直線速度」「加速」など、走る速さへの直接評価。
優先期間は2026年、次に2025年、次に2024年です。
採用候補は、野球で一歩目から約90ftまで走る純粋な身体的running ability（足の速さ、直線速度、加速、全力疾走、以前より足が落ちた等）への直接言及だけです。
盗塁、盗塁数、走塁判断、スタート技術、内野安打、三塁打、守備範囲、バント後の一塁到達、ゲーム査定だけの投稿は返さないでください。
各結果は、実在するx.com/status URL、@handle、投稿本文の必要最小限の原文、投稿日時を必ず付けてください。条件を満たす投稿がなければ「Nothing found」とだけ答えてください。推測・要約・無関係な投稿は返さないでください。","[""speed""]","[""GXQ013""]",data/manual/speed_2026_grok_x_search_receipts_20260810.json,,,,,UNVERIFIED_TEMPORAL_CONTEXT,UNVERIFIED_TEMPORAL_CONTEXT,NON_DIRECTIONAL,not_directional,INCOMPLETE_RETURNED_METADATA,NONE_FOR_ACCEPTANCE,X_AUTHOR_kawasemi501,false,REJECTED,MISSING_VERIFIABLE_POST_TEXT_OR_TIMESTAMP,false,false,false,,,POST_METADATA_INCOMPLETE_NOT_TREATED_AS_CONFIRMED_POST,SINGLE_RETURNED_URL
GXSR002,カリステ,中日ドラゴンズ,P010,TYPE_A_CURRENT_SAMPLE_INSTABILITY,GROK_X_SUPPLEMENT,X_TWITTER,SNS,@MukeshSLive,,@MukeshSLive,1946407809144484272,https://x.com/MukeshSLive/status/1946407809144484272,https://x.com/MukeshSLive/status/1946407809144484272,2025-07-19 03:12:38 GMT,2025-07-19,TIMESTAMP_RETURNED_BY_GROK_X,2026-08-10T11:58:29.304Z,"X（Twitter）の実在する投稿だけを検索してください。
対象選手は日本プロ野球の「カリステ」です。投稿本文に「カリステ」または明確に同選手を指す表記を実際に含むものだけにしてください。
検索観点: 「俊足」など、身体的running abilityを指す直接評価。
優先期間は2026年、次に2025年、次に2024年です。
採用候補は、野球で一歩目から約90ftまで走る純粋な身体的running ability（足の速さ、直線速度、加速、全力疾走、以前より足が落ちた等）への直接言及だけです。
盗塁、盗塁数、走塁判断、スタート技術、内野安打、三塁打、守備範囲、バント後の一塁到達、ゲーム査定だけの投稿は返さないでください。
各結果は、実在するx.com/status URL、@handle、投稿本文の必要最小限の原文、投稿日時を必ず付けてください。条件を満たす投稿がなければ「Nothing found」とだけ答えてください。推測・要約・無関係な投稿は返さないでください。","[""speedster""]","[""GXQ011""]",data/manual/speed_2026_grok_x_search_receipts_20260810.json,🧢フォードはMLB経験豊富な左打ちスラッガー、カリステは俊足巧打の助っ人,🧢フォードはMLB経験豊富な左打ちスラッガー、カリステは俊足巧打の助っ人,2025年の投稿は、カリステを俊足型の助っ人として扱う。,2025年の投稿は、カリステを俊足型の助っ人として扱う。,CURRENT_2025,CURRENT_2025,FASTER,faster,GENERIC_CURRENT_PLAYER_TYPE_SPEED_LABEL,MODERATE,X_AUTHOR_MukeshSLive,true,ACCEPTED,,true,false,false,,,RETRIEVED_BY_GROK_X_X_SEARCH,SINGLE_RETURNED_URL
GXSR003,カリステ,中日ドラゴンズ,P010,TYPE_A_CURRENT_SAMPLE_INSTABILITY,GROK_X_SUPPLEMENT,X_TWITTER,REJECTED_CANDIDATE,@jpxneezd,,@jpxneezd,2035030093240967369,https://x.com/jpxneezd/status/2035030093240967369,https://x.com/jpxneezd/status/2035030093240967369,2026-03-20 16:25:57 GMT,2026-03-20,TIMESTAMP_RETURNED_BY_GROK_X,2026-08-10T11:58:29.304Z,"X（Twitter）の実在する投稿だけを検索してください。
対象選手は日本プロ野球の「カリステ」です。投稿本文に「カリステ」または明確に同選手を指す表記を実際に含むものだけにしてください。
検索観点: 「俊足」など、身体的running abilityを指す直接評価。
優先期間は2026年、次に2025年、次に2024年です。
採用候補は、野球で一歩目から約90ftまで走る純粋な身体的running ability（足の速さ、直線速度、加速、全力疾走、以前より足が落ちた等）への直接言及だけです。
盗塁、盗塁数、走塁判断、スタート技術、内野安打、三塁打、守備範囲、バント後の一塁到達、ゲーム査定だけの投稿は返さないでください。
各結果は、実在するx.com/status URL、@handle、投稿本文の必要最小限の原文、投稿日時を必ず付けてください。条件を満たす投稿がなければ「Nothing found」とだけ答えてください。推測・要約・無関係な投稿は返さないでください。","[""speedster""]","[""GXQ011""]",data/manual/speed_2026_grok_x_search_receipts_20260810.json,カリステみたいな内外野全ポジション守れる俊足巧打タイプの助っ人はNPBでは珍しいですか。,カリステみたいな内外野全ポジション守れる俊足巧打タイプの助っ人はNPBでは珍しいですか。,,,CURRENT_2026,CURRENT_2026,FASTER,faster,NOT_ACCEPTED_AFTER_REVIEW,NONE_FOR_ACCEPTANCE,X_AUTHOR_jpxneezd,false,REJECTED,QUESTION_FORM_NOT_DIRECT_PHYSICAL_SPEED_CLAIM,false,false,false,,,RETRIEVED_BY_GROK_X_X_SEARCH,SINGLE_RETURNED_URL
GXSR004,カリステ,中日ドラゴンズ,P010,TYPE_A_CURRENT_SAMPLE_INSTABILITY,GROK_X_SUPPLEMENT,X_TWITTER,REJECTED_CANDIDATE,@NoKick,,@NoKick,2038966073568154036,https://x.com/NoKick/status/2038966073568154036,https://x.com/NoKick/status/2038966073568154036,2026-03-31 13:06:08 GMT,2026-03-31,TIMESTAMP_RETURNED_BY_GROK_X,2026-08-10T11:58:29.304Z,"X（Twitter）の実在する投稿だけを検索してください。
対象選手は日本プロ野球の「カリステ」です。投稿本文に「カリステ」または明確に同選手を指す表記を実際に含むものだけにしてください。
検索観点: 「俊足」など、身体的running abilityを指す直接評価。
優先期間は2026年、次に2025年、次に2024年です。
採用候補は、野球で一歩目から約90ftまで走る純粋な身体的running ability（足の速さ、直線速度、加速、全力疾走、以前より足が落ちた等）への直接言及だけです。
盗塁、盗塁数、走塁判断、スタート技術、内野安打、三塁打、守備範囲、バント後の一塁到達、ゲーム査定だけの投稿は返さないでください。
各結果は、実在するx.com/status URL、@handle、投稿本文の必要最小限の原文、投稿日時を必ず付けてください。条件を満たす投稿がなければ「Nothing found」とだけ答えてください。推測・要約・無関係な投稿は返さないでください。","[""speedster""]","[""GXQ011""]",data/manual/speed_2026_grok_x_search_receipts_20260810.json,中日はなんで俊足好守の二塁手みたいな打撃成績しか、残してない助っ人と契約してるの？カリステのことだけど　#dragons,中日はなんで俊足好守の二塁手みたいな打撃成績しか、残してない助っ人と契約してるの？カリステのことだけど　#dragons,,,CURRENT_2026,CURRENT_2026,FASTER,faster,NOT_ACCEPTED_AFTER_REVIEW,NONE_FOR_ACCEPTANCE,X_AUTHOR_NoKick,false,REJECTED,GENERIC_OR_AMBIGUOUS_SPEED_LABEL_NOT_SUFFICIENT_FOR_ACCEPTANCE,false,false,false,,,RETRIEVED_BY_GROK_X_X_SEARCH,SINGLE_RETURNED_URL
GXSR005,塩見 泰隆,東京ヤクルトスワローズ,P058,TYPE_A_CURRENT_SAMPLE_INSTABILITY,GROK_X_SUPPLEMENT,X_TWITTER,REJECTED_CANDIDATE,@yutakah2,,@yutakah2,1774791555674751464,https://x.com/yutakah2/status/1774791555674751464,https://x.com/yutakah2/status/1774791555674751464,2024-04-01 13:30:55 GMT,2024-04-01,TIMESTAMP_RETURNED_BY_GROK_X,2026-08-10T12:38:49.636Z,"X（Twitter）の実在する投稿だけを検索してください。
対象選手は日本プロ野球の「塩見 泰隆」です。投稿本文に「塩見 泰隆」または明確に同選手を指す表記を実際に含むものだけにしてください。
検索観点: 「走力」「脚力」など、身体的な走る能力への直接評価。
優先期間は2026年、次に2025年、次に2024年です。
採用候補は、野球で一歩目から約90ftまで走る純粋な身体的running ability（足の速さ、直線速度、加速、全力疾走、以前より足が落ちた等）への直接言及だけです。
盗塁、盗塁数、走塁判断、スタート技術、内野安打、三塁打、守備範囲、バント後の一塁到達、ゲーム査定だけの投稿は返さないでください。
各結果は、実在するx.com/status URL、@handle、投稿本文の必要最小限の原文、投稿日時を必ず付けてください。条件を満たす投稿がなければ「Nothing found」とだけ答えてください。推測・要約・無関係な投稿は返さないでください。","[""running_ability""]","[""GXQ120""]",data/manual/speed_2026_grok_x_search_receipts_20260810.json,塩見泰隆　イノシシ並みの脚力,塩見泰隆　イノシシ並みの脚力,,,CONTEMPORARY_2024_HISTORICAL_CONTEXT,CONTEMPORARY_2024_HISTORICAL_CONTEXT,NON_DIRECTIONAL,not_directional,NOT_ACCEPTED_AFTER_REVIEW,NONE_FOR_ACCEPTANCE,X_AUTHOR_yutakah2,false,REJECTED,GENERIC_OR_AMBIGUOUS_SPEED_LABEL_NOT_SUFFICIENT_FOR_ACCEPTANCE,false,false,false,,,RETRIEVED_BY_GROK_X_X_SEARCH,SINGLE_RETURNED_URL
GXSR006,塩見 泰隆,東京ヤクルトスワローズ,P058,TYPE_A_CURRENT_SAMPLE_INSTABILITY,GROK_X_SUPPLEMENT,X_TWITTER,REJECTED_CANDIDATE,@zanshin5439,,@zanshin5439,1789576660419027362,https://x.com/zanshin5439/status/1789576660419027362,https://x.com/zanshin5439/status/1789576660419027362,2024-05-12,2024-05-12,DAY_RETURNED_BY_GROK_X,2026-08-10T12:39:01.900Z,"X（Twitter）の実在する投稿だけを検索してください。
対象選手は日本プロ野球の「塩見 泰隆」です。投稿本文に「塩見 泰隆」または明確に同選手を指す表記を実際に含むものだけにしてください。
検索観点: 「スピード」「直線速度」「加速」など、走る速さへの直接評価。
優先期間は2026年、次に2025年、次に2024年です。
採用候補は、野球で一歩目から約90ftまで走る純粋な身体的running ability（足の速さ、直線速度、加速、全力疾走、以前より足が落ちた等）への直接言及だけです。
盗塁、盗塁数、走塁判断、スタート技術、内野安打、三塁打、守備範囲、バント後の一塁到達、ゲーム査定だけの投稿は返さないでください。
各結果は、実在するx.com/status URL、@handle、投稿本文の必要最小限の原文、投稿日時を必ず付けてください。条件を満たす投稿がなければ「Nothing found」とだけ答えてください。推測・要約・無関係な投稿は返さないでください。","[""speed""]","[""GXQ121""]",data/manual/speed_2026_grok_x_search_receipts_20260810.json,,,,,CONTEMPORARY_2024_HISTORICAL_CONTEXT,CONTEMPORARY_2024_HISTORICAL_CONTEXT,NON_DIRECTIONAL,not_directional,INCOMPLETE_RETURNED_METADATA,NONE_FOR_ACCEPTANCE,X_AUTHOR_zanshin5439,false,REJECTED,MISSING_VERIFIABLE_POST_TEXT_OR_TIMESTAMP,false,false,false,,,POST_METADATA_INCOMPLETE_NOT_TREATED_AS_CONFIRMED_POST,SINGLE_RETURNED_URL
GXSR007,塩見 泰隆,東京ヤクルトスワローズ,P058,TYPE_A_CURRENT_SAMPLE_INSTABILITY,GROK_X_SUPPLEMENT,X_TWITTER,REJECTED_CANDIDATE,@hoshunodaryoku,,@hoshunodaryoku,1844874767167533273,https://x.com/hoshunodaryoku/status/1844874767167533273,https://x.com/hoshunodaryoku/status/1844874767167533273,2024-10-11,2024-10-11,DAY_RETURNED_BY_GROK_X,2026-08-10T12:39:01.900Z,"X（Twitter）の実在する投稿だけを検索してください。
対象選手は日本プロ野球の「塩見 泰隆」です。投稿本文に「塩見 泰隆」または明確に同選手を指す表記を実際に含むものだけにしてください。
検索観点: 「スピード」「直線速度」「加速」など、走る速さへの直接評価。
優先期間は2026年、次に2025年、次に2024年です。
採用候補は、野球で一歩目から約90ftまで走る純粋な身体的running ability（足の速さ、直線速度、加速、全力疾走、以前より足が落ちた等）への直接言及だけです。
盗塁、盗塁数、走塁判断、スタート技術、内野安打、三塁打、守備範囲、バント後の一塁到達、ゲーム査定だけの投稿は返さないでください。
各結果は、実在するx.com/status URL、@handle、投稿本文の必要最小限の原文、投稿日時を必ず付けてください。条件を満たす投稿がなければ「Nothing found」とだけ答えてください。推測・要約・無関係な投稿は返さないでください。","[""speed""]","[""GXQ121""]",data/manual/speed_2026_grok_x_search_receipts_20260810.json,,,,,CONTEMPORARY_2024_HISTORICAL_CONTEXT,CONTEMPORARY_2024_HISTORICAL_CONTEXT,NON_DIRECTIONAL,not_directional,INCOMPLETE_RETURNED_METADATA,NONE_FOR_ACCEPTANCE,X_AUTHOR_hoshunodaryoku,false,REJECTED,MISSING_VERIFIABLE_POST_TEXT_OR_TIMESTAMP,false,false,false,,,POST_METADATA_INCOMPLETE_NOT_TREATED_AS_CONFIRMED_POST,SINGLE_RETURNED_URL
GXSR008,塩見 泰隆,東京ヤクルトスワローズ,P058,TYPE_A_CURRENT_SAMPLE_INSTABILITY,GROK_X_SUPPLEMENT,X_TWITTER,REJECTED_CANDIDATE,@swa39chacha,,@swa39chacha,1857932605469110395,https://x.com/swa39chacha/status/1857932605469110395,https://x.com/swa39chacha/status/1857932605469110395,2024-11-16,2024-11-16,DAY_RETURNED_BY_GROK_X,2026-08-10T12:39:01.900Z,"X（Twitter）の実在する投稿だけを検索してください。
対象選手は日本プロ野球の「塩見 泰隆」です。投稿本文に「塩見 泰隆」または明確に同選手を指す表記を実際に含むものだけにしてください。
検索観点: 「スピード」「直線速度」「加速」など、走る速さへの直接評価。
優先期間は2026年、次に2025年、次に2024年です。
採用候補は、野球で一歩目から約90ftまで走る純粋な身体的running ability（足の速さ、直線速度、加速、全力疾走、以前より足が落ちた等）への直接言及だけです。
盗塁、盗塁数、走塁判断、スタート技術、内野安打、三塁打、守備範囲、バント後の一塁到達、ゲーム査定だけの投稿は返さないでください。
各結果は、実在するx.com/status URL、@handle、投稿本文の必要最小限の原文、投稿日時を必ず付けてください。条件を満たす投稿がなければ「Nothing found」とだけ答えてください。推測・要約・無関係な投稿は返さないでください。","[""speed""]","[""GXQ121""]",data/manual/speed_2026_grok_x_search_receipts_20260810.json,,,,,CONTEMPORARY_2024_HISTORICAL_CONTEXT,CONTEMPORARY_2024_HISTORICAL_CONTEXT,NON_DIRECTIONAL,not_directional,INCOMPLETE_RETURNED_METADATA,NONE_FOR_ACCEPTANCE,X_AUTHOR_swa39chacha,false,REJECTED,MISSING_VERIFIABLE_POST_TEXT_OR_TIMESTAMP,false,false,false,,,POST_METADATA_INCOMPLETE_NOT_TREATED_AS_CONFIRMED_POST,SINGLE_RETURNED_URL
GXSR009,塩見 泰隆,東京ヤクルトスワローズ,P058,TYPE_A_CURRENT_SAMPLE_INSTABILITY,GROK_X_SUPPLEMENT,X_TWITTER,REJECTED_CANDIDATE,@TsubameZoku,,@TsubameZoku,1896682767947370912,https://x.com/TsubameZoku/status/1896682767947370912,https://x.com/TsubameZoku/status/1896682767947370912,2025-03-03,2025-03-03,DAY_RETURNED_BY_GROK_X,2026-08-10T12:38:52.476Z,"X（Twitter）の実在する投稿だけを検索してください。
対象選手は日本プロ野球の「塩見 泰隆」です。投稿本文に「塩見 泰隆」または明確に同選手を指す表記を実際に含むものだけにしてください。
検索観点: 「足が速い」「速い足」「快足」など、速さそのものへの直接評価。
優先期間は2026年、次に2025年、次に2024年です。
採用候補は、野球で一歩目から約90ftまで走る純粋な身体的running ability（足の速さ、直線速度、加速、全力疾走、以前より足が落ちた等）への直接言及だけです。
盗塁、盗塁数、走塁判断、スタート技術、内野安打、三塁打、守備範囲、バント後の一塁到達、ゲーム査定だけの投稿は返さないでください。
各結果は、実在するx.com/status URL、@handle、投稿本文の必要最小限の原文、投稿日時を必ず付けてください。条件を満たす投稿がなければ「Nothing found」とだけ答えてください。推測・要約・無関係な投稿は返さないでください。","[""fast""]","[""GXQ118""]",data/manual/speed_2026_grok_x_search_receipts_20260810.json,そして、本日より塩見泰隆が1軍に復帰予定。あの快足好打が炸裂するか見ものです🐎,そして、本日より塩見泰隆が1軍に復帰予定。あの快足好打が炸裂するか見ものです🐎,,,CURRENT_2025,CURRENT_2025,FASTER,faster,NOT_ACCEPTED_AFTER_REVIEW,NONE_FOR_ACCEPTANCE,X_AUTHOR_TsubameZoku,false,REJECTED,NO_CLEAR_DIRECT_PHYSICAL_SPEED_CLAIM,false,false,false,,,RETRIEVED_BY_GROK_X_X_SEARCH,SINGLE_RETURNED_URL
GXSR010,塩見 泰隆,東京ヤクルトスワローズ,P058,TYPE_A_CURRENT_SAMPLE_INSTABILITY,GROK_X_SUPPLEMENT,X_TWITTER,REJECTED_CANDIDATE,@epachinko,,@epachinko,1918305639656505507,https://x.com/epachinko/status/1918305639656505507,https://x.com/epachinko/status/1918305639656505507,2025-05-02,2025-05-02,DAY_RETURNED_BY_GROK_X,2026-08-10T12:38:52.476Z,"X（Twitter）の実在する投稿だけを検索してください。
対象選手は日本プロ野球の「塩見 泰隆」です。投稿本文に「塩見 泰隆」または明確に同選手を指す表記を実際に含むものだけにしてください。
検索観点: 「足が速い」「速い足」「快足」など、速さそのものへの直接評価。
優先期間は2026年、次に2025年、次に2024年です。
採用候補は、野球で一歩目から約90ftまで走る純粋な身体的running ability（足の速さ、直線速度、加速、全力疾走、以前より足が落ちた等）への直接言及だけです。
盗塁、盗塁数、走塁判断、スタート技術、内野安打、三塁打、守備範囲、バント後の一塁到達、ゲーム査定だけの投稿は返さないでください。
各結果は、実在するx.com/status URL、@handle、投稿本文の必要最小限の原文、投稿日時を必ず付けてください。条件を満たす投稿がなければ「Nothing found」とだけ答えてください。推測・要約・無関係な投稿は返さないでください。","[""fast""]","[""GXQ118""]",data/manual/speed_2026_grok_x_search_receipts_20260810.json,"足の速い外野手
 塩見泰隆・周東佑京","足の速い外野手
 塩見泰隆・周東佑京",,,CURRENT_2025,CURRENT_2025,FASTER,faster,NOT_ACCEPTED_AFTER_REVIEW,NONE_FOR_ACCEPTANCE,X_AUTHOR_epachinko,false,REJECTED,GENERIC_OR_AMBIGUOUS_SPEED_LABEL_NOT_SUFFICIENT_FOR_ACCEPTANCE,false,false,false,,,RETRIEVED_BY_GROK_X_X_SEARCH,SINGLE_RETURNED_URL
GXSR011,塩見 泰隆,東京ヤクルトスワローズ,P058,TYPE_A_CURRENT_SAMPLE_INSTABILITY,GROK_X_SUPPLEMENT,X_TWITTER,REJECTED_CANDIDATE,@webSportiva,,@webSportiva,1957404644805841126,https://x.com/webSportiva/status/1957404644805841126,https://x.com/webSportiva/status/1957404644805841126,2025-08-18,2025-08-18,DAY_RETURNED_BY_GROK_X,2026-08-10T12:38:52.476Z,"X（Twitter）の実在する投稿だけを検索してください。
対象選手は日本プロ野球の「塩見 泰隆」です。投稿本文に「塩見 泰隆」または明確に同選手を指す表記を実際に含むものだけにしてください。
検索観点: 「足が速い」「速い足」「快足」など、速さそのものへの直接評価。
優先期間は2026年、次に2025年、次に2024年です。
採用候補は、野球で一歩目から約90ftまで走る純粋な身体的running ability（足の速さ、直線速度、加速、全力疾走、以前より足が落ちた等）への直接言及だけです。
盗塁、盗塁数、走塁判断、スタート技術、内野安打、三塁打、守備範囲、バント後の一塁到達、ゲーム査定だけの投稿は返さないでください。
各結果は、実在するx.com/status URL、@handle、投稿本文の必要最小限の原文、投稿日時を必ず付けてください。条件を満たす投稿がなければ「Nothing found」とだけ答えてください。推測・要約・無関係な投稿は返さないでください。","[""fast""]","[""GXQ118""]",data/manual/speed_2026_grok_x_search_receipts_20260810.json,実力派芸人が語る先輩・塩見泰隆の「バケモノ」ぶり…「足も速いし、肩も強い。…」,実力派芸人が語る先輩・塩見泰隆の「バケモノ」ぶり…「足も速いし、肩も強い。…」,,,CURRENT_2025,CURRENT_2025,FASTER,faster,NOT_ACCEPTED_AFTER_REVIEW,NONE_FOR_ACCEPTANCE,X_AUTHOR_webSportiva,false,REJECTED,GENERIC_OR_AMBIGUOUS_SPEED_LABEL_NOT_SUFFICIENT_FOR_ACCEPTANCE,false,false,false,,,RETRIEVED_BY_GROK_X_X_SEARCH,SINGLE_RETURNED_URL
GXSR012,塩見 泰隆,東京ヤクルトスワローズ,P058,TYPE_A_CURRENT_SAMPLE_INSTABILITY,GROK_X_SUPPLEMENT,X_TWITTER,SNS,@ocha_vnlover,,@ocha_vnlover,1986398016539140170,https://x.com/ocha_vnlover/status/1986398016539140170,https://x.com/ocha_vnlover/status/1986398016539140170,2025-11-06,2025-11-06,DAY_RETURNED_BY_GROK_X,2026-08-10T12:39:21.384Z,"X（Twitter）の実在する投稿だけを検索してください。
対象選手は日本プロ野球の「塩見 泰隆」です。投稿本文に「塩見 泰隆」または明確に同選手を指す表記を実際に含むものだけにしてください。
検索観点: 「足が速い」「速い足」「快足」など、速さそのものへの直接評価。
優先期間は2026年、次に2025年、次に2024年です。
採用候補は、野球で一歩目から約90ftまで走る純粋な身体的running ability（足の速さ、直線速度、加速、全力疾走、以前より足が落ちた等）への直接言及だけです。
盗塁、盗塁数、走塁判断、スタート技術、内野安打、三塁打、守備範囲、バント後の一塁到達、ゲーム査定だけの投稿は返さないでください。
各結果は、実在するx.com/status URL、@handle、投稿本文の必要最小限の原文、投稿日時を必ず付けてください。条件を満たす投稿がなければ「Nothing found」とだけ答えてください。推測・要約・無関係な投稿は返さないでください。","[""fast"",""year_2025""]","[""GXQ118"",""GXQ125""]",data/manual/speed_2026_grok_x_search_receipts_20260810.json,"塩見泰隆！
 打てるし足も速いから一番好きです😊","塩見泰隆！
 打てるし足も速いから一番好きです😊",2025年の投稿は、塩見の足を速いと明示する。,2025年の投稿は、塩見の足を速いと明示する。,CURRENT_2025,CURRENT_2025,FASTER,faster,EXPLICIT_CURRENT_PHYSICAL_SPEED_LABEL,MODERATE,X_AUTHOR_ocha_vnlover,true,ACCEPTED,,true,false,false,,,RETRIEVED_BY_GROK_X_X_SEARCH,SINGLE_RETURNED_URL
GXSR013,塩見 泰隆,東京ヤクルトスワローズ,P058,TYPE_A_CURRENT_SAMPLE_INSTABILITY,GROK_X_SUPPLEMENT,X_TWITTER,SNS,@yosshiisland23,,@yosshiisland23,2012895625709547785,https://x.com/yosshiisland23/status/2012895625709547785,https://x.com/yosshiisland23/status/2012895625709547785,2026-01-18,2026-01-18,DAY_RETURNED_BY_GROK_X,2026-08-10T12:38:52.476Z,"X（Twitter）の実在する投稿だけを検索してください。
対象選手は日本プロ野球の「塩見 泰隆」です。投稿本文に「塩見 泰隆」または明確に同選手を指す表記を実際に含むものだけにしてください。
検索観点: 「足が速い」「速い足」「快足」など、速さそのものへの直接評価。
優先期間は2026年、次に2025年、次に2024年です。
採用候補は、野球で一歩目から約90ftまで走る純粋な身体的running ability（足の速さ、直線速度、加速、全力疾走、以前より足が落ちた等）への直接言及だけです。
盗塁、盗塁数、走塁判断、スタート技術、内野安打、三塁打、守備範囲、バント後の一塁到達、ゲーム査定だけの投稿は返さないでください。
各結果は、実在するx.com/status URL、@handle、投稿本文の必要最小限の原文、投稿日時を必ず付けてください。条件を満たす投稿がなければ「Nothing found」とだけ答えてください。推測・要約・無関係な投稿は返さないでください。","[""fast"",""running_ability""]","[""GXQ118"",""GXQ120""]",data/manual/speed_2026_grok_x_search_receipts_20260810.json,"近本周東論争は贔屓球団の足が速い選手をちゃんと呼ばないから産まれるんだ
 足が速い近本や塩見泰隆、和田康士朗を侍ジャパンに呼べばすべて解決する","近本周東論争は贔屓球団の足が速い選手をちゃんと呼ばないから産まれるんだ
 足が速い近本や塩見泰隆、和田康士朗を侍ジャパンに呼べばすべて解決する",2026年の投稿は、塩見を速い選手の群に明示的に含める。,2026年の投稿は、塩見を速い選手の群に明示的に含める。,CURRENT_2026,CURRENT_2026,FASTER,faster,CURRENT_GROUP_SPEED_REFERENCE,MODERATE,X_AUTHOR_yosshiisland23,true,ACCEPTED,,true,false,false,,,RETRIEVED_BY_GROK_X_X_SEARCH,SINGLE_RETURNED_URL
GXSR014,塩見 泰隆,東京ヤクルトスワローズ,P058,TYPE_A_CURRENT_SAMPLE_INSTABILITY,GROK_X_SUPPLEMENT,X_TWITTER,SNS,@Deepan_offl,,@Deepan_offl,2060600428744626584,https://x.com/Deepan_offl/status/2060600428744626584,https://x.com/Deepan_offl/status/2060600428744626584,2026-05-30 05:53:20 GMT,2026-05-30,TIMESTAMP_RETURNED_BY_GROK_X,2026-08-10T12:39:01.900Z,"X（Twitter）の実在する投稿だけを検索してください。
対象選手は日本プロ野球の「塩見 泰隆」です。投稿本文に「塩見 泰隆」または明確に同選手を指す表記を実際に含むものだけにしてください。
検索観点: 「走力」「脚力」など、身体的な走る能力への直接評価。
優先期間は2026年、次に2025年、次に2024年です。
採用候補は、野球で一歩目から約90ftまで走る純粋な身体的running ability（足の速さ、直線速度、加速、全力疾走、以前より足が落ちた等）への直接言及だけです。
盗塁、盗塁数、走塁判断、スタート技術、内野安打、三塁打、守備範囲、バント後の一塁到達、ゲーム査定だけの投稿は返さないでください。
各結果は、実在するx.com/status URL、@handle、投稿本文の必要最小限の原文、投稿日時を必ず付けてください。条件を満たす投稿がなければ「Nothing found」とだけ答えてください。推測・要約・無関係な投稿は返さないでください。","[""running_ability"",""speed""]","[""GXQ120"",""GXQ121""]",data/manual/speed_2026_grok_x_search_receipts_20260810.json,塩見泰隆、ここから加速！,塩見泰隆、ここから加速！,2026年の投稿は、塩見の加速を直接観察する。,2026年の投稿は、塩見の加速を直接観察する。,CURRENT_2026,CURRENT_2026,FASTER,faster,DIRECT_ACCELERATION_OBSERVATION,MODERATE,X_AUTHOR_Deepan_offl,true,ACCEPTED,,true,false,false,,,RETRIEVED_BY_GROK_X_X_SEARCH,SINGLE_RETURNED_URL
GXSR015,塩見 泰隆,東京ヤクルトスワローズ,P058,TYPE_A_CURRENT_SAMPLE_INSTABILITY,GROK_X_SUPPLEMENT,X_TWITTER,REJECTED_CANDIDATE,@oeghak,,@oeghak,2072549548715835602,https://x.com/oeghak/status/2072549548715835602,https://x.com/oeghak/status/2072549548715835602,2026-07-02 05:14:53 GMT,2026-07-02,TIMESTAMP_RETURNED_BY_GROK_X,2026-08-10T12:38:49.636Z,"X（Twitter）の実在する投稿だけを検索してください。
対象選手は日本プロ野球の「塩見 泰隆」です。投稿本文に「塩見 泰隆」または明確に同選手を指す表記を実際に含むものだけにしてください。
検索観点: 「走力」「脚力」など、身体的な走る能力への直接評価。
優先期間は2026年、次に2025年、次に2024年です。
採用候補は、野球で一歩目から約90ftまで走る純粋な身体的running ability（足の速さ、直線速度、加速、全力疾走、以前より足が落ちた等）への直接言及だけです。
盗塁、盗塁数、走塁判断、スタート技術、内野安打、三塁打、守備範囲、バント後の一塁到達、ゲーム査定だけの投稿は返さないでください。
各結果は、実在するx.com/status URL、@handle、投稿本文の必要最小限の原文、投稿日時を必ず付けてください。条件を満たす投稿がなければ「Nothing found」とだけ答えてください。推測・要約・無関係な投稿は返さないでください。","[""running_ability""]","[""GXQ120""]",data/manual/speed_2026_grok_x_search_receipts_20260810.json,長打力＋走力を兼ね備えた選手であり,長打力＋走力を兼ね備えた選手であり,,,CURRENT_2026,CURRENT_2026,NON_DIRECTIONAL,not_directional,TARGET_NOT_VERIFIABLE,NONE_FOR_ACCEPTANCE,X_AUTHOR_oeghak,false,REJECTED,TARGET_NOT_VERIFIABLE_FROM_RETURNED_POST_TEXT,false,false,false,,,RETRIEVED_BY_GROK_X_X_SEARCH,SINGLE_RETURNED_URL
GXSR016,塩見 泰隆,東京ヤクルトスワローズ,P058,TYPE_A_CURRENT_SAMPLE_INSTABILITY,GROK_X_SUPPLEMENT,X_TWITTER,REJECTED_CANDIDATE,@Bwcv8gbqSK93045,,@Bwcv8gbqSK93045,2080979468202733637,https://x.com/Bwcv8gbqSK93045/status/2080979468202733637,https://x.com/Bwcv8gbqSK93045/status/2080979468202733637,2026-07-25 11:32:22 GMT,2026-07-25,TIMESTAMP_RETURNED_BY_GROK_X,2026-08-10T12:39:26.068Z,"X（Twitter）の実在する投稿だけを検索してください。
対象選手は日本プロ野球の「塩見 泰隆」です。投稿本文に「塩見 泰隆」または明確に同選手を指す表記を実際に含むものだけにしてください。
検索観点: 「走力」「脚力」など、身体的な走る能力への直接評価。
優先期間は2026年、次に2025年、次に2024年です。
採用候補は、野球で一歩目から約90ftまで走る純粋な身体的running ability（足の速さ、直線速度、加速、全力疾走、以前より足が落ちた等）への直接言及だけです。
盗塁、盗塁数、走塁判断、スタート技術、内野安打、三塁打、守備範囲、バント後の一塁到達、ゲーム査定だけの投稿は返さないでください。
各結果は、実在するx.com/status URL、@handle、投稿本文の必要最小限の原文、投稿日時を必ず付けてください。条件を満たす投稿がなければ「Nothing found」とだけ答えてください。推測・要約・無関係な投稿は返さないでください。","[""running_ability"",""speed"",""year_2026""]","[""GXQ120"",""GXQ121"",""GXQ124""]",data/manual/speed_2026_grok_x_search_receipts_20260810.json,塩見泰隆ー！！全力疾走！！おみくんが勝った！！😆💚 おみくん頑張ったね😌💚,塩見泰隆ー！！全力疾走！！おみくんが勝った！！😆💚 おみくん頑張ったね😌💚,,,CURRENT_2026,CURRENT_2026,NON_DIRECTIONAL,not_directional,EFFORT_NOT_SPEED,NONE_FOR_ACCEPTANCE,X_AUTHOR_Bwcv8gbqSK93045,false,REJECTED,ALL_OUT_EFFORT_WITHOUT_SPEED_OBSERVATION,false,false,false,,,RETRIEVED_BY_GROK_X_X_SEARCH,SINGLE_RETURNED_URL
GXSR017,岡 大海,千葉ロッテマリーンズ,P035,TYPE_A_CURRENT_SAMPLE_INSTABILITY,GROK_X_SUPPLEMENT,X_TWITTER,REJECTED_CANDIDATE,@io_sono_yuccaP,,@io_sono_yuccaP,1928342837265125767,https://x.com/io_sono_yuccaP/status/1928342837265125767,https://x.com/io_sono_yuccaP/status/1928342837265125767,2025-05-30,2025-05-30,DAY_RETURNED_BY_GROK_X,2026-08-10T12:33:49.346Z,"X（Twitter）の実在する投稿だけを検索してください。
対象選手は日本プロ野球の「岡 大海」です。投稿本文に「岡 大海」または明確に同選手を指す表記を実際に含むものだけにしてください。
検索観点: 「全力疾走」「加速」「疾走」など、実際の身体的な走りへの直接観察。
優先期間は2026年、次に2025年、次に2024年です。
採用候補は、野球で一歩目から約90ftまで走る純粋な身体的running ability（足の速さ、直線速度、加速、全力疾走、以前より足が落ちた等）への直接言及だけです。
盗塁、盗塁数、走塁判断、スタート技術、内野安打、三塁打、守備範囲、バント後の一塁到達、ゲーム査定だけの投稿は返さないでください。
各結果は、実在するx.com/status URL、@handle、投稿本文の必要最小限の原文、投稿日時を必ず付けてください。条件を満たす投稿がなければ「Nothing found」とだけ答えてください。推測・要約・無関係な投稿は返さないでください。","[""all_out_run""]","[""GXQ060""]",data/manual/speed_2026_grok_x_search_receipts_20260810.json,: 上下ユニ姿で疾走する岡大海さん極上プライスレス,: 上下ユニ姿で疾走する岡大海さん極上プライスレス,,,CURRENT_2025,CURRENT_2025,NON_DIRECTIONAL,not_directional,NOT_ACCEPTED_AFTER_REVIEW,NONE_FOR_ACCEPTANCE,X_AUTHOR_io_sono_yuccaP,false,REJECTED,NO_CLEAR_DIRECT_PHYSICAL_SPEED_CLAIM,false,false,false,,,RETRIEVED_BY_GROK_X_X_SEARCH,SINGLE_RETURNED_URL
GXSR018,岡 大海,千葉ロッテマリーンズ,P035,TYPE_A_CURRENT_SAMPLE_INSTABILITY,GROK_X_SUPPLEMENT,X_TWITTER,REJECTED_CANDIDATE,@notyu_baseball,,@notyu_baseball,1935690653222216142,https://x.com/notyu_baseball/status/1935690653222216142,https://x.com/notyu_baseball/status/1935690653222216142,2025-06-19 13:26:29 GMT,2025-06-19,TIMESTAMP_RETURNED_BY_GROK_X,2026-08-10T12:33:35.967Z,"X（Twitter）の実在する投稿だけを検索してください。
対象選手は日本プロ野球の「岡 大海」です。投稿本文に「岡 大海」または明確に同選手を指す表記を実際に含むものだけにしてください。
検索観点: 「足が遅い」「遅い」「鈍足」など、身体的running abilityの低下又は遅さへの直接評価。
優先期間は2026年、次に2025年、次に2024年です。
採用候補は、野球で一歩目から約90ftまで走る純粋な身体的running ability（足の速さ、直線速度、加速、全力疾走、以前より足が落ちた等）への直接言及だけです。
盗塁、盗塁数、走塁判断、スタート技術、内野安打、三塁打、守備範囲、バント後の一塁到達、ゲーム査定だけの投稿は返さないでください。
各結果は、実在するx.com/status URL、@handle、投稿本文の必要最小限の原文、投稿日時を必ず付けてください。条件を満たす投稿がなければ「Nothing found」とだけ答えてください。推測・要約・無関係な投稿は返さないでください。","[""slow""]","[""GXQ059""]",data/manual/speed_2026_grok_x_search_receipts_20260810.json,,,,,CURRENT_2025,CURRENT_2025,NON_DIRECTIONAL,not_directional,INCOMPLETE_RETURNED_METADATA,NONE_FOR_ACCEPTANCE,X_AUTHOR_notyu_baseball,false,REJECTED,MISSING_VERIFIABLE_POST_TEXT_OR_TIMESTAMP,false,false,false,,,POST_METADATA_INCOMPLETE_NOT_TREATED_AS_CONFIRMED_POST,SINGLE_RETURNED_URL
GXSR019,岡 大海,千葉ロッテマリーンズ,P035,TYPE_A_CURRENT_SAMPLE_INSTABILITY,GROK_X_SUPPLEMENT,X_TWITTER,SNS,@minn_810,,@minn_810,1971140422090228203,https://x.com/minn_810/status/1971140422090228203,https://x.com/minn_810/status/1971140422090228203,2025-09-25,2025-09-25,DAY_RETURNED_BY_GROK_X,2026-08-10T12:33:49.346Z,"X（Twitter）の実在する投稿だけを検索してください。
対象選手は日本プロ野球の「岡 大海」です。投稿本文に「岡 大海」または明確に同選手を指す表記を実際に含むものだけにしてください。
検索観点: 「足が速い」「速い足」「快足」など、速さそのものへの直接評価。
優先期間は2026年、次に2025年、次に2024年です。
採用候補は、野球で一歩目から約90ftまで走る純粋な身体的running ability（足の速さ、直線速度、加速、全力疾走、以前より足が落ちた等）への直接言及だけです。
盗塁、盗塁数、走塁判断、スタート技術、内野安打、三塁打、守備範囲、バント後の一塁到達、ゲーム査定だけの投稿は返さないでください。
各結果は、実在するx.com/status URL、@handle、投稿本文の必要最小限の原文、投稿日時を必ず付けてください。条件を満たす投稿がなければ「Nothing found」とだけ答えてください。推測・要約・無関係な投稿は返さないでください。","[""all_out_run"",""fast""]","[""GXQ055"",""GXQ060""]",data/manual/speed_2026_grok_x_search_receipts_20260810.json,: 岡大海さん足が速いのは嬉しいのですが大丈夫でしょうか………？？？,: 岡大海さん足が速いのは嬉しいのですが大丈夫でしょうか………？？？,2025年の投稿は、岡の足の速さを直接前提にする。,2025年の投稿は、岡の足の速さを直接前提にする。,CURRENT_2025,CURRENT_2025,FASTER,faster,DIRECT_CURRENT_SPEED_OBSERVATION,MODERATE,X_AUTHOR_minn_810,true,ACCEPTED,,true,false,false,,,RETRIEVED_BY_GROK_X_X_SEARCH,SINGLE_RETURNED_URL
GXSR020,岡 大海,千葉ロッテマリーンズ,P035,TYPE_A_CURRENT_SAMPLE_INSTABILITY,GROK_X_SUPPLEMENT,X_TWITTER,SNS,@Dec046adE,,@Dec046adE,1972618657919586580,https://x.com/Dec046adE/status/1972618657919586580,https://x.com/Dec046adE/status/1972618657919586580,2025-09-29,2025-09-29,DAY_RETURNED_BY_GROK_X,2026-08-10T12:33:49.346Z,"X（Twitter）の実在する投稿だけを検索してください。
対象選手は日本プロ野球の「岡 大海」です。投稿本文に「岡 大海」または明確に同選手を指す表記を実際に含むものだけにしてください。
検索観点: 「足が速い」「速い足」「快足」など、速さそのものへの直接評価。
優先期間は2026年、次に2025年、次に2024年です。
採用候補は、野球で一歩目から約90ftまで走る純粋な身体的running ability（足の速さ、直線速度、加速、全力疾走、以前より足が落ちた等）への直接言及だけです。
盗塁、盗塁数、走塁判断、スタート技術、内野安打、三塁打、守備範囲、バント後の一塁到達、ゲーム査定だけの投稿は返さないでください。
各結果は、実在するx.com/status URL、@handle、投稿本文の必要最小限の原文、投稿日時を必ず付けてください。条件を満たす投稿がなければ「Nothing found」とだけ答えてください。推測・要約・無関係な投稿は返さないでください。","[""all_out_run"",""fast""]","[""GXQ055"",""GXQ060""]",data/manual/speed_2026_grok_x_search_receipts_20260810.json,: 岡大海さんどこかケガしとるんか？足速いのに代走だされとる。,: 岡大海さんどこかケガしとるんか？足速いのに代走だされとる。,2025年の投稿は、岡が速いという身体速度評価を明示する。,2025年の投稿は、岡が速いという身体速度評価を明示する。,CURRENT_2025,CURRENT_2025,FASTER,faster,DIRECT_CURRENT_SPEED_OBSERVATION,MODERATE,X_AUTHOR_Dec046adE,true,ACCEPTED,,true,false,false,,,RETRIEVED_BY_GROK_X_X_SEARCH,SINGLE_RETURNED_URL
GXSR021,岡 大海,千葉ロッテマリーンズ,P035,TYPE_A_CURRENT_SAMPLE_INSTABILITY,GROK_X_SUPPLEMENT,X_TWITTER,REJECTED_CANDIDATE,@jun_jun1980,,@jun_jun1980,2025167379848986704,https://x.com/jun_jun1980/status/2025167379848986704,https://x.com/jun_jun1980/status/2025167379848986704,2026-02-21,2026-02-21,DAY_RETURNED_BY_GROK_X,2026-08-10T12:33:49.346Z,"X（Twitter）の実在する投稿だけを検索してください。
対象選手は日本プロ野球の「岡 大海」です。投稿本文に「岡 大海」または明確に同選手を指す表記を実際に含むものだけにしてください。
検索観点: 「全力疾走」「加速」「疾走」など、実際の身体的な走りへの直接観察。
優先期間は2026年、次に2025年、次に2024年です。
採用候補は、野球で一歩目から約90ftまで走る純粋な身体的running ability（足の速さ、直線速度、加速、全力疾走、以前より足が落ちた等）への直接言及だけです。
盗塁、盗塁数、走塁判断、スタート技術、内野安打、三塁打、守備範囲、バント後の一塁到達、ゲーム査定だけの投稿は返さないでください。
各結果は、実在するx.com/status URL、@handle、投稿本文の必要最小限の原文、投稿日時を必ず付けてください。条件を満たす投稿がなければ「Nothing found」とだけ答えてください。推測・要約・無関係な投稿は返さないでください。","[""all_out_run""]","[""GXQ060""]",data/manual/speed_2026_grok_x_search_receipts_20260810.json,: ひろみー♪( ´θ｀)ノ 疾走とても良かった☺️,: ひろみー♪( ´θ｀)ノ 疾走とても良かった☺️,,,CURRENT_2026,CURRENT_2026,NON_DIRECTIONAL,not_directional,TARGET_NOT_VERIFIABLE,NONE_FOR_ACCEPTANCE,X_AUTHOR_jun_jun1980,false,REJECTED,TARGET_NOT_VERIFIABLE_FROM_RETURNED_POST_TEXT,false,false,false,,,RETRIEVED_BY_GROK_X_X_SEARCH,SINGLE_RETURNED_URL
GXSR022,岡 大海,千葉ロッテマリーンズ,P035,TYPE_A_CURRENT_SAMPLE_INSTABILITY,GROK_X_SUPPLEMENT,X_TWITTER,REJECTED_CANDIDATE,@happy_days0709,,@happy_days0709,2027416132739825932,https://x.com/happy_days0709/status/2027416132739825932,https://x.com/happy_days0709/status/2027416132739825932,2026-02-27,2026-02-27,DAY_RETURNED_BY_GROK_X,2026-08-10T12:33:16.666Z,"X（Twitter）の実在する投稿だけを検索してください。
対象選手は日本プロ野球の「岡 大海」です。投稿本文に「岡 大海」または明確に同選手を指す表記を実際に含むものだけにしてください。
検索観点: 「足が速い」「速い足」「快足」など、速さそのものへの直接評価。
優先期間は2026年、次に2025年、次に2024年です。
採用候補は、野球で一歩目から約90ftまで走る純粋な身体的running ability（足の速さ、直線速度、加速、全力疾走、以前より足が落ちた等）への直接言及だけです。
盗塁、盗塁数、走塁判断、スタート技術、内野安打、三塁打、守備範囲、バント後の一塁到達、ゲーム査定だけの投稿は返さないでください。
各結果は、実在するx.com/status URL、@handle、投稿本文の必要最小限の原文、投稿日時を必ず付けてください。条件を満たす投稿がなければ「Nothing found」とだけ答えてください。推測・要約・無関係な投稿は返さないでください。","[""fast""]","[""GXQ055""]",data/manual/speed_2026_grok_x_search_receipts_20260810.json,YouTubeで検索したら守備範囲が広く、足が速い。,YouTubeで検索したら守備範囲が広く、足が速い。,,,CURRENT_2026,CURRENT_2026,FASTER,faster,ARTICLE_OR_VIDEO_REPOST,NONE_FOR_ACCEPTANCE,X_AUTHOR_happy_days0709,false,REJECTED,ARTICLE_OR_VIDEO_REPOST_NOT_INDEPENDENT_SNS_ORIGIN,false,true,true,,,RETRIEVED_BY_GROK_X_X_SEARCH,SINGLE_RETURNED_URL
GXSR023,岡 大海,千葉ロッテマリーンズ,P035,TYPE_A_CURRENT_SAMPLE_INSTABILITY,GROK_X_SUPPLEMENT,X_TWITTER,SNS,@MotaMarines12,,@MotaMarines12,2072743192558968907,https://x.com/MotaMarines12/status/2072743192558968907,https://x.com/MotaMarines12/status/2072743192558968907,2026-07-02,2026-07-02,DAY_RETURNED_BY_GROK_X,2026-08-10T12:33:49.346Z,"X（Twitter）の実在する投稿だけを検索してください。
対象選手は日本プロ野球の「岡 大海」です。投稿本文に「岡 大海」または明確に同選手を指す表記を実際に含むものだけにしてください。
検索観点: 「足が速い」「速い足」「快足」など、速さそのものへの直接評価。
優先期間は2026年、次に2025年、次に2024年です。
採用候補は、野球で一歩目から約90ftまで走る純粋な身体的running ability（足の速さ、直線速度、加速、全力疾走、以前より足が落ちた等）への直接言及だけです。
盗塁、盗塁数、走塁判断、スタート技術、内野安打、三塁打、守備範囲、バント後の一塁到達、ゲーム査定だけの投稿は返さないでください。
各結果は、実在するx.com/status URL、@handle、投稿本文の必要最小限の原文、投稿日時を必ず付けてください。条件を満たす投稿がなければ「Nothing found」とだけ答えてください。推測・要約・無関係な投稿は返さないでください。","[""all_out_run"",""fast"",""speedster""]","[""GXQ055"",""GXQ056"",""GXQ060""]",data/manual/speed_2026_grok_x_search_receipts_20260810.json,: 岡大海の走塁やばい。あの加速好きすぎる,: 岡大海の走塁やばい。あの加速好きすぎる,2026年の投稿は、岡の加速そのものを評価する。,2026年の投稿は、岡の加速そのものを評価する。,CURRENT_2026,CURRENT_2026,FASTER,faster,DIRECT_ACCELERATION_OBSERVATION,MODERATE,X_AUTHOR_MotaMarines12,true,ACCEPTED,,true,false,false,,,RETRIEVED_BY_GROK_X_X_SEARCH,SINGLE_RETURNED_URL
GXSR024,岡 大海,千葉ロッテマリーンズ,P035,TYPE_A_CURRENT_SAMPLE_INSTABILITY,GROK_X_SUPPLEMENT,X_TWITTER,SNS,@USAMOND1348,,@USAMOND1348,2081325276282409176,https://x.com/USAMOND1348/status/2081325276282409176,https://x.com/USAMOND1348/status/2081325276282409176,2026-07-26 10:26:29 GMT,2026-07-26,TIMESTAMP_RETURNED_BY_GROK_X,2026-08-10T12:33:23.907Z,"X（Twitter）の実在する投稿だけを検索してください。
対象選手は日本プロ野球の「岡 大海」です。投稿本文に「岡 大海」または明確に同選手を指す表記を実際に含むものだけにしてください。
検索観点: 「足が速い」「速い足」「快足」など、速さそのものへの直接評価。
優先期間は2026年、次に2025年、次に2024年です。
採用候補は、野球で一歩目から約90ftまで走る純粋な身体的running ability（足の速さ、直線速度、加速、全力疾走、以前より足が落ちた等）への直接言及だけです。
盗塁、盗塁数、走塁判断、スタート技術、内野安打、三塁打、守備範囲、バント後の一塁到達、ゲーム査定だけの投稿は返さないでください。
各結果は、実在するx.com/status URL、@handle、投稿本文の必要最小限の原文、投稿日時を必ず付けてください。条件を満たす投稿がなければ「Nothing found」とだけ答えてください。推測・要約・無関係な投稿は返さないでください。","[""fast"",""speedster""]","[""GXQ055"",""GXQ056""]",data/manual/speed_2026_grok_x_search_receipts_20260810.json,"ソフトバンクには周東がいる。
マリーンズにも周東より速い和田康士朗と岡大海がいるのに、固定レギュラーで使わない。
足の遅い安田は…
これがマリーンズが弱い原因の一つ。
#chibalotte #マリーンズ","ソフトバンクには周東がいる。
マリーンズにも周東より速い和田康士朗と岡大海がいるのに、固定レギュラーで使わない。
足の遅い安田は…
これがマリーンズが弱い原因の一つ。
#chibalotte #マリーンズ",2026年の比較投稿は、岡を速い側に置く。,2026年の比較投稿は、岡を速い側に置く。,CURRENT_2026,CURRENT_2026,FASTER,faster,DIRECT_COMPARATIVE_SPEED_CLAIM,MODERATE,X_AUTHOR_USAMOND1348,true,ACCEPTED,,true,false,false,,,RETRIEVED_BY_GROK_X_X_SEARCH,SINGLE_RETURNED_URL
GXSR025,外崎 修汰,埼玉西武ライオンズ,P040,TYPE_A_CURRENT_SAMPLE_INSTABILITY,GROK_X_SUPPLEMENT,X_TWITTER,REJECTED_CANDIDATE,@ysblr,,@ysblr,1864122569328349199,https://x.com/ysblr/status/1864122569328349199,https://x.com/ysblr/status/1864122569328349199,2024-12-04,2024-12-04,DAY_RETURNED_BY_GROK_X,2026-08-10T12:35:15.722Z,"X（Twitter）の実在する投稿だけを検索してください。
対象選手は日本プロ野球の「外崎 修汰」です。投稿本文に「外崎 修汰」または明確に同選手を指す表記を実際に含むものだけにしてください。
検索観点: 「走力」「脚力」など、身体的な走る能力への直接評価。
優先期間は2026年、次に2025年、次に2024年です。
採用候補は、野球で一歩目から約90ftまで走る純粋な身体的running ability（足の速さ、直線速度、加速、全力疾走、以前より足が落ちた等）への直接言及だけです。
盗塁、盗塁数、走塁判断、スタート技術、内野安打、三塁打、守備範囲、バント後の一塁到達、ゲーム査定だけの投稿は返さないでください。
各結果は、実在するx.com/status URL、@handle、投稿本文の必要最小限の原文、投稿日時を必ず付けてください。条件を満たす投稿がなければ「Nothing found」とだけ答えてください。推測・要約・無関係な投稿は返さないでください。","[""running_ability""]","[""GXQ075""]",data/manual/speed_2026_grok_x_search_receipts_20260810.json,走力等を考えると逆だと思う。,走力等を考えると逆だと思う。,,,CONTEMPORARY_2024_HISTORICAL_CONTEXT,CONTEMPORARY_2024_HISTORICAL_CONTEXT,NON_DIRECTIONAL,not_directional,TARGET_NOT_VERIFIABLE,NONE_FOR_ACCEPTANCE,X_AUTHOR_ysblr,false,REJECTED,TARGET_NOT_VERIFIABLE_FROM_RETURNED_POST_TEXT,false,false,false,,,RETRIEVED_BY_GROK_X_X_SEARCH,SINGLE_RETURNED_URL
GXSR026,外崎 修汰,埼玉西武ライオンズ,P040,TYPE_A_CURRENT_SAMPLE_INSTABILITY,GROK_X_SUPPLEMENT,X_TWITTER,REJECTED_CANDIDATE,@xxxmiraclesxxx,,@xxxmiraclesxxx,1966499694495834147,https://x.com/xxxmiraclesxxx/status/1966499694495834147,https://x.com/xxxmiraclesxxx/status/1966499694495834147,,,NOT_RETURNED,2026-08-10T12:35:15.722Z,"X（Twitter）の実在する投稿だけを検索してください。
対象選手は日本プロ野球の「外崎 修汰」です。投稿本文に「外崎 修汰」または明確に同選手を指す表記を実際に含むものだけにしてください。
検索観点: 「俊足」など、身体的running abilityを指す直接評価。
優先期間は2026年、次に2025年、次に2024年です。
採用候補は、野球で一歩目から約90ftまで走る純粋な身体的running ability（足の速さ、直線速度、加速、全力疾走、以前より足が落ちた等）への直接言及だけです。
盗塁、盗塁数、走塁判断、スタート技術、内野安打、三塁打、守備範囲、バント後の一塁到達、ゲーム査定だけの投稿は返さないでください。
各結果は、実在するx.com/status URL、@handle、投稿本文の必要最小限の原文、投稿日時を必ず付けてください。条件を満たす投稿がなければ「Nothing found」とだけ答えてください。推測・要約・無関係な投稿は返さないでください。","[""running_ability"",""speedster""]","[""GXQ074"",""GXQ075""]",data/manual/speed_2026_grok_x_search_receipts_20260810.json,"梅野はもともと俊足である。2018年には右打者の一塁到達タイムで12球団6位の最速4秒07を記録。プロ野球統計のデルタ社がインスタグラムで公開していた。トップは菊池涼介（広島）と外崎修汰（西武）の3秒97。植田海（阪神）4秒09、坂本勇人（巨人）4秒10を上回っていた。
Mon, 01 Jun 2026 07:19:40 GMT

**","梅野はもともと俊足である。2018年には右打者の一塁到達タイムで12球団6位の最速4秒07を記録。プロ野球統計のデルタ社がインスタグラムで公開していた。トップは菊池涼介（広島）と外崎修汰（西武）の3秒97。植田海（阪神）4秒09、坂本勇人（巨人）4秒10を上回っていた。
Mon, 01 Jun 2026 07:19:40 GMT

**",,,UNVERIFIED_TEMPORAL_CONTEXT,UNVERIFIED_TEMPORAL_CONTEXT,FASTER,faster,INCOMPLETE_RETURNED_METADATA,NONE_FOR_ACCEPTANCE,X_AUTHOR_xxxmiraclesxxx,false,REJECTED,MISSING_VERIFIABLE_POST_TEXT_OR_TIMESTAMP,false,false,false,,,POST_METADATA_INCOMPLETE_NOT_TREATED_AS_CONFIRMED_POST,SINGLE_RETURNED_URL
GXSR027,外崎 修汰,埼玉西武ライオンズ,P040,TYPE_A_CURRENT_SAMPLE_INSTABILITY,GROK_X_SUPPLEMENT,X_TWITTER,REJECTED_CANDIDATE,@i_yodonoki,,@i_yodonoki,1974476633840234720,https://x.com/i_yodonoki/status/1974476633840234720,https://x.com/i_yodonoki/status/1974476633840234720,2025-10-04,2025-10-04,DAY_RETURNED_BY_GROK_X,2026-08-10T12:35:15.722Z,"X（Twitter）の実在する投稿だけを検索してください。
対象選手は日本プロ野球の「外崎 修汰」です。投稿本文に「外崎 修汰」または明確に同選手を指す表記を実際に含むものだけにしてください。
検索観点: 「走力」「脚力」など、身体的な走る能力への直接評価。
優先期間は2026年、次に2025年、次に2024年です。
採用候補は、野球で一歩目から約90ftまで走る純粋な身体的running ability（足の速さ、直線速度、加速、全力疾走、以前より足が落ちた等）への直接言及だけです。
盗塁、盗塁数、走塁判断、スタート技術、内野安打、三塁打、守備範囲、バント後の一塁到達、ゲーム査定だけの投稿は返さないでください。
各結果は、実在するx.com/status URL、@handle、投稿本文の必要最小限の原文、投稿日時を必ず付けてください。条件を満たす投稿がなければ「Nothing found」とだけ答えてください。推測・要約・無関係な投稿は返さないでください。","[""running_ability""]","[""GXQ075""]",data/manual/speed_2026_grok_x_search_receipts_20260810.json,内外野ほぼ全てのポジションを守る事ができ 打力と走力も備えた全盛期の外崎修汰さん,内外野ほぼ全てのポジションを守る事ができ 打力と走力も備えた全盛期の外崎修汰さん,,,CURRENT_2025,CURRENT_2025,NON_DIRECTIONAL,not_directional,NOT_ACCEPTED_AFTER_REVIEW,NONE_FOR_ACCEPTANCE,X_AUTHOR_i_yodonoki,false,REJECTED,GENERIC_OR_AMBIGUOUS_SPEED_LABEL_NOT_SUFFICIENT_FOR_ACCEPTANCE,false,false,false,,,RETRIEVED_BY_GROK_X_X_SEARCH,SINGLE_RETURNED_URL
GXSR028,外崎 修汰,埼玉西武ライオンズ,P040,TYPE_A_CURRENT_SAMPLE_INSTABILITY,GROK_X_SUPPLEMENT,X_TWITTER,SNS,@tatsumin_lions,,@tatsumin_lions,2021161047982264331,https://x.com/tatsumin_lions/status/2021161047982264331,https://x.com/tatsumin_lions/status/2021161047982264331,2026-02-10,2026-02-10,DAY_RETURNED_BY_GROK_X,2026-08-10T12:35:15.722Z,"X（Twitter）の実在する投稿だけを検索してください。
対象選手は日本プロ野球の「外崎 修汰」です。投稿本文に「外崎 修汰」または明確に同選手を指す表記を実際に含むものだけにしてください。
検索観点: 「走力」「脚力」など、身体的な走る能力への直接評価。
優先期間は2026年、次に2025年、次に2024年です。
採用候補は、野球で一歩目から約90ftまで走る純粋な身体的running ability（足の速さ、直線速度、加速、全力疾走、以前より足が落ちた等）への直接言及だけです。
盗塁、盗塁数、走塁判断、スタート技術、内野安打、三塁打、守備範囲、バント後の一塁到達、ゲーム査定だけの投稿は返さないでください。
各結果は、実在するx.com/status URL、@handle、投稿本文の必要最小限の原文、投稿日時を必ず付けてください。条件を満たす投稿がなければ「Nothing found」とだけ答えてください。推測・要約・無関係な投稿は返さないでください。","[""running_ability""]","[""GXQ075""]",data/manual/speed_2026_grok_x_search_receipts_20260810.json,やっぱり打球の質、脚力、スローイングと走攻守においてチーム内ではトップレベルだよね、外崎修汰さん。シンプルに身体が強いのか。,やっぱり打球の質、脚力、スローイングと走攻守においてチーム内ではトップレベルだよね、外崎修汰さん。シンプルに身体が強いのか。,2026年の投稿は、外崎の脚力をチーム内上位と評価する。,2026年の投稿は、外崎の脚力をチーム内上位と評価する。,CURRENT_2026,CURRENT_2026,CURRENT_SUPPORT,current,EXPLICIT_CURRENT_LEG_ABILITY_DESCRIPTION,MODERATE,X_AUTHOR_tatsumin_lions,true,ACCEPTED,,true,false,false,,,RETRIEVED_BY_GROK_X_X_SEARCH,SINGLE_RETURNED_URL
GXSR029,外崎 修汰,埼玉西武ライオンズ,P040,TYPE_A_CURRENT_SAMPLE_INSTABILITY,GROK_X_SUPPLEMENT,X_TWITTER,REJECTED_CANDIDATE,@mickeycoco_kazu,,@mickeycoco_kazu,2061346928575795370,https://x.com/mickeycoco_kazu/status/2061346928575795370,https://x.com/mickeycoco_kazu/status/2061346928575795370,,,NOT_RETURNED,2026-08-10T12:34:53.365Z,"X（Twitter）の実在する投稿だけを検索してください。
対象選手は日本プロ野球の「外崎 修汰」です。投稿本文に「外崎 修汰」または明確に同選手を指す表記を実際に含むものだけにしてください。
検索観点: 「俊足」など、身体的running abilityを指す直接評価。
優先期間は2026年、次に2025年、次に2024年です。
採用候補は、野球で一歩目から約90ftまで走る純粋な身体的running ability（足の速さ、直線速度、加速、全力疾走、以前より足が落ちた等）への直接言及だけです。
盗塁、盗塁数、走塁判断、スタート技術、内野安打、三塁打、守備範囲、バント後の一塁到達、ゲーム査定だけの投稿は返さないでください。
各結果は、実在するx.com/status URL、@handle、投稿本文の必要最小限の原文、投稿日時を必ず付けてください。条件を満たす投稿がなければ「Nothing found」とだけ答えてください。推測・要約・無関係な投稿は返さないでください。","[""speedster""]","[""GXQ074""]",data/manual/speed_2026_grok_x_search_receipts_20260810.json,,,,,UNVERIFIED_TEMPORAL_CONTEXT,UNVERIFIED_TEMPORAL_CONTEXT,NON_DIRECTIONAL,not_directional,INCOMPLETE_RETURNED_METADATA,NONE_FOR_ACCEPTANCE,X_AUTHOR_mickeycoco_kazu,false,REJECTED,MISSING_VERIFIABLE_POST_TEXT_OR_TIMESTAMP,false,false,false,,,POST_METADATA_INCOMPLETE_NOT_TREATED_AS_CONFIRMED_POST,SINGLE_RETURNED_URL
GXSR030,外崎 修汰,埼玉西武ライオンズ,P040,TYPE_A_CURRENT_SAMPLE_INSTABILITY,GROK_X_SUPPLEMENT,X_TWITTER,REJECTED_CANDIDATE,@YouTube08049738,,@YouTube08049738,2080662691337883730,https://x.com/YouTube08049738/status/2080662691337883730,https://x.com/YouTube08049738/status/2080662691337883730,2026-07-24,2026-07-24,DAY_RETURNED_BY_GROK_X,2026-08-10T12:35:15.722Z,"X（Twitter）の実在する投稿だけを検索してください。
対象選手は日本プロ野球の「外崎 修汰」です。投稿本文に「外崎 修汰」または明確に同選手を指す表記を実際に含むものだけにしてください。
検索観点: 「走力」「脚力」など、身体的な走る能力への直接評価。
優先期間は2026年、次に2025年、次に2024年です。
採用候補は、野球で一歩目から約90ftまで走る純粋な身体的running ability（足の速さ、直線速度、加速、全力疾走、以前より足が落ちた等）への直接言及だけです。
盗塁、盗塁数、走塁判断、スタート技術、内野安打、三塁打、守備範囲、バント後の一塁到達、ゲーム査定だけの投稿は返さないでください。
各結果は、実在するx.com/status URL、@handle、投稿本文の必要最小限の原文、投稿日時を必ず付けてください。条件を満たす投稿がなければ「Nothing found」とだけ答えてください。推測・要約・無関係な投稿は返さないでください。","[""running_ability""]","[""GXQ075""]",data/manual/speed_2026_grok_x_search_receipts_20260810.json,小濱佑斗さん パンチ力と走力を兼ね備えた選手は球界でも希少な選手 外野も守れるようになれば出場機会増えそうなんだけどな 将来的には外崎修汰のようになってほしいな,小濱佑斗さん パンチ力と走力を兼ね備えた選手は球界でも希少な選手 外野も守れるようになれば出場機会増えそうなんだけどな 将来的には外崎修汰のようになってほしいな,,,CURRENT_2026,CURRENT_2026,NON_DIRECTIONAL,not_directional,NOT_ACCEPTED_AFTER_REVIEW,NONE_FOR_ACCEPTANCE,X_AUTHOR_YouTube08049738,false,REJECTED,GENERIC_OR_AMBIGUOUS_SPEED_LABEL_NOT_SUFFICIENT_FOR_ACCEPTANCE,false,false,false,,,RETRIEVED_BY_GROK_X_X_SEARCH,SINGLE_RETURNED_URL
GXSR031,梶原 昂希,横浜DeNAベイスターズ,P072,TYPE_A_CURRENT_SAMPLE_INSTABILITY,GROK_X_SUPPLEMENT,X_TWITTER,REJECTED_CANDIDATE,@fp_jn12766tm,,@fp_jn12766tm,1849792582282510413,https://x.com/fp_jn12766tm/status/1849792582282510413,https://x.com/fp_jn12766tm/status/1849792582282510413,2024-10-25,2024-10-25,DAY_RETURNED_BY_GROK_X,2026-08-10T12:42:29.148Z,"X（Twitter）の実在する投稿だけを検索してください。
対象選手は日本プロ野球の「梶原 昂希」です。投稿本文に「梶原 昂希」または明確に同選手を指す表記を実際に含むものだけにしてください。
検索観点: 2024年の「足」「俊足」「走力」「スピード」「全力疾走」の直接的な身体速度評価。
優先期間は2024年の投稿です。2024年に見つからない場合だけ、2024–2026年で明示的に日付が分かる投稿を返してください。
採用候補は、野球で一歩目から約90ftまで走る純粋な身体的running ability（足の速さ、直線速度、加速、全力疾走、以前より足が落ちた等）への直接言及だけです。
盗塁、盗塁数、走塁判断、スタート技術、内野安打、三塁打、守備範囲、バント後の一塁到達、ゲーム査定だけの投稿は返さないでください。
各結果は、実在するx.com/status URL、@handle、投稿本文の必要最小限の原文、投稿日時を必ず付けてください。条件を満たす投稿がなければ「Nothing found」とだけ答えてください。推測・要約・無関係な投稿は返さないでください。","[""year_2024""]","[""GXQ153""]",data/manual/speed_2026_grok_x_search_receipts_20260810.json,,,,,CONTEMPORARY_2024_HISTORICAL_CONTEXT,CONTEMPORARY_2024_HISTORICAL_CONTEXT,NON_DIRECTIONAL,not_directional,INCOMPLETE_RETURNED_METADATA,NONE_FOR_ACCEPTANCE,X_AUTHOR_fp_jn12766tm,false,REJECTED,MISSING_VERIFIABLE_POST_TEXT_OR_TIMESTAMP,false,false,false,,,POST_METADATA_INCOMPLETE_NOT_TREATED_AS_CONFIRMED_POST,SINGLE_RETURNED_URL
GXSR032,梶原 昂希,横浜DeNAベイスターズ,P072,TYPE_A_CURRENT_SAMPLE_INSTABILITY,GROK_X_SUPPLEMENT,X_TWITTER,REJECTED_CANDIDATE,@muscat_delice,,@muscat_delice,1851220870720860493,https://x.com/muscat_delice/status/1851220870720860493,https://x.com/muscat_delice/status/1851220870720860493,2024-10-29,2024-10-29,DAY_RETURNED_BY_GROK_X,2026-08-10T12:42:29.148Z,"X（Twitter）の実在する投稿だけを検索してください。
対象選手は日本プロ野球の「梶原 昂希」です。投稿本文に「梶原 昂希」または明確に同選手を指す表記を実際に含むものだけにしてください。
検索観点: 2024年の「足」「俊足」「走力」「スピード」「全力疾走」の直接的な身体速度評価。
優先期間は2024年の投稿です。2024年に見つからない場合だけ、2024–2026年で明示的に日付が分かる投稿を返してください。
採用候補は、野球で一歩目から約90ftまで走る純粋な身体的running ability（足の速さ、直線速度、加速、全力疾走、以前より足が落ちた等）への直接言及だけです。
盗塁、盗塁数、走塁判断、スタート技術、内野安打、三塁打、守備範囲、バント後の一塁到達、ゲーム査定だけの投稿は返さないでください。
各結果は、実在するx.com/status URL、@handle、投稿本文の必要最小限の原文、投稿日時を必ず付けてください。条件を満たす投稿がなければ「Nothing found」とだけ答えてください。推測・要約・無関係な投稿は返さないでください。","[""year_2024""]","[""GXQ153""]",data/manual/speed_2026_grok_x_search_receipts_20260810.json,,,,,CONTEMPORARY_2024_HISTORICAL_CONTEXT,CONTEMPORARY_2024_HISTORICAL_CONTEXT,NON_DIRECTIONAL,not_directional,INCOMPLETE_RETURNED_METADATA,NONE_FOR_ACCEPTANCE,X_AUTHOR_muscat_delice,false,REJECTED,MISSING_VERIFIABLE_POST_TEXT_OR_TIMESTAMP,false,false,false,,,POST_METADATA_INCOMPLETE_NOT_TREATED_AS_CONFIRMED_POST,SINGLE_RETURNED_URL
GXSR033,梶原 昂希,横浜DeNAベイスターズ,P072,TYPE_A_CURRENT_SAMPLE_INSTABILITY,GROK_X_SUPPLEMENT,X_TWITTER,REJECTED_CANDIDATE,@rOBnMurEyosentW,,@rOBnMurEyosentW,1851221033165918396,https://x.com/rOBnMurEyosentW/status/1851221033165918396,https://x.com/rOBnMurEyosentW/status/1851221033165918396,2024-10-29,2024-10-29,DAY_RETURNED_BY_GROK_X,2026-08-10T12:42:29.148Z,"X（Twitter）の実在する投稿だけを検索してください。
対象選手は日本プロ野球の「梶原 昂希」です。投稿本文に「梶原 昂希」または明確に同選手を指す表記を実際に含むものだけにしてください。
検索観点: 2024年の「足」「俊足」「走力」「スピード」「全力疾走」の直接的な身体速度評価。
優先期間は2024年の投稿です。2024年に見つからない場合だけ、2024–2026年で明示的に日付が分かる投稿を返してください。
採用候補は、野球で一歩目から約90ftまで走る純粋な身体的running ability（足の速さ、直線速度、加速、全力疾走、以前より足が落ちた等）への直接言及だけです。
盗塁、盗塁数、走塁判断、スタート技術、内野安打、三塁打、守備範囲、バント後の一塁到達、ゲーム査定だけの投稿は返さないでください。
各結果は、実在するx.com/status URL、@handle、投稿本文の必要最小限の原文、投稿日時を必ず付けてください。条件を満たす投稿がなければ「Nothing found」とだけ答えてください。推測・要約・無関係な投稿は返さないでください。","[""year_2024""]","[""GXQ153""]",data/manual/speed_2026_grok_x_search_receipts_20260810.json,,,,,CONTEMPORARY_2024_HISTORICAL_CONTEXT,CONTEMPORARY_2024_HISTORICAL_CONTEXT,NON_DIRECTIONAL,not_directional,INCOMPLETE_RETURNED_METADATA,NONE_FOR_ACCEPTANCE,X_AUTHOR_rOBnMurEyosentW,false,REJECTED,MISSING_VERIFIABLE_POST_TEXT_OR_TIMESTAMP,false,false,false,,,POST_METADATA_INCOMPLETE_NOT_TREATED_AS_CONFIRMED_POST,SINGLE_RETURNED_URL
GXSR034,梶原 昂希,横浜DeNAベイスターズ,P072,TYPE_A_CURRENT_SAMPLE_INSTABILITY,GROK_X_SUPPLEMENT,X_TWITTER,REJECTED_CANDIDATE,@baystars51,,@baystars51,1851913371744129464,https://x.com/baystars51/status/1851913371744129464,https://x.com/baystars51/status/1851913371744129464,2024-10-31,2024-10-31,DAY_RETURNED_BY_GROK_X,2026-08-10T12:42:29.148Z,"X（Twitter）の実在する投稿だけを検索してください。
対象選手は日本プロ野球の「梶原 昂希」です。投稿本文に「梶原 昂希」または明確に同選手を指す表記を実際に含むものだけにしてください。
検索観点: 2024年の「足」「俊足」「走力」「スピード」「全力疾走」の直接的な身体速度評価。
優先期間は2024年の投稿です。2024年に見つからない場合だけ、2024–2026年で明示的に日付が分かる投稿を返してください。
採用候補は、野球で一歩目から約90ftまで走る純粋な身体的running ability（足の速さ、直線速度、加速、全力疾走、以前より足が落ちた等）への直接言及だけです。
盗塁、盗塁数、走塁判断、スタート技術、内野安打、三塁打、守備範囲、バント後の一塁到達、ゲーム査定だけの投稿は返さないでください。
各結果は、実在するx.com/status URL、@handle、投稿本文の必要最小限の原文、投稿日時を必ず付けてください。条件を満たす投稿がなければ「Nothing found」とだけ答えてください。推測・要約・無関係な投稿は返さないでください。","[""year_2024""]","[""GXQ153""]",data/manual/speed_2026_grok_x_search_receipts_20260810.json,,,,,CONTEMPORARY_2024_HISTORICAL_CONTEXT,CONTEMPORARY_2024_HISTORICAL_CONTEXT,NON_DIRECTIONAL,not_directional,INCOMPLETE_RETURNED_METADATA,NONE_FOR_ACCEPTANCE,X_AUTHOR_baystars51,false,REJECTED,MISSING_VERIFIABLE_POST_TEXT_OR_TIMESTAMP,false,false,false,,,POST_METADATA_INCOMPLETE_NOT_TREATED_AS_CONFIRMED_POST,SINGLE_RETURNED_URL
GXSR035,梶原 昂希,横浜DeNAベイスターズ,P072,TYPE_A_CURRENT_SAMPLE_INSTABILITY,GROK_X_SUPPLEMENT,X_TWITTER,REJECTED_CANDIDATE,@dokayamaBB,,@dokayamaBB,1853551646703595975,https://x.com/dokayamaBB/status/1853551646703595975,https://x.com/dokayamaBB/status/1853551646703595975,2024-11-04,2024-11-04,DAY_RETURNED_BY_GROK_X,2026-08-10T12:42:29.148Z,"X（Twitter）の実在する投稿だけを検索してください。
対象選手は日本プロ野球の「梶原 昂希」です。投稿本文に「梶原 昂希」または明確に同選手を指す表記を実際に含むものだけにしてください。
検索観点: 「俊足」など、身体的running abilityを指す直接評価。
優先期間は2026年、次に2025年、次に2024年です。
採用候補は、野球で一歩目から約90ftまで走る純粋な身体的running ability（足の速さ、直線速度、加速、全力疾走、以前より足が落ちた等）への直接言及だけです。
盗塁、盗塁数、走塁判断、スタート技術、内野安打、三塁打、守備範囲、バント後の一塁到達、ゲーム査定だけの投稿は返さないでください。
各結果は、実在するx.com/status URL、@handle、投稿本文の必要最小限の原文、投稿日時を必ず付けてください。条件を満たす投稿がなければ「Nothing found」とだけ答えてください。推測・要約・無関係な投稿は返さないでください。","[""speedster"",""year_2024""]","[""GXQ146"",""GXQ153""]",data/manual/speed_2026_grok_x_search_receipts_20260810.json,"この動画面白い😃
 セ界最速クラスか？梶原昂希の走力はヤバかった！内野安打、二塁打、本塁生還をタイム測定！2024年 横浜DeNAベイスターズ","この動画面白い😃
 セ界最速クラスか？梶原昂希の走力はヤバかった！内野安打、二塁打、本塁生還をタイム測定！2024年 横浜DeNAベイスターズ",,,CONTEMPORARY_2024_HISTORICAL_CONTEXT,CONTEMPORARY_2024_HISTORICAL_CONTEXT,FASTER,faster,IDENTITY_CONFLICT,NONE_FOR_ACCEPTANCE,X_AUTHOR_dokayamaBB,false,REJECTED,CONFLICTING_RETURNED_URL_FOR_SAME_POST_ID,false,false,false,,,IDENTITY_CONFLICT_NOT_TREATED_AS_CONFIRMED_POST,CONFLICTING_RETURNED_URL_FOR_SAME_POST_ID
GXSR036,梶原 昂希,横浜DeNAベイスターズ,P072,TYPE_A_CURRENT_SAMPLE_INSTABILITY,GROK_X_SUPPLEMENT,X_TWITTER,REJECTED_CANDIDATE,@zatsuteira,,@zatsuteira,1924656865788756229,https://x.com/zatsuteira/status/1924656865788756229,https://x.com/zatsuteira/status/1924656865788756229,,,NOT_RETURNED,2026-08-10T12:41:53.244Z,"X（Twitter）の実在する投稿だけを検索してください。
対象選手は日本プロ野球の「梶原 昂希」です。投稿本文に「梶原 昂希」または明確に同選手を指す表記を実際に含むものだけにしてください。
検索観点: 「足が遅い」「遅い」「鈍足」など、身体的running abilityの低下又は遅さへの直接評価。
優先期間は2026年、次に2025年、次に2024年です。
採用候補は、野球で一歩目から約90ftまで走る純粋な身体的running ability（足の速さ、直線速度、加速、全力疾走、以前より足が落ちた等）への直接言及だけです。
盗塁、盗塁数、走塁判断、スタート技術、内野安打、三塁打、守備範囲、バント後の一塁到達、ゲーム査定だけの投稿は返さないでください。
各結果は、実在するx.com/status URL、@handle、投稿本文の必要最小限の原文、投稿日時を必ず付けてください。条件を満たす投稿がなければ「Nothing found」とだけ答えてください。推測・要約・無関係な投稿は返さないでください。","[""slow""]","[""GXQ149""]",data/manual/speed_2026_grok_x_search_receipts_20260810.json,,,,,UNVERIFIED_TEMPORAL_CONTEXT,UNVERIFIED_TEMPORAL_CONTEXT,NON_DIRECTIONAL,not_directional,INCOMPLETE_RETURNED_METADATA,NONE_FOR_ACCEPTANCE,X_AUTHOR_zatsuteira,false,REJECTED,MISSING_VERIFIABLE_POST_TEXT_OR_TIMESTAMP,false,false,false,,,POST_METADATA_INCOMPLETE_NOT_TREATED_AS_CONFIRMED_POST,SINGLE_RETURNED_URL
GXSR037,梶原 昂希,横浜DeNAベイスターズ,P072,TYPE_A_CURRENT_SAMPLE_INSTABILITY,GROK_X_SUPPLEMENT,X_TWITTER,REJECTED_CANDIDATE,@baystars51,,@baystars51,1953379729048015277,https://x.com/baystars51/status/1953379729048015277,https://x.com/baystars51/status/1953379729048015277,2025-08-07,2025-08-07,DAY_RETURNED_BY_GROK_X,2026-08-10T12:41:31.626Z,"X（Twitter）の実在する投稿だけを検索してください。
対象選手は日本プロ野球の「梶原 昂希」です。投稿本文に「梶原 昂希」または明確に同選手を指す表記を実際に含むものだけにしてください。
検索観点: 「足が速い」「速い足」「快足」など、速さそのものへの直接評価。
優先期間は2026年、次に2025年、次に2024年です。
採用候補は、野球で一歩目から約90ftまで走る純粋な身体的running ability（足の速さ、直線速度、加速、全力疾走、以前より足が落ちた等）への直接言及だけです。
盗塁、盗塁数、走塁判断、スタート技術、内野安打、三塁打、守備範囲、バント後の一塁到達、ゲーム査定だけの投稿は返さないでください。
各結果は、実在するx.com/status URL、@handle、投稿本文の必要最小限の原文、投稿日時を必ず付けてください。条件を満たす投稿がなければ「Nothing found」とだけ答えてください。推測・要約・無関係な投稿は返さないでください。","[""fast""]","[""GXQ145""]",data/manual/speed_2026_grok_x_search_receipts_20260810.json,「足は速い」,「足は速い」,,,CURRENT_2025,CURRENT_2025,FASTER,faster,TARGET_NOT_VERIFIABLE,NONE_FOR_ACCEPTANCE,X_AUTHOR_baystars51,false,REJECTED,TARGET_NOT_VERIFIABLE_FROM_RETURNED_POST_TEXT,false,false,false,,,RETRIEVED_BY_GROK_X_X_SEARCH,SINGLE_RETURNED_URL
GXSR038,梶原 昂希,横浜DeNAベイスターズ,P072,TYPE_A_CURRENT_SAMPLE_INSTABILITY,GROK_X_SUPPLEMENT,X_TWITTER,REJECTED_CANDIDATE,@bk_wanko,,@bk_wanko,1969003439414731188,https://x.com/bk_wanko/status/1969003439414731188,https://x.com/bk_wanko/status/1969003439414731188,2025-09-19,2025-09-19,DAY_RETURNED_BY_GROK_X,2026-08-10T12:41:31.626Z,"X（Twitter）の実在する投稿だけを検索してください。
対象選手は日本プロ野球の「梶原 昂希」です。投稿本文に「梶原 昂希」または明確に同選手を指す表記を実際に含むものだけにしてください。
検索観点: 「足が速い」「速い足」「快足」など、速さそのものへの直接評価。
優先期間は2026年、次に2025年、次に2024年です。
採用候補は、野球で一歩目から約90ftまで走る純粋な身体的running ability（足の速さ、直線速度、加速、全力疾走、以前より足が落ちた等）への直接言及だけです。
盗塁、盗塁数、走塁判断、スタート技術、内野安打、三塁打、守備範囲、バント後の一塁到達、ゲーム査定だけの投稿は返さないでください。
各結果は、実在するx.com/status URL、@handle、投稿本文の必要最小限の原文、投稿日時を必ず付けてください。条件を満たす投稿がなければ「Nothing found」とだけ答えてください。推測・要約・無関係な投稿は返さないでください。","[""fast""]","[""GXQ145""]",data/manual/speed_2026_grok_x_search_receipts_20260810.json,「足も速いし」,「足も速いし」,,,CURRENT_2025,CURRENT_2025,FASTER,faster,TARGET_NOT_VERIFIABLE,NONE_FOR_ACCEPTANCE,X_AUTHOR_bk_wanko,false,REJECTED,TARGET_NOT_VERIFIABLE_FROM_RETURNED_POST_TEXT,false,false,false,,,RETRIEVED_BY_GROK_X_X_SEARCH,SINGLE_RETURNED_URL
GXSR039,梶原 昂希,横浜DeNAベイスターズ,P072,TYPE_A_CURRENT_SAMPLE_INSTABILITY,GROK_X_SUPPLEMENT,X_TWITTER,SNS,@ipushiondado,,@ipushiondado,1975885392705630299,https://x.com/ipushiondado/status/1975885392705630299,https://x.com/ipushiondado/status/1975885392705630299,2025-10-08,2025-10-08,DAY_RETURNED_BY_GROK_X,2026-08-10T12:41:39.035Z,"X（Twitter）の実在する投稿だけを検索してください。
対象選手は日本プロ野球の「梶原 昂希」です。投稿本文に「梶原 昂希」または明確に同選手を指す表記を実際に含むものだけにしてください。
検索観点: 「足が速い」「速い足」「快足」など、速さそのものへの直接評価。
優先期間は2026年、次に2025年、次に2024年です。
採用候補は、野球で一歩目から約90ftまで走る純粋な身体的running ability（足の速さ、直線速度、加速、全力疾走、以前より足が落ちた等）への直接言及だけです。
盗塁、盗塁数、走塁判断、スタート技術、内野安打、三塁打、守備範囲、バント後の一塁到達、ゲーム査定だけの投稿は返さないでください。
各結果は、実在するx.com/status URL、@handle、投稿本文の必要最小限の原文、投稿日時を必ず付けてください。条件を満たす投稿がなければ「Nothing found」とだけ答えてください。推測・要約・無関係な投稿は返さないでください。","[""fast"",""speedster""]","[""GXQ145"",""GXQ146""]",data/manual/speed_2026_grok_x_search_receipts_20260810.json,"梶原昂希がここまで評価低い理由がわからないよな
 ...
 足速い若手なんてそうそういないのに","梶原昂希がここまで評価低い理由がわからないよな
 ...
 足速い若手なんてそうそういないのに",2025年の投稿は、梶原を速い若手として明示する。,2025年の投稿は、梶原を速い若手として明示する。,CURRENT_2025,CURRENT_2025,FASTER,faster,EXPLICIT_CURRENT_PHYSICAL_SPEED_LABEL,MODERATE,X_AUTHOR_ipushiondado,true,ACCEPTED,,true,false,false,,,RETRIEVED_BY_GROK_X_X_SEARCH,SINGLE_RETURNED_URL
GXSR040,梶原 昂希,横浜DeNAベイスターズ,P072,TYPE_A_CURRENT_SAMPLE_INSTABILITY,GROK_X_SUPPLEMENT,X_TWITTER,SNS,@bayashi1008,,@bayashi1008,2062168627009458373,https://x.com/bayashi1008/status/2062168627009458373,https://x.com/bayashi1008/status/2062168627009458373,2026-06-03,2026-06-03,DAY_RETURNED_BY_GROK_X,2026-08-10T12:41:52.571Z,"X（Twitter）の実在する投稿だけを検索してください。
対象選手は日本プロ野球の「梶原 昂希」です。投稿本文に「梶原 昂希」または明確に同選手を指す表記を実際に含むものだけにしてください。
検索観点: 「足が速い」「速い足」「快足」など、速さそのものへの直接評価。
優先期間は2026年、次に2025年、次に2024年です。
採用候補は、野球で一歩目から約90ftまで走る純粋な身体的running ability（足の速さ、直線速度、加速、全力疾走、以前より足が落ちた等）への直接言及だけです。
盗塁、盗塁数、走塁判断、スタート技術、内野安打、三塁打、守備範囲、バント後の一塁到達、ゲーム査定だけの投稿は返さないでください。
各結果は、実在するx.com/status URL、@handle、投稿本文の必要最小限の原文、投稿日時を必ず付けてください。条件を満たす投稿がなければ「Nothing found」とだけ答えてください。推測・要約・無関係な投稿は返さないでください。","[""fast"",""speed"",""speedster""]","[""GXQ145"",""GXQ146"",""GXQ148""]",data/manual/speed_2026_grok_x_search_receipts_20260810.json,"マジで森敬斗と梶原昂希は何をしてるんや
 ...
 ましてやこの2人すごく足が速いんやぞ","マジで森敬斗と梶原昂希は何をしてるんや
 ...
 ましてやこの2人すごく足が速いんやぞ",2026年の投稿は、梶原の足を非常に速いと明示する。,2026年の投稿は、梶原の足を非常に速いと明示する。,CURRENT_2026,CURRENT_2026,FASTER,faster,EXPLICIT_CURRENT_PHYSICAL_SPEED_LABEL,MODERATE,X_AUTHOR_bayashi1008,true,ACCEPTED,,true,false,false,,,RETRIEVED_BY_GROK_X_X_SEARCH,SINGLE_RETURNED_URL
GXSR041,梶原 昂希,横浜DeNAベイスターズ,P072,TYPE_A_CURRENT_SAMPLE_INSTABILITY,GROK_X_SUPPLEMENT,X_TWITTER,REJECTED_CANDIDATE,@mejiro9banchi,,@mejiro9banchi,2066081062422503509,https://x.com/mejiro9banchi/status/2066081062422503509,https://x.com/mejiro9banchi/status/2066081062422503509,2026-06-14,2026-06-14,DAY_RETURNED_BY_GROK_X,2026-08-10T12:41:39.035Z,"X（Twitter）の実在する投稿だけを検索してください。
対象選手は日本プロ野球の「梶原 昂希」です。投稿本文に「梶原 昂希」または明確に同選手を指す表記を実際に含むものだけにしてください。
検索観点: 「俊足」など、身体的running abilityを指す直接評価。
優先期間は2026年、次に2025年、次に2024年です。
採用候補は、野球で一歩目から約90ftまで走る純粋な身体的running ability（足の速さ、直線速度、加速、全力疾走、以前より足が落ちた等）への直接言及だけです。
盗塁、盗塁数、走塁判断、スタート技術、内野安打、三塁打、守備範囲、バント後の一塁到達、ゲーム査定だけの投稿は返さないでください。
各結果は、実在するx.com/status URL、@handle、投稿本文の必要最小限の原文、投稿日時を必ず付けてください。条件を満たす投稿がなければ「Nothing found」とだけ答えてください。推測・要約・無関係な投稿は返さないでください。","[""speedster""]","[""GXQ146""]",data/manual/speed_2026_grok_x_search_receipts_20260810.json,梶原昂希は本当に可哀想、牧秀悟に「練習で一番打球を飛ばすのは梶原」と言わせるほどのパワーがあるのに俊足と盗塁のセンスも兼ね備えてたせいで出塁が役割だの、主軸に繋げろだのバントしろだのごちゃごちゃ言われて完全に良さ失ってるもん,梶原昂希は本当に可哀想、牧秀悟に「練習で一番打球を飛ばすのは梶原」と言わせるほどのパワーがあるのに俊足と盗塁のセンスも兼ね備えてたせいで出塁が役割だの、主軸に繋げろだのバントしろだのごちゃごちゃ言われて完全に良さ失ってるもん,,,CURRENT_2026,CURRENT_2026,FASTER,faster,BASERUNNING_OR_STOLEN_BASE,NONE_FOR_ACCEPTANCE,X_AUTHOR_mejiro9banchi,false,REJECTED,BASERUNNING_DECISION_OR_STOLEN_BASE_CONTEXT_NOT_ISOLATED_TO_PHYSICAL_SPEED,false,false,false,,,RETRIEVED_BY_GROK_X_X_SEARCH,SINGLE_RETURNED_URL
GXSR042,丸 佳浩,読売ジャイアンツ,P086,TYPE_A_CURRENT_SAMPLE_INSTABILITY,GROK_X_SUPPLEMENT,X_TWITTER,SNS,@bsblchannel,,@bsblchannel,1837089284576170203,https://x.com/bsblchannel/status/1837089284576170203,https://x.com/bsblchannel/status/1837089284576170203,2024-09-20,2024-09-20,DAY_RETURNED_BY_GROK_X,2026-08-10T12:42:48.774Z,"X（Twitter）の実在する投稿だけを検索してください。
対象選手は日本プロ野球の「丸 佳浩」です。投稿本文に「丸 佳浩」または明確に同選手を指す表記を実際に含むものだけにしてください。
検索観点: 「走力」「脚力」など、身体的な走る能力への直接評価。
優先期間は2026年、次に2025年、次に2024年です。
採用候補は、野球で一歩目から約90ftまで走る純粋な身体的running ability（足の速さ、直線速度、加速、全力疾走、以前より足が落ちた等）への直接言及だけです。
盗塁、盗塁数、走塁判断、スタート技術、内野安打、三塁打、守備範囲、バント後の一塁到達、ゲーム査定だけの投稿は返さないでください。
各結果は、実在するx.com/status URL、@handle、投稿本文の必要最小限の原文、投稿日時を必ず付けてください。条件を満たす投稿がなければ「Nothing found」とだけ答えてください。推測・要約・無関係な投稿は返さないでください。","[""running_ability""]","[""GXQ156""]",data/manual/speed_2026_grok_x_search_receipts_20260810.json,丸佳浩、絶対に脚力は衰えてるはずなんだけど技術でカバーしてるよな,丸佳浩、絶対に脚力は衰えてるはずなんだけど技術でカバーしてるよな,2024年の投稿は、丸の脚力が以前より衰えたという見立てを述べる。,2024年の投稿は、丸の脚力が以前より衰えたという見立てを述べる。,CONTEMPORARY_2024_TEMPORAL_DECLINE,CONTEMPORARY_2024_TEMPORAL_DECLINE,SLOWER,slower,EXPLICIT_TEMPORAL_PHYSICAL_SPEED_DECLINE,MODERATE_HISTORICAL,X_AUTHOR_bsblchannel,true,ACCEPTED,,true,false,false,,,RETRIEVED_BY_GROK_X_X_SEARCH,SINGLE_RETURNED_URL
GXSR043,丸 佳浩,読売ジャイアンツ,P086,TYPE_A_CURRENT_SAMPLE_INSTABILITY,GROK_X_SUPPLEMENT,X_TWITTER,REJECTED_CANDIDATE,@giants_is_4ever,,@giants_is_4ever,1846861419775684963,https://x.com/giants_is_4ever/status/1846861419775684963,https://x.com/giants_is_4ever/status/1846861419775684963,,,NOT_RETURNED,2026-08-10T12:42:30.658Z,"X（Twitter）の実在する投稿だけを検索してください。
対象選手は日本プロ野球の「丸 佳浩」です。投稿本文に「丸 佳浩」または明確に同選手を指す表記を実際に含むものだけにしてください。
検索観点: 「俊足」など、身体的running abilityを指す直接評価。
優先期間は2026年、次に2025年、次に2024年です。
採用候補は、野球で一歩目から約90ftまで走る純粋な身体的running ability（足の速さ、直線速度、加速、全力疾走、以前より足が落ちた等）への直接言及だけです。
盗塁、盗塁数、走塁判断、スタート技術、内野安打、三塁打、守備範囲、バント後の一塁到達、ゲーム査定だけの投稿は返さないでください。
各結果は、実在するx.com/status URL、@handle、投稿本文の必要最小限の原文、投稿日時を必ず付けてください。条件を満たす投稿がなければ「Nothing found」とだけ答えてください。推測・要約・無関係な投稿は返さないでください。","[""speedster""]","[""GXQ155""]",data/manual/speed_2026_grok_x_search_receipts_20260810.json,: ベテラン丸佳浩の全力疾走とヘッドスライディング。この負けん気と熱い闘志に泣けてしまう。大好きすぎる丸。#giants #ジャイアンツ #丸佳浩,: ベテラン丸佳浩の全力疾走とヘッドスライディング。この負けん気と熱い闘志に泣けてしまう。大好きすぎる丸。#giants #ジャイアンツ #丸佳浩,,,UNVERIFIED_TEMPORAL_CONTEXT,UNVERIFIED_TEMPORAL_CONTEXT,NON_DIRECTIONAL,not_directional,INCOMPLETE_RETURNED_METADATA,NONE_FOR_ACCEPTANCE,X_AUTHOR_giants_is_4ever,false,REJECTED,MISSING_VERIFIABLE_POST_TEXT_OR_TIMESTAMP,false,false,false,,,POST_METADATA_INCOMPLETE_NOT_TREATED_AS_CONFIRMED_POST,SINGLE_RETURNED_URL
GXSR044,丸 佳浩,読売ジャイアンツ,P086,TYPE_A_CURRENT_SAMPLE_INSTABILITY,GROK_X_SUPPLEMENT,X_TWITTER,REJECTED_CANDIDATE,@cun_song14143,,@cun_song14143,1856965524414218540,https://x.com/cun_song14143/status/1856965524414218540,https://x.com/cun_song14143/status/1856965524414218540,,,NOT_RETURNED,2026-08-10T12:42:30.658Z,"X（Twitter）の実在する投稿だけを検索してください。
対象選手は日本プロ野球の「丸 佳浩」です。投稿本文に「丸 佳浩」または明確に同選手を指す表記を実際に含むものだけにしてください。
検索観点: 「俊足」など、身体的running abilityを指す直接評価。
優先期間は2026年、次に2025年、次に2024年です。
採用候補は、野球で一歩目から約90ftまで走る純粋な身体的running ability（足の速さ、直線速度、加速、全力疾走、以前より足が落ちた等）への直接言及だけです。
盗塁、盗塁数、走塁判断、スタート技術、内野安打、三塁打、守備範囲、バント後の一塁到達、ゲーム査定だけの投稿は返さないでください。
各結果は、実在するx.com/status URL、@handle、投稿本文の必要最小限の原文、投稿日時を必ず付けてください。条件を満たす投稿がなければ「Nothing found」とだけ答えてください。推測・要約・無関係な投稿は返さないでください。","[""speedster""]","[""GXQ155""]",data/manual/speed_2026_grok_x_search_receipts_20260810.json,": ８丸佳浩（読売ジャイアンツ） 誰より強く 更なる高みへ この大歓声が 君の味方だ さあ我らと行こう 丸佳浩 ↓ 赤城 誰より強く 更なる食欲 この艦載機が 君の味方だ さあミッドウェーに行こう 空母赤城 (context includes ""俊足でもあります。"")",": ８丸佳浩（読売ジャイアンツ） 誰より強く 更なる高みへ この大歓声が 君の味方だ さあ我らと行こう 丸佳浩 ↓ 赤城 誰より強く 更なる食欲 この艦載機が 君の味方だ さあミッドウェーに行こう 空母赤城 (context includes ""俊足でもあります。"")",,,UNVERIFIED_TEMPORAL_CONTEXT,UNVERIFIED_TEMPORAL_CONTEXT,FASTER,faster,INCOMPLETE_RETURNED_METADATA,NONE_FOR_ACCEPTANCE,X_AUTHOR_cun_song14143,false,REJECTED,MISSING_VERIFIABLE_POST_TEXT_OR_TIMESTAMP,false,false,false,,,POST_METADATA_INCOMPLETE_NOT_TREATED_AS_CONFIRMED_POST,SINGLE_RETURNED_URL
GXSR045,丸 佳浩,読売ジャイアンツ,P086,TYPE_A_CURRENT_SAMPLE_INSTABILITY,GROK_X_SUPPLEMENT,X_TWITTER,REJECTED_CANDIDATE,@EM8040,,@EM8040,1862751774286963105,https://x.com/EM8040/status/1862751774286963105,https://x.com/EM8040/status/1862751774286963105,,,NOT_RETURNED,2026-08-10T12:43:15.224Z,"X（Twitter）の実在する投稿だけを検索してください。
対象選手は日本プロ野球の「丸 佳浩」です。投稿本文に「丸 佳浩」または明確に同選手を指す表記を実際に含むものだけにしてください。
検索観点: 「俊足」など、身体的running abilityを指す直接評価。
優先期間は2026年、次に2025年、次に2024年です。
採用候補は、野球で一歩目から約90ftまで走る純粋な身体的running ability（足の速さ、直線速度、加速、全力疾走、以前より足が落ちた等）への直接言及だけです。
盗塁、盗塁数、走塁判断、スタート技術、内野安打、三塁打、守備範囲、バント後の一塁到達、ゲーム査定だけの投稿は返さないでください。
各結果は、実在するx.com/status URL、@handle、投稿本文の必要最小限の原文、投稿日時を必ず付けてください。条件を満たす投稿がなければ「Nothing found」とだけ答えてください。推測・要約・無関係な投稿は返さないでください。","[""running_ability"",""speedster"",""year_2024""]","[""GXQ155"",""GXQ156"",""GXQ162""]",data/manual/speed_2026_grok_x_search_receipts_20260810.json,: 丸佳浩 全力疾走し、借り物競争の借り物難題すぎてこの表情,: 丸佳浩 全力疾走し、借り物競争の借り物難題すぎてこの表情,,,UNVERIFIED_TEMPORAL_CONTEXT,UNVERIFIED_TEMPORAL_CONTEXT,NON_DIRECTIONAL,not_directional,INCOMPLETE_RETURNED_METADATA,NONE_FOR_ACCEPTANCE,X_AUTHOR_EM8040,false,REJECTED,MISSING_VERIFIABLE_POST_TEXT_OR_TIMESTAMP,false,false,false,,,POST_METADATA_INCOMPLETE_NOT_TREATED_AS_CONFIRMED_POST,SINGLE_RETURNED_URL
GXSR046,丸 佳浩,読売ジャイアンツ,P086,TYPE_A_CURRENT_SAMPLE_INSTABILITY,GROK_X_SUPPLEMENT,X_TWITTER,SNS,@izumi2025811,,@izumi2025811,1969629117290332632,https://x.com/izumi2025811/status/1969629117290332632,https://x.com/izumi2025811/status/1969629117290332632,2025-09-21,2025-09-21,DAY_RETURNED_BY_GROK_X,2026-08-10T12:42:48.774Z,"X（Twitter）の実在する投稿だけを検索してください。
対象選手は日本プロ野球の「丸 佳浩」です。投稿本文に「丸 佳浩」または明確に同選手を指す表記を実際に含むものだけにしてください。
検索観点: 「走力」「脚力」など、身体的な走る能力への直接評価。
優先期間は2026年、次に2025年、次に2024年です。
採用候補は、野球で一歩目から約90ftまで走る純粋な身体的running ability（足の速さ、直線速度、加速、全力疾走、以前より足が落ちた等）への直接言及だけです。
盗塁、盗塁数、走塁判断、スタート技術、内野安打、三塁打、守備範囲、バント後の一塁到達、ゲーム査定だけの投稿は返さないでください。
各結果は、実在するx.com/status URL、@handle、投稿本文の必要最小限の原文、投稿日時を必ず付けてください。条件を満たす投稿がなければ「Nothing found」とだけ答えてください。推測・要約・無関係な投稿は返さないでください。","[""running_ability""]","[""GXQ156""]",data/manual/speed_2026_grok_x_search_receipts_20260810.json,いや だから丸佳浩は 走力無いんだから 走らせるなよ アホなの？,いや だから丸佳浩は 走力無いんだから 走らせるなよ アホなの？,2025年の投稿は、丸に走力がないと明示する。,2025年の投稿は、丸に走力がないと明示する。,CURRENT_2025,CURRENT_2025,SLOWER,slower,EXPLICIT_CURRENT_PHYSICAL_SPEED_LABEL,MODERATE,X_AUTHOR_izumi2025811,true,ACCEPTED,,true,false,false,,,RETRIEVED_BY_GROK_X_X_SEARCH,SINGLE_RETURNED_URL
GXSR047,丸 佳浩,読売ジャイアンツ,P086,TYPE_A_CURRENT_SAMPLE_INSTABILITY,GROK_X_SUPPLEMENT,X_TWITTER,REJECTED_CANDIDATE,@hirosatou1717,,@hirosatou1717,2051881673625854452,https://x.com/hirosatou1717/status/2051881673625854452,https://x.com/hirosatou1717/status/2051881673625854452,,,NOT_RETURNED,2026-08-10T12:43:09.868Z,"X（Twitter）の実在する投稿だけを検索してください。
対象選手は日本プロ野球の「丸 佳浩」です。投稿本文に「丸 佳浩」または明確に同選手を指す表記を実際に含むものだけにしてください。
検索観点: 「走力」「脚力」など、身体的な走る能力への直接評価。
優先期間は2026年、次に2025年、次に2024年です。
採用候補は、野球で一歩目から約90ftまで走る純粋な身体的running ability（足の速さ、直線速度、加速、全力疾走、以前より足が落ちた等）への直接言及だけです。
盗塁、盗塁数、走塁判断、スタート技術、内野安打、三塁打、守備範囲、バント後の一塁到達、ゲーム査定だけの投稿は返さないでください。
各結果は、実在するx.com/status URL、@handle、投稿本文の必要最小限の原文、投稿日時を必ず付けてください。条件を満たす投稿がなければ「Nothing found」とだけ答えてください。推測・要約・無関係な投稿は返さないでください。","[""all_out_run"",""running_ability"",""speed""]","[""GXQ156"",""GXQ157"",""GXQ159""]",data/manual/speed_2026_grok_x_search_receipts_20260810.json,読売ジャイアンツ2026 スプリント(瞬間最速速度) 足が遅い選手 ※外国人除く 1位 小林誠司 27.6km/h 2位 山瀬慎之助 27.9km/h 3位 大城卓三 29.2km/h 4位 岸田行倫 29.4km/h 5位 萩尾匡也 30.1km/h 6位 増田陸 30.2km/h 7位 丸佳浩 30.4km/h 8位 坂本勇人 30.8km/h 結論：捕手は基本鈍足,読売ジャイアンツ2026 スプリント(瞬間最速速度) 足が遅い選手 ※外国人除く 1位 小林誠司 27.6km/h 2位 山瀬慎之助 27.9km/h 3位 大城卓三 29.2km/h 4位 岸田行倫 29.4km/h 5位 萩尾匡也 30.1km/h 6位 増田陸 30.2km/h 7位 丸佳浩 30.4km/h 8位 坂本勇人 30.8km/h 結論：捕手は基本鈍足,,,UNVERIFIED_TEMPORAL_CONTEXT,UNVERIFIED_TEMPORAL_CONTEXT,SLOWER,slower,INCOMPLETE_RETURNED_METADATA,NONE_FOR_ACCEPTANCE,X_AUTHOR_hirosatou1717,false,REJECTED,MISSING_VERIFIABLE_POST_TEXT_OR_TIMESTAMP,false,false,false,,,POST_METADATA_INCOMPLETE_NOT_TREATED_AS_CONFIRMED_POST,SINGLE_RETURNED_URL
GXSR048,丸 佳浩,読売ジャイアンツ,P086,TYPE_A_CURRENT_SAMPLE_INSTABILITY,GROK_X_SUPPLEMENT,X_TWITTER,REJECTED_CANDIDATE,@hirosatou1717,,@hirosatou1717,2051891392386114024,https://x.com/hirosatou1717/status/2051891392386114024,https://x.com/hirosatou1717/status/2051891392386114024,,,NOT_RETURNED,2026-08-10T12:43:09.868Z,"X（Twitter）の実在する投稿だけを検索してください。
対象選手は日本プロ野球の「丸 佳浩」です。投稿本文に「丸 佳浩」または明確に同選手を指す表記を実際に含むものだけにしてください。
検索観点: 「俊足」など、身体的running abilityを指す直接評価。
優先期間は2026年、次に2025年、次に2024年です。
採用候補は、野球で一歩目から約90ftまで走る純粋な身体的running ability（足の速さ、直線速度、加速、全力疾走、以前より足が落ちた等）への直接言及だけです。
盗塁、盗塁数、走塁判断、スタート技術、内野安打、三塁打、守備範囲、バント後の一塁到達、ゲーム査定だけの投稿は返さないでください。
各結果は、実在するx.com/status URL、@handle、投稿本文の必要最小限の原文、投稿日時を必ず付けてください。条件を満たす投稿がなければ「Nothing found」とだけ答えてください。推測・要約・無関係な投稿は返さないでください。","[""all_out_run"",""running_ability"",""speed"",""speedster""]","[""GXQ155"",""GXQ156"",""GXQ157"",""GXQ159""]",data/manual/speed_2026_grok_x_search_receipts_20260810.json,: 読売ジャイアンツ2026 スプリント(瞬間最速速度) 外野登録選手　外国人除く 1位 佐々木俊輔 32.6km/h 2位 若林楽人 32.0km/h 3位 皆川岳飛 31.5km/h 4位 中山礼都 31.3km/h 5位 松本剛 31.0km/h 6位 丸佳浩 30.4km/h 7位 萩野匡也 30.1km/h 俊足と言われる部類の松本剛より礼都の方が瞬間速度は速い,: 読売ジャイアンツ2026 スプリント(瞬間最速速度) 外野登録選手　外国人除く 1位 佐々木俊輔 32.6km/h 2位 若林楽人 32.0km/h 3位 皆川岳飛 31.5km/h 4位 中山礼都 31.3km/h 5位 松本剛 31.0km/h 6位 丸佳浩 30.4km/h 7位 萩野匡也 30.1km/h 俊足と言われる部類の松本剛より礼都の方が瞬間速度は速い,,,UNVERIFIED_TEMPORAL_CONTEXT,UNVERIFIED_TEMPORAL_CONTEXT,FASTER,faster,INCOMPLETE_RETURNED_METADATA,NONE_FOR_ACCEPTANCE,X_AUTHOR_hirosatou1717,false,REJECTED,MISSING_VERIFIABLE_POST_TEXT_OR_TIMESTAMP,false,false,false,,,POST_METADATA_INCOMPLETE_NOT_TREATED_AS_CONFIRMED_POST,SINGLE_RETURNED_URL
GXSR049,丸 佳浩,読売ジャイアンツ,P086,TYPE_A_CURRENT_SAMPLE_INSTABILITY,GROK_X_SUPPLEMENT,X_TWITTER,REJECTED_CANDIDATE,@hirosatou1717,,@hirosatou1717,2084616070565159325,https://x.com/hirosatou1717/status/2084616070565159325,https://x.com/hirosatou1717/status/2084616070565159325,,,NOT_RETURNED,2026-08-10T12:42:49.829Z,"X（Twitter）の実在する投稿だけを検索してください。
対象選手は日本プロ野球の「丸 佳浩」です。投稿本文に「丸 佳浩」または明確に同選手を指す表記を実際に含むものだけにしてください。
検索観点: 「スピード」「直線速度」「加速」など、走る速さへの直接評価。
優先期間は2026年、次に2025年、次に2024年です。
採用候補は、野球で一歩目から約90ftまで走る純粋な身体的running ability（足の速さ、直線速度、加速、全力疾走、以前より足が落ちた等）への直接言及だけです。
盗塁、盗塁数、走塁判断、スタート技術、内野安打、三塁打、守備範囲、バント後の一塁到達、ゲーム査定だけの投稿は返さないでください。
各結果は、実在するx.com/status URL、@handle、投稿本文の必要最小限の原文、投稿日時を必ず付けてください。条件を満たす投稿がなければ「Nothing found」とだけ答えてください。推測・要約・無関係な投稿は返さないでください。","[""speed""]","[""GXQ157""]",data/manual/speed_2026_grok_x_search_receipts_20260810.json,増田大輝の今年のトップスピードって、最高31.4km/hで丸佳浩と同じなんだよな。完全にイメージだけでスピードはもうない。,増田大輝の今年のトップスピードって、最高31.4km/hで丸佳浩と同じなんだよな。完全にイメージだけでスピードはもうない。,,,UNVERIFIED_TEMPORAL_CONTEXT,UNVERIFIED_TEMPORAL_CONTEXT,NON_DIRECTIONAL,not_directional,INCOMPLETE_RETURNED_METADATA,NONE_FOR_ACCEPTANCE,X_AUTHOR_hirosatou1717,false,REJECTED,MISSING_VERIFIABLE_POST_TEXT_OR_TIMESTAMP,false,false,false,,,POST_METADATA_INCOMPLETE_NOT_TREATED_AS_CONFIRMED_POST,SINGLE_RETURNED_URL
GXSR050,西野 真弘,オリックス・バファローズ,P009,TYPE_A_CURRENT_SAMPLE_INSTABILITY,GROK_X_SUPPLEMENT,X_TWITTER,REJECTED_CANDIDATE,@131468yasu,,@131468yasu,1796157628340445533,https://x.com/131468yasu/status/1796157628340445533,https://x.com/131468yasu/status/1796157628340445533,2024-05-30 12:32:04 GMT,2024-05-30,TIMESTAMP_RETURNED_BY_GROK_X,2026-08-10T11:57:58.455Z,"X（Twitter）の実在する投稿だけを検索してください。
対象選手は日本プロ野球の「西野 真弘」です。投稿本文に「西野 真弘」または明確に同選手を指す表記を実際に含むものだけにしてください。
検索観点: 「全力疾走」「加速」「疾走」など、実際の身体的な走りへの直接観察。
優先期間は2026年、次に2025年、次に2024年です。
採用候補は、野球で一歩目から約90ftまで走る純粋な身体的running ability（足の速さ、直線速度、加速、全力疾走、以前より足が落ちた等）への直接言及だけです。
盗塁、盗塁数、走塁判断、スタート技術、内野安打、三塁打、守備範囲、バント後の一塁到達、ゲーム査定だけの投稿は返さないでください。
各結果は、実在するx.com/status URL、@handle、投稿本文の必要最小限の原文、投稿日時を必ず付けてください。条件を満たす投稿がなければ「Nothing found」とだけ答えてください。推測・要約・無関係な投稿は返さないでください。","[""all_out_run""]","[""GXQ006""]",data/manual/speed_2026_grok_x_search_receipts_20260810.json,西野真弘さん全力疾走!,西野真弘さん全力疾走!,,,CONTEMPORARY_2024_HISTORICAL_CONTEXT,CONTEMPORARY_2024_HISTORICAL_CONTEXT,NON_DIRECTIONAL,not_directional,EFFORT_NOT_SPEED,NONE_FOR_ACCEPTANCE,X_AUTHOR_131468yasu,false,REJECTED,ALL_OUT_EFFORT_WITHOUT_SPEED_OBSERVATION,false,false,false,,,RETRIEVED_BY_GROK_X_X_SEARCH,SINGLE_RETURNED_URL
GXSR051,西野 真弘,オリックス・バファローズ,P009,TYPE_A_CURRENT_SAMPLE_INSTABILITY,GROK_X_SUPPLEMENT,X_TWITTER,REJECTED_CANDIDATE,@Kokudo357,,@Kokudo357,1843269053936504843,https://x.com/Kokudo357/status/1843269053936504843,https://x.com/Kokudo357/status/1843269053936504843,2024-10-07 12:36:03 GMT,2024-10-07,TIMESTAMP_RETURNED_BY_GROK_X,2026-08-10T11:57:58.455Z,"X（Twitter）の実在する投稿だけを検索してください。
対象選手は日本プロ野球の「西野 真弘」です。投稿本文に「西野 真弘」または明確に同選手を指す表記を実際に含むものだけにしてください。
検索観点: 「全力疾走」「加速」「疾走」など、実際の身体的な走りへの直接観察。
優先期間は2026年、次に2025年、次に2024年です。
採用候補は、野球で一歩目から約90ftまで走る純粋な身体的running ability（足の速さ、直線速度、加速、全力疾走、以前より足が落ちた等）への直接言及だけです。
盗塁、盗塁数、走塁判断、スタート技術、内野安打、三塁打、守備範囲、バント後の一塁到達、ゲーム査定だけの投稿は返さないでください。
各結果は、実在するx.com/status URL、@handle、投稿本文の必要最小限の原文、投稿日時を必ず付けてください。条件を満たす投稿がなければ「Nothing found」とだけ答えてください。推測・要約・無関係な投稿は返さないでください。","[""all_out_run""]","[""GXQ006""]",data/manual/speed_2026_grok_x_search_receipts_20260810.json,お手本のような全力疾走、全力プレー,お手本のような全力疾走、全力プレー,,,CONTEMPORARY_2024_HISTORICAL_CONTEXT,CONTEMPORARY_2024_HISTORICAL_CONTEXT,NON_DIRECTIONAL,not_directional,EFFORT_NOT_SPEED,NONE_FOR_ACCEPTANCE,X_AUTHOR_Kokudo357,false,REJECTED,ALL_OUT_EFFORT_WITHOUT_SPEED_OBSERVATION,false,false,false,,,RETRIEVED_BY_GROK_X_X_SEARCH,SINGLE_RETURNED_URL
GXSR052,西野 真弘,オリックス・バファローズ,P009,TYPE_A_CURRENT_SAMPLE_INSTABILITY,GROK_X_SUPPLEMENT,X_TWITTER,REJECTED_CANDIDATE,@G6zOb,,@G6zOb,1856988323786698775,https://x.com/G6zOb/status/1856988323786698775,https://x.com/G6zOb/status/1856988323786698775,2024-11-14,2024-11-14,DAY_RETURNED_BY_GROK_X,2026-08-10T11:57:51.038Z,"X（Twitter）の実在する投稿だけを検索してください。
対象選手は日本プロ野球の「西野 真弘」です。投稿本文に「西野 真弘」または明確に同選手を指す表記を実際に含むものだけにしてください。
検索観点: 「スピード」「直線速度」「加速」など、走る速さへの直接評価。
優先期間は2026年、次に2025年、次に2024年です。
採用候補は、野球で一歩目から約90ftまで走る純粋な身体的running ability（足の速さ、直線速度、加速、全力疾走、以前より足が落ちた等）への直接言及だけです。
盗塁、盗塁数、走塁判断、スタート技術、内野安打、三塁打、守備範囲、バント後の一塁到達、ゲーム査定だけの投稿は返さないでください。
各結果は、実在するx.com/status URL、@handle、投稿本文の必要最小限の原文、投稿日時を必ず付けてください。条件を満たす投稿がなければ「Nothing found」とだけ答えてください。推測・要約・無関係な投稿は返さないでください。","[""speed""]","[""GXQ004""]",data/manual/speed_2026_grok_x_search_receipts_20260810.json,まーさんも圭太もかわいくてマンチカンの子猫動画みたぐらいセロトニン出てる,まーさんも圭太もかわいくてマンチカンの子猫動画みたぐらいセロトニン出てる,,,CONTEMPORARY_2024_HISTORICAL_CONTEXT,CONTEMPORARY_2024_HISTORICAL_CONTEXT,NON_DIRECTIONAL,not_directional,ARTICLE_OR_VIDEO_REPOST,NONE_FOR_ACCEPTANCE,X_AUTHOR_G6zOb,false,REJECTED,ARTICLE_OR_VIDEO_REPOST_NOT_INDEPENDENT_SNS_ORIGIN,false,true,true,,,RETRIEVED_BY_GROK_X_X_SEARCH,SINGLE_RETURNED_URL
GXSR053,西野 真弘,オリックス・バファローズ,P009,TYPE_A_CURRENT_SAMPLE_INSTABILITY,GROK_X_SUPPLEMENT,X_TWITTER,REJECTED_CANDIDATE,@jubi94221412,,@jubi94221412,1857011850585440589,https://x.com/jubi94221412/status/1857011850585440589,https://x.com/jubi94221412/status/1857011850585440589,2024-11-14,2024-11-14,DAY_RETURNED_BY_GROK_X,2026-08-10T11:57:51.038Z,"X（Twitter）の実在する投稿だけを検索してください。
対象選手は日本プロ野球の「西野 真弘」です。投稿本文に「西野 真弘」または明確に同選手を指す表記を実際に含むものだけにしてください。
検索観点: 「スピード」「直線速度」「加速」など、走る速さへの直接評価。
優先期間は2026年、次に2025年、次に2024年です。
採用候補は、野球で一歩目から約90ftまで走る純粋な身体的running ability（足の速さ、直線速度、加速、全力疾走、以前より足が落ちた等）への直接言及だけです。
盗塁、盗塁数、走塁判断、スタート技術、内野安打、三塁打、守備範囲、バント後の一塁到達、ゲーム査定だけの投稿は返さないでください。
各結果は、実在するx.com/status URL、@handle、投稿本文の必要最小限の原文、投稿日時を必ず付けてください。条件を満たす投稿がなければ「Nothing found」とだけ答えてください。推測・要約・無関係な投稿は返さないでください。","[""speed""]","[""GXQ004""]",data/manual/speed_2026_grok_x_search_receipts_20260810.json,めっちゃ癒されたけどスピード感どこ😂,めっちゃ癒されたけどスピード感どこ😂,,,CONTEMPORARY_2024_HISTORICAL_CONTEXT,CONTEMPORARY_2024_HISTORICAL_CONTEXT,NON_DIRECTIONAL,not_directional,TARGET_NOT_VERIFIABLE,NONE_FOR_ACCEPTANCE,X_AUTHOR_jubi94221412,false,REJECTED,TARGET_NOT_VERIFIABLE_FROM_RETURNED_POST_TEXT,false,false,false,,,RETRIEVED_BY_GROK_X_X_SEARCH,SINGLE_RETURNED_URL
GXSR054,西野 真弘,オリックス・バファローズ,P009,TYPE_A_CURRENT_SAMPLE_INSTABILITY,GROK_X_SUPPLEMENT,X_TWITTER,REJECTED_CANDIDATE,@PH_phBB,,@PH_phBB,1857088025856966944,https://x.com/PH_phBB/status/1857088025856966944,https://x.com/PH_phBB/status/1857088025856966944,2024-11-14,2024-11-14,DAY_RETURNED_BY_GROK_X,2026-08-10T11:57:51.038Z,"X（Twitter）の実在する投稿だけを検索してください。
対象選手は日本プロ野球の「西野 真弘」です。投稿本文に「西野 真弘」または明確に同選手を指す表記を実際に含むものだけにしてください。
検索観点: 「スピード」「直線速度」「加速」など、走る速さへの直接評価。
優先期間は2026年、次に2025年、次に2024年です。
採用候補は、野球で一歩目から約90ftまで走る純粋な身体的running ability（足の速さ、直線速度、加速、全力疾走、以前より足が落ちた等）への直接言及だけです。
盗塁、盗塁数、走塁判断、スタート技術、内野安打、三塁打、守備範囲、バント後の一塁到達、ゲーム査定だけの投稿は返さないでください。
各結果は、実在するx.com/status URL、@handle、投稿本文の必要最小限の原文、投稿日時を必ず付けてください。条件を満たす投稿がなければ「Nothing found」とだけ答えてください。推測・要約・無関係な投稿は返さないでください。","[""speed""]","[""GXQ004""]",data/manual/speed_2026_grok_x_search_receipts_20260810.json,スピード対決 西野真弘/中川圭太 ショートver.｜BsTV - オリックス・バファローズ 公式,スピード対決 西野真弘/中川圭太 ショートver.｜BsTV - オリックス・バファローズ 公式,,,CONTEMPORARY_2024_HISTORICAL_CONTEXT,CONTEMPORARY_2024_HISTORICAL_CONTEXT,NON_DIRECTIONAL,not_directional,ARTICLE_OR_VIDEO_REPOST,NONE_FOR_ACCEPTANCE,X_AUTHOR_PH_phBB,false,REJECTED,ARTICLE_OR_VIDEO_REPOST_NOT_INDEPENDENT_SNS_ORIGIN,false,true,true,,,RETRIEVED_BY_GROK_X_X_SEARCH,SINGLE_RETURNED_URL
GXSR055,西野 真弘,オリックス・バファローズ,P009,TYPE_A_CURRENT_SAMPLE_INSTABILITY,GROK_X_SUPPLEMENT,X_TWITTER,REJECTED_CANDIDATE,@Petalenco,,@Petalenco,1966819704489845245,https://x.com/Petalenco/status/1966819704489845245,https://x.com/Petalenco/status/1966819704489845245,2025-09-13,2025-09-13,DAY_RETURNED_BY_GROK_X,2026-08-10T11:58:10.251Z,"X（Twitter）の実在する投稿だけを検索してください。
対象選手は日本プロ野球の「西野 真弘」です。投稿本文に「西野 真弘」または明確に同選手を指す表記を実際に含むものだけにしてください。
検索観点: 「足が速い」「速い足」「快足」など、速さそのものへの直接評価。
優先期間は2026年、次に2025年、次に2024年です。
採用候補は、野球で一歩目から約90ftまで走る純粋な身体的running ability（足の速さ、直線速度、加速、全力疾走、以前より足が落ちた等）への直接言及だけです。
盗塁、盗塁数、走塁判断、スタート技術、内野安打、三塁打、守備範囲、バント後の一塁到達、ゲーム査定だけの投稿は返さないでください。
各結果は、実在するx.com/status URL、@handle、投稿本文の必要最小限の原文、投稿日時を必ず付けてください。条件を満たす投稿がなければ「Nothing found」とだけ答えてください。推測・要約・無関係な投稿は返さないでください。","[""all_out_run"",""fast"",""running_ability"",""speed"",""year_2025""]","[""GXQ001"",""GXQ003"",""GXQ004"",""GXQ006"",""GXQ008""]",data/manual/speed_2026_grok_x_search_receipts_20260810.json,オリックスちゃんあの打球で併殺になること多すぎて西野真弘が俊足に見えるな,オリックスちゃんあの打球で併殺になること多すぎて西野真弘が俊足に見えるな,,,CURRENT_2025,CURRENT_2025,FASTER,faster,IDENTITY_CONFLICT,NONE_FOR_ACCEPTANCE,X_AUTHOR_Petalenco,false,REJECTED,CONFLICTING_RETURNED_URL_FOR_SAME_POST_ID,false,false,false,,,IDENTITY_CONFLICT_NOT_TREATED_AS_CONFIRMED_POST,CONFLICTING_RETURNED_URL_FOR_SAME_POST_ID
GXSR056,西野 真弘,オリックス・バファローズ,P009,TYPE_A_CURRENT_SAMPLE_INSTABILITY,GROK_X_SUPPLEMENT,X_TWITTER,REJECTED_CANDIDATE,@taka_ori_bz,,@taka_ori_bz,1966820123337015685,https://x.com/taka_ori_bz/status/1966820123337015685,https://x.com/taka_ori_bz/status/1966820123337015685,2025-09-13,2025-09-13,DAY_RETURNED_BY_GROK_X,2026-08-10T11:58:10.251Z,"X（Twitter）の実在する投稿だけを検索してください。
対象選手は日本プロ野球の「西野 真弘」です。投稿本文に「西野 真弘」または明確に同選手を指す表記を実際に含むものだけにしてください。
検索観点: 「俊足」など、身体的running abilityを指す直接評価。
優先期間は2026年、次に2025年、次に2024年です。
採用候補は、野球で一歩目から約90ftまで走る純粋な身体的running ability（足の速さ、直線速度、加速、全力疾走、以前より足が落ちた等）への直接言及だけです。
盗塁、盗塁数、走塁判断、スタート技術、内野安打、三塁打、守備範囲、バント後の一塁到達、ゲーム査定だけの投稿は返さないでください。
各結果は、実在するx.com/status URL、@handle、投稿本文の必要最小限の原文、投稿日時を必ず付けてください。条件を満たす投稿がなければ「Nothing found」とだけ答えてください。推測・要約・無関係な投稿は返さないでください。","[""speedster"",""year_2025""]","[""GXQ002"",""GXQ008""]",data/manual/speed_2026_grok_x_search_receipts_20260810.json,１点１点言うけど、今日の🐮スタメンの走力どないなっとんねん🤔 来田涼斗でなんとか… 森友哉もケガ明けだと走塁能力は期待できんし 西野真弘は全力疾走は正直こわい,１点１点言うけど、今日の🐮スタメンの走力どないなっとんねん🤔 来田涼斗でなんとか… 森友哉もケガ明けだと走塁能力は期待できんし 西野真弘は全力疾走は正直こわい,,,CURRENT_2025,CURRENT_2025,NON_DIRECTIONAL,not_directional,IDENTITY_CONFLICT,NONE_FOR_ACCEPTANCE,X_AUTHOR_taka_ori_bz,false,REJECTED,CONFLICTING_RETURNED_URL_FOR_SAME_POST_ID,false,false,false,,,IDENTITY_CONFLICT_NOT_TREATED_AS_CONFIRMED_POST,CONFLICTING_RETURNED_URL_FOR_SAME_POST_ID
GXSR057,西野 真弘,オリックス・バファローズ,P009,TYPE_A_CURRENT_SAMPLE_INSTABILITY,GROK_X_SUPPLEMENT,X_TWITTER,REJECTED_CANDIDATE,@sozaryata,,@sozaryata,1967904417220587687,https://x.com/sozaryata/status/1967904417220587687,https://x.com/sozaryata/status/1967904417220587687,2025-09-16,2025-09-16,DAY_RETURNED_BY_GROK_X,2026-08-10T11:58:10.251Z,"X（Twitter）の実在する投稿だけを検索してください。
対象選手は日本プロ野球の「西野 真弘」です。投稿本文に「西野 真弘」または明確に同選手を指す表記を実際に含むものだけにしてください。
検索観点: 「俊足」など、身体的running abilityを指す直接評価。
優先期間は2026年、次に2025年、次に2024年です。
採用候補は、野球で一歩目から約90ftまで走る純粋な身体的running ability（足の速さ、直線速度、加速、全力疾走、以前より足が落ちた等）への直接言及だけです。
盗塁、盗塁数、走塁判断、スタート技術、内野安打、三塁打、守備範囲、バント後の一塁到達、ゲーム査定だけの投稿は返さないでください。
各結果は、実在するx.com/status URL、@handle、投稿本文の必要最小限の原文、投稿日時を必ず付けてください。条件を満たす投稿がなければ「Nothing found」とだけ答えてください。推測・要約・無関係な投稿は返さないでください。","[""speedster"",""year_2025""]","[""GXQ002"",""GXQ008""]",data/manual/speed_2026_grok_x_search_receipts_20260810.json,西野真弘さん 若手時代　俊足のアベレージヒッター 中堅時代　ファールで粘って出塁するクセ者 現在　長距離砲　これもう分かんねえな,西野真弘さん 若手時代　俊足のアベレージヒッター 中堅時代　ファールで粘って出塁するクセ者 現在　長距離砲　これもう分かんねえな,,,CURRENT_2025,CURRENT_2025,FASTER,faster,NOT_ACCEPTED_AFTER_REVIEW,NONE_FOR_ACCEPTANCE,X_AUTHOR_sozaryata,false,REJECTED,GENERIC_OR_AMBIGUOUS_SPEED_LABEL_NOT_SUFFICIENT_FOR_ACCEPTANCE,false,false,false,,,RETRIEVED_BY_GROK_X_X_SEARCH,SINGLE_RETURNED_URL
GXSR058,西野 真弘,オリックス・バファローズ,P009,TYPE_A_CURRENT_SAMPLE_INSTABILITY,GROK_X_SUPPLEMENT,X_TWITTER,REJECTED_CANDIDATE,@non__m05,,@non__m05,2002274269816860915,https://x.com/non__m05/status/2002274269816860915,https://x.com/non__m05/status/2002274269816860915,2025-12-20,2025-12-20,DAY_RETURNED_BY_GROK_X,2026-08-10T11:58:10.251Z,"X（Twitter）の実在する投稿だけを検索してください。
対象選手は日本プロ野球の「西野 真弘」です。投稿本文に「西野 真弘」または明確に同選手を指す表記を実際に含むものだけにしてください。
検索観点: 「走力」「脚力」など、身体的な走る能力への直接評価。
優先期間は2026年、次に2025年、次に2024年です。
採用候補は、野球で一歩目から約90ftまで走る純粋な身体的running ability（足の速さ、直線速度、加速、全力疾走、以前より足が落ちた等）への直接言及だけです。
盗塁、盗塁数、走塁判断、スタート技術、内野安打、三塁打、守備範囲、バント後の一塁到達、ゲーム査定だけの投稿は返さないでください。
各結果は、実在するx.com/status URL、@handle、投稿本文の必要最小限の原文、投稿日時を必ず付けてください。条件を満たす投稿がなければ「Nothing found」とだけ答えてください。推測・要約・無関係な投稿は返さないでください。","[""running_ability"",""year_2025""]","[""GXQ003"",""GXQ008""]",data/manual/speed_2026_grok_x_search_receipts_20260810.json,【真弘！】西野真弘『3塁打 → 好判断で本塁生還！佐々木朗希から“足”で先制点を奪う』 左中間抜けて3塁足速いし、最後のホームも足速い。昔より体おっきくなったのに足の速さそのままなんすごいまじ。天才🫶🏻,【真弘！】西野真弘『3塁打 → 好判断で本塁生還！佐々木朗希から“足”で先制点を奪う』 左中間抜けて3塁足速いし、最後のホームも足速い。昔より体おっきくなったのに足の速さそのままなんすごいまじ。天才🫶🏻,,,CURRENT_2025,CURRENT_2025,FASTER,faster,PLAY_OUTCOME_OR_TRANSITION,NONE_FOR_ACCEPTANCE,X_AUTHOR_non__m05,false,REJECTED,PLAY_OUTCOME_OR_TRANSITION_METRIC_NOT_ISOLATED_TO_PHYSICAL_SPEED,false,false,false,,,RETRIEVED_BY_GROK_X_X_SEARCH,SINGLE_RETURNED_URL
GXSR059,西野 真弘,オリックス・バファローズ,P009,TYPE_A_CURRENT_SAMPLE_INSTABILITY,GROK_X_SUPPLEMENT,X_TWITTER,SNS,@neko_carp,,@neko_carp,2017891717354320224,https://x.com/neko_carp/status/2017891717354320224,https://x.com/neko_carp/status/2017891717354320224,2026-02-01 09:24:10 GMT,2026-02-01,TIMESTAMP_RETURNED_BY_GROK_X,2026-08-10T11:58:10.530Z,"X（Twitter）の実在する投稿だけを検索してください。
対象選手は日本プロ野球の「西野 真弘」です。投稿本文に「西野 真弘」または明確に同選手を指す表記を実際に含むものだけにしてください。
検索観点: 「俊足」など、身体的running abilityを指す直接評価。
優先期間は2026年、次に2025年、次に2024年です。
採用候補は、野球で一歩目から約90ftまで走る純粋な身体的running ability（足の速さ、直線速度、加速、全力疾走、以前より足が落ちた等）への直接言及だけです。
盗塁、盗塁数、走塁判断、スタート技術、内野安打、三塁打、守備範囲、バント後の一塁到達、ゲーム査定だけの投稿は返さないでください。
各結果は、実在するx.com/status URL、@handle、投稿本文の必要最小限の原文、投稿日時を必ず付けてください。条件を満たす投稿がなければ「Nothing found」とだけ答えてください。推測・要約・無関係な投稿は返さないでください。","[""speedster"",""year_2026""]","[""GXQ002"",""GXQ007""]",data/manual/speed_2026_grok_x_search_receipts_20260810.json,福田周平や西野真弘みたいな小兵の左打ち俊足巧打型内野手が好きなので、勝田成がきている。,福田周平や西野真弘みたいな小兵の左打ち俊足巧打型内野手が好きなので、勝田成がきている。,2026年の投稿は、西野を俊足型の内野手として扱う。,2026年の投稿は、西野を俊足型の内野手として扱う。,CURRENT_2026,CURRENT_2026,FASTER,faster,GENERIC_CURRENT_PLAYER_TYPE_SPEED_LABEL,MODERATE,X_AUTHOR_neko_carp,true,ACCEPTED,,true,false,false,,,RETRIEVED_BY_GROK_X_X_SEARCH,SINGLE_RETURNED_URL
GXSR060,西野 真弘,オリックス・バファローズ,P009,TYPE_A_CURRENT_SAMPLE_INSTABILITY,GROK_X_SUPPLEMENT,X_TWITTER,REJECTED_CANDIDATE,@zen_daseki_ute,,@zen_daseki_ute,2028425938837618752,https://x.com/zen_daseki_ute/status/2028425938837618752,https://x.com/zen_daseki_ute/status/2028425938837618752,2026-03-02 11:03:24 GMT,2026-03-02,TIMESTAMP_RETURNED_BY_GROK_X,2026-08-10T11:58:10.530Z,"X（Twitter）の実在する投稿だけを検索してください。
対象選手は日本プロ野球の「西野 真弘」です。投稿本文に「西野 真弘」または明確に同選手を指す表記を実際に含むものだけにしてください。
検索観点: 「足が速い」「速い足」「快足」など、速さそのものへの直接評価。
優先期間は2026年、次に2025年、次に2024年です。
採用候補は、野球で一歩目から約90ftまで走る純粋な身体的running ability（足の速さ、直線速度、加速、全力疾走、以前より足が落ちた等）への直接言及だけです。
盗塁、盗塁数、走塁判断、スタート技術、内野安打、三塁打、守備範囲、バント後の一塁到達、ゲーム査定だけの投稿は返さないでください。
各結果は、実在するx.com/status URL、@handle、投稿本文の必要最小限の原文、投稿日時を必ず付けてください。条件を満たす投稿がなければ「Nothing found」とだけ答えてください。推測・要約・無関係な投稿は返さないでください。","[""all_out_run"",""fast"",""running_ability"",""speed"",""speedster"",""year_2026""]","[""GXQ001"",""GXQ002"",""GXQ003"",""GXQ004"",""GXQ006"",""GXQ007""]",data/manual/speed_2026_grok_x_search_receipts_20260810.json,西野真弘は野手最年長だけどこの全力疾走でセーフになる動きまわる元気を持つ,西野真弘は野手最年長だけどこの全力疾走でセーフになる動きまわる元気を持つ,,,CURRENT_2026,CURRENT_2026,NON_DIRECTIONAL,not_directional,EFFORT_NOT_SPEED,NONE_FOR_ACCEPTANCE,X_AUTHOR_zen_daseki_ute,false,REJECTED,ALL_OUT_EFFORT_WITHOUT_SPEED_OBSERVATION,false,false,false,,,RETRIEVED_BY_GROK_X_X_SEARCH,SINGLE_RETURNED_URL
GXSR061,西野 真弘,オリックス・バファローズ,P009,TYPE_A_CURRENT_SAMPLE_INSTABILITY,GROK_X_SUPPLEMENT,X_TWITTER,SNS,@PEVRPFCeVa34034,,@PEVRPFCeVa34034,2046895729910886521,https://x.com/PEVRPFCeVa34034/status/2046895729910886521,https://x.com/PEVRPFCeVa34034/status/2046895729910886521,2026-04-22 10:15:46 GMT,2026-04-22,TIMESTAMP_RETURNED_BY_GROK_X,2026-08-10T11:58:10.530Z,"X（Twitter）の実在する投稿だけを検索してください。
対象選手は日本プロ野球の「西野 真弘」です。投稿本文に「西野 真弘」または明確に同選手を指す表記を実際に含むものだけにしてください。
検索観点: 「足が速い」「速い足」「快足」など、速さそのものへの直接評価。
優先期間は2026年、次に2025年、次に2024年です。
採用候補は、野球で一歩目から約90ftまで走る純粋な身体的running ability（足の速さ、直線速度、加速、全力疾走、以前より足が落ちた等）への直接言及だけです。
盗塁、盗塁数、走塁判断、スタート技術、内野安打、三塁打、守備範囲、バント後の一塁到達、ゲーム査定だけの投稿は返さないでください。
各結果は、実在するx.com/status URL、@handle、投稿本文の必要最小限の原文、投稿日時を必ず付けてください。条件を満たす投稿がなければ「Nothing found」とだけ答えてください。推測・要約・無関係な投稿は返さないでください。","[""fast"",""speedster"",""year_2026""]","[""GXQ001"",""GXQ002"",""GXQ007""]",data/manual/speed_2026_grok_x_search_receipts_20260810.json,"俺たちの西野真弘足が速い✨
あと次の塁狙うの上手い✨
#Bs2026","俺たちの西野真弘足が速い✨
あと次の塁狙うの上手い✨
#Bs2026",2026年の観察投稿は、西野の足そのものが速いと明示する。,2026年の観察投稿は、西野の足そのものが速いと明示する。,CURRENT_2026,CURRENT_2026,FASTER,faster,EXPLICIT_CURRENT_PHYSICAL_SPEED_LABEL,MODERATE,X_AUTHOR_PEVRPFCeVa34034,true,ACCEPTED,,true,false,false,,,RETRIEVED_BY_GROK_X_X_SEARCH,SINGLE_RETURNED_URL
GXSR062,西野 真弘,オリックス・バファローズ,P009,TYPE_A_CURRENT_SAMPLE_INSTABILITY,GROK_X_SUPPLEMENT,X_TWITTER,REJECTED_CANDIDATE,@PEVRPFCeVa34034,,@PEVRPFCeVa34034,2062135844832776356,https://x.com/PEVRPFCeVa34034/status/2062135844832776356,https://x.com/PEVRPFCeVa34034/status/2062135844832776356,2026-06-03 11:34:32 GMT,2026-06-03,TIMESTAMP_RETURNED_BY_GROK_X,2026-08-10T11:58:10.530Z,"X（Twitter）の実在する投稿だけを検索してください。
対象選手は日本プロ野球の「西野 真弘」です。投稿本文に「西野 真弘」または明確に同選手を指す表記を実際に含むものだけにしてください。
検索観点: 2026年の「足」「俊足」「走力」「スピード」「全力疾走」の直接的な身体速度評価。
優先期間は2026年の投稿です。2026年に見つからない場合だけ、2024–2026年で明示的に日付が分かる投稿を返してください。
採用候補は、野球で一歩目から約90ftまで走る純粋な身体的running ability（足の速さ、直線速度、加速、全力疾走、以前より足が落ちた等）への直接言及だけです。
盗塁、盗塁数、走塁判断、スタート技術、内野安打、三塁打、守備範囲、バント後の一塁到達、ゲーム査定だけの投稿は返さないでください。
各結果は、実在するx.com/status URL、@handle、投稿本文の必要最小限の原文、投稿日時を必ず付けてください。条件を満たす投稿がなければ「Nothing found」とだけ答えてください。推測・要約・無関係な投稿は返さないでください。","[""year_2026""]","[""GXQ007""]",data/manual/speed_2026_grok_x_search_receipts_20260810.json,"足引きずってるし…今年休憩して来年またキャリアハイ更新してもらっても…今年契約最終年やから契約更改何卒…
俺たちの西野真弘…去年頑張りすぎたよ","足引きずってるし…今年休憩して来年またキャリアハイ更新してもらっても…今年契約最終年やから契約更改何卒…
俺たちの西野真弘…去年頑張りすぎたよ",,,CURRENT_2026,CURRENT_2026,NON_DIRECTIONAL,not_directional,NOT_ACCEPTED_AFTER_REVIEW,NONE_FOR_ACCEPTANCE,X_AUTHOR_PEVRPFCeVa34034,false,REJECTED,NO_CLEAR_DIRECT_PHYSICAL_SPEED_CLAIM,false,false,false,,,RETRIEVED_BY_GROK_X_X_SEARCH,SINGLE_RETURNED_URL
GXSR063,大島 洋平,中日ドラゴンズ,P012,TYPE_A_CURRENT_SAMPLE_INSTABILITY,GROK_X_SUPPLEMENT,X_TWITTER,REJECTED_CANDIDATE,@nLbSDgU2oRDQZZk,,@nLbSDgU2oRDQZZk,1928076101546389666,https://x.com/nLbSDgU2oRDQZZk/status/1928076101546389666,https://x.com/nLbSDgU2oRDQZZk/status/1928076101546389666,,,NOT_RETURNED,2026-08-10T11:59:59.223Z,"X（Twitter）の実在する投稿だけを検索してください。
対象選手は日本プロ野球の「大島 洋平」です。投稿本文に「大島 洋平」または明確に同選手を指す表記を実際に含むものだけにしてください。
検索観点: 「足が速い」「速い足」「快足」など、速さそのものへの直接評価。
優先期間は2026年、次に2025年、次に2024年です。
採用候補は、野球で一歩目から約90ftまで走る純粋な身体的running ability（足の速さ、直線速度、加速、全力疾走、以前より足が落ちた等）への直接言及だけです。
盗塁、盗塁数、走塁判断、スタート技術、内野安打、三塁打、守備範囲、バント後の一塁到達、ゲーム査定だけの投稿は返さないでください。
各結果は、実在するx.com/status URL、@handle、投稿本文の必要最小限の原文、投稿日時を必ず付けてください。条件を満たす投稿がなければ「Nothing found」とだけ答えてください。推測・要約・無関係な投稿は返さないでください。","[""fast""]","[""GXQ028""]",data/manual/speed_2026_grok_x_search_receipts_20260810.json,: さすが大島洋平 マジ普通に足速いよねまだまだ,: さすが大島洋平 マジ普通に足速いよねまだまだ,,,UNVERIFIED_TEMPORAL_CONTEXT,UNVERIFIED_TEMPORAL_CONTEXT,FASTER,faster,INCOMPLETE_RETURNED_METADATA,NONE_FOR_ACCEPTANCE,X_AUTHOR_nLbSDgU2oRDQZZk,false,REJECTED,MISSING_VERIFIABLE_POST_TEXT_OR_TIMESTAMP,false,false,false,,,POST_METADATA_INCOMPLETE_NOT_TREATED_AS_CONFIRMED_POST,SINGLE_RETURNED_URL
GXSR064,大島 洋平,中日ドラゴンズ,P012,TYPE_A_CURRENT_SAMPLE_INSTABILITY,GROK_X_SUPPLEMENT,X_TWITTER,SNS,@yoheisuki8,,@yoheisuki8,1952577489009573973,https://x.com/yoheisuki8/status/1952577489009573973,https://x.com/yoheisuki8/status/1952577489009573973,2025-08-05,2025-08-05,DAY_RETURNED_BY_GROK_X,2026-08-10T12:00:09.005Z,"X（Twitter）の実在する投稿だけを検索してください。
対象選手は日本プロ野球の「大島 洋平」です。投稿本文に「大島 洋平」または明確に同選手を指す表記を実際に含むものだけにしてください。
検索観点: 「走力」「脚力」など、身体的な走る能力への直接評価。
優先期間は2026年、次に2025年、次に2024年です。
採用候補は、野球で一歩目から約90ftまで走る純粋な身体的running ability（足の速さ、直線速度、加速、全力疾走、以前より足が落ちた等）への直接言及だけです。
盗塁、盗塁数、走塁判断、スタート技術、内野安打、三塁打、守備範囲、バント後の一塁到達、ゲーム査定だけの投稿は返さないでください。
各結果は、実在するx.com/status URL、@handle、投稿本文の必要最小限の原文、投稿日時を必ず付けてください。条件を満たす投稿がなければ「Nothing found」とだけ答えてください。推測・要約・無関係な投稿は返さないでください。","[""running_ability""]","[""GXQ030""]",data/manual/speed_2026_grok_x_search_receipts_20260810.json,"大島洋平様今年40歳であの足の速さはエグい
 (","大島洋平様今年40歳であの足の速さはエグい
 (",2025年の投稿は、大島の年齢時点でも足の速さが目立つと述べる。,2025年の投稿は、大島の年齢時点でも足の速さが目立つと述べる。,CURRENT_2025,CURRENT_2025,CURRENT_SUPPORT,current,DIRECT_CURRENT_SPEED_OBSERVATION,MODERATE,X_AUTHOR_yoheisuki8,true,ACCEPTED,,true,false,false,,,RETRIEVED_BY_GROK_X_X_SEARCH,SINGLE_RETURNED_URL
GXSR065,大島 洋平,中日ドラゴンズ,P012,TYPE_A_CURRENT_SAMPLE_INSTABILITY,GROK_X_SUPPLEMENT,X_TWITTER,REJECTED_CANDIDATE,@vangosear,,@vangosear,1961034113336721852,https://x.com/vangosear/status/1961034113336721852,https://x.com/vangosear/status/1961034113336721852,2025-08-28,2025-08-28,DAY_RETURNED_BY_GROK_X,2026-08-10T12:00:47.437Z,"X（Twitter）の実在する投稿だけを検索してください。
対象選手は日本プロ野球の「大島 洋平」です。投稿本文に「大島 洋平」または明確に同選手を指す表記を実際に含むものだけにしてください。
検索観点: 2025年の「足」「俊足」「走力」「スピード」「全力疾走」の直接的な身体速度評価。
優先期間は2025年の投稿です。2025年に見つからない場合だけ、2024–2026年で明示的に日付が分かる投稿を返してください。
採用候補は、野球で一歩目から約90ftまで走る純粋な身体的running ability（足の速さ、直線速度、加速、全力疾走、以前より足が落ちた等）への直接言及だけです。
盗塁、盗塁数、走塁判断、スタート技術、内野安打、三塁打、守備範囲、バント後の一塁到達、ゲーム査定だけの投稿は返さないでください。
各結果は、実在するx.com/status URL、@handle、投稿本文の必要最小限の原文、投稿日時を必ず付けてください。条件を満たす投稿がなければ「Nothing found」とだけ答えてください。推測・要約・無関係な投稿は返さないでください。","[""year_2025""]","[""GXQ035""]",data/manual/speed_2026_grok_x_search_receipts_20260810.json,,,,,CURRENT_2025,CURRENT_2025,NON_DIRECTIONAL,not_directional,INCOMPLETE_RETURNED_METADATA,NONE_FOR_ACCEPTANCE,X_AUTHOR_vangosear,false,REJECTED,MISSING_VERIFIABLE_POST_TEXT_OR_TIMESTAMP,false,false,false,,,POST_METADATA_INCOMPLETE_NOT_TREATED_AS_CONFIRMED_POST,SINGLE_RETURNED_URL
GXSR066,大島 洋平,中日ドラゴンズ,P012,TYPE_A_CURRENT_SAMPLE_INSTABILITY,GROK_X_SUPPLEMENT,X_TWITTER,REJECTED_CANDIDATE,@SABR_lions,,@SABR_lions,1984583596867534981,https://x.com/SABR_lions/status/1984583596867534981,https://x.com/SABR_lions/status/1984583596867534981,2025-11-01,2025-11-01,DAY_RETURNED_BY_GROK_X,2026-08-10T12:00:47.437Z,"X（Twitter）の実在する投稿だけを検索してください。
対象選手は日本プロ野球の「大島 洋平」です。投稿本文に「大島 洋平」または明確に同選手を指す表記を実際に含むものだけにしてください。
検索観点: 2025年の「足」「俊足」「走力」「スピード」「全力疾走」の直接的な身体速度評価。
優先期間は2025年の投稿です。2025年に見つからない場合だけ、2024–2026年で明示的に日付が分かる投稿を返してください。
採用候補は、野球で一歩目から約90ftまで走る純粋な身体的running ability（足の速さ、直線速度、加速、全力疾走、以前より足が落ちた等）への直接言及だけです。
盗塁、盗塁数、走塁判断、スタート技術、内野安打、三塁打、守備範囲、バント後の一塁到達、ゲーム査定だけの投稿は返さないでください。
各結果は、実在するx.com/status URL、@handle、投稿本文の必要最小限の原文、投稿日時を必ず付けてください。条件を満たす投稿がなければ「Nothing found」とだけ答えてください。推測・要約・無関係な投稿は返さないでください。","[""year_2025""]","[""GXQ035""]",data/manual/speed_2026_grok_x_search_receipts_20260810.json,,,,,CURRENT_2025,CURRENT_2025,NON_DIRECTIONAL,not_directional,INCOMPLETE_RETURNED_METADATA,NONE_FOR_ACCEPTANCE,X_AUTHOR_SABR_lions,false,REJECTED,MISSING_VERIFIABLE_POST_TEXT_OR_TIMESTAMP,false,false,false,,,POST_METADATA_INCOMPLETE_NOT_TREATED_AS_CONFIRMED_POST,SINGLE_RETURNED_URL
GXSR067,大島 洋平,中日ドラゴンズ,P012,TYPE_A_CURRENT_SAMPLE_INSTABILITY,GROK_X_SUPPLEMENT,X_TWITTER,REJECTED_CANDIDATE,@scorebook_apps,,@scorebook_apps,1987294059426419108,https://x.com/scorebook_apps/status/1987294059426419108,https://x.com/scorebook_apps/status/1987294059426419108,2025-11-08,2025-11-08,DAY_RETURNED_BY_GROK_X,2026-08-10T12:00:47.437Z,"X（Twitter）の実在する投稿だけを検索してください。
対象選手は日本プロ野球の「大島 洋平」です。投稿本文に「大島 洋平」または明確に同選手を指す表記を実際に含むものだけにしてください。
検索観点: 2025年の「足」「俊足」「走力」「スピード」「全力疾走」の直接的な身体速度評価。
優先期間は2025年の投稿です。2025年に見つからない場合だけ、2024–2026年で明示的に日付が分かる投稿を返してください。
採用候補は、野球で一歩目から約90ftまで走る純粋な身体的running ability（足の速さ、直線速度、加速、全力疾走、以前より足が落ちた等）への直接言及だけです。
盗塁、盗塁数、走塁判断、スタート技術、内野安打、三塁打、守備範囲、バント後の一塁到達、ゲーム査定だけの投稿は返さないでください。
各結果は、実在するx.com/status URL、@handle、投稿本文の必要最小限の原文、投稿日時を必ず付けてください。条件を満たす投稿がなければ「Nothing found」とだけ答えてください。推測・要約・無関係な投稿は返さないでください。","[""year_2025""]","[""GXQ035""]",data/manual/speed_2026_grok_x_search_receipts_20260810.json,,,,,CURRENT_2025,CURRENT_2025,NON_DIRECTIONAL,not_directional,INCOMPLETE_RETURNED_METADATA,NONE_FOR_ACCEPTANCE,X_AUTHOR_scorebook_apps,false,REJECTED,MISSING_VERIFIABLE_POST_TEXT_OR_TIMESTAMP,false,false,false,,,POST_METADATA_INCOMPLETE_NOT_TREATED_AS_CONFIRMED_POST,SINGLE_RETURNED_URL
GXSR068,大島 洋平,中日ドラゴンズ,P012,TYPE_A_CURRENT_SAMPLE_INSTABILITY,GROK_X_SUPPLEMENT,X_TWITTER,REJECTED_CANDIDATE,@kenzaki810,,@kenzaki810,1999155428270502329,https://x.com/kenzaki810/status/1999155428270502329,https://x.com/kenzaki810/status/1999155428270502329,2025-12-11,2025-12-11,DAY_RETURNED_BY_GROK_X,2026-08-10T12:00:47.437Z,"X（Twitter）の実在する投稿だけを検索してください。
対象選手は日本プロ野球の「大島 洋平」です。投稿本文に「大島 洋平」または明確に同選手を指す表記を実際に含むものだけにしてください。
検索観点: 「走力」「脚力」など、身体的な走る能力への直接評価。
優先期間は2026年、次に2025年、次に2024年です。
採用候補は、野球で一歩目から約90ftまで走る純粋な身体的running ability（足の速さ、直線速度、加速、全力疾走、以前より足が落ちた等）への直接言及だけです。
盗塁、盗塁数、走塁判断、スタート技術、内野安打、三塁打、守備範囲、バント後の一塁到達、ゲーム査定だけの投稿は返さないでください。
各結果は、実在するx.com/status URL、@handle、投稿本文の必要最小限の原文、投稿日時を必ず付けてください。条件を満たす投稿がなければ「Nothing found」とだけ答えてください。推測・要約・無関係な投稿は返さないでください。","[""running_ability"",""year_2025""]","[""GXQ030"",""GXQ035""]",data/manual/speed_2026_grok_x_search_receipts_20260810.json,"大島洋平さん　走力B，ホーム突入付き
 (","大島洋平さん　走力B，ホーム突入付き
 (",,,CURRENT_2025,CURRENT_2025,NON_DIRECTIONAL,not_directional,GAME_RATING,NONE_FOR_ACCEPTANCE,X_AUTHOR_kenzaki810,false,REJECTED,GAME_RATING_OR_GAME_DISCUSSION_EXCLUDED,false,false,false,,,RETRIEVED_BY_GROK_X_X_SEARCH,SINGLE_RETURNED_URL
GXSR069,大島 洋平,中日ドラゴンズ,P012,TYPE_A_CURRENT_SAMPLE_INSTABILITY,GROK_X_SUPPLEMENT,X_TWITTER,REJECTED_CANDIDATE,@yzT8HrsBPF40476,,@yzT8HrsBPF40476,2003351521573130500,https://x.com/yzT8HrsBPF40476/status/2003351521573130500,https://x.com/yzT8HrsBPF40476/status/2003351521573130500,2025-12-23,2025-12-23,DAY_RETURNED_BY_GROK_X,2026-08-10T12:00:47.437Z,"X（Twitter）の実在する投稿だけを検索してください。
対象選手は日本プロ野球の「大島 洋平」です。投稿本文に「大島 洋平」または明確に同選手を指す表記を実際に含むものだけにしてください。
検索観点: 2025年の「足」「俊足」「走力」「スピード」「全力疾走」の直接的な身体速度評価。
優先期間は2025年の投稿です。2025年に見つからない場合だけ、2024–2026年で明示的に日付が分かる投稿を返してください。
採用候補は、野球で一歩目から約90ftまで走る純粋な身体的running ability（足の速さ、直線速度、加速、全力疾走、以前より足が落ちた等）への直接言及だけです。
盗塁、盗塁数、走塁判断、スタート技術、内野安打、三塁打、守備範囲、バント後の一塁到達、ゲーム査定だけの投稿は返さないでください。
各結果は、実在するx.com/status URL、@handle、投稿本文の必要最小限の原文、投稿日時を必ず付けてください。条件を満たす投稿がなければ「Nothing found」とだけ答えてください。推測・要約・無関係な投稿は返さないでください。","[""year_2025""]","[""GXQ035""]",data/manual/speed_2026_grok_x_search_receipts_20260810.json,,,,,CURRENT_2025,CURRENT_2025,NON_DIRECTIONAL,not_directional,INCOMPLETE_RETURNED_METADATA,NONE_FOR_ACCEPTANCE,X_AUTHOR_yzT8HrsBPF40476,false,REJECTED,MISSING_VERIFIABLE_POST_TEXT_OR_TIMESTAMP,false,false,false,,,POST_METADATA_INCOMPLETE_NOT_TREATED_AS_CONFIRMED_POST,SINGLE_RETURNED_URL
GXSR070,大島 洋平,中日ドラゴンズ,P012,TYPE_A_CURRENT_SAMPLE_INSTABILITY,GROK_X_SUPPLEMENT,X_TWITTER,REJECTED_CANDIDATE,@kunoichimonme,,@kunoichimonme,2044398359260369133,https://x.com/kunoichimonme/status/2044398359260369133,https://x.com/kunoichimonme/status/2044398359260369133,,,NOT_RETURNED,2026-08-10T12:00:07.069Z,"X（Twitter）の実在する投稿だけを検索してください。
対象選手は日本プロ野球の「大島 洋平」です。投稿本文に「大島 洋平」または明確に同選手を指す表記を実際に含むものだけにしてください。
検索観点: 「足が速い」「速い足」「快足」など、速さそのものへの直接評価。
優先期間は2026年、次に2025年、次に2024年です。
採用候補は、野球で一歩目から約90ftまで走る純粋な身体的running ability（足の速さ、直線速度、加速、全力疾走、以前より足が落ちた等）への直接言及だけです。
盗塁、盗塁数、走塁判断、スタート技術、内野安打、三塁打、守備範囲、バント後の一塁到達、ゲーム査定だけの投稿は返さないでください。
各結果は、実在するx.com/status URL、@handle、投稿本文の必要最小限の原文、投稿日時を必ず付けてください。条件を満たす投稿がなければ「Nothing found」とだけ答えてください。推測・要約・無関係な投稿は返さないでください。","[""fast"",""speedster""]","[""GXQ028"",""GXQ029""]",data/manual/speed_2026_grok_x_search_receipts_20260810.json,: 今日一番のポジ 大島洋平まだ足速い,: 今日一番のポジ 大島洋平まだ足速い,,,UNVERIFIED_TEMPORAL_CONTEXT,UNVERIFIED_TEMPORAL_CONTEXT,FASTER,faster,INCOMPLETE_RETURNED_METADATA,NONE_FOR_ACCEPTANCE,X_AUTHOR_kunoichimonme,false,REJECTED,MISSING_VERIFIABLE_POST_TEXT_OR_TIMESTAMP,false,false,false,,,POST_METADATA_INCOMPLETE_NOT_TREATED_AS_CONFIRMED_POST,SINGLE_RETURNED_URL
GXSR071,大島 洋平,中日ドラゴンズ,P012,TYPE_A_CURRENT_SAMPLE_INSTABILITY,GROK_X_SUPPLEMENT,X_TWITTER,REJECTED_CANDIDATE,@miyagi_kaccyan,,@miyagi_kaccyan,2046901979390308565,https://x.com/miyagi_kaccyan/status/2046901979390308565,https://x.com/miyagi_kaccyan/status/2046901979390308565,,,NOT_RETURNED,2026-08-10T12:00:07.069Z,"X（Twitter）の実在する投稿だけを検索してください。
対象選手は日本プロ野球の「大島 洋平」です。投稿本文に「大島 洋平」または明確に同選手を指す表記を実際に含むものだけにしてください。
検索観点: 「足が速い」「速い足」「快足」など、速さそのものへの直接評価。
優先期間は2026年、次に2025年、次に2024年です。
採用候補は、野球で一歩目から約90ftまで走る純粋な身体的running ability（足の速さ、直線速度、加速、全力疾走、以前より足が落ちた等）への直接言及だけです。
盗塁、盗塁数、走塁判断、スタート技術、内野安打、三塁打、守備範囲、バント後の一塁到達、ゲーム査定だけの投稿は返さないでください。
各結果は、実在するx.com/status URL、@handle、投稿本文の必要最小限の原文、投稿日時を必ず付けてください。条件を満たす投稿がなければ「Nothing found」とだけ答えてください。推測・要約・無関係な投稿は返さないでください。","[""fast"",""speedster""]","[""GXQ028"",""GXQ029""]",data/manual/speed_2026_grok_x_search_receipts_20260810.json,: 足が速い！ 大島洋平最高！,: 足が速い！ 大島洋平最高！,,,UNVERIFIED_TEMPORAL_CONTEXT,UNVERIFIED_TEMPORAL_CONTEXT,FASTER,faster,INCOMPLETE_RETURNED_METADATA,NONE_FOR_ACCEPTANCE,X_AUTHOR_miyagi_kaccyan,false,REJECTED,MISSING_VERIFIABLE_POST_TEXT_OR_TIMESTAMP,false,false,false,,,POST_METADATA_INCOMPLETE_NOT_TREATED_AS_CONFIRMED_POST,SINGLE_RETURNED_URL
GXSR072,大島 洋平,中日ドラゴンズ,P012,TYPE_A_CURRENT_SAMPLE_INSTABILITY,GROK_X_SUPPLEMENT,X_TWITTER,REJECTED_CANDIDATE,@KKKO_002,,@KKKO_002,2046902265500610885,https://x.com/KKKO_002/status/2046902265500610885,https://x.com/KKKO_002/status/2046902265500610885,2026-04-22,2026-04-22,DAY_RETURNED_BY_GROK_X,2026-08-10T12:00:09.005Z,"X（Twitter）の実在する投稿だけを検索してください。
対象選手は日本プロ野球の「大島 洋平」です。投稿本文に「大島 洋平」または明確に同選手を指す表記を実際に含むものだけにしてください。
検索観点: 「俊足」など、身体的running abilityを指す直接評価。
優先期間は2026年、次に2025年、次に2024年です。
採用候補は、野球で一歩目から約90ftまで走る純粋な身体的running ability（足の速さ、直線速度、加速、全力疾走、以前より足が落ちた等）への直接言及だけです。
盗塁、盗塁数、走塁判断、スタート技術、内野安打、三塁打、守備範囲、バント後の一塁到達、ゲーム査定だけの投稿は返さないでください。
各結果は、実在するx.com/status URL、@handle、投稿本文の必要最小限の原文、投稿日時を必ず付けてください。条件を満たす投稿がなければ「Nothing found」とだけ答えてください。推測・要約・無関係な投稿は返さないでください。","[""running_ability"",""speedster""]","[""GXQ029"",""GXQ030""]",data/manual/speed_2026_grok_x_search_receipts_20260810.json,"大島洋平40歳で全力疾走素晴らしすぎるよ
 (","大島洋平40歳で全力疾走素晴らしすぎるよ
 (",,,CURRENT_2026,CURRENT_2026,NON_DIRECTIONAL,not_directional,EFFORT_NOT_SPEED,NONE_FOR_ACCEPTANCE,X_AUTHOR_KKKO_002,false,REJECTED,ALL_OUT_EFFORT_WITHOUT_SPEED_OBSERVATION,false,false,false,,,RETRIEVED_BY_GROK_X_X_SEARCH,SINGLE_RETURNED_URL
GXSR073,大島 洋平,中日ドラゴンズ,P012,TYPE_A_CURRENT_SAMPLE_INSTABILITY,GROK_X_SUPPLEMENT,X_TWITTER,REJECTED_CANDIDATE,@kohei6d,,@kohei6d,2047616061420556430,https://x.com/kohei6d/status/2047616061420556430,https://x.com/kohei6d/status/2047616061420556430,2026-04-24,2026-04-24,DAY_RETURNED_BY_GROK_X,2026-08-10T12:00:09.005Z,"X（Twitter）の実在する投稿だけを検索してください。
対象選手は日本プロ野球の「大島 洋平」です。投稿本文に「大島 洋平」または明確に同選手を指す表記を実際に含むものだけにしてください。
検索観点: 「走力」「脚力」など、身体的な走る能力への直接評価。
優先期間は2026年、次に2025年、次に2024年です。
採用候補は、野球で一歩目から約90ftまで走る純粋な身体的running ability（足の速さ、直線速度、加速、全力疾走、以前より足が落ちた等）への直接言及だけです。
盗塁、盗塁数、走塁判断、スタート技術、内野安打、三塁打、守備範囲、バント後の一塁到達、ゲーム査定だけの投稿は返さないでください。
各結果は、実在するx.com/status URL、@handle、投稿本文の必要最小限の原文、投稿日時を必ず付けてください。条件を満たす投稿がなければ「Nothing found」とだけ答えてください。推測・要約・無関係な投稿は返さないでください。","[""running_ability""]","[""GXQ030""]",data/manual/speed_2026_grok_x_search_receipts_20260810.json,"普通脚力とか衰えるやろ
 (","普通脚力とか衰えるやろ
 (",,,CURRENT_2026,CURRENT_2026,SLOWER,slower,TARGET_NOT_VERIFIABLE,NONE_FOR_ACCEPTANCE,X_AUTHOR_kohei6d,false,REJECTED,TARGET_NOT_VERIFIABLE_FROM_RETURNED_POST_TEXT,false,false,false,,,RETRIEVED_BY_GROK_X_X_SEARCH,SINGLE_RETURNED_URL
GXSR074,大島 洋平,中日ドラゴンズ,P012,TYPE_A_CURRENT_SAMPLE_INSTABILITY,GROK_X_SUPPLEMENT,X_TWITTER,REJECTED_CANDIDATE,@kohei6d,,@kohei6d,2051268651354108020,https://x.com/kohei6d/status/2051268651354108020,https://x.com/kohei6d/status/2051268651354108020,2026-05-04,2026-05-04,DAY_RETURNED_BY_GROK_X,2026-08-10T12:00:09.005Z,"X（Twitter）の実在する投稿だけを検索してください。
対象選手は日本プロ野球の「大島 洋平」です。投稿本文に「大島 洋平」または明確に同選手を指す表記を実際に含むものだけにしてください。
検索観点: 「走力」「脚力」など、身体的な走る能力への直接評価。
優先期間は2026年、次に2025年、次に2024年です。
採用候補は、野球で一歩目から約90ftまで走る純粋な身体的running ability（足の速さ、直線速度、加速、全力疾走、以前より足が落ちた等）への直接言及だけです。
盗塁、盗塁数、走塁判断、スタート技術、内野安打、三塁打、守備範囲、バント後の一塁到達、ゲーム査定だけの投稿は返さないでください。
各結果は、実在するx.com/status URL、@handle、投稿本文の必要最小限の原文、投稿日時を必ず付けてください。条件を満たす投稿がなければ「Nothing found」とだけ答えてください。推測・要約・無関係な投稿は返さないでください。","[""running_ability""]","[""GXQ030""]",data/manual/speed_2026_grok_x_search_receipts_20260810.json,"脚力衰えてないのバグ
 (","脚力衰えてないのバグ
 (",,,CURRENT_2026,CURRENT_2026,SLOWER,slower,TARGET_NOT_VERIFIABLE,NONE_FOR_ACCEPTANCE,X_AUTHOR_kohei6d,false,REJECTED,TARGET_NOT_VERIFIABLE_FROM_RETURNED_POST_TEXT,false,false,false,,,RETRIEVED_BY_GROK_X_X_SEARCH,SINGLE_RETURNED_URL
GXSR075,大島 洋平,中日ドラゴンズ,P012,TYPE_A_CURRENT_SAMPLE_INSTABILITY,GROK_X_SUPPLEMENT,X_TWITTER,REJECTED_CANDIDATE,@Kanemasa0613,,@Kanemasa0613,2076283957562548236,https://x.com/Kanemasa0613/status/2076283957562548236,https://x.com/Kanemasa0613/status/2076283957562548236,2026-07-12,2026-07-12,DAY_RETURNED_BY_GROK_X,2026-08-10T12:00:07.069Z,"X（Twitter）の実在する投稿だけを検索してください。
対象選手は日本プロ野球の「大島 洋平」です。投稿本文に「大島 洋平」または明確に同選手を指す表記を実際に含むものだけにしてください。
検索観点: 「俊足」など、身体的running abilityを指す直接評価。
優先期間は2026年、次に2025年、次に2024年です。
採用候補は、野球で一歩目から約90ftまで走る純粋な身体的running ability（足の速さ、直線速度、加速、全力疾走、以前より足が落ちた等）への直接言及だけです。
盗塁、盗塁数、走塁判断、スタート技術、内野安打、三塁打、守備範囲、バント後の一塁到達、ゲーム査定だけの投稿は返さないでください。
各結果は、実在するx.com/status URL、@handle、投稿本文の必要最小限の原文、投稿日時を必ず付けてください。条件を満たす投稿がなければ「Nothing found」とだけ答えてください。推測・要約・無関係な投稿は返さないでください。","[""speedster""]","[""GXQ029""]",data/manual/speed_2026_grok_x_search_receipts_20260810.json,,,,,CURRENT_2026,CURRENT_2026,NON_DIRECTIONAL,not_directional,INCOMPLETE_RETURNED_METADATA,NONE_FOR_ACCEPTANCE,X_AUTHOR_Kanemasa0613,false,REJECTED,MISSING_VERIFIABLE_POST_TEXT_OR_TIMESTAMP,false,false,false,,,POST_METADATA_INCOMPLETE_NOT_TREATED_AS_CONFIRMED_POST,SINGLE_RETURNED_URL
GXSR076,大島 洋平,中日ドラゴンズ,P012,TYPE_A_CURRENT_SAMPLE_INSTABILITY,GROK_X_SUPPLEMENT,X_TWITTER,REJECTED_CANDIDATE,@lovelyokada,,@lovelyokada,2082002395740230106,https://x.com/lovelyokada/status/2082002395740230106,https://x.com/lovelyokada/status/2082002395740230106,2026-07-28,2026-07-28,DAY_RETURNED_BY_GROK_X,2026-08-10T12:00:07.069Z,"X（Twitter）の実在する投稿だけを検索してください。
対象選手は日本プロ野球の「大島 洋平」です。投稿本文に「大島 洋平」または明確に同選手を指す表記を実際に含むものだけにしてください。
検索観点: 「俊足」など、身体的running abilityを指す直接評価。
優先期間は2026年、次に2025年、次に2024年です。
採用候補は、野球で一歩目から約90ftまで走る純粋な身体的running ability（足の速さ、直線速度、加速、全力疾走、以前より足が落ちた等）への直接言及だけです。
盗塁、盗塁数、走塁判断、スタート技術、内野安打、三塁打、守備範囲、バント後の一塁到達、ゲーム査定だけの投稿は返さないでください。
各結果は、実在するx.com/status URL、@handle、投稿本文の必要最小限の原文、投稿日時を必ず付けてください。条件を満たす投稿がなければ「Nothing found」とだけ答えてください。推測・要約・無関係な投稿は返さないでください。","[""speedster""]","[""GXQ029""]",data/manual/speed_2026_grok_x_search_receipts_20260810.json,,,,,CURRENT_2026,CURRENT_2026,NON_DIRECTIONAL,not_directional,INCOMPLETE_RETURNED_METADATA,NONE_FOR_ACCEPTANCE,X_AUTHOR_lovelyokada,false,REJECTED,MISSING_VERIFIABLE_POST_TEXT_OR_TIMESTAMP,false,false,false,,,POST_METADATA_INCOMPLETE_NOT_TREATED_AS_CONFIRMED_POST,SINGLE_RETURNED_URL
GXSR077,中村 悠平,東京ヤクルトスワローズ,P055,TYPE_A_CURRENT_SAMPLE_INSTABILITY,GROK_X_SUPPLEMENT,X_TWITTER,REJECTED_CANDIDATE,@get_win_ys,,@get_win_ys,1834940075224056147,https://x.com/get_win_ys/status/1834940075224056147,https://x.com/get_win_ys/status/1834940075224056147,2024-09-14 12:59:40 GMT,2024-09-14,TIMESTAMP_RETURNED_BY_GROK_X,2026-08-10T12:38:35.269Z,"X（Twitter）の実在する投稿だけを検索してください。
対象選手は日本プロ野球の「中村 悠平」です。投稿本文に「中村 悠平」または明確に同選手を指す表記を実際に含むものだけにしてください。
検索観点: 2024年の「足」「俊足」「走力」「スピード」「全力疾走」の直接的な身体速度評価。
優先期間は2024年の投稿です。2024年に見つからない場合だけ、2024–2026年で明示的に日付が分かる投稿を返してください。
採用候補は、野球で一歩目から約90ftまで走る純粋な身体的running ability（足の速さ、直線速度、加速、全力疾走、以前より足が落ちた等）への直接言及だけです。
盗塁、盗塁数、走塁判断、スタート技術、内野安打、三塁打、守備範囲、バント後の一塁到達、ゲーム査定だけの投稿は返さないでください。
各結果は、実在するx.com/status URL、@handle、投稿本文の必要最小限の原文、投稿日時を必ず付けてください。条件を満たす投稿がなければ「Nothing found」とだけ答えてください。推測・要約・無関係な投稿は返さないでください。","[""year_2024""]","[""GXQ117""]",data/manual/speed_2026_grok_x_search_receipts_20260810.json,,,,,CONTEMPORARY_2024_HISTORICAL_CONTEXT,CONTEMPORARY_2024_HISTORICAL_CONTEXT,NON_DIRECTIONAL,not_directional,INCOMPLETE_RETURNED_METADATA,NONE_FOR_ACCEPTANCE,X_AUTHOR_get_win_ys,false,REJECTED,MISSING_VERIFIABLE_POST_TEXT_OR_TIMESTAMP,false,false,false,,,POST_METADATA_INCOMPLETE_NOT_TREATED_AS_CONFIRMED_POST,SINGLE_RETURNED_URL
GXSR078,中村 悠平,東京ヤクルトスワローズ,P055,TYPE_A_CURRENT_SAMPLE_INSTABILITY,GROK_X_SUPPLEMENT,X_TWITTER,REJECTED_CANDIDATE,@hisshi0913,,@hisshi0913,1972243918206206443,https://x.com/hisshi0913/status/1972243918206206443,https://x.com/hisshi0913/status/1972243918206206443,2025-09-28,2025-09-28,DAY_RETURNED_BY_GROK_X,2026-08-10T12:38:16.265Z,"X（Twitter）の実在する投稿だけを検索してください。
対象選手は日本プロ野球の「中村 悠平」です。投稿本文に「中村 悠平」または明確に同選手を指す表記を実際に含むものだけにしてください。
検索観点: 「走力」「脚力」など、身体的な走る能力への直接評価。
優先期間は2026年、次に2025年、次に2024年です。
採用候補は、野球で一歩目から約90ftまで走る純粋な身体的running ability（足の速さ、直線速度、加速、全力疾走、以前より足が落ちた等）への直接言及だけです。
盗塁、盗塁数、走塁判断、スタート技術、内野安打、三塁打、守備範囲、バント後の一塁到達、ゲーム査定だけの投稿は返さないでください。
各結果は、実在するx.com/status URL、@handle、投稿本文の必要最小限の原文、投稿日時を必ず付けてください。条件を満たす投稿がなければ「Nothing found」とだけ答えてください。推測・要約・無関係な投稿は返さないでください。","[""running_ability""]","[""GXQ111""]",data/manual/speed_2026_grok_x_search_receipts_20260810.json,,,,,CURRENT_2025,CURRENT_2025,NON_DIRECTIONAL,not_directional,INCOMPLETE_RETURNED_METADATA,NONE_FOR_ACCEPTANCE,X_AUTHOR_hisshi0913,false,REJECTED,MISSING_VERIFIABLE_POST_TEXT_OR_TIMESTAMP,false,false,false,,,POST_METADATA_INCOMPLETE_NOT_TREATED_AS_CONFIRMED_POST,SINGLE_RETURNED_URL
GXSR079,中村 悠平,東京ヤクルトスワローズ,P055,TYPE_A_CURRENT_SAMPLE_INSTABILITY,GROK_X_SUPPLEMENT,X_TWITTER,REJECTED_CANDIDATE,@035sk_y,,@035sk_y,1972244526967468469,https://x.com/035sk_y/status/1972244526967468469,https://x.com/035sk_y/status/1972244526967468469,2025-09-28,2025-09-28,DAY_RETURNED_BY_GROK_X,2026-08-10T12:38:16.265Z,"X（Twitter）の実在する投稿だけを検索してください。
対象選手は日本プロ野球の「中村 悠平」です。投稿本文に「中村 悠平」または明確に同選手を指す表記を実際に含むものだけにしてください。
検索観点: 「走力」「脚力」など、身体的な走る能力への直接評価。
優先期間は2026年、次に2025年、次に2024年です。
採用候補は、野球で一歩目から約90ftまで走る純粋な身体的running ability（足の速さ、直線速度、加速、全力疾走、以前より足が落ちた等）への直接言及だけです。
盗塁、盗塁数、走塁判断、スタート技術、内野安打、三塁打、守備範囲、バント後の一塁到達、ゲーム査定だけの投稿は返さないでください。
各結果は、実在するx.com/status URL、@handle、投稿本文の必要最小限の原文、投稿日時を必ず付けてください。条件を満たす投稿がなければ「Nothing found」とだけ答えてください。推測・要約・無関係な投稿は返さないでください。","[""running_ability""]","[""GXQ111""]",data/manual/speed_2026_grok_x_search_receipts_20260810.json,,,,,CURRENT_2025,CURRENT_2025,NON_DIRECTIONAL,not_directional,INCOMPLETE_RETURNED_METADATA,NONE_FOR_ACCEPTANCE,X_AUTHOR_035sk_y,false,REJECTED,MISSING_VERIFIABLE_POST_TEXT_OR_TIMESTAMP,false,false,false,,,POST_METADATA_INCOMPLETE_NOT_TREATED_AS_CONFIRMED_POST,SINGLE_RETURNED_URL
GXSR080,中村 悠平,東京ヤクルトスワローズ,P055,TYPE_A_CURRENT_SAMPLE_INSTABILITY,GROK_X_SUPPLEMENT,X_TWITTER,REJECTED_CANDIDATE,@93244104Diony,,@93244104Diony,1972292245765468519,https://x.com/93244104Diony/status/1972292245765468519,https://x.com/93244104Diony/status/1972292245765468519,2025-09-28,2025-09-28,DAY_RETURNED_BY_GROK_X,2026-08-10T12:38:24.697Z,"X（Twitter）の実在する投稿だけを検索してください。
対象選手は日本プロ野球の「中村 悠平」です。投稿本文に「中村 悠平」または明確に同選手を指す表記を実際に含むものだけにしてください。
検索観点: 「全力疾走」「加速」「疾走」など、実際の身体的な走りへの直接観察。
優先期間は2026年、次に2025年、次に2024年です。
採用候補は、野球で一歩目から約90ftまで走る純粋な身体的running ability（足の速さ、直線速度、加速、全力疾走、以前より足が落ちた等）への直接言及だけです。
盗塁、盗塁数、走塁判断、スタート技術、内野安打、三塁打、守備範囲、バント後の一塁到達、ゲーム査定だけの投稿は返さないでください。
各結果は、実在するx.com/status URL、@handle、投稿本文の必要最小限の原文、投稿日時を必ず付けてください。条件を満たす投稿がなければ「Nothing found」とだけ答えてください。推測・要約・無関係な投稿は返さないでください。","[""all_out_run""]","[""GXQ114""]",data/manual/speed_2026_grok_x_search_receipts_20260810.json,: 今季第1号本塁打を放った中村悠平選手はベースを一周したあとベンチ前まで疾走,: 今季第1号本塁打を放った中村悠平選手はベースを一周したあとベンチ前まで疾走,,,CURRENT_2025,CURRENT_2025,NON_DIRECTIONAL,not_directional,NOT_ACCEPTED_AFTER_REVIEW,NONE_FOR_ACCEPTANCE,X_AUTHOR_93244104Diony,false,REJECTED,NO_CLEAR_DIRECT_PHYSICAL_SPEED_CLAIM,false,false,false,,,RETRIEVED_BY_GROK_X_X_SEARCH,SINGLE_RETURNED_URL
GXSR081,中村 悠平,東京ヤクルトスワローズ,P055,TYPE_A_CURRENT_SAMPLE_INSTABILITY,GROK_X_SUPPLEMENT,X_TWITTER,REJECTED_CANDIDATE,@false_denkibran,,@false_denkibran,1975876232735764610,https://x.com/false_denkibran/status/1975876232735764610,https://x.com/false_denkibran/status/1975876232735764610,2025-10-08,2025-10-08,DAY_RETURNED_BY_GROK_X,2026-08-10T12:38:24.697Z,"X（Twitter）の実在する投稿だけを検索してください。
対象選手は日本プロ野球の「中村 悠平」です。投稿本文に「中村 悠平」または明確に同選手を指す表記を実際に含むものだけにしてください。
検索観点: 「走力」「脚力」など、身体的な走る能力への直接評価。
優先期間は2026年、次に2025年、次に2024年です。
採用候補は、野球で一歩目から約90ftまで走る純粋な身体的running ability（足の速さ、直線速度、加速、全力疾走、以前より足が落ちた等）への直接言及だけです。
盗塁、盗塁数、走塁判断、スタート技術、内野安打、三塁打、守備範囲、バント後の一塁到達、ゲーム査定だけの投稿は返さないでください。
各結果は、実在するx.com/status URL、@handle、投稿本文の必要最小限の原文、投稿日時を必ず付けてください。条件を満たす投稿がなければ「Nothing found」とだけ答えてください。推測・要約・無関係な投稿は返さないでください。","[""all_out_run"",""running_ability""]","[""GXQ111"",""GXQ114""]",data/manual/speed_2026_grok_x_search_receipts_20260810.json,: ムーチョがホームランの時全力ベースランニングしたのは...,: ムーチョがホームランの時全力ベースランニングしたのは...,,,CURRENT_2025,CURRENT_2025,NON_DIRECTIONAL,not_directional,TARGET_NOT_VERIFIABLE,NONE_FOR_ACCEPTANCE,X_AUTHOR_false_denkibran,false,REJECTED,TARGET_NOT_VERIFIABLE_FROM_RETURNED_POST_TEXT,false,false,false,,,RETRIEVED_BY_GROK_X_X_SEARCH,SINGLE_RETURNED_URL
GXSR082,中村 悠平,東京ヤクルトスワローズ,P055,TYPE_A_CURRENT_SAMPLE_INSTABILITY,GROK_X_SUPPLEMENT,X_TWITTER,REJECTED_CANDIDATE,@CHOCO720ys,,@CHOCO720ys,1988814671588229398,https://x.com/CHOCO720ys/status/1988814671588229398,https://x.com/CHOCO720ys/status/1988814671588229398,2025-11-13,2025-11-13,DAY_RETURNED_BY_GROK_X,2026-08-10T12:38:24.697Z,"X（Twitter）の実在する投稿だけを検索してください。
対象選手は日本プロ野球の「中村 悠平」です。投稿本文に「中村 悠平」または明確に同選手を指す表記を実際に含むものだけにしてください。
検索観点: 「走力」「脚力」など、身体的な走る能力への直接評価。
優先期間は2026年、次に2025年、次に2024年です。
採用候補は、野球で一歩目から約90ftまで走る純粋な身体的running ability（足の速さ、直線速度、加速、全力疾走、以前より足が落ちた等）への直接言及だけです。
盗塁、盗塁数、走塁判断、スタート技術、内野安打、三塁打、守備範囲、バント後の一塁到達、ゲーム査定だけの投稿は返さないでください。
各結果は、実在するx.com/status URL、@handle、投稿本文の必要最小限の原文、投稿日時を必ず付けてください。条件を満たす投稿がなければ「Nothing found」とだけ答えてください。推測・要約・無関係な投稿は返さないでください。","[""all_out_run"",""running_ability""]","[""GXQ111"",""GXQ114""]",data/manual/speed_2026_grok_x_search_receipts_20260810.json,: 神宮ホームラン集見てるけど何度見ても最終戦の中村悠平さんの全力疾走ホームラン面白い🤣,: 神宮ホームラン集見てるけど何度見ても最終戦の中村悠平さんの全力疾走ホームラン面白い🤣,,,CURRENT_2025,CURRENT_2025,NON_DIRECTIONAL,not_directional,EFFORT_NOT_SPEED,NONE_FOR_ACCEPTANCE,X_AUTHOR_CHOCO720ys,false,REJECTED,ALL_OUT_EFFORT_WITHOUT_SPEED_OBSERVATION,false,false,false,,,RETRIEVED_BY_GROK_X_X_SEARCH,SINGLE_RETURNED_URL
GXSR083,中村 悠平,東京ヤクルトスワローズ,P055,TYPE_A_CURRENT_SAMPLE_INSTABILITY,GROK_X_SUPPLEMENT,X_TWITTER,REJECTED_CANDIDATE,@N_mayukoro,,@N_mayukoro,2049143271365156874,https://x.com/N_mayukoro/status/2049143271365156874,https://x.com/N_mayukoro/status/2049143271365156874,2026-04-28,2026-04-28,DAY_RETURNED_BY_GROK_X,2026-08-10T12:38:24.697Z,"X（Twitter）の実在する投稿だけを検索してください。
対象選手は日本プロ野球の「中村 悠平」です。投稿本文に「中村 悠平」または明確に同選手を指す表記を実際に含むものだけにしてください。
検索観点: 「全力疾走」「加速」「疾走」など、実際の身体的な走りへの直接観察。
優先期間は2026年、次に2025年、次に2024年です。
採用候補は、野球で一歩目から約90ftまで走る純粋な身体的running ability（足の速さ、直線速度、加速、全力疾走、以前より足が落ちた等）への直接言及だけです。
盗塁、盗塁数、走塁判断、スタート技術、内野安打、三塁打、守備範囲、バント後の一塁到達、ゲーム査定だけの投稿は返さないでください。
各結果は、実在するx.com/status URL、@handle、投稿本文の必要最小限の原文、投稿日時を必ず付けてください。条件を満たす投稿がなければ「Nothing found」とだけ答えてください。推測・要約・無関係な投稿は返さないでください。","[""all_out_run""]","[""GXQ114""]",data/manual/speed_2026_grok_x_search_receipts_20260810.json,: ホームランでも全力疾走する ムーチョでいて欲しい,: ホームランでも全力疾走する ムーチョでいて欲しい,,,CURRENT_2026,CURRENT_2026,NON_DIRECTIONAL,not_directional,EFFORT_NOT_SPEED,NONE_FOR_ACCEPTANCE,X_AUTHOR_N_mayukoro,false,REJECTED,ALL_OUT_EFFORT_WITHOUT_SPEED_OBSERVATION,false,false,false,,,RETRIEVED_BY_GROK_X_X_SEARCH,SINGLE_RETURNED_URL
GXSR084,中村 悠平,東京ヤクルトスワローズ,P055,TYPE_A_CURRENT_SAMPLE_INSTABILITY,GROK_X_SUPPLEMENT,X_TWITTER,SNS,@yakurutotuyoi,,@yakurutotuyoi,2050897068861051385,https://x.com/yakurutotuyoi/status/2050897068861051385,https://x.com/yakurutotuyoi/status/2050897068861051385,2026-05-03 11:15:39 GMT,2026-05-03,TIMESTAMP_RETURNED_BY_GROK_X,2026-08-10T12:38:17.767Z,"X（Twitter）の実在する投稿だけを検索してください。
対象選手は日本プロ野球の「中村 悠平」です。投稿本文に「中村 悠平」または明確に同選手を指す表記を実際に含むものだけにしてください。
検索観点: 「足が遅い」「遅い」「鈍足」など、身体的running abilityの低下又は遅さへの直接評価。
優先期間は2026年、次に2025年、次に2024年です。
採用候補は、野球で一歩目から約90ftまで走る純粋な身体的running ability（足の速さ、直線速度、加速、全力疾走、以前より足が落ちた等）への直接言及だけです。
盗塁、盗塁数、走塁判断、スタート技術、内野安打、三塁打、守備範囲、バント後の一塁到達、ゲーム査定だけの投稿は返さないでください。
各結果は、実在するx.com/status URL、@handle、投稿本文の必要最小限の原文、投稿日時を必ず付けてください。条件を満たす投稿がなければ「Nothing found」とだけ答えてください。推測・要約・無関係な投稿は返さないでください。","[""slow""]","[""GXQ113""]",data/manual/speed_2026_grok_x_search_receipts_20260810.json,中村悠平「足遅くてすみませんね」,中村悠平「足遅くてすみませんね」,2026年の投稿は、中村の足を遅いとする当人発言として提示する。,2026年の投稿は、中村の足を遅いとする当人発言として提示する。,CURRENT_2026,CURRENT_2026,SLOWER,slower,QUOTED_CURRENT_SELF_DESCRIPTION,MODERATE,X_EVENT_20260503_NAKAMURA_SLOW_DISCUSSION,true,ACCEPTED,,true,false,false,,,RETRIEVED_BY_GROK_X_X_SEARCH,SINGLE_RETURNED_URL
GXSR085,中村 悠平,東京ヤクルトスワローズ,P055,TYPE_A_CURRENT_SAMPLE_INSTABILITY,GROK_X_SUPPLEMENT,X_TWITTER,REJECTED_CANDIDATE,@Genmai_rice,,@Genmai_rice,2050897151962870194,https://x.com/Genmai_rice/status/2050897151962870194,https://x.com/Genmai_rice/status/2050897151962870194,2026-05-03 11:15:59 GMT,2026-05-03,TIMESTAMP_RETURNED_BY_GROK_X,2026-08-10T12:38:17.767Z,"X（Twitter）の実在する投稿だけを検索してください。
対象選手は日本プロ野球の「中村 悠平」です。投稿本文に「中村 悠平」または明確に同選手を指す表記を実際に含むものだけにしてください。
検索観点: 「足が遅い」「遅い」「鈍足」など、身体的running abilityの低下又は遅さへの直接評価。
優先期間は2026年、次に2025年、次に2024年です。
採用候補は、野球で一歩目から約90ftまで走る純粋な身体的running ability（足の速さ、直線速度、加速、全力疾走、以前より足が落ちた等）への直接言及だけです。
盗塁、盗塁数、走塁判断、スタート技術、内野安打、三塁打、守備範囲、バント後の一塁到達、ゲーム査定だけの投稿は返さないでください。
各結果は、実在するx.com/status URL、@handle、投稿本文の必要最小限の原文、投稿日時を必ず付けてください。条件を満たす投稿がなければ「Nothing found」とだけ答えてください。推測・要約・無関係な投稿は返さないでください。","[""slow""]","[""GXQ113""]",data/manual/speed_2026_grok_x_search_receipts_20260810.json,中村悠平さん足遅い😭,中村悠平さん足遅い😭,,,CURRENT_2026,CURRENT_2026,SLOWER,slower,NOT_ACCEPTED_AFTER_REVIEW,NONE_FOR_ACCEPTANCE,X_AUTHOR_Genmai_rice,false,REJECTED,GENERIC_OR_AMBIGUOUS_SPEED_LABEL_NOT_SUFFICIENT_FOR_ACCEPTANCE,false,false,false,,,RETRIEVED_BY_GROK_X_X_SEARCH,SINGLE_RETURNED_URL
GXSR086,中村 悠平,東京ヤクルトスワローズ,P055,TYPE_A_CURRENT_SAMPLE_INSTABILITY,GROK_X_SUPPLEMENT,X_TWITTER,REJECTED_CANDIDATE,@swbiPpOTea48605,,@swbiPpOTea48605,2050897172787527695,https://x.com/swbiPpOTea48605/status/2050897172787527695,https://x.com/swbiPpOTea48605/status/2050897172787527695,2026-05-03 11:16:04 GMT,2026-05-03,TIMESTAMP_RETURNED_BY_GROK_X,2026-08-10T12:38:17.767Z,"X（Twitter）の実在する投稿だけを検索してください。
対象選手は日本プロ野球の「中村 悠平」です。投稿本文に「中村 悠平」または明確に同選手を指す表記を実際に含むものだけにしてください。
検索観点: 「足が遅い」「遅い」「鈍足」など、身体的running abilityの低下又は遅さへの直接評価。
優先期間は2026年、次に2025年、次に2024年です。
採用候補は、野球で一歩目から約90ftまで走る純粋な身体的running ability（足の速さ、直線速度、加速、全力疾走、以前より足が落ちた等）への直接言及だけです。
盗塁、盗塁数、走塁判断、スタート技術、内野安打、三塁打、守備範囲、バント後の一塁到達、ゲーム査定だけの投稿は返さないでください。
各結果は、実在するx.com/status URL、@handle、投稿本文の必要最小限の原文、投稿日時を必ず付けてください。条件を満たす投稿がなければ「Nothing found」とだけ答えてください。推測・要約・無関係な投稿は返さないでください。","[""slow""]","[""GXQ113""]",data/manual/speed_2026_grok_x_search_receipts_20260810.json,中村悠平さんの足遅い瞬間を見る無駄時間,中村悠平さんの足遅い瞬間を見る無駄時間,,,CURRENT_2026,CURRENT_2026,SLOWER,slower,NOT_ACCEPTED_AFTER_REVIEW,NONE_FOR_ACCEPTANCE,X_AUTHOR_swbiPpOTea48605,false,REJECTED,GENERIC_OR_AMBIGUOUS_SPEED_LABEL_NOT_SUFFICIENT_FOR_ACCEPTANCE,false,false,false,,,RETRIEVED_BY_GROK_X_X_SEARCH,SINGLE_RETURNED_URL
GXSR087,中村 悠平,東京ヤクルトスワローズ,P055,TYPE_A_CURRENT_SAMPLE_INSTABILITY,GROK_X_SUPPLEMENT,X_TWITTER,REJECTED_CANDIDATE,@h_sorewata,,@h_sorewata,2050897223928754237,https://x.com/h_sorewata/status/2050897223928754237,https://x.com/h_sorewata/status/2050897223928754237,2026-05-03 11:16:16 GMT,2026-05-03,TIMESTAMP_RETURNED_BY_GROK_X,2026-08-10T12:38:17.767Z,"X（Twitter）の実在する投稿だけを検索してください。
対象選手は日本プロ野球の「中村 悠平」です。投稿本文に「中村 悠平」または明確に同選手を指す表記を実際に含むものだけにしてください。
検索観点: 「足が遅い」「遅い」「鈍足」など、身体的running abilityの低下又は遅さへの直接評価。
優先期間は2026年、次に2025年、次に2024年です。
採用候補は、野球で一歩目から約90ftまで走る純粋な身体的running ability（足の速さ、直線速度、加速、全力疾走、以前より足が落ちた等）への直接言及だけです。
盗塁、盗塁数、走塁判断、スタート技術、内野安打、三塁打、守備範囲、バント後の一塁到達、ゲーム査定だけの投稿は返さないでください。
各結果は、実在するx.com/status URL、@handle、投稿本文の必要最小限の原文、投稿日時を必ず付けてください。条件を満たす投稿がなければ「Nothing found」とだけ答えてください。推測・要約・無関係な投稿は返さないでください。","[""slow""]","[""GXQ113""]",data/manual/speed_2026_grok_x_search_receipts_20260810.json,中村悠平さん足が遅い…,中村悠平さん足が遅い…,,,CURRENT_2026,CURRENT_2026,SLOWER,slower,NOT_ACCEPTED_AFTER_REVIEW,NONE_FOR_ACCEPTANCE,X_AUTHOR_h_sorewata,false,REJECTED,GENERIC_OR_AMBIGUOUS_SPEED_LABEL_NOT_SUFFICIENT_FOR_ACCEPTANCE,false,false,false,,,RETRIEVED_BY_GROK_X_X_SEARCH,SINGLE_RETURNED_URL
GXSR088,中村 悠平,東京ヤクルトスワローズ,P055,TYPE_A_CURRENT_SAMPLE_INSTABILITY,GROK_X_SUPPLEMENT,X_TWITTER,REJECTED_CANDIDATE,@335L0mfydzCPETQ,,@335L0mfydzCPETQ,2050897297895223498,https://x.com/335L0mfydzCPETQ/status/2050897297895223498,https://x.com/335L0mfydzCPETQ/status/2050897297895223498,2026-05-03,2026-05-03,DAY_RETURNED_BY_GROK_X,2026-08-10T12:38:24.697Z,"X（Twitter）の実在する投稿だけを検索してください。
対象選手は日本プロ野球の「中村 悠平」です。投稿本文に「中村 悠平」または明確に同選手を指す表記を実際に含むものだけにしてください。
検索観点: 「走力」「脚力」など、身体的な走る能力への直接評価。
優先期間は2026年、次に2025年、次に2024年です。
採用候補は、野球で一歩目から約90ftまで走る純粋な身体的running ability（足の速さ、直線速度、加速、全力疾走、以前より足が落ちた等）への直接言及だけです。
盗塁、盗塁数、走塁判断、スタート技術、内野安打、三塁打、守備範囲、バント後の一塁到達、ゲーム査定だけの投稿は返さないでください。
各結果は、実在するx.com/status URL、@handle、投稿本文の必要最小限の原文、投稿日時を必ず付けてください。条件を満たす投稿がなければ「Nothing found」とだけ答えてください。推測・要約・無関係な投稿は返さないでください。","[""all_out_run"",""running_ability"",""speed""]","[""GXQ111"",""GXQ112"",""GXQ114""]",data/manual/speed_2026_grok_x_search_receipts_20260810.json,: あー惜しかったな中村悠平😓 やっぱり膝が悪いから加速力がないわな、でもいい当たりやった！,: あー惜しかったな中村悠平😓 やっぱり膝が悪いから加速力がないわな、でもいい当たりやった！,,,CURRENT_2026,CURRENT_2026,FASTER,faster,NOT_ACCEPTED_AFTER_REVIEW,NONE_FOR_ACCEPTANCE,X_AUTHOR_335L0mfydzCPETQ,false,REJECTED,GENERIC_OR_AMBIGUOUS_SPEED_LABEL_NOT_SUFFICIENT_FOR_ACCEPTANCE,false,false,false,,,RETRIEVED_BY_GROK_X_X_SEARCH,SINGLE_RETURNED_URL
GXSR089,中村 悠平,東京ヤクルトスワローズ,P055,TYPE_A_CURRENT_SAMPLE_INSTABILITY,GROK_X_SUPPLEMENT,X_TWITTER,REJECTED_CANDIDATE,@Baya45_0814,,@Baya45_0814,2074817218777649412,https://x.com/Baya45_0814/status/2074817218777649412,https://x.com/Baya45_0814/status/2074817218777649412,2026-07-08 11:25:47 GMT,2026-07-08,TIMESTAMP_RETURNED_BY_GROK_X,2026-08-10T12:38:17.767Z,"X（Twitter）の実在する投稿だけを検索してください。
対象選手は日本プロ野球の「中村 悠平」です。投稿本文に「中村 悠平」または明確に同選手を指す表記を実際に含むものだけにしてください。
検索観点: 「足が遅い」「遅い」「鈍足」など、身体的running abilityの低下又は遅さへの直接評価。
優先期間は2026年、次に2025年、次に2024年です。
採用候補は、野球で一歩目から約90ftまで走る純粋な身体的running ability（足の速さ、直線速度、加速、全力疾走、以前より足が落ちた等）への直接言及だけです。
盗塁、盗塁数、走塁判断、スタート技術、内野安打、三塁打、守備範囲、バント後の一塁到達、ゲーム査定だけの投稿は返さないでください。
各結果は、実在するx.com/status URL、@handle、投稿本文の必要最小限の原文、投稿日時を必ず付けてください。条件を満たす投稿がなければ「Nothing found」とだけ答えてください。推測・要約・無関係な投稿は返さないでください。","[""slow""]","[""GXQ113""]",data/manual/speed_2026_grok_x_search_receipts_20260810.json,中村悠平、大城とか宮﨑くらい足が遅いランナーじゃないともう刺せないんじゃね？ってレベルに酷いな,中村悠平、大城とか宮﨑くらい足が遅いランナーじゃないともう刺せないんじゃね？ってレベルに酷いな,,,CURRENT_2026,CURRENT_2026,SLOWER,slower,NOT_ACCEPTED_AFTER_REVIEW,NONE_FOR_ACCEPTANCE,X_AUTHOR_Baya45_0814,false,REJECTED,GENERIC_OR_AMBIGUOUS_SPEED_LABEL_NOT_SUFFICIENT_FOR_ACCEPTANCE,false,false,false,,,RETRIEVED_BY_GROK_X_X_SEARCH,SINGLE_RETURNED_URL
GXSR090,土田 龍空,中日ドラゴンズ,P011,TYPE_A_CURRENT_SAMPLE_INSTABILITY,GROK_X_SUPPLEMENT,X_TWITTER,REJECTED_CANDIDATE,@dragons_080203,,@dragons_080203,1758309489835655376,https://x.com/dragons_080203/status/1758309489835655376,https://x.com/dragons_080203/status/1758309489835655376,2024-02-16,2024-02-16,DAY_RETURNED_BY_GROK_X,2026-08-10T11:59:52.478Z,"X（Twitter）の実在する投稿だけを検索してください。
対象選手は日本プロ野球の「土田 龍空」です。投稿本文に「土田 龍空」または明確に同選手を指す表記を実際に含むものだけにしてください。
検索観点: 「俊足」など、身体的running abilityを指す直接評価。
優先期間は2026年、次に2025年、次に2024年です。
採用候補は、野球で一歩目から約90ftまで走る純粋な身体的running ability（足の速さ、直線速度、加速、全力疾走、以前より足が落ちた等）への直接言及だけです。
盗塁、盗塁数、走塁判断、スタート技術、内野安打、三塁打、守備範囲、バント後の一塁到達、ゲーム査定だけの投稿は返さないでください。
各結果は、実在するx.com/status URL、@handle、投稿本文の必要最小限の原文、投稿日時を必ず付けてください。条件を満たす投稿がなければ「Nothing found」とだけ答えてください。推測・要約・無関係な投稿は返さないでください。","[""speedster"",""year_2024""]","[""GXQ020"",""GXQ027""]",data/manual/speed_2026_grok_x_search_receipts_20260810.json,周平がセカンドでは守備範囲が狭すぎて無謀 田中、村松、土田龍空ら俊足な若手にやらせるのが無難,周平がセカンドでは守備範囲が狭すぎて無謀 田中、村松、土田龍空ら俊足な若手にやらせるのが無難,,,CONTEMPORARY_2024_HISTORICAL_CONTEXT,CONTEMPORARY_2024_HISTORICAL_CONTEXT,FASTER,faster,NOT_ACCEPTED_AFTER_REVIEW,NONE_FOR_ACCEPTANCE,X_AUTHOR_dragons_080203,false,REJECTED,GENERIC_OR_AMBIGUOUS_SPEED_LABEL_NOT_SUFFICIENT_FOR_ACCEPTANCE,false,false,false,,,RETRIEVED_BY_GROK_X_X_SEARCH,SINGLE_RETURNED_URL
GXSR091,土田 龍空,中日ドラゴンズ,P011,TYPE_A_CURRENT_SAMPLE_INSTABILITY,GROK_X_SUPPLEMENT,X_TWITTER,SNS,@myomotora4123k,,@myomotora4123k,1909102442538758204,https://x.com/myomotora4123k/status/1909102442538758204,https://x.com/myomotora4123k/status/1909102442538758204,2025-04-07 04:34:26 GMT,2025-04-07,TIMESTAMP_RETURNED_BY_GROK_X,2026-08-10T11:59:14.999Z,"X（Twitter）の実在する投稿だけを検索してください。
対象選手は日本プロ野球の「土田 龍空」です。投稿本文に「土田 龍空」または明確に同選手を指す表記を実際に含むものだけにしてください。
検索観点: 「足が速い」「速い足」「快足」など、速さそのものへの直接評価。
優先期間は2026年、次に2025年、次に2024年です。
採用候補は、野球で一歩目から約90ftまで走る純粋な身体的running ability（足の速さ、直線速度、加速、全力疾走、以前より足が落ちた等）への直接言及だけです。
盗塁、盗塁数、走塁判断、スタート技術、内野安打、三塁打、守備範囲、バント後の一塁到達、ゲーム査定だけの投稿は返さないでください。
各結果は、実在するx.com/status URL、@handle、投稿本文の必要最小限の原文、投稿日時を必ず付けてください。条件を満たす投稿がなければ「Nothing found」とだけ答えてください。推測・要約・無関係な投稿は返さないでください。","[""fast""]","[""GXQ019""]",data/manual/speed_2026_grok_x_search_receipts_20260810.json,土田龍空選手→内野手としては破格の守備力+打撃でのプラスも十分見込める（去年は2軍でOPS.800くらい）足も速い,土田龍空選手→内野手としては破格の守備力+打撃でのプラスも十分見込める（去年は2軍でOPS.800くらい）足も速い,2025年の選手評価投稿は、土田の足を速いと明示する。,2025年の選手評価投稿は、土田の足を速いと明示する。,CURRENT_2025,CURRENT_2025,FASTER,faster,EXPLICIT_CURRENT_PHYSICAL_SPEED_LABEL,MODERATE,X_AUTHOR_myomotora4123k,true,ACCEPTED,,true,false,false,,,RETRIEVED_BY_GROK_X_X_SEARCH,SINGLE_RETURNED_URL
GXSR092,土田 龍空,中日ドラゴンズ,P011,TYPE_A_CURRENT_SAMPLE_INSTABILITY,GROK_X_SUPPLEMENT,X_TWITTER,REJECTED_CANDIDATE,@_d_s_7_,,@_d_s_7_,1918891882144301197,https://x.com/_d_s_7_/status/1918891882144301197,https://x.com/_d_s_7_/status/1918891882144301197,2025-05-04,2025-05-04,DAY_RETURNED_BY_GROK_X,2026-08-10T11:59:32.182Z,"X（Twitter）の実在する投稿だけを検索してください。
対象選手は日本プロ野球の「土田 龍空」です。投稿本文に「土田 龍空」または明確に同選手を指す表記を実際に含むものだけにしてください。
検索観点: 「足が速い」「速い足」「快足」など、速さそのものへの直接評価。
優先期間は2026年、次に2025年、次に2024年です。
採用候補は、野球で一歩目から約90ftまで走る純粋な身体的running ability（足の速さ、直線速度、加速、全力疾走、以前より足が落ちた等）への直接言及だけです。
盗塁、盗塁数、走塁判断、スタート技術、内野安打、三塁打、守備範囲、バント後の一塁到達、ゲーム査定だけの投稿は返さないでください。
各結果は、実在するx.com/status URL、@handle、投稿本文の必要最小限の原文、投稿日時を必ず付けてください。条件を満たす投稿がなければ「Nothing found」とだけ答えてください。推測・要約・無関係な投稿は返さないでください。","[""fast"",""speed""]","[""GXQ019"",""GXQ022""]",data/manual/speed_2026_grok_x_search_receipts_20260810.json,土田龍空は全力疾走しないなら交代しろ,土田龍空は全力疾走しないなら交代しろ,,,CURRENT_2025,CURRENT_2025,NON_DIRECTIONAL,not_directional,EFFORT_NOT_SPEED,NONE_FOR_ACCEPTANCE,X_AUTHOR__d_s_7_,false,REJECTED,ALL_OUT_EFFORT_WITHOUT_SPEED_OBSERVATION,false,false,false,,,RETRIEVED_BY_GROK_X_X_SEARCH,SINGLE_RETURNED_URL
GXSR093,土田 龍空,中日ドラゴンズ,P011,TYPE_A_CURRENT_SAMPLE_INSTABILITY,GROK_X_SUPPLEMENT,X_TWITTER,REJECTED_CANDIDATE,@ohtsyu,,@ohtsyu,1976806522450805142,https://x.com/ohtsyu/status/1976806522450805142,https://x.com/ohtsyu/status/1976806522450805142,2025-10-11,2025-10-11,DAY_RETURNED_BY_GROK_X,2026-08-10T11:59:32.182Z,"X（Twitter）の実在する投稿だけを検索してください。
対象選手は日本プロ野球の「土田 龍空」です。投稿本文に「土田 龍空」または明確に同選手を指す表記を実際に含むものだけにしてください。
検索観点: 「スピード」「直線速度」「加速」など、走る速さへの直接評価。
優先期間は2026年、次に2025年、次に2024年です。
採用候補は、野球で一歩目から約90ftまで走る純粋な身体的running ability（足の速さ、直線速度、加速、全力疾走、以前より足が落ちた等）への直接言及だけです。
盗塁、盗塁数、走塁判断、スタート技術、内野安打、三塁打、守備範囲、バント後の一塁到達、ゲーム査定だけの投稿は返さないでください。
各結果は、実在するx.com/status URL、@handle、投稿本文の必要最小限の原文、投稿日時を必ず付けてください。条件を満たす投稿がなければ「Nothing found」とだけ答えてください。推測・要約・無関係な投稿は返さないでください。","[""speed""]","[""GXQ022""]",data/manual/speed_2026_grok_x_search_receipts_20260810.json,"土田龍空選手、スプリントの最高速度が30.7km/hと少し速いレベルなのに一塁到達時間は3.84secとかなり速い👀✨️
 ここでもセンス魅せてくるか","土田龍空選手、スプリントの最高速度が30.7km/hと少し速いレベルなのに一塁到達時間は3.84secとかなり速い👀✨️
 ここでもセンス魅せてくるか",,,CURRENT_2025,CURRENT_2025,FASTER,faster,PLAY_OUTCOME_OR_TRANSITION,NONE_FOR_ACCEPTANCE,X_AUTHOR_ohtsyu,false,REJECTED,PLAY_OUTCOME_OR_TRANSITION_METRIC_NOT_ISOLATED_TO_PHYSICAL_SPEED,false,false,false,,,RETRIEVED_BY_GROK_X_X_SEARCH,SINGLE_RETURNED_URL
GXSR094,土田 龍空,中日ドラゴンズ,P011,TYPE_A_CURRENT_SAMPLE_INSTABILITY,GROK_X_SUPPLEMENT,X_TWITTER,REJECTED_CANDIDATE,@yazannokame,,@yazannokame,2044705791194886509,https://x.com/yazannokame/status/2044705791194886509,https://x.com/yazannokame/status/2044705791194886509,2026-04-16 09:13:44 GMT,2026-04-16,TIMESTAMP_RETURNED_BY_GROK_X,2026-08-10T11:59:34.142Z,"X（Twitter）の実在する投稿だけを検索してください。
対象選手は日本プロ野球の「土田 龍空」です。投稿本文に「土田 龍空」または明確に同選手を指す表記を実際に含むものだけにしてください。
検索観点: 「足が遅い」「遅い」「鈍足」など、身体的running abilityの低下又は遅さへの直接評価。
優先期間は2026年、次に2025年、次に2024年です。
採用候補は、野球で一歩目から約90ftまで走る純粋な身体的running ability（足の速さ、直線速度、加速、全力疾走、以前より足が落ちた等）への直接言及だけです。
盗塁、盗塁数、走塁判断、スタート技術、内野安打、三塁打、守備範囲、バント後の一塁到達、ゲーム査定だけの投稿は返さないでください。
各結果は、実在するx.com/status URL、@handle、投稿本文の必要最小限の原文、投稿日時を必ず付けてください。条件を満たす投稿がなければ「Nothing found」とだけ答えてください。推測・要約・無関係な投稿は返さないでください。","[""slow""]","[""GXQ023""]",data/manual/speed_2026_grok_x_search_receipts_20260810.json,打てないから　内野しかできないから　そんな足速くないから　全部を否定する土田龍空　わろた,打てないから　内野しかできないから　そんな足速くないから　全部を否定する土田龍空　わろた,,,CURRENT_2026,CURRENT_2026,FASTER,faster,NOT_ACCEPTED_AFTER_REVIEW,NONE_FOR_ACCEPTANCE,X_AUTHOR_yazannokame,false,REJECTED,GENERIC_OR_AMBIGUOUS_SPEED_LABEL_NOT_SUFFICIENT_FOR_ACCEPTANCE,false,false,false,,,RETRIEVED_BY_GROK_X_X_SEARCH,SINGLE_RETURNED_URL
GXSR095,土田 龍空,中日ドラゴンズ,P011,TYPE_A_CURRENT_SAMPLE_INSTABILITY,GROK_X_SUPPLEMENT,X_TWITTER,SNS,@Goodicious97,,@Goodicious97,2047545369530094027,https://x.com/Goodicious97/status/2047545369530094027,https://x.com/Goodicious97/status/2047545369530094027,2026-04-24,2026-04-24,DAY_RETURNED_BY_GROK_X,2026-08-10T11:59:32.182Z,"X（Twitter）の実在する投稿だけを検索してください。
対象選手は日本プロ野球の「土田 龍空」です。投稿本文に「土田 龍空」または明確に同選手を指す表記を実際に含むものだけにしてください。
検索観点: 「スピード」「直線速度」「加速」など、走る速さへの直接評価。
優先期間は2026年、次に2025年、次に2024年です。
採用候補は、野球で一歩目から約90ftまで走る純粋な身体的running ability（足の速さ、直線速度、加速、全力疾走、以前より足が落ちた等）への直接言及だけです。
盗塁、盗塁数、走塁判断、スタート技術、内野安打、三塁打、守備範囲、バント後の一塁到達、ゲーム査定だけの投稿は返さないでください。
各結果は、実在するx.com/status URL、@handle、投稿本文の必要最小限の原文、投稿日時を必ず付けてください。条件を満たす投稿がなければ「Nothing found」とだけ答えてください。推測・要約・無関係な投稿は返さないでください。","[""speed""]","[""GXQ022""]",data/manual/speed_2026_grok_x_search_receipts_20260810.json,"土田龍空が中日ドラゴンズの1軍に合流⚾️🐲
 守備力とスピードが強みの選手なので、1軍での起用にも注目だね👍","土田龍空が中日ドラゴンズの1軍に合流⚾️🐲
 守備力とスピードが強みの選手なので、1軍での起用にも注目だね👍",2026年の投稿は、土田の強みとしてスピードを明示する。,2026年の投稿は、土田の強みとしてスピードを明示する。,CURRENT_2026,CURRENT_2026,FASTER,faster,EXPLICIT_CURRENT_PHYSICAL_SPEED_ATTRIBUTE,MODERATE,X_AUTHOR_Goodicious97,true,ACCEPTED,,true,false,false,,,RETRIEVED_BY_GROK_X_X_SEARCH,SINGLE_RETURNED_URL
GXSR096,土田 龍空,中日ドラゴンズ,P011,TYPE_A_CURRENT_SAMPLE_INSTABILITY,GROK_X_SUPPLEMENT,X_TWITTER,REJECTED_CANDIDATE,@Jt4ivTh,,@Jt4ivTh,2049395897323397441,https://x.com/Jt4ivTh/status/2049395897323397441,https://x.com/Jt4ivTh/status/2049395897323397441,2026-04-29 07:50:32 GMT,2026-04-29,TIMESTAMP_RETURNED_BY_GROK_X,2026-08-10T11:59:34.142Z,"X（Twitter）の実在する投稿だけを検索してください。
対象選手は日本プロ野球の「土田 龍空」です。投稿本文に「土田 龍空」または明確に同選手を指す表記を実際に含むものだけにしてください。
検索観点: 「足が遅い」「遅い」「鈍足」など、身体的running abilityの低下又は遅さへの直接評価。
優先期間は2026年、次に2025年、次に2024年です。
採用候補は、野球で一歩目から約90ftまで走る純粋な身体的running ability（足の速さ、直線速度、加速、全力疾走、以前より足が落ちた等）への直接言及だけです。
盗塁、盗塁数、走塁判断、スタート技術、内野安打、三塁打、守備範囲、バント後の一塁到達、ゲーム査定だけの投稿は返さないでください。
各結果は、実在するx.com/status URL、@handle、投稿本文の必要最小限の原文、投稿日時を必ず付けてください。条件を満たす投稿がなければ「Nothing found」とだけ答えてください。推測・要約・無関係な投稿は返さないでください。","[""slow""]","[""GXQ023""]",data/manual/speed_2026_grok_x_search_receipts_20260810.json,"土田龍空の方が足は遅いかも知らんけど尾田より盗塁のセンスはあると思うで。
#中日ドラゴンズ","土田龍空の方が足は遅いかも知らんけど尾田より盗塁のセンスはあると思うで。
#中日ドラゴンズ",,,CURRENT_2026,CURRENT_2026,SLOWER,slower,BASERUNNING_OR_STOLEN_BASE,NONE_FOR_ACCEPTANCE,X_AUTHOR_Jt4ivTh,false,REJECTED,BASERUNNING_DECISION_OR_STOLEN_BASE_CONTEXT_NOT_ISOLATED_TO_PHYSICAL_SPEED,false,false,false,,,RETRIEVED_BY_GROK_X_X_SEARCH,SINGLE_RETURNED_URL
GXSR097,土田 龍空,中日ドラゴンズ,P011,TYPE_A_CURRENT_SAMPLE_INSTABILITY,GROK_X_SUPPLEMENT,X_TWITTER,REJECTED_CANDIDATE,@dragons_080203,,@dragons_080203,2049409629340475763,https://x.com/dragons_080203/status/2049409629340475763,https://x.com/dragons_080203/status/2049409629340475763,2026-04-29,2026-04-29,DAY_RETURNED_BY_GROK_X,2026-08-10T11:59:17.018Z,"X（Twitter）の実在する投稿だけを検索してください。
対象選手は日本プロ野球の「土田 龍空」です。投稿本文に「土田 龍空」または明確に同選手を指す表記を実際に含むものだけにしてください。
検索観点: 「俊足」など、身体的running abilityを指す直接評価。
優先期間は2026年、次に2025年、次に2024年です。
採用候補は、野球で一歩目から約90ftまで走る純粋な身体的running ability（足の速さ、直線速度、加速、全力疾走、以前より足が落ちた等）への直接言及だけです。
盗塁、盗塁数、走塁判断、スタート技術、内野安打、三塁打、守備範囲、バント後の一塁到達、ゲーム査定だけの投稿は返さないでください。
各結果は、実在するx.com/status URL、@handle、投稿本文の必要最小限の原文、投稿日時を必ず付けてください。条件を満たす投稿がなければ「Nothing found」とだけ答えてください。推測・要約・無関係な投稿は返さないでください。","[""speedster""]","[""GXQ020""]",data/manual/speed_2026_grok_x_search_receipts_20260810.json,土田龍空もそれなりに俊足ではある。むしろ尾田なんかより速いはず。,土田龍空もそれなりに俊足ではある。むしろ尾田なんかより速いはず。,,,CURRENT_2026,CURRENT_2026,FASTER,faster,NOT_ACCEPTED_AFTER_REVIEW,NONE_FOR_ACCEPTANCE,X_AUTHOR_dragons_080203,false,REJECTED,GENERIC_OR_AMBIGUOUS_SPEED_LABEL_NOT_SUFFICIENT_FOR_ACCEPTANCE,false,false,false,,,RETRIEVED_BY_GROK_X_X_SEARCH,SINGLE_RETURNED_URL
GXSR098,土田 龍空,中日ドラゴンズ,P011,TYPE_A_CURRENT_SAMPLE_INSTABILITY,GROK_X_SUPPLEMENT,X_TWITTER,REJECTED_CANDIDATE,@dragons_080203,,@dragons_080203,2050423606560309310,https://x.com/dragons_080203/status/2050423606560309310,https://x.com/dragons_080203/status/2050423606560309310,2026-05-02,2026-05-02,DAY_RETURNED_BY_GROK_X,2026-08-10T11:59:17.018Z,"X（Twitter）の実在する投稿だけを検索してください。
対象選手は日本プロ野球の「土田 龍空」です。投稿本文に「土田 龍空」または明確に同選手を指す表記を実際に含むものだけにしてください。
検索観点: 「俊足」など、身体的running abilityを指す直接評価。
優先期間は2026年、次に2025年、次に2024年です。
採用候補は、野球で一歩目から約90ftまで走る純粋な身体的running ability（足の速さ、直線速度、加速、全力疾走、以前より足が落ちた等）への直接言及だけです。
盗塁、盗塁数、走塁判断、スタート技術、内野安打、三塁打、守備範囲、バント後の一塁到達、ゲーム査定だけの投稿は返さないでください。
各結果は、実在するx.com/status URL、@handle、投稿本文の必要最小限の原文、投稿日時を必ず付けてください。条件を満たす投稿がなければ「Nothing found」とだけ答えてください。推測・要約・無関係な投稿は返さないでください。","[""speedster""]","[""GXQ020""]",data/manual/speed_2026_grok_x_search_receipts_20260810.json,知野はほとんどベンチに放置 昨日は代打も三振 代走なら土田龍空、知野も俊足で尾田より全然使えるのに無能な首脳陣の思考回路は理解できない,知野はほとんどベンチに放置 昨日は代打も三振 代走なら土田龍空、知野も俊足で尾田より全然使えるのに無能な首脳陣の思考回路は理解できない,,,CURRENT_2026,CURRENT_2026,FASTER,faster,BASERUNNING_OR_STOLEN_BASE,NONE_FOR_ACCEPTANCE,X_AUTHOR_dragons_080203,false,REJECTED,BASERUNNING_DECISION_OR_STOLEN_BASE_CONTEXT_NOT_ISOLATED_TO_PHYSICAL_SPEED,false,false,false,,,RETRIEVED_BY_GROK_X_X_SEARCH,SINGLE_RETURNED_URL
GXSR099,土田 龍空,中日ドラゴンズ,P011,TYPE_A_CURRENT_SAMPLE_INSTABILITY,GROK_X_SUPPLEMENT,X_TWITTER,SNS,@n2929ikukyuu,,@n2929ikukyuu,2051557334015734132,https://x.com/n2929ikukyuu/status/2051557334015734132,https://x.com/n2929ikukyuu/status/2051557334015734132,2026-05-05,2026-05-05,DAY_RETURNED_BY_GROK_X,2026-08-10T11:59:32.182Z,"X（Twitter）の実在する投稿だけを検索してください。
対象選手は日本プロ野球の「土田 龍空」です。投稿本文に「土田 龍空」または明確に同選手を指す表記を実際に含むものだけにしてください。
検索観点: 「足が速い」「速い足」「快足」など、速さそのものへの直接評価。
優先期間は2026年、次に2025年、次に2024年です。
採用候補は、野球で一歩目から約90ftまで走る純粋な身体的running ability（足の速さ、直線速度、加速、全力疾走、以前より足が落ちた等）への直接言及だけです。
盗塁、盗塁数、走塁判断、スタート技術、内野安打、三塁打、守備範囲、バント後の一塁到達、ゲーム査定だけの投稿は返さないでください。
各結果は、実在するx.com/status URL、@handle、投稿本文の必要最小限の原文、投稿日時を必ず付けてください。条件を満たす投稿がなければ「Nothing found」とだけ答えてください。推測・要約・無関係な投稿は返さないでください。","[""fast"",""speed""]","[""GXQ019"",""GXQ022""]",data/manual/speed_2026_grok_x_search_receipts_20260810.json,土田龍空あるあるなんだけど、シンプルに足の速さは普通という。大島と岡林が速いから余計に目立つ😀,土田龍空あるあるなんだけど、シンプルに足の速さは普通という。大島と岡林が速いから余計に目立つ😀,2026年の観察投稿は、土田の足の速さを普通と評価する。,2026年の観察投稿は、土田の足の速さを普通と評価する。,CURRENT_2026,CURRENT_2026,CURRENT_SUPPORT,current,DIRECT_COMPARATIVE_SPEED_OBSERVATION,MODERATE,X_AUTHOR_n2929ikukyuu,true,ACCEPTED,,true,false,false,,,RETRIEVED_BY_GROK_X_X_SEARCH,SINGLE_RETURNED_URL
GXSR100,土田 龍空,中日ドラゴンズ,P011,TYPE_A_CURRENT_SAMPLE_INSTABILITY,GROK_X_SUPPLEMENT,X_TWITTER,SNS,@yasu_zehn,,@yasu_zehn,2054869070378586471,https://x.com/yasu_zehn/status/2054869070378586471,https://x.com/yasu_zehn/status/2054869070378586471,2026-05-14,2026-05-14,DAY_RETURNED_BY_GROK_X,2026-08-10T11:59:32.182Z,"X（Twitter）の実在する投稿だけを検索してください。
対象選手は日本プロ野球の「土田 龍空」です。投稿本文に「土田 龍空」または明確に同選手を指す表記を実際に含むものだけにしてください。
検索観点: 「俊足」など、身体的running abilityを指す直接評価。
優先期間は2026年、次に2025年、次に2024年です。
採用候補は、野球で一歩目から約90ftまで走る純粋な身体的running ability（足の速さ、直線速度、加速、全力疾走、以前より足が落ちた等）への直接言及だけです。
盗塁、盗塁数、走塁判断、スタート技術、内野安打、三塁打、守備範囲、バント後の一塁到達、ゲーム査定だけの投稿は返さないでください。
各結果は、実在するx.com/status URL、@handle、投稿本文の必要最小限の原文、投稿日時を必ず付けてください。条件を満たす投稿がなければ「Nothing found」とだけ答えてください。推測・要約・無関係な投稿は返さないでください。","[""speed"",""speedster""]","[""GXQ020"",""GXQ022""]",data/manual/speed_2026_grok_x_search_receipts_20260810.json,例えば田中幹也はあの脚力とスピードを存分に活かしてすごいプレーしてるけど、土田龍空はその足の遅さでなんでそんなプレーできるんやって思うし打球感とかそういうのが天才なんやと思う,例えば田中幹也はあの脚力とスピードを存分に活かしてすごいプレーしてるけど、土田龍空はその足の遅さでなんでそんなプレーできるんやって思うし打球感とかそういうのが天才なんやと思う,2026年の観察投稿は、土田の足を遅い側として述べる。,2026年の観察投稿は、土田の足を遅い側として述べる。,CURRENT_2026,CURRENT_2026,SLOWER,slower,DIRECT_COMPARATIVE_SPEED_OBSERVATION,MODERATE,X_AUTHOR_yasu_zehn,true,ACCEPTED,,true,false,false,,,RETRIEVED_BY_GROK_X_X_SEARCH,SINGLE_RETURNED_URL
GXSR101,土田 龍空,中日ドラゴンズ,P011,TYPE_A_CURRENT_SAMPLE_INSTABILITY,GROK_X_SUPPLEMENT,X_TWITTER,REJECTED_CANDIDATE,@Tayousei_dayo,,@Tayousei_dayo,2068822689092129103,https://x.com/Tayousei_dayo/status/2068822689092129103,https://x.com/Tayousei_dayo/status/2068822689092129103,2026-06-21 22:25:40 GMT,2026-06-21,TIMESTAMP_RETURNED_BY_GROK_X,2026-08-10T11:59:46.760Z,"X（Twitter）の実在する投稿だけを検索してください。
対象選手は日本プロ野球の「土田 龍空」です。投稿本文に「土田 龍空」または明確に同選手を指す表記を実際に含むものだけにしてください。
検索観点: 2026年の「足」「俊足」「走力」「スピード」「全力疾走」の直接的な身体速度評価。
優先期間は2026年の投稿です。2026年に見つからない場合だけ、2024–2026年で明示的に日付が分かる投稿を返してください。
採用候補は、野球で一歩目から約90ftまで走る純粋な身体的running ability（足の速さ、直線速度、加速、全力疾走、以前より足が落ちた等）への直接言及だけです。
盗塁、盗塁数、走塁判断、スタート技術、内野安打、三塁打、守備範囲、バント後の一塁到達、ゲーム査定だけの投稿は返さないでください。
各結果は、実在するx.com/status URL、@handle、投稿本文の必要最小限の原文、投稿日時を必ず付けてください。条件を満たす投稿がなければ「Nothing found」とだけ答えてください。推測・要約・無関係な投稿は返さないでください。","[""year_2026""]","[""GXQ025""]",data/manual/speed_2026_grok_x_search_receipts_20260810.json,土田龍空から学んでくれ、普通に 足が早いのはすごく強みなんだから,土田龍空から学んでくれ、普通に 足が早いのはすごく強みなんだから,,,CURRENT_2026,CURRENT_2026,NON_DIRECTIONAL,not_directional,NOT_ACCEPTED_AFTER_REVIEW,NONE_FOR_ACCEPTANCE,X_AUTHOR_Tayousei_dayo,false,REJECTED,NO_CLEAR_DIRECT_PHYSICAL_SPEED_CLAIM,false,false,false,,,RETRIEVED_BY_GROK_X_X_SEARCH,SINGLE_RETURNED_URL
GXSR102,土田 龍空,中日ドラゴンズ,P011,TYPE_A_CURRENT_SAMPLE_INSTABILITY,GROK_X_SUPPLEMENT,X_TWITTER,REJECTED_CANDIDATE,@pttt0gqm,,@pttt0gqm,2080907150042501612,https://x.com/pttt0gqm/status/2080907150042501612,https://x.com/pttt0gqm/status/2080907150042501612,2026-07-25 06:45:00 GMT,2026-07-25,TIMESTAMP_RETURNED_BY_GROK_X,2026-08-10T11:59:46.760Z,"X（Twitter）の実在する投稿だけを検索してください。
対象選手は日本プロ野球の「土田 龍空」です。投稿本文に「土田 龍空」または明確に同選手を指す表記を実際に含むものだけにしてください。
検索観点: 2026年の「足」「俊足」「走力」「スピード」「全力疾走」の直接的な身体速度評価。
優先期間は2026年の投稿です。2026年に見つからない場合だけ、2024–2026年で明示的に日付が分かる投稿を返してください。
採用候補は、野球で一歩目から約90ftまで走る純粋な身体的running ability（足の速さ、直線速度、加速、全力疾走、以前より足が落ちた等）への直接言及だけです。
盗塁、盗塁数、走塁判断、スタート技術、内野安打、三塁打、守備範囲、バント後の一塁到達、ゲーム査定だけの投稿は返さないでください。
各結果は、実在するx.com/status URL、@handle、投稿本文の必要最小限の原文、投稿日時を必ず付けてください。条件を満たす投稿がなければ「Nothing found」とだけ答えてください。推測・要約・無関係な投稿は返さないでください。","[""year_2026""]","[""GXQ025""]",data/manual/speed_2026_grok_x_search_receipts_20260810.json,爆発的走力があれば案外何とかなるけどなこれ 中村奨成といい土田龍空といい森敬斗といい短期間で3人も出来てるし再現性自体はあるよ,爆発的走力があれば案外何とかなるけどなこれ 中村奨成といい土田龍空といい森敬斗といい短期間で3人も出来てるし再現性自体はあるよ,,,CURRENT_2026,CURRENT_2026,NON_DIRECTIONAL,not_directional,NOT_ACCEPTED_AFTER_REVIEW,NONE_FOR_ACCEPTANCE,X_AUTHOR_pttt0gqm,false,REJECTED,GENERIC_OR_AMBIGUOUS_SPEED_LABEL_NOT_SUFFICIENT_FOR_ACCEPTANCE,false,false,false,,,RETRIEVED_BY_GROK_X_X_SEARCH,SINGLE_RETURNED_URL
GXSR103,藤岡 裕大,千葉ロッテマリーンズ,P037,TYPE_A_CURRENT_SAMPLE_INSTABILITY,GROK_X_SUPPLEMENT,X_TWITTER,REJECTED_CANDIDATE,@BlackMarines,,@BlackMarines,1813549311038472198,https://x.com/BlackMarines/status/1813549311038472198,https://x.com/BlackMarines/status/1813549311038472198,2024-07-17 12:20:24 GMT,2024-07-17,TIMESTAMP_RETURNED_BY_GROK_X,2026-08-10T12:34:27.148Z,"X（Twitter）の実在する投稿だけを検索してください。
対象選手は日本プロ野球の「藤岡 裕大」です。投稿本文に「藤岡 裕大」または明確に同選手を指す表記を実際に含むものだけにしてください。
検索観点: 「スピード」「直線速度」「加速」など、走る速さへの直接評価。
優先期間は2026年、次に2025年、次に2024年です。
採用候補は、野球で一歩目から約90ftまで走る純粋な身体的running ability（足の速さ、直線速度、加速、全力疾走、以前より足が落ちた等）への直接言及だけです。
盗塁、盗塁数、走塁判断、スタート技術、内野安打、三塁打、守備範囲、バント後の一塁到達、ゲーム査定だけの投稿は返さないでください。
各結果は、実在するx.com/status URL、@handle、投稿本文の必要最小限の原文、投稿日時を必ず付けてください。条件を満たす投稿がなければ「Nothing found」とだけ答えてください。推測・要約・無関係な投稿は返さないでください。","[""speed""]","[""GXQ067""]",data/manual/speed_2026_grok_x_search_receipts_20260810.json,一年半前くらいから明らかにピークを過ぎた中村奨吾、結局色んな人の猿真似をしながら何者にもなれずに中途半端な福浦崩れに戻った安田尚憲、遅筋を付けすぎて守備においても打撃においてもスピードを欠いた貪重な近藤もどきと化した藤岡裕大、続,一年半前くらいから明らかにピークを過ぎた中村奨吾、結局色んな人の猿真似をしながら何者にもなれずに中途半端な福浦崩れに戻った安田尚憲、遅筋を付けすぎて守備においても打撃においてもスピードを欠いた貪重な近藤もどきと化した藤岡裕大、続,,,CONTEMPORARY_2024_HISTORICAL_CONTEXT,CONTEMPORARY_2024_HISTORICAL_CONTEXT,SLOWER,slower,NOT_ACCEPTED_AFTER_REVIEW,NONE_FOR_ACCEPTANCE,X_AUTHOR_BlackMarines,false,REJECTED,GENERIC_OR_AMBIGUOUS_SPEED_LABEL_NOT_SUFFICIENT_FOR_ACCEPTANCE,false,false,false,,,RETRIEVED_BY_GROK_X_X_SEARCH,SINGLE_RETURNED_URL
GXSR104,藤岡 裕大,千葉ロッテマリーンズ,P037,TYPE_A_CURRENT_SAMPLE_INSTABILITY,GROK_X_SUPPLEMENT,X_TWITTER,SNS,@hryr_shkt,,@hryr_shkt,1818281774700716047,https://x.com/hryr_shkt/status/1818281774700716047,https://x.com/hryr_shkt/status/1818281774700716047,2024-07-30 13:45:31 GMT,2024-07-30,TIMESTAMP_RETURNED_BY_GROK_X,2026-08-10T12:34:27.148Z,"X（Twitter）の実在する投稿だけを検索してください。
対象選手は日本プロ野球の「藤岡 裕大」です。投稿本文に「藤岡 裕大」または明確に同選手を指す表記を実際に含むものだけにしてください。
検索観点: 「スピード」「直線速度」「加速」など、走る速さへの直接評価。
優先期間は2026年、次に2025年、次に2024年です。
採用候補は、野球で一歩目から約90ftまで走る純粋な身体的running ability（足の速さ、直線速度、加速、全力疾走、以前より足が落ちた等）への直接言及だけです。
盗塁、盗塁数、走塁判断、スタート技術、内野安打、三塁打、守備範囲、バント後の一塁到達、ゲーム査定だけの投稿は返さないでください。
各結果は、実在するx.com/status URL、@handle、投稿本文の必要最小限の原文、投稿日時を必ず付けてください。条件を満たす投稿がなければ「Nothing found」とだけ答えてください。推測・要約・無関係な投稿は返さないでください。","[""speed""]","[""GXQ067""]",data/manual/speed_2026_grok_x_search_receipts_20260810.json,藤岡裕大さんの守備範囲と足の速さ落ちてる……？大丈夫……？,藤岡裕大さんの守備範囲と足の速さ落ちてる……？大丈夫……？,2024年の投稿は、藤岡の足の速さが落ちた可能性を直接問題にする。,2024年の投稿は、藤岡の足の速さが落ちた可能性を直接問題にする。,CONTEMPORARY_2024_HISTORICAL_CONTEXT,CONTEMPORARY_2024_HISTORICAL_CONTEXT,SLOWER,slower,DIRECT_OBSERVED_POSSIBLE_SPEED_DECLINE,MODERATE_HISTORICAL,X_AUTHOR_hryr_shkt,true,ACCEPTED,,true,false,false,,,RETRIEVED_BY_GROK_X_X_SEARCH,SINGLE_RETURNED_URL
GXSR105,藤岡 裕大,千葉ロッテマリーンズ,P037,TYPE_A_CURRENT_SAMPLE_INSTABILITY,GROK_X_SUPPLEMENT,X_TWITTER,REJECTED_CANDIDATE,@mosamosa1216,,@mosamosa1216,1935626258051919993,https://x.com/mosamosa1216/status/1935626258051919993,https://x.com/mosamosa1216/status/1935626258051919993,2025-06-19 09:10:36 GMT,2025-06-19,TIMESTAMP_RETURNED_BY_GROK_X,2026-08-10T12:34:26.978Z,"X（Twitter）の実在する投稿だけを検索してください。
対象選手は日本プロ野球の「藤岡 裕大」です。投稿本文に「藤岡 裕大」または明確に同選手を指す表記を実際に含むものだけにしてください。
検索観点: 「足が遅い」「遅い」「鈍足」など、身体的running abilityの低下又は遅さへの直接評価。
優先期間は2026年、次に2025年、次に2024年です。
採用候補は、野球で一歩目から約90ftまで走る純粋な身体的running ability（足の速さ、直線速度、加速、全力疾走、以前より足が落ちた等）への直接言及だけです。
盗塁、盗塁数、走塁判断、スタート技術、内野安打、三塁打、守備範囲、バント後の一塁到達、ゲーム査定だけの投稿は返さないでください。
各結果は、実在するx.com/status URL、@handle、投稿本文の必要最小限の原文、投稿日時を必ず付けてください。条件を満たす投稿がなければ「Nothing found」とだけ答えてください。推測・要約・無関係な投稿は返さないでください。","[""slow""]","[""GXQ068""]",data/manual/speed_2026_grok_x_search_receipts_20260810.json,,,,,CURRENT_2025,CURRENT_2025,NON_DIRECTIONAL,not_directional,INCOMPLETE_RETURNED_METADATA,NONE_FOR_ACCEPTANCE,X_AUTHOR_mosamosa1216,false,REJECTED,MISSING_VERIFIABLE_POST_TEXT_OR_TIMESTAMP,false,false,false,,,POST_METADATA_INCOMPLETE_NOT_TREATED_AS_CONFIRMED_POST,SINGLE_RETURNED_URL
GXSR106,藤岡 裕大,千葉ロッテマリーンズ,P037,TYPE_A_CURRENT_SAMPLE_INSTABILITY,GROK_X_SUPPLEMENT,X_TWITTER,REJECTED_CANDIDATE,@LOTTE_Nicha____,,@LOTTE_Nicha____,1935990810061025464,https://x.com/LOTTE_Nicha____/status/1935990810061025464,https://x.com/LOTTE_Nicha____/status/1935990810061025464,2025-06-20 09:19:12 GMT,2025-06-20,TIMESTAMP_RETURNED_BY_GROK_X,2026-08-10T12:34:20.117Z,"X（Twitter）の実在する投稿だけを検索してください。
対象選手は日本プロ野球の「藤岡 裕大」です。投稿本文に「藤岡 裕大」または明確に同選手を指す表記を実際に含むものだけにしてください。
検索観点: 「走力」「脚力」など、身体的な走る能力への直接評価。
優先期間は2026年、次に2025年、次に2024年です。
採用候補は、野球で一歩目から約90ftまで走る純粋な身体的running ability（足の速さ、直線速度、加速、全力疾走、以前より足が落ちた等）への直接言及だけです。
盗塁、盗塁数、走塁判断、スタート技術、内野安打、三塁打、守備範囲、バント後の一塁到達、ゲーム査定だけの投稿は返さないでください。
各結果は、実在するx.com/status URL、@handle、投稿本文の必要最小限の原文、投稿日時を必ず付けてください。条件を満たす投稿がなければ「Nothing found」とだけ答えてください。推測・要約・無関係な投稿は返さないでください。","[""running_ability""]","[""GXQ066""]",data/manual/speed_2026_grok_x_search_receipts_20260810.json,ところで藤岡裕大さんの走力に称号つけて+3とかできないの？,ところで藤岡裕大さんの走力に称号つけて+3とかできないの？,,,CURRENT_2025,CURRENT_2025,NON_DIRECTIONAL,not_directional,NOT_ACCEPTED_AFTER_REVIEW,NONE_FOR_ACCEPTANCE,X_AUTHOR_LOTTE_Nicha____,false,REJECTED,GENERIC_OR_AMBIGUOUS_SPEED_LABEL_NOT_SUFFICIENT_FOR_ACCEPTANCE,false,false,false,,,RETRIEVED_BY_GROK_X_X_SEARCH,SINGLE_RETURNED_URL
GXSR107,藤岡 裕大,千葉ロッテマリーンズ,P037,TYPE_A_CURRENT_SAMPLE_INSTABILITY,GROK_X_SUPPLEMENT,X_TWITTER,SNS,@marinittai836,,@marinittai836,1947266818105643228,https://x.com/marinittai836/status/1947266818105643228,https://x.com/marinittai836/status/1947266818105643228,2025-07-21 12:06:02 GMT,2025-07-21,TIMESTAMP_RETURNED_BY_GROK_X,2026-08-10T12:34:20.117Z,"X（Twitter）の実在する投稿だけを検索してください。
対象選手は日本プロ野球の「藤岡 裕大」です。投稿本文に「藤岡 裕大」または明確に同選手を指す表記を実際に含むものだけにしてください。
検索観点: 「走力」「脚力」など、身体的な走る能力への直接評価。
優先期間は2026年、次に2025年、次に2024年です。
採用候補は、野球で一歩目から約90ftまで走る純粋な身体的running ability（足の速さ、直線速度、加速、全力疾走、以前より足が落ちた等）への直接言及だけです。
盗塁、盗塁数、走塁判断、スタート技術、内野安打、三塁打、守備範囲、バント後の一塁到達、ゲーム査定だけの投稿は返さないでください。
各結果は、実在するx.com/status URL、@handle、投稿本文の必要最小限の原文、投稿日時を必ず付けてください。条件を満たす投稿がなければ「Nothing found」とだけ答えてください。推測・要約・無関係な投稿は返さないでください。","[""running_ability""]","[""GXQ066""]",data/manual/speed_2026_grok_x_search_receipts_20260810.json,前半の誤算は岡大海と藤岡裕大かな。藤岡は前から脚力落ちてたが、岡も守備走塁の劣化が顕著になって野手としての計算がしにくくなった。,前半の誤算は岡大海と藤岡裕大かな。藤岡は前から脚力落ちてたが、岡も守備走塁の劣化が顕著になって野手としての計算がしにくくなった。,2025年の投稿は、藤岡の脚力が以前から落ちたと述べる。,2025年の投稿は、藤岡の脚力が以前から落ちたと述べる。,CURRENT_2025_TEMPORAL_DECLINE,CURRENT_2025_TEMPORAL_DECLINE,SLOWER,slower,EXPLICIT_TEMPORAL_PHYSICAL_SPEED_DECLINE,MODERATE,X_AUTHOR_marinittai836,true,ACCEPTED,,true,false,false,,,RETRIEVED_BY_GROK_X_X_SEARCH,SINGLE_RETURNED_URL
GXSR108,藤岡 裕大,千葉ロッテマリーンズ,P037,TYPE_A_CURRENT_SAMPLE_INSTABILITY,GROK_X_SUPPLEMENT,X_TWITTER,REJECTED_CANDIDATE,@Y_Marines_26,,@Y_Marines_26,1955583711711547601,https://x.com/Y_Marines_26/status/1955583711711547601,https://x.com/Y_Marines_26/status/1955583711711547601,,,NOT_RETURNED,2026-08-10T12:34:39.797Z,"X（Twitter）の実在する投稿だけを検索してください。
対象選手は日本プロ野球の「藤岡 裕大」です。投稿本文に「藤岡 裕大」または明確に同選手を指す表記を実際に含むものだけにしてください。
検索観点: 「走力」「脚力」など、身体的な走る能力への直接評価。
優先期間は2026年、次に2025年、次に2024年です。
採用候補は、野球で一歩目から約90ftまで走る純粋な身体的running ability（足の速さ、直線速度、加速、全力疾走、以前より足が落ちた等）への直接言及だけです。
盗塁、盗塁数、走塁判断、スタート技術、内野安打、三塁打、守備範囲、バント後の一塁到達、ゲーム査定だけの投稿は返さないでください。
各結果は、実在するx.com/status URL、@handle、投稿本文の必要最小限の原文、投稿日時を必ず付けてください。条件を満たす投稿がなければ「Nothing found」とだけ答えてください。推測・要約・無関係な投稿は返さないでください。","[""all_out_run"",""running_ability""]","[""GXQ066"",""GXQ069""]",data/manual/speed_2026_grok_x_search_receipts_20260810.json,: 6回、セカンド併殺打 藤岡裕大、全力疾走してない。船下りよう,: 6回、セカンド併殺打 藤岡裕大、全力疾走してない。船下りよう,,,UNVERIFIED_TEMPORAL_CONTEXT,UNVERIFIED_TEMPORAL_CONTEXT,NON_DIRECTIONAL,not_directional,INCOMPLETE_RETURNED_METADATA,NONE_FOR_ACCEPTANCE,X_AUTHOR_Y_Marines_26,false,REJECTED,MISSING_VERIFIABLE_POST_TEXT_OR_TIMESTAMP,false,false,false,,,POST_METADATA_INCOMPLETE_NOT_TREATED_AS_CONFIRMED_POST,SINGLE_RETURNED_URL
GXSR109,藤岡 裕大,千葉ロッテマリーンズ,P037,TYPE_A_CURRENT_SAMPLE_INSTABILITY,GROK_X_SUPPLEMENT,X_TWITTER,REJECTED_CANDIDATE,@Y_Marines_26,,@Y_Marines_26,1967517436858757269,https://x.com/Y_Marines_26/status/1967517436858757269,https://x.com/Y_Marines_26/status/1967517436858757269,,,NOT_RETURNED,2026-08-10T12:34:39.797Z,"X（Twitter）の実在する投稿だけを検索してください。
対象選手は日本プロ野球の「藤岡 裕大」です。投稿本文に「藤岡 裕大」または明確に同選手を指す表記を実際に含むものだけにしてください。
検索観点: 「走力」「脚力」など、身体的な走る能力への直接評価。
優先期間は2026年、次に2025年、次に2024年です。
採用候補は、野球で一歩目から約90ftまで走る純粋な身体的running ability（足の速さ、直線速度、加速、全力疾走、以前より足が落ちた等）への直接言及だけです。
盗塁、盗塁数、走塁判断、スタート技術、内野安打、三塁打、守備範囲、バント後の一塁到達、ゲーム査定だけの投稿は返さないでください。
各結果は、実在するx.com/status URL、@handle、投稿本文の必要最小限の原文、投稿日時を必ず付けてください。条件を満たす投稿がなければ「Nothing found」とだけ答えてください。推測・要約・無関係な投稿は返さないでください。","[""all_out_run"",""running_ability""]","[""GXQ066"",""GXQ069""]",data/manual/speed_2026_grok_x_search_receipts_20260810.json,: 藤岡裕大について、得点圏打率は低い（代打に不向き）守備固め要員でも代走要員でもない、全力疾走できない『キャプテンだけ』って事で1軍帯同させ続けてるなら愚策,: 藤岡裕大について、得点圏打率は低い（代打に不向き）守備固め要員でも代走要員でもない、全力疾走できない『キャプテンだけ』って事で1軍帯同させ続けてるなら愚策,,,UNVERIFIED_TEMPORAL_CONTEXT,UNVERIFIED_TEMPORAL_CONTEXT,NON_DIRECTIONAL,not_directional,INCOMPLETE_RETURNED_METADATA,NONE_FOR_ACCEPTANCE,X_AUTHOR_Y_Marines_26,false,REJECTED,MISSING_VERIFIABLE_POST_TEXT_OR_TIMESTAMP,false,false,false,,,POST_METADATA_INCOMPLETE_NOT_TREATED_AS_CONFIRMED_POST,SINGLE_RETURNED_URL
GXSR110,藤岡 裕大,千葉ロッテマリーンズ,P037,TYPE_A_CURRENT_SAMPLE_INSTABILITY,GROK_X_SUPPLEMENT,X_TWITTER,SNS,@baseball_lili,,@baseball_lili,2005626940854874273,https://x.com/baseball_lili/status/2005626940854874273,https://x.com/baseball_lili/status/2005626940854874273,2025-12-29 13:08:20 GMT,2025-12-29,TIMESTAMP_RETURNED_BY_GROK_X,2026-08-10T12:34:27.148Z,"X（Twitter）の実在する投稿だけを検索してください。
対象選手は日本プロ野球の「藤岡 裕大」です。投稿本文に「藤岡 裕大」または明確に同選手を指す表記を実際に含むものだけにしてください。
検索観点: 「スピード」「直線速度」「加速」など、走る速さへの直接評価。
優先期間は2026年、次に2025年、次に2024年です。
採用候補は、野球で一歩目から約90ftまで走る純粋な身体的running ability（足の速さ、直線速度、加速、全力疾走、以前より足が落ちた等）への直接言及だけです。
盗塁、盗塁数、走塁判断、スタート技術、内野安打、三塁打、守備範囲、バント後の一塁到達、ゲーム査定だけの投稿は返さないでください。
各結果は、実在するx.com/status URL、@handle、投稿本文の必要最小限の原文、投稿日時を必ず付けてください。条件を満たす投稿がなければ「Nothing found」とだけ答えてください。推測・要約・無関係な投稿は返さないでください。","[""speed""]","[""GXQ067""]",data/manual/speed_2026_grok_x_search_receipts_20260810.json,藤岡裕大はサードかショートだよな セカンドしっくりこないは 肩強くて足は普通なイメージ セカンドはある程度スピードある人がなるイメージ,藤岡裕大はサードかショートだよな セカンドしっくりこないは 肩強くて足は普通なイメージ セカンドはある程度スピードある人がなるイメージ,2025年の投稿は、藤岡の足を普通と評価する。,2025年の投稿は、藤岡の足を普通と評価する。,CURRENT_2025,CURRENT_2025,CURRENT_SUPPORT,current,GENERIC_CURRENT_SPEED_PROFILE,LOW,X_AUTHOR_baseball_lili,true,ACCEPTED,,true,false,false,,,RETRIEVED_BY_GROK_X_X_SEARCH,SINGLE_RETURNED_URL
GXSR111,藤岡 裕大,千葉ロッテマリーンズ,P037,TYPE_A_CURRENT_SAMPLE_INSTABILITY,GROK_X_SUPPLEMENT,X_TWITTER,REJECTED_CANDIDATE,@mariiiinsfuck,,@mariiiinsfuck,2043200297158459507,https://x.com/mariiiinsfuck/status/2043200297158459507,https://x.com/mariiiinsfuck/status/2043200297158459507,,,NOT_RETURNED,2026-08-10T12:34:40.791Z,"X（Twitter）の実在する投稿だけを検索してください。
対象選手は日本プロ野球の「藤岡 裕大」です。投稿本文に「藤岡 裕大」または明確に同選手を指す表記を実際に含むものだけにしてください。
検索観点: 「走力」「脚力」など、身体的な走る能力への直接評価。
優先期間は2026年、次に2025年、次に2024年です。
採用候補は、野球で一歩目から約90ftまで走る純粋な身体的running ability（足の速さ、直線速度、加速、全力疾走、以前より足が落ちた等）への直接言及だけです。
盗塁、盗塁数、走塁判断、スタート技術、内野安打、三塁打、守備範囲、バント後の一塁到達、ゲーム査定だけの投稿は返さないでください。
各結果は、実在するx.com/status URL、@handle、投稿本文の必要最小限の原文、投稿日時を必ず付けてください。条件を満たす投稿がなければ「Nothing found」とだけ答えてください。推測・要約・無関係な投稿は返さないでください。","[""all_out_run"",""running_ability"",""year_2026""]","[""GXQ066"",""GXQ069"",""GXQ070""]",data/manual/speed_2026_grok_x_search_receipts_20260810.json,: チームを負けに導く藤岡裕大さん。せめて全力疾走しろよ。,: チームを負けに導く藤岡裕大さん。せめて全力疾走しろよ。,,,UNVERIFIED_TEMPORAL_CONTEXT,UNVERIFIED_TEMPORAL_CONTEXT,NON_DIRECTIONAL,not_directional,INCOMPLETE_RETURNED_METADATA,NONE_FOR_ACCEPTANCE,X_AUTHOR_mariiiinsfuck,false,REJECTED,MISSING_VERIFIABLE_POST_TEXT_OR_TIMESTAMP,false,false,false,,,POST_METADATA_INCOMPLETE_NOT_TREATED_AS_CONFIRMED_POST,SINGLE_RETURNED_URL
GXSR112,梅野 隆太郎,阪神タイガース,P099,TYPE_A_CURRENT_SAMPLE_INSTABILITY,GROK_X_SUPPLEMENT,X_TWITTER,SNS,@jun_sky_walkers,,@jun_sky_walkers,1830902587383861592,https://x.com/jun_sky_walkers/status/1830902587383861592,https://x.com/jun_sky_walkers/status/1830902587383861592,2024-09-03,2024-09-03,DAY_RETURNED_BY_GROK_X,2026-08-10T12:43:37.735Z,"X（Twitter）の実在する投稿だけを検索してください。
対象選手は日本プロ野球の「梅野 隆太郎」です。投稿本文に「梅野 隆太郎」または明確に同選手を指す表記を実際に含むものだけにしてください。
検索観点: 「足が遅い」「遅い」「鈍足」など、身体的running abilityの低下又は遅さへの直接評価。
優先期間は2026年、次に2025年、次に2024年です。
採用候補は、野球で一歩目から約90ftまで走る純粋な身体的running ability（足の速さ、直線速度、加速、全力疾走、以前より足が落ちた等）への直接言及だけです。
盗塁、盗塁数、走塁判断、スタート技術、内野安打、三塁打、守備範囲、バント後の一塁到達、ゲーム査定だけの投稿は返さないでください。
各結果は、実在するx.com/status URL、@handle、投稿本文の必要最小限の原文、投稿日時を必ず付けてください。条件を満たす投稿がなければ「Nothing found」とだけ答えてください。推測・要約・無関係な投稿は返さないでください。","[""slow""]","[""GXQ167""]",data/manual/speed_2026_grok_x_search_receipts_20260810.json,意外と足遅いな梅野隆太郎。,意外と足遅いな梅野隆太郎。,2024年の投稿は、梅野の足を遅いと明示する。,2024年の投稿は、梅野の足を遅いと明示する。,CONTEMPORARY_2024_HISTORICAL_CONTEXT,CONTEMPORARY_2024_HISTORICAL_CONTEXT,SLOWER,slower,EXPLICIT_PHYSICAL_SPEED_LABEL,MODERATE_HISTORICAL,X_AUTHOR_jun_sky_walkers,true,ACCEPTED,,true,false,false,,,RETRIEVED_BY_GROK_X_X_SEARCH,SINGLE_RETURNED_URL
GXSR113,梅野 隆太郎,阪神タイガース,P099,TYPE_A_CURRENT_SAMPLE_INSTABILITY,GROK_X_SUPPLEMENT,X_TWITTER,REJECTED_CANDIDATE,@martesuperuna,,@martesuperuna,1871212154067755104,https://x.com/martesuperuna/status/1871212154067755104,https://x.com/martesuperuna/status/1871212154067755104,2024-12-23 15:11:57 GMT,2024-12-23,TIMESTAMP_RETURNED_BY_GROK_X,2026-08-10T12:43:24.927Z,"X（Twitter）の実在する投稿だけを検索してください。
対象選手は日本プロ野球の「梅野 隆太郎」です。投稿本文に「梅野 隆太郎」または明確に同選手を指す表記を実際に含むものだけにしてください。
検索観点: 「俊足」など、身体的running abilityを指す直接評価。
優先期間は2026年、次に2025年、次に2024年です。
採用候補は、野球で一歩目から約90ftまで走る純粋な身体的running ability（足の速さ、直線速度、加速、全力疾走、以前より足が落ちた等）への直接言及だけです。
盗塁、盗塁数、走塁判断、スタート技術、内野安打、三塁打、守備範囲、バント後の一塁到達、ゲーム査定だけの投稿は返さないでください。
各結果は、実在するx.com/status URL、@handle、投稿本文の必要最小限の原文、投稿日時を必ず付けてください。条件を満たす投稿がなければ「Nothing found」とだけ答えてください。推測・要約・無関係な投稿は返さないでください。","[""speedster""]","[""GXQ164""]",data/manual/speed_2026_grok_x_search_receipts_20260810.json,俊足野手なら梅野隆太郎がいるやろ,俊足野手なら梅野隆太郎がいるやろ,,,CONTEMPORARY_2024_HISTORICAL_CONTEXT,CONTEMPORARY_2024_HISTORICAL_CONTEXT,FASTER,faster,NOT_ACCEPTED_AFTER_REVIEW,NONE_FOR_ACCEPTANCE,X_AUTHOR_martesuperuna,false,REJECTED,GENERIC_OR_AMBIGUOUS_SPEED_LABEL_NOT_SUFFICIENT_FOR_ACCEPTANCE,false,false,false,,,RETRIEVED_BY_GROK_X_X_SEARCH,SINGLE_RETURNED_URL
GXSR114,梅野 隆太郎,阪神タイガース,P099,TYPE_A_CURRENT_SAMPLE_INSTABILITY,GROK_X_SUPPLEMENT,X_TWITTER,SNS,@NobuK45346192,,@NobuK45346192,2060952602855276715,https://x.com/NobuK45346192/status/2060952602855276715,https://x.com/NobuK45346192/status/2060952602855276715,2026-05-31 05:12:45 GMT,2026-05-31,TIMESTAMP_RETURNED_BY_GROK_X,2026-08-10T12:43:34.428Z,"X（Twitter）の実在する投稿だけを検索してください。
対象選手は日本プロ野球の「梅野 隆太郎」です。投稿本文に「梅野 隆太郎」または明確に同選手を指す表記を実際に含むものだけにしてください。
検索観点: 「足が速い」「速い足」「快足」など、速さそのものへの直接評価。
優先期間は2026年、次に2025年、次に2024年です。
採用候補は、野球で一歩目から約90ftまで走る純粋な身体的running ability（足の速さ、直線速度、加速、全力疾走、以前より足が落ちた等）への直接言及だけです。
盗塁、盗塁数、走塁判断、スタート技術、内野安打、三塁打、守備範囲、バント後の一塁到達、ゲーム査定だけの投稿は返さないでください。
各結果は、実在するx.com/status URL、@handle、投稿本文の必要最小限の原文、投稿日時を必ず付けてください。条件を満たす投稿がなければ「Nothing found」とだけ答えてください。推測・要約・無関係な投稿は返さないでください。","[""fast"",""speed"",""speedster""]","[""GXQ163"",""GXQ164"",""GXQ166""]",data/manual/speed_2026_grok_x_search_receipts_20260810.json,"梅野隆太郎
足が速いことも覚えておいてほしい","梅野隆太郎
足が速いことも覚えておいてほしい",2026年の投稿は、梅野に足の速さがあると明示する。,2026年の投稿は、梅野に足の速さがあると明示する。,CURRENT_2026,CURRENT_2026,FASTER,faster,EXPLICIT_CURRENT_PHYSICAL_SPEED_LABEL,MODERATE,X_EVENT_20260531_UMENO_SPEED_DISCUSSION,true,ACCEPTED,,true,false,false,,,RETRIEVED_BY_GROK_X_X_SEARCH,SINGLE_RETURNED_URL
GXSR115,梅野 隆太郎,阪神タイガース,P099,TYPE_A_CURRENT_SAMPLE_INSTABILITY,GROK_X_SUPPLEMENT,X_TWITTER,REJECTED_CANDIDATE,@Brazell_6_7,,@Brazell_6_7,2060953071811977349,https://x.com/Brazell_6_7/status/2060953071811977349,https://x.com/Brazell_6_7/status/2060953071811977349,2026-05-31 05:14:37 GMT,2026-05-31,TIMESTAMP_RETURNED_BY_GROK_X,2026-08-10T12:43:20.778Z,"X（Twitter）の実在する投稿だけを検索してください。
対象選手は日本プロ野球の「梅野 隆太郎」です。投稿本文に「梅野 隆太郎」または明確に同選手を指す表記を実際に含むものだけにしてください。
検索観点: 「足が速い」「速い足」「快足」など、速さそのものへの直接評価。
優先期間は2026年、次に2025年、次に2024年です。
採用候補は、野球で一歩目から約90ftまで走る純粋な身体的running ability（足の速さ、直線速度、加速、全力疾走、以前より足が落ちた等）への直接言及だけです。
盗塁、盗塁数、走塁判断、スタート技術、内野安打、三塁打、守備範囲、バント後の一塁到達、ゲーム査定だけの投稿は返さないでください。
各結果は、実在するx.com/status URL、@handle、投稿本文の必要最小限の原文、投稿日時を必ず付けてください。条件を満たす投稿がなければ「Nothing found」とだけ答えてください。推測・要約・無関係な投稿は返さないでください。","[""fast""]","[""GXQ163""]",data/manual/speed_2026_grok_x_search_receipts_20260810.json,虎の正捕手で最も足の速い男・梅野隆太郎,虎の正捕手で最も足の速い男・梅野隆太郎,,,CURRENT_2026,CURRENT_2026,FASTER,faster,SAME_EVENT_ORIGIN_DUPLICATE,NONE_FOR_ACCEPTANCE,X_AUTHOR_Brazell_6_7,false,REJECTED,SAME_EVENT_ORIGIN_DUPLICATE_OF_2060952602855276715,false,true,false,2060952602855276715,,RETRIEVED_BY_GROK_X_X_SEARCH,SINGLE_RETURNED_URL
GXSR116,並木 秀尊,東京ヤクルトスワローズ,P054,TYPE_A_CURRENT_SAMPLE_INSTABILITY,GROK_X_SUPPLEMENT,X_TWITTER,REJECTED_CANDIDATE,@iwakibb,,@iwakibb,1862825373559603230,https://x.com/iwakibb/status/1862825373559603230,https://x.com/iwakibb/status/1862825373559603230,2024-11-30,2024-11-30,DAY_RETURNED_BY_GROK_X,2026-08-10T12:37:57.436Z,"X（Twitter）の実在する投稿だけを検索してください。
対象選手は日本プロ野球の「並木 秀尊」です。投稿本文に「並木 秀尊」または明確に同選手を指す表記を実際に含むものだけにしてください。
検索観点: 2024年の「足」「俊足」「走力」「スピード」「全力疾走」の直接的な身体速度評価。
優先期間は2024年の投稿です。2024年に見つからない場合だけ、2024–2026年で明示的に日付が分かる投稿を返してください。
採用候補は、野球で一歩目から約90ftまで走る純粋な身体的running ability（足の速さ、直線速度、加速、全力疾走、以前より足が落ちた等）への直接言及だけです。
盗塁、盗塁数、走塁判断、スタート技術、内野安打、三塁打、守備範囲、バント後の一塁到達、ゲーム査定だけの投稿は返さないでください。
各結果は、実在するx.com/status URL、@handle、投稿本文の必要最小限の原文、投稿日時を必ず付けてください。条件を満たす投稿がなければ「Nothing found」とだけ答えてください。推測・要約・無関係な投稿は返さないでください。","[""year_2024""]","[""GXQ108""]",data/manual/speed_2026_grok_x_search_receipts_20260810.json,,,,,CONTEMPORARY_2024_HISTORICAL_CONTEXT,CONTEMPORARY_2024_HISTORICAL_CONTEXT,NON_DIRECTIONAL,not_directional,INCOMPLETE_RETURNED_METADATA,NONE_FOR_ACCEPTANCE,X_AUTHOR_iwakibb,false,REJECTED,MISSING_VERIFIABLE_POST_TEXT_OR_TIMESTAMP,false,false,false,,,POST_METADATA_INCOMPLETE_NOT_TREATED_AS_CONFIRMED_POST,SINGLE_RETURNED_URL
GXSR117,並木 秀尊,東京ヤクルトスワローズ,P054,TYPE_A_CURRENT_SAMPLE_INSTABILITY,GROK_X_SUPPLEMENT,X_TWITTER,REJECTED_CANDIDATE,@SVictory82,,@SVictory82,1862863426567180613,https://x.com/SVictory82/status/1862863426567180613,https://x.com/SVictory82/status/1862863426567180613,2024-11-30,2024-11-30,DAY_RETURNED_BY_GROK_X,2026-08-10T12:37:57.436Z,"X（Twitter）の実在する投稿だけを検索してください。
対象選手は日本プロ野球の「並木 秀尊」です。投稿本文に「並木 秀尊」または明確に同選手を指す表記を実際に含むものだけにしてください。
検索観点: 「俊足」など、身体的running abilityを指す直接評価。
優先期間は2026年、次に2025年、次に2024年です。
採用候補は、野球で一歩目から約90ftまで走る純粋な身体的running ability（足の速さ、直線速度、加速、全力疾走、以前より足が落ちた等）への直接言及だけです。
盗塁、盗塁数、走塁判断、スタート技術、内野安打、三塁打、守備範囲、バント後の一塁到達、ゲーム査定だけの投稿は返さないでください。
各結果は、実在するx.com/status URL、@handle、投稿本文の必要最小限の原文、投稿日時を必ず付けてください。条件を満たす投稿がなければ「Nothing found」とだけ答えてください。推測・要約・無関係な投稿は返さないでください。","[""speedster"",""year_2024""]","[""GXQ101"",""GXQ108""]",data/manual/speed_2026_grok_x_search_receipts_20260810.json,: ヤクルト・並木秀尊、「ファン感謝DAY」で俊足みせつけた　脚力自慢のファンと50メートル走で対戦、最後は流して6秒01で1着（中日スポーツ）,: ヤクルト・並木秀尊、「ファン感謝DAY」で俊足みせつけた　脚力自慢のファンと50メートル走で対戦、最後は流して6秒01で1着（中日スポーツ）,,,CONTEMPORARY_2024_HISTORICAL_CONTEXT,CONTEMPORARY_2024_HISTORICAL_CONTEXT,FASTER,faster,PLAY_OUTCOME_OR_TRANSITION,NONE_FOR_ACCEPTANCE,X_AUTHOR_SVictory82,false,REJECTED,PLAY_OUTCOME_OR_TRANSITION_METRIC_NOT_ISOLATED_TO_PHYSICAL_SPEED,false,false,false,,,RETRIEVED_BY_GROK_X_X_SEARCH,SINGLE_RETURNED_URL
GXSR118,並木 秀尊,東京ヤクルトスワローズ,P054,TYPE_A_CURRENT_SAMPLE_INSTABILITY,GROK_X_SUPPLEMENT,X_TWITTER,REJECTED_CANDIDATE,@ys_osfk,,@ys_osfk,1863546351184978306,https://x.com/ys_osfk/status/1863546351184978306,https://x.com/ys_osfk/status/1863546351184978306,2024-12-02,2024-12-02,DAY_RETURNED_BY_GROK_X,2026-08-10T12:37:57.436Z,"X（Twitter）の実在する投稿だけを検索してください。
対象選手は日本プロ野球の「並木 秀尊」です。投稿本文に「並木 秀尊」または明確に同選手を指す表記を実際に含むものだけにしてください。
検索観点: 「俊足」など、身体的running abilityを指す直接評価。
優先期間は2026年、次に2025年、次に2024年です。
採用候補は、野球で一歩目から約90ftまで走る純粋な身体的running ability（足の速さ、直線速度、加速、全力疾走、以前より足が落ちた等）への直接言及だけです。
盗塁、盗塁数、走塁判断、スタート技術、内野安打、三塁打、守備範囲、バント後の一塁到達、ゲーム査定だけの投稿は返さないでください。
各結果は、実在するx.com/status URL、@handle、投稿本文の必要最小限の原文、投稿日時を必ず付けてください。条件を満たす投稿がなければ「Nothing found」とだけ答えてください。推測・要約・無関係な投稿は返さないでください。","[""speedster"",""year_2024""]","[""GXQ101"",""GXQ108""]",data/manual/speed_2026_grok_x_search_receipts_20260810.json,: 西川遥輝 塩見泰隆 並木秀尊 丸山和郁 岩田幸宏 ヤクルト外野手は 12球団トップクラスで足が速い,: 西川遥輝 塩見泰隆 並木秀尊 丸山和郁 岩田幸宏 ヤクルト外野手は 12球団トップクラスで足が速い,,,CONTEMPORARY_2024_HISTORICAL_CONTEXT,CONTEMPORARY_2024_HISTORICAL_CONTEXT,FASTER,faster,NOT_ACCEPTED_AFTER_REVIEW,NONE_FOR_ACCEPTANCE,X_AUTHOR_ys_osfk,false,REJECTED,GENERIC_OR_AMBIGUOUS_SPEED_LABEL_NOT_SUFFICIENT_FOR_ACCEPTANCE,false,false,false,,,RETRIEVED_BY_GROK_X_X_SEARCH,SINGLE_RETURNED_URL
GXSR119,並木 秀尊,東京ヤクルトスワローズ,P054,TYPE_A_CURRENT_SAMPLE_INSTABILITY,GROK_X_SUPPLEMENT,X_TWITTER,REJECTED_CANDIDATE,@miyanishizono,,@miyanishizono,1868867449522975029,https://x.com/miyanishizono/status/1868867449522975029,https://x.com/miyanishizono/status/1868867449522975029,2024-12-17,2024-12-17,DAY_RETURNED_BY_GROK_X,2026-08-10T12:37:57.436Z,"X（Twitter）の実在する投稿だけを検索してください。
対象選手は日本プロ野球の「並木 秀尊」です。投稿本文に「並木 秀尊」または明確に同選手を指す表記を実際に含むものだけにしてください。
検索観点: 2024年の「足」「俊足」「走力」「スピード」「全力疾走」の直接的な身体速度評価。
優先期間は2024年の投稿です。2024年に見つからない場合だけ、2024–2026年で明示的に日付が分かる投稿を返してください。
採用候補は、野球で一歩目から約90ftまで走る純粋な身体的running ability（足の速さ、直線速度、加速、全力疾走、以前より足が落ちた等）への直接言及だけです。
盗塁、盗塁数、走塁判断、スタート技術、内野安打、三塁打、守備範囲、バント後の一塁到達、ゲーム査定だけの投稿は返さないでください。
各結果は、実在するx.com/status URL、@handle、投稿本文の必要最小限の原文、投稿日時を必ず付けてください。条件を満たす投稿がなければ「Nothing found」とだけ答えてください。推測・要約・無関係な投稿は返さないでください。","[""year_2024""]","[""GXQ108""]",data/manual/speed_2026_grok_x_search_receipts_20260810.json,,,,,CONTEMPORARY_2024_HISTORICAL_CONTEXT,CONTEMPORARY_2024_HISTORICAL_CONTEXT,NON_DIRECTIONAL,not_directional,INCOMPLETE_RETURNED_METADATA,NONE_FOR_ACCEPTANCE,X_AUTHOR_miyanishizono,false,REJECTED,MISSING_VERIFIABLE_POST_TEXT_OR_TIMESTAMP,false,false,false,,,POST_METADATA_INCOMPLETE_NOT_TREATED_AS_CONFIRMED_POST,SINGLE_RETURNED_URL
GXSR120,並木 秀尊,東京ヤクルトスワローズ,P054,TYPE_A_CURRENT_SAMPLE_INSTABILITY,GROK_X_SUPPLEMENT,X_TWITTER,REJECTED_CANDIDATE,@midget_ys,,@midget_ys,1940335977115070875,https://x.com/midget_ys/status/1940335977115070875,https://x.com/midget_ys/status/1940335977115070875,2025-07-02,2025-07-02,DAY_RETURNED_BY_GROK_X,2026-08-10T12:37:34.178Z,"X（Twitter）の実在する投稿だけを検索してください。
対象選手は日本プロ野球の「並木 秀尊」です。投稿本文に「並木 秀尊」または明確に同選手を指す表記を実際に含むものだけにしてください。
検索観点: 「スピード」「直線速度」「加速」など、走る速さへの直接評価。
優先期間は2026年、次に2025年、次に2024年です。
採用候補は、野球で一歩目から約90ftまで走る純粋な身体的running ability（足の速さ、直線速度、加速、全力疾走、以前より足が落ちた等）への直接言及だけです。
盗塁、盗塁数、走塁判断、スタート技術、内野安打、三塁打、守備範囲、バント後の一塁到達、ゲーム査定だけの投稿は返さないでください。
各結果は、実在するx.com/status URL、@handle、投稿本文の必要最小限の原文、投稿日時を必ず付けてください。条件を満たす投稿がなければ「Nothing found」とだけ答えてください。推測・要約・無関係な投稿は返さないでください。","[""speed""]","[""GXQ103""]",data/manual/speed_2026_grok_x_search_receipts_20260810.json,,,,,CURRENT_2025,CURRENT_2025,NON_DIRECTIONAL,not_directional,INCOMPLETE_RETURNED_METADATA,NONE_FOR_ACCEPTANCE,X_AUTHOR_midget_ys,false,REJECTED,MISSING_VERIFIABLE_POST_TEXT_OR_TIMESTAMP,false,false,false,,,POST_METADATA_INCOMPLETE_NOT_TREATED_AS_CONFIRMED_POST,SINGLE_RETURNED_URL
GXSR121,並木 秀尊,東京ヤクルトスワローズ,P054,TYPE_A_CURRENT_SAMPLE_INSTABILITY,GROK_X_SUPPLEMENT,X_TWITTER,REJECTED_CANDIDATE,@RiZtyKPkwob0tml,,@RiZtyKPkwob0tml,1940338099818823824,https://x.com/RiZtyKPkwob0tml/status/1940338099818823824,https://x.com/RiZtyKPkwob0tml/status/1940338099818823824,2025-07-02,2025-07-02,DAY_RETURNED_BY_GROK_X,2026-08-10T12:37:34.178Z,"X（Twitter）の実在する投稿だけを検索してください。
対象選手は日本プロ野球の「並木 秀尊」です。投稿本文に「並木 秀尊」または明確に同選手を指す表記を実際に含むものだけにしてください。
検索観点: 「スピード」「直線速度」「加速」など、走る速さへの直接評価。
優先期間は2026年、次に2025年、次に2024年です。
採用候補は、野球で一歩目から約90ftまで走る純粋な身体的running ability（足の速さ、直線速度、加速、全力疾走、以前より足が落ちた等）への直接言及だけです。
盗塁、盗塁数、走塁判断、スタート技術、内野安打、三塁打、守備範囲、バント後の一塁到達、ゲーム査定だけの投稿は返さないでください。
各結果は、実在するx.com/status URL、@handle、投稿本文の必要最小限の原文、投稿日時を必ず付けてください。条件を満たす投稿がなければ「Nothing found」とだけ答えてください。推測・要約・無関係な投稿は返さないでください。","[""speed""]","[""GXQ103""]",data/manual/speed_2026_grok_x_search_receipts_20260810.json,,,,,CURRENT_2025,CURRENT_2025,NON_DIRECTIONAL,not_directional,INCOMPLETE_RETURNED_METADATA,NONE_FOR_ACCEPTANCE,X_AUTHOR_RiZtyKPkwob0tml,false,REJECTED,MISSING_VERIFIABLE_POST_TEXT_OR_TIMESTAMP,false,false,false,,,POST_METADATA_INCOMPLETE_NOT_TREATED_AS_CONFIRMED_POST,SINGLE_RETURNED_URL
GXSR122,並木 秀尊,東京ヤクルトスワローズ,P054,TYPE_A_CURRENT_SAMPLE_INSTABILITY,GROK_X_SUPPLEMENT,X_TWITTER,REJECTED_CANDIDATE,@Jin_jahannam,,@Jin_jahannam,1968896068118008031,https://x.com/Jin_jahannam/status/1968896068118008031,https://x.com/Jin_jahannam/status/1968896068118008031,2025-09-17,2025-09-17,DAY_RETURNED_BY_GROK_X,2026-08-10T12:37:34.178Z,"X（Twitter）の実在する投稿だけを検索してください。
対象選手は日本プロ野球の「並木 秀尊」です。投稿本文に「並木 秀尊」または明確に同選手を指す表記を実際に含むものだけにしてください。
検索観点: 「スピード」「直線速度」「加速」など、走る速さへの直接評価。
優先期間は2026年、次に2025年、次に2024年です。
採用候補は、野球で一歩目から約90ftまで走る純粋な身体的running ability（足の速さ、直線速度、加速、全力疾走、以前より足が落ちた等）への直接言及だけです。
盗塁、盗塁数、走塁判断、スタート技術、内野安打、三塁打、守備範囲、バント後の一塁到達、ゲーム査定だけの投稿は返さないでください。
各結果は、実在するx.com/status URL、@handle、投稿本文の必要最小限の原文、投稿日時を必ず付けてください。条件を満たす投稿がなければ「Nothing found」とだけ答えてください。推測・要約・無関係な投稿は返さないでください。","[""speed""]","[""GXQ103""]",data/manual/speed_2026_grok_x_search_receipts_20260810.json,,,,,CURRENT_2025,CURRENT_2025,NON_DIRECTIONAL,not_directional,INCOMPLETE_RETURNED_METADATA,NONE_FOR_ACCEPTANCE,X_AUTHOR_Jin_jahannam,false,REJECTED,MISSING_VERIFIABLE_POST_TEXT_OR_TIMESTAMP,false,false,false,,,POST_METADATA_INCOMPLETE_NOT_TREATED_AS_CONFIRMED_POST,SINGLE_RETURNED_URL
GXSR123,並木 秀尊,東京ヤクルトスワローズ,P054,TYPE_A_CURRENT_SAMPLE_INSTABILITY,GROK_X_SUPPLEMENT,X_TWITTER,REJECTED_CANDIDATE,@1_55_Policy,,@1_55_Policy,1974695431889383757,https://x.com/1_55_Policy/status/1974695431889383757,https://x.com/1_55_Policy/status/1974695431889383757,2025-10-05,2025-10-05,DAY_RETURNED_BY_GROK_X,2026-08-10T12:37:34.178Z,"X（Twitter）の実在する投稿だけを検索してください。
対象選手は日本プロ野球の「並木 秀尊」です。投稿本文に「並木 秀尊」または明確に同選手を指す表記を実際に含むものだけにしてください。
検索観点: 「スピード」「直線速度」「加速」など、走る速さへの直接評価。
優先期間は2026年、次に2025年、次に2024年です。
採用候補は、野球で一歩目から約90ftまで走る純粋な身体的running ability（足の速さ、直線速度、加速、全力疾走、以前より足が落ちた等）への直接言及だけです。
盗塁、盗塁数、走塁判断、スタート技術、内野安打、三塁打、守備範囲、バント後の一塁到達、ゲーム査定だけの投稿は返さないでください。
各結果は、実在するx.com/status URL、@handle、投稿本文の必要最小限の原文、投稿日時を必ず付けてください。条件を満たす投稿がなければ「Nothing found」とだけ答えてください。推測・要約・無関係な投稿は返さないでください。","[""speed""]","[""GXQ103""]",data/manual/speed_2026_grok_x_search_receipts_20260810.json,,,,,CURRENT_2025,CURRENT_2025,NON_DIRECTIONAL,not_directional,INCOMPLETE_RETURNED_METADATA,NONE_FOR_ACCEPTANCE,X_AUTHOR_1_55_Policy,false,REJECTED,MISSING_VERIFIABLE_POST_TEXT_OR_TIMESTAMP,false,false,false,,,POST_METADATA_INCOMPLETE_NOT_TREATED_AS_CONFIRMED_POST,SINGLE_RETURNED_URL
GXSR124,並木 秀尊,東京ヤクルトスワローズ,P054,TYPE_A_CURRENT_SAMPLE_INSTABILITY,GROK_X_SUPPLEMENT,X_TWITTER,REJECTED_CANDIDATE,@Yana_ys_0224,,@Yana_ys_0224,1987481318792503785,https://x.com/Yana_ys_0224/status/1987481318792503785,https://x.com/Yana_ys_0224/status/1987481318792503785,2025-11-09,2025-11-09,DAY_RETURNED_BY_GROK_X,2026-08-10T12:37:34.178Z,"X（Twitter）の実在する投稿だけを検索してください。
対象選手は日本プロ野球の「並木 秀尊」です。投稿本文に「並木 秀尊」または明確に同選手を指す表記を実際に含むものだけにしてください。
検索観点: 「スピード」「直線速度」「加速」など、走る速さへの直接評価。
優先期間は2026年、次に2025年、次に2024年です。
採用候補は、野球で一歩目から約90ftまで走る純粋な身体的running ability（足の速さ、直線速度、加速、全力疾走、以前より足が落ちた等）への直接言及だけです。
盗塁、盗塁数、走塁判断、スタート技術、内野安打、三塁打、守備範囲、バント後の一塁到達、ゲーム査定だけの投稿は返さないでください。
各結果は、実在するx.com/status URL、@handle、投稿本文の必要最小限の原文、投稿日時を必ず付けてください。条件を満たす投稿がなければ「Nothing found」とだけ答えてください。推測・要約・無関係な投稿は返さないでください。","[""speed""]","[""GXQ103""]",data/manual/speed_2026_grok_x_search_receipts_20260810.json,,,,,CURRENT_2025,CURRENT_2025,NON_DIRECTIONAL,not_directional,INCOMPLETE_RETURNED_METADATA,NONE_FOR_ACCEPTANCE,X_AUTHOR_Yana_ys_0224,false,REJECTED,MISSING_VERIFIABLE_POST_TEXT_OR_TIMESTAMP,false,false,false,,,POST_METADATA_INCOMPLETE_NOT_TREATED_AS_CONFIRMED_POST,SINGLE_RETURNED_URL
GXSR125,並木 秀尊,東京ヤクルトスワローズ,P054,TYPE_A_CURRENT_SAMPLE_INSTABILITY,GROK_X_SUPPLEMENT,X_TWITTER,REJECTED_CANDIDATE,@DesFrieden,,@DesFrieden,2005636348645167111,https://x.com/DesFrieden/status/2005636348645167111,https://x.com/DesFrieden/status/2005636348645167111,2025-12-29,2025-12-29,DAY_RETURNED_BY_GROK_X,2026-08-10T12:37:48.722Z,"X（Twitter）の実在する投稿だけを検索してください。
対象選手は日本プロ野球の「並木 秀尊」です。投稿本文に「並木 秀尊」または明確に同選手を指す表記を実際に含むものだけにしてください。
検索観点: 「俊足」など、身体的running abilityを指す直接評価。
優先期間は2026年、次に2025年、次に2024年です。
採用候補は、野球で一歩目から約90ftまで走る純粋な身体的running ability（足の速さ、直線速度、加速、全力疾走、以前より足が落ちた等）への直接言及だけです。
盗塁、盗塁数、走塁判断、スタート技術、内野安打、三塁打、守備範囲、バント後の一塁到達、ゲーム査定だけの投稿は返さないでください。
各結果は、実在するx.com/status URL、@handle、投稿本文の必要最小限の原文、投稿日時を必ず付けてください。条件を満たす投稿がなければ「Nothing found」とだけ答えてください。推測・要約・無関係な投稿は返さないでください。","[""speedster"",""year_2025""]","[""GXQ101"",""GXQ107""]",data/manual/speed_2026_grok_x_search_receipts_20260810.json,: 並木くんの高校の先輩である秋本さん、いつも素敵な記事をありがとうございます😊【ヤクルト】並木秀尊が「かわぐちプロ野球教室２０２５」に参加　球界トップクラスの俊足が教えた足が速くなるための方法とは（スポーツ報知）,: 並木くんの高校の先輩である秋本さん、いつも素敵な記事をありがとうございます😊【ヤクルト】並木秀尊が「かわぐちプロ野球教室２０２５」に参加　球界トップクラスの俊足が教えた足が速くなるための方法とは（スポーツ報知）,,,CURRENT_2025,CURRENT_2025,FASTER,faster,ARTICLE_OR_VIDEO_REPOST,NONE_FOR_ACCEPTANCE,X_AUTHOR_DesFrieden,false,REJECTED,ARTICLE_OR_VIDEO_REPOST_NOT_INDEPENDENT_SNS_ORIGIN,false,true,true,,,RETRIEVED_BY_GROK_X_X_SEARCH,SINGLE_RETURNED_URL
GXSR126,並木 秀尊,東京ヤクルトスワローズ,P054,TYPE_A_CURRENT_SAMPLE_INSTABILITY,GROK_X_SUPPLEMENT,X_TWITTER,REJECTED_CANDIDATE,@mnbv99015,,@mnbv99015,2005660370783141899,https://x.com/mnbv99015/status/2005660370783141899,https://x.com/mnbv99015/status/2005660370783141899,2025-12-29,2025-12-29,DAY_RETURNED_BY_GROK_X,2026-08-10T12:37:48.722Z,"X（Twitter）の実在する投稿だけを検索してください。
対象選手は日本プロ野球の「並木 秀尊」です。投稿本文に「並木 秀尊」または明確に同選手を指す表記を実際に含むものだけにしてください。
検索観点: 「俊足」など、身体的running abilityを指す直接評価。
優先期間は2026年、次に2025年、次に2024年です。
採用候補は、野球で一歩目から約90ftまで走る純粋な身体的running ability（足の速さ、直線速度、加速、全力疾走、以前より足が落ちた等）への直接言及だけです。
盗塁、盗塁数、走塁判断、スタート技術、内野安打、三塁打、守備範囲、バント後の一塁到達、ゲーム査定だけの投稿は返さないでください。
各結果は、実在するx.com/status URL、@handle、投稿本文の必要最小限の原文、投稿日時を必ず付けてください。条件を満たす投稿がなければ「Nothing found」とだけ答えてください。推測・要約・無関係な投稿は返さないでください。","[""speedster"",""year_2025""]","[""GXQ101"",""GXQ107""]",data/manual/speed_2026_grok_x_search_receipts_20260810.json,: 【ヤクルト】並木秀尊が「かわぐちプロ野球教室２０２５」に参加　球界トップクラスの俊足が教えた足が速くなるための方法とは(スポーツ報知),: 【ヤクルト】並木秀尊が「かわぐちプロ野球教室２０２５」に参加　球界トップクラスの俊足が教えた足が速くなるための方法とは(スポーツ報知),,,CURRENT_2025,CURRENT_2025,FASTER,faster,ARTICLE_OR_VIDEO_REPOST,NONE_FOR_ACCEPTANCE,X_AUTHOR_mnbv99015,false,REJECTED,ARTICLE_OR_VIDEO_REPOST_NOT_INDEPENDENT_SNS_ORIGIN,false,true,true,,,RETRIEVED_BY_GROK_X_X_SEARCH,SINGLE_RETURNED_URL
GXSR127,並木 秀尊,東京ヤクルトスワローズ,P054,TYPE_A_CURRENT_SAMPLE_INSTABILITY,GROK_X_SUPPLEMENT,X_TWITTER,SNS,@nanha_BBTF,,@nanha_BBTF,2063782942892331043,https://x.com/nanha_BBTF/status/2063782942892331043,https://x.com/nanha_BBTF/status/2063782942892331043,2026-06-08,2026-06-08,DAY_RETURNED_BY_GROK_X,2026-08-10T12:37:19.403Z,"X（Twitter）の実在する投稿だけを検索してください。
対象選手は日本プロ野球の「並木 秀尊」です。投稿本文に「並木 秀尊」または明確に同選手を指す表記を実際に含むものだけにしてください。
検索観点: 「俊足」など、身体的running abilityを指す直接評価。
優先期間は2026年、次に2025年、次に2024年です。
採用候補は、野球で一歩目から約90ftまで走る純粋な身体的running ability（足の速さ、直線速度、加速、全力疾走、以前より足が落ちた等）への直接言及だけです。
盗塁、盗塁数、走塁判断、スタート技術、内野安打、三塁打、守備範囲、バント後の一塁到達、ゲーム査定だけの投稿は返さないでください。
各結果は、実在するx.com/status URL、@handle、投稿本文の必要最小限の原文、投稿日時を必ず付けてください。条件を満たす投稿がなければ「Nothing found」とだけ答えてください。推測・要約・無関係な投稿は返さないでください。","[""speedster""]","[""GXQ101""]",data/manual/speed_2026_grok_x_search_receipts_20260810.json,: 並木秀尊さん、足がめっちゃ速い点に注目されがちだけど、そこそこパンチ力があり打撃もいいので不在なのが本当に痛いんすよね,: 並木秀尊さん、足がめっちゃ速い点に注目されがちだけど、そこそこパンチ力があり打撃もいいので不在なのが本当に痛いんすよね,2026年の投稿は、並木の足を非常に速いと明示する。,2026年の投稿は、並木の足を非常に速いと明示する。,CURRENT_2026,CURRENT_2026,FASTER,faster,EXPLICIT_CURRENT_PHYSICAL_SPEED_LABEL,MODERATE,X_AUTHOR_nanha_BBTF,true,ACCEPTED,,true,false,false,,,RETRIEVED_BY_GROK_X_X_SEARCH,SINGLE_RETURNED_URL
GXSR128,木下 拓哉,中日ドラゴンズ,P014,TYPE_A_CURRENT_SAMPLE_INSTABILITY,GROK_X_SUPPLEMENT,X_TWITTER,REJECTED_CANDIDATE,@223superdry,,@223superdry,1784772401240432711,https://x.com/223superdry/status/1784772401240432711,https://x.com/223superdry/status/1784772401240432711,2024-04-29 02:31:14 GMT,2024-04-29,TIMESTAMP_RETURNED_BY_GROK_X,2026-08-10T12:32:07.798Z,"X（Twitter）の実在する投稿だけを検索してください。
対象選手は日本プロ野球の「木下 拓哉」です。投稿本文に「木下 拓哉」または明確に同選手を指す表記を実際に含むものだけにしてください。
検索観点: 「全力疾走」「加速」「疾走」など、実際の身体的な走りへの直接観察。
優先期間は2026年、次に2025年、次に2024年です。
採用候補は、野球で一歩目から約90ftまで走る純粋な身体的running ability（足の速さ、直線速度、加速、全力疾走、以前より足が落ちた等）への直接言及だけです。
盗塁、盗塁数、走塁判断、スタート技術、内野安打、三塁打、守備範囲、バント後の一塁到達、ゲーム査定だけの投稿は返さないでください。
各結果は、実在するx.com/status URL、@handle、投稿本文の必要最小限の原文、投稿日時を必ず付けてください。条件を満たす投稿がなければ「Nothing found」とだけ答えてください。推測・要約・無関係な投稿は返さないでください。","[""all_out_run""]","[""GXQ042""]",data/manual/speed_2026_grok_x_search_receipts_20260810.json,木下拓哉の全力疾走最高にキュートだな。(余韻),木下拓哉の全力疾走最高にキュートだな。(余韻),,,CONTEMPORARY_2024_HISTORICAL_CONTEXT,CONTEMPORARY_2024_HISTORICAL_CONTEXT,NON_DIRECTIONAL,not_directional,EFFORT_NOT_SPEED,NONE_FOR_ACCEPTANCE,X_AUTHOR_223superdry,false,REJECTED,ALL_OUT_EFFORT_WITHOUT_SPEED_OBSERVATION,false,false,false,,,RETRIEVED_BY_GROK_X_X_SEARCH,SINGLE_RETURNED_URL
GXSR129,木下 拓哉,中日ドラゴンズ,P014,TYPE_A_CURRENT_SAMPLE_INSTABILITY,GROK_X_SUPPLEMENT,X_TWITTER,REJECTED_CANDIDATE,@benchihey,,@benchihey,1822936573731844199,https://x.com/benchihey/status/1822936573731844199,https://x.com/benchihey/status/1822936573731844199,2024-08-12 10:02:02 GMT,2024-08-12,TIMESTAMP_RETURNED_BY_GROK_X,2026-08-10T12:01:08.798Z,"X（Twitter）の実在する投稿だけを検索してください。
対象選手は日本プロ野球の「木下 拓哉」です。投稿本文に「木下 拓哉」または明確に同選手を指す表記を実際に含むものだけにしてください。
検索観点: 「走力」「脚力」など、身体的な走る能力への直接評価。
優先期間は2026年、次に2025年、次に2024年です。
採用候補は、野球で一歩目から約90ftまで走る純粋な身体的running ability（足の速さ、直線速度、加速、全力疾走、以前より足が落ちた等）への直接言及だけです。
盗塁、盗塁数、走塁判断、スタート技術、内野安打、三塁打、守備範囲、バント後の一塁到達、ゲーム査定だけの投稿は返さないでください。
各結果は、実在するx.com/status URL、@handle、投稿本文の必要最小限の原文、投稿日時を必ず付けてください。条件を満たす投稿がなければ「Nothing found」とだけ答えてください。推測・要約・無関係な投稿は返さないでください。","[""running_ability""]","[""GXQ039""]",data/manual/speed_2026_grok_x_search_receipts_20260810.json,加藤匠馬が木下拓哉に勝ってる所は肩と走力だけ定期,加藤匠馬が木下拓哉に勝ってる所は肩と走力だけ定期,,,CONTEMPORARY_2024_HISTORICAL_CONTEXT,CONTEMPORARY_2024_HISTORICAL_CONTEXT,NON_DIRECTIONAL,not_directional,NOT_ACCEPTED_AFTER_REVIEW,NONE_FOR_ACCEPTANCE,X_AUTHOR_benchihey,false,REJECTED,GENERIC_OR_AMBIGUOUS_SPEED_LABEL_NOT_SUFFICIENT_FOR_ACCEPTANCE,false,false,false,,,RETRIEVED_BY_GROK_X_X_SEARCH,SINGLE_RETURNED_URL
GXSR130,木下 拓哉,中日ドラゴンズ,P014,TYPE_A_CURRENT_SAMPLE_INSTABILITY,GROK_X_SUPPLEMENT,X_TWITTER,REJECTED_CANDIDATE,@2DMdzvNxMscJWdO,,@2DMdzvNxMscJWdO,1823294180853944590,https://x.com/2DMdzvNxMscJWdO/status/1823294180853944590,https://x.com/2DMdzvNxMscJWdO/status/1823294180853944590,2024-08-13,2024-08-13,DAY_RETURNED_BY_GROK_X,2026-08-10T12:32:23.311Z,"X（Twitter）の実在する投稿だけを検索してください。
対象選手は日本プロ野球の「木下 拓哉」です。投稿本文に「木下 拓哉」または明確に同選手を指す表記を実際に含むものだけにしてください。
検索観点: 2024年の「足」「俊足」「走力」「スピード」「全力疾走」の直接的な身体速度評価。
優先期間は2024年の投稿です。2024年に見つからない場合だけ、2024–2026年で明示的に日付が分かる投稿を返してください。
採用候補は、野球で一歩目から約90ftまで走る純粋な身体的running ability（足の速さ、直線速度、加速、全力疾走、以前より足が落ちた等）への直接言及だけです。
盗塁、盗塁数、走塁判断、スタート技術、内野安打、三塁打、守備範囲、バント後の一塁到達、ゲーム査定だけの投稿は返さないでください。
各結果は、実在するx.com/status URL、@handle、投稿本文の必要最小限の原文、投稿日時を必ず付けてください。条件を満たす投稿がなければ「Nothing found」とだけ答えてください。推測・要約・無関係な投稿は返さないでください。","[""year_2024""]","[""GXQ045""]",data/manual/speed_2026_grok_x_search_receipts_20260810.json,木下拓哉さん痩せたのに鈍足に磨きをかけてませんか⁉️,木下拓哉さん痩せたのに鈍足に磨きをかけてませんか⁉️,,,CONTEMPORARY_2024_HISTORICAL_CONTEXT,CONTEMPORARY_2024_HISTORICAL_CONTEXT,SLOWER,slower,NOT_ACCEPTED_AFTER_REVIEW,NONE_FOR_ACCEPTANCE,X_AUTHOR_2DMdzvNxMscJWdO,false,REJECTED,GENERIC_OR_AMBIGUOUS_SPEED_LABEL_NOT_SUFFICIENT_FOR_ACCEPTANCE,false,false,false,,,RETRIEVED_BY_GROK_X_X_SEARCH,SINGLE_RETURNED_URL
GXSR131,木下 拓哉,中日ドラゴンズ,P014,TYPE_A_CURRENT_SAMPLE_INSTABILITY,GROK_X_SUPPLEMENT,X_TWITTER,REJECTED_CANDIDATE,@gurumezushi2148,,@gurumezushi2148,1823294254137188780,https://x.com/gurumezushi2148/status/1823294254137188780,https://x.com/gurumezushi2148/status/1823294254137188780,2024-08-13,2024-08-13,DAY_RETURNED_BY_GROK_X,2026-08-10T12:32:23.311Z,"X（Twitter）の実在する投稿だけを検索してください。
対象選手は日本プロ野球の「木下 拓哉」です。投稿本文に「木下 拓哉」または明確に同選手を指す表記を実際に含むものだけにしてください。
検索観点: 2024年の「足」「俊足」「走力」「スピード」「全力疾走」の直接的な身体速度評価。
優先期間は2024年の投稿です。2024年に見つからない場合だけ、2024–2026年で明示的に日付が分かる投稿を返してください。
採用候補は、野球で一歩目から約90ftまで走る純粋な身体的running ability（足の速さ、直線速度、加速、全力疾走、以前より足が落ちた等）への直接言及だけです。
盗塁、盗塁数、走塁判断、スタート技術、内野安打、三塁打、守備範囲、バント後の一塁到達、ゲーム査定だけの投稿は返さないでください。
各結果は、実在するx.com/status URL、@handle、投稿本文の必要最小限の原文、投稿日時を必ず付けてください。条件を満たす投稿がなければ「Nothing found」とだけ答えてください。推測・要約・無関係な投稿は返さないでください。","[""year_2024""]","[""GXQ045""]",data/manual/speed_2026_grok_x_search_receipts_20260810.json,木下拓哉より足は速かったと見栄を張る谷繁,木下拓哉より足は速かったと見栄を張る谷繁,,,CONTEMPORARY_2024_HISTORICAL_CONTEXT,CONTEMPORARY_2024_HISTORICAL_CONTEXT,FASTER,faster,NOT_ACCEPTED_AFTER_REVIEW,NONE_FOR_ACCEPTANCE,X_AUTHOR_gurumezushi2148,false,REJECTED,GENERIC_OR_AMBIGUOUS_SPEED_LABEL_NOT_SUFFICIENT_FOR_ACCEPTANCE,false,false,false,,,RETRIEVED_BY_GROK_X_X_SEARCH,SINGLE_RETURNED_URL
GXSR132,木下 拓哉,中日ドラゴンズ,P014,TYPE_A_CURRENT_SAMPLE_INSTABILITY,GROK_X_SUPPLEMENT,X_TWITTER,REJECTED_CANDIDATE,@kota_rainbow321,,@kota_rainbow321,1823684390674948519,https://x.com/kota_rainbow321/status/1823684390674948519,https://x.com/kota_rainbow321/status/1823684390674948519,2024-08-14,2024-08-14,DAY_RETURNED_BY_GROK_X,2026-08-10T12:32:23.311Z,"X（Twitter）の実在する投稿だけを検索してください。
対象選手は日本プロ野球の「木下 拓哉」です。投稿本文に「木下 拓哉」または明確に同選手を指す表記を実際に含むものだけにしてください。
検索観点: 2024年の「足」「俊足」「走力」「スピード」「全力疾走」の直接的な身体速度評価。
優先期間は2024年の投稿です。2024年に見つからない場合だけ、2024–2026年で明示的に日付が分かる投稿を返してください。
採用候補は、野球で一歩目から約90ftまで走る純粋な身体的running ability（足の速さ、直線速度、加速、全力疾走、以前より足が落ちた等）への直接言及だけです。
盗塁、盗塁数、走塁判断、スタート技術、内野安打、三塁打、守備範囲、バント後の一塁到達、ゲーム査定だけの投稿は返さないでください。
各結果は、実在するx.com/status URL、@handle、投稿本文の必要最小限の原文、投稿日時を必ず付けてください。条件を満たす投稿がなければ「Nothing found」とだけ答えてください。推測・要約・無関係な投稿は返さないでください。","[""year_2024""]","[""GXQ045""]",data/manual/speed_2026_grok_x_search_receipts_20260810.json,木下拓哉のここがダメ ・鈍足のくせに単打狙いのバッティング、しかもポップフライかゲッツー,木下拓哉のここがダメ ・鈍足のくせに単打狙いのバッティング、しかもポップフライかゲッツー,,,CONTEMPORARY_2024_HISTORICAL_CONTEXT,CONTEMPORARY_2024_HISTORICAL_CONTEXT,SLOWER,slower,NOT_ACCEPTED_AFTER_REVIEW,NONE_FOR_ACCEPTANCE,X_AUTHOR_kota_rainbow321,false,REJECTED,GENERIC_OR_AMBIGUOUS_SPEED_LABEL_NOT_SUFFICIENT_FOR_ACCEPTANCE,false,false,false,,,RETRIEVED_BY_GROK_X_X_SEARCH,SINGLE_RETURNED_URL
GXSR133,木下 拓哉,中日ドラゴンズ,P014,TYPE_A_CURRENT_SAMPLE_INSTABILITY,GROK_X_SUPPLEMENT,X_TWITTER,REJECTED_CANDIDATE,@Pokkaori,,@Pokkaori,1831652914731139154,https://x.com/Pokkaori/status/1831652914731139154,https://x.com/Pokkaori/status/1831652914731139154,2024-09-05,2024-09-05,DAY_RETURNED_BY_GROK_X,2026-08-10T12:32:23.311Z,"X（Twitter）の実在する投稿だけを検索してください。
対象選手は日本プロ野球の「木下 拓哉」です。投稿本文に「木下 拓哉」または明確に同選手を指す表記を実際に含むものだけにしてください。
検索観点: 2024年の「足」「俊足」「走力」「スピード」「全力疾走」の直接的な身体速度評価。
優先期間は2024年の投稿です。2024年に見つからない場合だけ、2024–2026年で明示的に日付が分かる投稿を返してください。
採用候補は、野球で一歩目から約90ftまで走る純粋な身体的running ability（足の速さ、直線速度、加速、全力疾走、以前より足が落ちた等）への直接言及だけです。
盗塁、盗塁数、走塁判断、スタート技術、内野安打、三塁打、守備範囲、バント後の一塁到達、ゲーム査定だけの投稿は返さないでください。
各結果は、実在するx.com/status URL、@handle、投稿本文の必要最小限の原文、投稿日時を必ず付けてください。条件を満たす投稿がなければ「Nothing found」とだけ答えてください。推測・要約・無関係な投稿は返さないでください。","[""year_2024""]","[""GXQ045""]",data/manual/speed_2026_grok_x_search_receipts_20260810.json,ゴロゴーなんだろうな 木下拓哉さんの足を考えるとな,ゴロゴーなんだろうな 木下拓哉さんの足を考えるとな,,,CONTEMPORARY_2024_HISTORICAL_CONTEXT,CONTEMPORARY_2024_HISTORICAL_CONTEXT,NON_DIRECTIONAL,not_directional,NOT_ACCEPTED_AFTER_REVIEW,NONE_FOR_ACCEPTANCE,X_AUTHOR_Pokkaori,false,REJECTED,NO_CLEAR_DIRECT_PHYSICAL_SPEED_CLAIM,false,false,false,,,RETRIEVED_BY_GROK_X_X_SEARCH,SINGLE_RETURNED_URL
GXSR134,木下 拓哉,中日ドラゴンズ,P014,TYPE_A_CURRENT_SAMPLE_INSTABILITY,GROK_X_SUPPLEMENT,X_TWITTER,REJECTED_CANDIDATE,@pasan111211,,@pasan111211,1837066926415032393,https://x.com/pasan111211/status/1837066926415032393,https://x.com/pasan111211/status/1837066926415032393,2024-09-20,2024-09-20,DAY_RETURNED_BY_GROK_X,2026-08-10T12:32:23.311Z,"X（Twitter）の実在する投稿だけを検索してください。
対象選手は日本プロ野球の「木下 拓哉」です。投稿本文に「木下 拓哉」または明確に同選手を指す表記を実際に含むものだけにしてください。
検索観点: 2024年の「足」「俊足」「走力」「スピード」「全力疾走」の直接的な身体速度評価。
優先期間は2024年の投稿です。2024年に見つからない場合だけ、2024–2026年で明示的に日付が分かる投稿を返してください。
採用候補は、野球で一歩目から約90ftまで走る純粋な身体的running ability（足の速さ、直線速度、加速、全力疾走、以前より足が落ちた等）への直接言及だけです。
盗塁、盗塁数、走塁判断、スタート技術、内野安打、三塁打、守備範囲、バント後の一塁到達、ゲーム査定だけの投稿は返さないでください。
各結果は、実在するx.com/status URL、@handle、投稿本文の必要最小限の原文、投稿日時を必ず付けてください。条件を満たす投稿がなければ「Nothing found」とだけ答えてください。推測・要約・無関係な投稿は返さないでください。","[""year_2024""]","[""GXQ045""]",data/manual/speed_2026_grok_x_search_receipts_20260810.json,俊足・木下拓哉,俊足・木下拓哉,,,CONTEMPORARY_2024_HISTORICAL_CONTEXT,CONTEMPORARY_2024_HISTORICAL_CONTEXT,FASTER,faster,NOT_ACCEPTED_AFTER_REVIEW,NONE_FOR_ACCEPTANCE,X_AUTHOR_pasan111211,false,REJECTED,GENERIC_OR_AMBIGUOUS_SPEED_LABEL_NOT_SUFFICIENT_FOR_ACCEPTANCE,false,false,false,,,RETRIEVED_BY_GROK_X_X_SEARCH,SINGLE_RETURNED_URL
GXSR135,木下 拓哉,中日ドラゴンズ,P014,TYPE_A_CURRENT_SAMPLE_INSTABILITY,GROK_X_SUPPLEMENT,X_TWITTER,REJECTED_CANDIDATE,@a_maka_b,,@a_maka_b,1893904045607121203,https://x.com/a_maka_b/status/1893904045607121203,https://x.com/a_maka_b/status/1893904045607121203,2025-02-24 06:01:26 GMT,2025-02-24,TIMESTAMP_RETURNED_BY_GROK_X,2026-08-10T12:01:08.798Z,"X（Twitter）の実在する投稿だけを検索してください。
対象選手は日本プロ野球の「木下 拓哉」です。投稿本文に「木下 拓哉」または明確に同選手を指す表記を実際に含むものだけにしてください。
検索観点: 「走力」「脚力」など、身体的な走る能力への直接評価。
優先期間は2026年、次に2025年、次に2024年です。
採用候補は、野球で一歩目から約90ftまで走る純粋な身体的running ability（足の速さ、直線速度、加速、全力疾走、以前より足が落ちた等）への直接言及だけです。
盗塁、盗塁数、走塁判断、スタート技術、内野安打、三塁打、守備範囲、バント後の一塁到達、ゲーム査定だけの投稿は返さないでください。
各結果は、実在するx.com/status URL、@handle、投稿本文の必要最小限の原文、投稿日時を必ず付けてください。条件を満たす投稿がなければ「Nothing found」とだけ答えてください。推測・要約・無関係な投稿は返さないでください。","[""running_ability""]","[""GXQ039""]",data/manual/speed_2026_grok_x_search_receipts_20260810.json,プロスピで見ても木下拓哉の走力Fやった(),プロスピで見ても木下拓哉の走力Fやった(),,,CURRENT_2025,CURRENT_2025,NON_DIRECTIONAL,not_directional,GAME_RATING,NONE_FOR_ACCEPTANCE,X_AUTHOR_a_maka_b,false,REJECTED,GAME_RATING_OR_GAME_DISCUSSION_EXCLUDED,false,false,false,,,RETRIEVED_BY_GROK_X_X_SEARCH,SINGLE_RETURNED_URL
GXSR136,木下 拓哉,中日ドラゴンズ,P014,TYPE_A_CURRENT_SAMPLE_INSTABILITY,GROK_X_SUPPLEMENT,X_TWITTER,SNS,@35dragons35,,@35dragons35,1917114584466686203,https://x.com/35dragons35/status/1917114584466686203,https://x.com/35dragons35/status/1917114584466686203,2025-04-29 07:11:49 GMT,2025-04-29,TIMESTAMP_RETURNED_BY_GROK_X,2026-08-10T12:32:03.729Z,"X（Twitter）の実在する投稿だけを検索してください。
対象選手は日本プロ野球の「木下 拓哉」です。投稿本文に「木下 拓哉」または明確に同選手を指す表記を実際に含むものだけにしてください。
検索観点: 「足が遅い」「遅い」「鈍足」など、身体的running abilityの低下又は遅さへの直接評価。
優先期間は2026年、次に2025年、次に2024年です。
採用候補は、野球で一歩目から約90ftまで走る純粋な身体的running ability（足の速さ、直線速度、加速、全力疾走、以前より足が落ちた等）への直接言及だけです。
盗塁、盗塁数、走塁判断、スタート技術、内野安打、三塁打、守備範囲、バント後の一塁到達、ゲーム査定だけの投稿は返さないでください。
各結果は、実在するx.com/status URL、@handle、投稿本文の必要最小限の原文、投稿日時を必ず付けてください。条件を満たす投稿がなければ「Nothing found」とだけ答えてください。推測・要約・無関係な投稿は返さないでください。","[""slow""]","[""GXQ041""]",data/manual/speed_2026_grok_x_search_receipts_20260810.json,木下拓哉さんは足は遅いけど天才です✨,木下拓哉さんは足は遅いけど天才です✨,2025年の投稿は、木下の足を遅いと明示する。,2025年の投稿は、木下の足を遅いと明示する。,CURRENT_2025,CURRENT_2025,SLOWER,slower,EXPLICIT_CURRENT_PHYSICAL_SPEED_LABEL,MODERATE,X_AUTHOR_35dragons35,true,ACCEPTED,,true,false,false,,,RETRIEVED_BY_GROK_X_X_SEARCH,SINGLE_RETURNED_URL
GXSR137,木下 拓哉,中日ドラゴンズ,P014,TYPE_A_CURRENT_SAMPLE_INSTABILITY,GROK_X_SUPPLEMENT,X_TWITTER,SNS,@kotarodra,,@kotarodra,1927330130390610265,https://x.com/kotarodra/status/1927330130390610265,https://x.com/kotarodra/status/1927330130390610265,2025-05-27 11:44:45 GMT,2025-05-27,TIMESTAMP_RETURNED_BY_GROK_X,2026-08-10T12:32:03.729Z,"X（Twitter）の実在する投稿だけを検索してください。
対象選手は日本プロ野球の「木下 拓哉」です。投稿本文に「木下 拓哉」または明確に同選手を指す表記を実際に含むものだけにしてください。
検索観点: 「足が遅い」「遅い」「鈍足」など、身体的running abilityの低下又は遅さへの直接評価。
優先期間は2026年、次に2025年、次に2024年です。
採用候補は、野球で一歩目から約90ftまで走る純粋な身体的running ability（足の速さ、直線速度、加速、全力疾走、以前より足が落ちた等）への直接言及だけです。
盗塁、盗塁数、走塁判断、スタート技術、内野安打、三塁打、守備範囲、バント後の一塁到達、ゲーム査定だけの投稿は返さないでください。
各結果は、実在するx.com/status URL、@handle、投稿本文の必要最小限の原文、投稿日時を必ず付けてください。条件を満たす投稿がなければ「Nothing found」とだけ答えてください。推測・要約・無関係な投稿は返さないでください。","[""slow""]","[""GXQ041""]",data/manual/speed_2026_grok_x_search_receipts_20260810.json,木下拓哉、分かっているけど足が遅い。,木下拓哉、分かっているけど足が遅い。,2025年の投稿は、木下の足を遅いと明示する。,2025年の投稿は、木下の足を遅いと明示する。,CURRENT_2025,CURRENT_2025,SLOWER,slower,EXPLICIT_CURRENT_PHYSICAL_SPEED_LABEL,MODERATE,X_AUTHOR_kotarodra,true,ACCEPTED,,true,false,false,,,RETRIEVED_BY_GROK_X_X_SEARCH,SINGLE_RETURNED_URL
GXSR138,木下 拓哉,中日ドラゴンズ,P014,TYPE_A_CURRENT_SAMPLE_INSTABILITY,GROK_X_SUPPLEMENT,X_TWITTER,SNS,@Dragons_tam,,@Dragons_tam,2027352201530909151,https://x.com/Dragons_tam/status/2027352201530909151,https://x.com/Dragons_tam/status/2027352201530909151,2026-02-27 11:56:45 GMT,2026-02-27,TIMESTAMP_RETURNED_BY_GROK_X,2026-08-10T12:32:03.729Z,"X（Twitter）の実在する投稿だけを検索してください。
対象選手は日本プロ野球の「木下 拓哉」です。投稿本文に「木下 拓哉」または明確に同選手を指す表記を実際に含むものだけにしてください。
検索観点: 「足が遅い」「遅い」「鈍足」など、身体的running abilityの低下又は遅さへの直接評価。
優先期間は2026年、次に2025年、次に2024年です。
採用候補は、野球で一歩目から約90ftまで走る純粋な身体的running ability（足の速さ、直線速度、加速、全力疾走、以前より足が落ちた等）への直接言及だけです。
盗塁、盗塁数、走塁判断、スタート技術、内野安打、三塁打、守備範囲、バント後の一塁到達、ゲーム査定だけの投稿は返さないでください。
各結果は、実在するx.com/status URL、@handle、投稿本文の必要最小限の原文、投稿日時を必ず付けてください。条件を満たす投稿がなければ「Nothing found」とだけ答えてください。推測・要約・無関係な投稿は返さないでください。","[""slow""]","[""GXQ041""]",data/manual/speed_2026_grok_x_search_receipts_20260810.json,木下拓哉、福田永将より足遅い人久々に見たかも,木下拓哉、福田永将より足遅い人久々に見たかも,2026年の比較投稿は、木下を遅い側に置く。,2026年の比較投稿は、木下を遅い側に置く。,CURRENT_2026,CURRENT_2026,SLOWER,slower,DIRECT_COMPARATIVE_SPEED_OBSERVATION,MODERATE,X_AUTHOR_Dragons_tam,true,ACCEPTED,,true,false,false,,,RETRIEVED_BY_GROK_X_X_SEARCH,SINGLE_RETURNED_URL
GXSR139,木下 拓哉,中日ドラゴンズ,P014,TYPE_A_CURRENT_SAMPLE_INSTABILITY,GROK_X_SUPPLEMENT,X_TWITTER,REJECTED_CANDIDATE,@devu_chin,,@devu_chin,2028085797224952083,https://x.com/devu_chin/status/2028085797224952083,https://x.com/devu_chin/status/2028085797224952083,,,NOT_RETURNED,2026-08-10T12:32:07.798Z,"X（Twitter）の実在する投稿だけを検索してください。
対象選手は日本プロ野球の「木下 拓哉」です。投稿本文に「木下 拓哉」または明確に同選手を指す表記を実際に含むものだけにしてください。
検索観点: 「俊足」など、身体的running abilityを指す直接評価。
優先期間は2026年、次に2025年、次に2024年です。
採用候補は、野球で一歩目から約90ftまで走る純粋な身体的running ability（足の速さ、直線速度、加速、全力疾走、以前より足が落ちた等）への直接言及だけです。
盗塁、盗塁数、走塁判断、スタート技術、内野安打、三塁打、守備範囲、バント後の一塁到達、ゲーム査定だけの投稿は返さないでください。
各結果は、実在するx.com/status URL、@handle、投稿本文の必要最小限の原文、投稿日時を必ず付けてください。条件を満たす投稿がなければ「Nothing found」とだけ答えてください。推測・要約・無関係な投稿は返さないでください。","[""all_out_run"",""speedster""]","[""GXQ038"",""GXQ042""]",data/manual/speed_2026_grok_x_search_receipts_20260810.json,"今日の試合の1番の見どころ
木下拓哉全力疾走アウト","今日の試合の1番の見どころ
木下拓哉全力疾走アウト",,,UNVERIFIED_TEMPORAL_CONTEXT,UNVERIFIED_TEMPORAL_CONTEXT,NON_DIRECTIONAL,not_directional,INCOMPLETE_RETURNED_METADATA,NONE_FOR_ACCEPTANCE,X_AUTHOR_devu_chin,false,REJECTED,MISSING_VERIFIABLE_POST_TEXT_OR_TIMESTAMP,false,false,false,,,POST_METADATA_INCOMPLETE_NOT_TREATED_AS_CONFIRMED_POST,SINGLE_RETURNED_URL
GXSR140,木下 拓哉,中日ドラゴンズ,P014,TYPE_A_CURRENT_SAMPLE_INSTABILITY,GROK_X_SUPPLEMENT,X_TWITTER,SNS,@chocomintlove36,,@chocomintlove36,2035237638966521957,https://x.com/chocomintlove36/status/2035237638966521957,https://x.com/chocomintlove36/status/2035237638966521957,2026-03-21 06:10:40 GMT,2026-03-21,TIMESTAMP_RETURNED_BY_GROK_X,2026-08-10T12:32:03.729Z,"X（Twitter）の実在する投稿だけを検索してください。
対象選手は日本プロ野球の「木下 拓哉」です。投稿本文に「木下 拓哉」または明確に同選手を指す表記を実際に含むものだけにしてください。
検索観点: 「足が遅い」「遅い」「鈍足」など、身体的running abilityの低下又は遅さへの直接評価。
優先期間は2026年、次に2025年、次に2024年です。
採用候補は、野球で一歩目から約90ftまで走る純粋な身体的running ability（足の速さ、直線速度、加速、全力疾走、以前より足が落ちた等）への直接言及だけです。
盗塁、盗塁数、走塁判断、スタート技術、内野安打、三塁打、守備範囲、バント後の一塁到達、ゲーム査定だけの投稿は返さないでください。
各結果は、実在するx.com/status URL、@handle、投稿本文の必要最小限の原文、投稿日時を必ず付けてください。条件を満たす投稿がなければ「Nothing found」とだけ答えてください。推測・要約・無関係な投稿は返さないでください。","[""slow""]","[""GXQ041""]",data/manual/speed_2026_grok_x_search_receipts_20260810.json,木下拓哉足遅すぎて神,木下拓哉足遅すぎて神,2026年の投稿は、木下の足を非常に遅いと明示する。,2026年の投稿は、木下の足を非常に遅いと明示する。,CURRENT_2026,CURRENT_2026,SLOWER,slower,EXPLICIT_CURRENT_PHYSICAL_SPEED_LABEL,MODERATE,X_AUTHOR_chocomintlove36,true,ACCEPTED,,true,false,false,,,RETRIEVED_BY_GROK_X_X_SEARCH,SINGLE_RETURNED_URL
GXSR141,木下 拓哉,中日ドラゴンズ,P014,TYPE_A_CURRENT_SAMPLE_INSTABILITY,GROK_X_SUPPLEMENT,X_TWITTER,SNS,@hayaken_pprz,,@hayaken_pprz,2038941065110343706,https://x.com/hayaken_pprz/status/2038941065110343706,https://x.com/hayaken_pprz/status/2038941065110343706,2026-03-31 11:26:46 GMT,2026-03-31,TIMESTAMP_RETURNED_BY_GROK_X,2026-08-10T12:32:03.729Z,"X（Twitter）の実在する投稿だけを検索してください。
対象選手は日本プロ野球の「木下 拓哉」です。投稿本文に「木下 拓哉」または明確に同選手を指す表記を実際に含むものだけにしてください。
検索観点: 「足が遅い」「遅い」「鈍足」など、身体的running abilityの低下又は遅さへの直接評価。
優先期間は2026年、次に2025年、次に2024年です。
採用候補は、野球で一歩目から約90ftまで走る純粋な身体的running ability（足の速さ、直線速度、加速、全力疾走、以前より足が落ちた等）への直接言及だけです。
盗塁、盗塁数、走塁判断、スタート技術、内野安打、三塁打、守備範囲、バント後の一塁到達、ゲーム査定だけの投稿は返さないでください。
各結果は、実在するx.com/status URL、@handle、投稿本文の必要最小限の原文、投稿日時を必ず付けてください。条件を満たす投稿がなければ「Nothing found」とだけ答えてください。推測・要約・無関係な投稿は返さないでください。","[""slow""]","[""GXQ041""]",data/manual/speed_2026_grok_x_search_receipts_20260810.json,木下拓哉、足遅すぎやろ。笑,木下拓哉、足遅すぎやろ。笑,2026年の投稿は、木下の足を非常に遅いと明示する。,2026年の投稿は、木下の足を非常に遅いと明示する。,CURRENT_2026,CURRENT_2026,SLOWER,slower,EXPLICIT_CURRENT_PHYSICAL_SPEED_LABEL,MODERATE,X_AUTHOR_hayaken_pprz,true,ACCEPTED,,true,false,false,,,RETRIEVED_BY_GROK_X_X_SEARCH,SINGLE_RETURNED_URL
GXSR142,木下 拓哉,中日ドラゴンズ,P014,TYPE_A_CURRENT_SAMPLE_INSTABILITY,GROK_X_SUPPLEMENT,X_TWITTER,REJECTED_CANDIDATE,@q9wc0ddNvxfmc,,@q9wc0ddNvxfmc,2042540211490742632,https://x.com/q9wc0ddNvxfmc/status/2042540211490742632,https://x.com/q9wc0ddNvxfmc/status/2042540211490742632,,,NOT_RETURNED,2026-08-10T12:01:09.435Z,"X（Twitter）の実在する投稿だけを検索してください。
対象選手は日本プロ野球の「木下 拓哉」です。投稿本文に「木下 拓哉」または明確に同選手を指す表記を実際に含むものだけにしてください。
検索観点: 「俊足」など、身体的running abilityを指す直接評価。
優先期間は2026年、次に2025年、次に2024年です。
採用候補は、野球で一歩目から約90ftまで走る純粋な身体的running ability（足の速さ、直線速度、加速、全力疾走、以前より足が落ちた等）への直接言及だけです。
盗塁、盗塁数、走塁判断、スタート技術、内野安打、三塁打、守備範囲、バント後の一塁到達、ゲーム査定だけの投稿は返さないでください。
各結果は、実在するx.com/status URL、@handle、投稿本文の必要最小限の原文、投稿日時を必ず付けてください。条件を満たす投稿がなければ「Nothing found」とだけ答えてください。推測・要約・無関係な投稿は返さないでください。","[""speedster""]","[""GXQ038""]",data/manual/speed_2026_grok_x_search_receipts_20260810.json,俊足木下拓哉ぁぁぁぁぃぁぅあ！！！,俊足木下拓哉ぁぁぁぁぃぁぅあ！！！,,,UNVERIFIED_TEMPORAL_CONTEXT,UNVERIFIED_TEMPORAL_CONTEXT,FASTER,faster,INCOMPLETE_RETURNED_METADATA,NONE_FOR_ACCEPTANCE,X_AUTHOR_q9wc0ddNvxfmc,false,REJECTED,MISSING_VERIFIABLE_POST_TEXT_OR_TIMESTAMP,false,false,false,,,POST_METADATA_INCOMPLETE_NOT_TREATED_AS_CONFIRMED_POST,SINGLE_RETURNED_URL
GXSR143,木下 拓哉,中日ドラゴンズ,P014,TYPE_A_CURRENT_SAMPLE_INSTABILITY,GROK_X_SUPPLEMENT,X_TWITTER,REJECTED_CANDIDATE,@pasan111211,,@pasan111211,2045104911399231544,https://x.com/pasan111211/status/2045104911399231544,https://x.com/pasan111211/status/2045104911399231544,,,NOT_RETURNED,2026-08-10T12:01:09.435Z,"X（Twitter）の実在する投稿だけを検索してください。
対象選手は日本プロ野球の「木下 拓哉」です。投稿本文に「木下 拓哉」または明確に同選手を指す表記を実際に含むものだけにしてください。
検索観点: 「俊足」など、身体的running abilityを指す直接評価。
優先期間は2026年、次に2025年、次に2024年です。
採用候補は、野球で一歩目から約90ftまで走る純粋な身体的running ability（足の速さ、直線速度、加速、全力疾走、以前より足が落ちた等）への直接言及だけです。
盗塁、盗塁数、走塁判断、スタート技術、内野安打、三塁打、守備範囲、バント後の一塁到達、ゲーム査定だけの投稿は返さないでください。
各結果は、実在するx.com/status URL、@handle、投稿本文の必要最小限の原文、投稿日時を必ず付けてください。条件を満たす投稿がなければ「Nothing found」とだけ答えてください。推測・要約・無関係な投稿は返さないでください。","[""speedster""]","[""GXQ038""]",data/manual/speed_2026_grok_x_search_receipts_20260810.json,俊足の木下拓哉,俊足の木下拓哉,,,UNVERIFIED_TEMPORAL_CONTEXT,UNVERIFIED_TEMPORAL_CONTEXT,FASTER,faster,INCOMPLETE_RETURNED_METADATA,NONE_FOR_ACCEPTANCE,X_AUTHOR_pasan111211,false,REJECTED,MISSING_VERIFIABLE_POST_TEXT_OR_TIMESTAMP,false,false,false,,,POST_METADATA_INCOMPLETE_NOT_TREATED_AS_CONFIRMED_POST,SINGLE_RETURNED_URL
GXSR144,木下 拓哉,中日ドラゴンズ,P014,TYPE_A_CURRENT_SAMPLE_INSTABILITY,GROK_X_SUPPLEMENT,X_TWITTER,REJECTED_CANDIDATE,@19dra77,,@19dra77,2068694192268951963,https://x.com/19dra77/status/2068694192268951963,https://x.com/19dra77/status/2068694192268951963,2026-06-21,2026-06-21,DAY_RETURNED_BY_GROK_X,2026-08-10T12:31:22.029Z,"X（Twitter）の実在する投稿だけを検索してください。
対象選手は日本プロ野球の「木下 拓哉」です。投稿本文に「木下 拓哉」または明確に同選手を指す表記を実際に含むものだけにしてください。
検索観点: 「スピード」「直線速度」「加速」など、走る速さへの直接評価。
優先期間は2026年、次に2025年、次に2024年です。
採用候補は、野球で一歩目から約90ftまで走る純粋な身体的running ability（足の速さ、直線速度、加速、全力疾走、以前より足が落ちた等）への直接言及だけです。
盗塁、盗塁数、走塁判断、スタート技術、内野安打、三塁打、守備範囲、バント後の一塁到達、ゲーム査定だけの投稿は返さないでください。
各結果は、実在するx.com/status URL、@handle、投稿本文の必要最小限の原文、投稿日時を必ず付けてください。条件を満たす投稿がなければ「Nothing found」とだけ答えてください。推測・要約・無関係な投稿は返さないでください。","[""speed""]","[""GXQ040""]",data/manual/speed_2026_grok_x_search_receipts_20260810.json,,,,,CURRENT_2026,CURRENT_2026,NON_DIRECTIONAL,not_directional,INCOMPLETE_RETURNED_METADATA,NONE_FOR_ACCEPTANCE,X_AUTHOR_19dra77,false,REJECTED,MISSING_VERIFIABLE_POST_TEXT_OR_TIMESTAMP,false,false,false,,,POST_METADATA_INCOMPLETE_NOT_TREATED_AS_CONFIRMED_POST,SINGLE_RETURNED_URL
GXSR145,木下 拓哉,中日ドラゴンズ,P014,TYPE_A_CURRENT_SAMPLE_INSTABILITY,GROK_X_SUPPLEMENT,X_TWITTER,REJECTED_CANDIDATE,@togetokage803,,@togetokage803,2080565020254228660,https://x.com/togetokage803/status/2080565020254228660,https://x.com/togetokage803/status/2080565020254228660,,,NOT_RETURNED,2026-08-10T12:32:00.337Z,"X（Twitter）の実在する投稿だけを検索してください。
対象選手は日本プロ野球の「木下 拓哉」です。投稿本文に「木下 拓哉」または明確に同選手を指す表記を実際に含むものだけにしてください。
検索観点: 「俊足」など、身体的running abilityを指す直接評価。
優先期間は2026年、次に2025年、次に2024年です。
採用候補は、野球で一歩目から約90ftまで走る純粋な身体的running ability（足の速さ、直線速度、加速、全力疾走、以前より足が落ちた等）への直接言及だけです。
盗塁、盗塁数、走塁判断、スタート技術、内野安打、三塁打、守備範囲、バント後の一塁到達、ゲーム査定だけの投稿は返さないでください。
各結果は、実在するx.com/status URL、@handle、投稿本文の必要最小限の原文、投稿日時を必ず付けてください。条件を満たす投稿がなければ「Nothing found」とだけ答えてください。推測・要約・無関係な投稿は返さないでください。","[""running_ability"",""speedster"",""year_2026""]","[""GXQ038"",""GXQ039"",""GXQ043""]",data/manual/speed_2026_grok_x_search_receipts_20260810.json,走力の査定あんま良く知らないですが木下拓哉と同じくらいです,走力の査定あんま良く知らないですが木下拓哉と同じくらいです,,,UNVERIFIED_TEMPORAL_CONTEXT,UNVERIFIED_TEMPORAL_CONTEXT,NON_DIRECTIONAL,not_directional,INCOMPLETE_RETURNED_METADATA,NONE_FOR_ACCEPTANCE,X_AUTHOR_togetokage803,false,REJECTED,MISSING_VERIFIABLE_POST_TEXT_OR_TIMESTAMP,false,false,false,,,POST_METADATA_INCOMPLETE_NOT_TREATED_AS_CONFIRMED_POST,SINGLE_RETURNED_URL
GXSR146,木下 拓哉,中日ドラゴンズ,P014,TYPE_A_CURRENT_SAMPLE_INSTABILITY,GROK_X_SUPPLEMENT,X_TWITTER,REJECTED_CANDIDATE,@MIH11616512,,@MIH11616512,2080573398347133119,https://x.com/MIH11616512/status/2080573398347133119,https://x.com/MIH11616512/status/2080573398347133119,,,NOT_RETURNED,2026-08-10T12:32:00.337Z,"X（Twitter）の実在する投稿だけを検索してください。
対象選手は日本プロ野球の「木下 拓哉」です。投稿本文に「木下 拓哉」または明確に同選手を指す表記を実際に含むものだけにしてください。
検索観点: 「俊足」など、身体的running abilityを指す直接評価。
優先期間は2026年、次に2025年、次に2024年です。
採用候補は、野球で一歩目から約90ftまで走る純粋な身体的running ability（足の速さ、直線速度、加速、全力疾走、以前より足が落ちた等）への直接言及だけです。
盗塁、盗塁数、走塁判断、スタート技術、内野安打、三塁打、守備範囲、バント後の一塁到達、ゲーム査定だけの投稿は返さないでください。
各結果は、実在するx.com/status URL、@handle、投稿本文の必要最小限の原文、投稿日時を必ず付けてください。条件を満たす投稿がなければ「Nothing found」とだけ答えてください。推測・要約・無関係な投稿は返さないでください。","[""running_ability"",""speedster"",""year_2026""]","[""GXQ038"",""GXQ039"",""GXQ043""]",data/manual/speed_2026_grok_x_search_receipts_20260810.json,(現実のサノーって木下拓哉と同じ走力か…？),(現実のサノーって木下拓哉と同じ走力か…？),,,UNVERIFIED_TEMPORAL_CONTEXT,UNVERIFIED_TEMPORAL_CONTEXT,NON_DIRECTIONAL,not_directional,INCOMPLETE_RETURNED_METADATA,NONE_FOR_ACCEPTANCE,X_AUTHOR_MIH11616512,false,REJECTED,MISSING_VERIFIABLE_POST_TEXT_OR_TIMESTAMP,false,false,false,,,POST_METADATA_INCOMPLETE_NOT_TREATED_AS_CONFIRMED_POST,SINGLE_RETURNED_URL
GXSR147,野間 峻祥,広島東洋カープ,P052,TYPE_A_CURRENT_SAMPLE_INSTABILITY,GROK_X_SUPPLEMENT,X_TWITTER,REJECTED_CANDIDATE,@RURI_SEIKAIHADO,,@RURI_SEIKAIHADO,1795444505690386510,https://x.com/RURI_SEIKAIHADO/status/1795444505690386510,https://x.com/RURI_SEIKAIHADO/status/1795444505690386510,2024-05-28 13:18:22 GMT,2024-05-28,TIMESTAMP_RETURNED_BY_GROK_X,2026-08-10T12:36:29.169Z,"X（Twitter）の実在する投稿だけを検索してください。
対象選手は日本プロ野球の「野間 峻祥」です。投稿本文に「野間 峻祥」または明確に同選手を指す表記を実際に含むものだけにしてください。
検索観点: 「足が速い」「速い足」「快足」など、速さそのものへの直接評価。
優先期間は2026年、次に2025年、次に2024年です。
採用候補は、野球で一歩目から約90ftまで走る純粋な身体的running ability（足の速さ、直線速度、加速、全力疾走、以前より足が落ちた等）への直接言及だけです。
盗塁、盗塁数、走塁判断、スタート技術、内野安打、三塁打、守備範囲、バント後の一塁到達、ゲーム査定だけの投稿は返さないでください。
各結果は、実在するx.com/status URL、@handle、投稿本文の必要最小限の原文、投稿日時を必ず付けてください。条件を満たす投稿がなければ「Nothing found」とだけ答えてください。推測・要約・無関係な投稿は返さないでください。","[""fast""]","[""GXQ091""]",data/manual/speed_2026_grok_x_search_receipts_20260810.json,「野間峻祥という周東選手と「100m徒競走(ルビ:うまぴょい伝説)」して欲しい野手もいますが、彼も懐かしの「ノマノマイェイ」を流すので、是非とも覚えてください(笑)そして、足速いので気をつけて。」,「野間峻祥という周東選手と「100m徒競走(ルビ:うまぴょい伝説)」して欲しい野手もいますが、彼も懐かしの「ノマノマイェイ」を流すので、是非とも覚えてください(笑)そして、足速いので気をつけて。」,,,CONTEMPORARY_2024_HISTORICAL_CONTEXT,CONTEMPORARY_2024_HISTORICAL_CONTEXT,FASTER,faster,NOT_ACCEPTED_AFTER_REVIEW,NONE_FOR_ACCEPTANCE,X_AUTHOR_RURI_SEIKAIHADO,false,REJECTED,GENERIC_OR_AMBIGUOUS_SPEED_LABEL_NOT_SUFFICIENT_FOR_ACCEPTANCE,false,false,false,,,RETRIEVED_BY_GROK_X_X_SEARCH,SINGLE_RETURNED_URL
GXSR148,野間 峻祥,広島東洋カープ,P052,TYPE_A_CURRENT_SAMPLE_INSTABILITY,GROK_X_SUPPLEMENT,X_TWITTER,REJECTED_CANDIDATE,@JINJIN13480843,,@JINJIN13480843,1829059665671663729,https://x.com/JINJIN13480843/status/1829059665671663729,https://x.com/JINJIN13480843/status/1829059665671663729,2024-08-29,2024-08-29,DAY_RETURNED_BY_GROK_X,2026-08-10T12:36:37.977Z,"X（Twitter）の実在する投稿だけを検索してください。
対象選手は日本プロ野球の「野間 峻祥」です。投稿本文に「野間 峻祥」または明確に同選手を指す表記を実際に含むものだけにしてください。
検索観点: 「走力」「脚力」など、身体的な走る能力への直接評価。
優先期間は2026年、次に2025年、次に2024年です。
採用候補は、野球で一歩目から約90ftまで走る純粋な身体的running ability（足の速さ、直線速度、加速、全力疾走、以前より足が落ちた等）への直接言及だけです。
盗塁、盗塁数、走塁判断、スタート技術、内野安打、三塁打、守備範囲、バント後の一塁到達、ゲーム査定だけの投稿は返さないでください。
各結果は、実在するx.com/status URL、@handle、投稿本文の必要最小限の原文、投稿日時を必ず付けてください。条件を満たす投稿がなければ「Nothing found」とだけ答えてください。推測・要約・無関係な投稿は返さないでください。","[""running_ability""]","[""GXQ093""]",data/manual/speed_2026_grok_x_search_receipts_20260810.json,"大学時代の野間の脚力やっぱヤバいわ
(","大学時代の野間の脚力やっぱヤバいわ
(",,,CONTEMPORARY_2024_HISTORICAL_CONTEXT,CONTEMPORARY_2024_HISTORICAL_CONTEXT,NON_DIRECTIONAL,not_directional,NOT_ACCEPTED_AFTER_REVIEW,NONE_FOR_ACCEPTANCE,X_AUTHOR_JINJIN13480843,false,REJECTED,GENERIC_OR_AMBIGUOUS_SPEED_LABEL_NOT_SUFFICIENT_FOR_ACCEPTANCE,false,false,false,,,RETRIEVED_BY_GROK_X_X_SEARCH,SINGLE_RETURNED_URL
GXSR149,野間 峻祥,広島東洋カープ,P052,TYPE_A_CURRENT_SAMPLE_INSTABILITY,GROK_X_SUPPLEMENT,X_TWITTER,REJECTED_CANDIDATE,@Donden_Suenaga,,@Donden_Suenaga,1979822981338820791,https://x.com/Donden_Suenaga/status/1979822981338820791,https://x.com/Donden_Suenaga/status/1979822981338820791,2025-10-19 08:12:36 GMT,2025-10-19,TIMESTAMP_RETURNED_BY_GROK_X,2026-08-10T12:37:08.967Z,"X（Twitter）の実在する投稿だけを検索してください。
対象選手は日本プロ野球の「野間 峻祥」です。投稿本文に「野間 峻祥」または明確に同選手を指す表記を実際に含むものだけにしてください。
検索観点: 「足が速い」「速い足」「快足」など、速さそのものへの直接評価。
優先期間は2026年、次に2025年、次に2024年です。
採用候補は、野球で一歩目から約90ftまで走る純粋な身体的running ability（足の速さ、直線速度、加速、全力疾走、以前より足が落ちた等）への直接言及だけです。
盗塁、盗塁数、走塁判断、スタート技術、内野安打、三塁打、守備範囲、バント後の一塁到達、ゲーム査定だけの投稿は返さないでください。
各結果は、実在するx.com/status URL、@handle、投稿本文の必要最小限の原文、投稿日時を必ず付けてください。条件を満たす投稿がなければ「Nothing found」とだけ答えてください。推測・要約・無関係な投稿は返さないでください。","[""fast"",""running_ability"",""year_2025""]","[""GXQ091"",""GXQ093"",""GXQ098""]",data/manual/speed_2026_grok_x_search_receipts_20260810.json,「松川、大学時代の野間峻祥くらい足速いな」,「松川、大学時代の野間峻祥くらい足速いな」,,,CURRENT_2025,CURRENT_2025,FASTER,faster,NOT_ACCEPTED_AFTER_REVIEW,NONE_FOR_ACCEPTANCE,X_AUTHOR_Donden_Suenaga,false,REJECTED,GENERIC_OR_AMBIGUOUS_SPEED_LABEL_NOT_SUFFICIENT_FOR_ACCEPTANCE,false,false,false,,,RETRIEVED_BY_GROK_X_X_SEARCH,SINGLE_RETURNED_URL
GXSR150,野間 峻祥,広島東洋カープ,P052,TYPE_A_CURRENT_SAMPLE_INSTABILITY,GROK_X_SUPPLEMENT,X_TWITTER,SNS,@mugi___334,,@mugi___334,2034214641895923757,https://x.com/mugi___334/status/2034214641895923757,https://x.com/mugi___334/status/2034214641895923757,2026-03-18,2026-03-18,DAY_RETURNED_BY_GROK_X,2026-08-10T12:36:37.977Z,"X（Twitter）の実在する投稿だけを検索してください。
対象選手は日本プロ野球の「野間 峻祥」です。投稿本文に「野間 峻祥」または明確に同選手を指す表記を実際に含むものだけにしてください。
検索観点: 「走力」「脚力」など、身体的な走る能力への直接評価。
優先期間は2026年、次に2025年、次に2024年です。
採用候補は、野球で一歩目から約90ftまで走る純粋な身体的running ability（足の速さ、直線速度、加速、全力疾走、以前より足が落ちた等）への直接言及だけです。
盗塁、盗塁数、走塁判断、スタート技術、内野安打、三塁打、守備範囲、バント後の一塁到達、ゲーム査定だけの投稿は返さないでください。
各結果は、実在するx.com/status URL、@handle、投稿本文の必要最小限の原文、投稿日時を必ず付けてください。条件を満たす投稿がなければ「Nothing found」とだけ答えてください。推測・要約・無関係な投稿は返さないでください。","[""running_ability""]","[""GXQ093""]",data/manual/speed_2026_grok_x_search_receipts_20260810.json,"野間峻祥、足が速すぎる
(","野間峻祥、足が速すぎる
(",2026年の投稿は、野間の足を非常に速いと明示する。,2026年の投稿は、野間の足を非常に速いと明示する。,CURRENT_2026,CURRENT_2026,FASTER,faster,EXPLICIT_CURRENT_PHYSICAL_SPEED_LABEL,MODERATE,X_AUTHOR_mugi___334,true,ACCEPTED,,true,false,false,,,RETRIEVED_BY_GROK_X_X_SEARCH,SINGLE_RETURNED_URL
GXSR151,野間 峻祥,広島東洋カープ,P052,TYPE_A_CURRENT_SAMPLE_INSTABILITY,GROK_X_SUPPLEMENT,X_TWITTER,REJECTED_CANDIDATE,@CARPLOVE896692,,@CARPLOVE896692,2066618217506955481,https://x.com/CARPLOVE896692/status/2066618217506955481,https://x.com/CARPLOVE896692/status/2066618217506955481,,,NOT_RETURNED,2026-08-10T12:36:58.689Z,"X（Twitter）の実在する投稿だけを検索してください。
対象選手は日本プロ野球の「野間 峻祥」です。投稿本文に「野間 峻祥」または明確に同選手を指す表記を実際に含むものだけにしてください。
検索観点: 2026年の「足」「俊足」「走力」「スピード」「全力疾走」の直接的な身体速度評価。
優先期間は2026年の投稿です。2026年に見つからない場合だけ、2024–2026年で明示的に日付が分かる投稿を返してください。
採用候補は、野球で一歩目から約90ftまで走る純粋な身体的running ability（足の速さ、直線速度、加速、全力疾走、以前より足が落ちた等）への直接言及だけです。
盗塁、盗塁数、走塁判断、スタート技術、内野安打、三塁打、守備範囲、バント後の一塁到達、ゲーム査定だけの投稿は返さないでください。
各結果は、実在するx.com/status URL、@handle、投稿本文の必要最小限の原文、投稿日時を必ず付けてください。条件を満たす投稿がなければ「Nothing found」とだけ答えてください。推測・要約・無関係な投稿は返さないでください。","[""year_2026""]","[""GXQ097""]",data/manual/speed_2026_grok_x_search_receipts_20260810.json,,,,,UNVERIFIED_TEMPORAL_CONTEXT,UNVERIFIED_TEMPORAL_CONTEXT,NON_DIRECTIONAL,not_directional,INCOMPLETE_RETURNED_METADATA,NONE_FOR_ACCEPTANCE,X_AUTHOR_CARPLOVE896692,false,REJECTED,MISSING_VERIFIABLE_POST_TEXT_OR_TIMESTAMP,false,false,false,,,POST_METADATA_INCOMPLETE_NOT_TREATED_AS_CONFIRMED_POST,SINGLE_RETURNED_URL
GXSR152,野間 峻祥,広島東洋カープ,P052,TYPE_A_CURRENT_SAMPLE_INSTABILITY,GROK_X_SUPPLEMENT,X_TWITTER,REJECTED_CANDIDATE,@hanasada1997,,@hanasada1997,2066743741269049502,https://x.com/hanasada1997/status/2066743741269049502,https://x.com/hanasada1997/status/2066743741269049502,2026-06-16 04:44:40 GMT,2026-06-16,TIMESTAMP_RETURNED_BY_GROK_X,2026-08-10T12:36:29.169Z,"X（Twitter）の実在する投稿だけを検索してください。
対象選手は日本プロ野球の「野間 峻祥」です。投稿本文に「野間 峻祥」または明確に同選手を指す表記を実際に含むものだけにしてください。
検索観点: 「足が速い」「速い足」「快足」など、速さそのものへの直接評価。
優先期間は2026年、次に2025年、次に2024年です。
採用候補は、野球で一歩目から約90ftまで走る純粋な身体的running ability（足の速さ、直線速度、加速、全力疾走、以前より足が落ちた等）への直接言及だけです。
盗塁、盗塁数、走塁判断、スタート技術、内野安打、三塁打、守備範囲、バント後の一塁到達、ゲーム査定だけの投稿は返さないでください。
各結果は、実在するx.com/status URL、@handle、投稿本文の必要最小限の原文、投稿日時を必ず付けてください。条件を満たす投稿がなければ「Nothing found」とだけ答えてください。推測・要約・無関係な投稿は返さないでください。","[""fast""]","[""GXQ091""]",data/manual/speed_2026_grok_x_search_receipts_20260810.json,「むぎは大きいの打ててなお足も速い肩もいい、というタイプなのだけど」,「むぎは大きいの打ててなお足も速い肩もいい、というタイプなのだけど」,,,CURRENT_2026,CURRENT_2026,FASTER,faster,TARGET_NOT_VERIFIABLE,NONE_FOR_ACCEPTANCE,X_AUTHOR_hanasada1997,false,REJECTED,TARGET_NOT_VERIFIABLE_FROM_RETURNED_POST_TEXT,false,false,false,,,RETRIEVED_BY_GROK_X_X_SEARCH,SINGLE_RETURNED_URL
GXSR153,野間 峻祥,広島東洋カープ,P052,TYPE_A_CURRENT_SAMPLE_INSTABILITY,GROK_X_SUPPLEMENT,X_TWITTER,REJECTED_CANDIDATE,@jsports_carp,,@jsports_carp,2071900289846890838,https://x.com/jsports_carp/status/2071900289846890838,https://x.com/jsports_carp/status/2071900289846890838,,,NOT_RETURNED,2026-08-10T12:36:58.689Z,"X（Twitter）の実在する投稿だけを検索してください。
対象選手は日本プロ野球の「野間 峻祥」です。投稿本文に「野間 峻祥」または明確に同選手を指す表記を実際に含むものだけにしてください。
検索観点: 2026年の「足」「俊足」「走力」「スピード」「全力疾走」の直接的な身体速度評価。
優先期間は2026年の投稿です。2026年に見つからない場合だけ、2024–2026年で明示的に日付が分かる投稿を返してください。
採用候補は、野球で一歩目から約90ftまで走る純粋な身体的running ability（足の速さ、直線速度、加速、全力疾走、以前より足が落ちた等）への直接言及だけです。
盗塁、盗塁数、走塁判断、スタート技術、内野安打、三塁打、守備範囲、バント後の一塁到達、ゲーム査定だけの投稿は返さないでください。
各結果は、実在するx.com/status URL、@handle、投稿本文の必要最小限の原文、投稿日時を必ず付けてください。条件を満たす投稿がなければ「Nothing found」とだけ答えてください。推測・要約・無関係な投稿は返さないでください。","[""year_2026""]","[""GXQ097""]",data/manual/speed_2026_grok_x_search_receipts_20260810.json,,,,,UNVERIFIED_TEMPORAL_CONTEXT,UNVERIFIED_TEMPORAL_CONTEXT,NON_DIRECTIONAL,not_directional,INCOMPLETE_RETURNED_METADATA,NONE_FOR_ACCEPTANCE,X_AUTHOR_jsports_carp,false,REJECTED,MISSING_VERIFIABLE_POST_TEXT_OR_TIMESTAMP,false,false,false,,,POST_METADATA_INCOMPLETE_NOT_TREATED_AS_CONFIRMED_POST,SINGLE_RETURNED_URL
GXSR154,矢野 雅哉,広島東洋カープ,P049,TYPE_A_CURRENT_SAMPLE_INSTABILITY,GROK_X_SUPPLEMENT,X_TWITTER,REJECTED_CANDIDATE,@suzukiikuz,,@suzukiikuz,1830195362889699449,https://x.com/suzukiikuz/status/1830195362889699449,https://x.com/suzukiikuz/status/1830195362889699449,2024-09-01,2024-09-01,DAY_RETURNED_BY_GROK_X,2026-08-10T12:35:45.256Z,"X（Twitter）の実在する投稿だけを検索してください。
対象選手は日本プロ野球の「矢野 雅哉」です。投稿本文に「矢野 雅哉」または明確に同選手を指す表記を実際に含むものだけにしてください。
検索観点: 「足が速い」「速い足」「快足」など、速さそのものへの直接評価。
優先期間は2026年、次に2025年、次に2024年です。
採用候補は、野球で一歩目から約90ftまで走る純粋な身体的running ability（足の速さ、直線速度、加速、全力疾走、以前より足が落ちた等）への直接言及だけです。
盗塁、盗塁数、走塁判断、スタート技術、内野安打、三塁打、守備範囲、バント後の一塁到達、ゲーム査定だけの投稿は返さないでください。
各結果は、実在するx.com/status URL、@handle、投稿本文の必要最小限の原文、投稿日時を必ず付けてください。条件を満たす投稿がなければ「Nothing found」とだけ答えてください。推測・要約・無関係な投稿は返さないでください。","[""fast""]","[""GXQ082""]",data/manual/speed_2026_grok_x_search_receipts_20260810.json,矢野雅哉、まさかの2試合連続ホームラン。足速すぎや。,矢野雅哉、まさかの2試合連続ホームラン。足速すぎや。,,,CONTEMPORARY_2024_HISTORICAL_CONTEXT,CONTEMPORARY_2024_HISTORICAL_CONTEXT,FASTER,faster,NOT_ACCEPTED_AFTER_REVIEW,NONE_FOR_ACCEPTANCE,X_AUTHOR_suzukiikuz,false,REJECTED,GENERIC_OR_AMBIGUOUS_SPEED_LABEL_NOT_SUFFICIENT_FOR_ACCEPTANCE,false,false,false,,,RETRIEVED_BY_GROK_X_X_SEARCH,SINGLE_RETURNED_URL
GXSR155,矢野 雅哉,広島東洋カープ,P049,TYPE_A_CURRENT_SAMPLE_INSTABILITY,GROK_X_SUPPLEMENT,X_TWITTER,REJECTED_CANDIDATE,@ureshisounainu,,@ureshisounainu,1830196024226226345,https://x.com/ureshisounainu/status/1830196024226226345,https://x.com/ureshisounainu/status/1830196024226226345,2024-09-01,2024-09-01,DAY_RETURNED_BY_GROK_X,2026-08-10T12:35:45.256Z,"X（Twitter）の実在する投稿だけを検索してください。
対象選手は日本プロ野球の「矢野 雅哉」です。投稿本文に「矢野 雅哉」または明確に同選手を指す表記を実際に含むものだけにしてください。
検索観点: 「足が速い」「速い足」「快足」など、速さそのものへの直接評価。
優先期間は2026年、次に2025年、次に2024年です。
採用候補は、野球で一歩目から約90ftまで走る純粋な身体的running ability（足の速さ、直線速度、加速、全力疾走、以前より足が落ちた等）への直接言及だけです。
盗塁、盗塁数、走塁判断、スタート技術、内野安打、三塁打、守備範囲、バント後の一塁到達、ゲーム査定だけの投稿は返さないでください。
各結果は、実在するx.com/status URL、@handle、投稿本文の必要最小限の原文、投稿日時を必ず付けてください。条件を満たす投稿がなければ「Nothing found」とだけ答えてください。推測・要約・無関係な投稿は返さないでください。","[""fast""]","[""GXQ082""]",data/manual/speed_2026_grok_x_search_receipts_20260810.json,矢野雅哉ランニングホームランすごー！足速すぎる！,矢野雅哉ランニングホームランすごー！足速すぎる！,,,CONTEMPORARY_2024_HISTORICAL_CONTEXT,CONTEMPORARY_2024_HISTORICAL_CONTEXT,FASTER,faster,PLAY_OUTCOME_OR_TRANSITION,NONE_FOR_ACCEPTANCE,X_AUTHOR_ureshisounainu,false,REJECTED,PLAY_OUTCOME_OR_TRANSITION_METRIC_NOT_ISOLATED_TO_PHYSICAL_SPEED,false,false,false,,,RETRIEVED_BY_GROK_X_X_SEARCH,SINGLE_RETURNED_URL
GXSR156,矢野 雅哉,広島東洋カープ,P049,TYPE_A_CURRENT_SAMPLE_INSTABILITY,GROK_X_SUPPLEMENT,X_TWITTER,REJECTED_CANDIDATE,@100ten___chan,,@100ten___chan,1830198668605219039,https://x.com/100ten___chan/status/1830198668605219039,https://x.com/100ten___chan/status/1830198668605219039,2024-09-01,2024-09-01,DAY_RETURNED_BY_GROK_X,2026-08-10T12:35:45.256Z,"X（Twitter）の実在する投稿だけを検索してください。
対象選手は日本プロ野球の「矢野 雅哉」です。投稿本文に「矢野 雅哉」または明確に同選手を指す表記を実際に含むものだけにしてください。
検索観点: 「足が速い」「速い足」「快足」など、速さそのものへの直接評価。
優先期間は2026年、次に2025年、次に2024年です。
採用候補は、野球で一歩目から約90ftまで走る純粋な身体的running ability（足の速さ、直線速度、加速、全力疾走、以前より足が落ちた等）への直接言及だけです。
盗塁、盗塁数、走塁判断、スタート技術、内野安打、三塁打、守備範囲、バント後の一塁到達、ゲーム査定だけの投稿は返さないでください。
各結果は、実在するx.com/status URL、@handle、投稿本文の必要最小限の原文、投稿日時を必ず付けてください。条件を満たす投稿がなければ「Nothing found」とだけ答えてください。推測・要約・無関係な投稿は返さないでください。","[""fast""]","[""GXQ082""]",data/manual/speed_2026_grok_x_search_receipts_20260810.json,ランニングホームランの映像見たけど矢野雅哉足速すぎる 前進してたとはいえ、後逸したわけでもなくランニングホームランになるの初めてみたかも,ランニングホームランの映像見たけど矢野雅哉足速すぎる 前進してたとはいえ、後逸したわけでもなくランニングホームランになるの初めてみたかも,,,CONTEMPORARY_2024_HISTORICAL_CONTEXT,CONTEMPORARY_2024_HISTORICAL_CONTEXT,FASTER,faster,PLAY_OUTCOME_OR_TRANSITION,NONE_FOR_ACCEPTANCE,X_AUTHOR_100ten___chan,false,REJECTED,PLAY_OUTCOME_OR_TRANSITION_METRIC_NOT_ISOLATED_TO_PHYSICAL_SPEED,false,false,false,,,RETRIEVED_BY_GROK_X_X_SEARCH,SINGLE_RETURNED_URL
GXSR157,矢野 雅哉,広島東洋カープ,P049,TYPE_A_CURRENT_SAMPLE_INSTABILITY,GROK_X_SUPPLEMENT,X_TWITTER,REJECTED_CANDIDATE,@QsVMjnz95GFeUyR,,@QsVMjnz95GFeUyR,1953753262613827850,https://x.com/QsVMjnz95GFeUyR/status/1953753262613827850,https://x.com/QsVMjnz95GFeUyR/status/1953753262613827850,2025-08-08 09:40:51 GMT,2025-08-08,TIMESTAMP_RETURNED_BY_GROK_X,2026-08-10T12:36:05.204Z,"X（Twitter）の実在する投稿だけを検索してください。
対象選手は日本プロ野球の「矢野 雅哉」です。投稿本文に「矢野 雅哉」または明確に同選手を指す表記を実際に含むものだけにしてください。
検索観点: 「俊足」など、身体的running abilityを指す直接評価。
優先期間は2026年、次に2025年、次に2024年です。
採用候補は、野球で一歩目から約90ftまで走る純粋な身体的running ability（足の速さ、直線速度、加速、全力疾走、以前より足が落ちた等）への直接言及だけです。
盗塁、盗塁数、走塁判断、スタート技術、内野安打、三塁打、守備範囲、バント後の一塁到達、ゲーム査定だけの投稿は返さないでください。
各結果は、実在するx.com/status URL、@handle、投稿本文の必要最小限の原文、投稿日時を必ず付けてください。条件を満たす投稿がなければ「Nothing found」とだけ答えてください。推測・要約・無関係な投稿は返さないでください。","[""all_out_run"",""speedster""]","[""GXQ083"",""GXQ087""]",data/manual/speed_2026_grok_x_search_receipts_20260810.json,矢野雅哉選手が推し！ 全力疾走と泥だらけの守備が胸アツすぎます🔥,矢野雅哉選手が推し！ 全力疾走と泥だらけの守備が胸アツすぎます🔥,,,CURRENT_2025,CURRENT_2025,NON_DIRECTIONAL,not_directional,EFFORT_NOT_SPEED,NONE_FOR_ACCEPTANCE,X_AUTHOR_QsVMjnz95GFeUyR,false,REJECTED,ALL_OUT_EFFORT_WITHOUT_SPEED_OBSERVATION,false,false,false,,,RETRIEVED_BY_GROK_X_X_SEARCH,SINGLE_RETURNED_URL
GXSR158,矢野 雅哉,広島東洋カープ,P049,TYPE_A_CURRENT_SAMPLE_INSTABILITY,GROK_X_SUPPLEMENT,X_TWITTER,SNS,@G__Blue,,@G__Blue,2049093263114817747,https://x.com/G__Blue/status/2049093263114817747,https://x.com/G__Blue/status/2049093263114817747,2026-04-28 11:47:58 GMT,2026-04-28,TIMESTAMP_RETURNED_BY_GROK_X,2026-08-10T12:35:44.447Z,"X（Twitter）の実在する投稿だけを検索してください。
対象選手は日本プロ野球の「矢野 雅哉」です。投稿本文に「矢野 雅哉」または明確に同選手を指す表記を実際に含むものだけにしてください。
検索観点: 「俊足」など、身体的running abilityを指す直接評価。
優先期間は2026年、次に2025年、次に2024年です。
採用候補は、野球で一歩目から約90ftまで走る純粋な身体的running ability（足の速さ、直線速度、加速、全力疾走、以前より足が落ちた等）への直接言及だけです。
盗塁、盗塁数、走塁判断、スタート技術、内野安打、三塁打、守備範囲、バント後の一塁到達、ゲーム査定だけの投稿は返さないでください。
各結果は、実在するx.com/status URL、@handle、投稿本文の必要最小限の原文、投稿日時を必ず付けてください。条件を満たす投稿がなければ「Nothing found」とだけ答えてください。推測・要約・無関係な投稿は返さないでください。","[""speedster""]","[""GXQ083""]",data/manual/speed_2026_grok_x_search_receipts_20260810.json,矢野雅哉にナイス３ラン‼️ ウチの俊足はパンチがあるわぁ,矢野雅哉にナイス３ラン‼️ ウチの俊足はパンチがあるわぁ,2026年の投稿は、矢野を俊足と明示する。,2026年の投稿は、矢野を俊足と明示する。,CURRENT_2026,CURRENT_2026,FASTER,faster,EXPLICIT_CURRENT_PLAYER_TYPE_SPEED_LABEL,MODERATE,X_AUTHOR_G__Blue,true,ACCEPTED,,true,false,false,,,RETRIEVED_BY_GROK_X_X_SEARCH,SINGLE_RETURNED_URL
GXSR159,矢野 雅哉,広島東洋カープ,P049,TYPE_A_CURRENT_SAMPLE_INSTABILITY,GROK_X_SUPPLEMENT,X_TWITTER,REJECTED_CANDIDATE,@jpdc_ishii,,@jpdc_ishii,2082738224334795170,https://x.com/jpdc_ishii/status/2082738224334795170,https://x.com/jpdc_ishii/status/2082738224334795170,2026-07-30 08:01:02 GMT,2026-07-30,TIMESTAMP_RETURNED_BY_GROK_X,2026-08-10T12:35:44.447Z,"X（Twitter）の実在する投稿だけを検索してください。
対象選手は日本プロ野球の「矢野 雅哉」です。投稿本文に「矢野 雅哉」または明確に同選手を指す表記を実際に含むものだけにしてください。
検索観点: 「俊足」など、身体的running abilityを指す直接評価。
優先期間は2026年、次に2025年、次に2024年です。
採用候補は、野球で一歩目から約90ftまで走る純粋な身体的running ability（足の速さ、直線速度、加速、全力疾走、以前より足が落ちた等）への直接言及だけです。
盗塁、盗塁数、走塁判断、スタート技術、内野安打、三塁打、守備範囲、バント後の一塁到達、ゲーム査定だけの投稿は返さないでください。
各結果は、実在するx.com/status URL、@handle、投稿本文の必要最小限の原文、投稿日時を必ず付けてください。条件を満たす投稿がなければ「Nothing found」とだけ答えてください。推測・要約・無関係な投稿は返さないでください。","[""speedster""]","[""GXQ083""]",data/manual/speed_2026_grok_x_search_receipts_20260810.json,強肩俊足で期待されていましたが、なかなか厳しいですね,強肩俊足で期待されていましたが、なかなか厳しいですね,,,CURRENT_2026,CURRENT_2026,FASTER,faster,TARGET_NOT_VERIFIABLE,NONE_FOR_ACCEPTANCE,X_AUTHOR_jpdc_ishii,false,REJECTED,TARGET_NOT_VERIFIABLE_FROM_RETURNED_POST_TEXT,false,false,false,,,RETRIEVED_BY_GROK_X_X_SEARCH,SINGLE_RETURNED_URL
GXSR160,友杉 篤輝,千葉ロッテマリーンズ,P031,TYPE_B_PHYSICAL_ORDER_CONFLICT,GROK_X_SUPPLEMENT,X_TWITTER,SNS,@jef_marcos2008,,@jef_marcos2008,1846721603666866456,https://x.com/jef_marcos2008/status/1846721603666866456,https://x.com/jef_marcos2008/status/1846721603666866456,2024-10-17 01:15:15 GMT,2024-10-17,TIMESTAMP_RETURNED_BY_GROK_X,2026-08-10T12:32:35.308Z,"X（Twitter）の実在する投稿だけを検索してください。
対象選手は日本プロ野球の「友杉 篤輝」です。投稿本文に「友杉 篤輝」または明確に同選手を指す表記を実際に含むものだけにしてください。
検索観点: 「俊足」など、身体的running abilityを指す直接評価。
優先期間は2026年、次に2025年、次に2024年です。
採用候補は、野球で一歩目から約90ftまで走る純粋な身体的running ability（足の速さ、直線速度、加速、全力疾走、以前より足が落ちた等）への直接言及だけです。
盗塁、盗塁数、走塁判断、スタート技術、内野安打、三塁打、守備範囲、バント後の一塁到達、ゲーム査定だけの投稿は返さないでください。
各結果は、実在するx.com/status URL、@handle、投稿本文の必要最小限の原文、投稿日時を必ず付けてください。条件を満たす投稿がなければ「Nothing found」とだけ答えてください。推測・要約・無関係な投稿は返さないでください。","[""speedster""]","[""GXQ047""]",data/manual/speed_2026_grok_x_search_receipts_20260810.json,友杉 篤輝（天理大）スカウトコメント 巨人・岸敬祐スカウト 「走攻守にバランスのとれた選手。スピードに魅力がある。...足もうちの増田大輝と遜色ない」,友杉 篤輝（天理大）スカウトコメント 巨人・岸敬祐スカウト 「走攻守にバランスのとれた選手。スピードに魅力がある。...足もうちの増田大輝と遜色ない」,2024年に再掲されたスカウト評は、友杉のスピードを高く評価する。,2024年に再掲されたスカウト評は、友杉のスピードを高く評価する。,CONTEMPORARY_2024_HISTORICAL_CONTEXT,CONTEMPORARY_2024_HISTORICAL_CONTEXT,FASTER,faster,QUOTED_SCOUT_PHYSICAL_COMPARISON,MODERATE_HISTORICAL,X_AUTHOR_jef_marcos2008,true,ACCEPTED,,true,false,false,,,RETRIEVED_BY_GROK_X_X_SEARCH,SINGLE_RETURNED_URL
GXSR161,友杉 篤輝,千葉ロッテマリーンズ,P031,TYPE_B_PHYSICAL_ORDER_CONFLICT,GROK_X_SUPPLEMENT,X_TWITTER,REJECTED_CANDIDATE,@KeyKey_Marines,,@KeyKey_Marines,1968275891861307575,https://x.com/KeyKey_Marines/status/1968275891861307575,https://x.com/KeyKey_Marines/status/1968275891861307575,2025-09-17 11:28:36 GMT,2025-09-17,TIMESTAMP_RETURNED_BY_GROK_X,2026-08-10T12:32:35.308Z,"X（Twitter）の実在する投稿だけを検索してください。
対象選手は日本プロ野球の「友杉 篤輝」です。投稿本文に「友杉 篤輝」または明確に同選手を指す表記を実際に含むものだけにしてください。
検索観点: 「俊足」など、身体的running abilityを指す直接評価。
優先期間は2026年、次に2025年、次に2024年です。
採用候補は、野球で一歩目から約90ftまで走る純粋な身体的running ability（足の速さ、直線速度、加速、全力疾走、以前より足が落ちた等）への直接言及だけです。
盗塁、盗塁数、走塁判断、スタート技術、内野安打、三塁打、守備範囲、バント後の一塁到達、ゲーム査定だけの投稿は返さないでください。
各結果は、実在するx.com/status URL、@handle、投稿本文の必要最小限の原文、投稿日時を必ず付けてください。条件を満たす投稿がなければ「Nothing found」とだけ答えてください。推測・要約・無関係な投稿は返さないでください。","[""speedster""]","[""GXQ047""]",data/manual/speed_2026_grok_x_search_receipts_20260810.json,友杉篤輝の足が光る✨,友杉篤輝の足が光る✨,,,CURRENT_2025,CURRENT_2025,NON_DIRECTIONAL,not_directional,NOT_ACCEPTED_AFTER_REVIEW,NONE_FOR_ACCEPTANCE,X_AUTHOR_KeyKey_Marines,false,REJECTED,NO_CLEAR_DIRECT_PHYSICAL_SPEED_CLAIM,false,false,false,,,RETRIEVED_BY_GROK_X_X_SEARCH,SINGLE_RETURNED_URL
GXSR162,友杉 篤輝,千葉ロッテマリーンズ,P031,TYPE_B_PHYSICAL_ORDER_CONFLICT,GROK_X_SUPPLEMENT,X_TWITTER,REJECTED_CANDIDATE,@eagleshibakawa,,@eagleshibakawa,1983518718589313525,https://x.com/eagleshibakawa/status/1983518718589313525,https://x.com/eagleshibakawa/status/1983518718589313525,2025-10-29 12:58:09 GMT,2025-10-29,TIMESTAMP_RETURNED_BY_GROK_X,2026-08-10T12:32:35.308Z,"X（Twitter）の実在する投稿だけを検索してください。
対象選手は日本プロ野球の「友杉 篤輝」です。投稿本文に「友杉 篤輝」または明確に同選手を指す表記を実際に含むものだけにしてください。
検索観点: 「俊足」など、身体的running abilityを指す直接評価。
優先期間は2026年、次に2025年、次に2024年です。
採用候補は、野球で一歩目から約90ftまで走る純粋な身体的running ability（足の速さ、直線速度、加速、全力疾走、以前より足が落ちた等）への直接言及だけです。
盗塁、盗塁数、走塁判断、スタート技術、内野安打、三塁打、守備範囲、バント後の一塁到達、ゲーム査定だけの投稿は返さないでください。
各結果は、実在するx.com/status URL、@handle、投稿本文の必要最小限の原文、投稿日時を必ず付けてください。条件を満たす投稿がなければ「Nothing found」とだけ答えてください。推測・要約・無関係な投稿は返さないでください。","[""speedster""]","[""GXQ047""]",data/manual/speed_2026_grok_x_search_receipts_20260810.json,打者・大津亮介選手の1塁到達タイム3.93って、かなり速いと思う。だって、近本光司選手の1塁到達最速タイムは3.94。ロッテで俊足のイメージある友杉篤輝選手も3.94だった。,打者・大津亮介選手の1塁到達タイム3.93って、かなり速いと思う。だって、近本光司選手の1塁到達最速タイムは3.94。ロッテで俊足のイメージある友杉篤輝選手も3.94だった。,,,CURRENT_2025,CURRENT_2025,FASTER,faster,NOT_ACCEPTED_AFTER_REVIEW,NONE_FOR_ACCEPTANCE,X_AUTHOR_eagleshibakawa,false,REJECTED,GENERIC_OR_AMBIGUOUS_SPEED_LABEL_NOT_SUFFICIENT_FOR_ACCEPTANCE,false,false,false,,,RETRIEVED_BY_GROK_X_X_SEARCH,SINGLE_RETURNED_URL
GXSR163,友杉 篤輝,千葉ロッテマリーンズ,P031,TYPE_B_PHYSICAL_ORDER_CONFLICT,GROK_X_SUPPLEMENT,X_TWITTER,SNS,@YOKOHAMA_PRIDE,,@YOKOHAMA_PRIDE,2060842707459952666,https://x.com/YOKOHAMA_PRIDE/status/2060842707459952666,https://x.com/YOKOHAMA_PRIDE/status/2060842707459952666,2026-05-30 21:56:04 GMT,2026-05-30,TIMESTAMP_RETURNED_BY_GROK_X,2026-08-10T12:32:21.778Z,"X（Twitter）の実在する投稿だけを検索してください。
対象選手は日本プロ野球の「友杉 篤輝」です。投稿本文に「友杉 篤輝」または明確に同選手を指す表記を実際に含むものだけにしてください。
検索観点: 「足が速い」「速い足」「快足」など、速さそのものへの直接評価。
優先期間は2026年、次に2025年、次に2024年です。
採用候補は、野球で一歩目から約90ftまで走る純粋な身体的running ability（足の速さ、直線速度、加速、全力疾走、以前より足が落ちた等）への直接言及だけです。
盗塁、盗塁数、走塁判断、スタート技術、内野安打、三塁打、守備範囲、バント後の一塁到達、ゲーム査定だけの投稿は返さないでください。
各結果は、実在するx.com/status URL、@handle、投稿本文の必要最小限の原文、投稿日時を必ず付けてください。条件を満たす投稿がなければ「Nothing found」とだけ答えてください。推測・要約・無関係な投稿は返さないでください。","[""fast""]","[""GXQ046""]",data/manual/speed_2026_grok_x_search_receipts_20260810.json,"足、速っ！
超〜快足やん。
ロッテ友杉篤輝選手か〜
インプットした！","足、速っ！
超〜快足やん。
ロッテ友杉篤輝選手か〜
インプットした！",2026年の観察投稿は、友杉を快足と直接評価する。,2026年の観察投稿は、友杉を快足と直接評価する。,CURRENT_2026,CURRENT_2026,FASTER,faster,DIRECT_CURRENT_SPEED_OBSERVATION,MODERATE,X_AUTHOR_YOKOHAMA_PRIDE,true,ACCEPTED,,true,false,false,,,RETRIEVED_BY_GROK_X_X_SEARCH,SINGLE_RETURNED_URL
GXSR164,友杉 篤輝,千葉ロッテマリーンズ,P031,TYPE_B_PHYSICAL_ORDER_CONFLICT,GROK_X_SUPPLEMENT,X_TWITTER,REJECTED_CANDIDATE,@maaar_kun5,,@maaar_kun5,2066476109252936061,https://x.com/maaar_kun5/status/2066476109252936061,https://x.com/maaar_kun5/status/2066476109252936061,2026-06-15 11:01:12 GMT,2026-06-15,TIMESTAMP_RETURNED_BY_GROK_X,2026-08-10T12:32:35.308Z,"X（Twitter）の実在する投稿だけを検索してください。
対象選手は日本プロ野球の「友杉 篤輝」です。投稿本文に「友杉 篤輝」または明確に同選手を指す表記を実際に含むものだけにしてください。
検索観点: 「俊足」など、身体的running abilityを指す直接評価。
優先期間は2026年、次に2025年、次に2024年です。
採用候補は、野球で一歩目から約90ftまで走る純粋な身体的running ability（足の速さ、直線速度、加速、全力疾走、以前より足が落ちた等）への直接言及だけです。
盗塁、盗塁数、走塁判断、スタート技術、内野安打、三塁打、守備範囲、バント後の一塁到達、ゲーム査定だけの投稿は返さないでください。
各結果は、実在するx.com/status URL、@handle、投稿本文の必要最小限の原文、投稿日時を必ず付けてください。条件を満たす投稿がなければ「Nothing found」とだけ答えてください。推測・要約・無関係な投稿は返さないでください。","[""speedster""]","[""GXQ047""]",data/manual/speed_2026_grok_x_search_receipts_20260810.json,これはパテレのようなまとめ！攻守で流れを作る小川龍成、期待の若き主軸西川史礁、俊足デキ杉君友杉篤輝、幕張の大砲安田尚憲,これはパテレのようなまとめ！攻守で流れを作る小川龍成、期待の若き主軸西川史礁、俊足デキ杉君友杉篤輝、幕張の大砲安田尚憲,,,CURRENT_2026,CURRENT_2026,FASTER,faster,NOT_ACCEPTED_AFTER_REVIEW,NONE_FOR_ACCEPTANCE,X_AUTHOR_maaar_kun5,false,REJECTED,GENERIC_OR_AMBIGUOUS_SPEED_LABEL_NOT_SUFFICIENT_FOR_ACCEPTANCE,false,false,false,,,RETRIEVED_BY_GROK_X_X_SEARCH,SINGLE_RETURNED_URL
GXSR165,友杉 篤輝,千葉ロッテマリーンズ,P031,TYPE_B_PHYSICAL_ORDER_CONFLICT,GROK_X_SUPPLEMENT,X_TWITTER,SNS,@JOXAR57,,@JOXAR57,2067557631825490302,https://x.com/JOXAR57/status/2067557631825490302,https://x.com/JOXAR57/status/2067557631825490302,2026-06-18 10:38:47 GMT,2026-06-18,TIMESTAMP_RETURNED_BY_GROK_X,2026-08-10T12:32:35.308Z,"X（Twitter）の実在する投稿だけを検索してください。
対象選手は日本プロ野球の「友杉 篤輝」です。投稿本文に「友杉 篤輝」または明確に同選手を指す表記を実際に含むものだけにしてください。
検索観点: 「俊足」など、身体的running abilityを指す直接評価。
優先期間は2026年、次に2025年、次に2024年です。
採用候補は、野球で一歩目から約90ftまで走る純粋な身体的running ability（足の速さ、直線速度、加速、全力疾走、以前より足が落ちた等）への直接言及だけです。
盗塁、盗塁数、走塁判断、スタート技術、内野安打、三塁打、守備範囲、バント後の一塁到達、ゲーム査定だけの投稿は返さないでください。
各結果は、実在するx.com/status URL、@handle、投稿本文の必要最小限の原文、投稿日時を必ず付けてください。条件を満たす投稿がなければ「Nothing found」とだけ答えてください。推測・要約・無関係な投稿は返さないでください。","[""speedster""]","[""GXQ047""]",data/manual/speed_2026_grok_x_search_receipts_20260810.json,友杉はすごいんです！！！打てますし、守備もすごいんです！！！足もめちゃくちゃ速いです！！！,友杉はすごいんです！！！打てますし、守備もすごいんです！！！足もめちゃくちゃ速いです！！！,2026年の投稿は、友杉の足を非常に速いと明示する。,2026年の投稿は、友杉の足を非常に速いと明示する。,CURRENT_2026,CURRENT_2026,FASTER,faster,EXPLICIT_CURRENT_PHYSICAL_SPEED_LABEL,MODERATE,X_AUTHOR_JOXAR57,true,ACCEPTED,,true,false,false,,,RETRIEVED_BY_GROK_X_X_SEARCH,SINGLE_RETURNED_URL
GXSR166,林 琢真,横浜DeNAベイスターズ,P071,TYPE_B_PHYSICAL_ORDER_CONFLICT,GROK_X_SUPPLEMENT,X_TWITTER,REJECTED_CANDIDATE,@abcabcabcabc07,,@abcabcabcabc07,1794296337779073194,https://x.com/abcabcabcabc07/status/1794296337779073194,https://x.com/abcabcabcabc07/status/1794296337779073194,2024-05-25 09:15:57 GMT,2024-05-25,TIMESTAMP_RETURNED_BY_GROK_X,2026-08-10T12:41:02.572Z,"X（Twitter）の実在する投稿だけを検索してください。
対象選手は日本プロ野球の「林 琢真」です。投稿本文に「林 琢真」または明確に同選手を指す表記を実際に含むものだけにしてください。
検索観点: 「全力疾走」「加速」「疾走」など、実際の身体的な走りへの直接観察。
優先期間は2026年、次に2025年、次に2024年です。
採用候補は、野球で一歩目から約90ftまで走る純粋な身体的running ability（足の速さ、直線速度、加速、全力疾走、以前より足が落ちた等）への直接言及だけです。
盗塁、盗塁数、走塁判断、スタート技術、内野安打、三塁打、守備範囲、バント後の一塁到達、ゲーム査定だけの投稿は返さないでください。
各結果は、実在するx.com/status URL、@handle、投稿本文の必要最小限の原文、投稿日時を必ず付けてください。条件を満たす投稿がなければ「Nothing found」とだけ答えてください。推測・要約・無関係な投稿は返さないでください。","[""all_out_run""]","[""GXQ141""]",data/manual/speed_2026_grok_x_search_receipts_20260810.json,,,,,CONTEMPORARY_2024_HISTORICAL_CONTEXT,CONTEMPORARY_2024_HISTORICAL_CONTEXT,NON_DIRECTIONAL,not_directional,INCOMPLETE_RETURNED_METADATA,NONE_FOR_ACCEPTANCE,X_AUTHOR_abcabcabcabc07,false,REJECTED,MISSING_VERIFIABLE_POST_TEXT_OR_TIMESTAMP,false,false,false,,,POST_METADATA_INCOMPLETE_NOT_TREATED_AS_CONFIRMED_POST,SINGLE_RETURNED_URL
GXSR167,林 琢真,横浜DeNAベイスターズ,P071,TYPE_B_PHYSICAL_ORDER_CONFLICT,GROK_X_SUPPLEMENT,X_TWITTER,SNS,@hamanoooenoouji,,@hamanoooenoouji,1838020676210528686,https://x.com/hamanoooenoouji/status/1838020676210528686,https://x.com/hamanoooenoouji/status/1838020676210528686,2024-09-23,2024-09-23,DAY_RETURNED_BY_GROK_X,2026-08-10T12:40:41.175Z,"X（Twitter）の実在する投稿だけを検索してください。
対象選手は日本プロ野球の「林 琢真」です。投稿本文に「林 琢真」または明確に同選手を指す表記を実際に含むものだけにしてください。
検索観点: 「足が速い」「速い足」「快足」など、速さそのものへの直接評価。
優先期間は2026年、次に2025年、次に2024年です。
採用候補は、野球で一歩目から約90ftまで走る純粋な身体的running ability（足の速さ、直線速度、加速、全力疾走、以前より足が落ちた等）への直接言及だけです。
盗塁、盗塁数、走塁判断、スタート技術、内野安打、三塁打、守備範囲、バント後の一塁到達、ゲーム査定だけの投稿は返さないでください。
各結果は、実在するx.com/status URL、@handle、投稿本文の必要最小限の原文、投稿日時を必ず付けてください。条件を満たす投稿がなければ「Nothing found」とだけ答えてください。推測・要約・無関係な投稿は返さないでください。","[""fast""]","[""GXQ136""]",data/manual/speed_2026_grok_x_search_receipts_20260810.json,サードしか出来ない柴田ってマジで一軍に必要ないんだけどだったら正直セカンドサードショートできて足速い林琢真選手で充分だわ,サードしか出来ない柴田ってマジで一軍に必要ないんだけどだったら正直セカンドサードショートできて足速い林琢真選手で充分だわ,2024年の投稿は、林の足を速いと明示する。,2024年の投稿は、林の足を速いと明示する。,CONTEMPORARY_2024_HISTORICAL_CONTEXT,CONTEMPORARY_2024_HISTORICAL_CONTEXT,FASTER,faster,EXPLICIT_PHYSICAL_SPEED_LABEL,MODERATE_HISTORICAL,X_AUTHOR_hamanoooenoouji,true,ACCEPTED,,true,false,false,,,RETRIEVED_BY_GROK_X_X_SEARCH,SINGLE_RETURNED_URL
GXSR168,林 琢真,横浜DeNAベイスターズ,P071,TYPE_B_PHYSICAL_ORDER_CONFLICT,GROK_X_SUPPLEMENT,X_TWITTER,REJECTED_CANDIDATE,@ross_hoenn,,@ross_hoenn,1851241118618566775,https://x.com/ross_hoenn/status/1851241118618566775,https://x.com/ross_hoenn/status/1851241118618566775,2024-10-29,2024-10-29,DAY_RETURNED_BY_GROK_X,2026-08-10T12:40:41.547Z,"X（Twitter）の実在する投稿だけを検索してください。
対象選手は日本プロ野球の「林 琢真」です。投稿本文に「林 琢真」または明確に同選手を指す表記を実際に含むものだけにしてください。
検索観点: 「走力」「脚力」など、身体的な走る能力への直接評価。
優先期間は2026年、次に2025年、次に2024年です。
採用候補は、野球で一歩目から約90ftまで走る純粋な身体的running ability（足の速さ、直線速度、加速、全力疾走、以前より足が落ちた等）への直接言及だけです。
盗塁、盗塁数、走塁判断、スタート技術、内野安打、三塁打、守備範囲、バント後の一塁到達、ゲーム査定だけの投稿は返さないでください。
各結果は、実在するx.com/status URL、@handle、投稿本文の必要最小限の原文、投稿日時を必ず付けてください。条件を満たす投稿がなければ「Nothing found」とだけ答えてください。推測・要約・無関係な投稿は返さないでください。","[""running_ability""]","[""GXQ138""]",data/manual/speed_2026_grok_x_search_receipts_20260810.json,瞬足林琢真最高宝石,瞬足林琢真最高宝石,,,CONTEMPORARY_2024_HISTORICAL_CONTEXT,CONTEMPORARY_2024_HISTORICAL_CONTEXT,NON_DIRECTIONAL,not_directional,NOT_ACCEPTED_AFTER_REVIEW,NONE_FOR_ACCEPTANCE,X_AUTHOR_ross_hoenn,false,REJECTED,NO_CLEAR_DIRECT_PHYSICAL_SPEED_CLAIM,false,false,false,,,RETRIEVED_BY_GROK_X_X_SEARCH,SINGLE_RETURNED_URL
GXSR169,林 琢真,横浜DeNAベイスターズ,P071,TYPE_B_PHYSICAL_ORDER_CONFLICT,GROK_X_SUPPLEMENT,X_TWITTER,REJECTED_CANDIDATE,@sunsun465363,,@sunsun465363,1851248880589168963,https://x.com/sunsun465363/status/1851248880589168963,https://x.com/sunsun465363/status/1851248880589168963,2024-10-29 13:05:02 GMT,2024-10-29,TIMESTAMP_RETURNED_BY_GROK_X,2026-08-10T12:41:07.368Z,"X（Twitter）の実在する投稿だけを検索してください。
対象選手は日本プロ野球の「林 琢真」です。投稿本文に「林 琢真」または明確に同選手を指す表記を実際に含むものだけにしてください。
検索観点: 「スピード」「直線速度」「加速」など、走る速さへの直接評価。
優先期間は2026年、次に2025年、次に2024年です。
採用候補は、野球で一歩目から約90ftまで走る純粋な身体的running ability（足の速さ、直線速度、加速、全力疾走、以前より足が落ちた等）への直接言及だけです。
盗塁、盗塁数、走塁判断、スタート技術、内野安打、三塁打、守備範囲、バント後の一塁到達、ゲーム査定だけの投稿は返さないでください。
各結果は、実在するx.com/status URL、@handle、投稿本文の必要最小限の原文、投稿日時を必ず付けてください。条件を満たす投稿がなければ「Nothing found」とだけ答えてください。推測・要約・無関係な投稿は返さないでください。","[""speed""]","[""GXQ139""]",data/manual/speed_2026_grok_x_search_receipts_20260810.json,,,,,CONTEMPORARY_2024_HISTORICAL_CONTEXT,CONTEMPORARY_2024_HISTORICAL_CONTEXT,NON_DIRECTIONAL,not_directional,INCOMPLETE_RETURNED_METADATA,NONE_FOR_ACCEPTANCE,X_AUTHOR_sunsun465363,false,REJECTED,MISSING_VERIFIABLE_POST_TEXT_OR_TIMESTAMP,false,false,false,,,POST_METADATA_INCOMPLETE_NOT_TREATED_AS_CONFIRMED_POST,SINGLE_RETURNED_URL
GXSR170,林 琢真,横浜DeNAベイスターズ,P071,TYPE_B_PHYSICAL_ORDER_CONFLICT,GROK_X_SUPPLEMENT,X_TWITTER,REJECTED_CANDIDATE,@Nor1suK_99,,@Nor1suK_99,1863856841413025998,https://x.com/Nor1suK_99/status/1863856841413025998,https://x.com/Nor1suK_99/status/1863856841413025998,2024-12-03,2024-12-03,DAY_RETURNED_BY_GROK_X,2026-08-10T12:40:41.547Z,"X（Twitter）の実在する投稿だけを検索してください。
対象選手は日本プロ野球の「林 琢真」です。投稿本文に「林 琢真」または明確に同選手を指す表記を実際に含むものだけにしてください。
検索観点: 「走力」「脚力」など、身体的な走る能力への直接評価。
優先期間は2026年、次に2025年、次に2024年です。
採用候補は、野球で一歩目から約90ftまで走る純粋な身体的running ability（足の速さ、直線速度、加速、全力疾走、以前より足が落ちた等）への直接言及だけです。
盗塁、盗塁数、走塁判断、スタート技術、内野安打、三塁打、守備範囲、バント後の一塁到達、ゲーム査定だけの投稿は返さないでください。
各結果は、実在するx.com/status URL、@handle、投稿本文の必要最小限の原文、投稿日時を必ず付けてください。条件を満たす投稿がなければ「Nothing found」とだけ答えてください。推測・要約・無関係な投稿は返さないでください。","[""running_ability""]","[""GXQ138""]",data/manual/speed_2026_grok_x_search_receipts_20260810.json,林琢真さん、実際にセカンドはめちゃくちゃ上手いしな ショートだとどうしても肩よええのが足引っ張ってるしセカンドの自覚があるのはいいこと,林琢真さん、実際にセカンドはめちゃくちゃ上手いしな ショートだとどうしても肩よええのが足引っ張ってるしセカンドの自覚があるのはいいこと,,,CONTEMPORARY_2024_HISTORICAL_CONTEXT,CONTEMPORARY_2024_HISTORICAL_CONTEXT,NON_DIRECTIONAL,not_directional,NOT_ACCEPTED_AFTER_REVIEW,NONE_FOR_ACCEPTANCE,X_AUTHOR_Nor1suK_99,false,REJECTED,NO_CLEAR_DIRECT_PHYSICAL_SPEED_CLAIM,false,false,false,,,RETRIEVED_BY_GROK_X_X_SEARCH,SINGLE_RETURNED_URL
GXSR171,林 琢真,横浜DeNAベイスターズ,P071,TYPE_B_PHYSICAL_ORDER_CONFLICT,GROK_X_SUPPLEMENT,X_TWITTER,REJECTED_CANDIDATE,@_Shifttrr,,@_Shifttrr,1976888917992570915,https://x.com/_Shifttrr/status/1976888917992570915,https://x.com/_Shifttrr/status/1976888917992570915,2025-10-11 05:53:41 GMT,2025-10-11,TIMESTAMP_RETURNED_BY_GROK_X,2026-08-10T12:41:02.572Z,"X（Twitter）の実在する投稿だけを検索してください。
対象選手は日本プロ野球の「林 琢真」です。投稿本文に「林 琢真」または明確に同選手を指す表記を実際に含むものだけにしてください。
検索観点: 「全力疾走」「加速」「疾走」など、実際の身体的な走りへの直接観察。
優先期間は2026年、次に2025年、次に2024年です。
採用候補は、野球で一歩目から約90ftまで走る純粋な身体的running ability（足の速さ、直線速度、加速、全力疾走、以前より足が落ちた等）への直接言及だけです。
盗塁、盗塁数、走塁判断、スタート技術、内野安打、三塁打、守備範囲、バント後の一塁到達、ゲーム査定だけの投稿は返さないでください。
各結果は、実在するx.com/status URL、@handle、投稿本文の必要最小限の原文、投稿日時を必ず付けてください。条件を満たす投稿がなければ「Nothing found」とだけ答えてください。推測・要約・無関係な投稿は返さないでください。","[""all_out_run""]","[""GXQ141""]",data/manual/speed_2026_grok_x_search_receipts_20260810.json,,,,,CURRENT_2025,CURRENT_2025,NON_DIRECTIONAL,not_directional,INCOMPLETE_RETURNED_METADATA,NONE_FOR_ACCEPTANCE,X_AUTHOR__Shifttrr,false,REJECTED,MISSING_VERIFIABLE_POST_TEXT_OR_TIMESTAMP,false,false,false,,,POST_METADATA_INCOMPLETE_NOT_TREATED_AS_CONFIRMED_POST,SINGLE_RETURNED_URL
GXSR172,林 琢真,横浜DeNAベイスターズ,P071,TYPE_B_PHYSICAL_ORDER_CONFLICT,GROK_X_SUPPLEMENT,X_TWITTER,REJECTED_CANDIDATE,@AgwKG6cngIAMytE,,@AgwKG6cngIAMytE,1977714872176545971,https://x.com/AgwKG6cngIAMytE/status/1977714872176545971,https://x.com/AgwKG6cngIAMytE/status/1977714872176545971,,,NOT_RETURNED,2026-08-10T12:41:19.205Z,"X（Twitter）の実在する投稿だけを検索してください。
対象選手は日本プロ野球の「林 琢真」です。投稿本文に「林 琢真」または明確に同選手を指す表記を実際に含むものだけにしてください。
検索観点: 2025年の「足」「俊足」「走力」「スピード」「全力疾走」の直接的な身体速度評価。
優先期間は2025年の投稿です。2025年に見つからない場合だけ、2024–2026年で明示的に日付が分かる投稿を返してください。
採用候補は、野球で一歩目から約90ftまで走る純粋な身体的running ability（足の速さ、直線速度、加速、全力疾走、以前より足が落ちた等）への直接言及だけです。
盗塁、盗塁数、走塁判断、スタート技術、内野安打、三塁打、守備範囲、バント後の一塁到達、ゲーム査定だけの投稿は返さないでください。
各結果は、実在するx.com/status URL、@handle、投稿本文の必要最小限の原文、投稿日時を必ず付けてください。条件を満たす投稿がなければ「Nothing found」とだけ答えてください。推測・要約・無関係な投稿は返さないでください。","[""year_2025""]","[""GXQ143""]",data/manual/speed_2026_grok_x_search_receipts_20260810.json,,,,,UNVERIFIED_TEMPORAL_CONTEXT,UNVERIFIED_TEMPORAL_CONTEXT,NON_DIRECTIONAL,not_directional,INCOMPLETE_RETURNED_METADATA,NONE_FOR_ACCEPTANCE,X_AUTHOR_AgwKG6cngIAMytE,false,REJECTED,MISSING_VERIFIABLE_POST_TEXT_OR_TIMESTAMP,false,false,false,,,POST_METADATA_INCOMPLETE_NOT_TREATED_AS_CONFIRMED_POST,SINGLE_RETURNED_URL
GXSR173,林 琢真,横浜DeNAベイスターズ,P071,TYPE_B_PHYSICAL_ORDER_CONFLICT,GROK_X_SUPPLEMENT,X_TWITTER,SNS,@0417_Incidents,,@0417_Incidents,1978418232542290258,https://x.com/0417_Incidents/status/1978418232542290258,https://x.com/0417_Incidents/status/1978418232542290258,2025-10-15,2025-10-15,DAY_RETURNED_BY_GROK_X,2026-08-10T12:41:19.205Z,"X（Twitter）の実在する投稿だけを検索してください。
対象選手は日本プロ野球の「林 琢真」です。投稿本文に「林 琢真」または明確に同選手を指す表記を実際に含むものだけにしてください。
検索観点: 「足が速い」「速い足」「快足」など、速さそのものへの直接評価。
優先期間は2026年、次に2025年、次に2024年です。
採用候補は、野球で一歩目から約90ftまで走る純粋な身体的running ability（足の速さ、直線速度、加速、全力疾走、以前より足が落ちた等）への直接言及だけです。
盗塁、盗塁数、走塁判断、スタート技術、内野安打、三塁打、守備範囲、バント後の一塁到達、ゲーム査定だけの投稿は返さないでください。
各結果は、実在するx.com/status URL、@handle、投稿本文の必要最小限の原文、投稿日時を必ず付けてください。条件を満たす投稿がなければ「Nothing found」とだけ答えてください。推測・要約・無関係な投稿は返さないでください。","[""fast"",""speed"",""year_2025""]","[""GXQ136"",""GXQ139"",""GXQ143""]",data/manual/speed_2026_grok_x_search_receipts_20260810.json,林琢真足が速い！,林琢真足が速い！,2025年の投稿は、林の足を速いと明示する。,2025年の投稿は、林の足を速いと明示する。,CURRENT_2025,CURRENT_2025,FASTER,faster,EXPLICIT_CURRENT_PHYSICAL_SPEED_LABEL,MODERATE,X_AUTHOR_0417_Incidents,true,ACCEPTED,,true,false,false,,,RETRIEVED_BY_GROK_X_X_SEARCH,SINGLE_RETURNED_URL
GXSR174,林 琢真,横浜DeNAベイスターズ,P071,TYPE_B_PHYSICAL_ORDER_CONFLICT,GROK_X_SUPPLEMENT,X_TWITTER,REJECTED_CANDIDATE,@iipyon0507,,@iipyon0507,1978418339215982609,https://x.com/iipyon0507/status/1978418339215982609,https://x.com/iipyon0507/status/1978418339215982609,,,NOT_RETURNED,2026-08-10T12:41:19.205Z,"X（Twitter）の実在する投稿だけを検索してください。
対象選手は日本プロ野球の「林 琢真」です。投稿本文に「林 琢真」または明確に同選手を指す表記を実際に含むものだけにしてください。
検索観点: 2025年の「足」「俊足」「走力」「スピード」「全力疾走」の直接的な身体速度評価。
優先期間は2025年の投稿です。2025年に見つからない場合だけ、2024–2026年で明示的に日付が分かる投稿を返してください。
採用候補は、野球で一歩目から約90ftまで走る純粋な身体的running ability（足の速さ、直線速度、加速、全力疾走、以前より足が落ちた等）への直接言及だけです。
盗塁、盗塁数、走塁判断、スタート技術、内野安打、三塁打、守備範囲、バント後の一塁到達、ゲーム査定だけの投稿は返さないでください。
各結果は、実在するx.com/status URL、@handle、投稿本文の必要最小限の原文、投稿日時を必ず付けてください。条件を満たす投稿がなければ「Nothing found」とだけ答えてください。推測・要約・無関係な投稿は返さないでください。","[""year_2025""]","[""GXQ143""]",data/manual/speed_2026_grok_x_search_receipts_20260810.json,,,,,UNVERIFIED_TEMPORAL_CONTEXT,UNVERIFIED_TEMPORAL_CONTEXT,NON_DIRECTIONAL,not_directional,INCOMPLETE_RETURNED_METADATA,NONE_FOR_ACCEPTANCE,X_AUTHOR_iipyon0507,false,REJECTED,MISSING_VERIFIABLE_POST_TEXT_OR_TIMESTAMP,false,false,false,,,POST_METADATA_INCOMPLETE_NOT_TREATED_AS_CONFIRMED_POST,SINGLE_RETURNED_URL
GXSR175,林 琢真,横浜DeNAベイスターズ,P071,TYPE_B_PHYSICAL_ORDER_CONFLICT,GROK_X_SUPPLEMENT,X_TWITTER,REJECTED_CANDIDATE,@cun_song14143,,@cun_song14143,1990736218078818702,https://x.com/cun_song14143/status/1990736218078818702,https://x.com/cun_song14143/status/1990736218078818702,,,NOT_RETURNED,2026-08-10T12:41:19.205Z,"X（Twitter）の実在する投稿だけを検索してください。
対象選手は日本プロ野球の「林 琢真」です。投稿本文に「林 琢真」または明確に同選手を指す表記を実際に含むものだけにしてください。
検索観点: 2025年の「足」「俊足」「走力」「スピード」「全力疾走」の直接的な身体速度評価。
優先期間は2025年の投稿です。2025年に見つからない場合だけ、2024–2026年で明示的に日付が分かる投稿を返してください。
採用候補は、野球で一歩目から約90ftまで走る純粋な身体的running ability（足の速さ、直線速度、加速、全力疾走、以前より足が落ちた等）への直接言及だけです。
盗塁、盗塁数、走塁判断、スタート技術、内野安打、三塁打、守備範囲、バント後の一塁到達、ゲーム査定だけの投稿は返さないでください。
各結果は、実在するx.com/status URL、@handle、投稿本文の必要最小限の原文、投稿日時を必ず付けてください。条件を満たす投稿がなければ「Nothing found」とだけ答えてください。推測・要約・無関係な投稿は返さないでください。","[""year_2025""]","[""GXQ143""]",data/manual/speed_2026_grok_x_search_receipts_20260810.json,,,,,UNVERIFIED_TEMPORAL_CONTEXT,UNVERIFIED_TEMPORAL_CONTEXT,NON_DIRECTIONAL,not_directional,INCOMPLETE_RETURNED_METADATA,NONE_FOR_ACCEPTANCE,X_AUTHOR_cun_song14143,false,REJECTED,MISSING_VERIFIABLE_POST_TEXT_OR_TIMESTAMP,false,false,false,,,POST_METADATA_INCOMPLETE_NOT_TREATED_AS_CONFIRMED_POST,SINGLE_RETURNED_URL
GXSR176,林 琢真,横浜DeNAベイスターズ,P071,TYPE_B_PHYSICAL_ORDER_CONFLICT,GROK_X_SUPPLEMENT,X_TWITTER,SNS,@ikomariny,,@ikomariny,1994367143262208295,https://x.com/ikomariny/status/1994367143262208295,https://x.com/ikomariny/status/1994367143262208295,2025-11-28,2025-11-28,DAY_RETURNED_BY_GROK_X,2026-08-10T12:41:19.205Z,"X（Twitter）の実在する投稿だけを検索してください。
対象選手は日本プロ野球の「林 琢真」です。投稿本文に「林 琢真」または明確に同選手を指す表記を実際に含むものだけにしてください。
検索観点: 「足が速い」「速い足」「快足」など、速さそのものへの直接評価。
優先期間は2026年、次に2025年、次に2024年です。
採用候補は、野球で一歩目から約90ftまで走る純粋な身体的running ability（足の速さ、直線速度、加速、全力疾走、以前より足が落ちた等）への直接言及だけです。
盗塁、盗塁数、走塁判断、スタート技術、内野安打、三塁打、守備範囲、バント後の一塁到達、ゲーム査定だけの投稿は返さないでください。
各結果は、実在するx.com/status URL、@handle、投稿本文の必要最小限の原文、投稿日時を必ず付けてください。条件を満たす投稿がなければ「Nothing found」とだけ答えてください。推測・要約・無関係な投稿は返さないでください。","[""fast"",""running_ability"",""year_2025""]","[""GXQ136"",""GXQ138"",""GXQ143""]",data/manual/speed_2026_grok_x_search_receipts_20260810.json,琢真は今年も本当によく 頑張ってくれた✨ ありがとうね！ 守備も安心 粘りのプレーや打撃もよくなって 足も速いし 来季も期待しかないですね😊,琢真は今年も本当によく 頑張ってくれた✨ ありがとうね！ 守備も安心 粘りのプレーや打撃もよくなって 足も速いし 来季も期待しかないですね😊,2025年の投稿は、林の足を速いと明示する。,2025年の投稿は、林の足を速いと明示する。,CURRENT_2025,CURRENT_2025,FASTER,faster,GENERIC_CURRENT_PLAYER_SPEED_LABEL,MODERATE,X_AUTHOR_ikomariny,true,ACCEPTED,,true,false,false,,,RETRIEVED_BY_GROK_X_X_SEARCH,SINGLE_RETURNED_URL
GXSR177,林 琢真,横浜DeNAベイスターズ,P071,TYPE_B_PHYSICAL_ORDER_CONFLICT,GROK_X_SUPPLEMENT,X_TWITTER,REJECTED_CANDIDATE,@Tao_0322,,@Tao_0322,2035692370558349456,https://x.com/Tao_0322/status/2035692370558349456,https://x.com/Tao_0322/status/2035692370558349456,2026-03-22 12:17:37 GMT,2026-03-22,TIMESTAMP_RETURNED_BY_GROK_X,2026-08-10T12:41:07.368Z,"X（Twitter）の実在する投稿だけを検索してください。
対象選手は日本プロ野球の「林 琢真」です。投稿本文に「林 琢真」または明確に同選手を指す表記を実際に含むものだけにしてください。
検索観点: 「スピード」「直線速度」「加速」など、走る速さへの直接評価。
優先期間は2026年、次に2025年、次に2024年です。
採用候補は、野球で一歩目から約90ftまで走る純粋な身体的running ability（足の速さ、直線速度、加速、全力疾走、以前より足が落ちた等）への直接言及だけです。
盗塁、盗塁数、走塁判断、スタート技術、内野安打、三塁打、守備範囲、バント後の一塁到達、ゲーム査定だけの投稿は返さないでください。
各結果は、実在するx.com/status URL、@handle、投稿本文の必要最小限の原文、投稿日時を必ず付けてください。条件を満たす投稿がなければ「Nothing found」とだけ答えてください。推測・要約・無関係な投稿は返さないでください。","[""speed""]","[""GXQ139""]",data/manual/speed_2026_grok_x_search_receipts_20260810.json,,,,,CURRENT_2026,CURRENT_2026,NON_DIRECTIONAL,not_directional,INCOMPLETE_RETURNED_METADATA,NONE_FOR_ACCEPTANCE,X_AUTHOR_Tao_0322,false,REJECTED,MISSING_VERIFIABLE_POST_TEXT_OR_TIMESTAMP,false,false,false,,,POST_METADATA_INCOMPLETE_NOT_TREATED_AS_CONFIRMED_POST,SINGLE_RETURNED_URL
GXSR178,林 琢真,横浜DeNAベイスターズ,P071,TYPE_B_PHYSICAL_ORDER_CONFLICT,GROK_X_SUPPLEMENT,X_TWITTER,REJECTED_CANDIDATE,@tracking_now,,@tracking_now,2040603137187471860,https://x.com/tracking_now/status/2040603137187471860,https://x.com/tracking_now/status/2040603137187471860,,,NOT_RETURNED,2026-08-10T12:40:59.554Z,"X（Twitter）の実在する投稿だけを検索してください。
対象選手は日本プロ野球の「林 琢真」です。投稿本文に「林 琢真」または明確に同選手を指す表記を実際に含むものだけにしてください。
検索観点: 「足が遅い」「遅い」「鈍足」など、身体的running abilityの低下又は遅さへの直接評価。
優先期間は2026年、次に2025年、次に2024年です。
採用候補は、野球で一歩目から約90ftまで走る純粋な身体的running ability（足の速さ、直線速度、加速、全力疾走、以前より足が落ちた等）への直接言及だけです。
盗塁、盗塁数、走塁判断、スタート技術、内野安打、三塁打、守備範囲、バント後の一塁到達、ゲーム査定だけの投稿は返さないでください。
各結果は、実在するx.com/status URL、@handle、投稿本文の必要最小限の原文、投稿日時を必ず付けてください。条件を満たす投稿がなければ「Nothing found」とだけ答えてください。推測・要約・無関係な投稿は返さないでください。","[""slow""]","[""GXQ140""]",data/manual/speed_2026_grok_x_search_receipts_20260810.json,,,,,UNVERIFIED_TEMPORAL_CONTEXT,UNVERIFIED_TEMPORAL_CONTEXT,NON_DIRECTIONAL,not_directional,INCOMPLETE_RETURNED_METADATA,NONE_FOR_ACCEPTANCE,X_AUTHOR_tracking_now,false,REJECTED,MISSING_VERIFIABLE_POST_TEXT_OR_TIMESTAMP,false,false,false,,,POST_METADATA_INCOMPLETE_NOT_TREATED_AS_CONFIRMED_POST,SINGLE_RETURNED_URL
GXSR179,林 琢真,横浜DeNAベイスターズ,P071,TYPE_B_PHYSICAL_ORDER_CONFLICT,GROK_X_SUPPLEMENT,X_TWITTER,REJECTED_CANDIDATE,@6d0WLgoKfP20737,,@6d0WLgoKfP20737,2041867789183676641,https://x.com/6d0WLgoKfP20737/status/2041867789183676641,https://x.com/6d0WLgoKfP20737/status/2041867789183676641,2026-04-08,2026-04-08,DAY_RETURNED_BY_GROK_X,2026-08-10T12:40:41.175Z,"X（Twitter）の実在する投稿だけを検索してください。
対象選手は日本プロ野球の「林 琢真」です。投稿本文に「林 琢真」または明確に同選手を指す表記を実際に含むものだけにしてください。
検索観点: 「足が速い」「速い足」「快足」など、速さそのものへの直接評価。
優先期間は2026年、次に2025年、次に2024年です。
採用候補は、野球で一歩目から約90ftまで走る純粋な身体的running ability（足の速さ、直線速度、加速、全力疾走、以前より足が落ちた等）への直接言及だけです。
盗塁、盗塁数、走塁判断、スタート技術、内野安打、三塁打、守備範囲、バント後の一塁到達、ゲーム査定だけの投稿は返さないでください。
各結果は、実在するx.com/status URL、@handle、投稿本文の必要最小限の原文、投稿日時を必ず付けてください。条件を満たす投稿がなければ「Nothing found」とだけ答えてください。推測・要約・無関係な投稿は返さないでください。","[""fast""]","[""GXQ136""]",data/manual/speed_2026_grok_x_search_receipts_20260810.json,石上よりも足も速いだろうし,石上よりも足も速いだろうし,,,CURRENT_2026,CURRENT_2026,FASTER,faster,TARGET_NOT_VERIFIABLE,NONE_FOR_ACCEPTANCE,X_AUTHOR_6d0WLgoKfP20737,false,REJECTED,TARGET_NOT_VERIFIABLE_FROM_RETURNED_POST_TEXT,false,false,false,,,RETRIEVED_BY_GROK_X_X_SEARCH,SINGLE_RETURNED_URL
GXSR180,林 琢真,横浜DeNAベイスターズ,P071,TYPE_B_PHYSICAL_ORDER_CONFLICT,GROK_X_SUPPLEMENT,X_TWITTER,REJECTED_CANDIDATE,@Lysenko_Yoshida,,@Lysenko_Yoshida,2049700341634187360,https://x.com/Lysenko_Yoshida/status/2049700341634187360,https://x.com/Lysenko_Yoshida/status/2049700341634187360,2026-04-30,2026-04-30,DAY_RETURNED_BY_GROK_X,2026-08-10T12:40:41.175Z,"X（Twitter）の実在する投稿だけを検索してください。
対象選手は日本プロ野球の「林 琢真」です。投稿本文に「林 琢真」または明確に同選手を指す表記を実際に含むものだけにしてください。
検索観点: 「足が速い」「速い足」「快足」など、速さそのものへの直接評価。
優先期間は2026年、次に2025年、次に2024年です。
採用候補は、野球で一歩目から約90ftまで走る純粋な身体的running ability（足の速さ、直線速度、加速、全力疾走、以前より足が落ちた等）への直接言及だけです。
盗塁、盗塁数、走塁判断、スタート技術、内野安打、三塁打、守備範囲、バント後の一塁到達、ゲーム査定だけの投稿は返さないでください。
各結果は、実在するx.com/status URL、@handle、投稿本文の必要最小限の原文、投稿日時を必ず付けてください。条件を満たす投稿がなければ「Nothing found」とだけ答えてください。推測・要約・無関係な投稿は返さないでください。","[""fast""]","[""GXQ136""]",data/manual/speed_2026_grok_x_search_receipts_20260810.json,実際知野のベーランはマジ、あの番長が足の速い林琢真を使わずに知野を代走に使うくらいマジ。,実際知野のベーランはマジ、あの番長が足の速い林琢真を使わずに知野を代走に使うくらいマジ。,,,CURRENT_2026,CURRENT_2026,FASTER,faster,BASERUNNING_OR_STOLEN_BASE,NONE_FOR_ACCEPTANCE,X_AUTHOR_Lysenko_Yoshida,false,REJECTED,BASERUNNING_DECISION_OR_STOLEN_BASE_CONTEXT_NOT_ISOLATED_TO_PHYSICAL_SPEED,false,false,false,,,RETRIEVED_BY_GROK_X_X_SEARCH,SINGLE_RETURNED_URL
GXSR181,林 琢真,横浜DeNAベイスターズ,P071,TYPE_B_PHYSICAL_ORDER_CONFLICT,GROK_X_SUPPLEMENT,X_TWITTER,REJECTED_CANDIDATE,@makishi23,,@makishi23,2078423711078846672,https://x.com/makishi23/status/2078423711078846672,https://x.com/makishi23/status/2078423711078846672,2026-07-18,2026-07-18,DAY_RETURNED_BY_GROK_X,2026-08-10T12:40:41.547Z,"X（Twitter）の実在する投稿だけを検索してください。
対象選手は日本プロ野球の「林 琢真」です。投稿本文に「林 琢真」または明確に同選手を指す表記を実際に含むものだけにしてください。
検索観点: 「走力」「脚力」など、身体的な走る能力への直接評価。
優先期間は2026年、次に2025年、次に2024年です。
採用候補は、野球で一歩目から約90ftまで走る純粋な身体的running ability（足の速さ、直線速度、加速、全力疾走、以前より足が落ちた等）への直接言及だけです。
盗塁、盗塁数、走塁判断、スタート技術、内野安打、三塁打、守備範囲、バント後の一塁到達、ゲーム査定だけの投稿は返さないでください。
各結果は、実在するx.com/status URL、@handle、投稿本文の必要最小限の原文、投稿日時を必ず付けてください。条件を満たす投稿がなければ「Nothing found」とだけ答えてください。推測・要約・無関係な投稿は返さないでください。","[""running_ability""]","[""GXQ138""]",data/manual/speed_2026_grok_x_search_receipts_20260810.json,今日ハマスタのライスタの近くなんだけど、さっきのもう少しでホームランの林琢真の3ベース、打球が当たった時のゴンって音が聞こえてきて感動した！そして、足の速さにも感動！今日も勝つぞ！ベイスターズ！,今日ハマスタのライスタの近くなんだけど、さっきのもう少しでホームランの林琢真の3ベース、打球が当たった時のゴンって音が聞こえてきて感動した！そして、足の速さにも感動！今日も勝つぞ！ベイスターズ！,,,CURRENT_2026,CURRENT_2026,FASTER,faster,NOT_ACCEPTED_AFTER_REVIEW,NONE_FOR_ACCEPTANCE,X_AUTHOR_makishi23,false,REJECTED,GENERIC_OR_AMBIGUOUS_SPEED_LABEL_NOT_SUFFICIENT_FOR_ACCEPTANCE,false,false,false,,,RETRIEVED_BY_GROK_X_X_SEARCH,SINGLE_RETURNED_URL
GXSR182,林 琢真,横浜DeNAベイスターズ,P071,TYPE_B_PHYSICAL_ORDER_CONFLICT,GROK_X_SUPPLEMENT,X_TWITTER,REJECTED_CANDIDATE,@kakkii_bay,,@kakkii_bay,2079163315524399553,https://x.com/kakkii_bay/status/2079163315524399553,https://x.com/kakkii_bay/status/2079163315524399553,2026-07-20,2026-07-20,DAY_RETURNED_BY_GROK_X,2026-08-10T12:40:41.547Z,"X（Twitter）の実在する投稿だけを検索してください。
対象選手は日本プロ野球の「林 琢真」です。投稿本文に「林 琢真」または明確に同選手を指す表記を実際に含むものだけにしてください。
検索観点: 「走力」「脚力」など、身体的な走る能力への直接評価。
優先期間は2026年、次に2025年、次に2024年です。
採用候補は、野球で一歩目から約90ftまで走る純粋な身体的running ability（足の速さ、直線速度、加速、全力疾走、以前より足が落ちた等）への直接言及だけです。
盗塁、盗塁数、走塁判断、スタート技術、内野安打、三塁打、守備範囲、バント後の一塁到達、ゲーム査定だけの投稿は返さないでください。
各結果は、実在するx.com/status URL、@handle、投稿本文の必要最小限の原文、投稿日時を必ず付けてください。条件を満たす投稿がなければ「Nothing found」とだけ答えてください。推測・要約・無関係な投稿は返さないでください。","[""running_ability""]","[""GXQ138""]",data/manual/speed_2026_grok_x_search_receipts_20260810.json,林琢真の努力を踏みにじるかのような送りバント指示 お前は背が低いし足速いんだから1アウト1塁でもバント！ですか,林琢真の努力を踏みにじるかのような送りバント指示 お前は背が低いし足速いんだから1アウト1塁でもバント！ですか,,,CURRENT_2026,CURRENT_2026,FASTER,faster,BASERUNNING_OR_STOLEN_BASE,NONE_FOR_ACCEPTANCE,X_AUTHOR_kakkii_bay,false,REJECTED,BASERUNNING_DECISION_OR_STOLEN_BASE_CONTEXT_NOT_ISOLATED_TO_PHYSICAL_SPEED,false,false,false,,,RETRIEVED_BY_GROK_X_X_SEARCH,SINGLE_RETURNED_URL
GXSR183,鈴木 大地,東北楽天ゴールデンイーグルス,P065,TYPE_A_CURRENT_SAMPLE_INSTABILITY,GROK_X_SUPPLEMENT,X_TWITTER,REJECTED_CANDIDATE,@toinera_,,@toinera_,1865031178421731550,https://x.com/toinera_/status/1865031178421731550,https://x.com/toinera_/status/1865031178421731550,,,NOT_RETURNED,2026-08-10T12:40:04.940Z,"X（Twitter）の実在する投稿だけを検索してください。
対象選手は日本プロ野球の「鈴木 大地」です。投稿本文に「鈴木 大地」または明確に同選手を指す表記を実際に含むものだけにしてください。
検索観点: 「俊足」など、身体的running abilityを指す直接評価。
優先期間は2026年、次に2025年、次に2024年です。
採用候補は、野球で一歩目から約90ftまで走る純粋な身体的running ability（足の速さ、直線速度、加速、全力疾走、以前より足が落ちた等）への直接言及だけです。
盗塁、盗塁数、走塁判断、スタート技術、内野安打、三塁打、守備範囲、バント後の一塁到達、ゲーム査定だけの投稿は返さないでください。
各結果は、実在するx.com/status URL、@handle、投稿本文の必要最小限の原文、投稿日時を必ず付けてください。条件を満たす投稿がなければ「Nothing found」とだけ答えてください。推測・要約・無関係な投稿は返さないでください。","[""all_out_run"",""speedster""]","[""GXQ128"",""GXQ132""]",data/manual/speed_2026_grok_x_search_receipts_20260810.json,"足速そうな名前と選手像なのの実は全然足が速くない男、その名は鈴木大地
2024-12-06 13:50:58 GMT","足速そうな名前と選手像なのの実は全然足が速くない男、その名は鈴木大地
2024-12-06 13:50:58 GMT",,,UNVERIFIED_TEMPORAL_CONTEXT,UNVERIFIED_TEMPORAL_CONTEXT,FASTER,faster,INCOMPLETE_RETURNED_METADATA,NONE_FOR_ACCEPTANCE,X_AUTHOR_toinera_,false,REJECTED,MISSING_VERIFIABLE_POST_TEXT_OR_TIMESTAMP,false,false,false,,,POST_METADATA_INCOMPLETE_NOT_TREATED_AS_CONFIRMED_POST,SINGLE_RETURNED_URL
GXSR184,鈴木 大地,東北楽天ゴールデンイーグルス,P065,TYPE_A_CURRENT_SAMPLE_INSTABILITY,GROK_X_SUPPLEMENT,X_TWITTER,REJECTED_CANDIDATE,@aobata_jpn,,@aobata_jpn,1971877407171952704,https://x.com/aobata_jpn/status/1971877407171952704,https://x.com/aobata_jpn/status/1971877407171952704,2024-12-06 13:50:58 GMT,2024-12-06,TIMESTAMP_RETURNED_BY_GROK_X,2026-08-10T12:40:20.885Z,"X（Twitter）の実在する投稿だけを検索してください。
対象選手は日本プロ野球の「鈴木 大地」です。投稿本文に「鈴木 大地」または明確に同選手を指す表記を実際に含むものだけにしてください。
検索観点: 「俊足」など、身体的running abilityを指す直接評価。
優先期間は2026年、次に2025年、次に2024年です。
採用候補は、野球で一歩目から約90ftまで走る純粋な身体的running ability（足の速さ、直線速度、加速、全力疾走、以前より足が落ちた等）への直接言及だけです。
盗塁、盗塁数、走塁判断、スタート技術、内野安打、三塁打、守備範囲、バント後の一塁到達、ゲーム査定だけの投稿は返さないでください。
各結果は、実在するx.com/status URL、@handle、投稿本文の必要最小限の原文、投稿日時を必ず付けてください。条件を満たす投稿がなければ「Nothing found」とだけ答えてください。推測・要約・無関係な投稿は返さないでください。","[""all_out_run"",""running_ability"",""speedster"",""year_2025""]","[""GXQ128"",""GXQ129"",""GXQ132"",""GXQ134""]",data/manual/speed_2026_grok_x_search_receipts_20260810.json,"鈴木大地36歳、全力疾走！
2025-09-27 09:59:44 GMT","鈴木大地36歳、全力疾走！
2025-09-27 09:59:44 GMT",,,CONTEMPORARY_2024_HISTORICAL_CONTEXT,CONTEMPORARY_2024_HISTORICAL_CONTEXT,NON_DIRECTIONAL,not_directional,EFFORT_NOT_SPEED,NONE_FOR_ACCEPTANCE,X_AUTHOR_aobata_jpn,false,REJECTED,ALL_OUT_EFFORT_WITHOUT_SPEED_OBSERVATION,false,false,false,,,RETRIEVED_BY_GROK_X_X_SEARCH,SINGLE_RETURNED_URL
GXSR185,鈴木 大地,東北楽天ゴールデンイーグルス,P065,TYPE_A_CURRENT_SAMPLE_INSTABILITY,GROK_X_SUPPLEMENT,X_TWITTER,REJECTED_CANDIDATE,@jerryandjimmy,,@jerryandjimmy,1991514528610414964,https://x.com/jerryandjimmy/status/1991514528610414964,https://x.com/jerryandjimmy/status/1991514528610414964,2025-11-20 14:30:38 GMT,2025-11-20,TIMESTAMP_RETURNED_BY_GROK_X,2026-08-10T12:39:51.613Z,"X（Twitter）の実在する投稿だけを検索してください。
対象選手は日本プロ野球の「鈴木 大地」です。投稿本文に「鈴木 大地」または明確に同選手を指す表記を実際に含むものだけにしてください。
検索観点: 「走力」「脚力」など、身体的な走る能力への直接評価。
優先期間は2026年、次に2025年、次に2024年です。
採用候補は、野球で一歩目から約90ftまで走る純粋な身体的running ability（足の速さ、直線速度、加速、全力疾走、以前より足が落ちた等）への直接言及だけです。
盗塁、盗塁数、走塁判断、スタート技術、内野安打、三塁打、守備範囲、バント後の一塁到達、ゲーム査定だけの投稿は返さないでください。
各結果は、実在するx.com/status URL、@handle、投稿本文の必要最小限の原文、投稿日時を必ず付けてください。条件を満たす投稿がなければ「Nothing found」とだけ答えてください。推測・要約・無関係な投稿は返さないでください。","[""running_ability""]","[""GXQ129""]",data/manual/speed_2026_grok_x_search_receipts_20260810.json,"荻野A→D
柳田C→E
島内岡島鈴木大地の走力はF
栗山は余裕のG","荻野A→D
柳田C→E
島内岡島鈴木大地の走力はF
栗山は余裕のG",,,CURRENT_2025,CURRENT_2025,NON_DIRECTIONAL,not_directional,NOT_ACCEPTED_AFTER_REVIEW,NONE_FOR_ACCEPTANCE,X_AUTHOR_jerryandjimmy,false,REJECTED,GENERIC_OR_AMBIGUOUS_SPEED_LABEL_NOT_SUFFICIENT_FOR_ACCEPTANCE,false,false,false,,,RETRIEVED_BY_GROK_X_X_SEARCH,SINGLE_RETURNED_URL
GXSR186,鈴木 大地,東北楽天ゴールデンイーグルス,P065,TYPE_A_CURRENT_SAMPLE_INSTABILITY,GROK_X_SUPPLEMENT,X_TWITTER,REJECTED_CANDIDATE,@Roku7_AIMS,,@Roku7_AIMS,2040609735112823266,https://x.com/Roku7_AIMS/status/2040609735112823266,https://x.com/Roku7_AIMS/status/2040609735112823266,2026-04-05 01:57:28 GMT,2026-04-05,TIMESTAMP_RETURNED_BY_GROK_X,2026-08-10T12:39:51.613Z,"X（Twitter）の実在する投稿だけを検索してください。
対象選手は日本プロ野球の「鈴木 大地」です。投稿本文に「鈴木 大地」または明確に同選手を指す表記を実際に含むものだけにしてください。
検索観点: 「走力」「脚力」など、身体的な走る能力への直接評価。
優先期間は2026年、次に2025年、次に2024年です。
採用候補は、野球で一歩目から約90ftまで走る純粋な身体的running ability（足の速さ、直線速度、加速、全力疾走、以前より足が落ちた等）への直接言及だけです。
盗塁、盗塁数、走塁判断、スタート技術、内野安打、三塁打、守備範囲、バント後の一塁到達、ゲーム査定だけの投稿は返さないでください。
各結果は、実在するx.com/status URL、@handle、投稿本文の必要最小限の原文、投稿日時を必ず付けてください。条件を満たす投稿がなければ「Nothing found」とだけ答えてください。推測・要約・無関係な投稿は返さないでください。","[""running_ability""]","[""GXQ129""]",data/manual/speed_2026_grok_x_search_receipts_20260810.json,"平良の代走専に感じることはあるけど
守備鈴木大地未満
打撃伊藤裕季也未満
走力そこそこ普通
こんな感じだからな
ワォより速いとも思えないけどこれでも首脳陣は使おうとしてらように見えるがな","平良の代走専に感じることはあるけど
守備鈴木大地未満
打撃伊藤裕季也未満
走力そこそこ普通
こんな感じだからな
ワォより速いとも思えないけどこれでも首脳陣は使おうとしてらように見えるがな",,,CURRENT_2026,CURRENT_2026,FASTER,faster,BASERUNNING_OR_STOLEN_BASE,NONE_FOR_ACCEPTANCE,X_AUTHOR_Roku7_AIMS,false,REJECTED,BASERUNNING_DECISION_OR_STOLEN_BASE_CONTEXT_NOT_ISOLATED_TO_PHYSICAL_SPEED,false,false,false,,,RETRIEVED_BY_GROK_X_X_SEARCH,SINGLE_RETURNED_URL
GXSR187,鈴木 大地,東北楽天ゴールデンイーグルス,P065,TYPE_A_CURRENT_SAMPLE_INSTABILITY,GROK_X_SUPPLEMENT,X_TWITTER,REJECTED_CANDIDATE,@yasuhiro926,,@yasuhiro926,2061747891946050004,https://x.com/yasuhiro926/status/2061747891946050004,https://x.com/yasuhiro926/status/2061747891946050004,2026-06-02 09:52:57 GMT,2026-06-02,TIMESTAMP_RETURNED_BY_GROK_X,2026-08-10T12:39:51.613Z,"X（Twitter）の実在する投稿だけを検索してください。
対象選手は日本プロ野球の「鈴木 大地」です。投稿本文に「鈴木 大地」または明確に同選手を指す表記を実際に含むものだけにしてください。
検索観点: 「走力」「脚力」など、身体的な走る能力への直接評価。
優先期間は2026年、次に2025年、次に2024年です。
採用候補は、野球で一歩目から約90ftまで走る純粋な身体的running ability（足の速さ、直線速度、加速、全力疾走、以前より足が落ちた等）への直接言及だけです。
盗塁、盗塁数、走塁判断、スタート技術、内野安打、三塁打、守備範囲、バント後の一塁到達、ゲーム査定だけの投稿は返さないでください。
各結果は、実在するx.com/status URL、@handle、投稿本文の必要最小限の原文、投稿日時を必ず付けてください。条件を満たす投稿がなければ「Nothing found」とだけ答えてください。推測・要約・無関係な投稿は返さないでください。","[""running_ability""]","[""GXQ129""]",data/manual/speed_2026_grok_x_search_receipts_20260810.json,鈴木大地の何が凄いって、別にとりたててパンチ力があるワケでも足が速いワケでもなく、3割打者の常連でもなく(1度も打ってない)せいぜい.270の7本塁打くらいの打者で、守備も別に上手いワケでもないのに、約15年も現役を続けていて1500安打も打ってるトコよな。ある意味で野球少年の希望だと思う。,鈴木大地の何が凄いって、別にとりたててパンチ力があるワケでも足が速いワケでもなく、3割打者の常連でもなく(1度も打ってない)せいぜい.270の7本塁打くらいの打者で、守備も別に上手いワケでもないのに、約15年も現役を続けていて1500安打も打ってるトコよな。ある意味で野球少年の希望だと思う。,,,CURRENT_2026,CURRENT_2026,FASTER,faster,DUPLICATE_OF_EXISTING_SOURCE,NONE_FOR_ACCEPTANCE,X_AUTHOR_yasuhiro926,false,REJECTED,DUPLICATE_OF_EXISTING_SOURCE:SNSR040,false,false,false,,SNSR040,RETRIEVED_BY_GROK_X_X_SEARCH,SINGLE_RETURNED_URL
GXSR188,鈴木 大地,東北楽天ゴールデンイーグルス,P065,TYPE_A_CURRENT_SAMPLE_INSTABILITY,GROK_X_SUPPLEMENT,X_TWITTER,REJECTED_CANDIDATE,@nmstyn,,@nmstyn,2061780209557524582,https://x.com/nmstyn/status/2061780209557524582,https://x.com/nmstyn/status/2061780209557524582,2026-06-02 12:01:22 GMT,2026-06-02,TIMESTAMP_RETURNED_BY_GROK_X,2026-08-10T12:39:47.864Z,"X（Twitter）の実在する投稿だけを検索してください。
対象選手は日本プロ野球の「鈴木 大地」です。投稿本文に「鈴木 大地」または明確に同選手を指す表記を実際に含むものだけにしてください。
検索観点: 「俊足」など、身体的running abilityを指す直接評価。
優先期間は2026年、次に2025年、次に2024年です。
採用候補は、野球で一歩目から約90ftまで走る純粋な身体的running ability（足の速さ、直線速度、加速、全力疾走、以前より足が落ちた等）への直接言及だけです。
盗塁、盗塁数、走塁判断、スタート技術、内野安打、三塁打、守備範囲、バント後の一塁到達、ゲーム査定だけの投稿は返さないでください。
各結果は、実在するx.com/status URL、@handle、投稿本文の必要最小限の原文、投稿日時を必ず付けてください。条件を満たす投稿がなければ「Nothing found」とだけ答えてください。推測・要約・無関係な投稿は返さないでください。","[""speedster""]","[""GXQ128""]",data/manual/speed_2026_grok_x_search_receipts_20260810.json,鈴木大地が俊足…?,鈴木大地が俊足…?,,,CURRENT_2026,CURRENT_2026,FASTER,faster,SAME_EVENT_ORIGIN_DUPLICATE,NONE_FOR_ACCEPTANCE,X_AUTHOR_nmstyn,false,REJECTED,SAME_EVENT_ORIGIN_DUPLICATE_OF_2061780501363671339,false,true,false,2061780501363671339,,RETRIEVED_BY_GROK_X_X_SEARCH,SINGLE_RETURNED_URL
GXSR189,鈴木 大地,東北楽天ゴールデンイーグルス,P065,TYPE_A_CURRENT_SAMPLE_INSTABILITY,GROK_X_SUPPLEMENT,X_TWITTER,REJECTED_CANDIDATE,@maru_maru1359,,@maru_maru1359,2061780328046633243,https://x.com/maru_maru1359/status/2061780328046633243,https://x.com/maru_maru1359/status/2061780328046633243,2026-06-02 12:01:50 GMT,2026-06-02,TIMESTAMP_RETURNED_BY_GROK_X,2026-08-10T12:39:47.864Z,"X（Twitter）の実在する投稿だけを検索してください。
対象選手は日本プロ野球の「鈴木 大地」です。投稿本文に「鈴木 大地」または明確に同選手を指す表記を実際に含むものだけにしてください。
検索観点: 「俊足」など、身体的running abilityを指す直接評価。
優先期間は2026年、次に2025年、次に2024年です。
採用候補は、野球で一歩目から約90ftまで走る純粋な身体的running ability（足の速さ、直線速度、加速、全力疾走、以前より足が落ちた等）への直接言及だけです。
盗塁、盗塁数、走塁判断、スタート技術、内野安打、三塁打、守備範囲、バント後の一塁到達、ゲーム査定だけの投稿は返さないでください。
各結果は、実在するx.com/status URL、@handle、投稿本文の必要最小限の原文、投稿日時を必ず付けてください。条件を満たす投稿がなければ「Nothing found」とだけ答えてください。推測・要約・無関係な投稿は返さないでください。","[""speedster""]","[""GXQ128""]",data/manual/speed_2026_grok_x_search_receipts_20260810.json,実況←鈴木大地は俊足です！,実況←鈴木大地は俊足です！,,,CURRENT_2026,CURRENT_2026,FASTER,faster,SAME_EVENT_ORIGIN_DUPLICATE,NONE_FOR_ACCEPTANCE,X_AUTHOR_maru_maru1359,false,REJECTED,SAME_EVENT_ORIGIN_DUPLICATE_OF_2061780501363671339,false,true,false,2061780501363671339,,RETRIEVED_BY_GROK_X_X_SEARCH,SINGLE_RETURNED_URL
GXSR190,鈴木 大地,東北楽天ゴールデンイーグルス,P065,TYPE_A_CURRENT_SAMPLE_INSTABILITY,GROK_X_SUPPLEMENT,X_TWITTER,SNS,@BFIVyOpxnt2128,,@BFIVyOpxnt2128,2061780501363671339,https://x.com/BFIVyOpxnt2128/status/2061780501363671339,https://x.com/BFIVyOpxnt2128/status/2061780501363671339,2026-06-02 12:02:32 GMT,2026-06-02,TIMESTAMP_RETURNED_BY_GROK_X,2026-08-10T12:39:47.864Z,"X（Twitter）の実在する投稿だけを検索してください。
対象選手は日本プロ野球の「鈴木 大地」です。投稿本文に「鈴木 大地」または明確に同選手を指す表記を実際に含むものだけにしてください。
検索観点: 「俊足」など、身体的running abilityを指す直接評価。
優先期間は2026年、次に2025年、次に2024年です。
採用候補は、野球で一歩目から約90ftまで走る純粋な身体的running ability（足の速さ、直線速度、加速、全力疾走、以前より足が落ちた等）への直接言及だけです。
盗塁、盗塁数、走塁判断、スタート技術、内野安打、三塁打、守備範囲、バント後の一塁到達、ゲーム査定だけの投稿は返さないでください。
各結果は、実在するx.com/status URL、@handle、投稿本文の必要最小限の原文、投稿日時を必ず付けてください。条件を満たす投稿がなければ「Nothing found」とだけ答えてください。推測・要約・無関係な投稿は返さないでください。","[""speedster""]","[""GXQ128""]",data/manual/speed_2026_grok_x_search_receipts_20260810.json,鈴木（大地）は俊足という怪実況を聞いてしまった,鈴木（大地）は俊足という怪実況を聞いてしまった,2026年の投稿は、鈴木を俊足とした実況を不自然なものとして扱う。,2026年の投稿は、鈴木を俊足とした実況を不自然なものとして扱う。,CURRENT_2026,CURRENT_2026,SLOWER,slower,LIVE_BROADCAST_SPEED_CLAIM_CORRECTION,MODERATE,X_EVENT_20260602_SUZUKI_BROADCAST_SPEED_CALL,true,ACCEPTED,,true,false,false,,,RETRIEVED_BY_GROK_X_X_SEARCH,SINGLE_RETURNED_URL
GXSR191,鈴木 大地,東北楽天ゴールデンイーグルス,P065,TYPE_A_CURRENT_SAMPLE_INSTABILITY,GROK_X_SUPPLEMENT,X_TWITTER,REJECTED_CANDIDATE,@NWGN1971,,@NWGN1971,2061781203922059668,https://x.com/NWGN1971/status/2061781203922059668,https://x.com/NWGN1971/status/2061781203922059668,2026-06-02 12:05:19 GMT,2026-06-02,TIMESTAMP_RETURNED_BY_GROK_X,2026-08-10T12:39:47.864Z,"X（Twitter）の実在する投稿だけを検索してください。
対象選手は日本プロ野球の「鈴木 大地」です。投稿本文に「鈴木 大地」または明確に同選手を指す表記を実際に含むものだけにしてください。
検索観点: 「俊足」など、身体的running abilityを指す直接評価。
優先期間は2026年、次に2025年、次に2024年です。
採用候補は、野球で一歩目から約90ftまで走る純粋な身体的running ability（足の速さ、直線速度、加速、全力疾走、以前より足が落ちた等）への直接言及だけです。
盗塁、盗塁数、走塁判断、スタート技術、内野安打、三塁打、守備範囲、バント後の一塁到達、ゲーム査定だけの投稿は返さないでください。
各結果は、実在するx.com/status URL、@handle、投稿本文の必要最小限の原文、投稿日時を必ず付けてください。条件を満たす投稿がなければ「Nothing found」とだけ答えてください。推測・要約・無関係な投稿は返さないでください。","[""speedster""]","[""GXQ128""]",data/manual/speed_2026_grok_x_search_receipts_20260810.json,でも実況の人が俊足の鈴木大地！！って言ったから,でも実況の人が俊足の鈴木大地！！って言ったから,,,CURRENT_2026,CURRENT_2026,FASTER,faster,SAME_EVENT_ORIGIN_DUPLICATE,NONE_FOR_ACCEPTANCE,X_AUTHOR_NWGN1971,false,REJECTED,SAME_EVENT_ORIGIN_DUPLICATE_OF_2061780501363671339,false,true,false,2061780501363671339,,RETRIEVED_BY_GROK_X_X_SEARCH,SINGLE_RETURNED_URL
